source,target,transition_count,state_distance,methods,category
0,1,115,1.0666666666666664,MAT;QMIX;VDN,baseline
0,22,133,1.0666666666666664,ETG-only;MAPPO;QMIX;QTRAN;RMAPPO;Synergy;VDN,cross_shared
0,33,143,1.0822916666666664,MAPPO;MAT;QMIX;QTRAN;RMAPPO;Synergy;VDN,cross_shared
0,219,1,1.0979166666666667,QMIX,baseline
0,312,276,1.1135416666666664,ETG-only;MAPPO;QTRAN;RMAPPO;Synergy,cross_shared
0,323,124,1.0666666666666664,ETG-only;MAPPO;QTRAN;RMAPPO;Synergy;VDN,cross_shared
0,664,8,1.0666666666666667,ETG-only,calp
249,33,33,1.9135416666666667,,baseline
249,42,45,1.1916666666666669,,baseline
249,307,23,1.3406250000000002,QTRAN;RMAPPO,baseline
249,312,205,2.735638753578746,ETG-only;MAPPO;QTRAN;RMAPPO;Synergy,cross_shared
249,105,55,1.5760416666666668,,baseline
249,323,82,2.6979166666666665,ETG-only;MAPPO;QTRAN;RMAPPO;Synergy,cross_shared
249,26,76,1.5916666666666668,,baseline
249,22,45,2.6979166666666665,,baseline
249,23,17,2.9645833333333336,,baseline
249,138,5,1.6625,,baseline
249,53,3,1.2312500000000002,,baseline
249,543,37,1.5413600286299705,MAPPO;RMAPPO,baseline
249,36,21,1.5135416666666668,,baseline
249,550,1,2.9710554202454134,MAPPO,baseline
249,565,2,2.9645833333333336,MAPPO,baseline
249,69,4,1.6533470869120797,,baseline
249,24,1,3.4979166666666672,,baseline
249,613,45,0.9645833333333336,ETG-only;RMAPPO;Synergy,cross_shared
249,618,1,3.0023054202454134,RMAPPO,baseline
249,619,23,1.268221275051224,RMAPPO,baseline
249,634,3,1.3802083333333335,RMAPPO,baseline
249,649,13,0.8525962750512242,ETG-only;Synergy,calp
249,662,34,1.0080266952966372,ETG-only;Synergy,calp
249,664,7,1.63125,ETG-only,calp
249,657,3,2.0590683619633037,ETG-only,calp
249,643,2,1.5916666666666668,ETG-only,calp
249,676,8,1.725,ETG-only,calp
249,697,3,0.7257350286299703,ETG-only,calp
249,701,3,0.9250000000000002,ETG-only;Synergy,calp
249,704,4,0.8229166666666669,ETG-only;Synergy,calp
249,712,3,0.9645833333333335,ETG-only;Synergy,calp
249,732,1,1.0427083333333336,ETG-only,calp
249,733,3,1.725,ETG-only;Synergy,calp
249,734,3,1.5760416666666668,ETG-only,calp
249,755,1,1.725,ETG-only,calp
249,763,1,0.8293887535787463,Synergy,calp
249,745,10,1.2590683619633039,Synergy,calp
249,725,2,0.925,Synergy,calp
249,771,1,1.0427083333333336,Synergy,calp
249,797,1,1.4895833333333335,Synergy,calp
312,319,2,1.1264858404908262,QTRAN,baseline
312,351,6,0.6280910693059268,QTRAN,baseline
312,565,2,0.5802083333333337,MAPPO,baseline
312,618,1,0.5645833333333334,RMAPPO,baseline
312,649,22,2.046875,ETG-only,calp
312,697,2,1.8979166666666667,ETG-only,calp
312,662,33,2.2023054202454135,Synergy,calp
312,745,2,2.4312500000000004,Synergy,calp
312,737,1,2.3356387535787464,Synergy,calp
15,14,12,3.0666666666666664,,baseline
15,16,4,0.8937500000000002,QMIX,baseline
15,139,9,3.0979166666666664,MAPPO;QMIX,baseline
15,120,1,0.9703046083845572,QMIX,baseline
15,157,1,0.7992491881391444,QMIX,baseline
15,178,12,3.22209708691208,QMIX;RMAPPO,baseline
15,5,1,1.221346275051224,,baseline
15,119,1,3.064805420245413,QMIX,baseline
15,223,10,0.89375,MAT;QMIX,baseline
15,145,6,0.9066941738241593,QMIX,baseline
15,42,24,3.1108608404908256,ETG-only;MAPPO;QMIX,cross_shared
15,140,1,1.2304991881391445,QMIX,baseline
15,538,27,1.2213462750512238,MAPPO,baseline
15,544,22,1.6046108404908257,MAPPO;MAT;RMAPPO,baseline
15,328,63,1.4880129417178907,MAPPO;RMAPPO,baseline
15,36,13,2.1489583333333333,ETG-only;MAPPO;Synergy,cross_shared
15,548,13,1.3314720869120795,MAPPO;Synergy,cross_shared
15,543,24,2.137944173824159,ETG-only;MAPPO;RMAPPO,cross_shared
15,551,7,1.5981387535787461,MAPPO,baseline
15,366,19,3.0427083333333336,MAPPO;RMAPPO,baseline
15,333,35,1.3859296083845574,ETG-only;MAPPO,cross_shared
15,26,59,2.9554304202454125,ETG-only;MAPPO;RMAPPO;Synergy,cross_shared
15,483,2,1.8208681705329917,MAPPO,baseline
15,571,1,2.3108608404908257,MAT,baseline
15,590,1,1.3554304202454128,MAT,baseline
15,613,31,3.222097086912079,RMAPPO,baseline
15,166,14,1.3250000000000002,RMAPPO,baseline
15,81,3,0.5554304202454128,ETG-only;RMAPPO,cross_shared
15,389,13,3.6137637535787466,RMAPPO,baseline
15,621,14,1.4095970869120795,RMAPPO,baseline
15,626,1,1.4252220869120795,RMAPPO,baseline
15,627,13,1.434375,ETG-only;RMAPPO,cross_shared
15,628,7,1.4252220869120795,RMAPPO,baseline
15,617,4,1.3482075214724774,RMAPPO,baseline
15,619,6,2.9314720869120796,RMAPPO,baseline
15,652,2,1.621346275051224,ETG-only,calp
15,665,1,0.6887637535787463,ETG-only,calp
15,654,2,1.4343750000000002,ETG-only,calp
15,675,5,0.9554304202454129,ETG-only,calp
15,680,5,1.1101100286299703,ETG-only,calp
15,657,3,3.473958333333333,ETG-only,calp
15,653,1,0.9767766952966369,ETG-only,calp
15,681,1,1.3703046083845574,ETG-only,calp
15,700,3,1.3924016952966367,ETG-only,calp
15,682,2,1.51011002862997,ETG-only,calp
15,670,1,1.776776695296637,ETG-only,calp
15,718,2,1.0712775071574927,ETG-only,calp
15,723,1,2.2887637535787464,ETG-only,calp
15,715,4,0.8220970869120797,ETG-only;Synergy,calp
15,727,2,0.9546796083845572,ETG-only,calp
15,644,1,1.01875,ETG-only,calp
15,731,1,0.6880129417178906,ETG-only,calp
15,705,1,0.8854166666666665,ETG-only,calp
15,734,1,3.237722086912079,ETG-only,calp
15,558,2,1.4739583333333335,ETG-only;Synergy,calp
15,684,1,0.8220970869120796,Synergy,calp
15,774,1,1.526485840490826,Synergy,calp
15,713,4,2.2887637535787464,Synergy,calp
15,583,2,0.8441941738241593,Synergy,calp
15,784,1,1.1981387535787464,Synergy,calp
15,769,1,1.5200137535787464,Synergy,calp
15,795,1,0.6887637535787462,Synergy,calp
15,711,2,2.0590683619633037,Synergy,calp
15,804,1,3.222097086912079,Synergy,calp
15,809,1,0.9158470869120796,Synergy,calp
26,25,4,1.0666666666666667,,baseline
26,27,8,0.8312499999999998,QMIX,baseline
26,24,3,1.9999999999999998,,baseline
26,52,3,3.5999999999999996,QMIX,baseline
26,54,2,1.2937499999999997,QMIX,baseline
26,164,1,1.0666666666666667,QMIX,baseline
26,53,3,0.6270833333333332,QMIX,baseline
26,36,8,0.909375,MAPPO;QMIX,baseline
26,225,1,1.0887637535787462,QMIX,baseline
26,320,2,1.8979166666666667,QTRAN,baseline
26,178,1,0.7999999999999999,QTRAN,baseline
26,105,12,0.9482075214724777,QTRAN,baseline
26,352,2,2.3447916666666666,QTRAN,baseline
26,327,2,0.8937499999999998,QTRAN,baseline
26,366,20,0.6427083333333332,MAPPO;QTRAN;RMAPPO,baseline
26,551,6,2.148207521472478,MAPPO,baseline
26,613,1,0.6270833333333332,RMAPPO,baseline
26,81,5,2.933333333333333,RMAPPO,baseline
26,307,1,0.5710554202454128,RMAPPO,baseline
26,649,12,1.449180420245413,ETG-only,calp
26,653,13,2.4220970869120793,ETG-only,calp
26,662,59,1.093374594069572,ETG-only;Synergy,calp
26,689,6,2.533333333333333,ETG-only,calp
26,697,4,1.6072916666666668,ETG-only,calp
26,704,3,1.497165854805811,ETG-only,calp
26,705,1,2.925,ETG-only,calp
26,644,2,3.5916666666666663,ETG-only,calp
26,737,1,1.4933745940695722,ETG-only,calp
26,706,1,3.5916666666666663,ETG-only,calp
26,745,9,1.6072916666666666,Synergy,calp
26,762,38,2.940625,Synergy,calp
26,193,7,3.234938562148434,Synergy,calp
26,652,3,2.8441941738241594,Synergy,calp
26,790,1,0.9093749999999999,Synergy,calp
33,34,27,1.066666666666667,MAT;QMIX,baseline
33,52,6,1.082291666666667,QMIX,baseline
33,69,23,0.5802083333333334,MAPPO;MAT;QMIX;RMAPPO,baseline
33,12,7,0.8156250000000002,,baseline
33,174,1,0.7135416666666669,QMIX,baseline
33,94,4,0.9489583333333336,MAT;QMIX;VDN,baseline
33,242,2,1.1043887535787464,QMIX;VDN,baseline
33,138,7,1.3489583333333335,MAPPO;MAT;QMIX;QTRAN,baseline
33,397,11,0.8156250000000003,VDN,baseline
33,439,1,0.5489583333333334,VDN,baseline
33,449,6,1.0979166666666669,VDN,baseline
33,155,3,1.3489583333333337,VDN,baseline
33,1,2,0.815625,,baseline
33,184,1,1.0979166666666669,MAT,baseline
33,13,3,1.3489583333333335,,baseline
33,634,3,0.8,RMAPPO,baseline
33,662,4,2.9931525071574927,Synergy,calp
33,697,1,2.6979166666666665,Synergy,calp
323,402,18,1.3489583333333337,VDN,baseline
323,257,11,0.5645833333333333,,baseline
323,104,2,1.0822916666666669,,baseline
323,550,1,0.5489583333333337,MAPPO,baseline
323,649,4,3.088763753578746,ETG-only;Synergy,calp
323,740,1,0.9333333333333333,ETG-only,calp
323,704,2,2.03125,ETG-only;Synergy,calp
323,662,3,3.266291260736239,Synergy,calp
22,23,23,0.5333333333333334,MAPPO;QMIX;QTRAN;RMAPPO;VDN,baseline
22,24,14,1.066666666666667,MAPPO;QMIX,baseline
22,84,13,1.110860840490826,QMIX;VDN,baseline
22,1,8,0.5333333333333332,,baseline
22,13,3,1.355430420245413,,baseline
22,239,1,1.0887637535787467,QMIX,baseline
22,411,6,0.5333333333333334,VDN,baseline
22,2,3,1.3333333333333337,,baseline
22,428,9,0.5489583333333334,VDN,baseline
22,436,6,0.5333333333333334,VDN,baseline
22,402,3,1.3489583333333337,MAT;VDN,baseline
22,94,2,1.4666666666666672,VDN,baseline
22,319,1,1.3645833333333337,VDN,baseline
22,465,1,1.1329579274029058,MAT,baseline
22,649,2,2.8220970869120796,ETG-only,calp
22,704,2,3.0979166666666664,ETG-only,calp
22,732,1,2.8156250000000003,ETG-only,calp
22,697,1,2.7135416666666665,ETG-only,calp
22,662,5,2.4662912607362393,Synergy,calp
105,95,3,1.4822916666666666,,baseline
105,37,3,0.9249999999999999,,baseline
105,42,3,1.081540854805811,,baseline
105,165,1,1.3249999999999997,QMIX,baseline
105,155,1,2.8377220869120796,QMIX,baseline
105,96,11,0.8156249999999999,,baseline
105,138,3,3.380208333333333,QMIX,baseline
105,175,9,0.9470970869120796,MAT;QMIX;QTRAN;VDN,baseline
105,53,3,0.6427083333333334,,baseline
105,210,1,1.2,QMIX,baseline
105,212,1,2.548958333333333,QMIX,baseline
105,118,1,2.164583333333333,QMIX,baseline
105,35,1,2.83125,,baseline
105,43,1,1.3482075214724774,,baseline
105,139,1,1.6072916666666663,QMIX,baseline
105,24,1,3.615625,,baseline
105,307,13,0.6971658548058111,QMIX;QTRAN,baseline
105,313,38,1.2229166666666667,QTRAN,baseline
105,324,10,0.9489583333333335,QTRAN,baseline
105,327,9,1.1760416666666667,QTRAN,baseline
105,178,1,1.7482075214724777,QTRAN,baseline
105,338,1,1.4427083333333335,QTRAN,baseline
105,225,7,1.2369712750512238,QTRAN,baseline
105,311,2,1.0427083333333336,QTRAN,baseline
105,594,2,2.8377220869120796,MAT,baseline
105,27,2,1.2148741881391445,,baseline
105,595,1,1.497165854805811,MAT,baseline
105,34,1,3.0979166666666664,,baseline
105,574,1,2.846875,MAT,baseline
105,70,1,1.6137637535787464,,baseline
1,2,9,1.066666666666667,QMIX,baseline
1,12,11,0.8220970869120797,QMIX,baseline
1,23,7,1.0666666666666667,QMIX,baseline
1,94,14,0.9333333333333338,MAT;QMIX,baseline
1,13,9,1.355430420245413,MAT;QMIX,baseline
1,184,28,0.5489583333333334,MAT;QMIX,baseline
1,41,12,1.355430420245413,MAT;QMIX,baseline
1,257,1,0.5645833333333335,QMIX,baseline
1,34,1,1.3489583333333337,QMIX,baseline
1,480,4,1.066666666666667,MAT;VDN,baseline
1,242,2,1.62209708691208,VDN,baseline
1,449,1,1.348958333333334,VDN,baseline
1,411,2,0.8,MAT,baseline
1,588,1,0.8377220869120797,MAT,baseline
1,84,3,1.3775275071574926,MAT,baseline
1,402,2,1.082291666666667,MAT,baseline
42,41,13,1.5999999999999999,,baseline
42,43,5,1.0666666666666664,MAT;QMIX,baseline
42,138,11,3.5200137535787466,MAT;QMIX,baseline
42,139,13,1.213763753578746,MAPPO;MAT;QMIX,baseline
42,217,1,1.1981387535787462,QMIX,baseline
42,152,1,1.6220970869120794,QMIX,baseline
42,81,13,3.088763753578746,MAPPO,baseline
42,36,3,1.3314720869120795,,baseline
42,292,8,1.3866804202454128,MAT,baseline
42,175,9,1.359938562148434,MAT,baseline
42,578,3,3.088763753578746,MAT,baseline
42,147,1,1.9043887535787463,MAT,baseline
42,63,1,1.6434433619633033,MAT,baseline
552,328,19,2.1802083333333333,,baseline
552,553,14,0.6666666666666667,MAPPO,baseline
552,333,35,2.859819173824159,,baseline
552,567,24,0.8293887535787463,ETG-only;MAPPO;Synergy,cross_shared
552,362,1,1.9457994026392602,,baseline
552,620,17,0.7135416666666667,RMAPPO,baseline
552,625,4,1.3802083333333333,RMAPPO,baseline
552,650,2,1.096055420245413,ETG-only,calp
552,654,7,2.3916666666666666,ETG-only,calp
552,656,11,0.9802083333333335,ETG-only;Synergy,calp
552,682,4,1.9135416666666667,ETG-only,calp
552,73,10,1.9291666666666667,,baseline
552,695,1,3.135638753578746,ETG-only,calp
552,696,7,0.9802083333333335,ETG-only;Synergy,calp
552,711,23,3.2625,ETG-only;Synergy,calp
552,670,1,2.1802083333333333,ETG-only,calp
552,652,2,3.1135416666666664,ETG-only,calp
552,689,3,2.580208333333333,Synergy,calp
552,337,18,1.0739583333333333,,baseline
552,779,1,1.635860840490826,Synergy,calp
552,794,1,3.120013753578746,Synergy,calp
552,631,1,0.8267079274029054,Synergy,calp
552,778,4,2.8625,Synergy,calp
662,649,7,0.710860840490826,,baseline
662,745,3,0.8689720869120795,Synergy,calp
662,712,2,0.8655404488753833,Synergy,calp
662,657,11,1.6689720869120794,,baseline
662,764,3,1.9025275071574925,Synergy,calp
662,36,4,1.12573502862997,,baseline
662,713,1,1.53220711554205,Synergy,calp
662,734,2,1.8869025071574925,Synergy,calp
662,783,1,1.0666666666666664,Synergy,calp
662,704,1,0.8137637535787463,Synergy,calp
662,786,1,1.9421108404908258,Synergy,calp
662,802,1,1.088763753578746,Synergy,calp
662,725,1,1.2267079274029058,Synergy,calp
328,327,1,2.1333333333333337,,baseline
328,89,2,0.9775275071574926,,baseline
328,88,1,1.7775275071574925,,baseline
328,339,36,2.6666666666666665,MAPPO;RMAPPO,baseline
328,362,3,0.5958333333333332,MAPPO,baseline
328,625,4,0.7999999999999998,RMAPPO,baseline
328,642,1,1.3638325214724778,RMAPPO,baseline
339,335,1,3.0666666666666664,,baseline
339,337,20,0.6666666666666667,,baseline
339,336,1,1.2,,baseline
339,318,1,1.2937500000000002,,baseline
339,379,1,2.548958333333333,QTRAN,baseline
339,545,23,1.0933745940695723,MAPPO,baseline
339,333,8,2.03125,,baseline
339,362,2,2.995833333333333,MAPPO,baseline
339,553,2,1.0739583333333333,MAPPO,baseline
339,568,2,3.1916666666666664,MAPPO,baseline
339,616,13,1.0739583333333333,RMAPPO,baseline
339,390,1,1.7958333333333334,RMAPPO,baseline
339,628,6,3.0822916666666664,RMAPPO,baseline
339,636,1,3.082291666666667,RMAPPO,baseline
339,639,1,0.9158470869120796,RMAPPO,baseline
339,642,1,1.7645833333333332,RMAPPO,baseline
47,31,11,0.8109802288151009,,baseline
47,32,23,2.4800485254002758,,baseline
47,74,1,1.3158470869120795,QMIX,baseline
47,143,5,0.6979166666666667,QMIX,baseline
47,144,15,2.1645833333333333,MAT;QMIX,baseline
47,11,5,2.9866804202454125,,baseline
47,68,1,0.9627220869120796,QMIX,baseline
47,211,1,3.8583333333333334,QTRAN,baseline
47,381,1,2.509375,QTRAN,baseline
47,371,1,3.325,QTRAN,baseline
47,228,1,2.8377220869120796,QTRAN,baseline
47,9,8,1.2468749999999997,,baseline
47,19,4,1.2385416666666667,,baseline
47,20,2,2.0072916666666667,,baseline
47,93,3,2.4689720869120793,VDN,baseline
47,21,3,4.03125,,baseline
47,415,2,2.5794575214724773,VDN,baseline
47,10,3,0.9866804202454127,,baseline
47,427,6,2.4109802288151005,VDN,baseline
47,401,1,3.2229166666666664,VDN,baseline
47,50,1,4.05981917382416,VDN,baseline
47,469,1,3.6109802288151003,VDN,baseline
47,112,4,2.125,MAT;VDN,baseline
47,522,1,2.576776695296637,VDN,baseline
47,432,1,2.0590683619633032,VDN,baseline
47,142,14,3.364583333333333,MAPPO,baseline
47,560,8,2.4156250000000004,MAPPO,baseline
47,554,6,2.717230228815101,MAPPO,baseline
47,570,12,1.7489583333333334,MAT,baseline
47,213,2,1.520013753578746,MAT,baseline
47,46,1,2.015625,,baseline
47,79,1,2.205993982393847,MAT,baseline
47,612,1,2.548958333333333,MAT,baseline
10,9,19,0.5489583333333333,,baseline
10,11,51,2.0,MAT;QMIX;VDN,baseline
10,40,4,1.7489583333333334,MAT;QMIX;VDN,baseline
10,79,3,2.05334708691208,QMIX;VDN,baseline
10,68,2,0.7981387535787463,QMIX,baseline
10,122,1,3.23125,QMIX,baseline
10,159,2,2.4046108404908257,QMIX,baseline
10,213,21,0.5333333333333333,MAT;QMIX,baseline
10,233,1,0.7160772551067974,QMIX,baseline
10,267,2,1.8869025071574925,QMIX;VDN,baseline
10,19,3,1.0915068587336094,MAT;QMIX;VDN,baseline
10,93,7,2.5931525071574923,VDN,baseline
10,425,1,0.9721838255912043,VDN,baseline
10,432,3,1.6847513124360127,MAT;VDN,baseline
10,20,2,2.11584708691208,VDN,baseline
10,21,4,3.8822916666666667,MAT;VDN,baseline
10,32,3,2.9032117386791247,VDN,baseline
10,31,3,1.2109802288151008,VDN,baseline
10,496,1,2.1767766952966365,VDN,baseline
10,529,1,1.2480034053457916,VDN,baseline
10,112,3,2.2776468954817677,MAT,baseline
10,540,6,2.6822916666666665,MAT,baseline
10,8,2,1.646875,,baseline
10,172,5,2.5931525071574923,MAT,baseline
10,151,1,3.711298525400276,MAT,baseline
337,336,1,1.6,,baseline
337,330,2,1.4427083333333333,,baseline
337,317,2,1.63125,,baseline
337,334,1,1.4979166666666668,,baseline
337,345,1,0.5838968954817676,QTRAN,baseline
337,390,1,1.9291666666666665,QTRAN,baseline
337,346,3,2.1333333333333333,ETG-only;RMAPPO,cross_shared
337,546,10,1.7379441738241592,RMAPPO,baseline
337,629,3,0.909375,ETG-only;RMAPPO,cross_shared
337,547,2,3.510860840490826,RMAPPO;Synergy,cross_shared
337,549,3,2.9325825214724777,RMAPPO,baseline
337,637,1,0.8,RMAPPO,baseline
337,639,1,1.049180420245413,RMAPPO,baseline
337,661,2,1.325,ETG-only,calp
337,655,7,2.580208333333333,ETG-only;Synergy,calp
337,660,5,1.4822916666666668,ETG-only;Synergy,calp
337,728,1,1.340625,ETG-only,calp
337,736,1,2.1645833333333333,ETG-only,calp
337,754,1,0.8662912607362389,ETG-only,calp
337,703,1,2.2822916666666666,ETG-only,calp
337,567,11,0.8441941738241592,Synergy,calp
337,651,27,2.555430420245413,Synergy,calp
337,683,1,1.1604166666666667,Synergy,calp
337,656,3,0.9158470869120796,Synergy,calp
337,690,2,1.8666666666666667,Synergy,calp
337,694,1,3.465915854805811,Synergy,calp
337,696,1,1.1604166666666667,Synergy,calp
337,554,2,3.7802083333333334,Synergy,calp
337,631,2,1.646875,Synergy,calp
337,796,1,2.548958333333333,Synergy,calp
547,317,19,2.3200137535787464,,baseline
547,546,36,2.1333333333333333,,baseline
547,545,1,3.2,,baseline
547,561,1,3.644194173824159,MAPPO,baseline
547,229,1,3.355430420245413,,baseline
547,79,1,4.43125,,baseline
547,549,20,2.475444173824159,MAPPO;RMAPPO,baseline
547,553,1,3.513541666666667,MAPPO,baseline
547,620,1,3.5108608404908255,RMAPPO,baseline
547,616,2,4.580208333333333,RMAPPO,baseline
547,629,1,3.5043887535787466,RMAPPO,baseline
547,703,4,2.7043887535787463,ETG-only;Synergy,calp
547,690,2,2.577527507157493,Synergy,calp
9,8,6,1.0979166666666667,,baseline
9,7,2,1.63125,,baseline
9,11,8,2.1489583333333333,MAT;QMIX;VDN,baseline
9,91,2,1.8712775071574925,QMIX,baseline
9,79,5,1.7903689823938471,MAT;QMIX;VDN,baseline
9,31,6,0.9535691738241592,QMIX;VDN,baseline
9,300,1,3.0666666666666664,QMIX,baseline
9,68,1,1.049180420245413,QMIX,baseline
9,401,6,1.7286885621484342,VDN,baseline
9,93,19,2.4726606490605136,VDN,baseline
9,267,7,1.3470970869120795,VDN,baseline
9,21,3,3.7489583333333334,VDN,baseline
9,415,3,2.183146083620912,VDN,baseline
9,101,1,2.153569173824159,VDN,baseline
9,255,1,3.63772208691208,VDN,baseline
9,425,2,0.6985910086855438,VDN,baseline
9,432,3,1.9477294169542452,VDN,baseline
9,32,6,3.0500854576302014,VDN,baseline
9,448,1,0.7153264432459419,VDN,baseline
9,427,2,2.0072916666666667,VDN,baseline
9,67,4,2.1158470869120793,VDN,baseline
9,228,1,3.755430420245413,VDN,baseline
9,501,1,1.8583333333333334,VDN,baseline
9,508,1,0.8369712750512239,VDN,baseline
9,20,3,2.3825137535787464,VDN,baseline
9,112,1,2.0072916666666663,VDN,baseline
9,522,1,1.9036379417178906,VDN,baseline
9,150,1,2.1995218954817677,MAT,baseline
9,213,1,0.5489583333333333,MAT,baseline
36,35,2,1.2,,baseline
36,37,9,0.7999999999999999,QMIX,baseline
36,24,2,3.0822916666666664,,baseline
36,80,4,0.9093749999999998,QMIX,baseline
36,53,5,0.5489583333333334,QMIX,baseline
36,54,4,0.9489583333333332,QMIX,baseline
36,34,10,1.9999999999999998,,baseline
36,198,1,2.03772208691208,QMIX,baseline
36,96,1,1.4427083333333335,QMIX,baseline
36,239,2,2.548958333333333,QMIX,baseline
36,277,1,0.5489583333333332,QMIX,baseline
36,551,1,1.3249999999999997,MAPPO,baseline
36,575,5,1.0979166666666667,MAT,baseline
36,13,4,2.2822916666666666,,baseline
36,63,2,1.4648054202454128,MAT,baseline
36,14,6,1.7489583333333334,,baseline
36,544,8,1.9257350286299704,MAT,baseline
36,582,1,1.3710554202454126,MAT,baseline
36,81,3,2.1489583333333333,ETG-only,calp
36,725,3,1.309375,Synergy,calp
36,684,4,2.6822916666666665,Synergy,calp
36,701,1,1.0427083333333331,Synergy,calp
333,178,1,2.2979166666666666,,baseline
333,315,1,1.2590683619633034,,baseline
333,367,1,1.6624999999999999,QTRAN,baseline
333,368,1,0.8818135621484342,QTRAN,baseline
333,88,1,2.1866804202454126,,baseline
333,89,1,1.3866804202454128,,baseline
333,389,1,2.564583333333333,QTRAN,baseline
333,390,1,0.9638325214724777,QTRAN,baseline
333,391,1,1.7645833333333334,QTRAN,baseline
333,392,1,1.0979166666666667,QTRAN,baseline
333,568,2,0.6804304202454128,MAPPO,baseline
333,652,2,0.8533470869120796,ETG-only,calp
333,680,4,0.5645833333333334,ETG-only,calp
333,654,2,0.7348879417178906,ETG-only,calp
333,693,2,3.23125,ETG-only,calp
333,700,2,1.1135416666666669,ETG-only,calp
333,81,1,1.630499188139144,,baseline
333,718,1,0.925,ETG-only,calp
546,545,18,1.0666666666666667,,baseline
546,317,8,0.9470970869120796,,baseline
546,563,7,2.5314720869120793,MAPPO,baseline
546,542,2,2.6087775071574923,,baseline
546,229,1,1.7554304202454125,,baseline
546,616,11,2.4468749999999995,RMAPPO,baseline
546,144,1,3.297438562148434,,baseline
546,661,1,2.4304991881391445,ETG-only,calp
546,703,1,1.0648054202454131,ETG-only,calp
32,31,8,2.1958333333333333,,baseline
32,68,1,2.6721825445422818,QMIX,baseline
32,19,3,2.557360434560398,,baseline
32,117,6,2.5480021242968682,QMIX;QTRAN,baseline
32,269,1,3.544791666666667,QMIX,baseline
32,286,1,2.2425630955976237,QMIX,baseline
32,298,1,2.495297179899887,QMIX,baseline
32,229,2,2.4055158778756147,QMIX;VDN,baseline
32,318,2,4.485502124296868,QTRAN,baseline
32,317,16,3.4596264978692433,QTRAN,baseline
32,344,2,3.429006858733609,QTRAN,baseline
32,92,1,2.8153109334786333,QTRAN,baseline
32,316,2,4.459626497869243,QTRAN,baseline
32,330,1,3.0583333333333336,QTRAN,baseline
32,228,1,4.440932544542282,QTRAN,baseline
20,19,3,1.3333333333333333,,baseline
20,21,38,2.1489583333333333,MAT;QMIX;QTRAN;VDN,baseline
20,51,8,1.3802083333333333,MAT;QMIX;VDN,baseline
20,123,1,3.4764939217734643,QMIX,baseline
20,146,1,0.7160772551067975,QMIX,baseline
20,59,4,0.8410772551067976,QMIX,baseline
20,208,1,0.8098272551067975,QMIX,baseline
20,68,1,2.1645833333333333,QMIX,baseline
20,31,1,1.7682718954817676,QTRAN,baseline
20,58,11,1.9077439217734644,QTRAN,baseline
20,275,3,0.9581735254002758,QTRAN,baseline
20,334,1,4.282291666666667,QTRAN,baseline
20,230,13,2.878125,QTRAN,baseline
20,317,1,2.144313562148434,QTRAN,baseline
20,290,1,2.590368982393847,QTRAN,baseline
20,316,2,3.2109802288151004,QTRAN,baseline
20,276,2,2.9106681645359096,QTRAN;VDN,baseline
20,229,1,2.1645833333333333,VDN,baseline
20,256,2,0.8746933619633036,VDN,baseline
20,148,2,1.7489583333333334,VDN,baseline
20,202,1,3.0583333333333336,VDN,baseline
20,60,1,1.725,VDN,baseline
20,150,4,0.8697916666666667,VDN,baseline
20,102,2,1.6267079274029055,VDN,baseline
20,101,1,3.6174523157271805,VDN,baseline
20,529,1,2.7192629417178904,VDN,baseline
20,151,2,3.1052083333333336,MAT,baseline
20,485,1,5.464805420245414,MAT,baseline
20,591,1,2.2887637535787464,MAT,baseline
20,213,2,2.649180420245413,MAT,baseline
11,19,3,2.731090192066943,MAT;QMIX,baseline
11,74,3,2.604841008685544,MAT;QMIX,baseline
11,213,3,2.2666666666666666,MAT;QMIX,baseline
11,68,1,2.571055420245413,QMIX,baseline
11,31,1,2.717230228815101,QMIX,baseline
11,540,1,4.282291666666667,MAT,baseline
11,79,1,3.65334708691208,MAT,baseline
11,40,1,3.482291666666667,MAT,baseline
613,178,11,1.427083333333333,,baseline
613,619,4,1.3703046083845571,RMAPPO,baseline
613,543,3,0.8655404488753831,,baseline
613,643,1,1.69375,ETG-only,calp
613,657,1,2.179457521472478,ETG-only,calp
613,804,1,0.7999999999999999,Synergy,calp
315,314,26,1.8666666666666665,,baseline
315,211,35,1.0151468954817677,,baseline
315,334,2,0.8590683619633036,QTRAN,baseline
315,342,12,2.3356387535787464,QTRAN,baseline
315,359,1,0.5802083333333334,QTRAN,baseline
315,89,2,0.9794575214724774,,baseline
315,387,2,1.3794575214724774,QTRAN,baseline
315,393,1,1.6966877502875781,QTRAN,baseline
317,316,1,1.0666666666666667,,baseline
317,230,2,4.605295072012458,,baseline
317,211,11,2.599521895481767,,baseline
317,330,5,0.909375,MAPPO;QTRAN,baseline
317,318,1,1.1916666666666667,QTRAN,baseline
317,345,1,1.646875,QTRAN,baseline
317,329,1,4.266666666666667,QTRAN,baseline
317,549,9,1.9378775934849355,MAPPO,baseline
317,553,5,2.2270833333333333,MAPPO,baseline
317,554,7,2.548958333333333,MAPPO,baseline
317,545,1,2.2804304202454126,MAPPO,baseline
317,542,7,2.7386284053457914,MAPPO,baseline
317,541,3,1.0045442601516026,MAPPO,baseline
317,79,3,2.9794575214724777,,baseline
317,540,1,3.6304991881391437,MAPPO,baseline
317,656,2,2.525,Synergy,calp
543,544,17,0.7999999999999999,MAPPO;RMAPPO,baseline
543,649,1,1.2441941738241593,ETG-only,calp
21,74,1,3.364583333333333,QMIX,baseline
21,59,3,2.732855228815101,QMIX,baseline
21,19,2,3.215625,,baseline
21,150,8,2.627083333333333,QMIX;VDN,baseline
21,287,1,3.317230228815101,QMIX,baseline
21,149,1,3.3291666666666666,QMIX,baseline
21,275,1,2.5827439217734645,QTRAN,baseline
21,58,2,3.732855228815101,QTRAN,baseline
21,256,1,2.3328552288151005,VDN,baseline
21,229,1,3.9043887535787465,VDN,baseline
313,314,28,0.9333333333333333,QTRAN,baseline
313,335,2,1.2468750000000002,QTRAN,baseline
313,327,6,0.846875,QTRAN,baseline
313,338,1,0.5802083333333333,QTRAN,baseline
313,389,1,0.602305420245413,QTRAN,baseline
213,40,2,1.215625,,baseline
213,168,1,1.9916666666666667,,baseline
213,159,1,1.8712775071574925,,baseline
213,18,7,2.9500867386791247,,baseline
213,68,1,0.7981387535787461,,baseline
213,161,1,2.9489583333333336,,baseline
213,74,8,0.6985910086855438,,baseline
213,19,1,0.8248401920669425,,baseline
213,325,3,2.8349385621484338,QTRAN,baseline
213,67,1,2.1314720869120793,,baseline
213,144,3,2.8818135621484338,,baseline
213,270,1,2.4468750000000004,MAT,baseline
213,540,12,2.1489583333333333,MAT,baseline
213,172,13,2.3264858404908257,,baseline
213,79,2,1.786680420245413,,baseline
213,576,2,1.5916666666666666,MAT,baseline
213,112,16,2.2776468954817677,,baseline
213,435,1,4.140625,MAT,baseline
213,125,1,2.815625,,baseline
81,80,1,1.3333333333333333,,baseline
81,16,1,0.9119105884401311,,baseline
81,558,20,1.2072916666666669,ETG-only;MAPPO,cross_shared
81,139,2,3.6312499999999996,MAPPO,baseline
81,617,7,0.8148741881391444,RMAPPO,baseline
81,676,9,2.2666666666666666,ETG-only,calp
81,630,2,1.3794575214724778,ETG-only,calp
81,684,6,0.8,ETG-only,calp
81,720,1,0.6666666666666667,ETG-only,calp
81,675,1,1.2,ETG-only,calp
81,734,2,3.2156249999999997,ETG-only,calp
81,733,1,2.2666666666666666,ETG-only,calp
81,750,2,0.6666666666666667,ETG-only,calp
651,650,3,2.5996245940695726,,baseline
651,73,17,2.4661885621484343,,baseline
651,663,1,2.8689720869120796,ETG-only,calp
651,567,1,2.466291260736239,,baseline
651,683,2,2.4220970869120797,ETG-only;Synergy,calp
651,696,6,2.2887637535787464,Synergy,calp
651,656,3,2.9333333333333336,Synergy,calp
5,4,2,3.066666666666667,,baseline
5,6,5,0.8937499999999999,MAT;QMIX;VDN,baseline
5,64,2,1.5016052288151007,QMIX,baseline
5,126,2,0.7806525071574925,QMIX,baseline
5,7,1,2.09375,QMIX,baseline
5,119,1,2.1489583333333337,QMIX,baseline
5,195,4,0.8043268178527081,MAT;QMIX,baseline
5,240,1,0.6880129417178905,QMIX,baseline
5,45,2,1.0971658548058107,MAT;QMIX,baseline
5,63,2,1.8887637535787463,MAT;QMIX,baseline
5,292,3,2.1652576753522106,MAT;QMIX;VDN,baseline
5,139,3,2.2979166666666666,MAT;QMIX,baseline
5,140,1,0.83125,QMIX,baseline
5,416,4,4.42209708691208,VDN,baseline
5,408,4,1.2304991881391443,VDN,baseline
5,406,1,2.7760416666666665,VDN,baseline
5,295,1,0.8,VDN,baseline
5,366,1,3.309375,VDN,baseline
5,418,1,1.9030991505885653,VDN,baseline
5,27,2,3.591666666666667,VDN,baseline
5,437,2,1.1962775071574927,VDN,baseline
5,444,1,1.4564720869120795,VDN,baseline
5,413,1,5.066666666666666,VDN,baseline
5,99,1,1.199249188139144,VDN,baseline
5,309,1,1.7249999999999999,VDN,baseline
5,96,1,2.666666666666667,VDN,baseline
5,49,1,1.2434433619633034,VDN,baseline
5,157,1,1.2220970869120797,VDN,baseline
5,469,1,2.0487023157271804,VDN,baseline
5,486,2,2.8,VDN,baseline
5,121,1,1.2156250000000002,VDN,baseline
5,48,1,2.9710554202454134,VDN,baseline
5,145,1,1.283846275051224,VDN,baseline
5,130,1,3.7645833333333334,VDN,baseline
5,175,2,2.446875,MAT,baseline
5,555,3,1.1135416666666667,MAT,baseline
5,78,1,2.0726606490605137,MAT,baseline
5,544,4,2.4267079274029055,MAT,baseline
5,16,2,1.0444931099126087,MAT,baseline
5,82,1,1.3794575214724774,MAT,baseline
5,584,2,1.4880129417178904,MAT,baseline
5,582,2,3.22209708691208,MAT,baseline
5,583,2,0.6880129417178906,MAT,baseline
5,600,1,3.082291666666667,MAT,baseline
5,141,1,1.3489583333333333,MAT,baseline
5,505,1,4.133333333333334,MAT,baseline
549,79,8,1.9485829274029056,,baseline
549,554,2,2.1995218954817677,MAPPO,baseline
549,553,3,2.658333333333333,MAPPO,baseline
549,545,1,3.2267079274029054,,baseline
549,620,16,2.627083333333333,RMAPPO,baseline
549,623,2,2.132582521472478,RMAPPO,baseline
549,350,2,2.43125,,baseline
549,656,1,3.182513753578746,Synergy,calp
549,690,1,1.6434433619633033,Synergy,calp
314,370,1,0.9802083333333331,QTRAN,baseline
314,396,1,0.5995218954817674,QTRAN,baseline
762,670,1,1.6461241881391444,,baseline
762,657,9,1.8979166666666667,,baseline
762,658,1,0.8156249999999999,,baseline
762,768,8,0.5333333333333333,Synergy,calp
762,654,2,1.0979166666666664,,baseline
762,776,1,1.8895833333333334,Synergy,calp
762,778,18,0.9950825214724778,Synergy,calp
762,653,3,0.8461241881391441,,baseline
762,193,1,1.1713968954817675,,baseline
762,682,1,1.3794575214724778,,baseline
762,767,4,1.3489583333333333,Synergy,calp
762,652,2,1.246124188139144,,baseline
762,711,4,1.6617491881391444,,baseline
762,791,2,0.7348879417178904,Synergy,calp
762,783,1,3.0023054202454125,Synergy,calp
762,700,1,0.9950825214724774,,baseline
762,802,1,2.980208333333333,Synergy,calp
538,539,18,1.6,MAPPO,baseline
538,555,4,0.5802083333333334,MAPPO;MAT,baseline
538,562,5,2.1489583333333333,ETG-only;MAPPO,cross_shared
538,483,5,0.8910691738241591,,baseline
538,139,1,2.03125,,baseline
538,175,1,2.446875,,baseline
538,715,2,1.1992491881391443,ETG-only,calp
538,716,1,2.0,ETG-only,calp
538,667,1,2.533333333333333,ETG-only,calp
538,731,1,0.7999999999999999,ETG-only,calp
544,192,8,3.786680420245413,,baseline
544,223,10,2.1652576753522106,,baseline
544,14,4,3.510860840490826,,baseline
544,157,1,2.2712775071574924,,baseline
544,118,1,3.948582927402905,,baseline
544,571,1,3.2,MAT,baseline
544,582,1,2.71011002862997,MAT,baseline
544,581,1,1.635860840490826,MAT,baseline
13,12,8,0.5333333333333334,,baseline
13,14,13,0.7999999999999999,MAT;QMIX,baseline
13,184,24,0.8377220869120797,MAT;QMIX,baseline
13,185,1,0.8377220869120795,QMIX,baseline
13,147,4,1.0822916666666667,MAT;QMIX,baseline
13,198,4,0.8441941738241591,MAT;QMIX,baseline
13,192,17,1.0979166666666664,MAT;QMIX,baseline
13,574,4,1.364583333333333,MAT,baseline
14,192,3,0.5645833333333332,MAT;QMIX,baseline
14,119,1,3.104388753578746,QMIX,baseline
14,34,15,1.0822916666666664,MAT,baseline
14,571,2,1.1108608404908256,MAT,baseline
14,63,2,3.1108608404908256,MAT,baseline
14,590,1,1.7554304202454127,MAT,baseline
14,575,1,2.03772208691208,MAT,baseline
540,539,10,0.6666666666666667,,baseline
540,541,17,1.3333333333333333,MAPPO,baseline
540,556,1,0.5802083333333334,MAPPO,baseline
540,557,2,2.3135416666666666,MAPPO;MAT,baseline
540,562,4,1.2156249999999997,MAPPO;MAT,baseline
540,142,5,0.5682718954817674,,baseline
540,542,1,3.0666666666666664,MAPPO,baseline
540,563,1,0.5489583333333332,MAPPO,baseline
540,270,8,1.1291666666666664,,baseline
540,196,5,0.9489583333333332,,baseline
540,141,1,2.015625,,baseline
540,18,2,1.3744105884401308,,baseline
540,74,1,2.2648054202454126,,baseline
540,158,1,2.9554304202454125,,baseline
540,300,1,1.7489583333333334,,baseline
540,305,1,1.6312499999999999,,baseline
540,299,1,2.2979166666666666,,baseline
540,209,1,2.8533470869120796,,baseline
540,7,1,1.9604166666666667,,baseline
96,95,4,2.0,,baseline
96,97,3,0.9333333333333336,QMIX;VDN,baseline
96,37,1,0.909375,,baseline
96,106,1,1.2156250000000002,QMIX,baseline
96,54,4,1.0270833333333333,,baseline
96,110,1,1.465915854805811,QMIX,baseline
96,236,1,0.6815408548058111,QMIX,baseline
96,284,1,0.5489583333333334,QMIX,baseline
96,340,2,1.4666666666666668,QTRAN;VDN,baseline
96,324,1,0.9333333333333333,QTRAN,baseline
96,28,4,1.3638325214724778,,baseline
96,364,3,0.6822916666666667,QTRAN;VDN,baseline
96,383,2,0.9489583333333333,QTRAN,baseline
96,410,3,2.1333333333333333,VDN,baseline
96,282,1,1.2,VDN,baseline
96,421,3,2.933333333333333,VDN,baseline
96,343,1,1.6461241881391444,VDN,baseline
96,176,2,1.3443135621484343,VDN,baseline
96,429,2,3.0822916666666664,VDN,baseline
96,434,1,2.288763753578746,VDN,baseline
96,492,2,2.164583333333333,VDN,baseline
96,493,2,0.8468749999999998,VDN,baseline
96,497,1,2.8349385621484338,VDN,baseline
96,308,2,1.897165854805811,VDN,baseline
96,254,1,1.7775275071574925,VDN,baseline
96,157,1,2.2887637535787464,VDN,baseline
96,27,2,0.9638325214724777,,baseline
96,481,2,3.1999999999999997,VDN,baseline
96,517,2,3.215625,VDN,baseline
96,466,2,1.9322071155420502,VDN,baseline
96,489,1,2.4,VDN,baseline
96,423,1,1.604610840490826,VDN,baseline
96,406,1,1.709375,VDN,baseline
649,657,4,1.2689720869120797,ETG-only,calp
649,697,1,0.7356387535787464,ETG-only,calp
649,664,1,3.355430420245413,ETG-only,calp
649,712,1,1.221346275051224,ETG-only,calp
649,737,1,0.5775275071574926,ETG-only,calp
649,764,3,1.4804304202454128,Synergy,calp
660,659,4,1.8666666666666667,,baseline
660,661,11,0.940625,ETG-only;Synergy,calp
660,658,1,2.046875,,baseline
660,663,1,1.2312500000000002,ETG-only,calp
660,702,1,2.9802083333333336,ETG-only,calp
660,670,3,2.704388753578746,ETG-only;Synergy,calp
660,656,14,0.7981387535787463,,baseline
660,654,1,2.03125,,baseline
660,650,1,1.281916260736239,,baseline
660,767,10,1.7802083333333334,Synergy,calp
660,689,2,2.548958333333333,Synergy,calp
660,711,12,2.1775275071574924,Synergy,calp
660,567,6,1.2377220869120797,,baseline
660,628,4,2.8220970869120796,,baseline
660,785,1,0.5554304202454128,Synergy,calp
660,703,1,2.6979166666666665,Synergy,calp
660,696,1,1.3093750000000002,Synergy,calp
660,793,1,1.526485840490826,Synergy,calp
660,642,2,1.5135416666666668,,baseline
58,57,2,2.2666666666666666,,baseline
58,59,2,1.0666666666666667,QMIX;QTRAN,baseline
58,303,1,2.9010416666666665,QMIX,baseline
58,262,1,1.215625,QMIX,baseline
58,39,1,3.5992491881391446,,baseline
58,260,1,4.43772208691208,QTRAN,baseline
58,275,8,2.3135416666666666,QTRAN,baseline
58,228,3,3.8659158548058112,QTRAN,baseline
58,230,4,4.429618921773464,QTRAN,baseline
58,211,12,4.014874188139144,QTRAN,baseline
58,355,1,4.760416666666666,QTRAN,baseline
58,60,2,2.2666666666666666,QTRAN,baseline
58,358,2,2.822916666666667,QTRAN,baseline
58,290,1,3.03772208691208,QTRAN,baseline
58,341,1,5.097916666666666,QTRAN,baseline
58,371,1,4.320833333333333,QTRAN,baseline
58,316,2,2.8341877502875783,QTRAN,baseline
58,376,1,4.069791666666667,QTRAN,baseline
58,325,2,3.7249999999999996,QTRAN,baseline
58,289,1,1.4252220869120795,QTRAN,baseline
58,334,1,4.336458333333333,QTRAN,baseline
58,276,1,4.395833333333333,QTRAN,baseline
58,188,1,3.0270833333333336,VDN,baseline
58,150,1,2.1802083333333333,VDN,baseline
144,159,1,3.4059939823938468,QMIX,baseline
144,570,1,3.246875,MAT,baseline
144,31,1,2.4533470869120793,,baseline
144,298,17,2.415625,RMAPPO,baseline
144,269,3,3.7802083333333334,RMAPPO,baseline
144,638,1,4.846875,RMAPPO,baseline
144,615,2,4.713541666666666,RMAPPO,baseline
144,751,2,2.446875,ETG-only,calp
622,621,14,1.7333333333333334,,baseline
622,623,25,0.6666666666666667,RMAPPO,baseline
622,627,10,2.846875,RMAPPO,baseline
622,635,1,2.8,RMAPPO,baseline
554,330,2,2.43125,,baseline
554,690,14,2.3135416666666666,ETG-only;Synergy,calp
554,692,5,2.446875,ETG-only,calp
554,656,2,3.9135416666666667,ETG-only;Synergy,calp
554,73,1,4.446875,,baseline
554,749,2,3.5328552288151007,ETG-only,calp
554,650,1,3.7802083333333334,ETG-only,calp
554,694,1,3.266188562148434,Synergy,calp
554,696,1,3.7802083333333334,Synergy,calp
54,53,1,0.9333333333333332,,baseline
54,55,3,0.9333333333333333,QMIX,baseline
54,115,1,1.1916666666666664,QMIX,baseline
54,35,1,2.1489583333333333,,baseline
54,70,1,0.5710554202454128,QMIX,baseline
54,71,4,1.2377220869120797,QMIX;VDN,baseline
54,48,2,0.7043887535787462,,baseline
54,417,3,3.23125,VDN,baseline
54,403,1,3.0822916666666664,VDN,baseline
54,406,4,1.881540854805811,VDN,baseline
54,442,1,2.4220970869120793,VDN,baseline
54,343,4,1.740625,VDN,baseline
54,446,2,3.3333333333333335,VDN,baseline
54,421,2,2.8,VDN,baseline
54,97,3,1.4270833333333335,VDN,baseline
54,28,4,1.4583333333333335,,baseline
54,95,2,3.2,VDN,baseline
54,429,1,3.215625,VDN,baseline
54,499,1,1.6,VDN,baseline
54,38,1,1.6156250000000003,,baseline
54,416,2,3.4887637535787466,VDN,baseline
54,176,1,1.6505635621484342,VDN,baseline
54,410,1,2.0,VDN,baseline
54,486,1,1.3333333333333335,VDN,baseline
54,308,1,1.9916666666666667,VDN,baseline
54,464,1,2.1333333333333333,VDN,baseline
54,434,1,3.22209708691208,VDN,baseline
211,177,1,1.146576443245942,,baseline
211,51,1,3.958555420245413,,baseline
211,247,1,1.526485840490826,QMIX,baseline
211,248,1,2.3043887535787464,QMIX,baseline
211,99,1,1.6377220869120797,,baseline
211,31,1,4.0109802288151,,baseline
211,316,9,1.5328552288151007,QTRAN,baseline
211,318,4,1.5043887535787461,QTRAN,baseline
211,346,1,3.171055420245413,QTRAN,baseline
211,359,1,0.7043887535787462,QTRAN,baseline
211,370,1,2.1710554202454126,QTRAN,baseline
211,372,1,1.6598191738241592,QTRAN,baseline
211,275,1,4.649180420245413,QTRAN,baseline
211,334,1,1.2654377502875784,QTRAN,baseline
175,176,1,0.9489583333333336,QMIX,baseline
175,37,1,0.5958333333333332,,baseline
175,43,3,0.8266052288151007,,baseline
175,214,5,1.7599385621484342,MAT;QMIX,baseline
175,258,1,0.5995218954817674,QMIX,baseline
175,3,1,2.446875,,baseline
175,63,1,0.6739583333333332,,baseline
175,4,1,2.046875,,baseline
175,282,1,1.3406250000000002,QMIX,baseline
175,152,1,3.1135416666666664,,baseline
175,294,1,2.580208333333333,QMIX,baseline
175,131,1,1.668221275051224,,baseline
175,331,6,1.1291666666666669,QTRAN,baseline
175,307,2,1.4997439823938472,QTRAN,baseline
175,64,1,1.3470970869120795,,baseline
175,292,3,0.8606387535787461,MAT,baseline
175,583,1,2.4661885621484343,MAT,baseline
175,217,1,0.7291666666666667,MAT,baseline
175,555,1,3.0059939823938473,MAT,baseline
175,139,3,1.2661885621484341,,baseline
175,578,1,2.1802083333333333,MAT,baseline
558,559,16,1.7333333333333334,ETG-only;MAPPO;Synergy,cross_shared
558,45,2,0.8385416666666667,,baseline
558,684,2,1.2072916666666667,ETG-only;Synergy,calp
558,685,1,0.8072916666666666,ETG-only,calp
558,677,2,2.1802083333333333,ETG-only,calp
558,675,1,1.0739583333333336,ETG-only,calp
558,630,1,1.6267079274029057,ETG-only,calp
558,735,4,1.7802083333333334,ETG-only,calp
558,627,1,1.0270833333333333,ETG-only,calp
558,705,1,1.5760416666666668,ETG-only,calp
558,798,1,2.0137637535787465,Synergy,calp
31,30,1,2.43125,,baseline
31,46,3,1.9916666666666667,QMIX,baseline
31,112,4,1.3958333333333335,QMIX,baseline
31,177,1,3.6480034053457917,QMIX,baseline
31,59,1,1.740625,QMIX,baseline
31,109,1,2.4046108404908257,QMIX,baseline
31,19,2,0.761963846566554,,baseline
31,286,1,0.7348879417178906,QMIX,baseline
31,143,2,0.680430420245413,QMIX,baseline
31,18,1,1.8114583333333334,,baseline
31,288,1,3.13932731572718,QMIX,baseline
31,322,1,4.227083333333333,QTRAN,baseline
31,90,2,3.0023054202454134,QTRAN,baseline
31,92,1,0.8871326753522106,QTRAN,baseline
31,330,1,0.8624999999999998,QTRAN,baseline
31,438,1,2.7172302288151005,VDN,baseline
31,267,2,2.195082521472478,VDN,baseline
31,495,2,2.3792882425454494,VDN,baseline
31,510,1,3.340625,VDN,baseline
31,427,1,1.8052431705329912,VDN,baseline
31,91,1,1.8023054202454127,VDN,baseline
31,67,1,1.8152495940695723,VDN,baseline
31,432,1,2.4514858404908257,VDN,baseline
31,215,1,2.0330773157271804,MAT,baseline
19,18,5,1.3333333333333333,,baseline
19,67,3,1.8979166666666667,QMIX,baseline
19,68,1,0.5645833333333332,QMIX,baseline
19,73,2,2.4818135621484343,QMIX,baseline
19,74,3,0.7629522551067975,QMIX,baseline
19,114,1,3.234938562148434,QMIX,baseline
19,125,2,3.516077255106798,QMIX,baseline
19,66,1,2.933333333333333,QMIX,baseline
19,146,1,2.3108608404908257,QMIX,baseline
19,162,2,0.7114324839218984,QMIX,baseline
19,113,3,2.782059866778143,QMIX,baseline
19,253,1,2.83125,QMIX,baseline
19,241,1,4.168271895481768,QMIX,baseline
19,59,1,1.8895833333333334,QMIX,baseline
19,79,1,2.2491804202454126,QMIX,baseline
19,298,1,0.7208333333333333,QMIX,baseline
19,91,1,2.4220970869120797,VDN,baseline
19,415,1,2.030293790963535,VDN,baseline
19,267,2,2.3385765038663244,VDN,baseline
19,427,1,2.163832521472478,VDN,baseline
19,188,1,3.944791666666667,VDN,baseline
19,40,1,2.553569173824159,MAT,baseline
19,8,1,2.11584708691208,,baseline
711,680,3,0.9489583333333332,,baseline
711,700,2,0.6666666666666667,,baseline
711,698,2,2.571055420245413,,baseline
711,778,21,0.9554304202454129,Synergy,calp
711,193,3,1.7638325214724777,,baseline
711,653,3,1.3489583333333335,,baseline
711,652,1,0.7043887535787462,,baseline
711,791,1,1.2689720869120797,Synergy,calp
711,794,1,0.9866804202454129,Synergy,calp
711,775,1,3.253347086912079,Synergy,calp
711,631,1,2.5958333333333337,,baseline
34,35,5,0.7999999999999998,QMIX,baseline
34,69,2,0.5802083333333335,MAT;QMIX,baseline
34,12,4,0.5489583333333334,,baseline
34,94,1,0.9489583333333335,QMIX,baseline
34,53,2,2.015625,QMIX,baseline
34,277,1,2.015625,QMIX,baseline
34,52,1,0.5489583333333334,QMIX,baseline
34,594,2,1.126485840490826,MAT,baseline
619,389,13,1.2468749999999997,,baseline
623,624,20,1.0666666666666667,ETG-only;RMAPPO,cross_shared
623,632,4,2.015625,RMAPPO;Synergy,cross_shared
623,633,3,0.6427083333333334,RMAPPO,baseline
623,635,1,2.4,RMAPPO,baseline
623,707,3,0.9645833333333333,ETG-only,calp
623,710,2,0.7916666666666667,ETG-only,calp
623,645,2,1.465915854805811,ETG-only,calp
623,730,1,2.564583333333333,ETG-only,calp
623,739,1,2.564583333333333,ETG-only,calp
623,646,2,1.1992491881391443,Synergy,calp
623,661,1,1.325,Synergy,calp
623,729,1,2.846875,Synergy,calp
28,27,3,0.9333333333333336,,baseline
28,29,1,1.0666666666666664,QMIX,baseline
28,87,1,2.342110840490826,QMIX,baseline
28,88,1,0.7025275071574926,QMIX,baseline
28,126,1,1.526485840490826,QMIX,baseline
28,225,7,0.9866804202454129,QMIX;QTRAN,baseline
28,226,3,0.7200137535787461,QMIX;QTRAN,baseline
28,231,1,0.5645833333333332,QMIX,baseline
28,99,4,2.925,QTRAN,baseline
28,82,2,2.948958333333333,QTRAN,baseline
28,375,1,1.7958333333333332,QTRAN,baseline
28,284,1,1.3482075214724776,QTRAN,baseline
28,377,1,1.630499188139144,QTRAN,baseline
28,383,2,1.2461241881391443,QTRAN,baseline
28,129,1,3.0979166666666664,VDN,baseline
28,309,2,2.564583333333333,VDN,baseline
28,450,1,3.1135416666666664,VDN,baseline
28,421,1,2.03125,VDN,baseline
28,474,2,0.6979166666666665,VDN,baseline
28,406,2,1.6072916666666666,VDN,baseline
28,514,2,1.3924016952966367,VDN,baseline
28,520,1,0.7549523157271804,VDN,baseline
28,108,1,2.83125,VDN,baseline
112,111,2,1.6,,baseline
112,114,1,1.8188354576302017,QMIX,baseline
112,117,2,1.6468749999999999,QMIX,baseline
112,127,1,2.046875,QMIX,baseline
112,46,3,0.9470970869120796,,baseline
112,241,1,2.7473272551067973,QMIX,baseline
112,68,1,1.7802083333333334,,baseline
112,83,1,3.0151468954817675,,baseline
112,229,1,1.5135416666666666,QMIX,baseline
112,478,1,3.0583333333333336,VDN,baseline
112,78,1,1.758785588440131,,baseline
112,67,10,0.7447916666666666,,baseline
112,427,3,1.2933080137303488,MAT,baseline
112,18,2,0.7577358404908258,,baseline
112,576,2,1.2625000000000002,MAT,baseline
112,530,1,2.764207927402906,MAT,baseline
112,72,1,2.4818135621484343,,baseline
112,572,1,2.3264858404908257,MAT,baseline
112,17,1,2.3889858404908257,,baseline
142,141,1,1.4979166666666668,,baseline
142,143,2,1.3645833333333333,QMIX,baseline
142,158,1,2.980208333333333,QMIX,baseline
142,159,2,0.8229166666666666,QMIX,baseline
142,168,1,0.6620218954817676,QMIX,baseline
142,78,1,0.896285588440131,,baseline
142,154,1,0.8689720869120797,QMIX,baseline
142,251,1,0.32001375357874645,QMIX,baseline
142,559,15,0.5838968954817676,MAPPO,baseline
142,564,1,2.06897208691208,MAPPO,baseline
142,539,5,0.7016052288151009,MAPPO,baseline
567,346,3,2.8441941738241594,,baseline
567,553,2,0.6960554202454128,,baseline
567,73,10,1.9153689823938471,,baseline
567,663,1,1.1135416666666667,ETG-only,calp
567,656,2,0.9600412607362389,Synergy,calp
567,800,1,2.7393273157271802,Synergy,calp
567,650,1,0.8441941738241593,Synergy,calp
73,72,1,1.4666666666666666,,baseline
73,171,1,3.421618982393847,QMIX,baseline
73,683,1,0.9995218954817675,ETG-only,calp
73,663,1,1.1025275071574925,ETG-only,calp
73,696,2,0.9995218954817675,ETG-only,calp
73,690,4,3.2109802288151013,ETG-only,calp
73,656,1,0.9995218954817675,ETG-only,calp
73,693,1,1.532855228815101,ETG-only,calp
78,77,1,2.7447916666666665,,baseline
78,79,12,0.6822916666666667,MAPPO;QMIX,baseline
78,196,1,1.021618982393847,QMIX,baseline
78,40,1,1.5467151920669426,,baseline
78,195,2,1.9549523157271804,QMIX,baseline
78,270,2,0.6179304202454128,MAT;QMIX,baseline
78,296,1,3.13932731572718,QMIX,baseline
78,159,1,1.353569173824159,QMIX,baseline
78,400,1,1.400650300827559,VDN,baseline
78,401,1,0.7496086341608925,VDN,baseline
78,6,1,1.560725492257871,,baseline
78,548,12,2.221618982393847,MAPPO,baseline
78,569,1,1.1200137535787462,MAPPO,baseline
78,581,2,4.215146895481768,MAT,baseline
78,427,4,1.4841189823938472,MAT,baseline
78,585,1,3.3664106490605135,MAT,baseline
78,45,1,1.9393273157271802,,baseline
192,147,3,0.5489583333333334,,baseline
192,119,1,3.1135416666666664,,baseline
192,198,2,0.8312499999999998,MAT;QMIX,baseline
192,199,1,1.0979166666666664,QMIX,baseline
192,571,1,1.120013753578746,MAT,baseline
192,531,4,1.3682718954817672,MAT,baseline
192,70,1,2.7264858404908257,,baseline
192,600,1,1.6468749999999999,MAT,baseline
37,38,3,0.9333333333333333,QMIX,baseline
37,48,1,0.5645833333333335,QMIX,baseline
37,80,1,0.909375,QMIX,baseline
37,124,2,0.9645833333333336,QMIX,baseline
37,147,2,2.533333333333333,QMIX,baseline
37,145,1,2.233555420245413,QMIX,baseline
37,3,1,2.6822916666666665,,baseline
37,63,1,0.9314720869120794,QMIX,baseline
37,194,1,0.5802083333333333,QMIX,baseline
37,71,1,1.3866804202454133,QMIX,baseline
37,240,1,2.1489583333333333,QMIX,baseline
37,119,1,1.458333333333333,QMIX,baseline
37,220,1,1.2229166666666667,QMIX,baseline
37,55,1,1.0822916666666669,QMIX,baseline
37,281,2,0.9333333333333335,QMIX,baseline
37,185,3,2.564583333333333,MAT,baseline
37,169,2,1.771055420245413,MAT,baseline
37,486,1,1.4822916666666668,MAT,baseline
93,92,1,2.1958333333333333,,baseline
93,74,1,2.34579940263926,,baseline
93,134,1,2.336543790963535,QMIX,baseline
93,432,1,4.233307483921898,VDN,baseline
223,145,3,0.5775275071574925,,baseline
223,220,1,2.198368921773464,,baseline
223,82,2,1.2956735254002756,,baseline
223,48,2,1.9641052288151006,,baseline
223,272,1,0.7785772551067974,QMIX,baseline
223,49,1,1.1473272551067975,,baseline
223,572,4,1.138174342018877,MAT,baseline
223,573,7,0.915599150588565,MAT,baseline
223,17,1,1.333333333333333,,baseline
223,157,4,0.8929991881391443,,baseline
223,592,1,0.6463968954817674,MAT,baseline
223,70,1,2.1275355884401312,,baseline
223,505,2,4.778577255106797,MAT,baseline
223,295,1,1.3111597765792755,MAT,baseline
223,423,1,3.6845970869120794,MAT,baseline
223,408,1,1.9005635621484342,MAT,baseline
223,585,2,1.4638066720610428,MAT,baseline
223,455,1,4.242708333333333,MAT,baseline
307,225,4,1.1264858404908258,,baseline
307,311,3,1.3314720869120797,QTRAN,baseline
307,164,1,1.3710554202454128,,baseline
307,53,1,0.6648054202454128,,baseline
27,110,2,1.0979166666666669,QMIX,baseline
27,225,1,0.586680420245413,QMIX,baseline
27,231,2,1.2312500000000002,QMIX,baseline
27,25,1,1.8979166666666665,,baseline
27,268,2,1.2312500000000002,QMIX,baseline
27,416,1,2.8533470869120796,VDN,baseline
27,406,1,2.007291666666667,VDN,baseline
27,86,1,2.075444173824159,VDN,baseline
27,443,1,1.6624999999999999,VDN,baseline
27,470,1,2.580208333333333,VDN,baseline
27,486,1,1.3250000000000002,VDN,baseline
27,128,1,3.0979166666666664,VDN,baseline
27,85,2,2.3421108404908257,MAT,baseline
27,585,1,2.3291666666666666,MAT,baseline
27,169,2,1.8895833333333334,MAT,baseline
27,414,1,0.7916666666666666,MAT,baseline
298,615,10,2.5470970869120793,RMAPPO,baseline
298,269,7,2.4137637535787464,,baseline
548,644,4,1.0427083333333333,ETG-only,calp
548,645,6,1.8822916666666667,ETG-only,calp
548,673,2,1.0895833333333333,ETG-only,calp
548,735,1,1.8822916666666667,Synergy,calp
570,46,8,0.8377220869120796,,baseline
570,215,3,1.104388753578746,,baseline
570,593,2,1.8822916666666667,MAT,baseline
570,687,5,0.9333333333333333,ETG-only,calp
570,688,1,2.666666666666667,ETG-only,calp
570,677,6,0.9333333333333333,ETG-only,calp
570,691,3,1.6,ETG-only,calp
570,692,2,2.665915854805811,ETG-only,calp
570,564,7,2.3108608404908257,,baseline
570,668,1,0.8,ETG-only,calp
570,735,2,1.0666666666666667,ETG-only,calp
570,569,1,0.8220970869120794,,baseline
17,16,3,0.7999999999999998,,baseline
17,18,7,1.63125,MAT;QMIX,baseline
17,65,2,0.7999999999999998,QMIX,baseline
17,66,4,0.5333333333333333,QMIX,baseline
17,71,1,2.260868921773464,QMIX,baseline
17,72,3,1.3462370875487102,MAT;QMIX,baseline
17,110,1,1.9785772551067977,QMIX,baseline
17,111,1,0.7889858404908259,QMIX,baseline
17,114,1,0.6326954208820436,QMIX,baseline
17,145,7,0.8441941738241592,MAT;QMIX,baseline
17,301,1,1.2098272551067977,QMIX,baseline
17,206,1,1.0542515971256747,QMIX,baseline
17,518,2,2.2489324839218985,VDN,baseline
17,519,1,1.4551078223000367,VDN,baseline
17,524,1,1.494666587270858,VDN,baseline
17,520,1,2.7855034053457914,VDN,baseline
17,427,2,2.9792521242968686,VDN,baseline
17,474,1,2.245243921773464,VDN,baseline
17,157,2,1.4263325214724778,MAT,baseline
17,125,1,1.1785772551067977,MAT,baseline
17,573,1,0.9155991505885652,MAT,baseline
67,66,1,1.3958333333333335,,baseline
67,18,5,0.5645833333333332,,baseline
67,222,1,2.8377220869120796,QMIX,baseline
67,65,1,1.9291666666666667,,baseline
67,39,1,3.1135416666666664,,baseline
67,513,1,3.5172302288151007,VDN,baseline
67,188,1,1.8216189823938471,VDN,baseline
67,530,1,2.344791666666667,VDN,baseline
67,533,1,2.49375,VDN,baseline
67,535,1,1.1641052288151006,VDN,baseline
67,522,1,1.7406249999999999,VDN,baseline
67,572,7,1.6441941738241592,MAT,baseline
67,46,1,0.8514858404908261,,baseline
67,195,1,3.151263753578746,MAT,baseline
67,576,2,0.8689720869120794,MAT,baseline
67,592,1,2.2179304202454126,MAT,baseline
67,157,1,3.1916666666666664,MAT,baseline
67,584,1,3.244194173824159,MAT,baseline
67,583,1,2.9775275071574923,MAT,baseline
67,555,1,2.838541666666667,MAT,baseline
67,573,1,2.2023054202454126,MAT,baseline
67,71,1,3.5577358404908255,MAT,baseline
67,153,1,4.43772208691208,MAT,baseline
67,7,1,1.111680420245413,,baseline
225,231,1,0.9554304202454129,QMIX,baseline
225,343,8,0.9802083333333333,QTRAN,baseline
225,53,3,1.4491804202454128,,baseline
402,403,8,0.6666666666666665,VDN,baseline
402,417,7,0.8156249999999998,VDN,baseline
402,257,6,0.8156250000000004,,baseline
402,433,1,0.8377220869120796,VDN,baseline
402,442,2,1.0822916666666664,VDN,baseline
402,95,4,1.3489583333333335,,baseline
402,492,1,1.4822916666666666,VDN,baseline
402,409,1,1.0822916666666667,VDN,baseline
402,104,1,0.5645833333333335,,baseline
402,481,1,1.215625,VDN,baseline
402,411,1,1.0822916666666669,MAT,baseline
402,420,4,0.9489583333333332,MAT,baseline
559,45,2,1.9447916666666667,,baseline
559,301,1,3.1328552288151004,,baseline
559,631,1,0.7322071155420498,ETG-only,calp
559,726,5,0.9950825214724777,ETG-only;Synergy,calp
559,735,1,0.5802083333333333,ETG-only,calp
559,564,1,2.3356387535787464,ETG-only,calp
559,752,1,2.9866804202454125,ETG-only,calp
559,753,1,2.540625,ETG-only,calp
559,769,1,3.2468749999999997,Synergy,calp
559,215,1,0.5958333333333334,,baseline
559,720,2,2.980208333333333,Synergy,calp
621,706,1,1.2312500000000002,ETG-only,calp
621,707,2,2.03125,ETG-only,calp
621,644,1,1.2312500000000002,ETG-only,calp
624,350,20,2.43125,,baseline
624,633,1,1.709375,RMAPPO,baseline
624,708,1,0.6822916666666667,ETG-only,calp
653,654,10,0.8682212750512239,ETG-only;Synergy,calp
653,657,7,3.135638753578746,ETG-only;Synergy,calp
653,658,2,1.097165854805811,ETG-only,calp
653,659,2,1.236971275051224,ETG-only,calp
653,681,2,0.7043887535787463,ETG-only,calp
653,689,1,0.6887637535787463,ETG-only,calp
653,680,1,0.6666666666666667,ETG-only,calp
653,702,1,1.2304991881391443,ETG-only,calp
653,670,1,0.8,ETG-only,calp
653,626,1,1.1036379417178905,,baseline
653,652,1,0.9554304202454129,,baseline
653,801,2,3.482291666666667,Synergy,calp
653,642,2,1.3859296083845574,,baseline
653,767,1,1.097165854805811,Synergy,calp
656,650,6,0.6933745940695721,,baseline
656,683,1,0.8220970869120796,ETG-only,calp
656,553,1,0.846875,,baseline
656,663,1,0.9627220869120796,ETG-only,calp
656,746,1,0.5333333333333333,ETG-only,calp
656,696,5,0.8220970869120796,Synergy,calp
18,39,1,2.878125,QMIX,baseline
18,40,1,0.7208333333333333,QMIX,baseline
18,83,1,2.597756858733609,QMIX,baseline
18,111,1,2.0910691738241587,QMIX,baseline
18,159,1,1.2654377502875787,QMIX,baseline
18,66,1,1.6312499999999999,QMIX,baseline
18,68,1,1.8979166666666667,QMIX,baseline
18,297,1,3.151263753578746,QMIX,baseline
18,304,1,0.849410588440131,QMIX,baseline
18,332,2,2.826605228815101,QTRAN,baseline
18,74,1,2.884349150588565,QTRAN,baseline
18,326,1,2.0137637535787465,QTRAN,baseline
18,170,1,4.640027507157493,QTRAN,baseline
18,344,1,1.297438562148434,QTRAN,baseline
18,576,1,0.8962855884401308,MAT,baseline
18,79,1,1.2293887535787462,MAT,baseline
18,572,1,1.9108608404908258,MAT,baseline
18,584,1,3.2715076753522103,MAT,baseline
18,158,1,3.489583333333333,MAT,baseline
18,215,1,1.3599385621484343,MAT,baseline
23,24,6,0.5333333333333335,QMIX,baseline
23,41,5,0.8220970869120797,QMIX,baseline
23,239,1,0.5554304202454131,QMIX,baseline
23,465,1,0.8662912607362391,VDN,baseline
79,154,2,0.7356387535787463,QMIX,baseline
79,68,1,1.9953552288151009,,baseline
79,270,2,0.7577358404908259,MAT;QMIX,baseline
79,296,1,2.4871326753522105,QMIX,baseline
79,108,1,2.7742658778756146,VDN,baseline
79,484,1,1.6726606490605136,VDN,baseline
79,569,1,1.0023054202454127,MAPPO,baseline
79,408,2,2.571875,MAT,baseline
79,602,1,2.8689720869120796,MAT,baseline
79,46,1,1.5512637535787464,,baseline
79,611,1,1.833555420245413,MAT,baseline
84,85,4,0.5333333333333332,MAT;QMIX;VDN,baseline
84,411,7,0.5775275071574928,MAT;VDN,baseline
84,412,4,1.1108608404908258,VDN,baseline
84,86,2,1.0666666666666667,VDN,baseline
84,436,4,0.8441941738241594,VDN,baseline
84,25,4,1.2441941738241589,,baseline
84,429,1,1.3710554202454128,VDN,baseline
84,442,2,1.3554304202454128,VDN,baseline
84,470,1,1.3710554202454128,VDN,baseline
84,481,4,0.9775275071574925,VDN,baseline
84,461,1,1.3775275071574924,VDN,baseline
84,457,1,1.1108608404908256,VDN,baseline
84,428,1,0.5710554202454131,VDN,baseline
84,454,1,1.104388753578746,VDN,baseline
84,420,2,0.9775275071574926,MAT,baseline
84,607,1,0.5333333333333332,MAT,baseline
166,157,1,0.6583333333333333,,baseline
166,167,1,0.5333333333333332,QMIX,baseline
166,182,1,2.046875,QMIX,baseline
166,183,1,0.5802083333333332,QMIX,baseline
166,614,14,1.63125,RMAPPO,baseline
230,150,1,2.4625,,baseline
230,275,10,3.2662912607362387,QTRAN,baseline
778,193,6,0.8498127502875785,,baseline
778,652,2,0.8598191738241593,,baseline
778,793,1,1.1264858404908258,Synergy,calp
99,98,1,1.4666666666666666,,baseline
99,100,1,0.815625,QMIX,baseline
99,121,1,0.8148741881391443,QMIX,baseline
99,122,1,1.3482075214724778,QMIX,baseline
99,176,1,2.677646895481767,QMIX,baseline
99,177,2,1.1321044169542451,QMIX,baseline
99,97,1,1.9999999999999998,,baseline
99,285,1,1.7958333333333332,QMIX,baseline
99,106,5,2.2822916666666666,QTRAN,baseline
99,325,9,1.1916666666666667,QTRAN;VDN,baseline
99,349,1,0.8312499999999999,QTRAN,baseline
99,382,1,1.0979166666666667,QTRAN,baseline
99,107,1,1.8822916666666667,QTRAN,baseline
99,408,1,0.5645833333333333,VDN,baseline
99,255,2,1.52573502862997,VDN,baseline
99,295,1,0.6659158548058108,VDN,baseline
99,406,1,1.8822916666666665,VDN,baseline
99,441,1,0.9831460836209119,VDN,baseline
99,88,1,2.844194173824159,,baseline
99,435,1,0.9802083333333335,VDN,baseline
99,108,1,0.6583333333333333,VDN,baseline
99,343,1,2.940625,VDN,baseline
99,50,1,1.5650275071574926,,baseline
99,309,1,1.1916666666666664,VDN,baseline
172,74,10,2.34579940263926,,baseline
172,374,1,3.331702255106798,QTRAN,baseline
184,480,2,0.8156250000000003,MAT,baseline
184,24,1,1.0822916666666669,,baseline
184,2,2,0.8156250000000003,,baseline
541,542,16,2.0,MAPPO,baseline
139,156,2,2.03125,QMIX,baseline
139,145,1,3.703910649060514,QMIX,baseline
139,118,1,2.3135416666666666,,baseline
139,140,1,2.0,QMIX,baseline
139,254,1,1.9200137535787463,MAT,baseline
139,292,3,0.9443135621484342,MAT,baseline
139,45,2,3.2625,,baseline
139,555,1,2.2822916666666666,MAT,baseline
139,16,1,3.446396895481767,,baseline
139,195,1,2.9958333333333336,MAT,baseline
150,149,2,1.3645833333333335,,baseline
150,151,5,2.3291666666666666,MAT;QMIX,baseline
150,59,2,1.1135416666666667,,baseline
150,208,1,0.8661885621484342,QMIX,baseline
150,256,5,0.6932718954817676,QMIX;VDN,baseline
150,101,1,2.677646895481767,,baseline
150,51,1,2.0625,,baseline
150,276,1,2.9903689823938473,VDN,baseline
150,102,1,1.7728827359725936,,baseline
150,60,1,1.4822916666666666,,baseline
150,148,1,1.9604166666666667,,baseline
150,431,1,4.478125,MAT,baseline
150,435,1,4.125,MAT,baseline
327,342,13,1.0887637535787464,QTRAN,baseline
327,178,2,1.1604166666666664,,baseline
327,320,2,1.8979166666666665,,baseline
327,88,1,1.510860840490826,,baseline
327,391,1,0.5333333333333334,QTRAN,baseline
327,394,1,0.8625,QTRAN,baseline
545,561,1,0.9988737822087166,MAPPO,baseline
545,553,2,0.6023054202454129,MAPPO,baseline
545,330,1,1.6377220869120794,,baseline
545,229,2,2.822097086912079,,baseline
46,39,1,2.4533470869120793,,baseline
46,116,1,2.8689720869120796,QMIX,baseline
46,266,6,1.6819162607362388,MAT;QMIX,baseline
46,215,4,0.6087775071574925,MAT;QMIX,baseline
46,45,3,1.6689720869120794,,baseline
46,573,1,3.1108608404908256,MAT,baseline
46,589,2,2.9554304202454134,MAT,baseline
46,596,3,2.8533470869120796,MAT,baseline
46,593,1,1.1200137535787462,MAT,baseline
46,609,1,4.43772208691208,MAT,baseline
138,12,1,1.0979166666666669,,baseline
138,69,16,0.83125,,baseline
138,174,1,0.7200137535787463,QMIX,baseline
138,578,6,0.6979166666666666,MAT,baseline
342,370,1,1.088763753578746,QTRAN,baseline
343,227,6,1.3802083333333333,,baseline
343,82,1,2.2179304202454126,,baseline
343,205,1,0.7291666666666666,,baseline
343,237,2,0.8533470869120794,,baseline
343,200,1,1.0739583333333331,,baseline
343,458,1,2.3135416666666666,VDN,baseline
343,220,1,0.7512637535787462,,baseline
343,201,1,1.873958333333333,,baseline
343,308,1,0.8689720869120795,,baseline
343,456,1,2.046875,VDN,baseline
343,517,1,2.564583333333333,VDN,baseline
343,518,1,1.7958333333333332,VDN,baseline
420,2,9,0.9333333333333332,,baseline
420,421,1,1.333333333333333,VDN,baseline
420,429,3,0.6822916666666667,VDN,baseline
420,242,2,1.4887637535787461,,baseline
420,442,1,0.6887637535787461,VDN,baseline
420,25,2,1.3333333333333335,,baseline
420,86,1,0.9775275071574926,,baseline
420,481,1,0.7999999999999999,VDN,baseline
420,454,1,0.6822916666666666,VDN,baseline
420,455,3,1.7489583333333332,MAT;VDN,baseline
420,505,4,1.7333333333333332,MAT,baseline
420,417,1,0.9645833333333333,,baseline
420,414,1,3.0666666666666664,,baseline
627,635,2,0.8468749999999999,RMAPPO,baseline
627,727,1,1.1127908548058107,ETG-only,calp
627,728,1,2.0,ETG-only,calp
275,256,1,0.8266052288151007,,baseline
275,103,1,0.6776468954817676,,baseline
275,330,1,2.925,QTRAN,baseline
275,276,5,2.1802083333333333,QTRAN,baseline
275,102,3,1.6072916666666666,,baseline
275,316,2,3.7249999999999996,QTRAN,baseline
275,117,1,2.144313562148434,,baseline
275,388,1,3.6174523157271805,QTRAN,baseline
275,148,1,1.5160772551067976,,baseline
275,60,1,2.43125,,baseline
6,7,7,1.2,MAT;QMIX,baseline
6,64,1,2.078125,QMIX,baseline
6,8,3,1.7333333333333334,MAT;QMIX,baseline
6,335,1,3.7874999999999996,VDN,baseline
6,415,1,3.419963862975993,VDN,baseline
6,418,1,2.490542459752097,VDN,baseline
6,91,1,2.315471680981652,VDN,baseline
6,240,1,1.5634571155420496,VDN,baseline
6,447,1,0.9370481242275938,VDN,baseline
6,435,1,1.1633544169542451,VDN,baseline
6,110,2,3.3875,VDN,baseline
6,427,1,3.15495231572718,VDN,baseline
6,532,3,4.258333333333333,MAT,baseline
6,270,2,1.4979166666666668,MAT,baseline
6,579,3,2.613993921773464,MAT,baseline
6,268,1,4.054166666666667,MAT,baseline
350,117,2,2.4505635621484343,,baseline
539,555,2,1.646875,MAPPO,baseline
539,556,1,0.7135416666666667,MAPPO,baseline
539,562,3,0.5489583333333332,MAPPO,baseline
539,563,1,1.2156249999999997,MAPPO,baseline
2,3,5,0.6666666666666665,QMIX,baseline
2,62,2,0.6887637535787462,QMIX,baseline
2,75,3,0.8156249999999998,QMIX,baseline
2,94,2,0.6666666666666667,MAT;QMIX,baseline
2,147,1,1.0822916666666664,QMIX,baseline
2,219,1,1.0979166666666669,QMIX,baseline
2,428,6,1.0822916666666669,VDN,baseline
2,429,1,1.3489583333333335,VDN,baseline
2,86,1,1.9108608404908258,VDN,baseline
2,599,1,0.8156249999999998,MAT,baseline
16,48,1,1.6974385621484342,QMIX,baseline
16,49,2,0.6139939217734641,QMIX,baseline
16,65,1,0.5333333333333332,QMIX,baseline
16,82,1,0.7623401920669425,QMIX,baseline
16,145,3,0.31086084049082596,QMIX,baseline
16,124,1,1.5629522551067976,QMIX,baseline
16,252,2,0.7604166666666665,MAT;QMIX,baseline
16,505,1,4.511910588440131,MAT,baseline
16,484,3,1.8401817326814256,MAT,baseline
16,414,2,3.2723272551067977,MAT,baseline
16,296,1,1.8444931099126087,MAT,baseline
16,603,1,1.2734802288151006,MAT,baseline
16,606,1,2.911910588440131,MAT,baseline
16,408,1,1.6338968954817672,MAT,baseline
59,60,2,1.2,QMIX,baseline
59,137,2,1.6441941738241592,QMIX,baseline
59,190,1,0.6427083333333332,QMIX,baseline
59,51,1,1.7983689217734642,,baseline
59,208,2,1.3775275071574922,QMIX,baseline
59,248,1,2.525,QMIX,baseline
59,280,1,3.8979166666666667,QMIX,baseline
59,289,1,2.3981387535787464,QMIX,baseline
59,290,2,2.03772208691208,QMIX;QTRAN,baseline
59,74,2,1.7314720869120794,QTRAN,baseline
59,276,3,3.395833333333333,QTRAN,baseline
59,360,1,3.8666666666666667,QTRAN,baseline
69,52,1,0.5645833333333335,,baseline
106,107,5,0.9333333333333332,QMIX;QTRAN,baseline
106,87,1,3.1264858404908256,,baseline
106,163,1,1.3314720869120793,QMIX,baseline
106,324,9,1.3489583333333335,QTRAN,baseline
106,377,1,0.6822916666666665,QTRAN,baseline
106,284,1,0.6666666666666667,QTRAN,baseline
409,155,6,1.0887637535787462,,baseline
409,410,6,1.1999999999999997,VDN,baseline
409,397,2,1.0666666666666667,,baseline
409,398,1,0.6666666666666665,,baseline
409,440,2,1.23125,VDN,baseline
409,449,5,0.8156249999999999,VDN,baseline
409,254,1,1.6441941738241592,,baseline
409,173,1,0.6822916666666667,,baseline
409,464,1,0.5333333333333334,VDN,baseline
409,434,1,0.8220970869120794,VDN,baseline
409,442,1,0.5554304202454129,VDN,baseline
562,563,10,0.6666666666666667,ETG-only;MAPPO,cross_shared
562,483,5,1.9484802288151009,,baseline
562,555,1,2.1866804202454126,,baseline
562,270,1,0.7135416666666666,,baseline
562,196,1,1.0979166666666664,,baseline
654,670,1,1.4015546083845574,ETG-only,calp
654,689,2,1.2461241881391445,ETG-only,calp
654,659,1,0.6979166666666667,ETG-only,calp
654,642,1,1.0822916666666667,,baseline
654,767,3,0.846875,Synergy,calp
45,44,1,1.3489583333333333,,baseline
45,39,1,1.1135416666666664,,baseline
45,221,1,0.6822916666666665,QMIX,baseline
45,222,1,0.815625,QMIX,baseline
45,241,1,0.8791327359725934,QMIX,baseline
45,292,3,2.475444173824159,MAT,baseline
45,63,1,2.680430420245413,MAT,baseline
45,76,1,3.517230228815101,MAT,baseline
45,70,1,3.802305420245413,MAT,baseline
45,266,4,0.6179304202454128,MAT,baseline
45,589,1,1.6689720869120794,MAT,baseline
45,795,1,1.0979166666666667,Synergy,calp
45,215,1,2.457035649060513,Synergy,calp
74,109,1,2.9443135621484338,QMIX,baseline
74,113,2,2.3484802288151005,QMIX,baseline
74,271,1,2.526547179899887,QMIX,baseline
74,57,2,2.9314720869120796,,baseline
74,326,2,2.684118982393847,QTRAN,baseline
74,348,1,4.2059939823938475,QTRAN,baseline
94,95,1,1.1999999999999997,QMIX,baseline
94,104,3,0.6822916666666666,QMIX,baseline
94,12,1,0.6887637535787464,,baseline
94,118,1,1.0822916666666667,QMIX,baseline
94,155,7,0.6887637535787462,MAT;QMIX,baseline
94,212,1,0.9333333333333333,QMIX,baseline
94,35,1,1.7489583333333334,,baseline
94,449,1,0.6822916666666669,VDN,baseline
94,242,3,0.955430420245413,VDN,baseline
366,178,1,0.6427083333333332,,baseline
366,86,1,2.03772208691208,,baseline
366,414,1,0.9489583333333332,VDN,baseline
366,87,1,1.904388753578746,,baseline
614,615,12,0.6666666666666667,RMAPPO,baseline
614,168,2,0.5645833333333334,,baseline
614,670,1,3.7158470869120794,ETG-only,calp
614,671,1,1.4880129417178904,ETG-only,calp
657,745,2,0.8,ETG-only;Synergy,calp
657,652,1,2.735638753578746,,baseline
657,801,2,1.2754441738241593,Synergy,calp
657,737,1,1.2689720869120793,Synergy,calp
24,25,6,0.9333333333333331,QMIX,baseline
24,53,8,3.0666666666666664,MAT;QMIX,baseline
145,160,1,0.5958333333333333,QMIX,baseline
145,193,1,0.602305420245413,QMIX,baseline
145,65,2,0.31086084049082596,,baseline
145,158,1,1.7059433619633033,QMIX,baseline
145,224,1,0.9866804202454129,QMIX,baseline
145,119,1,3.6487023157271805,,baseline
145,524,1,1.18844115563337,VDN,baseline
269,215,1,0.9848191738241593,,baseline
269,427,1,1.0429652574450712,MAT,baseline
269,586,2,2.3135416666666666,MAT;RMAPPO,baseline
269,310,4,2.599624594069572,RMAPPO,baseline
269,631,4,1.2459187909635352,RMAPPO,baseline
269,640,3,0.8459187909635351,RMAPPO,baseline
406,405,2,1.0666666666666667,,baseline
406,407,3,0.6822916666666665,VDN,baseline
406,108,2,2.8072916666666665,,baseline
406,440,1,2.9802083333333336,VDN,baseline
406,240,1,3.0648054202454125,,baseline
406,455,1,3.0666666666666664,VDN,baseline
406,308,1,0.8072916666666666,,baseline
406,444,1,2.595833333333333,VDN,baseline
406,410,1,3.482291666666667,VDN,baseline
406,282,1,1.3093749999999997,,baseline
406,295,1,2.7760416666666665,,baseline
406,526,1,2.815625,VDN,baseline
406,527,1,0.6427083333333332,VDN,baseline
406,446,1,2.1489583333333337,VDN,baseline
406,408,1,1.8822916666666665,VDN,baseline
406,426,1,0.9859296083845572,VDN,baseline
406,404,1,2.1333333333333333,,baseline
406,537,1,0.680430420245413,VDN,baseline
615,168,2,0.6979166666666666,,baseline
615,638,2,0.5333333333333333,RMAPPO,baseline
696,694,3,3.4270833333333335,,baseline
696,698,4,0.5645833333333334,ETG-only;Synergy,calp
696,699,3,1.4822916666666666,ETG-only;Synergy,calp
696,650,1,0.7154716809816517,,baseline
696,796,1,2.548958333333333,Synergy,calp
696,775,1,1.2598191738241593,Synergy,calp
53,52,2,1.7333333333333332,,baseline
53,164,1,1.4270833333333333,QTRAN,baseline
178,25,1,1.8666666666666667,,baseline
178,181,1,3.8822916666666667,QMIX,baseline
178,182,1,0.6427083333333332,QMIX,baseline
178,321,1,0.9664106490605139,QTRAN,baseline
178,361,1,1.2229166666666669,QTRAN,baseline
178,367,1,0.7916666666666667,QTRAN,baseline
178,88,1,1.604610840490826,,baseline
408,407,1,1.2,,baseline
408,188,3,0.820235840490826,,baseline
408,435,2,0.9802083333333331,MAT;VDN,baseline
408,462,1,1.1847525934849357,VDN,baseline
408,466,1,2.680430420245413,VDN,baseline
408,238,1,1.4252220869120797,,baseline
408,486,2,2.125,VDN,baseline
408,108,3,0.9562499999999999,,baseline
408,176,1,2.9755635621484338,,baseline
408,322,1,1.0390287589731224,,baseline
408,121,1,1.3794575214724776,,baseline
408,415,1,1.9760416666666667,VDN,baseline
408,535,1,1.7813367386791248,VDN,baseline
408,295,2,1.230499188139144,,baseline
408,596,2,1.4427083333333333,MAT,baseline
408,585,1,1.3689101511860415,MAT,baseline
553,318,3,1.2461241881391445,,baseline
553,330,4,1.3489583333333335,,baseline
553,672,1,2.580208333333333,ETG-only,calp
616,671,1,0.5802083333333334,ETG-only,calp
616,672,1,2.580208333333333,ETG-only,calp
677,630,3,3.4739583333333335,,baseline
677,678,1,1.2937500000000002,ETG-only,calp
677,675,3,2.2666666666666666,,baseline
677,668,4,0.9333333333333333,,baseline
677,685,5,2.0,ETG-only,calp
677,687,4,0.8000000000000002,ETG-only,calp
677,583,6,2.1554304202454126,,baseline
677,766,4,1.2000000000000002,Synergy,calp
684,685,7,0.6666666666666666,ETG-only,calp
684,676,1,2.2666666666666666,,baseline
684,733,1,1.7333333333333334,ETG-only,calp
684,769,2,0.7200137535787462,Synergy,calp
684,734,3,2.948958333333333,Synergy,calp
684,720,3,0.9333333333333335,Synergy,calp
684,774,1,0.7264858404908259,Synergy,calp
684,797,1,3.0979166666666664,Synergy,calp
41,75,3,0.8377220869120795,QMIX,baseline
41,152,1,1.088763753578746,QMIX,baseline
41,588,1,0.5931525071574927,MAT,baseline
41,147,1,0.8377220869120795,MAT,baseline
43,44,2,1.0822916666666669,QMIX,baseline
43,152,2,1.888763753578746,QMIX,baseline
43,153,3,1.371055420245413,QMIX,baseline
43,75,1,2.1710554202454126,QMIX,baseline
43,63,2,0.8434433619633034,MAT;QMIX,baseline
43,292,2,0.5866804202454128,MAT;QMIX,baseline
43,589,5,1.126485840490826,MAT,baseline
51,50,1,2.682291666666667,,baseline
51,102,2,0.9112023157271805,QMIX;VDN,baseline
51,287,1,0.7172302288151009,QMIX,baseline
51,431,2,3.790368982393847,VDN,baseline
51,256,2,1.620235840490826,VDN,baseline
51,188,1,3.73147208691208,VDN,baseline
51,467,1,3.0971658548058114,VDN,baseline
51,325,1,3.0841189823938473,VDN,baseline
51,485,1,4.204090196824689,VDN,baseline
51,247,1,4.11120231572718,VDN,baseline
51,503,1,2.3036379417178905,VDN,baseline
51,125,3,2.7043887535787463,MAT,baseline
51,608,1,3.198138753578746,MAT,baseline
51,151,1,4.058333333333334,MAT,baseline
71,70,3,0.9333333333333333,,baseline
71,55,1,0.8377220869120796,,baseline
71,135,2,1.9043887535787463,QMIX,baseline
71,186,1,0.8598191738241591,QMIX,baseline
71,197,1,0.7356387535787463,QMIX,baseline
71,216,1,0.9710554202454127,QMIX,baseline
71,108,1,2.807291666666667,VDN,baseline
71,97,2,1.3314720869120795,VDN,baseline
71,309,1,3.6072916666666663,VDN,baseline
71,486,1,0.9710554202454129,VDN,baseline
71,511,1,1.005993982393847,VDN,baseline
71,499,1,2.571055420245413,VDN,baseline
71,490,1,1.1393273157271804,VDN,baseline
71,444,1,3.2422302288151013,VDN,baseline
71,536,1,0.6087775071574926,VDN,baseline
71,575,1,1.0979166666666667,MAT,baseline
71,196,1,4.03125,MAT,baseline
108,107,2,2.1489583333333333,,baseline
108,109,1,1.3333333333333335,QMIX,baseline
108,401,4,3.2540214289309564,VDN,baseline
108,131,1,3.427083333333333,VDN,baseline
108,296,1,0.6583333333333332,VDN,baseline
108,415,1,2.220466008685544,VDN,baseline
108,295,1,1.1916666666666664,VDN,baseline
108,325,1,0.5958333333333333,VDN,baseline
108,432,3,2.77704940263926,VDN,baseline
108,427,1,2.9820356490605135,VDN,baseline
108,309,1,1.333333333333333,VDN,baseline
108,496,1,2.2188354576302016,VDN,baseline
108,506,1,2.1931525071574924,VDN,baseline
108,444,1,1.3627220869120797,VDN,baseline
108,537,1,2.7237023157271802,VDN,baseline
324,284,2,0.9489583333333333,,baseline
403,404,2,1.3333333333333333,VDN,baseline
403,416,7,1.5043887535787461,VDN,baseline
403,417,4,0.6822916666666665,VDN,baseline
403,472,1,0.6887637535787463,VDN,baseline
403,475,2,0.6822916666666666,VDN,baseline
403,434,2,0.7043887535787463,VDN,baseline
403,502,1,0.9866804202454129,VDN,baseline
12,155,2,1.0666666666666669,QMIX,baseline
12,242,1,1.110860840490826,QMIX,baseline
12,104,1,1.371055420245413,QMIX,baseline
60,61,6,2.0,QMIX;VDN,baseline
60,208,1,2.533333333333333,QMIX,baseline
60,262,2,1.3489583333333333,QMIX;QTRAN,baseline
60,264,4,2.6822916666666665,QTRAN,baseline
325,326,1,1.3333333333333333,QTRAN,baseline
325,107,2,1.9135416666666667,,baseline
325,349,1,0.95625,QTRAN,baseline
325,117,3,4.022916666666666,,baseline
325,360,1,1.3645833333333335,QTRAN,baseline
325,102,4,3.1604166666666664,,baseline
325,378,2,1.615625,QTRAN,baseline
325,484,1,0.9718749999999999,VDN,baseline
325,503,1,1.7406249999999999,VDN,baseline
427,309,1,2.1820356490605137,,baseline
427,229,1,2.697165854805811,,baseline
427,447,1,2.776350492257871,VDN,baseline
427,448,1,1.4739583333333333,VDN,baseline
427,188,1,3.2999741505885654,,baseline
427,30,1,2.601349211208948,,baseline
427,121,1,2.5011271242968682,,baseline
427,438,1,3.6423329274029057,VDN,baseline
427,488,1,2.0726606490605137,VDN,baseline
427,40,1,0.8606387535787463,,baseline
427,511,1,3.8032104576302017,VDN,baseline
427,519,1,2.575666260736239,VDN,baseline
427,528,1,1.7155991505885653,VDN,baseline
427,529,1,2.205993982393847,VDN,baseline
628,636,1,0.8312499999999999,RMAPPO,baseline
628,768,3,0.8625,Synergy,calp
628,791,1,1.2875348371996584,Synergy,calp
655,650,7,2.3356387535787464,,baseline
655,663,2,2.0,ETG-only,calp
655,637,2,2.4468750000000004,,baseline
76,75,1,1.348958333333333,,baseline
76,77,1,1.8822916666666667,QMIX,baseline
76,152,1,1.0979166666666667,QMIX,baseline
76,265,1,0.5645833333333333,QMIX,baseline
76,147,7,1.348958333333333,MAT,baseline
76,579,6,1.117230228815101,MAT,baseline
95,104,6,0.8156249999999998,QMIX;VDN,baseline
95,434,1,0.5554304202454129,VDN,baseline
95,492,3,0.6979166666666666,VDN,baseline
155,156,2,0.9333333333333332,QMIX,baseline
155,173,1,0.9710554202454127,QMIX,baseline
155,118,6,0.7043887535787461,,baseline
155,257,1,1.0979166666666669,QMIX,baseline
155,397,3,0.8220970869120798,VDN,baseline
155,439,1,0.8312500000000003,VDN,baseline
155,398,1,1.2220970869120795,VDN,baseline
157,158,1,0.7999999999999999,QMIX,baseline
157,165,1,2.1489583333333333,QMIX,baseline
157,399,1,3.4887637535787466,VDN,baseline
157,400,1,1.1440408548058107,VDN,baseline
157,494,1,2.3512637535787464,VDN,baseline
157,167,1,1.1916666666666664,VDN,baseline
157,443,1,5.786680420245413,VDN,baseline
157,484,1,1.5549523157271805,VDN,baseline
157,575,1,3.371055420245413,MAT,baseline
157,196,1,2.8377220869120796,MAT,baseline
157,572,2,1.3767766952966367,MAT,baseline
215,153,1,3.005993982393847,,baseline
215,196,1,0.9866804202454129,,baseline
215,179,1,0.680430420245413,,baseline
215,126,1,2.1158470869120793,,baseline
215,380,2,4.704388753578746,QTRAN,baseline
215,381,2,1.0648054202454131,QTRAN,baseline
215,584,1,1.790368982393847,MAT,baseline
215,266,1,1.1542534053457916,MAT,baseline
215,678,2,1.464805420245413,Synergy,calp
215,774,1,3.2754441738241593,Synergy,calp
215,775,1,1.1025275071574925,Synergy,calp
215,769,1,3.526485840490826,Synergy,calp
215,668,1,1.371055420245413,Synergy,calp
228,227,5,1.3333333333333335,,baseline
228,229,1,2.2666666666666666,QMIX,baseline
228,232,1,1.771055420245413,QMIX,baseline
228,203,1,3.6213462750512244,,baseline
228,206,2,0.5996245940695721,,baseline
228,149,1,3.5043887535787466,,baseline
228,344,1,1.3802083333333333,QTRAN,baseline
228,82,2,1.402305420245413,,baseline
228,371,1,0.8148741881391444,QTRAN,baseline
228,117,2,3.7645833333333334,,baseline
228,471,1,1.9135416666666667,VDN,baseline
228,431,1,1.5200137535787461,VDN,baseline
228,256,1,4.91584708691208,VDN,baseline
617,310,6,1.1036379417178905,,baseline
617,630,3,0.586680420245413,RMAPPO,baseline
617,631,2,2.1866804202454126,RMAPPO,baseline
652,689,3,0.8441941738241593,ETG-only,calp
652,693,1,2.7108608404908257,ETG-only,calp
652,680,2,0.5554304202454128,Synergy,calp
652,783,2,2.4220970869120793,Synergy,calp
652,767,2,0.6971658548058108,Synergy,calp
690,663,1,1.646875,,baseline
690,694,6,1.11011002862997,ETG-only;Synergy,calp
690,699,3,0.8072916666666666,ETG-only;Synergy,calp
690,560,1,3.383896895481768,,baseline
25,443,1,1.0979166666666664,VDN,baseline
25,421,2,1.0666666666666667,VDN,baseline
25,352,1,1.278125,VDN,baseline
25,481,2,1.0666666666666667,VDN,baseline
25,86,1,0.710860840490826,VDN,baseline
25,517,1,1.0822916666666667,VDN,baseline
196,39,1,1.4979166666666668,,baseline
196,40,1,0.846875,,baseline
196,38,1,3.0979166666666664,,baseline
196,109,1,1.5036379417178907,,baseline
196,576,2,0.89375,MAT,baseline
196,584,2,1.6377220869120794,MAT,baseline
196,555,3,2.1645833333333333,MAT,baseline
196,270,1,0.7447916666666666,MAT,baseline
196,610,1,2.9645833333333336,MAT,baseline
196,305,1,2.046875,MAT,baseline
267,255,1,1.3802083333333333,,baseline
267,188,2,2.5983689217734645,,baseline
267,309,1,2.8229166666666665,VDN,baseline
267,91,1,0.9859296083845572,,baseline
267,462,2,2.763468597412734,VDN,baseline
267,238,2,2.4202358404908257,,baseline
267,469,1,2.2338642458366174,VDN,baseline
267,478,2,2.3043887535787464,VDN,baseline
267,522,1,0.9535691738241593,VDN,baseline
267,525,1,2.4202358404908257,VDN,baseline
267,415,1,1.2873401920669427,VDN,baseline
309,308,1,1.7333333333333334,,baseline
309,288,1,1.2358608404908258,,baseline
309,282,2,3.364583333333333,,baseline
309,426,1,2.045918790963535,VDN,baseline
309,468,1,1.759938562148434,VDN,baseline
309,469,1,1.075785649060514,VDN,baseline
309,30,2,1.3249999999999997,,baseline
309,401,1,2.720688095597623,VDN,baseline
309,488,1,0.9911885621484342,VDN,baseline
309,176,1,3.2229166666666664,,baseline
309,478,1,2.171875,VDN,baseline
309,131,1,3.427083333333333,,baseline
309,296,1,1.458333333333333,,baseline
309,536,1,3.5981387535787466,VDN,baseline
745,697,1,0.5333333333333334,,baseline
745,783,3,1.1356387535787462,Synergy,calp
55,56,1,0.9333333333333333,QMIX,baseline
55,169,1,0.6979166666666666,QMIX,baseline
55,278,1,0.6666666666666665,QMIX,baseline
55,311,5,1.2,QTRAN,baseline
55,279,1,1.8666666666666667,QTRAN,baseline
55,347,4,0.9838968954817675,QTRAN,baseline
97,98,1,0.5333333333333332,QMIX,baseline
97,284,1,0.6822916666666667,QMIX,baseline
97,285,1,0.5958333333333332,QMIX,baseline
97,107,1,1.2156249999999997,VDN,baseline
97,450,2,2.548958333333333,VDN,baseline
97,471,1,2.0461241881391445,VDN,baseline
97,410,1,2.8000000000000003,VDN,baseline
97,490,1,1.0739583333333331,VDN,baseline
97,129,1,2.83125,VDN,baseline
97,131,1,0.925,VDN,baseline
97,466,1,1.2655404488753834,VDN,baseline
97,516,1,1.5953552288151005,VDN,baseline
117,382,1,4.509375,QTRAN,baseline
117,381,1,2.03125,QTRAN,baseline
118,119,3,2.133333333333333,QMIX,baseline
118,173,1,0.5645833333333332,QMIX,baseline
118,254,1,1.5264858404908257,QMIX,baseline
118,4,1,1.2156249999999997,,baseline
118,104,1,0.9645833333333331,,baseline
118,294,1,0.6822916666666666,QMIX,baseline
147,75,1,0.5333333333333332,,baseline
147,574,2,0.815625,MAT,baseline
270,555,2,2.3641052288151005,MAT,baseline
270,39,1,1.9447916666666667,,baseline
270,296,1,2.595833333333333,MAT,baseline
270,8,2,1.0979166666666669,,baseline
270,77,1,3.297438562148434,,baseline
270,584,2,2.3200137535787464,MAT,baseline
292,410,1,3.404841008685544,VDN,baseline
292,578,1,3.6715076753522102,MAT,baseline
346,318,5,2.0,,baseline
346,629,1,2.415625,RMAPPO,baseline
346,637,1,2.533333333333333,RMAPPO,baseline
346,661,1,2.9645833333333336,ETG-only,calp
531,128,2,1.1447916666666664,,baseline
531,532,6,1.0822916666666669,MAT;VDN,baseline
531,574,1,1.6156249999999999,MAT,baseline
531,185,1,1.395833333333333,,baseline
531,581,1,2.3447916666666666,MAT,baseline
531,70,1,1.6533470869120794,,baseline
583,582,3,1.6,,baseline
583,555,3,1.0015546083845572,,baseline
583,141,1,1.236971275051224,,baseline
583,584,1,0.7999999999999999,MAT,baseline
583,715,4,0.555430420245413,Synergy,calp
650,693,2,0.9821383476483183,ETG-only,calp
650,694,2,3.5322071155420494,ETG-only,calp
706,705,1,0.6666666666666667,,baseline
706,742,1,2.125,ETG-only,calp
706,673,2,0.815625,,baseline
706,744,1,0.9333333333333335,ETG-only,calp
706,764,5,1.8979166666666667,Synergy,calp
706,765,5,0.83125,Synergy,calp
706,786,1,1.7645833333333334,Synergy,calp
706,643,1,2.964583333333333,,baseline
706,776,1,0.9406249999999999,Synergy,calp
129,128,3,0.9333333333333332,,baseline
129,130,2,1.0666666666666669,QMIX;VDN,baseline
129,131,1,2.2666666666666666,QMIX,baseline
129,470,3,1.2468749999999997,VDN,baseline
129,486,2,2.03125,VDN,baseline
129,481,1,1.6312499999999999,VDN,baseline
193,119,1,3.0776468954817675,,baseline
193,733,1,2.3016052288151005,Synergy,calp
193,685,1,1.2349385621484343,Synergy,calp
193,783,1,3.486902507157492,Synergy,calp
401,400,1,1.7489583333333334,,baseline
401,425,2,1.696285588440131,VDN,baseline
401,432,2,1.1052083333333333,VDN,baseline
401,478,1,2.2620218954817677,VDN,baseline
401,296,2,1.8151468954817673,,baseline
401,501,1,1.3130635621484341,VDN,baseline
401,488,1,2.668596680981652,VDN,baseline
401,188,1,3.0209200720124585,,baseline
401,529,1,1.7155991505885653,VDN,baseline
401,30,1,3.391291260736239,,baseline
481,480,1,0.6666666666666665,,baseline
481,450,2,1.6156249999999996,,baseline
481,470,1,0.6822916666666665,,baseline
481,242,1,0.9554304202454128,,baseline
481,461,1,0.6666666666666667,,baseline
481,86,1,0.9775275071574926,,baseline
481,517,2,1.6156249999999999,VDN,baseline
481,128,2,0.9645833333333331,,baseline
555,584,2,1.0015546083845572,MAT,baseline
555,195,1,0.8199518178527082,,baseline
563,566,3,2.03772208691208,ETG-only;MAPPO,cross_shared
668,667,2,0.8,,baseline
668,669,1,2.4,ETG-only,calp
668,557,5,2.580208333333333,,baseline
668,719,1,0.9333333333333333,ETG-only,calp
668,577,1,2.682291666666667,,baseline
668,766,1,0.5333333333333332,Synergy,calp
668,694,1,1.4666666666666666,Synergy,calp
8,7,5,0.5333333333333333,,baseline
8,133,1,4.1875,QMIX,baseline
8,134,1,1.7885077359725934,QMIX,baseline
8,296,1,2.3604166666666666,VDN,baseline
8,432,2,0.8966877502875786,MAT;VDN,baseline
82,83,1,0.5333333333333334,QMIX,baseline
82,238,1,1.1291666666666667,QMIX,baseline
82,358,1,1.791291260736239,QTRAN,baseline
82,226,2,2.3356387535787464,QTRAN,baseline
82,371,4,1.3950825214724778,QTRAN,baseline
82,375,1,1.1440408548058107,QTRAN,baseline
82,227,1,2.2023054202454126,QTRAN,baseline
82,125,1,1.2468750000000002,MAT,baseline
82,72,1,2.225307544542281,,baseline
110,115,2,0.6979166666666666,QMIX,baseline
110,116,2,1.6312499999999999,QMIX,baseline
110,164,1,1.0666666666666667,QMIX,baseline
110,180,1,0.5802083333333333,QMIX,baseline
110,191,1,0.5866804202454128,QMIX,baseline
110,205,1,0.5710554202454128,QMIX,baseline
110,268,1,0.6979166666666666,QMIX,baseline
110,111,1,2.046875,QMIX,baseline
110,70,1,1.3314720869120797,,baseline
110,532,2,1.5291666666666666,VDN,baseline
110,533,1,2.195833333333333,VDN,baseline
169,170,4,0.6666666666666665,MAT;QMIX,baseline
169,158,2,2.4505635621484343,,baseline
169,322,1,2.4696464289309565,MAT,baseline
169,217,1,1.3710554202454128,MAT,baseline
169,598,1,1.1614244026392602,MAT,baseline
169,486,1,0.8312499999999999,MAT,baseline
169,499,1,2.6979166666666665,MAT,baseline
188,187,1,0.8468750000000002,,baseline
188,189,2,2.1489583333333333,QMIX;VDN,baseline
188,201,1,2.590368982393847,VDN,baseline
188,163,1,2.590368982393847,,baseline
188,460,1,2.2583333333333333,VDN,baseline
188,229,1,3.6533470869120794,VDN,baseline
188,471,1,1.7755635621484342,VDN,baseline
188,202,1,2.642708333333333,VDN,baseline
188,512,1,1.0620218954817677,VDN,baseline
188,485,1,1.1530910693059269,VDN,baseline
188,511,1,2.228091069305927,VDN,baseline
188,524,1,1.775666260736239,VDN,baseline
188,121,1,1.4712775071574926,,baseline
188,255,1,1.3600412607362389,VDN,baseline
256,255,2,3.6,,baseline
256,274,1,3.4804304202454133,QMIX,baseline
256,148,1,1.759938562148434,,baseline
256,189,1,2.1682718954817677,,baseline
256,202,1,2.8441941738241594,,baseline
276,103,1,2.3447916666666666,,baseline
330,329,1,2.1333333333333333,,baseline
330,90,1,2.6822916666666665,,baseline
330,369,1,2.0072916666666667,QTRAN,baseline
560,703,1,3.7682718954817673,ETG-only,calp
560,780,1,4.472660649060514,Synergy,calp
560,68,1,2.8625,,baseline
560,143,1,2.1710554202454126,,baseline
631,630,3,1.5999999999999999,,baseline
631,640,1,0.6979166666666669,RMAPPO,baseline
631,721,1,1.512790854805811,ETG-only,calp
631,685,1,3.3406249999999997,Synergy,calp
631,686,1,1.112790854805811,Synergy,calp
631,798,1,2.03125,Synergy,calp
631,779,1,0.83125,Synergy,calp
661,637,2,1.5916666666666668,,baseline
661,729,4,2.2822916666666666,Synergy,calp
687,686,5,0.5333333333333334,,baseline
687,722,2,2.533333333333333,ETG-only,calp
687,770,3,2.571055420245413,Synergy,calp
687,792,1,2.8533470869120796,Synergy,calp
689,682,2,0.6887637535787463,,baseline
689,738,1,0.5554304202454128,ETG-only,calp
689,768,4,0.7127908548058108,Synergy,calp
767,658,1,0.5333333333333333,,baseline
767,813,1,3.74709708691208,Synergy,calp
7,154,1,0.6270833333333332,QMIX,baseline
39,38,2,1.8666666666666665,,baseline
39,153,1,2.1958333333333333,QMIX,baseline
39,154,1,1.646875,QMIX,baseline
39,195,2,0.5802083333333332,MAT;QMIX,baseline
39,291,1,1.6156249999999999,QMIX,baseline
39,168,1,1.709375,QMIX,baseline
39,259,1,1.646875,QTRAN,baseline
39,214,1,2.580208333333333,MAT,baseline
39,141,1,0.7992491881391444,MAT,baseline
39,300,1,1.0971658548058112,MAT,baseline
39,305,1,1.2148741881391445,MAT,baseline
63,4,1,1.2220970869120795,,baseline
63,64,2,0.6822916666666667,QMIX,baseline
63,220,1,0.9987710836209119,QMIX,baseline
63,589,1,1.3482075214724778,MAT,baseline
63,582,1,1.4712775071574926,MAT,baseline
88,89,2,1.6,QMIX;QTRAN,baseline
88,199,1,2.9554304202454134,QMIX,baseline
88,235,1,0.8434433619633034,QMIX,baseline
88,353,2,1.402305420245413,QTRAN,baseline
88,354,1,1.088763753578746,QTRAN,baseline
88,394,1,1.0087775071574925,QTRAN,baseline
88,395,1,0.6087775071574925,QTRAN,baseline
88,451,1,2.1710554202454126,VDN,baseline
88,505,1,3.244194173824159,VDN,baseline
88,506,1,1.629388753578746,VDN,baseline
242,243,1,0.5333333333333332,QMIX,baseline
242,181,1,1.104388753578746,,baseline
242,470,3,0.8377220869120796,VDN,baseline
242,436,2,1.3554304202454133,VDN,baseline
242,442,2,1.0666666666666667,VDN,baseline
257,475,2,1.0666666666666669,VDN,baseline
257,104,3,0.8468750000000003,,baseline
397,398,1,1.2,VDN,baseline
397,449,3,0.5489583333333335,VDN,baseline
397,491,2,0.5645833333333334,VDN,baseline
410,282,1,2.2666666666666666,,baseline
410,464,1,1.2,VDN,baseline
410,173,1,1.0822916666666667,,baseline
410,442,1,1.4887637535787461,VDN,baseline
410,534,1,0.7016052288151009,VDN,baseline
416,434,1,1.3333333333333335,VDN,baseline
416,446,1,0.6887637535787462,VDN,baseline
417,104,1,1.1135416666666669,,baseline
417,434,1,0.5645833333333334,VDN,baseline
417,505,1,1.364583333333333,MAT,baseline
442,450,3,1.2156249999999997,VDN,baseline
442,457,1,0.5554304202454129,VDN,baseline
442,128,2,0.8533470869120796,,baseline
442,449,1,1.0822916666666667,VDN,baseline
442,464,1,0.5554304202454128,VDN,baseline
450,243,2,1.4822916666666666,,baseline
450,451,1,1.2,VDN,baseline
450,452,1,1.3775275071574924,VDN,baseline
450,422,1,0.571055420245413,,baseline
450,499,1,0.6822916666666665,VDN,baseline
505,454,1,1.0822916666666667,,baseline
505,414,1,2.1333333333333333,,baseline
505,455,3,0.5489583333333333,,baseline
505,423,1,3.2441941738241593,,baseline
557,717,1,2.580208333333333,ETG-only,calp
557,724,1,2.3135416666666666,ETG-only,calp
557,766,3,2.9802083333333336,Synergy,calp
572,573,3,0.6152495940695722,MAT,baseline
572,581,2,1.9421108404908258,MAT,baseline
572,576,1,2.2152495940695722,MAT,baseline
572,72,1,1.0216189823938473,,baseline
3,4,4,1.1999999999999997,QMIX,baseline
3,62,2,0.5554304202454129,QMIX,baseline
3,75,1,0.9489583333333331,QMIX,baseline
40,162,1,1.646875,QMIX,baseline
40,168,2,1.0583333333333333,MAT;QMIX,baseline
40,580,1,2.144313562148434,MAT,baseline
40,597,1,2.046875,MAT,baseline
40,322,1,2.878799342018877,MAT,baseline
49,50,3,0.5333333333333333,QMIX,baseline
49,124,1,2.0377220869120793,QMIX,baseline
49,197,1,1.7645833333333334,QMIX,baseline
49,125,1,1.110860840490826,QMIX,baseline
49,272,1,0.742110840490826,QMIX,baseline
49,273,1,0.5903689823938472,QMIX,baseline
49,140,1,0.9859296083845572,QMIX,baseline
49,161,1,0.6887637535787463,QMIX,baseline
49,72,1,1.821618982393847,QMIX,baseline
49,498,1,0.9166666666666667,VDN,baseline
49,340,1,3.2046108404908256,VDN,baseline
49,484,1,0.7661379417178906,VDN,baseline
49,423,1,3.364583333333333,VDN,baseline
49,400,1,1.3203552288151008,VDN,baseline
49,426,1,3.0023054202454125,VDN,baseline
49,528,1,1.977826443245942,VDN,baseline
70,35,1,2.1866804202454126,,baseline
70,234,1,2.1710554202454126,VDN,baseline
70,575,1,0.6979166666666665,MAT,baseline
70,268,1,1.2072916666666669,MAT,baseline
121,120,2,0.9333333333333333,,baseline
121,122,1,0.8,QMIX,baseline
121,131,1,1.9981387535787463,QMIX,baseline
121,255,1,0.9866804202454129,QMIX,baseline
121,295,1,0.6822916666666666,QMIX,baseline
121,296,1,0.6822916666666667,QMIX,baseline
121,130,1,3.63772208691208,VDN,baseline
121,466,1,2.8423329274029054,VDN,baseline
121,513,1,1.1181525071574925,VDN,baseline
121,514,1,1.7775275071574925,VDN,baseline
121,510,1,1.1760416666666669,VDN,baseline
121,527,1,2.109375,VDN,baseline
151,204,2,2.381277408714988,QMIX,baseline
168,167,1,1.3333333333333335,,baseline
168,143,1,2.550785649060513,,baseline
168,183,1,1.9135416666666667,QMIX,baseline
168,159,1,0.9802083333333332,,baseline
168,135,1,2.3916666666666666,,baseline
168,218,1,2.9489583333333336,QMIX,baseline
168,158,1,1.8979166666666667,,baseline
185,35,1,0.83125,,baseline
185,480,5,0.8156249999999998,MAT,baseline
185,499,1,1.3489583333333333,MAT,baseline
229,208,1,1.3158470869120795,,baseline
229,238,1,2.8377220869120796,VDN,baseline
449,243,3,0.8156249999999998,,baseline
449,463,1,0.5489583333333334,VDN,baseline
449,433,1,1.104388753578746,,baseline
564,679,2,2.7108608404908257,ETG-only,calp
632,633,2,2.2887637535787464,RMAPPO,baseline
632,777,1,2.83125,Synergy,calp
632,710,4,2.548958333333333,Synergy,calp
675,667,1,2.1333333333333333,,baseline
675,719,1,2.2666666666666666,ETG-only,calp
676,701,2,0.7999999999999998,ETG-only,calp
676,725,1,0.8,ETG-only,calp
676,750,1,1.8666666666666667,ETG-only,calp
682,681,3,0.9710554202454129,,baseline
682,698,2,2.05334708691208,ETG-only,calp
682,727,1,0.5554304202454129,ETG-only,calp
682,747,1,1.1200137535787462,ETG-only,calp
682,791,1,0.986680420245413,Synergy,calp
682,800,1,0.7200137535787463,Synergy,calp
703,761,1,3.0648054202454125,ETG-only,calp
703,785,1,2.1645833333333333,Synergy,calp
703,813,1,1.2293887535787462,Synergy,calp
703,814,1,2.0,Synergy,calp
707,744,1,3.066666666666667,ETG-only,calp
707,765,6,2.1645833333333333,Synergy,calp
707,646,3,1.3638325214724774,,baseline
707,710,5,1.1604166666666669,Synergy,calp
707,782,1,2.846875,Synergy,calp
707,803,1,1.8979166666666667,Synergy,calp
710,709,1,3.2,,baseline
710,739,1,2.0,ETG-only,calp
710,646,1,1.325,,baseline
710,691,1,3.9916666666666667,,baseline
710,787,1,1.5916666666666668,Synergy,calp
38,258,1,0.7135416666666667,QMIX,baseline
38,259,1,1.1135416666666664,QMIX,baseline
38,291,1,0.5489583333333332,QMIX,baseline
38,176,1,0.8661885621484342,VDN,baseline
38,201,1,1.5043887535787461,VDN,baseline
102,101,1,1.2,,baseline
102,103,1,1.215625,QMIX,baseline
102,57,1,3.732582521472478,,baseline
102,260,1,3.709375,QTRAN,baseline
102,262,1,1.6148741881391442,QTRAN,baseline
102,504,1,3.576041666666667,VDN,baseline
104,210,1,0.7999999999999999,QMIX,baseline
104,492,1,1.246875,VDN,baseline
119,120,2,1.8666666666666667,QMIX,baseline
119,4,1,1.7489583333333334,,baseline
119,295,1,2.4156250000000004,QMIX,baseline
125,50,2,0.5775275071574927,,baseline
125,148,1,3.348958333333333,QMIX,baseline
125,201,1,1.8887637535787463,QMIX,baseline
125,202,1,2.554679608384557,QMIX,baseline
125,72,3,0.7328552288151007,,baseline
125,591,1,2.5775275071574923,MAT,baseline
131,130,1,1.2,,baseline
131,132,1,0.7999999999999998,QMIX,baseline
131,254,2,2.9866804202454134,QMIX;VDN,baseline
131,255,1,2.13147208691208,QMIX,baseline
131,295,1,1.5916666666666666,QMIX,baseline
131,440,1,2.595833333333333,VDN,baseline
131,423,1,1.2746933619633039,VDN,baseline
227,29,1,0.8533470869120796,,baseline
227,371,1,2.015625,QTRAN,baseline
227,206,1,1.3996245940695722,,baseline
227,205,1,1.2598191738241593,,baseline
238,237,3,1.8666666666666667,,baseline
238,149,1,3.7838968954817678,,baseline
238,241,1,0.8726606490605139,QMIX,baseline
238,232,1,2.2979166666666666,,baseline
238,288,1,0.8682212750512239,QMIX,baseline
238,467,1,1.3859296083845574,VDN,baseline
238,520,1,2.8662912607362387,VDN,baseline
266,214,1,1.7958333333333332,,baseline
266,153,2,1.9537993420188773,,baseline
266,293,1,1.020466008685544,QMIX,baseline
266,44,1,1.935638753578746,,baseline
266,589,2,1.9264858404908256,MAT,baseline
266,593,2,0.714670072012458,MAT,baseline
352,319,6,0.8468749999999999,,baseline
352,353,2,1.8666666666666665,QTRAN,baseline
352,320,2,0.7135416666666667,,baseline
352,461,1,0.6114583333333334,VDN,baseline
352,443,1,1.5447916666666666,VDN,baseline
352,517,1,1.5484802288151005,VDN,baseline
484,483,1,0.5333333333333334,,baseline
484,485,2,0.5333333333333333,MAT;VDN,baseline
484,435,1,1.17261002862997,,baseline
484,585,1,2.0119025071574925,MAT,baseline
484,608,1,1.1089995940695723,MAT,baseline
484,431,1,1.7794575214724777,,baseline
765,756,2,0.9638325214724776,,baseline
765,803,1,0.5958333333333333,Synergy,calp
35,80,1,2.548958333333333,QMIX,baseline
35,128,1,0.5802083333333334,QMIX,baseline
52,181,1,0.8156249999999998,QMIX,baseline
86,85,3,0.5333333333333334,,baseline
86,87,4,0.9333333333333331,QMIX;VDN,baseline
86,412,1,0.5775275071574925,VDN,baseline
89,90,2,0.5333333333333333,QMIX;QTRAN,baseline
89,329,1,1.1172302288151006,QTRAN,baseline
89,362,1,0.7200137535787463,QTRAN,baseline
89,363,1,0.5866804202454129,QTRAN,baseline
89,395,1,1.4087775071574924,QTRAN,baseline
89,393,1,1.0280910693059266,QTRAN,baseline
107,260,1,2.0137637535787465,QTRAN,baseline
143,91,1,2.693271895481767,,baseline
143,306,1,1.2689720869120793,QMIX,baseline
143,691,1,0.846875,Synergy,calp
148,149,1,0.5958333333333333,QMIX,baseline
148,387,1,2.4369712750512242,QTRAN,baseline
148,441,1,3.512790854805811,VDN,baseline
148,479,1,1.9364583333333334,VDN,baseline
148,498,1,4.469791666666667,VDN,baseline
148,512,1,3.2697916666666664,VDN,baseline
176,430,1,1.2422302288151006,VDN,baseline
176,489,1,3.383896895481767,VDN,baseline
214,153,2,0.7237023157271806,,baseline
214,584,2,1.938174342018877,MAT,baseline
214,610,1,1.2072916666666664,MAT,baseline
296,295,1,0.8,,baseline
296,432,2,2.045918790963535,VDN,baseline
296,500,1,1.8979166666666667,VDN,baseline
296,488,1,1.164105228815101,VDN,baseline
296,515,1,0.6822916666666667,VDN,baseline
296,514,1,1.9264858404908258,VDN,baseline
296,400,1,1.268221275051224,VDN,baseline
310,240,1,1.088763753578746,,baseline
310,83,1,0.7457994026392601,,baseline
310,640,2,3.096055420245413,RMAPPO,baseline
319,320,2,0.9333333333333331,QTRAN,baseline
319,351,6,0.8468750000000003,QTRAN,baseline
319,523,1,0.83125,VDN,baseline
331,259,1,1.2468749999999997,,baseline
331,170,2,1.104388753578746,,baseline
331,356,3,0.5995218954817676,QTRAN,baseline
335,336,2,1.8666666666666667,QTRAN,baseline
335,338,2,1.2,QTRAN,baseline
335,379,1,0.5489583333333332,QTRAN,baseline
335,414,1,1.0666666666666667,VDN,baseline
428,465,2,0.5931525071574928,VDN,baseline
483,482,1,1.23125,,baseline
483,444,1,1.7348272551067976,,baseline
483,495,1,3.0151223271192555,VDN,baseline
492,491,2,0.9333333333333331,,baseline
492,399,1,1.2312499999999997,,baseline
492,254,1,1.786680420245413,,baseline
492,493,1,2.1489583333333333,VDN,baseline
532,268,1,1.9484802288151009,,baseline
575,582,2,0.571055420245413,MAT,baseline
575,581,1,1.464805420245413,MAT,baseline
578,254,1,1.7775275071574923,,baseline
579,77,2,1.3995218954817674,,baseline
579,601,1,0.5775275071574926,MAT,baseline
589,153,1,0.605993982393847,,baseline
646,645,4,0.5333333333333333,,baseline
646,569,2,0.8220970869120796,,baseline
646,674,1,2.666666666666667,ETG-only,calp
646,743,1,2.1333333333333333,ETG-only,calp
685,686,3,1.7333333333333334,ETG-only,calp
694,749,1,0.6666666666666666,ETG-only,calp
694,693,1,3.4270833333333335,,baseline
697,713,1,1.7794575214724777,Synergy,calp
735,569,2,0.8220970869120795,,baseline
735,776,2,3.348958333333333,Synergy,calp
735,777,2,1.2148741881391445,Synergy,calp
57,56,1,2.0,,baseline
57,136,2,0.665915854805811,QMIX,baseline
57,137,2,2.665915854805811,QMIX,baseline
57,201,1,1.888763753578746,QMIX,baseline
57,202,1,1.3554304202454128,QMIX,baseline
57,72,1,2.198771083620912,QMIX,baseline
57,279,1,1.1992491881391445,QTRAN,baseline
57,297,1,1.1192629417178905,QTRAN,baseline
57,373,1,1.812466069305927,QTRAN,baseline
68,162,1,0.9507856490605138,QMIX,baseline
68,271,1,2.1958333333333333,QMIX,baseline
68,691,1,1.080430420245413,Synergy,calp
75,152,4,0.5489583333333334,QMIX,baseline
80,115,1,0.6979166666666667,QMIX,baseline
80,244,1,3.355430420245413,QMIX,baseline
80,236,1,0.815625,QMIX,baseline
80,180,1,1.3802083333333335,QMIX,baseline
80,240,1,2.155430420245413,QMIX,baseline
91,90,1,1.2,,baseline
91,92,1,1.4666666666666666,QMIX,baseline
91,163,1,3.4887637535787466,QMIX,baseline
91,179,1,0.726485840490826,QMIX,baseline
91,293,1,3.0176824839218983,QMIX,baseline
91,419,1,2.8064209152604036,VDN,baseline
91,415,1,0.4771687909635351,VDN,baseline
91,445,1,2.5931525071574923,VDN,baseline
91,469,1,3.266188562148434,VDN,baseline
153,77,1,0.6776468954817676,,baseline
159,154,1,1.0932718954817677,,baseline
159,209,1,2.1802083333333333,QMIX,baseline
159,224,1,1.9089995940695723,QMIX,baseline
170,171,1,1.23125,QMIX,baseline
170,332,1,1.4188354576302018,QTRAN,baseline
170,356,1,1.6754441738241592,QTRAN,baseline
170,357,1,2.2437160693059273,QTRAN,baseline
170,580,1,1.5393273157271805,MAT,baseline
170,597,1,1.7710554202454127,MAT,baseline
170,322,1,2.6029797622642903,MAT,baseline
195,77,1,1.4114583333333333,,baseline
195,299,1,0.8355768178527082,MAT,baseline
195,305,1,1.5022434845193748,MAT,baseline
295,365,1,1.7489583333333332,VDN,baseline
295,507,1,1.4197151968246882,VDN,baseline
295,423,1,1.7775275071574925,MAT,baseline
371,376,1,0.5802083333333333,QTRAN,baseline
371,289,1,1.9291666666666667,,baseline
412,413,2,1.1999999999999997,VDN,baseline
412,446,1,1.1999999999999997,VDN,baseline
412,461,1,0.5333333333333332,VDN,baseline
412,465,1,1.1329579274029056,VDN,baseline
415,456,1,3.0114583333333336,VDN,baseline
415,400,1,3.250563562148434,,baseline
415,524,1,2.015625,VDN,baseline
470,497,1,0.5838968954817676,VDN,baseline
486,489,1,2.2666666666666666,VDN,baseline
573,530,1,1.3755635621484343,,baseline
581,571,1,2.342110840490826,,baseline
644,643,3,2.964583333333333,,baseline
644,673,1,0.5802083333333334,ETG-only,calp
680,695,1,0.8441941738241592,ETG-only,calp
704,725,1,1.0971658548058112,ETG-only,calp
704,643,1,1.0979166666666667,,baseline
768,670,1,1.112790854805811,,baseline
50,279,1,0.5775275071574927,QMIX,baseline
50,280,1,0.8441941738241593,QMIX,baseline
61,103,1,3.364583333333333,QMIX,baseline
77,194,1,1.0114583333333333,QMIX,baseline
77,265,1,2.4468750000000004,QMIX,baseline
77,64,1,0.95625,,baseline
77,611,1,2.2932718954817677,MAT,baseline
77,600,1,1.9291666666666667,MAT,baseline
140,120,1,0.5802083333333333,,baseline
140,141,3,0.5489583333333332,QMIX,baseline
140,281,1,2.548958333333333,QMIX,baseline
140,299,1,0.850563562148434,QMIX,baseline
141,250,1,0.5802083333333334,QMIX,baseline
141,305,1,0.6822916666666667,QMIX,baseline
201,200,2,1.0666666666666667,,baseline
201,235,1,1.0887637535787464,QMIX,baseline
201,471,1,1.3286885621484343,VDN,baseline
201,469,1,2.7356387535787463,VDN,baseline
254,476,1,1.1200137535787464,VDN,baseline
254,500,1,2.8533470869120796,VDN,baseline
255,101,1,2.8525962750512237,,baseline
282,283,1,0.9333333333333332,QMIX,baseline
282,426,1,1.0841189823938473,VDN,baseline
282,422,1,2.310860840490826,VDN,baseline
282,468,1,1.0620218954817675,VDN,baseline
414,413,1,1.2,,baseline
414,240,1,3.449180420245413,,baseline
414,605,1,2.6666666666666665,MAT,baseline
414,606,1,1.4270833333333335,MAT,baseline
414,423,1,2.3101100286299707,MAT,baseline
423,422,1,2.0,,baseline
423,424,1,1.9291666666666667,VDN,baseline
423,487,1,1.3314720869120795,VDN,baseline
429,421,2,1.215625,,baseline
429,454,2,0.5645833333333332,VDN,baseline
434,433,2,0.5333333333333332,,baseline
434,476,3,0.8312499999999998,VDN,baseline
434,422,1,1.2220970869120793,,baseline
435,425,1,3.5328552288151007,,baseline
435,431,1,1.4656250000000002,,baseline
435,479,1,1.5135416666666668,VDN,baseline
435,407,1,2.1802083333333333,,baseline
435,512,1,0.9802083333333333,VDN,baseline
569,647,2,2.02209708691208,ETG-only,calp
569,674,3,2.02209708691208,ETG-only;Synergy,calp
720,301,1,0.6979166666666667,,baseline
720,781,1,2.2427083333333333,Synergy,calp
726,679,2,0.6815408548058111,,baseline
726,772,1,0.5333333333333334,Synergy,calp
726,773,1,2.4,Synergy,calp
726,688,1,2.6822916666666665,,baseline
764,763,1,1.0822916666666664,,baseline
764,756,2,2.964583333333333,,baseline
85,607,1,0.5333333333333332,MAT,baseline
87,421,1,0.8441941738241593,VDN,baseline
128,181,1,0.571055420245413,QMIX,baseline
158,154,1,3.2625,,baseline
158,598,1,1.9108608404908258,MAT,baseline
164,380,2,1.0666666666666667,QTRAN,baseline
231,232,3,0.9489583333333332,QMIX,baseline
231,308,1,0.5645833333333333,QMIX,baseline
237,220,2,0.7291666666666666,,baseline
237,459,1,0.8312499999999999,VDN,baseline
237,474,1,0.9489583333333331,VDN,baseline
237,438,1,2.479132735972594,VDN,baseline
240,418,1,1.3341619008761434,VDN,baseline
243,244,1,0.5333333333333333,QMIX,baseline
243,398,3,0.9554304202454129,VDN,baseline
262,261,1,3.2,,baseline
262,263,1,1.3333333333333333,QMIX,baseline
262,384,1,1.4822916666666668,QTRAN,baseline
262,385,1,0.6822916666666667,QTRAN,baseline
308,456,2,1.2533470869120793,VDN,baseline
308,521,1,1.0179304202454127,VDN,baseline
340,283,1,1.1999999999999997,,baseline
340,364,2,0.8156249999999999,QTRAN;VDN,baseline
340,365,1,0.5489583333333332,QTRAN,baseline
340,509,1,1.1999999999999997,VDN,baseline
398,399,1,1.1999999999999997,VDN,baseline
398,422,1,1.3775275071574924,VDN,baseline
398,489,2,1.0666666666666664,VDN,baseline
455,454,1,1.0666666666666667,,baseline
455,526,1,0.5489583333333334,VDN,baseline
466,413,1,2.066291260736239,,baseline
466,520,2,0.7237023157271805,VDN,baseline
466,534,1,3.5264858404908255,VDN,baseline
466,500,1,1.4080266952966372,VDN,baseline
500,477,1,1.3958333333333333,,baseline
500,487,1,0.5802083333333333,,baseline
500,399,1,2.2979166666666666,,baseline
500,515,1,2.046875,VDN,baseline
500,400,1,1.9510158172552317,,baseline
517,268,1,2.046875,,baseline
576,577,1,2.0,MAT,baseline
576,587,1,0.5931525071574927,MAT,baseline
585,595,1,2.3135416666666666,MAT,baseline
585,596,1,1.0427083333333331,MAT,baseline
648,647,4,2.471961738679125,,baseline
648,753,1,3.6625,ETG-only,calp
648,708,1,2.682291666666667,Synergy,calp
712,713,4,0.9333333333333331,ETG-only;Synergy,calp
712,723,1,0.6666666666666665,ETG-only,calp
712,804,1,1.3333333333333333,Synergy,calp
713,714,1,2.0,ETG-only,calp
713,715,1,2.2666666666666666,Synergy,calp
715,714,1,0.8,,baseline
729,629,1,2.3291666666666666,,baseline
734,771,1,0.7999999999999998,Synergy,calp
770,678,3,2.4377220869120793,,baseline
66,162,1,3.551015817255232,QMIX,baseline
111,116,1,0.7135416666666667,QMIX,baseline
111,191,1,1.802305420245413,QMIX,baseline
111,205,1,2.08459708691208,QMIX,baseline
111,206,1,0.6244025071574925,QMIX,baseline
111,304,1,1.7802083333333334,QMIX,baseline
208,207,1,1.0666666666666667,,baseline
208,203,1,1.9200137535787463,,baseline
264,263,1,2.2666666666666666,,baseline
268,127,1,1.8087775071574923,,baseline
268,518,1,0.7043887535787461,VDN,baseline
268,609,1,0.6979166666666666,MAT,baseline
279,278,1,1.4666666666666666,,baseline
279,356,2,3.2698771242968685,QTRAN,baseline
279,332,1,0.9987710836209119,QTRAN,baseline
279,297,1,0.7200137535787463,QTRAN,baseline
322,183,1,0.8636284053457915,,baseline
322,247,1,1.6835983387277096,,baseline
322,597,1,1.224045072012458,MAT,baseline
334,392,1,0.6979166666666667,QTRAN,baseline
334,370,1,1.63125,QTRAN,baseline
347,348,1,0.9333333333333336,QTRAN,baseline
347,373,2,0.5710554202454129,QTRAN,baseline
347,56,1,0.5838968954817676,,baseline
399,476,2,0.5645833333333332,VDN,baseline
399,477,1,0.9645833333333335,VDN,baseline
399,422,1,0.7108608404908259,VDN,baseline
413,461,1,1.1999999999999997,VDN,baseline
454,465,2,1.1264858404908256,VDN,baseline
476,477,1,1.2000000000000002,VDN,baseline
476,405,1,1.4822916666666668,,baseline
489,461,1,1.4666666666666666,,baseline
658,659,1,0.9802083333333333,ETG-only,calp
658,626,1,0.846875,,baseline
658,728,1,3.0822916666666664,ETG-only,calp
686,792,1,3.120013753578746,Synergy,calp
691,692,3,0.8434433619633035,ETG-only,calp
691,758,1,0.7916666666666666,Synergy,calp
30,29,1,1.3958333333333335,,baseline
48,443,1,3.257035649060514,VDN,baseline
64,482,1,0.8698771242968685,VDN,baseline
90,363,1,0.5866804202454129,QTRAN,baseline
90,393,1,1.0280910693059266,QTRAN,baseline
101,100,1,1.3333333333333333,,baseline
101,122,1,1.897165854805811,QMIX,baseline
101,247,1,2.3016052288151005,VDN,baseline
116,114,1,1.148480228815101,,baseline
116,180,1,1.6468749999999999,QMIX,baseline
124,199,1,1.9043887535787465,QMIX,baseline
124,200,1,0.7043887535787461,QMIX,baseline
127,126,2,0.5489583333333332,,baseline
127,179,2,1.5356387535787464,QMIX,baseline
130,473,1,1.3802083333333335,VDN,baseline
154,233,1,2.2822916666666666,QMIX,baseline
161,160,1,0.9645833333333332,,baseline
161,162,1,2.2822916666666666,QMIX,baseline
198,234,1,0.555430420245413,QMIX,baseline
199,234,1,1.0887637535787462,QMIX,baseline
202,203,1,1.2,QMIX,baseline
202,204,1,2.533333333333333,QMIX,baseline
202,510,1,2.3825137535787464,VDN,baseline
206,207,1,2.6666666666666665,QMIX,baseline
220,221,1,1.3333333333333333,QMIX,baseline
220,236,1,0.8625000000000002,QMIX,baseline
232,288,1,1.9043887535787463,QMIX,baseline
247,246,1,1.8666666666666667,,baseline
247,456,1,2.3916666666666666,VDN,baseline
252,253,1,0.5333333333333333,QMIX,baseline
252,278,1,1.888763753578746,QMIX,baseline
252,297,1,0.83125,QMIX,baseline
252,608,1,1.2046108404908258,MAT,baseline
283,122,1,2.015625,,baseline
283,341,2,0.9682718954817675,QTRAN,baseline
283,365,1,0.9489583333333332,QTRAN,baseline
299,300,1,0.846875,QMIX,baseline
362,361,1,1.3333333333333333,,baseline
364,365,1,1.0666666666666664,VDN,baseline
370,372,1,0.555430420245413,QTRAN,baseline
370,396,1,0.7200137535787461,QTRAN,baseline
377,378,2,1.101605228815101,QTRAN,baseline
400,424,1,0.9493359268182691,VDN,baseline
404,405,1,1.0666666666666669,VDN,baseline
431,430,1,1.7333333333333334,,baseline
431,490,1,2.732855228815101,VDN,baseline
443,523,1,1.4979166666666666,VDN,baseline
456,504,1,1.501605228815101,VDN,baseline
465,604,1,0.599624594069572,MAT,baseline
478,424,1,0.744040854805811,,baseline
478,487,2,1.7645833333333334,VDN,baseline
485,516,1,2.49375,VDN,baseline
499,464,1,0.7999999999999998,,baseline
600,599,1,1.3333333333333333,,baseline
642,736,1,0.83125,ETG-only,calp
647,777,1,2.681540854805811,Synergy,calp
647,789,1,0.8590683619633035,Synergy,calp
672,683,1,2.4220970869120793,ETG-only,calp
672,746,1,2.0,ETG-only,calp
678,679,1,0.6270833333333334,ETG-only,calp
678,775,1,2.059819173824159,Synergy,calp
693,738,1,1.8887637535787463,ETG-only,calp
753,751,1,1.0583333333333333,,baseline
753,758,1,0.6666666666666667,ETG-only,calp
756,755,1,1.7333333333333334,,baseline
756,757,1,0.8,ETG-only,calp
777,788,1,0.681540854805811,Synergy,calp
777,789,1,1.3333333333333333,Synergy,calp
56,348,1,0.9838968954817675,QTRAN,baseline
122,123,1,1.0822916666666667,QMIX,baseline
135,136,2,0.5333333333333333,QMIX,baseline
135,216,1,1.4666666666666668,QMIX,baseline
163,453,1,0.9482075214724774,VDN,baseline
167,495,1,1.7275355884401309,VDN,baseline
204,203,1,1.3333333333333335,,baseline
209,597,1,3.5931525071574923,MAT,baseline
217,218,1,1.0666666666666667,QMIX,baseline
226,29,1,0.7200137535787462,,baseline
259,260,1,0.9489583333333336,QMIX,baseline
260,261,1,3.215625,QMIX,baseline
260,341,1,0.8137637535787463,QTRAN,baseline
288,289,1,1.3645833333333333,QMIX,baseline
288,302,1,1.5200137535787461,QMIX,baseline
305,306,1,2.2666666666666666,QMIX,baseline
348,373,1,0.7043887535787463,QTRAN,baseline
348,374,1,2.548958333333333,QTRAN,baseline
348,261,1,2.697916666666667,,baseline
358,357,1,1.2,,baseline
390,626,1,0.846875,RMAPPO,baseline
407,512,1,1.7645833333333334,VDN,baseline
437,438,1,0.83125,VDN,baseline
437,530,1,1.4739583333333335,VDN,baseline
444,445,1,0.5333333333333334,VDN,baseline
446,502,1,0.9802083333333333,VDN,baseline
464,463,1,0.5333333333333332,,baseline
477,424,1,3.1473272551067972,,baseline
490,511,1,0.9958333333333332,VDN,baseline
520,506,1,1.0143960836209118,,baseline
577,587,1,2.3264858404908257,MAT,baseline
593,603,1,0.9489583333333333,MAT,baseline
608,612,1,0.6023054202454128,MAT,baseline
667,666,1,3.0666666666666664,,baseline
667,717,1,0.6666666666666666,ETG-only,calp
673,782,1,0.7291666666666665,Synergy,calp
679,751,1,1.4666666666666668,ETG-only,calp
714,804,1,2.933333333333333,Synergy,calp
714,805,1,1.1604166666666664,Synergy,calp
717,716,1,0.9333333333333333,,baseline
717,724,1,0.6666666666666666,ETG-only,calp
722,721,1,2.0,,baseline
769,792,1,0.5333333333333333,Synergy,calp
776,784,1,0.5333333333333332,Synergy,calp
776,788,1,3.0822916666666664,Synergy,calp
791,790,1,1.5549523157271805,,baseline
146,189,1,1.6563367386791248,QMIX,baseline
146,190,1,0.5896700720124581,QMIX,baseline
180,301,1,1.4114583333333333,QMIX,baseline
183,321,1,3.9328552288151,QTRAN,baseline
187,186,1,1.4666666666666666,,baseline
234,457,1,0.5333333333333333,VDN,baseline
236,245,1,1.0427083333333333,QMIX,baseline
246,245,1,0.5333333333333332,,baseline
261,384,1,2.548958333333333,QTRAN,baseline
274,273,1,1.6,,baseline
278,281,1,0.815625,QMIX,baseline
329,393,1,0.7421108404908259,QTRAN,baseline
355,354,1,0.6666666666666667,,baseline
368,369,1,1.8822916666666667,QTRAN,baseline
385,386,1,2.1333333333333333,QTRAN,baseline
387,388,1,1.0666666666666667,QTRAN,baseline
418,419,1,0.5489583333333333,VDN,baseline
457,458,1,0.9333333333333332,VDN,baseline
462,513,1,0.8918887535787463,VDN,baseline
473,472,1,0.6666666666666665,,baseline
493,494,1,0.5802083333333334,VDN,baseline
506,525,1,2.175563562148434,VDN,baseline
507,508,1,2.533333333333333,VDN,baseline
509,510,1,1.7333333333333334,VDN,baseline
513,521,1,3.058333333333333,VDN,baseline
602,601,1,1.6,,baseline
638,641,1,2.046875,RMAPPO,baseline
708,709,1,2.1333333333333333,ETG-only,calp
708,787,1,0.9645833333333335,Synergy,calp
718,759,1,0.5333333333333334,ETG-only,calp
721,779,1,0.9794575214724777,Synergy,calp
721,799,1,2.682291666666667,Synergy,calp
728,754,1,1.0960554202454131,ETG-only,calp
748,747,1,1.6,,baseline
748,749,1,1.8804304202454127,ETG-only,calp
750,752,1,0.909375,ETG-only,calp
758,757,1,5.69375,,baseline
758,781,1,2.3604166666666666,Synergy,calp
773,772,1,2.2666666666666666,,baseline
774,792,1,0.8377220869120795,Synergy,calp
779,780,1,1.4087775071574926,Synergy,calp
806,805,1,0.6666666666666667,,baseline
806,807,1,1.8666666666666667,Synergy,calp
807,808,1,2.2666666666666666,Synergy,calp
808,812,1,2.1333333333333333,Synergy,calp
812,811,1,1.4666666666666668,,baseline
132,133,1,0.5333333333333334,QMIX,baseline
250,251,1,1.215625,QMIX,baseline
302,303,1,1.3489583333333333,QMIX,baseline
452,453,1,1.3333333333333333,VDN,baseline
459,460,1,0.5333333333333334,VDN,baseline
604,605,1,0.5333333333333332,MAT,baseline
665,666,1,0.6666666666666667,ETG-only,calp
740,741,1,0.5333333333333334,ETG-only,calp
741,742,1,1.7333333333333334,ETG-only,calp
759,760,1,0.6666666666666665,ETG-only,calp
760,761,1,1.3333333333333335,ETG-only,calp
809,810,1,0.5333333333333334,Synergy,calp
810,811,1,0.5333333333333332,Synergy,calp
