idx,map_id,method,experiment_id,episode_id,result,score,sequence_length,mds_x,mds_y
0,MarineMicro_MvsM_4_dist,ETG-only,sce2_etg_run_0042,298,Win,87.0,13,-0.06694190512543591,-1.2400980145455394
1,MarineMicro_MvsM_4_dist,ETG-only,sce2_etg_run_0042,295,Win,84.0,12,-0.943374537951202,-0.5806990108776033
2,MarineMicro_MvsM_4_dist,ETG-only,sce2_etg_run_0042,293,Win,84.0,12,-0.8741894377433067,-0.6022295273536931
3,MarineMicro_MvsM_4_dist,ETG-only,sce2_etg_run_0042,251,Win,84.0,12,-1.2554389338896021,-0.5409224904374009
4,MarineMicro_MvsM_4_dist,ETG-only,sce2_etg_run_0042,227,Win,84.0,12,-1.2429627618759589,-0.5360144413118229
5,MarineMicro_MvsM_4_dist,ETG-only,sce2_etg_run_0042,211,Win,84.0,12,-1.3244262333189374,-0.6646758426506303
6,MarineMicro_MvsM_4_dist,ETG-only,sce2_etg_run_0042,197,Win,84.0,12,-0.8947485808254381,-0.5395061211627438
7,MarineMicro_MvsM_4_dist,ETG-only,sce2_etg_run_0042,195,Win,84.0,12,-0.9793590014750854,0.05501522451204788
8,MarineMicro_MvsM_4_dist,ETG-only,sce2_etg_run_0042,191,Win,84.0,12,-0.7284750024260842,-0.752445091209097
9,MarineMicro_MvsM_4_dist,ETG-only,sce2_etg_run_0042,188,Win,84.0,12,-1.1074059812892405,-0.805279955033789
10,MarineMicro_MvsM_4_dist,ETG-only,sce2_etg_run_0042,175,Win,84.0,12,-0.3279312027680843,-1.49048969428069
11,MarineMicro_MvsM_4_dist,ETG-only,sce2_etg_run_0042,173,Win,84.0,12,0.2477800421818507,-1.2294830425267849
12,MarineMicro_MvsM_4_dist,ETG-only,sce2_etg_run_0042,165,Win,84.0,12,-1.2429627615504786,-0.5360144423010225
13,MarineMicro_MvsM_4_dist,ETG-only,sce2_etg_run_0042,158,Win,84.0,12,0.08653418678208957,-1.2778075079206639
14,MarineMicro_MvsM_4_dist,ETG-only,sce2_etg_run_0042,141,Win,84.0,12,-0.9533779209360457,-0.5527143388583597
15,MarineMicro_MvsM_4_dist,ETG-only,sce2_etg_run_0042,132,Win,84.0,12,-0.8861138255139249,-0.5645173960735419
16,MarineMicro_MvsM_4_dist,ETG-only,sce2_etg_run_0042,127,Win,84.0,12,-1.3121257173443008,-0.695039930686588
17,MarineMicro_MvsM_4_dist,ETG-only,sce2_etg_run_0042,126,Win,84.0,12,-1.1997741190362197,-0.3878557103349903
18,MarineMicro_MvsM_4_dist,ETG-only,sce2_etg_run_0042,102,Win,84.0,12,0.2694832511785947,-1.3287611274611248
19,MarineMicro_MvsM_4_dist,ETG-only,sce2_etg_run_0042,78,Win,84.0,12,-1.007827081811613,-0.4430211023893284
20,MarineMicro_MvsM_4_dist,ETG-only,sce2_etg_run_0042,37,Win,84.0,12,0.07452211438462668,-1.2429695628588855
21,MarineMicro_MvsM_4_dist,ETG-only,sce2_etg_run_0042,33,Win,84.0,12,-0.8861138255139251,-0.5645173960735417
22,MarineMicro_MvsM_4_dist,ETG-only,sce2_etg_run_0042,14,Win,84.0,12,-1.110552688896602,-0.8736215002186036
23,MarineMicro_MvsM_4_dist,ETG-only,sce2_etg_run_0042,150,Win,81.0,12,-0.9548716108082961,-0.3155939499627672
24,MarineMicro_MvsM_4_dist,ETG-only,sce2_etg_run_0042,79,Win,81.0,12,-0.7008371153848841,-1.0921204925974881
25,MarineMicro_MvsM_4_dist,ETG-only,sce2_etg_run_0042,51,Win,81.0,12,-0.6632989761271734,-0.5734110785475103
26,MarineMicro_MvsM_4_dist,ETG-only,sce2_etg_run_0042,263,Win,81.0,13,-0.7432662154350317,-0.251344532177168
27,MarineMicro_MvsM_4_dist,ETG-only,sce2_etg_run_0042,236,Win,81.0,13,0.3334797708548816,-0.7453366765769471
28,MarineMicro_MvsM_4_dist,ETG-only,sce2_etg_run_0042,180,Win,81.0,13,-0.8792042258944252,0.033950487981965385
29,MarineMicro_MvsM_4_dist,ETG-only,sce2_etg_run_0042,174,Win,81.0,13,-0.8157011487758584,-0.024855399285288352
30,MarineMicro_MvsM_4_dist,ETG-only,sce2_etg_run_0042,156,Win,81.0,13,-0.7195282445281569,-0.11750633055358341
31,MarineMicro_MvsM_4_dist,ETG-only,sce2_etg_run_0042,152,Win,81.0,13,0.315351214383523,-0.9281402690947604
32,MarineMicro_MvsM_4_dist,ETG-only,sce2_etg_run_0042,147,Win,81.0,13,-0.8121662609194452,-0.2722340703438478
33,MarineMicro_MvsM_4_dist,ETG-only,sce2_etg_run_0042,145,Win,81.0,13,-0.8792042257534236,0.03395048802546135
34,MarineMicro_MvsM_4_dist,ETG-only,sce2_etg_run_0042,116,Win,81.0,13,-0.6278218976697951,-0.10142912082613503
35,MarineMicro_MvsM_4_dist,ETG-only,sce2_etg_run_0042,112,Win,81.0,13,0.3537064733541117,-0.7047144665896162
36,MarineMicro_MvsM_4_dist,ETG-only,sce2_etg_run_0042,105,Win,81.0,13,-1.1759489932666891,0.02369907221274127
37,MarineMicro_MvsM_4_dist,ETG-only,sce2_etg_run_0042,91,Win,81.0,13,-0.7394372795692205,-0.01081778993993282
38,MarineMicro_MvsM_4_dist,ETG-only,sce2_etg_run_0042,25,Win,81.0,13,-0.7202185439757582,-0.3462019786176847
39,MarineMicro_MvsM_4_dist,ETG-only,sce2_etg_run_0042,24,Win,81.0,13,0.3864305680129008,-0.7182713398737723
40,MarineMicro_MvsM_4_dist,ETG-only,sce2_etg_run_0042,17,Win,81.0,13,-0.7285496483278975,-0.3109185283660805
41,MarineMicro_MvsM_4_dist,ETG-only,sce2_etg_run_0042,8,Win,81.0,13,0.1803473855667713,-0.6923412639303351
42,MarineMicro_MvsM_4_dist,ETG-only,sce2_etg_run_0042,297,Win,78.0,12,-0.8007801192475451,-0.6418155321816361
43,MarineMicro_MvsM_4_dist,ETG-only,sce2_etg_run_0042,296,Win,78.0,12,-1.4408642347098204,-0.052889910705381626
44,MarineMicro_MvsM_4_dist,ETG-only,sce2_etg_run_0042,294,Win,78.0,12,0.10622353060944882,-1.1041021427480864
45,MarineMicro_MvsM_4_dist,ETG-only,sce2_etg_run_0042,283,Win,78.0,12,-0.8490041148064879,-0.5965639957715844
46,MarineMicro_MvsM_4_dist,ETG-only,sce2_etg_run_0042,274,Win,78.0,12,-0.9572817282420353,-0.9708952280190292
47,MarineMicro_MvsM_4_dist,ETG-only,sce2_etg_run_0042,271,Win,78.0,12,-0.8338223867021705,-0.5757482213723761
48,MarineMicro_MvsM_4_dist,ETG-only,sce2_etg_run_0042,261,Win,78.0,12,-0.775652969624598,-0.6317873282440319
49,MarineMicro_MvsM_4_dist,ETG-only,sce2_etg_run_0042,256,Win,78.0,12,-0.8369983890889908,-0.6068171939196565
50,MarineMicro_MvsM_4_dist,ETG-only,sce2_etg_run_0042,250,Win,78.0,12,0.018733725173691405,-1.1893124968752655
51,MarineMicro_MvsM_4_dist,ETG-only,sce2_etg_run_0042,248,Win,78.0,12,-0.0019181566309671686,-1.3136736310815063
52,MarineMicro_MvsM_4_dist,ETG-only,sce2_etg_run_0042,228,Win,78.0,12,0.07958612179240784,-1.1138073674239994
53,MarineMicro_MvsM_4_dist,ETG-only,sce2_etg_run_0042,226,Win,78.0,12,0.05684688828641269,-1.256057938482162
54,MarineMicro_MvsM_4_dist,ETG-only,sce2_etg_run_0042,214,Win,78.0,12,0.13438341478679472,-1.2463747107018566
55,MarineMicro_MvsM_4_dist,ETG-only,sce2_etg_run_0042,210,Win,78.0,12,0.30992596421305985,-1.3728894526256175
56,MarineMicro_MvsM_4_dist,ETG-only,sce2_etg_run_0042,208,Win,78.0,12,0.2377779337555127,-1.2964013048257064
57,MarineMicro_MvsM_4_dist,ETG-only,sce2_etg_run_0042,202,Win,78.0,12,-0.8181522169276073,-0.5670806543047945
58,MarineMicro_MvsM_4_dist,ETG-only,sce2_etg_run_0042,196,Win,78.0,12,-0.7192891478202474,-0.7930829994709363
59,MarineMicro_MvsM_4_dist,ETG-only,sce2_etg_run_0042,192,Win,78.0,12,-0.5229117714017665,-1.1406749278361847
60,MarineMicro_MvsM_4_dist,ETG-only,sce2_etg_run_0042,171,Win,78.0,12,-0.15165105430104503,-1.1710853409702804
61,MarineMicro_MvsM_4_dist,ETG-only,sce2_etg_run_0042,162,Win,78.0,12,-1.3582140600270831,0.09727845621753657
62,MarineMicro_MvsM_4_dist,ETG-only,sce2_etg_run_0042,160,Win,78.0,12,-0.9322526048629451,-0.5318425600967805
63,MarineMicro_MvsM_4_dist,ETG-only,sce2_etg_run_0042,154,Win,78.0,12,0.028455113942993257,-1.1746832493706025
64,MarineMicro_MvsM_4_dist,ETG-only,sce2_etg_run_0042,153,Win,78.0,12,-1.284533812796275,-0.4991208944664702
65,MarineMicro_MvsM_4_dist,ETG-only,sce2_etg_run_0042,148,Win,78.0,12,-0.03158687615828237,-1.3629783021155737
66,MarineMicro_MvsM_4_dist,ETG-only,sce2_etg_run_0042,142,Win,78.0,12,0.01104552210450419,-1.154345067367371
67,MarineMicro_MvsM_4_dist,ETG-only,sce2_etg_run_0042,139,Win,78.0,12,-1.1304792711901082,-0.6154255228889595
68,MarineMicro_MvsM_4_dist,ETG-only,sce2_etg_run_0042,134,Win,78.0,12,-1.1481911704816692,-0.14723202434315624
69,MarineMicro_MvsM_4_dist,ETG-only,sce2_etg_run_0042,128,Win,78.0,12,-1.2733623410602912,-0.6870888863063392
70,MarineMicro_MvsM_4_dist,ETG-only,sce2_etg_run_0042,122,Win,78.0,12,-0.7939617127204898,-0.63758207531004
71,MarineMicro_MvsM_4_dist,ETG-only,sce2_etg_run_0042,114,Win,78.0,12,-1.2562518852660909,-0.3224993062144742
72,MarineMicro_MvsM_4_dist,ETG-only,sce2_etg_run_0042,113,Win,78.0,12,-1.2429627619092036,-0.5360144412107826
73,MarineMicro_MvsM_4_dist,ETG-only,sce2_etg_run_0042,110,Win,78.0,12,-1.339745288742022,0.03348697547655721
74,MarineMicro_MvsM_4_dist,ETG-only,sce2_etg_run_0042,83,Win,78.0,12,-0.6146971272403333,-1.2010942399628217
75,MarineMicro_MvsM_4_dist,ETG-only,sce2_etg_run_0042,72,Win,78.0,12,-0.8181522169275712,-0.5670806543048784
76,MarineMicro_MvsM_4_dist,ETG-only,sce2_etg_run_0042,62,Win,78.0,12,-0.17353116775900188,-1.2788964249902077
77,MarineMicro_MvsM_4_dist,ETG-only,sce2_etg_run_0042,61,Win,78.0,12,-0.8181522169276052,-0.5670806543047999
78,MarineMicro_MvsM_4_dist,ETG-only,sce2_etg_run_0042,58,Win,78.0,12,-1.6494827348546164,0.23865038183121903
79,MarineMicro_MvsM_4_dist,ETG-only,sce2_etg_run_0042,57,Win,78.0,12,-1.2429627618478676,-0.5360144413971861
80,MarineMicro_MvsM_4_dist,ETG-only,sce2_etg_run_0042,55,Win,78.0,12,-0.7756529696245984,-0.6317873282440324
81,MarineMicro_MvsM_4_dist,ETG-only,sce2_etg_run_0042,44,Win,78.0,12,-0.9122196835683763,-1.2600009063823043
82,MarineMicro_MvsM_4_dist,ETG-only,sce2_etg_run_0042,35,Win,78.0,12,-0.7939617127204891,-0.637582075310039
83,MarineMicro_MvsM_4_dist,ETG-only,sce2_etg_run_0042,32,Win,78.0,12,-0.2725849096015414,-1.1625691419822577
84,MarineMicro_MvsM_4_dist,ETG-only,sce2_etg_run_0042,26,Win,78.0,12,-0.027624659196699746,-1.1394310769595233
85,MarineMicro_MvsM_4_dist,ETG-only,sce2_etg_run_0042,21,Win,78.0,12,-0.7756529696245985,-0.631787328244031
86,MarineMicro_MvsM_4_dist,ETG-only,sce2_etg_run_0042,10,Win,78.0,12,-1.3158926884527946,-0.5597289072868594
87,MarineMicro_MvsM_4_dist,ETG-only,sce2_etg_run_0042,9,Win,78.0,12,-1.2189261330725651,-0.43751763042250785
88,MarineMicro_MvsM_4_dist,ETG-only,sce2_etg_run_0042,231,Win,75.0,12,-1.142374480866453,-0.31079746410023346
89,MarineMicro_MvsM_4_dist,ETG-only,sce2_etg_run_0042,300,Win,75.0,13,-0.3554876072137199,-0.12627375264565682
90,MarineMicro_MvsM_4_dist,ETG-only,sce2_etg_run_0042,291,Win,75.0,13,-0.930110881958456,0.04657548334616588
91,MarineMicro_MvsM_4_dist,ETG-only,sce2_etg_run_0042,285,Win,75.0,13,0.40732553860683796,-1.0552638841890236
92,MarineMicro_MvsM_4_dist,ETG-only,sce2_etg_run_0042,259,Win,75.0,13,0.4098747365596321,-0.9604473043889742
93,MarineMicro_MvsM_4_dist,ETG-only,sce2_etg_run_0042,245,Win,75.0,13,-0.8215359370431554,-0.7900517868795506
94,MarineMicro_MvsM_4_dist,ETG-only,sce2_etg_run_0042,242,Win,75.0,13,-1.4815792912644203,0.4324844066366959
95,MarineMicro_MvsM_4_dist,ETG-only,sce2_etg_run_0042,229,Win,75.0,13,-0.6952065762696293,-0.3698159282750411
96,MarineMicro_MvsM_4_dist,ETG-only,sce2_etg_run_0042,223,Win,75.0,13,-0.8680722947917987,0.06058836773975838
97,MarineMicro_MvsM_4_dist,ETG-only,sce2_etg_run_0042,206,Win,75.0,13,-1.0289573314849887,0.18775830963522716
98,MarineMicro_MvsM_4_dist,ETG-only,sce2_etg_run_0042,201,Win,75.0,13,-0.07996617827335288,-1.3155133984969607
99,MarineMicro_MvsM_4_dist,ETG-only,sce2_etg_run_0042,189,Win,75.0,13,-0.9254537834238943,0.1087864319012366
100,MarineMicro_MvsM_4_dist,Synergy,sce2_synergy_run_0041,289,Win,84.0,12,-1.2640245678471034,-0.4275912822489058
101,MarineMicro_MvsM_4_dist,Synergy,sce2_synergy_run_0041,270,Win,84.0,12,-0.7877170013999599,-1.2679524459435447
102,MarineMicro_MvsM_4_dist,Synergy,sce2_synergy_run_0041,266,Win,84.0,12,0.41966778877229155,-1.25726574955053
103,MarineMicro_MvsM_4_dist,Synergy,sce2_synergy_run_0041,259,Win,84.0,12,-1.1938049780838937,-0.7960393785384166
104,MarineMicro_MvsM_4_dist,Synergy,sce2_synergy_run_0041,258,Win,84.0,12,-1.1250960063067423,-0.6665082549578543
105,MarineMicro_MvsM_4_dist,Synergy,sce2_synergy_run_0041,257,Win,84.0,12,0.17292708336303328,-1.2444918034229928
106,MarineMicro_MvsM_4_dist,Synergy,sce2_synergy_run_0041,217,Win,84.0,12,-1.2033467858666282,-0.770245698953659
107,MarineMicro_MvsM_4_dist,Synergy,sce2_synergy_run_0041,195,Win,84.0,12,-0.07596683310995239,-1.357218629860816
108,MarineMicro_MvsM_4_dist,Synergy,sce2_synergy_run_0041,167,Win,84.0,12,-0.8096960371128503,-1.238135420258915
109,MarineMicro_MvsM_4_dist,Synergy,sce2_synergy_run_0041,166,Win,84.0,12,-0.20660802261784172,-1.0413105246804306
110,MarineMicro_MvsM_4_dist,Synergy,sce2_synergy_run_0041,165,Win,84.0,12,-0.8818204538605643,-1.1175833805652855
111,MarineMicro_MvsM_4_dist,Synergy,sce2_synergy_run_0041,164,Win,84.0,12,0.27322663265271135,-1.2694921611945855
112,MarineMicro_MvsM_4_dist,Synergy,sce2_synergy_run_0041,163,Win,84.0,12,-1.0484055394584575,-0.508348151970564
113,MarineMicro_MvsM_4_dist,Synergy,sce2_synergy_run_0041,154,Win,84.0,12,-0.9917152939980182,-0.4743927796601222
114,MarineMicro_MvsM_4_dist,Synergy,sce2_synergy_run_0041,150,Win,84.0,12,-1.0271878594224078,-0.4285643294105151
115,MarineMicro_MvsM_4_dist,Synergy,sce2_synergy_run_0041,132,Win,84.0,12,-1.1359428353147767,-0.6907525409282284
116,MarineMicro_MvsM_4_dist,Synergy,sce2_synergy_run_0041,116,Win,84.0,12,-1.233209509290065,-0.5560620815541855
117,MarineMicro_MvsM_4_dist,Synergy,sce2_synergy_run_0041,114,Win,84.0,12,-1.196088576100723,-0.6598472208755607
118,MarineMicro_MvsM_4_dist,Synergy,sce2_synergy_run_0041,113,Win,84.0,12,-0.8413987229013686,-1.2698909468402877
119,MarineMicro_MvsM_4_dist,Synergy,sce2_synergy_run_0041,112,Win,84.0,12,-1.0369189059517263,-0.578012853991976
120,MarineMicro_MvsM_4_dist,Synergy,sce2_synergy_run_0041,111,Win,84.0,12,0.23935721829413428,-1.3023249650886868
121,MarineMicro_MvsM_4_dist,Synergy,sce2_synergy_run_0041,108,Win,84.0,12,-1.1228174792457135,-0.4412074219279638
122,MarineMicro_MvsM_4_dist,Synergy,sce2_synergy_run_0041,91,Win,84.0,12,-1.1394243405662323,-0.4828492960045932
123,MarineMicro_MvsM_4_dist,Synergy,sce2_synergy_run_0041,85,Win,84.0,12,-1.0388990416291788,-0.49940957585158446
124,MarineMicro_MvsM_4_dist,Synergy,sce2_synergy_run_0041,77,Win,84.0,12,-0.9918224072439625,-0.543993875422793
125,MarineMicro_MvsM_4_dist,Synergy,sce2_synergy_run_0041,61,Win,84.0,12,-1.1641427069521755,-0.5837001266270877
126,MarineMicro_MvsM_4_dist,Synergy,sce2_synergy_run_0041,46,Win,84.0,12,-1.0216798787398025,-1.2578588948494978
127,MarineMicro_MvsM_4_dist,Synergy,sce2_synergy_run_0041,31,Win,84.0,12,-1.1669995153483594,-0.09924893951680142
128,MarineMicro_MvsM_4_dist,Synergy,sce2_synergy_run_0041,17,Win,84.0,12,0.061562076777286104,-1.1639968092236799
129,MarineMicro_MvsM_4_dist,Synergy,sce2_synergy_run_0041,16,Win,84.0,12,-1.102043847786737,-0.4184840263363016
130,MarineMicro_MvsM_4_dist,Synergy,sce2_synergy_run_0041,2,Win,84.0,12,-1.1395014763356648,-0.9362508740047432
131,MarineMicro_MvsM_4_dist,Synergy,sce2_synergy_run_0041,184,Win,81.0,12,-1.1774103606025519,-0.4911449635036927
132,MarineMicro_MvsM_4_dist,Synergy,sce2_synergy_run_0041,104,Win,81.0,12,-1.122001448786315,-0.34171877708778575
133,MarineMicro_MvsM_4_dist,Synergy,sce2_synergy_run_0041,43,Win,81.0,12,-1.0163509582933727,-0.32716727743102164
134,MarineMicro_MvsM_4_dist,Synergy,sce2_synergy_run_0041,18,Win,81.0,12,-1.02851723367163,-0.3404915768383961
135,MarineMicro_MvsM_4_dist,Synergy,sce2_synergy_run_0041,296,Win,81.0,13,-0.999594408029978,-0.6821256483485806
136,MarineMicro_MvsM_4_dist,Synergy,sce2_synergy_run_0041,291,Win,81.0,13,0.502033540560521,-1.0565559956245951
137,MarineMicro_MvsM_4_dist,Synergy,sce2_synergy_run_0041,284,Win,81.0,13,-0.8617485915412259,-0.20157582421516482
138,MarineMicro_MvsM_4_dist,Synergy,sce2_synergy_run_0041,271,Win,81.0,13,-0.8009493727317906,-0.09128202688285901
139,MarineMicro_MvsM_4_dist,Synergy,sce2_synergy_run_0041,260,Win,81.0,13,-1.0587993152624793,-0.13173909258462718
140,MarineMicro_MvsM_4_dist,Synergy,sce2_synergy_run_0041,249,Win,81.0,13,0.24270444726367224,-0.6295334384720781
141,MarineMicro_MvsM_4_dist,Synergy,sce2_synergy_run_0041,240,Win,81.0,13,-1.0234282671233474,-0.12682633278331554
142,MarineMicro_MvsM_4_dist,Synergy,sce2_synergy_run_0041,211,Win,81.0,13,-0.9773675868688393,0.20586617505014979
143,MarineMicro_MvsM_4_dist,Synergy,sce2_synergy_run_0041,193,Win,81.0,13,-1.110499556126848,-0.06762652379606184
144,MarineMicro_MvsM_4_dist,Synergy,sce2_synergy_run_0041,135,Win,81.0,13,-0.3338302484971083,-1.1583445417272482
145,MarineMicro_MvsM_4_dist,Synergy,sce2_synergy_run_0041,115,Win,81.0,13,-1.1966248582659518,-0.08396987884502911
146,MarineMicro_MvsM_4_dist,Synergy,sce2_synergy_run_0041,74,Win,81.0,13,-0.6221579893655056,-1.3480186052692489
147,MarineMicro_MvsM_4_dist,Synergy,sce2_synergy_run_0041,70,Win,81.0,13,-0.86949771368394,-0.06924657982877806
148,MarineMicro_MvsM_4_dist,Synergy,sce2_synergy_run_0041,66,Win,81.0,13,-1.303160782381624,0.2055887244928902
149,MarineMicro_MvsM_4_dist,Synergy,sce2_synergy_run_0041,64,Win,81.0,13,-0.2383290745743555,-1.4343857938388838
150,MarineMicro_MvsM_4_dist,Synergy,sce2_synergy_run_0041,48,Win,81.0,13,-0.9989033048480473,-0.14458919207678983
151,MarineMicro_MvsM_4_dist,Synergy,sce2_synergy_run_0041,297,Win,78.0,12,-0.12642379402053505,-1.1030370226996635
152,MarineMicro_MvsM_4_dist,Synergy,sce2_synergy_run_0041,295,Win,78.0,12,0.06439909077243738,-1.3630977848383248
153,MarineMicro_MvsM_4_dist,Synergy,sce2_synergy_run_0041,279,Win,78.0,12,-1.2047355131712008,-0.3061061715862377
154,MarineMicro_MvsM_4_dist,Synergy,sce2_synergy_run_0041,274,Win,78.0,12,-1.2273073994958599,0.3166836483476554
155,MarineMicro_MvsM_4_dist,Synergy,sce2_synergy_run_0041,256,Win,78.0,12,-1.121879440359014,-0.5709350861534811
156,MarineMicro_MvsM_4_dist,Synergy,sce2_synergy_run_0041,248,Win,78.0,12,-1.149390540206424,-0.42667153062482505
157,MarineMicro_MvsM_4_dist,Synergy,sce2_synergy_run_0041,247,Win,78.0,12,0.06119695320953491,-1.0523665993014788
158,MarineMicro_MvsM_4_dist,Synergy,sce2_synergy_run_0041,238,Win,78.0,12,0.3849181366397265,-1.344685785890573
159,MarineMicro_MvsM_4_dist,Synergy,sce2_synergy_run_0041,223,Win,78.0,12,-1.2124509437119777,-0.91252450495809
160,MarineMicro_MvsM_4_dist,Synergy,sce2_synergy_run_0041,216,Win,78.0,12,-1.0708762679786,-0.6470416867256049
161,MarineMicro_MvsM_4_dist,Synergy,sce2_synergy_run_0041,205,Win,78.0,12,-1.102043847786738,-0.41848402633629933
162,MarineMicro_MvsM_4_dist,Synergy,sce2_synergy_run_0041,202,Win,78.0,12,-1.2201549479126228,-0.9281650368790549
163,MarineMicro_MvsM_4_dist,Synergy,sce2_synergy_run_0041,199,Win,78.0,12,-0.4058334074811675,-1.245371224575344
164,MarineMicro_MvsM_4_dist,Synergy,sce2_synergy_run_0041,186,Win,78.0,12,-0.9199596025624279,-1.2636672214792364
165,MarineMicro_MvsM_4_dist,Synergy,sce2_synergy_run_0041,180,Win,78.0,12,-1.1491326068563168,-0.5536018635208838
166,MarineMicro_MvsM_4_dist,Synergy,sce2_synergy_run_0041,178,Win,78.0,12,-0.8342070760149929,-0.7463531318963703
167,MarineMicro_MvsM_4_dist,Synergy,sce2_synergy_run_0041,160,Win,78.0,12,-1.1020438477867363,-0.41848402633630316
168,MarineMicro_MvsM_4_dist,Synergy,sce2_synergy_run_0041,156,Win,78.0,12,-1.1020438477867371,-0.4184840263363014
169,MarineMicro_MvsM_4_dist,Synergy,sce2_synergy_run_0041,152,Win,78.0,12,-1.102043847786739,-0.41848402633629617
170,MarineMicro_MvsM_4_dist,Synergy,sce2_synergy_run_0041,146,Win,78.0,12,-1.0778721748862488,-0.31164258142901163
171,MarineMicro_MvsM_4_dist,Synergy,sce2_synergy_run_0041,144,Win,78.0,12,-1.332658752936321,-0.2735298264255127
172,MarineMicro_MvsM_4_dist,Synergy,sce2_synergy_run_0041,136,Win,78.0,12,-1.0607630135025727,-0.4496288391541257
173,MarineMicro_MvsM_4_dist,Synergy,sce2_synergy_run_0041,131,Win,78.0,12,-1.1682633800064632,-0.7058692514260188
174,MarineMicro_MvsM_4_dist,Synergy,sce2_synergy_run_0041,126,Win,78.0,12,-1.102043847786736,-0.4184840263363029
175,MarineMicro_MvsM_4_dist,Synergy,sce2_synergy_run_0041,124,Win,78.0,12,-0.9940765339348065,-0.4250162628074668
176,MarineMicro_MvsM_4_dist,Synergy,sce2_synergy_run_0041,122,Win,78.0,12,-1.060763013502537,-0.44962883915425933
177,MarineMicro_MvsM_4_dist,Synergy,sce2_synergy_run_0041,120,Win,78.0,12,-1.027764875690979,-0.3919098112912181
178,MarineMicro_MvsM_4_dist,Synergy,sce2_synergy_run_0041,119,Win,78.0,12,-1.2201549546332848,-0.9281650288944475
179,MarineMicro_MvsM_4_dist,Synergy,sce2_synergy_run_0041,100,Win,78.0,12,-1.0277648756909814,-0.3919098112912047
180,MarineMicro_MvsM_4_dist,Synergy,sce2_synergy_run_0041,97,Win,78.0,12,-1.12373508726605,-0.5086960476742503
181,MarineMicro_MvsM_4_dist,Synergy,sce2_synergy_run_0041,96,Win,78.0,12,-1.1507967864600908,0.006335627998574506
182,MarineMicro_MvsM_4_dist,Synergy,sce2_synergy_run_0041,81,Win,78.0,12,-1.0607630135025716,-0.44962883915412966
183,MarineMicro_MvsM_4_dist,Synergy,sce2_synergy_run_0041,80,Win,78.0,12,-1.3757704977212706,-0.33506670110806047
184,MarineMicro_MvsM_4_dist,Synergy,sce2_synergy_run_0041,79,Win,78.0,12,-1.0277648756910207,-0.39190981129103164
185,MarineMicro_MvsM_4_dist,Synergy,sce2_synergy_run_0041,63,Win,78.0,12,-1.232447539083199,-0.42752457821076
186,MarineMicro_MvsM_4_dist,Synergy,sce2_synergy_run_0041,60,Win,78.0,12,-0.9376226595507395,-1.2607810650065636
187,MarineMicro_MvsM_4_dist,Synergy,sce2_synergy_run_0041,51,Win,78.0,12,-0.9621073022368806,-0.9889404267260887
188,MarineMicro_MvsM_4_dist,Synergy,sce2_synergy_run_0041,32,Win,78.0,12,-1.351521816502485,-0.5150673366422973
189,MarineMicro_MvsM_4_dist,Synergy,sce2_synergy_run_0041,29,Win,78.0,12,-0.7998374443548025,-0.8100937221888771
190,MarineMicro_MvsM_4_dist,Synergy,sce2_synergy_run_0041,27,Win,78.0,12,-1.2392859960833402,0.14778701691685106
191,MarineMicro_MvsM_4_dist,Synergy,sce2_synergy_run_0041,23,Win,78.0,12,-1.1248958896450132,-0.6792416754882885
192,MarineMicro_MvsM_4_dist,Synergy,sce2_synergy_run_0041,19,Win,78.0,12,0.1169550114833056,-1.1897836190818152
193,MarineMicro_MvsM_4_dist,Synergy,sce2_synergy_run_0041,14,Win,78.0,12,-1.3667170863734686,-0.3606697486680085
194,MarineMicro_MvsM_4_dist,Synergy,sce2_synergy_run_0041,7,Win,78.0,12,-1.1333627696814932,-0.4715585125630108
195,MarineMicro_MvsM_4_dist,Synergy,sce2_synergy_run_0041,6,Win,78.0,12,-0.3112004472249852,-1.239475869801795
196,MarineMicro_MvsM_4_dist,Synergy,sce2_synergy_run_0041,5,Win,78.0,12,-1.0607630135025736,-0.44962883915412266
197,MarineMicro_MvsM_4_dist,Synergy,sce2_synergy_run_0041,59,Win,78.0,13,-1.558445178981355,0.16103831856548273
198,MarineMicro_MvsM_4_dist,Synergy,sce2_synergy_run_0041,262,Win,75.0,12,-1.1670183378143224,-0.23283251286055578
199,MarineMicro_MvsM_4_dist,Synergy,sce2_synergy_run_0041,272,Win,75.0,13,-1.5582513950202457,0.05281336609939904
200,MarineMicro_MvsM_4_dist,QMIX,qmix_MarineMicro_MvsM_4_dist_train_run_0002,77,Win,63.0,15,1.149973978225037,-0.5809359141073615
201,MarineMicro_MvsM_4_dist,QMIX,qmix_MarineMicro_MvsM_4_dist_train_run_0002,28,Win,57.0,15,1.0203387998956925,-0.9900873790685144
202,MarineMicro_MvsM_4_dist,QMIX,qmix_MarineMicro_MvsM_4_dist_train_run_0002,24,Win,57.0,18,0.6208113652985466,-0.6252537841232001
203,MarineMicro_MvsM_4_dist,QMIX,qmix_MarineMicro_MvsM_4_dist_train_run_0002,65,Win,57.0,18,0.4697099623136115,-0.8802121194350296
204,MarineMicro_MvsM_4_dist,QMIX,qmix_MarineMicro_MvsM_4_dist_train_run_0002,47,Win,54.0,15,1.1512075900239833,-1.0163249412039281
205,MarineMicro_MvsM_4_dist,QMIX,qmix_MarineMicro_MvsM_4_dist_train_run_0002,57,Win,54.0,16,1.1907693690612782,-0.6580812542474062
206,MarineMicro_MvsM_4_dist,QMIX,qmix_MarineMicro_MvsM_4_dist_train_run_0002,42,Win,51.0,15,1.143195795116954,-0.29796275127393473
207,MarineMicro_MvsM_4_dist,QMIX,qmix_MarineMicro_MvsM_4_dist_train_run_0002,54,Win,51.0,15,0.3714372496437802,0.35212312228994785
208,MarineMicro_MvsM_4_dist,QMIX,qmix_MarineMicro_MvsM_4_dist_train_run_0002,74,Win,51.0,15,0.48545273938883476,0.5733923650661248
209,MarineMicro_MvsM_4_dist,QMIX,qmix_MarineMicro_MvsM_4_dist_train_run_0002,9,Win,51.0,16,1.1300907276328158,-0.5297309911157655
210,MarineMicro_MvsM_4_dist,QMIX,qmix_MarineMicro_MvsM_4_dist_train_run_0002,33,Win,51.0,16,0.32811068340826555,-0.10303884003561682
211,MarineMicro_MvsM_4_dist,QMIX,qmix_MarineMicro_MvsM_4_dist_train_run_0002,37,Win,51.0,16,0.5360538973606414,-0.0974677795303948
212,MarineMicro_MvsM_4_dist,QMIX,qmix_MarineMicro_MvsM_4_dist_train_run_0002,56,Win,51.0,16,1.02551655019634,-0.4102258054957637
213,MarineMicro_MvsM_4_dist,QMIX,qmix_MarineMicro_MvsM_4_dist_train_run_0002,66,Win,51.0,16,0.4086280549693838,0.32892761159966916
214,MarineMicro_MvsM_4_dist,QMIX,qmix_MarineMicro_MvsM_4_dist_train_run_0002,72,Win,51.0,16,1.0562041326202543,-0.44940939297951993
215,MarineMicro_MvsM_4_dist,QMIX,qmix_MarineMicro_MvsM_4_dist_train_run_0002,87,Win,51.0,16,0.9023071298248878,-0.40467280445542203
216,MarineMicro_MvsM_4_dist,QMIX,qmix_MarineMicro_MvsM_4_dist_train_run_0002,90,Win,51.0,16,1.1531589557082782,-0.5503958036277649
217,MarineMicro_MvsM_4_dist,QMIX,qmix_MarineMicro_MvsM_4_dist_train_run_0002,92,Win,51.0,16,0.29257602906272157,0.5743351325692622
218,MarineMicro_MvsM_4_dist,QMIX,qmix_MarineMicro_MvsM_4_dist_train_run_0002,12,Win,51.0,17,0.45015671711933186,-0.05073989003517534
219,MarineMicro_MvsM_4_dist,QMIX,qmix_MarineMicro_MvsM_4_dist_train_run_0002,89,Win,51.0,17,0.8090635620545484,-0.026149273153164038
220,MarineMicro_MvsM_4_dist,QMIX,qmix_MarineMicro_MvsM_4_dist_train_run_0002,98,Win,51.0,17,0.3438849698016099,0.22388132715304224
221,MarineMicro_MvsM_4_dist,QMIX,qmix_MarineMicro_MvsM_4_dist_train_run_0002,68,Win,48.0,16,1.3909070490575917,-0.47907686904296315
222,MarineMicro_MvsM_4_dist,QMIX,qmix_MarineMicro_MvsM_4_dist_train_run_0002,95,Win,48.0,16,-0.05053656173689956,1.2852982760981015
223,MarineMicro_MvsM_4_dist,QMIX,qmix_MarineMicro_MvsM_4_dist_train_run_0002,94,Win,45.0,15,1.0408986167591534,-0.08361059412763922
224,MarineMicro_MvsM_4_dist,QMIX,qmix_MarineMicro_MvsM_4_dist_train_run_0002,5,Win,45.0,16,0.7577226851755039,-0.23164749297571594
225,MarineMicro_MvsM_4_dist,QMIX,qmix_MarineMicro_MvsM_4_dist_train_run_0002,17,Win,45.0,16,1.2623096716490356,-0.5010535286275147
226,MarineMicro_MvsM_4_dist,QMIX,qmix_MarineMicro_MvsM_4_dist_train_run_0002,18,Win,45.0,16,0.19820552827213003,0.5585406675785902
227,MarineMicro_MvsM_4_dist,QMIX,qmix_MarineMicro_MvsM_4_dist_train_run_0002,32,Win,45.0,16,0.17908026836319452,0.5231362065587211
228,MarineMicro_MvsM_4_dist,QMIX,qmix_MarineMicro_MvsM_4_dist_train_run_0002,34,Win,45.0,16,0.20650902740740648,0.954786263165016
229,MarineMicro_MvsM_4_dist,QMIX,qmix_MarineMicro_MvsM_4_dist_train_run_0002,39,Win,45.0,16,0.9022019720901713,-0.2596243155497752
230,MarineMicro_MvsM_4_dist,QMIX,qmix_MarineMicro_MvsM_4_dist_train_run_0002,50,Win,45.0,16,1.3602632796590024,-0.018678545372736985
231,MarineMicro_MvsM_4_dist,QMIX,qmix_MarineMicro_MvsM_4_dist_train_run_0002,60,Win,45.0,16,1.2527826810545402,-0.18784918343259943
232,MarineMicro_MvsM_4_dist,QMIX,qmix_MarineMicro_MvsM_4_dist_train_run_0002,84,Win,45.0,16,1.1257918875238682,-0.5921816316708631
233,MarineMicro_MvsM_4_dist,QMIX,qmix_MarineMicro_MvsM_4_dist_train_run_0002,99,Win,45.0,16,-0.01763103183678712,0.9672639586001577
234,MarineMicro_MvsM_4_dist,QMIX,qmix_MarineMicro_MvsM_4_dist_train_run_0002,100,Win,45.0,16,0.46721247707909086,0.07105363413933717
235,MarineMicro_MvsM_4_dist,QMIX,qmix_MarineMicro_MvsM_4_dist_train_run_0002,43,Win,45.0,17,0.6494497291846775,0.05357900686800484
236,MarineMicro_MvsM_4_dist,QMIX,qmix_MarineMicro_MvsM_4_dist_train_run_0002,51,Win,45.0,17,0.2977575888405556,0.45229380412981157
237,MarineMicro_MvsM_4_dist,QMIX,qmix_MarineMicro_MvsM_4_dist_train_run_0002,80,Win,45.0,17,0.413739978710432,0.4026368161849985
238,MarineMicro_MvsM_4_dist,QMIX,qmix_MarineMicro_MvsM_4_dist_train_run_0002,10,Win,42.0,16,0.6936782523490058,0.7404871252606218
239,MarineMicro_MvsM_4_dist,QMIX,qmix_MarineMicro_MvsM_4_dist_train_run_0002,41,Win,42.0,16,0.3693971512767991,0.8528886970590169
240,MarineMicro_MvsM_4_dist,QMIX,qmix_MarineMicro_MvsM_4_dist_train_run_0002,6,Win,42.0,17,0.25521574984765877,1.15748422815332
241,MarineMicro_MvsM_4_dist,QMIX,qmix_MarineMicro_MvsM_4_dist_train_run_0002,55,Win,42.0,17,1.2029230101986461,0.24088184754261732
242,MarineMicro_MvsM_4_dist,QMIX,qmix_MarineMicro_MvsM_4_dist_train_run_0002,79,Win,42.0,17,0.20555318671280318,1.2836985040674893
243,MarineMicro_MvsM_4_dist,QMIX,qmix_MarineMicro_MvsM_4_dist_train_run_0002,93,Win,42.0,17,1.2909059509861975,0.23565864012864934
244,MarineMicro_MvsM_4_dist,QMIX,qmix_MarineMicro_MvsM_4_dist_train_run_0002,2,Win,42.0,18,1.3364089895985327,-0.3350251595450754
245,MarineMicro_MvsM_4_dist,QMIX,qmix_MarineMicro_MvsM_4_dist_train_run_0002,25,Win,42.0,18,1.4945983412882928,-0.32498411402423005
246,MarineMicro_MvsM_4_dist,QMIX,qmix_MarineMicro_MvsM_4_dist_train_run_0002,52,Win,39.0,15,1.3736111235717372,-0.20166321005188212
247,MarineMicro_MvsM_4_dist,QMIX,qmix_MarineMicro_MvsM_4_dist_train_run_0002,4,Win,39.0,16,0.6988231768863031,0.2396634550832073
248,MarineMicro_MvsM_4_dist,QMIX,qmix_MarineMicro_MvsM_4_dist_train_run_0002,8,Win,39.0,16,1.2438781349912165,0.031320811354353294
249,MarineMicro_MvsM_4_dist,QMIX,qmix_MarineMicro_MvsM_4_dist_train_run_0002,11,Win,39.0,16,1.586936937598781,0.004464712062695631
250,MarineMicro_MvsM_4_dist,QMIX,qmix_MarineMicro_MvsM_4_dist_train_run_0002,15,Win,39.0,16,0.4155460448309533,0.9793740967192514
251,MarineMicro_MvsM_4_dist,QMIX,qmix_MarineMicro_MvsM_4_dist_train_run_0002,35,Win,39.0,16,1.1005765302691322,0.2112163922633077
252,MarineMicro_MvsM_4_dist,QMIX,qmix_MarineMicro_MvsM_4_dist_train_run_0002,38,Win,39.0,16,0.2117235751210844,0.6544743745909897
253,MarineMicro_MvsM_4_dist,QMIX,qmix_MarineMicro_MvsM_4_dist_train_run_0002,71,Win,39.0,16,0.8429899501511738,0.048730564153751876
254,MarineMicro_MvsM_4_dist,QMIX,qmix_MarineMicro_MvsM_4_dist_train_run_0002,76,Win,39.0,16,0.936650577265689,-0.08066340158575987
255,MarineMicro_MvsM_4_dist,QMIX,qmix_MarineMicro_MvsM_4_dist_train_run_0002,86,Win,39.0,16,0.7240062278401257,0.28141040072571705
256,MarineMicro_MvsM_4_dist,QMIX,qmix_MarineMicro_MvsM_4_dist_train_run_0002,91,Win,39.0,16,0.9321729698333155,0.385262497129761
257,MarineMicro_MvsM_4_dist,QMIX,qmix_MarineMicro_MvsM_4_dist_train_run_0002,27,Win,39.0,17,1.257008232838894,0.06014327432549203
258,MarineMicro_MvsM_4_dist,QMIX,qmix_MarineMicro_MvsM_4_dist_train_run_0002,49,Win,39.0,17,0.8184261686176258,0.18800042527161726
259,MarineMicro_MvsM_4_dist,QMIX,qmix_MarineMicro_MvsM_4_dist_train_run_0002,63,Win,39.0,17,0.4613863116225053,0.07480124775383327
260,MarineMicro_MvsM_4_dist,QMIX,qmix_MarineMicro_MvsM_4_dist_train_run_0002,97,Win,39.0,17,0.35895751202560583,0.6282525105311355
261,MarineMicro_MvsM_4_dist,QMIX,qmix_MarineMicro_MvsM_4_dist_train_run_0002,21,Win,39.0,18,0.15078244303123373,0.46609681510198514
262,MarineMicro_MvsM_4_dist,QMIX,qmix_MarineMicro_MvsM_4_dist_train_run_0002,29,Win,39.0,18,0.4584264429697278,0.1753182141585237
263,MarineMicro_MvsM_4_dist,QMIX,qmix_MarineMicro_MvsM_4_dist_train_run_0002,85,Win,36.0,16,-0.03165089812287887,1.5480201715965023
264,MarineMicro_MvsM_4_dist,QMIX,qmix_MarineMicro_MvsM_4_dist_train_run_0002,19,Win,36.0,17,0.6128676233614411,1.2612511500645827
265,MarineMicro_MvsM_4_dist,QMIX,qmix_MarineMicro_MvsM_4_dist_train_run_0002,23,Win,36.0,17,0.02300684422367356,1.4450767538566875
266,MarineMicro_MvsM_4_dist,QMIX,qmix_MarineMicro_MvsM_4_dist_train_run_0002,46,Win,36.0,18,0.13110440692586303,1.4861260225704553
267,MarineMicro_MvsM_4_dist,QMIX,qmix_MarineMicro_MvsM_4_dist_train_run_0002,53,Win,36.0,18,0.07764221192324998,1.5679247617275869
268,MarineMicro_MvsM_4_dist,QMIX,qmix_MarineMicro_MvsM_4_dist_train_run_0002,58,Win,36.0,18,0.08025496193005786,1.601113623312052
269,MarineMicro_MvsM_4_dist,QMIX,qmix_MarineMicro_MvsM_4_dist_train_run_0002,75,Win,36.0,19,1.0937556919136282,0.7977859282550266
270,MarineMicro_MvsM_4_dist,QMIX,qmix_MarineMicro_MvsM_4_dist_train_run_0002,78,Win,36.0,20,0.13210071581405203,1.350014053016096
271,MarineMicro_MvsM_4_dist,QMIX,qmix_MarineMicro_MvsM_4_dist_train_run_0002,13,Win,33.0,16,0.815475141069176,0.9617474461418972
272,MarineMicro_MvsM_4_dist,QMIX,qmix_MarineMicro_MvsM_4_dist_train_run_0002,20,Win,33.0,16,0.7720850024742179,0.6334937008388789
273,MarineMicro_MvsM_4_dist,QMIX,qmix_MarineMicro_MvsM_4_dist_train_run_0002,44,Win,33.0,16,0.2276319652803765,0.7948034898400026
274,MarineMicro_MvsM_4_dist,QMIX,qmix_MarineMicro_MvsM_4_dist_train_run_0002,73,Win,33.0,16,1.3289708865026444,0.5199709381146185
275,MarineMicro_MvsM_4_dist,QMIX,qmix_MarineMicro_MvsM_4_dist_train_run_0002,1,Win,33.0,17,1.319914475766401,-0.07480928243621074
276,MarineMicro_MvsM_4_dist,QMIX,qmix_MarineMicro_MvsM_4_dist_train_run_0002,7,Win,33.0,17,0.030506439204639576,1.8332591087444783
277,MarineMicro_MvsM_4_dist,QMIX,qmix_MarineMicro_MvsM_4_dist_train_run_0002,16,Win,33.0,17,0.38423569715810446,0.7092480421154079
278,MarineMicro_MvsM_4_dist,QMIX,qmix_MarineMicro_MvsM_4_dist_train_run_0002,30,Win,33.0,17,0.9405451171687345,0.010761620728126751
279,MarineMicro_MvsM_4_dist,QMIX,qmix_MarineMicro_MvsM_4_dist_train_run_0002,82,Win,33.0,17,0.2844705201431066,1.075210461583918
280,MarineMicro_MvsM_4_dist,QMIX,qmix_MarineMicro_MvsM_4_dist_train_run_0002,3,Win,33.0,18,0.2475772085815469,1.0060282936765699
281,MarineMicro_MvsM_4_dist,QMIX,qmix_MarineMicro_MvsM_4_dist_train_run_0002,64,Win,30.0,17,0.28364480064021186,1.4297502235751682
282,MarineMicro_MvsM_4_dist,QMIX,qmix_MarineMicro_MvsM_4_dist_train_run_0002,83,Win,30.0,17,-0.011884625691601257,1.4364491015482301
283,MarineMicro_MvsM_4_dist,QMIX,qmix_MarineMicro_MvsM_4_dist_train_run_0002,36,Win,30.0,18,0.1195515433572035,1.2196649889480353
284,MarineMicro_MvsM_4_dist,QMIX,qmix_MarineMicro_MvsM_4_dist_train_run_0002,31,Win,27.0,16,1.035012919958513,1.099531104532306
285,MarineMicro_MvsM_4_dist,QMIX,qmix_MarineMicro_MvsM_4_dist_train_run_0002,88,Win,27.0,16,1.2081439415095847,0.22538718302228486
286,MarineMicro_MvsM_4_dist,QMIX,qmix_MarineMicro_MvsM_4_dist_train_run_0002,59,Win,27.0,18,-0.037946864498818386,1.9791178361278474
287,MarineMicro_MvsM_4_dist,QMIX,qmix_MarineMicro_MvsM_4_dist_train_run_0002,67,Win,24.0,17,1.316029251638721,1.3792911750989227
288,MarineMicro_MvsM_4_dist,QMIX,qmix_MarineMicro_MvsM_4_dist_train_run_0002,62,Win,24.0,18,0.34854831273396025,1.6615129736652776
289,MarineMicro_MvsM_4_dist,QMIX,qmix_MarineMicro_MvsM_4_dist_train_run_0002,48,Win,24.0,19,0.35503197454494795,1.627843359289459
290,MarineMicro_MvsM_4_dist,QMIX,qmix_MarineMicro_MvsM_4_dist_train_run_0002,22,Win,21.0,16,1.6876928046714006,0.7333870209955943
291,MarineMicro_MvsM_4_dist,QMIX,qmix_MarineMicro_MvsM_4_dist_train_run_0002,14,Win,21.0,18,0.5286116151092258,1.6887231954924795
292,MarineMicro_MvsM_4_dist,QMIX,qmix_MarineMicro_MvsM_4_dist_train_run_0002,70,Win,21.0,18,1.4684848977695735,0.2472892003775109
293,MarineMicro_MvsM_4_dist,QMIX,qmix_MarineMicro_MvsM_4_dist_train_run_0002,96,Win,21.0,18,-0.0929194067343382,2.0330544836987734
294,MarineMicro_MvsM_4_dist,QMIX,qmix_MarineMicro_MvsM_4_dist_train_run_0002,81,Win,18.0,17,1.1319125214233179,1.6270562942759568
295,MarineMicro_MvsM_4_dist,QMIX,qmix_MarineMicro_MvsM_4_dist_train_run_0002,40,Win,15.0,21,0.7957933912982843,1.8519638900330242
296,MarineMicro_MvsM_4_dist,QMIX,qmix_MarineMicro_MvsM_4_dist_train_run_0002,61,Win,12.0,16,1.2717793219327511,1.5405009515154442
297,MarineMicro_MvsM_4_dist,QMIX,qmix_MarineMicro_MvsM_4_dist_train_run_0002,45,Win,12.0,18,1.2044765787456573,1.596693284918432
298,MarineMicro_MvsM_4_dist,QMIX,qmix_MarineMicro_MvsM_4_dist_train_run_0002,26,Win,6.0,23,0.7057853109124327,1.8162639656487702
299,MarineMicro_MvsM_4_dist,QMIX,qmix_MarineMicro_MvsM_4_dist_train_run_0002,69,Win,3.0,20,0.6099272371577386,2.3135928521287097
300,MarineMicro_MvsM_4_dist,QTRAN,qtran_MarineMicro_MvsM_4_dist_train_run_0002,60,Win,63.0,16,-0.3171122281384604,0.5245057583322346
301,MarineMicro_MvsM_4_dist,QTRAN,qtran_MarineMicro_MvsM_4_dist_train_run_0002,33,Win,54.0,15,0.6625000341980305,-1.1528186777469989
302,MarineMicro_MvsM_4_dist,QTRAN,qtran_MarineMicro_MvsM_4_dist_train_run_0002,53,Win,51.0,15,-0.22626328241267968,1.050114670000124
303,MarineMicro_MvsM_4_dist,QTRAN,qtran_MarineMicro_MvsM_4_dist_train_run_0002,1,Win,51.0,16,-0.12382383327236429,0.8239025157208518
304,MarineMicro_MvsM_4_dist,QTRAN,qtran_MarineMicro_MvsM_4_dist_train_run_0002,12,Win,51.0,16,-0.9164953215186333,0.45565267246135877
305,MarineMicro_MvsM_4_dist,QTRAN,qtran_MarineMicro_MvsM_4_dist_train_run_0002,23,Win,51.0,16,-0.7283660968530411,0.5920818920881424
306,MarineMicro_MvsM_4_dist,QTRAN,qtran_MarineMicro_MvsM_4_dist_train_run_0002,36,Win,51.0,16,-0.03961344920021565,0.6209113469932992
307,MarineMicro_MvsM_4_dist,QTRAN,qtran_MarineMicro_MvsM_4_dist_train_run_0002,55,Win,51.0,16,-0.6340424070941275,0.8579702911700798
308,MarineMicro_MvsM_4_dist,QTRAN,qtran_MarineMicro_MvsM_4_dist_train_run_0002,59,Win,51.0,16,-0.8737976814500074,0.4952898407416996
309,MarineMicro_MvsM_4_dist,QTRAN,qtran_MarineMicro_MvsM_4_dist_train_run_0002,69,Win,51.0,16,-0.15859462944061675,0.45958044442569224
310,MarineMicro_MvsM_4_dist,QTRAN,qtran_MarineMicro_MvsM_4_dist_train_run_0002,81,Win,51.0,16,-0.7045894706223451,0.38387571883451876
311,MarineMicro_MvsM_4_dist,QTRAN,qtran_MarineMicro_MvsM_4_dist_train_run_0002,99,Win,51.0,16,-0.1546686980837562,1.040779769025678
312,MarineMicro_MvsM_4_dist,QTRAN,qtran_MarineMicro_MvsM_4_dist_train_run_0002,24,Win,48.0,14,-1.2277888984850576,0.9147876550776692
313,MarineMicro_MvsM_4_dist,QTRAN,qtran_MarineMicro_MvsM_4_dist_train_run_0002,28,Win,48.0,15,0.6630627107326528,-1.1272004639706559
314,MarineMicro_MvsM_4_dist,QTRAN,qtran_MarineMicro_MvsM_4_dist_train_run_0002,86,Win,48.0,16,-0.3438074967864945,1.407747397575672
315,MarineMicro_MvsM_4_dist,QTRAN,qtran_MarineMicro_MvsM_4_dist_train_run_0002,6,Win,48.0,17,-0.6426766822001062,0.6078609451255893
316,MarineMicro_MvsM_4_dist,QTRAN,qtran_MarineMicro_MvsM_4_dist_train_run_0002,79,Win,45.0,14,-0.5255507436687191,1.3370558061508566
317,MarineMicro_MvsM_4_dist,QTRAN,qtran_MarineMicro_MvsM_4_dist_train_run_0002,3,Win,45.0,15,-0.9394811660339925,0.8405553922355489
318,MarineMicro_MvsM_4_dist,QTRAN,qtran_MarineMicro_MvsM_4_dist_train_run_0002,7,Win,45.0,15,-0.7529257280416357,0.8545084427101138
319,MarineMicro_MvsM_4_dist,QTRAN,qtran_MarineMicro_MvsM_4_dist_train_run_0002,15,Win,45.0,15,-0.49566100536081664,1.2669995904678653
320,MarineMicro_MvsM_4_dist,QTRAN,qtran_MarineMicro_MvsM_4_dist_train_run_0002,16,Win,45.0,15,-0.8041480762062971,0.5824024710136112
321,MarineMicro_MvsM_4_dist,QTRAN,qtran_MarineMicro_MvsM_4_dist_train_run_0002,38,Win,45.0,15,-0.90159994846128,0.943882273521959
322,MarineMicro_MvsM_4_dist,QTRAN,qtran_MarineMicro_MvsM_4_dist_train_run_0002,44,Win,45.0,15,-0.9394971291917322,0.857492224424954
323,MarineMicro_MvsM_4_dist,QTRAN,qtran_MarineMicro_MvsM_4_dist_train_run_0002,50,Win,45.0,15,-0.6648469920567697,1.5461822552004731
324,MarineMicro_MvsM_4_dist,QTRAN,qtran_MarineMicro_MvsM_4_dist_train_run_0002,62,Win,45.0,15,-0.0500869385017437,0.947178386969398
325,MarineMicro_MvsM_4_dist,QTRAN,qtran_MarineMicro_MvsM_4_dist_train_run_0002,66,Win,45.0,15,1.3886981394188798,-0.5718286078477542
326,MarineMicro_MvsM_4_dist,QTRAN,qtran_MarineMicro_MvsM_4_dist_train_run_0002,71,Win,45.0,15,-0.2484429136052502,1.2020056487694342
327,MarineMicro_MvsM_4_dist,QTRAN,qtran_MarineMicro_MvsM_4_dist_train_run_0002,72,Win,45.0,15,-0.7529257280416362,0.854508442710114
328,MarineMicro_MvsM_4_dist,QTRAN,qtran_MarineMicro_MvsM_4_dist_train_run_0002,88,Win,45.0,15,-0.21447291132768606,0.9272445397977461
329,MarineMicro_MvsM_4_dist,QTRAN,qtran_MarineMicro_MvsM_4_dist_train_run_0002,90,Win,45.0,15,-0.9015999484612808,0.9438822735219584
330,MarineMicro_MvsM_4_dist,QTRAN,qtran_MarineMicro_MvsM_4_dist_train_run_0002,5,Win,45.0,16,-0.37090873562049703,0.7228550990142871
331,MarineMicro_MvsM_4_dist,QTRAN,qtran_MarineMicro_MvsM_4_dist_train_run_0002,9,Win,45.0,16,-0.05344635300505799,0.726213200029828
332,MarineMicro_MvsM_4_dist,QTRAN,qtran_MarineMicro_MvsM_4_dist_train_run_0002,14,Win,45.0,16,-0.7302480578866993,0.7949535643327847
333,MarineMicro_MvsM_4_dist,QTRAN,qtran_MarineMicro_MvsM_4_dist_train_run_0002,18,Win,45.0,16,-0.7556382854094806,0.8306647815892022
334,MarineMicro_MvsM_4_dist,QTRAN,qtran_MarineMicro_MvsM_4_dist_train_run_0002,26,Win,45.0,16,-0.2717655098360478,0.9084939973786859
335,MarineMicro_MvsM_4_dist,QTRAN,qtran_MarineMicro_MvsM_4_dist_train_run_0002,34,Win,45.0,16,-0.7331609637296554,0.7749521391257413
336,MarineMicro_MvsM_4_dist,QTRAN,qtran_MarineMicro_MvsM_4_dist_train_run_0002,40,Win,45.0,16,-0.7556382854094806,0.8306647815892021
337,MarineMicro_MvsM_4_dist,QTRAN,qtran_MarineMicro_MvsM_4_dist_train_run_0002,64,Win,45.0,16,-0.34239192553196,0.904294684007545
338,MarineMicro_MvsM_4_dist,QTRAN,qtran_MarineMicro_MvsM_4_dist_train_run_0002,80,Win,45.0,16,-0.29850476736832965,0.884865479469429
339,MarineMicro_MvsM_4_dist,QTRAN,qtran_MarineMicro_MvsM_4_dist_train_run_0002,94,Win,45.0,16,-0.762434618538567,0.8157687940100171
340,MarineMicro_MvsM_4_dist,QTRAN,qtran_MarineMicro_MvsM_4_dist_train_run_0002,11,Win,45.0,17,-0.755613206456818,0.6349933111166784
341,MarineMicro_MvsM_4_dist,QTRAN,qtran_MarineMicro_MvsM_4_dist_train_run_0002,48,Win,42.0,15,-0.8755462208016492,1.2222973639057417
342,MarineMicro_MvsM_4_dist,QTRAN,qtran_MarineMicro_MvsM_4_dist_train_run_0002,2,Win,42.0,16,-0.8484581706650837,0.9875078357062727
343,MarineMicro_MvsM_4_dist,QTRAN,qtran_MarineMicro_MvsM_4_dist_train_run_0002,10,Win,42.0,16,-0.9484178147722758,0.7794033743890179
344,MarineMicro_MvsM_4_dist,QTRAN,qtran_MarineMicro_MvsM_4_dist_train_run_0002,17,Win,42.0,16,-0.34574742696744354,1.4920948859512633
345,MarineMicro_MvsM_4_dist,QTRAN,qtran_MarineMicro_MvsM_4_dist_train_run_0002,31,Win,42.0,16,-0.7814864451508018,0.8585327943181619
346,MarineMicro_MvsM_4_dist,QTRAN,qtran_MarineMicro_MvsM_4_dist_train_run_0002,41,Win,42.0,16,-0.2623897516102021,1.4758550902859582
347,MarineMicro_MvsM_4_dist,QTRAN,qtran_MarineMicro_MvsM_4_dist_train_run_0002,54,Win,42.0,16,-0.45350765862262793,1.2615086992352926
348,MarineMicro_MvsM_4_dist,QTRAN,qtran_MarineMicro_MvsM_4_dist_train_run_0002,56,Win,42.0,16,-0.3067538302471852,1.2750362176135193
349,MarineMicro_MvsM_4_dist,QTRAN,qtran_MarineMicro_MvsM_4_dist_train_run_0002,58,Win,42.0,16,-0.7911038252051626,1.0745637049714758
350,MarineMicro_MvsM_4_dist,QTRAN,qtran_MarineMicro_MvsM_4_dist_train_run_0002,63,Win,42.0,16,-0.799951631513596,1.1030769122076718
351,MarineMicro_MvsM_4_dist,QTRAN,qtran_MarineMicro_MvsM_4_dist_train_run_0002,74,Win,42.0,16,-0.3935829057665048,1.2009832331069938
352,MarineMicro_MvsM_4_dist,QTRAN,qtran_MarineMicro_MvsM_4_dist_train_run_0002,87,Win,42.0,16,-0.3795882748665405,1.659521870896661
353,MarineMicro_MvsM_4_dist,QTRAN,qtran_MarineMicro_MvsM_4_dist_train_run_0002,4,Win,42.0,17,-0.19477906010204707,1.087184884139945
354,MarineMicro_MvsM_4_dist,QTRAN,qtran_MarineMicro_MvsM_4_dist_train_run_0002,45,Win,42.0,17,-0.7357287725114072,1.218189009265933
355,MarineMicro_MvsM_4_dist,QTRAN,qtran_MarineMicro_MvsM_4_dist_train_run_0002,89,Win,42.0,17,-0.992322645743272,1.0369917332107854
356,MarineMicro_MvsM_4_dist,QTRAN,qtran_MarineMicro_MvsM_4_dist_train_run_0002,93,Win,39.0,15,0.08311317637449678,1.220193129838707
357,MarineMicro_MvsM_4_dist,QTRAN,qtran_MarineMicro_MvsM_4_dist_train_run_0002,19,Win,39.0,16,-0.3436291172201916,1.0712977321711454
358,MarineMicro_MvsM_4_dist,QTRAN,qtran_MarineMicro_MvsM_4_dist_train_run_0002,37,Win,39.0,16,-0.3239176146451274,0.753054710486194
359,MarineMicro_MvsM_4_dist,QTRAN,qtran_MarineMicro_MvsM_4_dist_train_run_0002,43,Win,39.0,16,-0.9180688515625605,0.9352285392298956
360,MarineMicro_MvsM_4_dist,QTRAN,qtran_MarineMicro_MvsM_4_dist_train_run_0002,61,Win,39.0,16,-0.7556382854094805,0.8306647815892025
361,MarineMicro_MvsM_4_dist,QTRAN,qtran_MarineMicro_MvsM_4_dist_train_run_0002,67,Win,39.0,16,-0.43726396823350866,1.169174411342396
362,MarineMicro_MvsM_4_dist,QTRAN,qtran_MarineMicro_MvsM_4_dist_train_run_0002,91,Win,39.0,16,-0.7241232853829155,0.791800629705519
363,MarineMicro_MvsM_4_dist,QTRAN,qtran_MarineMicro_MvsM_4_dist_train_run_0002,42,Win,39.0,17,-0.448173766445698,0.4269235502831761
364,MarineMicro_MvsM_4_dist,QTRAN,qtran_MarineMicro_MvsM_4_dist_train_run_0002,20,Win,36.0,16,-0.7733330113448955,1.2251023950592734
365,MarineMicro_MvsM_4_dist,QTRAN,qtran_MarineMicro_MvsM_4_dist_train_run_0002,46,Win,36.0,16,-0.3912776337829693,1.5116601067514694
366,MarineMicro_MvsM_4_dist,QTRAN,qtran_MarineMicro_MvsM_4_dist_train_run_0002,49,Win,36.0,16,-0.4580690769015323,1.3245874490216452
367,MarineMicro_MvsM_4_dist,QTRAN,qtran_MarineMicro_MvsM_4_dist_train_run_0002,70,Win,36.0,16,-0.8158008654842246,1.1079519587919313
368,MarineMicro_MvsM_4_dist,QTRAN,qtran_MarineMicro_MvsM_4_dist_train_run_0002,84,Win,36.0,16,-0.7999516315135966,1.103076912207672
369,MarineMicro_MvsM_4_dist,QTRAN,qtran_MarineMicro_MvsM_4_dist_train_run_0002,85,Win,36.0,16,-0.7627993817796622,1.198561681553977
370,MarineMicro_MvsM_4_dist,QTRAN,qtran_MarineMicro_MvsM_4_dist_train_run_0002,95,Win,36.0,16,-0.7551100989325831,1.1602591511395184
371,MarineMicro_MvsM_4_dist,QTRAN,qtran_MarineMicro_MvsM_4_dist_train_run_0002,96,Win,36.0,16,-0.5442289861464971,1.412202970471056
372,MarineMicro_MvsM_4_dist,QTRAN,qtran_MarineMicro_MvsM_4_dist_train_run_0002,8,Win,36.0,17,-0.17478770328225424,1.4761273731313023
373,MarineMicro_MvsM_4_dist,QTRAN,qtran_MarineMicro_MvsM_4_dist_train_run_0002,21,Win,36.0,17,-0.732133232697634,1.2357170731234655
374,MarineMicro_MvsM_4_dist,QTRAN,qtran_MarineMicro_MvsM_4_dist_train_run_0002,22,Win,36.0,17,-0.7663694123735052,1.3894337644284778
375,MarineMicro_MvsM_4_dist,QTRAN,qtran_MarineMicro_MvsM_4_dist_train_run_0002,47,Win,36.0,17,-0.8903648600416425,1.1589387363727832
376,MarineMicro_MvsM_4_dist,QTRAN,qtran_MarineMicro_MvsM_4_dist_train_run_0002,51,Win,36.0,17,-0.8091383545963774,1.2428746234505688
377,MarineMicro_MvsM_4_dist,QTRAN,qtran_MarineMicro_MvsM_4_dist_train_run_0002,52,Win,36.0,17,-0.48141778659506307,1.4543167780423816
378,MarineMicro_MvsM_4_dist,QTRAN,qtran_MarineMicro_MvsM_4_dist_train_run_0002,57,Win,36.0,17,-0.38735281235509106,1.3772042942554987
379,MarineMicro_MvsM_4_dist,QTRAN,qtran_MarineMicro_MvsM_4_dist_train_run_0002,65,Win,36.0,17,-0.4067310163217192,1.350001199375014
380,MarineMicro_MvsM_4_dist,QTRAN,qtran_MarineMicro_MvsM_4_dist_train_run_0002,76,Win,36.0,17,-0.6993283274074026,1.123638392920888
381,MarineMicro_MvsM_4_dist,QTRAN,qtran_MarineMicro_MvsM_4_dist_train_run_0002,82,Win,36.0,17,-0.3376962115802446,1.3231774221178534
382,MarineMicro_MvsM_4_dist,QTRAN,qtran_MarineMicro_MvsM_4_dist_train_run_0002,83,Win,36.0,17,-0.7852727727365494,1.3592417024656898
383,MarineMicro_MvsM_4_dist,QTRAN,qtran_MarineMicro_MvsM_4_dist_train_run_0002,92,Win,36.0,17,-0.8091383545963768,1.2428746234505683
384,MarineMicro_MvsM_4_dist,QTRAN,qtran_MarineMicro_MvsM_4_dist_train_run_0002,98,Win,36.0,17,-0.7445479721961793,1.257270925932294
385,MarineMicro_MvsM_4_dist,QTRAN,qtran_MarineMicro_MvsM_4_dist_train_run_0002,25,Win,36.0,18,-0.20077417282305135,1.6265659172429434
386,MarineMicro_MvsM_4_dist,QTRAN,qtran_MarineMicro_MvsM_4_dist_train_run_0002,32,Win,30.0,16,-0.3073098768163409,1.8839572292516846
387,MarineMicro_MvsM_4_dist,QTRAN,qtran_MarineMicro_MvsM_4_dist_train_run_0002,75,Win,30.0,16,-0.8609677905914411,1.3030601458518145
388,MarineMicro_MvsM_4_dist,QTRAN,qtran_MarineMicro_MvsM_4_dist_train_run_0002,13,Win,30.0,17,-0.376045576359815,1.7637693244973853
389,MarineMicro_MvsM_4_dist,QTRAN,qtran_MarineMicro_MvsM_4_dist_train_run_0002,29,Win,30.0,17,-0.7685266179493635,1.3012658128515515
390,MarineMicro_MvsM_4_dist,QTRAN,qtran_MarineMicro_MvsM_4_dist_train_run_0002,35,Win,30.0,17,-0.4956736787806218,1.510717598811097
391,MarineMicro_MvsM_4_dist,QTRAN,qtran_MarineMicro_MvsM_4_dist_train_run_0002,77,Win,30.0,17,-0.12346938170758573,1.361675703641767
392,MarineMicro_MvsM_4_dist,QTRAN,qtran_MarineMicro_MvsM_4_dist_train_run_0002,78,Win,30.0,17,-0.2980619824484321,1.6244728495468956
393,MarineMicro_MvsM_4_dist,QTRAN,qtran_MarineMicro_MvsM_4_dist_train_run_0002,27,Win,27.0,17,0.11782192457382755,0.9003306135646258
394,MarineMicro_MvsM_4_dist,QTRAN,qtran_MarineMicro_MvsM_4_dist_train_run_0002,97,Win,27.0,18,-0.2969296757051041,1.9783980161785624
395,MarineMicro_MvsM_4_dist,QTRAN,qtran_MarineMicro_MvsM_4_dist_train_run_0002,100,Win,27.0,19,-0.722458553384924,1.8077534413188558
396,MarineMicro_MvsM_4_dist,QTRAN,qtran_MarineMicro_MvsM_4_dist_train_run_0002,39,Win,24.0,17,-0.42604598842671315,1.8789212268829036
397,MarineMicro_MvsM_4_dist,QTRAN,qtran_MarineMicro_MvsM_4_dist_train_run_0002,30,Win,9.0,18,0.14605817176591696,2.2173465133479606
398,MarineMicro_MvsM_4_dist,QTRAN,qtran_MarineMicro_MvsM_4_dist_train_run_0002,68,Win,3.0,20,-0.510826257637215,2.258681065240269
399,MarineMicro_MvsM_4_dist,QTRAN,qtran_MarineMicro_MvsM_4_dist_train_run_0002,73,Loss,-6.0,19,-0.5802973852316818,2.6341012002664574
400,MarineMicro_MvsM_4_dist,VDN,vdn_MarineMicro_MvsM_4_dist_train_run_0002,1,Win,45.0,16,1.303054787200794,-0.6451583673340548
401,MarineMicro_MvsM_4_dist,VDN,vdn_MarineMicro_MvsM_4_dist_train_run_0002,7,Win,42.0,17,0.4505868856361006,0.7314754813543987
402,MarineMicro_MvsM_4_dist,VDN,vdn_MarineMicro_MvsM_4_dist_train_run_0002,6,Win,39.0,16,0.6967246201096929,0.9503882428281495
403,MarineMicro_MvsM_4_dist,VDN,vdn_MarineMicro_MvsM_4_dist_train_run_0002,14,Win,39.0,16,0.9602375815483416,0.22834873359947797
404,MarineMicro_MvsM_4_dist,VDN,vdn_MarineMicro_MvsM_4_dist_train_run_0002,16,Win,39.0,16,0.5612741986502198,0.5175914835792301
405,MarineMicro_MvsM_4_dist,VDN,vdn_MarineMicro_MvsM_4_dist_train_run_0002,51,Win,39.0,16,0.7579754683961072,0.9088214560889768
406,MarineMicro_MvsM_4_dist,VDN,vdn_MarineMicro_MvsM_4_dist_train_run_0002,77,Win,39.0,16,0.43151584223941714,0.9439443753873515
407,MarineMicro_MvsM_4_dist,VDN,vdn_MarineMicro_MvsM_4_dist_train_run_0002,81,Win,39.0,17,0.8951533634630149,0.47037567384160045
408,MarineMicro_MvsM_4_dist,VDN,vdn_MarineMicro_MvsM_4_dist_train_run_0002,85,Win,39.0,17,0.8794088564395627,0.5305332159227029
409,MarineMicro_MvsM_4_dist,VDN,vdn_MarineMicro_MvsM_4_dist_train_run_0002,49,Win,39.0,18,0.6758926745549505,0.40457997401285123
410,MarineMicro_MvsM_4_dist,VDN,vdn_MarineMicro_MvsM_4_dist_train_run_0002,27,Win,36.0,16,0.8390153142057316,0.9892843170057835
411,MarineMicro_MvsM_4_dist,VDN,vdn_MarineMicro_MvsM_4_dist_train_run_0002,45,Win,36.0,16,1.1920719167352747,0.16244548720303442
412,MarineMicro_MvsM_4_dist,VDN,vdn_MarineMicro_MvsM_4_dist_train_run_0002,19,Win,36.0,17,0.7101796662960296,0.3920899899101295
413,MarineMicro_MvsM_4_dist,VDN,vdn_MarineMicro_MvsM_4_dist_train_run_0002,42,Win,36.0,17,0.3928370627615231,1.5140666121286517
414,MarineMicro_MvsM_4_dist,VDN,vdn_MarineMicro_MvsM_4_dist_train_run_0002,12,Win,33.0,15,0.6087912974527839,0.9536592052648328
415,MarineMicro_MvsM_4_dist,VDN,vdn_MarineMicro_MvsM_4_dist_train_run_0002,79,Win,33.0,15,1.3941160589137611,0.7916016432461301
416,MarineMicro_MvsM_4_dist,VDN,vdn_MarineMicro_MvsM_4_dist_train_run_0002,10,Win,33.0,16,1.373534501531842,0.7427668644186751
417,MarineMicro_MvsM_4_dist,VDN,vdn_MarineMicro_MvsM_4_dist_train_run_0002,13,Win,33.0,16,0.5700382071079207,0.8499445798294258
418,MarineMicro_MvsM_4_dist,VDN,vdn_MarineMicro_MvsM_4_dist_train_run_0002,29,Win,33.0,16,1.0966074121707405,0.37171996484038594
419,MarineMicro_MvsM_4_dist,VDN,vdn_MarineMicro_MvsM_4_dist_train_run_0002,31,Win,33.0,16,1.335759997037209,0.7926372732182191
420,MarineMicro_MvsM_4_dist,VDN,vdn_MarineMicro_MvsM_4_dist_train_run_0002,32,Win,33.0,16,1.1804470983902255,0.8264486946837297
421,MarineMicro_MvsM_4_dist,VDN,vdn_MarineMicro_MvsM_4_dist_train_run_0002,37,Win,33.0,16,1.3373491267525932,0.9344598110335791
422,MarineMicro_MvsM_4_dist,VDN,vdn_MarineMicro_MvsM_4_dist_train_run_0002,40,Win,33.0,16,0.5679092104059885,1.0342257237505725
423,MarineMicro_MvsM_4_dist,VDN,vdn_MarineMicro_MvsM_4_dist_train_run_0002,50,Win,33.0,16,0.6112301311955948,0.7695733250991584
424,MarineMicro_MvsM_4_dist,VDN,vdn_MarineMicro_MvsM_4_dist_train_run_0002,56,Win,33.0,16,1.0958860118688647,0.6800790960336497
425,MarineMicro_MvsM_4_dist,VDN,vdn_MarineMicro_MvsM_4_dist_train_run_0002,71,Win,33.0,16,1.0280614605907843,0.3182874515364302
426,MarineMicro_MvsM_4_dist,VDN,vdn_MarineMicro_MvsM_4_dist_train_run_0002,80,Win,33.0,16,0.8641470381086575,0.8998796890021603
427,MarineMicro_MvsM_4_dist,VDN,vdn_MarineMicro_MvsM_4_dist_train_run_0002,82,Win,33.0,16,0.8008256872705601,1.1578355305542232
428,MarineMicro_MvsM_4_dist,VDN,vdn_MarineMicro_MvsM_4_dist_train_run_0002,88,Win,33.0,16,1.170622881826237,0.38716944377099893
429,MarineMicro_MvsM_4_dist,VDN,vdn_MarineMicro_MvsM_4_dist_train_run_0002,90,Win,33.0,16,1.1985749100138465,0.8066020556975352
430,MarineMicro_MvsM_4_dist,VDN,vdn_MarineMicro_MvsM_4_dist_train_run_0002,97,Win,33.0,16,0.6220432910621214,0.5802138999052506
431,MarineMicro_MvsM_4_dist,VDN,vdn_MarineMicro_MvsM_4_dist_train_run_0002,4,Win,33.0,17,0.9366046673979662,0.6777246597515935
432,MarineMicro_MvsM_4_dist,VDN,vdn_MarineMicro_MvsM_4_dist_train_run_0002,20,Win,33.0,17,0.8247999061239001,0.575971272814962
433,MarineMicro_MvsM_4_dist,VDN,vdn_MarineMicro_MvsM_4_dist_train_run_0002,87,Win,33.0,17,0.9977837553368073,0.6653006399577579
434,MarineMicro_MvsM_4_dist,VDN,vdn_MarineMicro_MvsM_4_dist_train_run_0002,94,Win,33.0,17,1.3226026552162466,0.19326488912371265
435,MarineMicro_MvsM_4_dist,VDN,vdn_MarineMicro_MvsM_4_dist_train_run_0002,3,Win,30.0,16,0.9364364778922607,0.9368237872840349
436,MarineMicro_MvsM_4_dist,VDN,vdn_MarineMicro_MvsM_4_dist_train_run_0002,25,Win,30.0,16,1.186500857133029,0.5898947210216268
437,MarineMicro_MvsM_4_dist,VDN,vdn_MarineMicro_MvsM_4_dist_train_run_0002,60,Win,30.0,16,0.5375613915040469,1.672566459702015
438,MarineMicro_MvsM_4_dist,VDN,vdn_MarineMicro_MvsM_4_dist_train_run_0002,93,Win,30.0,16,1.031629383973163,1.2564367938799883
439,MarineMicro_MvsM_4_dist,VDN,vdn_MarineMicro_MvsM_4_dist_train_run_0002,39,Win,30.0,17,0.7964852516323001,1.5719539108887748
440,MarineMicro_MvsM_4_dist,VDN,vdn_MarineMicro_MvsM_4_dist_train_run_0002,68,Win,30.0,17,1.1406049398355143,0.45533492517360574
441,MarineMicro_MvsM_4_dist,VDN,vdn_MarineMicro_MvsM_4_dist_train_run_0002,75,Win,30.0,17,0.849314868550008,0.7931291879956021
442,MarineMicro_MvsM_4_dist,VDN,vdn_MarineMicro_MvsM_4_dist_train_run_0002,95,Win,30.0,17,0.581598664558279,1.1170591202841105
443,MarineMicro_MvsM_4_dist,VDN,vdn_MarineMicro_MvsM_4_dist_train_run_0002,100,Win,30.0,17,0.7689128940406184,1.2114246959256918
444,MarineMicro_MvsM_4_dist,VDN,vdn_MarineMicro_MvsM_4_dist_train_run_0002,36,Win,30.0,18,0.4586391391121387,1.7281570245046922
445,MarineMicro_MvsM_4_dist,VDN,vdn_MarineMicro_MvsM_4_dist_train_run_0002,76,Win,30.0,18,1.063355473154337,1.2361146914731629
446,MarineMicro_MvsM_4_dist,VDN,vdn_MarineMicro_MvsM_4_dist_train_run_0002,23,Win,27.0,15,1.3865197379560439,1.0731548059173248
447,MarineMicro_MvsM_4_dist,VDN,vdn_MarineMicro_MvsM_4_dist_train_run_0002,33,Win,27.0,15,1.1602396496696237,1.2000295169771946
448,MarineMicro_MvsM_4_dist,VDN,vdn_MarineMicro_MvsM_4_dist_train_run_0002,2,Win,27.0,16,1.164465449518369,1.2764580450226795
449,MarineMicro_MvsM_4_dist,VDN,vdn_MarineMicro_MvsM_4_dist_train_run_0002,28,Win,27.0,16,1.1218692664724614,0.5215709057308507
450,MarineMicro_MvsM_4_dist,VDN,vdn_MarineMicro_MvsM_4_dist_train_run_0002,34,Win,27.0,16,1.0740066017980767,0.850232435924914
451,MarineMicro_MvsM_4_dist,VDN,vdn_MarineMicro_MvsM_4_dist_train_run_0002,43,Win,27.0,16,0.5953098869710027,0.7328972430271923
452,MarineMicro_MvsM_4_dist,VDN,vdn_MarineMicro_MvsM_4_dist_train_run_0002,46,Win,27.0,16,1.2094213439458843,0.7221957481342673
453,MarineMicro_MvsM_4_dist,VDN,vdn_MarineMicro_MvsM_4_dist_train_run_0002,54,Win,27.0,16,1.6416808030107115,1.0107762804114866
454,MarineMicro_MvsM_4_dist,VDN,vdn_MarineMicro_MvsM_4_dist_train_run_0002,65,Win,27.0,16,0.7141301857061007,1.25119542034652
455,MarineMicro_MvsM_4_dist,VDN,vdn_MarineMicro_MvsM_4_dist_train_run_0002,73,Win,27.0,16,1.3244976810523006,0.8903239525854302
456,MarineMicro_MvsM_4_dist,VDN,vdn_MarineMicro_MvsM_4_dist_train_run_0002,86,Win,27.0,16,0.5570499603681258,0.8049262868514611
457,MarineMicro_MvsM_4_dist,VDN,vdn_MarineMicro_MvsM_4_dist_train_run_0002,92,Win,27.0,16,0.6519419566656802,1.0611490014403075
458,MarineMicro_MvsM_4_dist,VDN,vdn_MarineMicro_MvsM_4_dist_train_run_0002,98,Win,27.0,16,0.5200158658557578,0.9516400557314214
459,MarineMicro_MvsM_4_dist,VDN,vdn_MarineMicro_MvsM_4_dist_train_run_0002,99,Win,27.0,16,0.5614107276657382,0.8895780769112978
460,MarineMicro_MvsM_4_dist,VDN,vdn_MarineMicro_MvsM_4_dist_train_run_0002,5,Win,27.0,17,1.067989612739332,0.9219648895186343
461,MarineMicro_MvsM_4_dist,VDN,vdn_MarineMicro_MvsM_4_dist_train_run_0002,9,Win,27.0,17,1.2965930133302124,0.5960420200146141
462,MarineMicro_MvsM_4_dist,VDN,vdn_MarineMicro_MvsM_4_dist_train_run_0002,15,Win,27.0,17,1.1494836405678082,0.5766359673901831
463,MarineMicro_MvsM_4_dist,VDN,vdn_MarineMicro_MvsM_4_dist_train_run_0002,48,Win,27.0,17,0.588937666072673,0.8062399258482352
464,MarineMicro_MvsM_4_dist,VDN,vdn_MarineMicro_MvsM_4_dist_train_run_0002,53,Win,27.0,17,1.3027190614027224,0.7149558840094921
465,MarineMicro_MvsM_4_dist,VDN,vdn_MarineMicro_MvsM_4_dist_train_run_0002,55,Win,27.0,17,0.743127887931593,0.8147316355352818
466,MarineMicro_MvsM_4_dist,VDN,vdn_MarineMicro_MvsM_4_dist_train_run_0002,63,Win,27.0,17,0.7824841827745647,1.0369631181966237
467,MarineMicro_MvsM_4_dist,VDN,vdn_MarineMicro_MvsM_4_dist_train_run_0002,70,Win,27.0,17,1.1684250568823193,0.4154405348714007
468,MarineMicro_MvsM_4_dist,VDN,vdn_MarineMicro_MvsM_4_dist_train_run_0002,89,Win,27.0,17,1.4170499029387902,0.2759779796962632
469,MarineMicro_MvsM_4_dist,VDN,vdn_MarineMicro_MvsM_4_dist_train_run_0002,91,Win,27.0,17,1.355488457819289,0.4828197233793848
470,MarineMicro_MvsM_4_dist,VDN,vdn_MarineMicro_MvsM_4_dist_train_run_0002,21,Win,24.0,16,0.8686227617091501,1.6471394804222135
471,MarineMicro_MvsM_4_dist,VDN,vdn_MarineMicro_MvsM_4_dist_train_run_0002,24,Win,24.0,16,1.4269636320935004,1.3186101777092645
472,MarineMicro_MvsM_4_dist,VDN,vdn_MarineMicro_MvsM_4_dist_train_run_0002,35,Win,24.0,16,1.484653813690142,0.9995918993747899
473,MarineMicro_MvsM_4_dist,VDN,vdn_MarineMicro_MvsM_4_dist_train_run_0002,84,Win,24.0,16,0.9075655658364963,1.141032815618626
474,MarineMicro_MvsM_4_dist,VDN,vdn_MarineMicro_MvsM_4_dist_train_run_0002,8,Win,24.0,17,0.7813977178847731,1.4097028120835895
475,MarineMicro_MvsM_4_dist,VDN,vdn_MarineMicro_MvsM_4_dist_train_run_0002,26,Win,24.0,17,1.2209370765367356,1.0632374744788116
476,MarineMicro_MvsM_4_dist,VDN,vdn_MarineMicro_MvsM_4_dist_train_run_0002,30,Win,24.0,17,0.6967446580665647,1.8830946684439702
477,MarineMicro_MvsM_4_dist,VDN,vdn_MarineMicro_MvsM_4_dist_train_run_0002,47,Win,24.0,17,0.9071339691739507,1.5791524320953636
478,MarineMicro_MvsM_4_dist,VDN,vdn_MarineMicro_MvsM_4_dist_train_run_0002,58,Win,24.0,17,0.499340942309678,1.5850374851770554
479,MarineMicro_MvsM_4_dist,VDN,vdn_MarineMicro_MvsM_4_dist_train_run_0002,62,Win,24.0,17,0.955043221346743,1.608505549417777
480,MarineMicro_MvsM_4_dist,VDN,vdn_MarineMicro_MvsM_4_dist_train_run_0002,78,Win,24.0,17,0.6344761778370223,1.6272563866267202
481,MarineMicro_MvsM_4_dist,VDN,vdn_MarineMicro_MvsM_4_dist_train_run_0002,52,Win,24.0,18,0.3503488467434277,1.3708035861761
482,MarineMicro_MvsM_4_dist,VDN,vdn_MarineMicro_MvsM_4_dist_train_run_0002,72,Win,24.0,18,0.43177397149510754,1.6156066567780574
483,MarineMicro_MvsM_4_dist,VDN,vdn_MarineMicro_MvsM_4_dist_train_run_0002,74,Win,24.0,18,0.48542925948506366,1.6866890128701382
484,MarineMicro_MvsM_4_dist,VDN,vdn_MarineMicro_MvsM_4_dist_train_run_0002,22,Win,21.0,16,1.4286139736021444,0.8755489658822019
485,MarineMicro_MvsM_4_dist,VDN,vdn_MarineMicro_MvsM_4_dist_train_run_0002,61,Win,21.0,16,1.1671969625738596,1.0924992802862645
486,MarineMicro_MvsM_4_dist,VDN,vdn_MarineMicro_MvsM_4_dist_train_run_0002,69,Win,21.0,16,0.9781263352960656,0.8946323600753301
487,MarineMicro_MvsM_4_dist,VDN,vdn_MarineMicro_MvsM_4_dist_train_run_0002,41,Win,21.0,17,1.0728344441961246,1.8145182420415051
488,MarineMicro_MvsM_4_dist,VDN,vdn_MarineMicro_MvsM_4_dist_train_run_0002,44,Win,21.0,17,1.4352892360085918,0.7037233591458633
489,MarineMicro_MvsM_4_dist,VDN,vdn_MarineMicro_MvsM_4_dist_train_run_0002,59,Win,21.0,17,1.2486094200283817,0.8966954081281988
490,MarineMicro_MvsM_4_dist,VDN,vdn_MarineMicro_MvsM_4_dist_train_run_0002,66,Win,21.0,17,1.1199850876291306,0.7908417991452322
491,MarineMicro_MvsM_4_dist,VDN,vdn_MarineMicro_MvsM_4_dist_train_run_0002,67,Win,18.0,16,1.193024073558142,1.414283596357087
492,MarineMicro_MvsM_4_dist,VDN,vdn_MarineMicro_MvsM_4_dist_train_run_0002,17,Win,18.0,17,0.8680216082576325,1.6641253370726592
493,MarineMicro_MvsM_4_dist,VDN,vdn_MarineMicro_MvsM_4_dist_train_run_0002,18,Win,18.0,17,0.6877010006862703,1.6454063539273325
494,MarineMicro_MvsM_4_dist,VDN,vdn_MarineMicro_MvsM_4_dist_train_run_0002,83,Win,18.0,17,1.0868171391933934,1.528039512378615
495,MarineMicro_MvsM_4_dist,VDN,vdn_MarineMicro_MvsM_4_dist_train_run_0002,96,Win,18.0,17,0.6137386249932452,1.9695909554609952
496,MarineMicro_MvsM_4_dist,VDN,vdn_MarineMicro_MvsM_4_dist_train_run_0002,11,Win,18.0,18,0.9128064861480722,1.626292756427431
497,MarineMicro_MvsM_4_dist,VDN,vdn_MarineMicro_MvsM_4_dist_train_run_0002,38,Win,15.0,17,1.5502917361121311,0.9500150167355372
498,MarineMicro_MvsM_4_dist,VDN,vdn_MarineMicro_MvsM_4_dist_train_run_0002,64,Win,15.0,19,0.9334166560564683,1.7463114650755318
499,MarineMicro_MvsM_4_dist,VDN,vdn_MarineMicro_MvsM_4_dist_train_run_0002,57,Win,12.0,18,0.5433377752210186,1.8321908601285228
500,MarineMicro_MvsM_4_dist,MAPPO,MarineMicro_MvsM_4_dist/mappo/check/paper_train_v1/seed_1/evaluations,10,Win,78.0,14,-0.05163018777412737,-1.2925612366511983
501,MarineMicro_MvsM_4_dist,MAPPO,MarineMicro_MvsM_4_dist/mappo/check/paper_train_v1/seed_1/evaluations,55,Win,78.0,14,-0.8525252699500985,-0.625728026098328
502,MarineMicro_MvsM_4_dist,MAPPO,MarineMicro_MvsM_4_dist/mappo/check/paper_train_v1/seed_1/evaluations,88,Win,75.0,15,0.1515646506965716,-0.9106727173172061
503,MarineMicro_MvsM_4_dist,MAPPO,MarineMicro_MvsM_4_dist/mappo/check/paper_train_v1/seed_1/evaluations,1,Win,75.0,16,0.20098429126488285,-0.9834681239537066
504,MarineMicro_MvsM_4_dist,MAPPO,MarineMicro_MvsM_4_dist/mappo/check/paper_train_v1/seed_1/evaluations,20,Win,75.0,16,0.23183683776583533,-0.9685892437724816
505,MarineMicro_MvsM_4_dist,MAPPO,MarineMicro_MvsM_4_dist/mappo/check/paper_train_v1/seed_1/evaluations,39,Win,75.0,16,0.38535908218163706,-0.8501640043959648
506,MarineMicro_MvsM_4_dist,MAPPO,MarineMicro_MvsM_4_dist/mappo/check/paper_train_v1/seed_1/evaluations,98,Win,75.0,16,0.23183683776583505,-0.9685892437724809
507,MarineMicro_MvsM_4_dist,MAPPO,MarineMicro_MvsM_4_dist/mappo/check/paper_train_v1/seed_1/evaluations,62,Win,72.0,14,-0.8525252699500974,-0.6257280260983307
508,MarineMicro_MvsM_4_dist,MAPPO,MarineMicro_MvsM_4_dist/mappo/check/paper_train_v1/seed_1/evaluations,81,Win,72.0,14,-0.8130640498271434,-0.6834852583701604
509,MarineMicro_MvsM_4_dist,MAPPO,MarineMicro_MvsM_4_dist/mappo/check/paper_train_v1/seed_1/evaluations,41,Win,69.0,14,0.22819528556256985,-1.1440028600577445
510,MarineMicro_MvsM_4_dist,MAPPO,MarineMicro_MvsM_4_dist/mappo/check/paper_train_v1/seed_1/evaluations,12,Win,69.0,15,0.24450344871838556,-0.8472880509757081
511,MarineMicro_MvsM_4_dist,MAPPO,MarineMicro_MvsM_4_dist/mappo/check/paper_train_v1/seed_1/evaluations,15,Win,69.0,15,-0.7114427187295789,-0.5596027854419136
512,MarineMicro_MvsM_4_dist,MAPPO,MarineMicro_MvsM_4_dist/mappo/check/paper_train_v1/seed_1/evaluations,47,Win,69.0,15,0.023220813984859406,-1.03123884730037
513,MarineMicro_MvsM_4_dist,MAPPO,MarineMicro_MvsM_4_dist/mappo/check/paper_train_v1/seed_1/evaluations,49,Win,69.0,15,0.1664307135967121,-0.9302536605537044
514,MarineMicro_MvsM_4_dist,MAPPO,MarineMicro_MvsM_4_dist/mappo/check/paper_train_v1/seed_1/evaluations,67,Win,69.0,15,-0.6079057101353343,-0.4764715939440419
515,MarineMicro_MvsM_4_dist,MAPPO,MarineMicro_MvsM_4_dist/mappo/check/paper_train_v1/seed_1/evaluations,75,Win,69.0,15,0.30724607683544825,-0.8387279348987106
516,MarineMicro_MvsM_4_dist,MAPPO,MarineMicro_MvsM_4_dist/mappo/check/paper_train_v1/seed_1/evaluations,6,Win,69.0,16,0.34364246823998185,-1.019908270424617
517,MarineMicro_MvsM_4_dist,MAPPO,MarineMicro_MvsM_4_dist/mappo/check/paper_train_v1/seed_1/evaluations,17,Win,69.0,16,0.34364246823998185,-1.019908270424617
518,MarineMicro_MvsM_4_dist,MAPPO,MarineMicro_MvsM_4_dist/mappo/check/paper_train_v1/seed_1/evaluations,28,Win,69.0,16,-0.10559844068757347,-0.6234512234371621
519,MarineMicro_MvsM_4_dist,MAPPO,MarineMicro_MvsM_4_dist/mappo/check/paper_train_v1/seed_1/evaluations,40,Win,69.0,16,-0.6487633910834067,-0.4104486773335312
520,MarineMicro_MvsM_4_dist,MAPPO,MarineMicro_MvsM_4_dist/mappo/check/paper_train_v1/seed_1/evaluations,48,Win,69.0,16,0.31927894121563677,-0.8616382202859386
521,MarineMicro_MvsM_4_dist,MAPPO,MarineMicro_MvsM_4_dist/mappo/check/paper_train_v1/seed_1/evaluations,64,Win,69.0,16,0.3581055273043347,-0.8975765565394024
522,MarineMicro_MvsM_4_dist,MAPPO,MarineMicro_MvsM_4_dist/mappo/check/paper_train_v1/seed_1/evaluations,91,Win,69.0,16,0.30837908950155335,-0.880608966050038
523,MarineMicro_MvsM_4_dist,MAPPO,MarineMicro_MvsM_4_dist/mappo/check/paper_train_v1/seed_1/evaluations,95,Win,69.0,16,-0.4778280246034799,-0.366716782819839
524,MarineMicro_MvsM_4_dist,MAPPO,MarineMicro_MvsM_4_dist/mappo/check/paper_train_v1/seed_1/evaluations,100,Win,69.0,16,-0.17385400084437333,-0.7757808571226
525,MarineMicro_MvsM_4_dist,MAPPO,MarineMicro_MvsM_4_dist/mappo/check/paper_train_v1/seed_1/evaluations,23,Win,66.0,14,0.16990315060648897,-1.2591435191710767
526,MarineMicro_MvsM_4_dist,MAPPO,MarineMicro_MvsM_4_dist/mappo/check/paper_train_v1/seed_1/evaluations,71,Win,66.0,14,-0.13158293258803208,-1.3013766334976817
527,MarineMicro_MvsM_4_dist,MAPPO,MarineMicro_MvsM_4_dist/mappo/check/paper_train_v1/seed_1/evaluations,21,Win,66.0,15,-0.8513577573636747,-0.6130407281653768
528,MarineMicro_MvsM_4_dist,MAPPO,MarineMicro_MvsM_4_dist/mappo/check/paper_train_v1/seed_1/evaluations,34,Win,66.0,15,-0.8513577573636748,-0.6130407281653768
529,MarineMicro_MvsM_4_dist,MAPPO,MarineMicro_MvsM_4_dist/mappo/check/paper_train_v1/seed_1/evaluations,52,Win,66.0,15,-1.114571266925555,-0.2811921232144429
530,MarineMicro_MvsM_4_dist,MAPPO,MarineMicro_MvsM_4_dist/mappo/check/paper_train_v1/seed_1/evaluations,86,Win,66.0,15,-0.8626133641610924,-0.6674736131487587
531,MarineMicro_MvsM_4_dist,MAPPO,MarineMicro_MvsM_4_dist/mappo/check/paper_train_v1/seed_1/evaluations,9,Win,63.0,14,-0.6517538501792034,-0.2685822306916213
532,MarineMicro_MvsM_4_dist,MAPPO,MarineMicro_MvsM_4_dist/mappo/check/paper_train_v1/seed_1/evaluations,7,Win,63.0,15,-0.5581628336048317,-0.2777866138677693
533,MarineMicro_MvsM_4_dist,MAPPO,MarineMicro_MvsM_4_dist/mappo/check/paper_train_v1/seed_1/evaluations,13,Win,63.0,15,0.1898308863851751,-0.8450791277281967
534,MarineMicro_MvsM_4_dist,MAPPO,MarineMicro_MvsM_4_dist/mappo/check/paper_train_v1/seed_1/evaluations,14,Win,63.0,15,-0.6732916923540616,-0.25920563800736524
535,MarineMicro_MvsM_4_dist,MAPPO,MarineMicro_MvsM_4_dist/mappo/check/paper_train_v1/seed_1/evaluations,19,Win,63.0,15,0.2139903334835345,-0.8181009186181143
536,MarineMicro_MvsM_4_dist,MAPPO,MarineMicro_MvsM_4_dist/mappo/check/paper_train_v1/seed_1/evaluations,29,Win,63.0,15,0.15156465069657163,-0.9106727173172054
537,MarineMicro_MvsM_4_dist,MAPPO,MarineMicro_MvsM_4_dist/mappo/check/paper_train_v1/seed_1/evaluations,53,Win,63.0,15,-0.6216706465346195,-0.25122852914764493
538,MarineMicro_MvsM_4_dist,MAPPO,MarineMicro_MvsM_4_dist/mappo/check/paper_train_v1/seed_1/evaluations,72,Win,63.0,15,-0.11594967983902649,-0.7837734382016597
539,MarineMicro_MvsM_4_dist,MAPPO,MarineMicro_MvsM_4_dist/mappo/check/paper_train_v1/seed_1/evaluations,89,Win,63.0,15,-0.7494125912456642,-0.3371635660376376
540,MarineMicro_MvsM_4_dist,MAPPO,MarineMicro_MvsM_4_dist/mappo/check/paper_train_v1/seed_1/evaluations,93,Win,63.0,15,-0.1764918203118644,-0.677763139380645
541,MarineMicro_MvsM_4_dist,MAPPO,MarineMicro_MvsM_4_dist/mappo/check/paper_train_v1/seed_1/evaluations,4,Win,63.0,16,-0.5692821174343405,-0.3899814111340005
542,MarineMicro_MvsM_4_dist,MAPPO,MarineMicro_MvsM_4_dist/mappo/check/paper_train_v1/seed_1/evaluations,11,Win,63.0,16,-0.5587794341514318,-0.24236868465734898
543,MarineMicro_MvsM_4_dist,MAPPO,MarineMicro_MvsM_4_dist/mappo/check/paper_train_v1/seed_1/evaluations,16,Win,63.0,16,-0.04797279690198832,-0.900141036048229
544,MarineMicro_MvsM_4_dist,MAPPO,MarineMicro_MvsM_4_dist/mappo/check/paper_train_v1/seed_1/evaluations,22,Win,63.0,16,0.398307570792799,-0.8247404128277193
545,MarineMicro_MvsM_4_dist,MAPPO,MarineMicro_MvsM_4_dist/mappo/check/paper_train_v1/seed_1/evaluations,24,Win,63.0,16,-0.567416805484621,-0.3231202659269832
546,MarineMicro_MvsM_4_dist,MAPPO,MarineMicro_MvsM_4_dist/mappo/check/paper_train_v1/seed_1/evaluations,26,Win,63.0,16,-0.6600553476852912,-0.46369808052851336
547,MarineMicro_MvsM_4_dist,MAPPO,MarineMicro_MvsM_4_dist/mappo/check/paper_train_v1/seed_1/evaluations,27,Win,63.0,16,0.25948382299038797,-1.00779901648688
548,MarineMicro_MvsM_4_dist,MAPPO,MarineMicro_MvsM_4_dist/mappo/check/paper_train_v1/seed_1/evaluations,31,Win,63.0,16,-0.5595448868498398,-0.41564109668611077
549,MarineMicro_MvsM_4_dist,MAPPO,MarineMicro_MvsM_4_dist/mappo/check/paper_train_v1/seed_1/evaluations,37,Win,63.0,16,0.056142664622805274,-0.5462841722871226
550,MarineMicro_MvsM_4_dist,MAPPO,MarineMicro_MvsM_4_dist/mappo/check/paper_train_v1/seed_1/evaluations,42,Win,63.0,16,0.2009842912648827,-0.9834681239537072
551,MarineMicro_MvsM_4_dist,MAPPO,MarineMicro_MvsM_4_dist/mappo/check/paper_train_v1/seed_1/evaluations,45,Win,63.0,16,-0.613983702138883,-0.4941433097313697
552,MarineMicro_MvsM_4_dist,MAPPO,MarineMicro_MvsM_4_dist/mappo/check/paper_train_v1/seed_1/evaluations,58,Win,63.0,16,0.026570514239884813,-1.0618150010142133
553,MarineMicro_MvsM_4_dist,MAPPO,MarineMicro_MvsM_4_dist/mappo/check/paper_train_v1/seed_1/evaluations,59,Win,63.0,16,-0.5595448868498404,-0.4156410966861105
554,MarineMicro_MvsM_4_dist,MAPPO,MarineMicro_MvsM_4_dist/mappo/check/paper_train_v1/seed_1/evaluations,60,Win,63.0,16,0.25420084651005487,-1.0025734867218936
555,MarineMicro_MvsM_4_dist,MAPPO,MarineMicro_MvsM_4_dist/mappo/check/paper_train_v1/seed_1/evaluations,61,Win,63.0,16,-0.6491048219941129,-0.3568778693964513
556,MarineMicro_MvsM_4_dist,MAPPO,MarineMicro_MvsM_4_dist/mappo/check/paper_train_v1/seed_1/evaluations,68,Win,63.0,16,-0.5737475856060843,-0.4364268849273541
557,MarineMicro_MvsM_4_dist,MAPPO,MarineMicro_MvsM_4_dist/mappo/check/paper_train_v1/seed_1/evaluations,69,Win,63.0,16,-0.523013169187655,-0.3031008873363126
558,MarineMicro_MvsM_4_dist,MAPPO,MarineMicro_MvsM_4_dist/mappo/check/paper_train_v1/seed_1/evaluations,76,Win,63.0,16,-0.569282117434341,-0.38998141113400075
559,MarineMicro_MvsM_4_dist,MAPPO,MarineMicro_MvsM_4_dist/mappo/check/paper_train_v1/seed_1/evaluations,78,Win,63.0,16,0.2567885991177722,-0.8711727799764709
560,MarineMicro_MvsM_4_dist,MAPPO,MarineMicro_MvsM_4_dist/mappo/check/paper_train_v1/seed_1/evaluations,80,Win,63.0,16,-0.5595448868498404,-0.41564109668611066
561,MarineMicro_MvsM_4_dist,MAPPO,MarineMicro_MvsM_4_dist/mappo/check/paper_train_v1/seed_1/evaluations,82,Win,63.0,16,-0.6864240496242109,-0.20905149046340632
562,MarineMicro_MvsM_4_dist,MAPPO,MarineMicro_MvsM_4_dist/mappo/check/paper_train_v1/seed_1/evaluations,83,Win,63.0,16,-0.6110652896763247,-0.24652054246717303
563,MarineMicro_MvsM_4_dist,MAPPO,MarineMicro_MvsM_4_dist/mappo/check/paper_train_v1/seed_1/evaluations,84,Win,63.0,16,0.0174453196998972,-0.5918620821415373
564,MarineMicro_MvsM_4_dist,MAPPO,MarineMicro_MvsM_4_dist/mappo/check/paper_train_v1/seed_1/evaluations,85,Win,63.0,16,-0.5587794341514322,-0.24236868465734887
565,MarineMicro_MvsM_4_dist,MAPPO,MarineMicro_MvsM_4_dist/mappo/check/paper_train_v1/seed_1/evaluations,87,Win,63.0,16,-0.06034186698544744,-0.7291728590324731
566,MarineMicro_MvsM_4_dist,MAPPO,MarineMicro_MvsM_4_dist/mappo/check/paper_train_v1/seed_1/evaluations,90,Win,63.0,16,0.1812169796617394,-0.9860959595178205
567,MarineMicro_MvsM_4_dist,MAPPO,MarineMicro_MvsM_4_dist/mappo/check/paper_train_v1/seed_1/evaluations,99,Win,63.0,16,0.29047944628582495,-0.9057418474499593
568,MarineMicro_MvsM_4_dist,MAPPO,MarineMicro_MvsM_4_dist/mappo/check/paper_train_v1/seed_1/evaluations,3,Win,57.0,16,-0.05817115658435177,-0.6929999686804914
569,MarineMicro_MvsM_4_dist,MAPPO,MarineMicro_MvsM_4_dist/mappo/check/paper_train_v1/seed_1/evaluations,5,Win,57.0,16,0.10348452162725501,-0.5432031420603312
570,MarineMicro_MvsM_4_dist,MAPPO,MarineMicro_MvsM_4_dist/mappo/check/paper_train_v1/seed_1/evaluations,8,Win,57.0,16,-0.5805024507949682,-0.1703201997980834
571,MarineMicro_MvsM_4_dist,MAPPO,MarineMicro_MvsM_4_dist/mappo/check/paper_train_v1/seed_1/evaluations,18,Win,57.0,16,-0.6110652896763249,-0.24652054246717253
572,MarineMicro_MvsM_4_dist,MAPPO,MarineMicro_MvsM_4_dist/mappo/check/paper_train_v1/seed_1/evaluations,25,Win,57.0,16,-0.0009513723465416271,-0.9633983567757161
573,MarineMicro_MvsM_4_dist,MAPPO,MarineMicro_MvsM_4_dist/mappo/check/paper_train_v1/seed_1/evaluations,30,Win,57.0,16,0.2763603725727551,-0.8481862413423393
574,MarineMicro_MvsM_4_dist,MAPPO,MarineMicro_MvsM_4_dist/mappo/check/paper_train_v1/seed_1/evaluations,32,Win,57.0,16,-0.015417119296674399,-0.5704656422791142
575,MarineMicro_MvsM_4_dist,MAPPO,MarineMicro_MvsM_4_dist/mappo/check/paper_train_v1/seed_1/evaluations,33,Win,57.0,16,-0.5394596565662866,-0.35539476579643614
576,MarineMicro_MvsM_4_dist,MAPPO,MarineMicro_MvsM_4_dist/mappo/check/paper_train_v1/seed_1/evaluations,35,Win,57.0,16,-0.5965350865925492,-0.2043204594697357
577,MarineMicro_MvsM_4_dist,MAPPO,MarineMicro_MvsM_4_dist/mappo/check/paper_train_v1/seed_1/evaluations,36,Win,57.0,16,0.2701004088124083,-0.9678775129172316
578,MarineMicro_MvsM_4_dist,MAPPO,MarineMicro_MvsM_4_dist/mappo/check/paper_train_v1/seed_1/evaluations,38,Win,57.0,16,0.3601708205564406,-0.864164582715875
579,MarineMicro_MvsM_4_dist,MAPPO,MarineMicro_MvsM_4_dist/mappo/check/paper_train_v1/seed_1/evaluations,43,Win,57.0,16,0.02814235927858322,-0.945080116337913
580,MarineMicro_MvsM_4_dist,MAPPO,MarineMicro_MvsM_4_dist/mappo/check/paper_train_v1/seed_1/evaluations,44,Win,57.0,16,-0.4982172831163078,-0.41337366755131777
581,MarineMicro_MvsM_4_dist,MAPPO,MarineMicro_MvsM_4_dist/mappo/check/paper_train_v1/seed_1/evaluations,46,Win,57.0,16,-0.6773582359576037,-0.21427144683160365
582,MarineMicro_MvsM_4_dist,MAPPO,MarineMicro_MvsM_4_dist/mappo/check/paper_train_v1/seed_1/evaluations,51,Win,57.0,16,-0.0956708793352379,-0.6740736667655556
583,MarineMicro_MvsM_4_dist,MAPPO,MarineMicro_MvsM_4_dist/mappo/check/paper_train_v1/seed_1/evaluations,54,Win,57.0,16,0.21428519010177588,-0.9474514198699413
584,MarineMicro_MvsM_4_dist,MAPPO,MarineMicro_MvsM_4_dist/mappo/check/paper_train_v1/seed_1/evaluations,56,Win,57.0,16,0.2425578452721137,-0.9680242884645566
585,MarineMicro_MvsM_4_dist,MAPPO,MarineMicro_MvsM_4_dist/mappo/check/paper_train_v1/seed_1/evaluations,57,Win,57.0,16,0.10950161717625806,-0.9064809739359225
586,MarineMicro_MvsM_4_dist,MAPPO,MarineMicro_MvsM_4_dist/mappo/check/paper_train_v1/seed_1/evaluations,63,Win,57.0,16,0.2901436737329317,-0.9873625341235165
587,MarineMicro_MvsM_4_dist,MAPPO,MarineMicro_MvsM_4_dist/mappo/check/paper_train_v1/seed_1/evaluations,65,Win,57.0,16,0.036797520704393336,-0.9417506392370928
588,MarineMicro_MvsM_4_dist,MAPPO,MarineMicro_MvsM_4_dist/mappo/check/paper_train_v1/seed_1/evaluations,66,Win,57.0,16,-0.5228647019750258,-0.2306334014264919
589,MarineMicro_MvsM_4_dist,MAPPO,MarineMicro_MvsM_4_dist/mappo/check/paper_train_v1/seed_1/evaluations,70,Win,57.0,16,-0.5402947087727182,-0.32706835708362036
590,MarineMicro_MvsM_4_dist,MAPPO,MarineMicro_MvsM_4_dist/mappo/check/paper_train_v1/seed_1/evaluations,73,Win,57.0,16,0.3108259975374872,-0.8876572791899169
591,MarineMicro_MvsM_4_dist,MAPPO,MarineMicro_MvsM_4_dist/mappo/check/paper_train_v1/seed_1/evaluations,74,Win,57.0,16,-0.6658842365436537,-0.20657486514087375
592,MarineMicro_MvsM_4_dist,MAPPO,MarineMicro_MvsM_4_dist/mappo/check/paper_train_v1/seed_1/evaluations,77,Win,57.0,16,-0.047972796901988336,-0.9001410360482295
593,MarineMicro_MvsM_4_dist,MAPPO,MarineMicro_MvsM_4_dist/mappo/check/paper_train_v1/seed_1/evaluations,79,Win,57.0,16,-0.6110652896763242,-0.2465205424671731
594,MarineMicro_MvsM_4_dist,MAPPO,MarineMicro_MvsM_4_dist/mappo/check/paper_train_v1/seed_1/evaluations,92,Win,57.0,16,0.12282556560560506,-0.9205994948219476
595,MarineMicro_MvsM_4_dist,MAPPO,MarineMicro_MvsM_4_dist/mappo/check/paper_train_v1/seed_1/evaluations,94,Win,57.0,16,-0.5595448868498403,-0.41564109668611066
596,MarineMicro_MvsM_4_dist,MAPPO,MarineMicro_MvsM_4_dist/mappo/check/paper_train_v1/seed_1/evaluations,96,Win,57.0,16,-0.08803920402506978,-0.6872061354143629
597,MarineMicro_MvsM_4_dist,MAPPO,MarineMicro_MvsM_4_dist/mappo/check/paper_train_v1/seed_1/evaluations,97,Win,57.0,16,-0.5733354537622876,-0.19179603840751194
598,MarineMicro_MvsM_4_dist,MAPPO,MarineMicro_MvsM_4_dist/mappo/check/paper_train_v1/seed_1/evaluations,2,Win,57.0,17,-0.5545541425983214,-0.26359462769130715
599,MarineMicro_MvsM_4_dist,MAPPO,MarineMicro_MvsM_4_dist/mappo/check/paper_train_v1/seed_1/evaluations,50,Win,57.0,17,-0.5745575865594341,-0.23245853919537493
600,MarineMicro_MvsM_4_dist,RMAPPO,MarineMicro_MvsM_4_dist/rmappo/check/paper_train_v1/seed_1/evaluations,67,Win,75.0,14,-0.1260309184223237,-0.9541365328324812
601,MarineMicro_MvsM_4_dist,RMAPPO,MarineMicro_MvsM_4_dist/rmappo/check/paper_train_v1/seed_1/evaluations,53,Win,72.0,15,-0.8321299572125939,-0.710514616691072
602,MarineMicro_MvsM_4_dist,RMAPPO,MarineMicro_MvsM_4_dist/rmappo/check/paper_train_v1/seed_1/evaluations,7,Win,69.0,14,-0.08998768376840692,-0.22160098611386228
603,MarineMicro_MvsM_4_dist,RMAPPO,MarineMicro_MvsM_4_dist/rmappo/check/paper_train_v1/seed_1/evaluations,24,Win,69.0,14,-0.28424999674926116,-0.6200661861140234
604,MarineMicro_MvsM_4_dist,RMAPPO,MarineMicro_MvsM_4_dist/rmappo/check/paper_train_v1/seed_1/evaluations,48,Win,69.0,14,-0.6319809150527772,-0.5228893301749187
605,MarineMicro_MvsM_4_dist,RMAPPO,MarineMicro_MvsM_4_dist/rmappo/check/paper_train_v1/seed_1/evaluations,18,Win,69.0,15,-0.1422810950137722,-0.4025081755325999
606,MarineMicro_MvsM_4_dist,RMAPPO,MarineMicro_MvsM_4_dist/rmappo/check/paper_train_v1/seed_1/evaluations,73,Win,69.0,15,-0.36798065534058483,-0.953936651575884
607,MarineMicro_MvsM_4_dist,RMAPPO,MarineMicro_MvsM_4_dist/rmappo/check/paper_train_v1/seed_1/evaluations,74,Win,69.0,15,-0.25051341473704397,-1.0439470360671272
608,MarineMicro_MvsM_4_dist,RMAPPO,MarineMicro_MvsM_4_dist/rmappo/check/paper_train_v1/seed_1/evaluations,98,Win,69.0,15,-0.3997707231568589,-0.9579081937411852
609,MarineMicro_MvsM_4_dist,RMAPPO,MarineMicro_MvsM_4_dist/rmappo/check/paper_train_v1/seed_1/evaluations,1,Win,69.0,16,-0.1130489321996971,-0.8869215244887222
610,MarineMicro_MvsM_4_dist,RMAPPO,MarineMicro_MvsM_4_dist/rmappo/check/paper_train_v1/seed_1/evaluations,32,Win,69.0,16,0.023176887411901898,-0.19361282833138174
611,MarineMicro_MvsM_4_dist,RMAPPO,MarineMicro_MvsM_4_dist/rmappo/check/paper_train_v1/seed_1/evaluations,38,Win,69.0,16,-0.45791267067956937,-0.40167228042243475
612,MarineMicro_MvsM_4_dist,RMAPPO,MarineMicro_MvsM_4_dist/rmappo/check/paper_train_v1/seed_1/evaluations,47,Win,69.0,16,-0.4817679375250027,-0.28368052103907204
613,MarineMicro_MvsM_4_dist,RMAPPO,MarineMicro_MvsM_4_dist/rmappo/check/paper_train_v1/seed_1/evaluations,50,Win,69.0,16,-0.5065426909938872,-0.5118600400120035
614,MarineMicro_MvsM_4_dist,RMAPPO,MarineMicro_MvsM_4_dist/rmappo/check/paper_train_v1/seed_1/evaluations,51,Win,69.0,16,-0.08392618103935867,-0.4253997334271904
615,MarineMicro_MvsM_4_dist,RMAPPO,MarineMicro_MvsM_4_dist/rmappo/check/paper_train_v1/seed_1/evaluations,52,Win,69.0,16,-0.608715459596964,-0.27666784775718173
616,MarineMicro_MvsM_4_dist,RMAPPO,MarineMicro_MvsM_4_dist/rmappo/check/paper_train_v1/seed_1/evaluations,68,Win,69.0,16,0.07221028508912174,-0.6049159672175243
617,MarineMicro_MvsM_4_dist,RMAPPO,MarineMicro_MvsM_4_dist/rmappo/check/paper_train_v1/seed_1/evaluations,75,Win,69.0,16,0.0437609672064645,-0.6529242876272708
618,MarineMicro_MvsM_4_dist,RMAPPO,MarineMicro_MvsM_4_dist/rmappo/check/paper_train_v1/seed_1/evaluations,84,Win,69.0,16,-0.5939636898219429,-0.3561734811538288
619,MarineMicro_MvsM_4_dist,RMAPPO,MarineMicro_MvsM_4_dist/rmappo/check/paper_train_v1/seed_1/evaluations,90,Win,69.0,16,-0.3170815357068031,-0.9089632193714292
620,MarineMicro_MvsM_4_dist,RMAPPO,MarineMicro_MvsM_4_dist/rmappo/check/paper_train_v1/seed_1/evaluations,91,Win,69.0,16,-0.09722323173634914,-0.33413218661803773
621,MarineMicro_MvsM_4_dist,RMAPPO,MarineMicro_MvsM_4_dist/rmappo/check/paper_train_v1/seed_1/evaluations,99,Win,69.0,16,-0.5519320145728499,-0.4154237920817402
622,MarineMicro_MvsM_4_dist,RMAPPO,MarineMicro_MvsM_4_dist/rmappo/check/paper_train_v1/seed_1/evaluations,100,Win,69.0,16,-0.5190424927452647,-0.4026810806043532
623,MarineMicro_MvsM_4_dist,RMAPPO,MarineMicro_MvsM_4_dist/rmappo/check/paper_train_v1/seed_1/evaluations,3,Win,66.0,14,-0.003412443183342787,-0.46919703548840863
624,MarineMicro_MvsM_4_dist,RMAPPO,MarineMicro_MvsM_4_dist/rmappo/check/paper_train_v1/seed_1/evaluations,19,Win,66.0,14,-0.5951891597835385,-1.1231146495637676
625,MarineMicro_MvsM_4_dist,RMAPPO,MarineMicro_MvsM_4_dist/rmappo/check/paper_train_v1/seed_1/evaluations,71,Win,66.0,14,-0.5576921460545987,-1.1460344158674187
626,MarineMicro_MvsM_4_dist,RMAPPO,MarineMicro_MvsM_4_dist/rmappo/check/paper_train_v1/seed_1/evaluations,5,Win,66.0,15,-0.9480151996584059,-0.3388579057317286
627,MarineMicro_MvsM_4_dist,RMAPPO,MarineMicro_MvsM_4_dist/rmappo/check/paper_train_v1/seed_1/evaluations,17,Win,66.0,15,-0.9284929671924467,-0.46994915430083384
628,MarineMicro_MvsM_4_dist,RMAPPO,MarineMicro_MvsM_4_dist/rmappo/check/paper_train_v1/seed_1/evaluations,20,Win,66.0,15,-0.6110918320111004,-1.1216361249580709
629,MarineMicro_MvsM_4_dist,RMAPPO,MarineMicro_MvsM_4_dist/rmappo/check/paper_train_v1/seed_1/evaluations,35,Win,66.0,15,-0.6110918320111004,-1.1216361249580709
630,MarineMicro_MvsM_4_dist,RMAPPO,MarineMicro_MvsM_4_dist/rmappo/check/paper_train_v1/seed_1/evaluations,39,Win,66.0,15,-0.8902071639773935,-0.6625848242125225
631,MarineMicro_MvsM_4_dist,RMAPPO,MarineMicro_MvsM_4_dist/rmappo/check/paper_train_v1/seed_1/evaluations,60,Win,66.0,15,-0.36225721331024396,-1.1861163491428315
632,MarineMicro_MvsM_4_dist,RMAPPO,MarineMicro_MvsM_4_dist/rmappo/check/paper_train_v1/seed_1/evaluations,9,Win,63.0,14,-0.7105957522287838,-0.23537465631640356
633,MarineMicro_MvsM_4_dist,RMAPPO,MarineMicro_MvsM_4_dist/rmappo/check/paper_train_v1/seed_1/evaluations,10,Win,63.0,15,-0.40669725519050587,-0.9387802990500199
634,MarineMicro_MvsM_4_dist,RMAPPO,MarineMicro_MvsM_4_dist/rmappo/check/paper_train_v1/seed_1/evaluations,22,Win,63.0,15,-0.4049174037844454,-0.8460615653501522
635,MarineMicro_MvsM_4_dist,RMAPPO,MarineMicro_MvsM_4_dist/rmappo/check/paper_train_v1/seed_1/evaluations,23,Win,63.0,15,-0.4005378647577389,-0.9278985995164821
636,MarineMicro_MvsM_4_dist,RMAPPO,MarineMicro_MvsM_4_dist/rmappo/check/paper_train_v1/seed_1/evaluations,30,Win,63.0,15,-0.776969959228099,-0.42328344995991535
637,MarineMicro_MvsM_4_dist,RMAPPO,MarineMicro_MvsM_4_dist/rmappo/check/paper_train_v1/seed_1/evaluations,37,Win,63.0,15,-0.08843166401023986,-0.45926537346043256
638,MarineMicro_MvsM_4_dist,RMAPPO,MarineMicro_MvsM_4_dist/rmappo/check/paper_train_v1/seed_1/evaluations,54,Win,63.0,15,-0.19748162174057374,-0.9769381633903389
639,MarineMicro_MvsM_4_dist,RMAPPO,MarineMicro_MvsM_4_dist/rmappo/check/paper_train_v1/seed_1/evaluations,56,Win,63.0,15,-0.4066972551905059,-0.9387802990500201
640,MarineMicro_MvsM_4_dist,RMAPPO,MarineMicro_MvsM_4_dist/rmappo/check/paper_train_v1/seed_1/evaluations,64,Win,63.0,15,-0.0917614706119046,-0.42815959292163264
641,MarineMicro_MvsM_4_dist,RMAPPO,MarineMicro_MvsM_4_dist/rmappo/check/paper_train_v1/seed_1/evaluations,65,Win,63.0,15,-0.40669725519050576,-0.9387802990500199
642,MarineMicro_MvsM_4_dist,RMAPPO,MarineMicro_MvsM_4_dist/rmappo/check/paper_train_v1/seed_1/evaluations,70,Win,63.0,15,-0.36849969308204344,-0.9887814646068337
643,MarineMicro_MvsM_4_dist,RMAPPO,MarineMicro_MvsM_4_dist/rmappo/check/paper_train_v1/seed_1/evaluations,72,Win,63.0,15,-0.5940832553125834,-0.4284920919009862
644,MarineMicro_MvsM_4_dist,RMAPPO,MarineMicro_MvsM_4_dist/rmappo/check/paper_train_v1/seed_1/evaluations,78,Win,63.0,15,-0.8273358700822188,-0.34146767773485953
645,MarineMicro_MvsM_4_dist,RMAPPO,MarineMicro_MvsM_4_dist/rmappo/check/paper_train_v1/seed_1/evaluations,79,Win,63.0,15,-0.41409609423002486,-0.8654405354076647
646,MarineMicro_MvsM_4_dist,RMAPPO,MarineMicro_MvsM_4_dist/rmappo/check/paper_train_v1/seed_1/evaluations,80,Win,63.0,15,-0.5400993153203563,-0.39995123689822204
647,MarineMicro_MvsM_4_dist,RMAPPO,MarineMicro_MvsM_4_dist/rmappo/check/paper_train_v1/seed_1/evaluations,82,Win,63.0,15,-0.6199830853468332,-0.44934082606976256
648,MarineMicro_MvsM_4_dist,RMAPPO,MarineMicro_MvsM_4_dist/rmappo/check/paper_train_v1/seed_1/evaluations,85,Win,63.0,15,-0.38537989851379484,-0.8893031553890782
649,MarineMicro_MvsM_4_dist,RMAPPO,MarineMicro_MvsM_4_dist/rmappo/check/paper_train_v1/seed_1/evaluations,86,Win,63.0,15,-0.7282015291777668,-0.41162359641377194
650,MarineMicro_MvsM_4_dist,RMAPPO,MarineMicro_MvsM_4_dist/rmappo/check/paper_train_v1/seed_1/evaluations,93,Win,63.0,15,-0.5389223228666626,-0.5459480969734862
651,MarineMicro_MvsM_4_dist,RMAPPO,MarineMicro_MvsM_4_dist/rmappo/check/paper_train_v1/seed_1/evaluations,2,Win,63.0,16,-0.6259172906689868,-0.43517033885993245
652,MarineMicro_MvsM_4_dist,RMAPPO,MarineMicro_MvsM_4_dist/rmappo/check/paper_train_v1/seed_1/evaluations,6,Win,63.0,16,-0.49233772208951415,-0.37294230884532986
653,MarineMicro_MvsM_4_dist,RMAPPO,MarineMicro_MvsM_4_dist/rmappo/check/paper_train_v1/seed_1/evaluations,8,Win,63.0,16,-0.38740811577849704,-0.8843721430698648
654,MarineMicro_MvsM_4_dist,RMAPPO,MarineMicro_MvsM_4_dist/rmappo/check/paper_train_v1/seed_1/evaluations,11,Win,63.0,16,-0.47393654131101765,-0.45131409627458563
655,MarineMicro_MvsM_4_dist,RMAPPO,MarineMicro_MvsM_4_dist/rmappo/check/paper_train_v1/seed_1/evaluations,13,Win,63.0,16,-0.6521589627988873,-0.046771982679593406
656,MarineMicro_MvsM_4_dist,RMAPPO,MarineMicro_MvsM_4_dist/rmappo/check/paper_train_v1/seed_1/evaluations,21,Win,63.0,16,-0.40641647934054315,-0.950673434126896
657,MarineMicro_MvsM_4_dist,RMAPPO,MarineMicro_MvsM_4_dist/rmappo/check/paper_train_v1/seed_1/evaluations,25,Win,63.0,16,0.07986423693428969,-0.7214566864951063
658,MarineMicro_MvsM_4_dist,RMAPPO,MarineMicro_MvsM_4_dist/rmappo/check/paper_train_v1/seed_1/evaluations,26,Win,63.0,16,0.03644488099047682,-0.66992300905909
659,MarineMicro_MvsM_4_dist,RMAPPO,MarineMicro_MvsM_4_dist/rmappo/check/paper_train_v1/seed_1/evaluations,27,Win,63.0,16,0.11067322102028555,-0.6677324510496072
660,MarineMicro_MvsM_4_dist,RMAPPO,MarineMicro_MvsM_4_dist/rmappo/check/paper_train_v1/seed_1/evaluations,29,Win,63.0,16,-0.5195940179991161,-0.4382324000919145
661,MarineMicro_MvsM_4_dist,RMAPPO,MarineMicro_MvsM_4_dist/rmappo/check/paper_train_v1/seed_1/evaluations,40,Win,63.0,16,0.08769770065010937,-0.6689046355535632
662,MarineMicro_MvsM_4_dist,RMAPPO,MarineMicro_MvsM_4_dist/rmappo/check/paper_train_v1/seed_1/evaluations,41,Win,63.0,16,-0.36427514505917574,-0.9829524435486598
663,MarineMicro_MvsM_4_dist,RMAPPO,MarineMicro_MvsM_4_dist/rmappo/check/paper_train_v1/seed_1/evaluations,45,Win,63.0,16,-0.4538561839324947,-0.49721181044323054
664,MarineMicro_MvsM_4_dist,RMAPPO,MarineMicro_MvsM_4_dist/rmappo/check/paper_train_v1/seed_1/evaluations,55,Win,63.0,16,-0.6383572684824593,-0.15782505679959277
665,MarineMicro_MvsM_4_dist,RMAPPO,MarineMicro_MvsM_4_dist/rmappo/check/paper_train_v1/seed_1/evaluations,57,Win,63.0,16,0.012422656943320858,-0.7028874460914584
666,MarineMicro_MvsM_4_dist,RMAPPO,MarineMicro_MvsM_4_dist/rmappo/check/paper_train_v1/seed_1/evaluations,61,Win,63.0,16,-0.35963642515544275,-0.8861445543293934
667,MarineMicro_MvsM_4_dist,RMAPPO,MarineMicro_MvsM_4_dist/rmappo/check/paper_train_v1/seed_1/evaluations,69,Win,63.0,16,-0.4603586892669079,-1.0860254495063904
668,MarineMicro_MvsM_4_dist,RMAPPO,MarineMicro_MvsM_4_dist/rmappo/check/paper_train_v1/seed_1/evaluations,76,Win,63.0,16,-0.5353359714620531,-0.43694654053178994
669,MarineMicro_MvsM_4_dist,RMAPPO,MarineMicro_MvsM_4_dist/rmappo/check/paper_train_v1/seed_1/evaluations,77,Win,63.0,16,-0.5519320145728496,-0.4154237920817398
670,MarineMicro_MvsM_4_dist,RMAPPO,MarineMicro_MvsM_4_dist/rmappo/check/paper_train_v1/seed_1/evaluations,81,Win,63.0,16,-0.4725849836354658,-0.4798595069369205
671,MarineMicro_MvsM_4_dist,RMAPPO,MarineMicro_MvsM_4_dist/rmappo/check/paper_train_v1/seed_1/evaluations,83,Win,63.0,16,0.012422656943320787,-0.7028874460914588
672,MarineMicro_MvsM_4_dist,RMAPPO,MarineMicro_MvsM_4_dist/rmappo/check/paper_train_v1/seed_1/evaluations,87,Win,63.0,16,-0.4817679375250024,-0.28368052103907176
673,MarineMicro_MvsM_4_dist,RMAPPO,MarineMicro_MvsM_4_dist/rmappo/check/paper_train_v1/seed_1/evaluations,89,Win,63.0,16,-0.6175837089084998,-0.1681849920242272
674,MarineMicro_MvsM_4_dist,RMAPPO,MarineMicro_MvsM_4_dist/rmappo/check/paper_train_v1/seed_1/evaluations,92,Win,63.0,16,-0.3989863671533121,-0.9651670391978339
675,MarineMicro_MvsM_4_dist,RMAPPO,MarineMicro_MvsM_4_dist/rmappo/check/paper_train_v1/seed_1/evaluations,94,Win,63.0,16,-0.009070549053191648,-0.32347548431132694
676,MarineMicro_MvsM_4_dist,RMAPPO,MarineMicro_MvsM_4_dist/rmappo/check/paper_train_v1/seed_1/evaluations,95,Win,63.0,16,-0.47393654131101765,-0.45131409627458563
677,MarineMicro_MvsM_4_dist,RMAPPO,MarineMicro_MvsM_4_dist/rmappo/check/paper_train_v1/seed_1/evaluations,96,Win,63.0,16,-0.39767328352381337,-0.8747996901662309
678,MarineMicro_MvsM_4_dist,RMAPPO,MarineMicro_MvsM_4_dist/rmappo/check/paper_train_v1/seed_1/evaluations,97,Win,63.0,16,-0.4817679375250023,-0.2836805210390719
679,MarineMicro_MvsM_4_dist,RMAPPO,MarineMicro_MvsM_4_dist/rmappo/check/paper_train_v1/seed_1/evaluations,4,Win,57.0,16,-0.5519320145728495,-0.41542379208174035
680,MarineMicro_MvsM_4_dist,RMAPPO,MarineMicro_MvsM_4_dist/rmappo/check/paper_train_v1/seed_1/evaluations,12,Win,57.0,16,0.012422656943320858,-0.7028874460914588
681,MarineMicro_MvsM_4_dist,RMAPPO,MarineMicro_MvsM_4_dist/rmappo/check/paper_train_v1/seed_1/evaluations,14,Win,57.0,16,-0.6175837089084992,-0.1681849920242274
682,MarineMicro_MvsM_4_dist,RMAPPO,MarineMicro_MvsM_4_dist/rmappo/check/paper_train_v1/seed_1/evaluations,15,Win,57.0,16,-0.4739365413110175,-0.45131409627458574
683,MarineMicro_MvsM_4_dist,RMAPPO,MarineMicro_MvsM_4_dist/rmappo/check/paper_train_v1/seed_1/evaluations,16,Win,57.0,16,-0.3516417635390781,-0.8967812078993811
684,MarineMicro_MvsM_4_dist,RMAPPO,MarineMicro_MvsM_4_dist/rmappo/check/paper_train_v1/seed_1/evaluations,28,Win,57.0,16,-0.6175837089084995,-0.16818499202422757
685,MarineMicro_MvsM_4_dist,RMAPPO,MarineMicro_MvsM_4_dist/rmappo/check/paper_train_v1/seed_1/evaluations,31,Win,57.0,16,-0.30323057944699633,-1.0707203810470383
686,MarineMicro_MvsM_4_dist,RMAPPO,MarineMicro_MvsM_4_dist/rmappo/check/paper_train_v1/seed_1/evaluations,33,Win,57.0,16,-0.48176793752500247,-0.28368052103907193
687,MarineMicro_MvsM_4_dist,RMAPPO,MarineMicro_MvsM_4_dist/rmappo/check/paper_train_v1/seed_1/evaluations,34,Win,57.0,16,-0.5519320145728493,-0.41542379208174046
688,MarineMicro_MvsM_4_dist,RMAPPO,MarineMicro_MvsM_4_dist/rmappo/check/paper_train_v1/seed_1/evaluations,36,Win,57.0,16,-0.4923377220895144,-0.37294230884532975
689,MarineMicro_MvsM_4_dist,RMAPPO,MarineMicro_MvsM_4_dist/rmappo/check/paper_train_v1/seed_1/evaluations,42,Win,57.0,16,-0.6175837089084992,-0.16818499202422754
690,MarineMicro_MvsM_4_dist,RMAPPO,MarineMicro_MvsM_4_dist/rmappo/check/paper_train_v1/seed_1/evaluations,43,Win,57.0,16,-0.49233772208951404,-0.3729423088453298
691,MarineMicro_MvsM_4_dist,RMAPPO,MarineMicro_MvsM_4_dist/rmappo/check/paper_train_v1/seed_1/evaluations,44,Win,57.0,16,-0.4770387434630824,-0.2818380806531544
692,MarineMicro_MvsM_4_dist,RMAPPO,MarineMicro_MvsM_4_dist/rmappo/check/paper_train_v1/seed_1/evaluations,46,Win,57.0,16,-0.5501991677214502,-0.2440777052647697
693,MarineMicro_MvsM_4_dist,RMAPPO,MarineMicro_MvsM_4_dist/rmappo/check/paper_train_v1/seed_1/evaluations,49,Win,57.0,16,-0.3989863671533208,-0.9651670391978382
694,MarineMicro_MvsM_4_dist,RMAPPO,MarineMicro_MvsM_4_dist/rmappo/check/paper_train_v1/seed_1/evaluations,58,Win,57.0,16,0.03661371397945973,-0.3045928264495909
695,MarineMicro_MvsM_4_dist,RMAPPO,MarineMicro_MvsM_4_dist/rmappo/check/paper_train_v1/seed_1/evaluations,59,Win,57.0,16,-0.5303220389814477,-0.20576872755873696
696,MarineMicro_MvsM_4_dist,RMAPPO,MarineMicro_MvsM_4_dist/rmappo/check/paper_train_v1/seed_1/evaluations,62,Win,57.0,16,-0.48176793752500247,-0.2836805210390717
697,MarineMicro_MvsM_4_dist,RMAPPO,MarineMicro_MvsM_4_dist/rmappo/check/paper_train_v1/seed_1/evaluations,63,Win,57.0,16,-0.47258498363546575,-0.47985950693692025
698,MarineMicro_MvsM_4_dist,RMAPPO,MarineMicro_MvsM_4_dist/rmappo/check/paper_train_v1/seed_1/evaluations,66,Win,57.0,16,-0.5501991677214503,-0.24407770526477
699,MarineMicro_MvsM_4_dist,RMAPPO,MarineMicro_MvsM_4_dist/rmappo/check/paper_train_v1/seed_1/evaluations,88,Win,57.0,16,-0.41464637656913866,-0.907415541472192
700,MarineMicro_MvsM_4_dist,MAT,MarineMicro_MvsM_4_dist/mat/check/paper_train_v1/seed_1/evaluations,55,Win,66.0,14,1.1549828431054385,-0.9751709412190661
701,MarineMicro_MvsM_4_dist,MAT,MarineMicro_MvsM_4_dist/mat/check/paper_train_v1/seed_1/evaluations,1,Win,63.0,15,0.7371504932811656,-0.5871882550128582
702,MarineMicro_MvsM_4_dist,MAT,MarineMicro_MvsM_4_dist/mat/check/paper_train_v1/seed_1/evaluations,15,Win,63.0,15,0.5403586872267891,-0.3054446277047998
703,MarineMicro_MvsM_4_dist,MAT,MarineMicro_MvsM_4_dist/mat/check/paper_train_v1/seed_1/evaluations,22,Win,63.0,15,0.5999759535636036,-0.4678555526696947
704,MarineMicro_MvsM_4_dist,MAT,MarineMicro_MvsM_4_dist/mat/check/paper_train_v1/seed_1/evaluations,32,Win,63.0,16,0.6927863842647921,-0.32303962702294625
705,MarineMicro_MvsM_4_dist,MAT,MarineMicro_MvsM_4_dist/mat/check/paper_train_v1/seed_1/evaluations,68,Win,63.0,16,0.7960176178880406,-0.5868355296617345
706,MarineMicro_MvsM_4_dist,MAT,MarineMicro_MvsM_4_dist/mat/check/paper_train_v1/seed_1/evaluations,72,Win,63.0,16,0.7023176758706631,-0.5113591223707757
707,MarineMicro_MvsM_4_dist,MAT,MarineMicro_MvsM_4_dist/mat/check/paper_train_v1/seed_1/evaluations,96,Win,63.0,16,0.5400396551495343,-0.24694317549950218
708,MarineMicro_MvsM_4_dist,MAT,MarineMicro_MvsM_4_dist/mat/check/paper_train_v1/seed_1/evaluations,5,Win,60.0,14,0.47526483791780777,-0.3721284489156817
709,MarineMicro_MvsM_4_dist,MAT,MarineMicro_MvsM_4_dist/mat/check/paper_train_v1/seed_1/evaluations,20,Win,60.0,15,0.9053545271031189,-0.7450672838297987
710,MarineMicro_MvsM_4_dist,MAT,MarineMicro_MvsM_4_dist/mat/check/paper_train_v1/seed_1/evaluations,66,Win,57.0,14,0.973536833570261,-0.8367404603088051
711,MarineMicro_MvsM_4_dist,MAT,MarineMicro_MvsM_4_dist/mat/check/paper_train_v1/seed_1/evaluations,35,Win,57.0,15,1.0136413839893923,-0.5019347691878557
712,MarineMicro_MvsM_4_dist,MAT,MarineMicro_MvsM_4_dist/mat/check/paper_train_v1/seed_1/evaluations,44,Win,57.0,15,0.2273642935595117,0.16631940894255634
713,MarineMicro_MvsM_4_dist,MAT,MarineMicro_MvsM_4_dist/mat/check/paper_train_v1/seed_1/evaluations,61,Win,57.0,15,0.6149699338556416,0.1001899356611207
714,MarineMicro_MvsM_4_dist,MAT,MarineMicro_MvsM_4_dist/mat/check/paper_train_v1/seed_1/evaluations,8,Win,57.0,16,0.569824235521357,-0.3081915556968558
715,MarineMicro_MvsM_4_dist,MAT,MarineMicro_MvsM_4_dist/mat/check/paper_train_v1/seed_1/evaluations,27,Win,57.0,16,0.7714169006891354,-0.5408142651972755
716,MarineMicro_MvsM_4_dist,MAT,MarineMicro_MvsM_4_dist/mat/check/paper_train_v1/seed_1/evaluations,39,Win,57.0,16,0.757139216571603,-0.7246538582533546
717,MarineMicro_MvsM_4_dist,MAT,MarineMicro_MvsM_4_dist/mat/check/paper_train_v1/seed_1/evaluations,51,Win,57.0,16,0.6023898199653778,-0.32869723355017355
718,MarineMicro_MvsM_4_dist,MAT,MarineMicro_MvsM_4_dist/mat/check/paper_train_v1/seed_1/evaluations,53,Win,57.0,16,0.6620104325074369,-0.43344607450455774
719,MarineMicro_MvsM_4_dist,MAT,MarineMicro_MvsM_4_dist/mat/check/paper_train_v1/seed_1/evaluations,58,Win,57.0,16,0.5410436631974045,-0.2262132030991835
720,MarineMicro_MvsM_4_dist,MAT,MarineMicro_MvsM_4_dist/mat/check/paper_train_v1/seed_1/evaluations,62,Win,57.0,16,0.9469673800938135,-0.5429353083045111
721,MarineMicro_MvsM_4_dist,MAT,MarineMicro_MvsM_4_dist/mat/check/paper_train_v1/seed_1/evaluations,71,Win,57.0,16,0.6776387416696429,-0.13514949136567572
722,MarineMicro_MvsM_4_dist,MAT,MarineMicro_MvsM_4_dist/mat/check/paper_train_v1/seed_1/evaluations,92,Win,57.0,16,0.6122952173668377,-0.28884869854765904
723,MarineMicro_MvsM_4_dist,MAT,MarineMicro_MvsM_4_dist/mat/check/paper_train_v1/seed_1/evaluations,93,Win,57.0,16,0.7714169006891358,-0.5408142651972755
724,MarineMicro_MvsM_4_dist,MAT,MarineMicro_MvsM_4_dist/mat/check/paper_train_v1/seed_1/evaluations,17,Win,54.0,14,0.5352798977701074,0.21887073951373875
725,MarineMicro_MvsM_4_dist,MAT,MarineMicro_MvsM_4_dist/mat/check/paper_train_v1/seed_1/evaluations,21,Win,51.0,14,0.9567225979637672,-0.7782131704820142
726,MarineMicro_MvsM_4_dist,MAT,MarineMicro_MvsM_4_dist/mat/check/paper_train_v1/seed_1/evaluations,34,Win,51.0,15,0.6582148349327619,-0.12466352257115247
727,MarineMicro_MvsM_4_dist,MAT,MarineMicro_MvsM_4_dist/mat/check/paper_train_v1/seed_1/evaluations,75,Win,51.0,15,0.5151796600645298,0.2892338150576698
728,MarineMicro_MvsM_4_dist,MAT,MarineMicro_MvsM_4_dist/mat/check/paper_train_v1/seed_1/evaluations,86,Win,51.0,15,1.0186287399899758,-0.6365133574925784
729,MarineMicro_MvsM_4_dist,MAT,MarineMicro_MvsM_4_dist/mat/check/paper_train_v1/seed_1/evaluations,25,Win,51.0,16,1.1233546462197173,-0.2632469028820084
730,MarineMicro_MvsM_4_dist,MAT,MarineMicro_MvsM_4_dist/mat/check/paper_train_v1/seed_1/evaluations,33,Win,51.0,16,0.8591520785093931,0.010930402816298777
731,MarineMicro_MvsM_4_dist,MAT,MarineMicro_MvsM_4_dist/mat/check/paper_train_v1/seed_1/evaluations,36,Win,51.0,16,0.9688562814450449,-0.40346527261423143
732,MarineMicro_MvsM_4_dist,MAT,MarineMicro_MvsM_4_dist/mat/check/paper_train_v1/seed_1/evaluations,41,Win,51.0,16,1.0357547467499624,-0.5120327030458058
733,MarineMicro_MvsM_4_dist,MAT,MarineMicro_MvsM_4_dist/mat/check/paper_train_v1/seed_1/evaluations,42,Win,51.0,16,1.1557717997193362,0.12067931995959061
734,MarineMicro_MvsM_4_dist,MAT,MarineMicro_MvsM_4_dist/mat/check/paper_train_v1/seed_1/evaluations,49,Win,51.0,16,1.113818795168207,-0.3229624081286238
735,MarineMicro_MvsM_4_dist,MAT,MarineMicro_MvsM_4_dist/mat/check/paper_train_v1/seed_1/evaluations,63,Win,51.0,16,0.8980226105862074,-0.600538280001832
736,MarineMicro_MvsM_4_dist,MAT,MarineMicro_MvsM_4_dist/mat/check/paper_train_v1/seed_1/evaluations,73,Win,51.0,16,1.0490901867308926,-0.5684315790502824
737,MarineMicro_MvsM_4_dist,MAT,MarineMicro_MvsM_4_dist/mat/check/paper_train_v1/seed_1/evaluations,89,Win,51.0,16,0.8358299298232893,-0.5496930839582553
738,MarineMicro_MvsM_4_dist,MAT,MarineMicro_MvsM_4_dist/mat/check/paper_train_v1/seed_1/evaluations,99,Win,51.0,16,1.2212115961389658,-0.41525886379959476
739,MarineMicro_MvsM_4_dist,MAT,MarineMicro_MvsM_4_dist/mat/check/paper_train_v1/seed_1/evaluations,76,Win,48.0,14,1.290421694554965,-0.8708430817795458
740,MarineMicro_MvsM_4_dist,MAT,MarineMicro_MvsM_4_dist/mat/check/paper_train_v1/seed_1/evaluations,28,Win,48.0,16,1.3733146872037951,-0.1596088304627172
741,MarineMicro_MvsM_4_dist,MAT,MarineMicro_MvsM_4_dist/mat/check/paper_train_v1/seed_1/evaluations,30,Win,48.0,16,1.2332311259264763,-0.11171304224357542
742,MarineMicro_MvsM_4_dist,MAT,MarineMicro_MvsM_4_dist/mat/check/paper_train_v1/seed_1/evaluations,43,Win,48.0,16,1.234809652724166,0.08317795818045565
743,MarineMicro_MvsM_4_dist,MAT,MarineMicro_MvsM_4_dist/mat/check/paper_train_v1/seed_1/evaluations,70,Win,48.0,16,1.1047918561807069,-0.3628112379811714
744,MarineMicro_MvsM_4_dist,MAT,MarineMicro_MvsM_4_dist/mat/check/paper_train_v1/seed_1/evaluations,85,Win,48.0,16,0.5676322708381918,0.3532412372639478
745,MarineMicro_MvsM_4_dist,MAT,MarineMicro_MvsM_4_dist/mat/check/paper_train_v1/seed_1/evaluations,23,Win,45.0,15,1.0618923098268997,-0.23437788595560793
746,MarineMicro_MvsM_4_dist,MAT,MarineMicro_MvsM_4_dist/mat/check/paper_train_v1/seed_1/evaluations,37,Win,45.0,15,0.3931544514144195,0.5721282346184575
747,MarineMicro_MvsM_4_dist,MAT,MarineMicro_MvsM_4_dist/mat/check/paper_train_v1/seed_1/evaluations,52,Win,45.0,15,0.27584021927425256,0.6529394467150137
748,MarineMicro_MvsM_4_dist,MAT,MarineMicro_MvsM_4_dist/mat/check/paper_train_v1/seed_1/evaluations,100,Win,45.0,15,0.8328215925354674,0.5403670571888799
749,MarineMicro_MvsM_4_dist,MAT,MarineMicro_MvsM_4_dist/mat/check/paper_train_v1/seed_1/evaluations,2,Win,45.0,16,1.1659018202384097,-0.511496314928789
750,MarineMicro_MvsM_4_dist,MAT,MarineMicro_MvsM_4_dist/mat/check/paper_train_v1/seed_1/evaluations,3,Win,45.0,16,1.1239880822110224,-0.4288111796148072
751,MarineMicro_MvsM_4_dist,MAT,MarineMicro_MvsM_4_dist/mat/check/paper_train_v1/seed_1/evaluations,10,Win,45.0,16,0.7127541863933968,-0.275418184532954
752,MarineMicro_MvsM_4_dist,MAT,MarineMicro_MvsM_4_dist/mat/check/paper_train_v1/seed_1/evaluations,19,Win,45.0,16,0.7664217277788258,-0.36342066205838547
753,MarineMicro_MvsM_4_dist,MAT,MarineMicro_MvsM_4_dist/mat/check/paper_train_v1/seed_1/evaluations,26,Win,45.0,16,0.9646938806902946,-0.23903684102556289
754,MarineMicro_MvsM_4_dist,MAT,MarineMicro_MvsM_4_dist/mat/check/paper_train_v1/seed_1/evaluations,29,Win,45.0,16,0.6282287111575464,-0.1380837428004843
755,MarineMicro_MvsM_4_dist,MAT,MarineMicro_MvsM_4_dist/mat/check/paper_train_v1/seed_1/evaluations,38,Win,45.0,16,1.0203456749791497,-0.17820458521618282
756,MarineMicro_MvsM_4_dist,MAT,MarineMicro_MvsM_4_dist/mat/check/paper_train_v1/seed_1/evaluations,54,Win,45.0,16,1.1422923373408767,-0.17826350367605887
757,MarineMicro_MvsM_4_dist,MAT,MarineMicro_MvsM_4_dist/mat/check/paper_train_v1/seed_1/evaluations,57,Win,45.0,16,1.5158962847029112,-0.33814938815959494
758,MarineMicro_MvsM_4_dist,MAT,MarineMicro_MvsM_4_dist/mat/check/paper_train_v1/seed_1/evaluations,67,Win,45.0,16,0.7345662685443567,-0.28280565625353826
759,MarineMicro_MvsM_4_dist,MAT,MarineMicro_MvsM_4_dist/mat/check/paper_train_v1/seed_1/evaluations,81,Win,45.0,16,0.962373950280157,-0.5824327832723063
760,MarineMicro_MvsM_4_dist,MAT,MarineMicro_MvsM_4_dist/mat/check/paper_train_v1/seed_1/evaluations,84,Win,45.0,16,0.8900975150258702,0.31048915183012576
761,MarineMicro_MvsM_4_dist,MAT,MarineMicro_MvsM_4_dist/mat/check/paper_train_v1/seed_1/evaluations,91,Win,45.0,16,0.7129631253680235,-0.04369149676504226
762,MarineMicro_MvsM_4_dist,MAT,MarineMicro_MvsM_4_dist/mat/check/paper_train_v1/seed_1/evaluations,94,Win,45.0,16,0.8466374833736499,-0.19218707891037812
763,MarineMicro_MvsM_4_dist,MAT,MarineMicro_MvsM_4_dist/mat/check/paper_train_v1/seed_1/evaluations,18,Win,42.0,16,1.5193228231065465,0.3523979622005948
764,MarineMicro_MvsM_4_dist,MAT,MarineMicro_MvsM_4_dist/mat/check/paper_train_v1/seed_1/evaluations,60,Win,42.0,17,1.557511093482003,-0.3149386800662178
765,MarineMicro_MvsM_4_dist,MAT,MarineMicro_MvsM_4_dist/mat/check/paper_train_v1/seed_1/evaluations,64,Win,39.0,15,1.7317625132185617,-0.04940540333602931
766,MarineMicro_MvsM_4_dist,MAT,MarineMicro_MvsM_4_dist/mat/check/paper_train_v1/seed_1/evaluations,7,Win,39.0,16,1.2197584527508076,-0.3057289606602985
767,MarineMicro_MvsM_4_dist,MAT,MarineMicro_MvsM_4_dist/mat/check/paper_train_v1/seed_1/evaluations,13,Win,39.0,16,1.5457870205796191,-0.10586345607997409
768,MarineMicro_MvsM_4_dist,MAT,MarineMicro_MvsM_4_dist/mat/check/paper_train_v1/seed_1/evaluations,14,Win,39.0,16,1.3624390323208246,-0.3935054096761954
769,MarineMicro_MvsM_4_dist,MAT,MarineMicro_MvsM_4_dist/mat/check/paper_train_v1/seed_1/evaluations,31,Win,39.0,16,1.0432757923396223,0.5542237507353082
770,MarineMicro_MvsM_4_dist,MAT,MarineMicro_MvsM_4_dist/mat/check/paper_train_v1/seed_1/evaluations,40,Win,39.0,16,1.523124194621234,0.15365108496466692
771,MarineMicro_MvsM_4_dist,MAT,MarineMicro_MvsM_4_dist/mat/check/paper_train_v1/seed_1/evaluations,45,Win,39.0,16,1.1357500346518314,-0.35705891944248996
772,MarineMicro_MvsM_4_dist,MAT,MarineMicro_MvsM_4_dist/mat/check/paper_train_v1/seed_1/evaluations,48,Win,39.0,16,1.0670378538630438,0.10544107633821062
773,MarineMicro_MvsM_4_dist,MAT,MarineMicro_MvsM_4_dist/mat/check/paper_train_v1/seed_1/evaluations,56,Win,39.0,16,0.36684783687336675,0.7213717248619186
774,MarineMicro_MvsM_4_dist,MAT,MarineMicro_MvsM_4_dist/mat/check/paper_train_v1/seed_1/evaluations,65,Win,39.0,16,1.0174556556699186,-0.044822458013130485
775,MarineMicro_MvsM_4_dist,MAT,MarineMicro_MvsM_4_dist/mat/check/paper_train_v1/seed_1/evaluations,78,Win,39.0,16,1.0305165452459444,-0.12910362870722022
776,MarineMicro_MvsM_4_dist,MAT,MarineMicro_MvsM_4_dist/mat/check/paper_train_v1/seed_1/evaluations,79,Win,39.0,16,0.9364439481505226,-0.10776110958243033
777,MarineMicro_MvsM_4_dist,MAT,MarineMicro_MvsM_4_dist/mat/check/paper_train_v1/seed_1/evaluations,80,Win,39.0,16,0.6598082507390756,0.27555096945432483
778,MarineMicro_MvsM_4_dist,MAT,MarineMicro_MvsM_4_dist/mat/check/paper_train_v1/seed_1/evaluations,97,Win,39.0,16,1.618627168471335,-0.04357943652881738
779,MarineMicro_MvsM_4_dist,MAT,MarineMicro_MvsM_4_dist/mat/check/paper_train_v1/seed_1/evaluations,47,Win,36.0,14,1.6215709908499023,0.6838369875791338
780,MarineMicro_MvsM_4_dist,MAT,MarineMicro_MvsM_4_dist/mat/check/paper_train_v1/seed_1/evaluations,6,Win,36.0,16,0.5136820095774395,1.2018716873762263
781,MarineMicro_MvsM_4_dist,MAT,MarineMicro_MvsM_4_dist/mat/check/paper_train_v1/seed_1/evaluations,24,Win,36.0,16,1.2785302017996363,1.1706843439400239
782,MarineMicro_MvsM_4_dist,MAT,MarineMicro_MvsM_4_dist/mat/check/paper_train_v1/seed_1/evaluations,74,Win,36.0,16,1.3564567493922968,0.149726979615617
783,MarineMicro_MvsM_4_dist,MAT,MarineMicro_MvsM_4_dist/mat/check/paper_train_v1/seed_1/evaluations,98,Win,36.0,16,1.0079119102933325,1.3515409228012645
784,MarineMicro_MvsM_4_dist,MAT,MarineMicro_MvsM_4_dist/mat/check/paper_train_v1/seed_1/evaluations,77,Win,33.0,15,1.44910372561293,0.48231356880401566
785,MarineMicro_MvsM_4_dist,MAT,MarineMicro_MvsM_4_dist/mat/check/paper_train_v1/seed_1/evaluations,88,Win,33.0,15,1.0069863892628659,0.8301882470177914
786,MarineMicro_MvsM_4_dist,MAT,MarineMicro_MvsM_4_dist/mat/check/paper_train_v1/seed_1/evaluations,83,Win,30.0,16,1.3860408978426886,1.2822468591417093
787,MarineMicro_MvsM_4_dist,MAT,MarineMicro_MvsM_4_dist/mat/check/paper_train_v1/seed_1/evaluations,82,Win,27.0,15,1.7589787427064822,0.03739067733794967
788,MarineMicro_MvsM_4_dist,MAT,MarineMicro_MvsM_4_dist/mat/check/paper_train_v1/seed_1/evaluations,11,Win,27.0,16,1.784156991501267,-0.04682515407424809
789,MarineMicro_MvsM_4_dist,MAT,MarineMicro_MvsM_4_dist/mat/check/paper_train_v1/seed_1/evaluations,12,Win,27.0,16,0.9825032555905672,0.7640075954803023
790,MarineMicro_MvsM_4_dist,MAT,MarineMicro_MvsM_4_dist/mat/check/paper_train_v1/seed_1/evaluations,16,Win,27.0,16,1.4656407897611339,0.37145469455678604
791,MarineMicro_MvsM_4_dist,MAT,MarineMicro_MvsM_4_dist/mat/check/paper_train_v1/seed_1/evaluations,46,Win,27.0,16,1.6905353813015955,0.04953241674542264
792,MarineMicro_MvsM_4_dist,MAT,MarineMicro_MvsM_4_dist/mat/check/paper_train_v1/seed_1/evaluations,59,Win,27.0,16,1.1859781653424881,0.32155825838769164
793,MarineMicro_MvsM_4_dist,MAT,MarineMicro_MvsM_4_dist/mat/check/paper_train_v1/seed_1/evaluations,95,Win,27.0,16,1.636591374630201,0.22133121837362446
794,MarineMicro_MvsM_4_dist,MAT,MarineMicro_MvsM_4_dist/mat/check/paper_train_v1/seed_1/evaluations,87,Win,24.0,16,1.3350384559845683,1.124948392125768
795,MarineMicro_MvsM_4_dist,MAT,MarineMicro_MvsM_4_dist/mat/check/paper_train_v1/seed_1/evaluations,9,Win,21.0,16,1.6928442192644957,0.12756852197918747
796,MarineMicro_MvsM_4_dist,MAT,MarineMicro_MvsM_4_dist/mat/check/paper_train_v1/seed_1/evaluations,50,Win,21.0,16,1.7652071319945275,0.06176370436648733
797,MarineMicro_MvsM_4_dist,MAT,MarineMicro_MvsM_4_dist/mat/check/paper_train_v1/seed_1/evaluations,69,Win,21.0,16,1.9175980255780851,0.2896864344308764
798,MarineMicro_MvsM_4_dist,MAT,MarineMicro_MvsM_4_dist/mat/check/paper_train_v1/seed_1/evaluations,90,Win,21.0,16,1.4370267655917144,0.5873774944504484
799,MarineMicro_MvsM_4_dist,MAT,MarineMicro_MvsM_4_dist/mat/check/paper_train_v1/seed_1/evaluations,4,Win,18.0,17,1.684201785934336,0.5042259513540757
