idx,map_id,method,method_group,experiment_id,archive_id,source_run,trial_id,evaluation_id,episode_id,trial_number,result,score,return,battle_won,source_file,bktree_path,unified_bktree_path,state_id_sequence_length,unified_state_id_sequence_length,unified_reconstructed_state_count,unified_missing_state_count,state_id_sequence_text,unified_state_id_sequence_text,unified_state_status_sequence_text,unified_state_source_sequence_text
0,MarineMicro_MvsM_4_dist,ETG-only,CALP-ETG,sce2_etg_run_0042,,,repeat_001,eval_run_0042_web_batch_20260611_140111,298,1.0,Win,87.0,,,ETG-only/sce2_etg_run_0042/final_eval/eval_run_0042_web_batch_20260611_140111/repeats/repeat_001/episodes.jsonl,ETG-only/sce2_etg_run_0042/final_eval/eval_run_0042_web_batch_20260611_140111/repeats/repeat_001/bktree,C:\Users\Binich\PycharmProjects\PredictionRTS\output\learner_results\all_data\fused_bktree_web_batch_20260612_153602_top100_anchor_no_replay\MarineMicro_MvsM_4_dist\bktree,13,13,0,0,0 125 74 191 353 220 220 330 206 207 133 392 222,0 323 249 613 643 644 644 548 645 646 569 647 648,source_bktree_start_anchor source_bktree source_bktree source_bktree source_bktree source_bktree source_bktree source_bktree source_bktree source_bktree source_bktree source_bktree source_bktree,0 125 74 191 353 220 220 330 206 207 133 392 222
1,MarineMicro_MvsM_4_dist,ETG-only,CALP-ETG,sce2_etg_run_0042,,,repeat_001,eval_run_0042_web_batch_20260611_140111,295,1.0,Win,84.0,,,ETG-only/sce2_etg_run_0042/final_eval/eval_run_0042_web_batch_20260611_140111/repeats/repeat_001/episodes.jsonl,ETG-only/sce2_etg_run_0042/final_eval/eval_run_0042_web_batch_20260611_140111/repeats/repeat_001/bktree,C:\Users\Binich\PycharmProjects\PredictionRTS\output\learner_results\all_data\fused_bktree_web_batch_20260612_153602_top100_anchor_no_replay\MarineMicro_MvsM_4_dist\bktree,12,12,0,0,0 19 2 41 32 20 97 97 35 183 183 25,0 312 249 649 26 15 333 333 552 650 650 651,source_bktree source_bktree source_bktree source_bktree source_bktree source_bktree source_bktree source_bktree source_bktree source_bktree source_bktree source_bktree,0 19 2 41 32 20 97 97 35 183 183 25
2,MarineMicro_MvsM_4_dist,ETG-only,CALP-ETG,sce2_etg_run_0042,,,repeat_001,eval_run_0042_web_batch_20260611_140111,293,1.0,Win,84.0,,,ETG-only/sce2_etg_run_0042/final_eval/eval_run_0042_web_batch_20260611_140111/repeats/repeat_001/episodes.jsonl,ETG-only/sce2_etg_run_0042/final_eval/eval_run_0042_web_batch_20260611_140111/repeats/repeat_001/bktree,C:\Users\Binich\PycharmProjects\PredictionRTS\output\learner_results\all_data\fused_bktree_web_batch_20260612_153602_top100_anchor_no_replay\MarineMicro_MvsM_4_dist\bktree,12,12,0,0,0 19 2 2 32 20 398 97 35 83 24 25,0 312 249 249 26 15 652 333 552 567 73 651,source_bktree source_bktree source_bktree source_bktree source_bktree source_bktree source_bktree source_bktree source_bktree source_bktree source_bktree source_bktree,0 19 2 2 32 20 398 97 35 83 24 25
3,MarineMicro_MvsM_4_dist,ETG-only,CALP-ETG,sce2_etg_run_0042,,,repeat_001,eval_run_0042_web_batch_20260611_140111,251,1.0,Win,84.0,,,ETG-only/sce2_etg_run_0042/final_eval/eval_run_0042_web_batch_20260611_140111/repeats/repeat_001/episodes.jsonl,ETG-only/sce2_etg_run_0042/final_eval/eval_run_0042_web_batch_20260611_140111/repeats/repeat_001/bktree,C:\Users\Binich\PycharmProjects\PredictionRTS\output\learner_results\all_data\fused_bktree_web_batch_20260612_153602_top100_anchor_no_replay\MarineMicro_MvsM_4_dist\bktree,12,12,0,0,0 19 41 41 32 42 50 50 35 183 183 52,0 312 649 649 26 653 654 654 552 650 650 655,source_bktree source_bktree source_bktree source_bktree source_bktree source_bktree source_bktree source_bktree source_bktree source_bktree source_bktree source_bktree,0 19 41 41 32 42 50 50 35 183 183 52
4,MarineMicro_MvsM_4_dist,ETG-only,CALP-ETG,sce2_etg_run_0042,,,repeat_001,eval_run_0042_web_batch_20260611_140111,227,1.0,Win,84.0,,,ETG-only/sce2_etg_run_0042/final_eval/eval_run_0042_web_batch_20260611_140111/repeats/repeat_001/episodes.jsonl,ETG-only/sce2_etg_run_0042/final_eval/eval_run_0042_web_batch_20260611_140111/repeats/repeat_001/bktree,C:\Users\Binich\PycharmProjects\PredictionRTS\output\learner_results\all_data\fused_bktree_web_batch_20260612_153602_top100_anchor_no_replay\MarineMicro_MvsM_4_dist\bktree,12,12,0,0,0 19 41 41 32 42 50 50 35 44 183 52,0 312 649 649 26 653 654 654 552 656 650 655,source_bktree source_bktree source_bktree source_bktree source_bktree source_bktree source_bktree source_bktree source_bktree source_bktree source_bktree source_bktree,0 19 41 41 32 42 50 50 35 44 183 52
5,MarineMicro_MvsM_4_dist,ETG-only,CALP-ETG,sce2_etg_run_0042,,,repeat_001,eval_run_0042_web_batch_20260611_140111,211,1.0,Win,84.0,,,ETG-only/sce2_etg_run_0042/final_eval/eval_run_0042_web_batch_20260611_140111/repeats/repeat_001/episodes.jsonl,ETG-only/sce2_etg_run_0042/final_eval/eval_run_0042_web_batch_20260611_140111/repeats/repeat_001/bktree,C:\Users\Binich\PycharmProjects\PredictionRTS\output\learner_results\all_data\fused_bktree_web_batch_20260612_153602_top100_anchor_no_replay\MarineMicro_MvsM_4_dist\bktree,12,12,0,0,0 19 41 41 49 42 360 58 67 287 276 52,0 312 649 649 657 653 658 659 660 661 337 655,source_bktree source_bktree source_bktree source_bktree source_bktree source_bktree source_bktree source_bktree source_bktree source_bktree source_bktree source_bktree,0 19 41 41 49 42 360 58 67 287 276 52
6,MarineMicro_MvsM_4_dist,ETG-only,CALP-ETG,sce2_etg_run_0042,,,repeat_001,eval_run_0042_web_batch_20260611_140111,197,1.0,Win,84.0,,,ETG-only/sce2_etg_run_0042/final_eval/eval_run_0042_web_batch_20260611_140111/repeats/repeat_001/episodes.jsonl,ETG-only/sce2_etg_run_0042/final_eval/eval_run_0042_web_batch_20260611_140111/repeats/repeat_001/bktree,C:\Users\Binich\PycharmProjects\PredictionRTS\output\learner_results\all_data\fused_bktree_web_batch_20260612_153602_top100_anchor_no_replay\MarineMicro_MvsM_4_dist\bktree,12,12,0,0,0 19 2 82 32 20 97 97 35 83 51 25,0 312 249 662 26 15 333 333 552 567 663 651,source_bktree source_bktree source_bktree source_bktree source_bktree source_bktree source_bktree source_bktree source_bktree source_bktree source_bktree source_bktree,0 19 2 82 32 20 97 97 35 83 51 25
7,MarineMicro_MvsM_4_dist,ETG-only,CALP-ETG,sce2_etg_run_0042,,,repeat_001,eval_run_0042_web_batch_20260611_140111,195,1.0,Win,84.0,,,ETG-only/sce2_etg_run_0042/final_eval/eval_run_0042_web_batch_20260611_140111/repeats/repeat_001/episodes.jsonl,ETG-only/sce2_etg_run_0042/final_eval/eval_run_0042_web_batch_20260611_140111/repeats/repeat_001/bktree,C:\Users\Binich\PycharmProjects\PredictionRTS\output\learner_results\all_data\fused_bktree_web_batch_20260612_153602_top100_anchor_no_replay\MarineMicro_MvsM_4_dist\bktree,12,12,0,0,0 73 2 2 26 20 376 155 79 148 148 377,0 664 249 249 36 15 665 666 667 668 668 669,source_bktree source_bktree source_bktree source_bktree source_bktree source_bktree source_bktree source_bktree source_bktree source_bktree source_bktree source_bktree,0 73 2 2 26 20 376 155 79 148 148 377
8,MarineMicro_MvsM_4_dist,ETG-only,CALP-ETG,sce2_etg_run_0042,,,repeat_001,eval_run_0042_web_batch_20260611_140111,191,1.0,Win,84.0,,,ETG-only/sce2_etg_run_0042/final_eval/eval_run_0042_web_batch_20260611_140111/repeats/repeat_001/episodes.jsonl,ETG-only/sce2_etg_run_0042/final_eval/eval_run_0042_web_batch_20260611_140111/repeats/repeat_001/bktree,C:\Users\Binich\PycharmProjects\PredictionRTS\output\learner_results\all_data\fused_bktree_web_batch_20260612_153602_top100_anchor_no_replay\MarineMicro_MvsM_4_dist\bktree,12,12,0,0,0 19 2 2 26 20 50 43 271 366 356 46,0 312 249 249 36 15 654 670 614 671 616 672,source_bktree source_bktree source_bktree source_bktree source_bktree source_bktree source_bktree source_bktree source_bktree source_bktree source_bktree source_bktree,0 19 2 2 26 20 50 43 271 366 356 46
9,MarineMicro_MvsM_4_dist,ETG-only,CALP-ETG,sce2_etg_run_0042,,,repeat_001,eval_run_0042_web_batch_20260611_140111,188,1.0,Win,84.0,,,ETG-only/sce2_etg_run_0042/final_eval/eval_run_0042_web_batch_20260611_140111/repeats/repeat_001/episodes.jsonl,ETG-only/sce2_etg_run_0042/final_eval/eval_run_0042_web_batch_20260611_140111/repeats/repeat_001/bktree,C:\Users\Binich\PycharmProjects\PredictionRTS\output\learner_results\all_data\fused_bktree_web_batch_20260612_153602_top100_anchor_no_replay\MarineMicro_MvsM_4_dist\bktree,12,12,0,0,0 19 2 2 49 42 360 360 67 276 276 52,0 312 249 249 657 653 658 658 660 337 337 655,source_bktree source_bktree source_bktree source_bktree source_bktree source_bktree source_bktree source_bktree source_bktree source_bktree source_bktree source_bktree,0 19 2 2 49 42 360 360 67 276 276 52
10,MarineMicro_MvsM_4_dist,ETG-only,CALP-ETG,sce2_etg_run_0042,,,repeat_001,eval_run_0042_web_batch_20260611_140111,175,1.0,Win,84.0,,,ETG-only/sce2_etg_run_0042/final_eval/eval_run_0042_web_batch_20260611_140111/repeats/repeat_001/episodes.jsonl,ETG-only/sce2_etg_run_0042/final_eval/eval_run_0042_web_batch_20260611_140111/repeats/repeat_001/bktree,C:\Users\Binich\PycharmProjects\PredictionRTS\output\learner_results\all_data\fused_bktree_web_batch_20260612_153602_top100_anchor_no_replay\MarineMicro_MvsM_4_dist\bktree,12,12,0,0,0 125 41 184 353 220 192 330 206 207 207 134,0 323 649 249 643 644 673 548 645 646 646 674,source_bktree source_bktree source_bktree source_bktree source_bktree source_bktree source_bktree source_bktree source_bktree source_bktree source_bktree source_bktree,0 125 41 184 353 220 192 330 206 207 207 134
11,MarineMicro_MvsM_4_dist,ETG-only,CALP-ETG,sce2_etg_run_0042,,,repeat_001,eval_run_0042_web_batch_20260611_140111,173,1.0,Win,84.0,,,ETG-only/sce2_etg_run_0042/final_eval/eval_run_0042_web_batch_20260611_140111/repeats/repeat_001/episodes.jsonl,ETG-only/sce2_etg_run_0042/final_eval/eval_run_0042_web_batch_20260611_140111/repeats/repeat_001/bktree,C:\Users\Binich\PycharmProjects\PredictionRTS\output\learner_results\all_data\fused_bktree_web_batch_20260612_153602_top100_anchor_no_replay\MarineMicro_MvsM_4_dist\bktree,12,12,0,0,0 73 2 210 26 108 147 147 79 148 148 149,0 664 249 42 36 15 675 675 667 668 668 557,source_bktree source_bktree source_bktree source_bktree source_bktree source_bktree source_bktree source_bktree source_bktree source_bktree source_bktree source_bktree,0 73 2 210 26 108 147 147 79 148 148 149
12,MarineMicro_MvsM_4_dist,ETG-only,CALP-ETG,sce2_etg_run_0042,,,repeat_001,eval_run_0042_web_batch_20260611_140111,165,1.0,Win,84.0,,,ETG-only/sce2_etg_run_0042/final_eval/eval_run_0042_web_batch_20260611_140111/repeats/repeat_001/episodes.jsonl,ETG-only/sce2_etg_run_0042/final_eval/eval_run_0042_web_batch_20260611_140111/repeats/repeat_001/bktree,C:\Users\Binich\PycharmProjects\PredictionRTS\output\learner_results\all_data\fused_bktree_web_batch_20260612_153602_top100_anchor_no_replay\MarineMicro_MvsM_4_dist\bktree,12,12,0,0,0 19 41 41 32 42 50 50 35 44 183 52,0 312 649 649 26 653 654 654 552 656 650 655,source_bktree source_bktree source_bktree source_bktree source_bktree source_bktree source_bktree source_bktree source_bktree source_bktree source_bktree source_bktree,0 19 41 41 32 42 50 50 35 44 183 52
13,MarineMicro_MvsM_4_dist,ETG-only,CALP-ETG,sce2_etg_run_0042,,,repeat_001,eval_run_0042_web_batch_20260611_140111,158,1.0,Win,84.0,,,ETG-only/sce2_etg_run_0042/final_eval/eval_run_0042_web_batch_20260611_140111/repeats/repeat_001/episodes.jsonl,ETG-only/sce2_etg_run_0042/final_eval/eval_run_0042_web_batch_20260611_140111/repeats/repeat_001/bktree,C:\Users\Binich\PycharmProjects\PredictionRTS\output\learner_results\all_data\fused_bktree_web_batch_20260612_153602_top100_anchor_no_replay\MarineMicro_MvsM_4_dist\bktree,12,12,0,0,0 1 2 2 85 4 5 5 28 212 326 31,0 22 249 249 676 81 630 630 677 678 679 564,source_bktree source_bktree source_bktree source_bktree source_bktree source_bktree source_bktree source_bktree source_bktree source_bktree source_bktree source_bktree,0 1 2 2 85 4 5 5 28 212 326 31
14,MarineMicro_MvsM_4_dist,ETG-only,CALP-ETG,sce2_etg_run_0042,,,repeat_001,eval_run_0042_web_batch_20260611_140111,141,1.0,Win,84.0,,,ETG-only/sce2_etg_run_0042/final_eval/eval_run_0042_web_batch_20260611_140111/repeats/repeat_001/episodes.jsonl,ETG-only/sce2_etg_run_0042/final_eval/eval_run_0042_web_batch_20260611_140111/repeats/repeat_001/bktree,C:\Users\Binich\PycharmProjects\PredictionRTS\output\learner_results\all_data\fused_bktree_web_batch_20260612_153602_top100_anchor_no_replay\MarineMicro_MvsM_4_dist\bktree,12,12,0,0,0 19 41 82 32 20 97 97 35 83 83 25,0 312 649 662 26 15 333 333 552 567 567 651,source_bktree source_bktree source_bktree source_bktree source_bktree source_bktree source_bktree source_bktree source_bktree source_bktree source_bktree source_bktree,0 19 41 82 32 20 97 97 35 83 83 25
15,MarineMicro_MvsM_4_dist,ETG-only,CALP-ETG,sce2_etg_run_0042,,,repeat_001,eval_run_0042_web_batch_20260611_140111,132,1.0,Win,84.0,,,ETG-only/sce2_etg_run_0042/final_eval/eval_run_0042_web_batch_20260611_140111/repeats/repeat_001/episodes.jsonl,ETG-only/sce2_etg_run_0042/final_eval/eval_run_0042_web_batch_20260611_140111/repeats/repeat_001/bktree,C:\Users\Binich\PycharmProjects\PredictionRTS\output\learner_results\all_data\fused_bktree_web_batch_20260612_153602_top100_anchor_no_replay\MarineMicro_MvsM_4_dist\bktree,12,12,0,0,0 19 2 82 32 20 34 97 35 83 24 25,0 312 249 662 26 15 680 333 552 567 73 651,source_bktree source_bktree source_bktree source_bktree source_bktree source_bktree source_bktree source_bktree source_bktree source_bktree source_bktree source_bktree,0 19 2 82 32 20 34 97 35 83 24 25
16,MarineMicro_MvsM_4_dist,ETG-only,CALP-ETG,sce2_etg_run_0042,,,repeat_001,eval_run_0042_web_batch_20260611_140111,127,1.0,Win,84.0,,,ETG-only/sce2_etg_run_0042/final_eval/eval_run_0042_web_batch_20260611_140111/repeats/repeat_001/episodes.jsonl,ETG-only/sce2_etg_run_0042/final_eval/eval_run_0042_web_batch_20260611_140111/repeats/repeat_001/bktree,C:\Users\Binich\PycharmProjects\PredictionRTS\output\learner_results\all_data\fused_bktree_web_batch_20260612_153602_top100_anchor_no_replay\MarineMicro_MvsM_4_dist\bktree,12,12,0,0,0 19 41 41 49 42 42 58 67 287 276 52,0 312 649 649 657 653 653 659 660 661 337 655,source_bktree source_bktree source_bktree source_bktree source_bktree source_bktree source_bktree source_bktree source_bktree source_bktree source_bktree source_bktree,0 19 41 41 49 42 42 58 67 287 276 52
17,MarineMicro_MvsM_4_dist,ETG-only,CALP-ETG,sce2_etg_run_0042,,,repeat_001,eval_run_0042_web_batch_20260611_140111,126,1.0,Win,84.0,,,ETG-only/sce2_etg_run_0042/final_eval/eval_run_0042_web_batch_20260611_140111/repeats/repeat_001/episodes.jsonl,ETG-only/sce2_etg_run_0042/final_eval/eval_run_0042_web_batch_20260611_140111/repeats/repeat_001/bktree,C:\Users\Binich\PycharmProjects\PredictionRTS\output\learner_results\all_data\fused_bktree_web_batch_20260612_153602_top100_anchor_no_replay\MarineMicro_MvsM_4_dist\bktree,12,12,0,0,0 19 41 41 32 42 216 21 35 44 250 46,0 312 649 649 26 653 681 682 552 656 683 672,source_bktree source_bktree source_bktree source_bktree source_bktree source_bktree source_bktree source_bktree source_bktree source_bktree source_bktree source_bktree,0 19 41 41 32 42 216 21 35 44 250 46
18,MarineMicro_MvsM_4_dist,ETG-only,CALP-ETG,sce2_etg_run_0042,,,repeat_001,eval_run_0042_web_batch_20260611_140111,102,1.0,Win,84.0,,,ETG-only/sce2_etg_run_0042/final_eval/eval_run_0042_web_batch_20260611_140111/repeats/repeat_001/episodes.jsonl,ETG-only/sce2_etg_run_0042/final_eval/eval_run_0042_web_batch_20260611_140111/repeats/repeat_001/bktree,C:\Users\Binich\PycharmProjects\PredictionRTS\output\learner_results\all_data\fused_bktree_web_batch_20260612_153602_top100_anchor_no_replay\MarineMicro_MvsM_4_dist\bktree,12,12,0,0,0 1 2 2 85 4 38 39 98 40 29 280,0 22 249 249 676 81 684 685 686 687 570 688,source_bktree source_bktree source_bktree source_bktree source_bktree source_bktree source_bktree source_bktree source_bktree source_bktree source_bktree source_bktree,0 1 2 2 85 4 38 39 98 40 29 280
19,MarineMicro_MvsM_4_dist,ETG-only,CALP-ETG,sce2_etg_run_0042,,,repeat_001,eval_run_0042_web_batch_20260611_140111,78,1.0,Win,84.0,,,ETG-only/sce2_etg_run_0042/final_eval/eval_run_0042_web_batch_20260611_140111/repeats/repeat_001/episodes.jsonl,ETG-only/sce2_etg_run_0042/final_eval/eval_run_0042_web_batch_20260611_140111/repeats/repeat_001/bktree,C:\Users\Binich\PycharmProjects\PredictionRTS\output\learner_results\all_data\fused_bktree_web_batch_20260612_153602_top100_anchor_no_replay\MarineMicro_MvsM_4_dist\bktree,12,12,0,0,0 19 2 82 32 42 249 21 35 24 250 25,0 312 249 662 26 653 689 682 552 73 683 651,source_bktree source_bktree source_bktree source_bktree source_bktree source_bktree source_bktree source_bktree source_bktree source_bktree source_bktree source_bktree,0 19 2 82 32 42 249 21 35 24 250 25
20,MarineMicro_MvsM_4_dist,ETG-only,CALP-ETG,sce2_etg_run_0042,,,repeat_001,eval_run_0042_web_batch_20260611_140111,37,1.0,Win,84.0,,,ETG-only/sce2_etg_run_0042/final_eval/eval_run_0042_web_batch_20260611_140111/repeats/repeat_001/episodes.jsonl,ETG-only/sce2_etg_run_0042/final_eval/eval_run_0042_web_batch_20260611_140111/repeats/repeat_001/bktree,C:\Users\Binich\PycharmProjects\PredictionRTS\output\learner_results\all_data\fused_bktree_web_batch_20260612_153602_top100_anchor_no_replay\MarineMicro_MvsM_4_dist\bktree,12,12,0,0,0 73 2 2 26 108 147 147 28 148 148 149,0 664 249 249 36 15 675 675 677 668 668 557,source_bktree source_bktree source_bktree source_bktree source_bktree source_bktree source_bktree source_bktree source_bktree source_bktree source_bktree source_bktree,0 73 2 2 26 108 147 147 28 148 148 149
21,MarineMicro_MvsM_4_dist,ETG-only,CALP-ETG,sce2_etg_run_0042,,,repeat_001,eval_run_0042_web_batch_20260611_140111,33,1.0,Win,84.0,,,ETG-only/sce2_etg_run_0042/final_eval/eval_run_0042_web_batch_20260611_140111/repeats/repeat_001/episodes.jsonl,ETG-only/sce2_etg_run_0042/final_eval/eval_run_0042_web_batch_20260611_140111/repeats/repeat_001/bktree,C:\Users\Binich\PycharmProjects\PredictionRTS\output\learner_results\all_data\fused_bktree_web_batch_20260612_153602_top100_anchor_no_replay\MarineMicro_MvsM_4_dist\bktree,12,12,0,0,0 19 2 82 32 20 34 97 35 83 24 25,0 312 249 662 26 15 680 333 552 567 73 651,source_bktree source_bktree source_bktree source_bktree source_bktree source_bktree source_bktree source_bktree source_bktree source_bktree source_bktree source_bktree,0 19 2 82 32 20 34 97 35 83 24 25
22,MarineMicro_MvsM_4_dist,ETG-only,CALP-ETG,sce2_etg_run_0042,,,repeat_001,eval_run_0042_web_batch_20260611_140111,14,1.0,Win,84.0,,,ETG-only/sce2_etg_run_0042/final_eval/eval_run_0042_web_batch_20260611_140111/repeats/repeat_001/episodes.jsonl,ETG-only/sce2_etg_run_0042/final_eval/eval_run_0042_web_batch_20260611_140111/repeats/repeat_001/bktree,C:\Users\Binich\PycharmProjects\PredictionRTS\output\learner_results\all_data\fused_bktree_web_batch_20260612_153602_top100_anchor_no_replay\MarineMicro_MvsM_4_dist\bktree,12,12,0,0,0 19 2 41 49 20 42 58 67 67 51 52,0 312 249 649 657 15 653 659 660 660 663 655,source_bktree source_bktree source_bktree source_bktree source_bktree source_bktree source_bktree source_bktree source_bktree source_bktree source_bktree source_bktree,0 19 2 41 49 20 42 58 67 67 51 52
23,MarineMicro_MvsM_4_dist,ETG-only,CALP-ETG,sce2_etg_run_0042,,,repeat_001,eval_run_0042_web_batch_20260611_140111,150,1.0,Win,81.0,,,ETG-only/sce2_etg_run_0042/final_eval/eval_run_0042_web_batch_20260611_140111/repeats/repeat_001/episodes.jsonl,ETG-only/sce2_etg_run_0042/final_eval/eval_run_0042_web_batch_20260611_140111/repeats/repeat_001/bktree,C:\Users\Binich\PycharmProjects\PredictionRTS\output\learner_results\all_data\fused_bktree_web_batch_20260612_153602_top100_anchor_no_replay\MarineMicro_MvsM_4_dist\bktree,12,12,0,0,0 19 2 41 32 42 216 21 35 44 44 37,0 312 249 649 26 653 681 682 552 656 656 554,source_bktree source_bktree source_bktree source_bktree source_bktree source_bktree source_bktree source_bktree source_bktree source_bktree source_bktree source_bktree,0 19 2 41 32 42 216 21 35 44 44 37
24,MarineMicro_MvsM_4_dist,ETG-only,CALP-ETG,sce2_etg_run_0042,,,repeat_001,eval_run_0042_web_batch_20260611_140111,79,1.0,Win,81.0,,,ETG-only/sce2_etg_run_0042/final_eval/eval_run_0042_web_batch_20260611_140111/repeats/repeat_001/episodes.jsonl,ETG-only/sce2_etg_run_0042/final_eval/eval_run_0042_web_batch_20260611_140111/repeats/repeat_001/bktree,C:\Users\Binich\PycharmProjects\PredictionRTS\output\learner_results\all_data\fused_bktree_web_batch_20260612_153602_top100_anchor_no_replay\MarineMicro_MvsM_4_dist\bktree,12,12,0,0,0 125 41 184 157 220 158 158 159 160 172 162,0 323 649 249 26 644 621 621 707 623 710 709,source_bktree source_bktree source_bktree source_bktree source_bktree source_bktree source_bktree source_bktree source_bktree source_bktree source_bktree source_bktree,0 125 41 184 157 220 158 158 159 160 172 162
25,MarineMicro_MvsM_4_dist,ETG-only,CALP-ETG,sce2_etg_run_0042,,,repeat_001,eval_run_0042_web_batch_20260611_140111,51,1.0,Win,81.0,,,ETG-only/sce2_etg_run_0042/final_eval/eval_run_0042_web_batch_20260611_140111/repeats/repeat_001/episodes.jsonl,ETG-only/sce2_etg_run_0042/final_eval/eval_run_0042_web_batch_20260611_140111/repeats/repeat_001/bktree,C:\Users\Binich\PycharmProjects\PredictionRTS\output\learner_results\all_data\fused_bktree_web_batch_20260612_153602_top100_anchor_no_replay\MarineMicro_MvsM_4_dist\bktree,12,12,0,0,0 19 2 2 32 20 20 97 35 83 24 37,0 312 249 249 26 15 15 333 552 567 73 554,source_bktree source_bktree source_bktree source_bktree source_bktree source_bktree source_bktree source_bktree source_bktree source_bktree source_bktree source_bktree,0 19 2 2 32 20 20 97 35 83 24 37
26,MarineMicro_MvsM_4_dist,ETG-only,CALP-ETG,sce2_etg_run_0042,,,repeat_001,eval_run_0042_web_batch_20260611_140111,263,1.0,Win,81.0,,,ETG-only/sce2_etg_run_0042/final_eval/eval_run_0042_web_batch_20260611_140111/repeats/repeat_001/episodes.jsonl,ETG-only/sce2_etg_run_0042/final_eval/eval_run_0042_web_batch_20260611_140111/repeats/repeat_001/bktree,C:\Users\Binich\PycharmProjects\PredictionRTS\output\learner_results\all_data\fused_bktree_web_batch_20260612_153602_top100_anchor_no_replay\MarineMicro_MvsM_4_dist\bktree,13,13,0,0,0 19 2 82 32 20 398 97 35 24 51 36 37,0 312 249 662 26 15 652 333 552 73 663 690 554,source_bktree source_bktree source_bktree source_bktree source_bktree source_bktree source_bktree source_bktree source_bktree source_bktree source_bktree source_bktree source_bktree,0 19 2 82 32 20 398 97 35 24 51 36 37
27,MarineMicro_MvsM_4_dist,ETG-only,CALP-ETG,sce2_etg_run_0042,,,repeat_001,eval_run_0042_web_batch_20260611_140111,236,1.0,Win,81.0,,,ETG-only/sce2_etg_run_0042/final_eval/eval_run_0042_web_batch_20260611_140111/repeats/repeat_001/episodes.jsonl,ETG-only/sce2_etg_run_0042/final_eval/eval_run_0042_web_batch_20260611_140111/repeats/repeat_001/bktree,C:\Users\Binich\PycharmProjects\PredictionRTS\output\learner_results\all_data\fused_bktree_web_batch_20260612_153602_top100_anchor_no_replay\MarineMicro_MvsM_4_dist\bktree,13,13,0,0,0 1 2 2 85 4 38 39 28 29 107 8 9,0 22 249 249 676 81 684 685 677 570 691 692 554,source_bktree source_bktree source_bktree source_bktree source_bktree source_bktree source_bktree source_bktree source_bktree source_bktree source_bktree source_bktree source_bktree,0 1 2 2 85 4 38 39 28 29 107 8 9
28,MarineMicro_MvsM_4_dist,ETG-only,CALP-ETG,sce2_etg_run_0042,,,repeat_001,eval_run_0042_web_batch_20260611_140111,180,1.0,Win,81.0,,,ETG-only/sce2_etg_run_0042/final_eval/eval_run_0042_web_batch_20260611_140111/repeats/repeat_001/episodes.jsonl,ETG-only/sce2_etg_run_0042/final_eval/eval_run_0042_web_batch_20260611_140111/repeats/repeat_001/bktree,C:\Users\Binich\PycharmProjects\PredictionRTS\output\learner_results\all_data\fused_bktree_web_batch_20260612_153602_top100_anchor_no_replay\MarineMicro_MvsM_4_dist\bktree,13,13,0,0,0 19 41 82 32 249 50 97 290 183 80 36 37,0 312 649 662 26 689 654 333 693 650 694 690 554,source_bktree source_bktree source_bktree source_bktree source_bktree source_bktree source_bktree source_bktree source_bktree source_bktree source_bktree source_bktree source_bktree,0 19 41 82 32 249 50 97 290 183 80 36 37
29,MarineMicro_MvsM_4_dist,ETG-only,CALP-ETG,sce2_etg_run_0042,,,repeat_001,eval_run_0042_web_batch_20260611_140111,174,1.0,Win,81.0,,,ETG-only/sce2_etg_run_0042/final_eval/eval_run_0042_web_batch_20260611_140111/repeats/repeat_001/episodes.jsonl,ETG-only/sce2_etg_run_0042/final_eval/eval_run_0042_web_batch_20260611_140111/repeats/repeat_001/bktree,C:\Users\Binich\PycharmProjects\PredictionRTS\output\learner_results\all_data\fused_bktree_web_batch_20260612_153602_top100_anchor_no_replay\MarineMicro_MvsM_4_dist\bktree,13,13,0,0,0 19 2 82 32 42 34 100 35 274 80 36 37,0 312 249 662 26 653 680 695 552 696 694 690 554,source_bktree source_bktree source_bktree source_bktree source_bktree source_bktree source_bktree source_bktree source_bktree source_bktree source_bktree source_bktree source_bktree,0 19 2 82 32 42 34 100 35 274 80 36 37
30,MarineMicro_MvsM_4_dist,ETG-only,CALP-ETG,sce2_etg_run_0042,,,repeat_001,eval_run_0042_web_batch_20260611_140111,156,1.0,Win,81.0,,,ETG-only/sce2_etg_run_0042/final_eval/eval_run_0042_web_batch_20260611_140111/repeats/repeat_001/episodes.jsonl,ETG-only/sce2_etg_run_0042/final_eval/eval_run_0042_web_batch_20260611_140111/repeats/repeat_001/bktree,C:\Users\Binich\PycharmProjects\PredictionRTS\output\learner_results\all_data\fused_bktree_web_batch_20260612_153602_top100_anchor_no_replay\MarineMicro_MvsM_4_dist\bktree,13,13,0,0,0 19 2 47 32 20 216 21 293 274 176 36 37,0 312 249 697 26 15 681 682 698 696 699 690 554,source_bktree source_bktree source_bktree source_bktree source_bktree source_bktree source_bktree source_bktree source_bktree source_bktree source_bktree source_bktree source_bktree,0 19 2 47 32 20 216 21 293 274 176 36 37
31,MarineMicro_MvsM_4_dist,ETG-only,CALP-ETG,sce2_etg_run_0042,,,repeat_001,eval_run_0042_web_batch_20260611_140111,152,1.0,Win,81.0,,,ETG-only/sce2_etg_run_0042/final_eval/eval_run_0042_web_batch_20260611_140111/repeats/repeat_001/episodes.jsonl,ETG-only/sce2_etg_run_0042/final_eval/eval_run_0042_web_batch_20260611_140111/repeats/repeat_001/bktree,C:\Users\Binich\PycharmProjects\PredictionRTS\output\learner_results\all_data\fused_bktree_web_batch_20260612_153602_top100_anchor_no_replay\MarineMicro_MvsM_4_dist\bktree,13,13,0,0,0 1 2 2 85 4 38 39 28 40 29 8 9,0 22 249 249 676 81 684 685 677 687 570 692 554,source_bktree source_bktree source_bktree source_bktree source_bktree source_bktree source_bktree source_bktree source_bktree source_bktree source_bktree source_bktree source_bktree,0 1 2 2 85 4 38 39 28 40 29 8 9
32,MarineMicro_MvsM_4_dist,ETG-only,CALP-ETG,sce2_etg_run_0042,,,repeat_001,eval_run_0042_web_batch_20260611_140111,147,1.0,Win,81.0,,,ETG-only/sce2_etg_run_0042/final_eval/eval_run_0042_web_batch_20260611_140111/repeats/repeat_001/episodes.jsonl,ETG-only/sce2_etg_run_0042/final_eval/eval_run_0042_web_batch_20260611_140111/repeats/repeat_001/bktree,C:\Users\Binich\PycharmProjects\PredictionRTS\output\learner_results\all_data\fused_bktree_web_batch_20260612_153602_top100_anchor_no_replay\MarineMicro_MvsM_4_dist\bktree,13,13,0,0,0 19 41 47 32 20 68 97 35 274 24 36 37,0 312 649 697 26 15 700 333 552 696 73 690 554,source_bktree source_bktree source_bktree source_bktree source_bktree source_bktree source_bktree source_bktree source_bktree source_bktree source_bktree source_bktree source_bktree,0 19 41 47 32 20 68 97 35 274 24 36 37
33,MarineMicro_MvsM_4_dist,ETG-only,CALP-ETG,sce2_etg_run_0042,,,repeat_001,eval_run_0042_web_batch_20260611_140111,145,1.0,Win,81.0,,,ETG-only/sce2_etg_run_0042/final_eval/eval_run_0042_web_batch_20260611_140111/repeats/repeat_001/episodes.jsonl,ETG-only/sce2_etg_run_0042/final_eval/eval_run_0042_web_batch_20260611_140111/repeats/repeat_001/bktree,C:\Users\Binich\PycharmProjects\PredictionRTS\output\learner_results\all_data\fused_bktree_web_batch_20260612_153602_top100_anchor_no_replay\MarineMicro_MvsM_4_dist\bktree,13,13,0,0,0 19 41 82 32 249 50 97 290 183 80 36 37,0 312 649 662 26 689 654 333 693 650 694 690 554,source_bktree source_bktree source_bktree source_bktree source_bktree source_bktree source_bktree source_bktree source_bktree source_bktree source_bktree source_bktree source_bktree,0 19 41 82 32 249 50 97 290 183 80 36 37
34,MarineMicro_MvsM_4_dist,ETG-only,CALP-ETG,sce2_etg_run_0042,,,repeat_001,eval_run_0042_web_batch_20260611_140111,116,1.0,Win,81.0,,,ETG-only/sce2_etg_run_0042/final_eval/eval_run_0042_web_batch_20260611_140111/repeats/repeat_001/episodes.jsonl,ETG-only/sce2_etg_run_0042/final_eval/eval_run_0042_web_batch_20260611_140111/repeats/repeat_001/bktree,C:\Users\Binich\PycharmProjects\PredictionRTS\output\learner_results\all_data\fused_bktree_web_batch_20260612_153602_top100_anchor_no_replay\MarineMicro_MvsM_4_dist\bktree,13,13,0,0,0 19 2 82 32 20 21 21 293 274 176 36 37,0 312 249 662 26 15 682 682 698 696 699 690 554,source_bktree source_bktree source_bktree source_bktree source_bktree source_bktree source_bktree source_bktree source_bktree source_bktree source_bktree source_bktree source_bktree,0 19 2 82 32 20 21 21 293 274 176 36 37
35,MarineMicro_MvsM_4_dist,ETG-only,CALP-ETG,sce2_etg_run_0042,,,repeat_001,eval_run_0042_web_batch_20260611_140111,112,1.0,Win,81.0,,,ETG-only/sce2_etg_run_0042/final_eval/eval_run_0042_web_batch_20260611_140111/repeats/repeat_001/episodes.jsonl,ETG-only/sce2_etg_run_0042/final_eval/eval_run_0042_web_batch_20260611_140111/repeats/repeat_001/bktree,C:\Users\Binich\PycharmProjects\PredictionRTS\output\learner_results\all_data\fused_bktree_web_batch_20260612_153602_top100_anchor_no_replay\MarineMicro_MvsM_4_dist\bktree,13,13,0,0,0 1 2 106 85 4 38 39 28 29 107 8 9,0 22 249 701 676 81 684 685 677 570 691 692 554,source_bktree source_bktree source_bktree source_bktree source_bktree source_bktree source_bktree source_bktree source_bktree source_bktree source_bktree source_bktree source_bktree,0 1 2 106 85 4 38 39 28 29 107 8 9
36,MarineMicro_MvsM_4_dist,ETG-only,CALP-ETG,sce2_etg_run_0042,,,repeat_001,eval_run_0042_web_batch_20260611_140111,105,1.0,Win,81.0,,,ETG-only/sce2_etg_run_0042/final_eval/eval_run_0042_web_batch_20260611_140111/repeats/repeat_001/episodes.jsonl,ETG-only/sce2_etg_run_0042/final_eval/eval_run_0042_web_batch_20260611_140111/repeats/repeat_001/bktree,C:\Users\Binich\PycharmProjects\PredictionRTS\output\learner_results\all_data\fused_bktree_web_batch_20260612_153602_top100_anchor_no_replay\MarineMicro_MvsM_4_dist\bktree,13,13,0,0,0 19 41 41 49 42 42 286 67 287 122 123 288,0 312 649 649 657 653 653 702 660 661 546 703 560,source_bktree source_bktree source_bktree source_bktree source_bktree source_bktree source_bktree source_bktree source_bktree source_bktree source_bktree source_bktree source_bktree,0 19 41 41 49 42 42 286 67 287 122 123 288
37,MarineMicro_MvsM_4_dist,ETG-only,CALP-ETG,sce2_etg_run_0042,,,repeat_001,eval_run_0042_web_batch_20260611_140111,91,1.0,Win,81.0,,,ETG-only/sce2_etg_run_0042/final_eval/eval_run_0042_web_batch_20260611_140111/repeats/repeat_001/episodes.jsonl,ETG-only/sce2_etg_run_0042/final_eval/eval_run_0042_web_batch_20260611_140111/repeats/repeat_001/bktree,C:\Users\Binich\PycharmProjects\PredictionRTS\output\learner_results\all_data\fused_bktree_web_batch_20260612_153602_top100_anchor_no_replay\MarineMicro_MvsM_4_dist\bktree,13,13,0,0,0 125 2 169 157 126 170 158 159 160 161 132 162,0 323 249 704 26 705 706 621 707 623 624 708 709,source_bktree source_bktree source_bktree source_bktree source_bktree source_bktree source_bktree source_bktree source_bktree source_bktree source_bktree source_bktree source_bktree,0 125 2 169 157 126 170 158 159 160 161 132 162
38,MarineMicro_MvsM_4_dist,ETG-only,CALP-ETG,sce2_etg_run_0042,,,repeat_001,eval_run_0042_web_batch_20260611_140111,25,1.0,Win,81.0,,,ETG-only/sce2_etg_run_0042/final_eval/eval_run_0042_web_batch_20260611_140111/repeats/repeat_001/episodes.jsonl,ETG-only/sce2_etg_run_0042/final_eval/eval_run_0042_web_batch_20260611_140111/repeats/repeat_001/bktree,C:\Users\Binich\PycharmProjects\PredictionRTS\output\learner_results\all_data\fused_bktree_web_batch_20260612_153602_top100_anchor_no_replay\MarineMicro_MvsM_4_dist\bktree,13,13,0,0,0 19 2 47 32 20 68 97 35 44 24 36 37,0 312 249 697 26 15 700 333 552 656 73 690 554,source_bktree source_bktree source_bktree source_bktree source_bktree source_bktree source_bktree source_bktree source_bktree source_bktree source_bktree source_bktree source_bktree,0 19 2 47 32 20 68 97 35 44 24 36 37
39,MarineMicro_MvsM_4_dist,ETG-only,CALP-ETG,sce2_etg_run_0042,,,repeat_001,eval_run_0042_web_batch_20260611_140111,24,1.0,Win,81.0,,,ETG-only/sce2_etg_run_0042/final_eval/eval_run_0042_web_batch_20260611_140111/repeats/repeat_001/episodes.jsonl,ETG-only/sce2_etg_run_0042/final_eval/eval_run_0042_web_batch_20260611_140111/repeats/repeat_001/bktree,C:\Users\Binich\PycharmProjects\PredictionRTS\output\learner_results\all_data\fused_bktree_web_batch_20260612_153602_top100_anchor_no_replay\MarineMicro_MvsM_4_dist\bktree,13,13,0,0,0 1 2 106 85 38 27 39 28 29 107 8 9,0 22 249 701 676 684 558 685 677 570 691 692 554,source_bktree source_bktree source_bktree source_bktree source_bktree source_bktree source_bktree source_bktree source_bktree source_bktree source_bktree source_bktree source_bktree,0 1 2 106 85 38 27 39 28 29 107 8 9
40,MarineMicro_MvsM_4_dist,ETG-only,CALP-ETG,sce2_etg_run_0042,,,repeat_001,eval_run_0042_web_batch_20260611_140111,17,1.0,Win,81.0,,,ETG-only/sce2_etg_run_0042/final_eval/eval_run_0042_web_batch_20260611_140111/repeats/repeat_001/episodes.jsonl,ETG-only/sce2_etg_run_0042/final_eval/eval_run_0042_web_batch_20260611_140111/repeats/repeat_001/bktree,C:\Users\Binich\PycharmProjects\PredictionRTS\output\learner_results\all_data\fused_bktree_web_batch_20260612_153602_top100_anchor_no_replay\MarineMicro_MvsM_4_dist\bktree,13,13,0,0,0 19 2 82 32 20 34 69 35 83 24 36 37,0 312 249 662 26 15 680 711 552 567 73 690 554,source_bktree source_bktree source_bktree source_bktree source_bktree source_bktree source_bktree source_bktree source_bktree source_bktree source_bktree source_bktree source_bktree,0 19 2 82 32 20 34 69 35 83 24 36 37
41,MarineMicro_MvsM_4_dist,ETG-only,CALP-ETG,sce2_etg_run_0042,,,repeat_001,eval_run_0042_web_batch_20260611_140111,8,1.0,Win,81.0,,,ETG-only/sce2_etg_run_0042/final_eval/eval_run_0042_web_batch_20260611_140111/repeats/repeat_001/episodes.jsonl,ETG-only/sce2_etg_run_0042/final_eval/eval_run_0042_web_batch_20260611_140111/repeats/repeat_001/bktree,C:\Users\Binich\PycharmProjects\PredictionRTS\output\learner_results\all_data\fused_bktree_web_batch_20260612_153602_top100_anchor_no_replay\MarineMicro_MvsM_4_dist\bktree,13,13,0,0,0 1 2 2 26 4 38 39 28 40 29 8 9,0 22 249 249 36 81 684 685 677 687 570 692 554,source_bktree source_bktree source_bktree source_bktree source_bktree source_bktree source_bktree source_bktree source_bktree source_bktree source_bktree source_bktree source_bktree,0 1 2 2 26 4 38 39 28 40 29 8 9
42,MarineMicro_MvsM_4_dist,ETG-only,CALP-ETG,sce2_etg_run_0042,,,repeat_001,eval_run_0042_web_batch_20260611_140111,297,1.0,Win,78.0,,,ETG-only/sce2_etg_run_0042/final_eval/eval_run_0042_web_batch_20260611_140111/repeats/repeat_001/episodes.jsonl,ETG-only/sce2_etg_run_0042/final_eval/eval_run_0042_web_batch_20260611_140111/repeats/repeat_001/bktree,C:\Users\Binich\PycharmProjects\PredictionRTS\output\learner_results\all_data\fused_bktree_web_batch_20260612_153602_top100_anchor_no_replay\MarineMicro_MvsM_4_dist\bktree,12,12,0,0,0 19 2 2 3 20 4 97 198 83 24 25,0 312 249 249 26 15 81 333 552 567 73 651,source_bktree source_bktree source_bktree source_bktree source_bktree source_bktree source_bktree source_bktree source_bktree source_bktree source_bktree source_bktree,0 19 2 2 3 20 4 97 198 83 24 25
43,MarineMicro_MvsM_4_dist,ETG-only,CALP-ETG,sce2_etg_run_0042,,,repeat_001,eval_run_0042_web_batch_20260611_140111,296,1.0,Win,78.0,,,ETG-only/sce2_etg_run_0042/final_eval/eval_run_0042_web_batch_20260611_140111/repeats/repeat_001/episodes.jsonl,ETG-only/sce2_etg_run_0042/final_eval/eval_run_0042_web_batch_20260611_140111/repeats/repeat_001/bktree,C:\Users\Binich\PycharmProjects\PredictionRTS\output\learner_results\all_data\fused_bktree_web_batch_20260612_153602_top100_anchor_no_replay\MarineMicro_MvsM_4_dist\bktree,12,12,0,0,0 73 41 402 75 517 196 94 518 197 197 149,0 664 649 712 713 714 715 538 716 717 717 557,source_bktree source_bktree source_bktree source_bktree source_bktree source_bktree source_bktree source_bktree source_bktree source_bktree source_bktree source_bktree,0 73 41 402 75 517 196 94 518 197 197 149
44,MarineMicro_MvsM_4_dist,ETG-only,CALP-ETG,sce2_etg_run_0042,,,repeat_001,eval_run_0042_web_batch_20260611_140111,294,1.0,Win,78.0,,,ETG-only/sce2_etg_run_0042/final_eval/eval_run_0042_web_batch_20260611_140111/repeats/repeat_001/episodes.jsonl,ETG-only/sce2_etg_run_0042/final_eval/eval_run_0042_web_batch_20260611_140111/repeats/repeat_001/bktree,C:\Users\Binich\PycharmProjects\PredictionRTS\output\learner_results\all_data\fused_bktree_web_batch_20260612_153602_top100_anchor_no_replay\MarineMicro_MvsM_4_dist\bktree,12,12,0,0,0 1 41 2 26 4 27 27 28 29 29 31,0 22 649 249 36 81 558 558 677 570 570 564,source_bktree source_bktree source_bktree source_bktree source_bktree source_bktree source_bktree source_bktree source_bktree source_bktree source_bktree source_bktree,0 1 41 2 26 4 27 27 28 29 29 31
45,MarineMicro_MvsM_4_dist,ETG-only,CALP-ETG,sce2_etg_run_0042,,,repeat_001,eval_run_0042_web_batch_20260611_140111,283,1.0,Win,78.0,,,ETG-only/sce2_etg_run_0042/final_eval/eval_run_0042_web_batch_20260611_140111/repeats/repeat_001/episodes.jsonl,ETG-only/sce2_etg_run_0042/final_eval/eval_run_0042_web_batch_20260611_140111/repeats/repeat_001/bktree,C:\Users\Binich\PycharmProjects\PredictionRTS\output\learner_results\all_data\fused_bktree_web_batch_20260612_153602_top100_anchor_no_replay\MarineMicro_MvsM_4_dist\bktree,12,12,0,0,0 19 2 2 32 20 34 97 35 83 24 25,0 312 249 249 26 15 680 333 552 567 73 651,source_bktree source_bktree source_bktree source_bktree source_bktree source_bktree source_bktree source_bktree source_bktree source_bktree source_bktree source_bktree,0 19 2 2 32 20 34 97 35 83 24 25
46,MarineMicro_MvsM_4_dist,ETG-only,CALP-ETG,sce2_etg_run_0042,,,repeat_001,eval_run_0042_web_batch_20260611_140111,274,1.0,Win,78.0,,,ETG-only/sce2_etg_run_0042/final_eval/eval_run_0042_web_batch_20260611_140111/repeats/repeat_001/episodes.jsonl,ETG-only/sce2_etg_run_0042/final_eval/eval_run_0042_web_batch_20260611_140111/repeats/repeat_001/bktree,C:\Users\Binich\PycharmProjects\PredictionRTS\output\learner_results\all_data\fused_bktree_web_batch_20260612_153602_top100_anchor_no_replay\MarineMicro_MvsM_4_dist\bktree,12,12,0,0,0 19 2 2 49 20 20 43 67 67 287 267,0 312 249 249 657 15 15 670 660 660 661 346,source_bktree source_bktree source_bktree source_bktree source_bktree source_bktree source_bktree source_bktree source_bktree source_bktree source_bktree source_bktree,0 19 2 2 49 20 20 43 67 67 287 267
47,MarineMicro_MvsM_4_dist,ETG-only,CALP-ETG,sce2_etg_run_0042,,,repeat_001,eval_run_0042_web_batch_20260611_140111,271,1.0,Win,78.0,,,ETG-only/sce2_etg_run_0042/final_eval/eval_run_0042_web_batch_20260611_140111/repeats/repeat_001/episodes.jsonl,ETG-only/sce2_etg_run_0042/final_eval/eval_run_0042_web_batch_20260611_140111/repeats/repeat_001/bktree,C:\Users\Binich\PycharmProjects\PredictionRTS\output\learner_results\all_data\fused_bktree_web_batch_20260612_153602_top100_anchor_no_replay\MarineMicro_MvsM_4_dist\bktree,12,12,0,0,0 19 2 2 3 20 97 97 198 83 24 25,0 312 249 249 26 15 333 333 552 567 73 651,source_bktree source_bktree source_bktree source_bktree source_bktree source_bktree source_bktree source_bktree source_bktree source_bktree source_bktree source_bktree,0 19 2 2 3 20 97 97 198 83 24 25
48,MarineMicro_MvsM_4_dist,ETG-only,CALP-ETG,sce2_etg_run_0042,,,repeat_001,eval_run_0042_web_batch_20260611_140111,261,1.0,Win,78.0,,,ETG-only/sce2_etg_run_0042/final_eval/eval_run_0042_web_batch_20260611_140111/repeats/repeat_001/episodes.jsonl,ETG-only/sce2_etg_run_0042/final_eval/eval_run_0042_web_batch_20260611_140111/repeats/repeat_001/bktree,C:\Users\Binich\PycharmProjects\PredictionRTS\output\learner_results\all_data\fused_bktree_web_batch_20260612_153602_top100_anchor_no_replay\MarineMicro_MvsM_4_dist\bktree,12,12,0,0,0 19 2 2 3 20 20 97 35 24 24 25,0 312 249 249 26 15 15 333 552 73 73 651,source_bktree source_bktree source_bktree source_bktree source_bktree source_bktree source_bktree source_bktree source_bktree source_bktree source_bktree source_bktree,0 19 2 2 3 20 20 97 35 24 24 25
49,MarineMicro_MvsM_4_dist,ETG-only,CALP-ETG,sce2_etg_run_0042,,,repeat_001,eval_run_0042_web_batch_20260611_140111,256,1.0,Win,78.0,,,ETG-only/sce2_etg_run_0042/final_eval/eval_run_0042_web_batch_20260611_140111/repeats/repeat_001/episodes.jsonl,ETG-only/sce2_etg_run_0042/final_eval/eval_run_0042_web_batch_20260611_140111/repeats/repeat_001/bktree,C:\Users\Binich\PycharmProjects\PredictionRTS\output\learner_results\all_data\fused_bktree_web_batch_20260612_153602_top100_anchor_no_replay\MarineMicro_MvsM_4_dist\bktree,12,12,0,0,0 19 2 2 32 20 362 97 35 24 24 25,0 312 249 249 26 15 718 333 552 73 73 651,source_bktree source_bktree source_bktree source_bktree source_bktree source_bktree source_bktree source_bktree source_bktree source_bktree source_bktree source_bktree,0 19 2 2 32 20 362 97 35 24 24 25
50,MarineMicro_MvsM_4_dist,ETG-only,CALP-ETG,sce2_etg_run_0042,,,repeat_001,eval_run_0042_web_batch_20260611_140111,250,1.0,Win,78.0,,,ETG-only/sce2_etg_run_0042/final_eval/eval_run_0042_web_batch_20260611_140111/repeats/repeat_001/episodes.jsonl,ETG-only/sce2_etg_run_0042/final_eval/eval_run_0042_web_batch_20260611_140111/repeats/repeat_001/bktree,C:\Users\Binich\PycharmProjects\PredictionRTS\output\learner_results\all_data\fused_bktree_web_batch_20260612_153602_top100_anchor_no_replay\MarineMicro_MvsM_4_dist\bktree,12,12,0,0,0 73 2 2 26 93 147 147 95 148 148 426,0 664 249 249 36 15 675 675 719 668 668 577,source_bktree source_bktree source_bktree source_bktree source_bktree source_bktree source_bktree source_bktree source_bktree source_bktree source_bktree source_bktree,0 73 2 2 26 93 147 147 95 148 148 426
51,MarineMicro_MvsM_4_dist,ETG-only,CALP-ETG,sce2_etg_run_0042,,,repeat_001,eval_run_0042_web_batch_20260611_140111,248,1.0,Win,78.0,,,ETG-only/sce2_etg_run_0042/final_eval/eval_run_0042_web_batch_20260611_140111/repeats/repeat_001/episodes.jsonl,ETG-only/sce2_etg_run_0042/final_eval/eval_run_0042_web_batch_20260611_140111/repeats/repeat_001/bktree,C:\Users\Binich\PycharmProjects\PredictionRTS\output\learner_results\all_data\fused_bktree_web_batch_20260612_153602_top100_anchor_no_replay\MarineMicro_MvsM_4_dist\bktree,12,12,0,0,0 1 2 2 85 4 460 63 150 56 89 90,0 22 249 249 676 81 720 301 559 631 721 722,source_bktree source_bktree source_bktree source_bktree source_bktree source_bktree source_bktree source_bktree source_bktree source_bktree source_bktree source_bktree,0 1 2 2 85 4 460 63 150 56 89 90
52,MarineMicro_MvsM_4_dist,ETG-only,CALP-ETG,sce2_etg_run_0042,,,repeat_001,eval_run_0042_web_batch_20260611_140111,228,1.0,Win,78.0,,,ETG-only/sce2_etg_run_0042/final_eval/eval_run_0042_web_batch_20260611_140111/repeats/repeat_001/episodes.jsonl,ETG-only/sce2_etg_run_0042/final_eval/eval_run_0042_web_batch_20260611_140111/repeats/repeat_001/bktree,C:\Users\Binich\PycharmProjects\PredictionRTS\output\learner_results\all_data\fused_bktree_web_batch_20260612_153602_top100_anchor_no_replay\MarineMicro_MvsM_4_dist\bktree,12,12,0,0,0 1 41 2 26 4 147 27 28 29 29 31,0 22 649 249 36 81 675 558 677 570 570 564,source_bktree source_bktree source_bktree source_bktree source_bktree source_bktree source_bktree source_bktree source_bktree source_bktree source_bktree source_bktree,0 1 41 2 26 4 147 27 28 29 29 31
53,MarineMicro_MvsM_4_dist,ETG-only,CALP-ETG,sce2_etg_run_0042,,,repeat_001,eval_run_0042_web_batch_20260611_140111,226,1.0,Win,78.0,,,ETG-only/sce2_etg_run_0042/final_eval/eval_run_0042_web_batch_20260611_140111/repeats/repeat_001/episodes.jsonl,ETG-only/sce2_etg_run_0042/final_eval/eval_run_0042_web_batch_20260611_140111/repeats/repeat_001/bktree,C:\Users\Binich\PycharmProjects\PredictionRTS\output\learner_results\all_data\fused_bktree_web_batch_20260612_153602_top100_anchor_no_replay\MarineMicro_MvsM_4_dist\bktree,12,12,0,0,0 1 2 2 85 4 30 5 28 40 29 31,0 22 249 249 676 81 81 630 677 687 570 564,source_bktree source_bktree source_bktree source_bktree source_bktree source_bktree source_bktree source_bktree source_bktree source_bktree source_bktree source_bktree,0 1 2 2 85 4 30 5 28 40 29 31
54,MarineMicro_MvsM_4_dist,ETG-only,CALP-ETG,sce2_etg_run_0042,,,repeat_001,eval_run_0042_web_batch_20260611_140111,214,1.0,Win,78.0,,,ETG-only/sce2_etg_run_0042/final_eval/eval_run_0042_web_batch_20260611_140111/repeats/repeat_001/episodes.jsonl,ETG-only/sce2_etg_run_0042/final_eval/eval_run_0042_web_batch_20260611_140111/repeats/repeat_001/bktree,C:\Users\Binich\PycharmProjects\PredictionRTS\output\learner_results\all_data\fused_bktree_web_batch_20260612_153602_top100_anchor_no_replay\MarineMicro_MvsM_4_dist\bktree,12,12,0,0,0 1 2 2 85 4 27 5 28 40 29 31,0 22 249 249 676 81 558 630 677 687 570 564,source_bktree source_bktree source_bktree source_bktree source_bktree source_bktree source_bktree source_bktree source_bktree source_bktree source_bktree source_bktree,0 1 2 2 85 4 27 5 28 40 29 31
55,MarineMicro_MvsM_4_dist,ETG-only,CALP-ETG,sce2_etg_run_0042,,,repeat_001,eval_run_0042_web_batch_20260611_140111,210,1.0,Win,78.0,,,ETG-only/sce2_etg_run_0042/final_eval/eval_run_0042_web_batch_20260611_140111/repeats/repeat_001/episodes.jsonl,ETG-only/sce2_etg_run_0042/final_eval/eval_run_0042_web_batch_20260611_140111/repeats/repeat_001/bktree,C:\Users\Binich\PycharmProjects\PredictionRTS\output\learner_results\all_data\fused_bktree_web_batch_20260612_153602_top100_anchor_no_replay\MarineMicro_MvsM_4_dist\bktree,12,12,0,0,0 73 74 402 403 93 196 94 79 197 404 149,0 664 249 712 723 15 715 538 667 717 724 557,source_bktree source_bktree source_bktree source_bktree source_bktree source_bktree source_bktree source_bktree source_bktree source_bktree source_bktree source_bktree,0 73 74 402 403 93 196 94 79 197 404 149
56,MarineMicro_MvsM_4_dist,ETG-only,CALP-ETG,sce2_etg_run_0042,,,repeat_001,eval_run_0042_web_batch_20260611_140111,208,1.0,Win,78.0,,,ETG-only/sce2_etg_run_0042/final_eval/eval_run_0042_web_batch_20260611_140111/repeats/repeat_001/episodes.jsonl,ETG-only/sce2_etg_run_0042/final_eval/eval_run_0042_web_batch_20260611_140111/repeats/repeat_001/bktree,C:\Users\Binich\PycharmProjects\PredictionRTS\output\learner_results\all_data\fused_bktree_web_batch_20260612_153602_top100_anchor_no_replay\MarineMicro_MvsM_4_dist\bktree,12,12,0,0,0 1 169 84 85 4 400 87 150 65 326 31,0 22 704 725 676 81 558 558 559 726 679 564,source_bktree source_bktree source_bktree source_bktree source_bktree source_bktree source_bktree source_bktree source_bktree source_bktree source_bktree source_bktree,0 1 169 84 85 4 400 87 150 65 326 31
57,MarineMicro_MvsM_4_dist,ETG-only,CALP-ETG,sce2_etg_run_0042,,,repeat_001,eval_run_0042_web_batch_20260611_140111,202,1.0,Win,78.0,,,ETG-only/sce2_etg_run_0042/final_eval/eval_run_0042_web_batch_20260611_140111/repeats/repeat_001/episodes.jsonl,ETG-only/sce2_etg_run_0042/final_eval/eval_run_0042_web_batch_20260611_140111/repeats/repeat_001/bktree,C:\Users\Binich\PycharmProjects\PredictionRTS\output\learner_results\all_data\fused_bktree_web_batch_20260612_153602_top100_anchor_no_replay\MarineMicro_MvsM_4_dist\bktree,12,12,0,0,0 19 2 2 3 20 97 97 35 24 24 25,0 312 249 249 26 15 333 333 552 73 73 651,source_bktree source_bktree source_bktree source_bktree source_bktree source_bktree source_bktree source_bktree source_bktree source_bktree source_bktree source_bktree,0 19 2 2 3 20 97 97 35 24 24 25
58,MarineMicro_MvsM_4_dist,ETG-only,CALP-ETG,sce2_etg_run_0042,,,repeat_001,eval_run_0042_web_batch_20260611_140111,196,1.0,Win,78.0,,,ETG-only/sce2_etg_run_0042/final_eval/eval_run_0042_web_batch_20260611_140111/repeats/repeat_001/episodes.jsonl,ETG-only/sce2_etg_run_0042/final_eval/eval_run_0042_web_batch_20260611_140111/repeats/repeat_001/bktree,C:\Users\Binich\PycharmProjects\PredictionRTS\output\learner_results\all_data\fused_bktree_web_batch_20260612_153602_top100_anchor_no_replay\MarineMicro_MvsM_4_dist\bktree,12,12,0,0,0 19 2 2 157 20 190 378 379 276 380 381,0 312 249 249 26 15 727 627 728 337 629 729,source_bktree source_bktree source_bktree source_bktree source_bktree source_bktree source_bktree source_bktree source_bktree source_bktree source_bktree source_bktree,0 19 2 2 157 20 190 378 379 276 380 381
59,MarineMicro_MvsM_4_dist,ETG-only,CALP-ETG,sce2_etg_run_0042,,,repeat_001,eval_run_0042_web_batch_20260611_140111,192,1.0,Win,78.0,,,ETG-only/sce2_etg_run_0042/final_eval/eval_run_0042_web_batch_20260611_140111/repeats/repeat_001/episodes.jsonl,ETG-only/sce2_etg_run_0042/final_eval/eval_run_0042_web_batch_20260611_140111/repeats/repeat_001/bktree,C:\Users\Binich\PycharmProjects\PredictionRTS\output\learner_results\all_data\fused_bktree_web_batch_20260612_153602_top100_anchor_no_replay\MarineMicro_MvsM_4_dist\bktree,12,12,0,0,0 125 2 2 157 108 220 205 206 255 255 367,0 323 249 249 26 15 644 548 645 623 623 730,source_bktree source_bktree source_bktree source_bktree source_bktree source_bktree source_bktree source_bktree source_bktree source_bktree source_bktree source_bktree,0 125 2 2 157 108 220 205 206 255 255 367
60,MarineMicro_MvsM_4_dist,ETG-only,CALP-ETG,sce2_etg_run_0042,,,repeat_001,eval_run_0042_web_batch_20260611_140111,171,1.0,Win,78.0,,,ETG-only/sce2_etg_run_0042/final_eval/eval_run_0042_web_batch_20260611_140111/repeats/repeat_001/episodes.jsonl,ETG-only/sce2_etg_run_0042/final_eval/eval_run_0042_web_batch_20260611_140111/repeats/repeat_001/bktree,C:\Users\Binich\PycharmProjects\PredictionRTS\output\learner_results\all_data\fused_bktree_web_batch_20260612_153602_top100_anchor_no_replay\MarineMicro_MvsM_4_dist\bktree,12,12,0,0,0 125 2 2 26 108 345 346 347 348 348 349,0 323 249 249 36 15 731 538 562 563 563 566,source_bktree source_bktree source_bktree source_bktree source_bktree source_bktree source_bktree source_bktree source_bktree source_bktree source_bktree source_bktree,0 125 2 2 26 108 345 346 347 348 348 349
61,MarineMicro_MvsM_4_dist,ETG-only,CALP-ETG,sce2_etg_run_0042,,,repeat_001,eval_run_0042_web_batch_20260611_140111,162,1.0,Win,78.0,,,ETG-only/sce2_etg_run_0042/final_eval/eval_run_0042_web_batch_20260611_140111/repeats/repeat_001/episodes.jsonl,ETG-only/sce2_etg_run_0042/final_eval/eval_run_0042_web_batch_20260611_140111/repeats/repeat_001/bktree,C:\Users\Binich\PycharmProjects\PredictionRTS\output\learner_results\all_data\fused_bktree_web_batch_20260612_153602_top100_anchor_no_replay\MarineMicro_MvsM_4_dist\bktree,12,12,0,0,0 1 62 2 277 38 38 39 98 40 40 90,0 22 732 249 733 684 684 685 686 687 687 722,source_bktree source_bktree source_bktree source_bktree source_bktree source_bktree source_bktree source_bktree source_bktree source_bktree source_bktree source_bktree,0 1 62 2 277 38 38 39 98 40 40 90
62,MarineMicro_MvsM_4_dist,ETG-only,CALP-ETG,sce2_etg_run_0042,,,repeat_001,eval_run_0042_web_batch_20260611_140111,160,1.0,Win,78.0,,,ETG-only/sce2_etg_run_0042/final_eval/eval_run_0042_web_batch_20260611_140111/repeats/repeat_001/episodes.jsonl,ETG-only/sce2_etg_run_0042/final_eval/eval_run_0042_web_batch_20260611_140111/repeats/repeat_001/bktree,C:\Users\Binich\PycharmProjects\PredictionRTS\output\learner_results\all_data\fused_bktree_web_batch_20260612_153602_top100_anchor_no_replay\MarineMicro_MvsM_4_dist\bktree,12,12,0,0,0 19 41 82 32 20 190 21 35 44 327 46,0 312 649 662 26 15 727 682 552 656 553 672,source_bktree source_bktree source_bktree source_bktree source_bktree source_bktree source_bktree source_bktree source_bktree source_bktree source_bktree source_bktree,0 19 41 82 32 20 190 21 35 44 327 46
63,MarineMicro_MvsM_4_dist,ETG-only,CALP-ETG,sce2_etg_run_0042,,,repeat_001,eval_run_0042_web_batch_20260611_140111,154,1.0,Win,78.0,,,ETG-only/sce2_etg_run_0042/final_eval/eval_run_0042_web_batch_20260611_140111/repeats/repeat_001/episodes.jsonl,ETG-only/sce2_etg_run_0042/final_eval/eval_run_0042_web_batch_20260611_140111/repeats/repeat_001/bktree,C:\Users\Binich\PycharmProjects\PredictionRTS\output\learner_results\all_data\fused_bktree_web_batch_20260612_153602_top100_anchor_no_replay\MarineMicro_MvsM_4_dist\bktree,12,12,0,0,0 73 2 2 26 20 147 147 28 148 29 31,0 664 249 249 36 15 675 675 677 668 570 564,source_bktree source_bktree source_bktree source_bktree source_bktree source_bktree source_bktree source_bktree source_bktree source_bktree source_bktree source_bktree,0 73 2 2 26 20 147 147 28 148 29 31
64,MarineMicro_MvsM_4_dist,ETG-only,CALP-ETG,sce2_etg_run_0042,,,repeat_001,eval_run_0042_web_batch_20260611_140111,153,1.0,Win,78.0,,,ETG-only/sce2_etg_run_0042/final_eval/eval_run_0042_web_batch_20260611_140111/repeats/repeat_001/episodes.jsonl,ETG-only/sce2_etg_run_0042/final_eval/eval_run_0042_web_batch_20260611_140111/repeats/repeat_001/bktree,C:\Users\Binich\PycharmProjects\PredictionRTS\output\learner_results\all_data\fused_bktree_web_batch_20260612_153602_top100_anchor_no_replay\MarineMicro_MvsM_4_dist\bktree,12,12,0,0,0 19 41 82 32 42 50 58 67 44 183 52,0 312 649 662 26 653 654 659 660 656 650 655,source_bktree source_bktree source_bktree source_bktree source_bktree source_bktree source_bktree source_bktree source_bktree source_bktree source_bktree source_bktree,0 19 41 82 32 42 50 58 67 44 183 52
65,MarineMicro_MvsM_4_dist,ETG-only,CALP-ETG,sce2_etg_run_0042,,,repeat_001,eval_run_0042_web_batch_20260611_140111,148,1.0,Win,78.0,,,ETG-only/sce2_etg_run_0042/final_eval/eval_run_0042_web_batch_20260611_140111/repeats/repeat_001/episodes.jsonl,ETG-only/sce2_etg_run_0042/final_eval/eval_run_0042_web_batch_20260611_140111/repeats/repeat_001/bktree,C:\Users\Binich\PycharmProjects\PredictionRTS\output\learner_results\all_data\fused_bktree_web_batch_20260612_153602_top100_anchor_no_replay\MarineMicro_MvsM_4_dist\bktree,12,12,0,0,0 1 2 2 53 4 4 109 110 324 324 259,0 22 249 249 734 81 81 558 735 559 559 564,source_bktree source_bktree source_bktree source_bktree source_bktree source_bktree source_bktree source_bktree source_bktree source_bktree source_bktree source_bktree,0 1 2 2 53 4 4 109 110 324 324 259
66,MarineMicro_MvsM_4_dist,ETG-only,CALP-ETG,sce2_etg_run_0042,,,repeat_001,eval_run_0042_web_batch_20260611_140111,142,1.0,Win,78.0,,,ETG-only/sce2_etg_run_0042/final_eval/eval_run_0042_web_batch_20260611_140111/repeats/repeat_001/episodes.jsonl,ETG-only/sce2_etg_run_0042/final_eval/eval_run_0042_web_batch_20260611_140111/repeats/repeat_001/bktree,C:\Users\Binich\PycharmProjects\PredictionRTS\output\learner_results\all_data\fused_bktree_web_batch_20260612_153602_top100_anchor_no_replay\MarineMicro_MvsM_4_dist\bktree,12,12,0,0,0 73 2 2 26 20 147 147 28 29 29 31,0 664 249 249 36 15 675 675 677 570 570 564,source_bktree source_bktree source_bktree source_bktree source_bktree source_bktree source_bktree source_bktree source_bktree source_bktree source_bktree source_bktree,0 73 2 2 26 20 147 147 28 29 29 31
67,MarineMicro_MvsM_4_dist,ETG-only,CALP-ETG,sce2_etg_run_0042,,,repeat_001,eval_run_0042_web_batch_20260611_140111,139,1.0,Win,78.0,,,ETG-only/sce2_etg_run_0042/final_eval/eval_run_0042_web_batch_20260611_140111/repeats/repeat_001/episodes.jsonl,ETG-only/sce2_etg_run_0042/final_eval/eval_run_0042_web_batch_20260611_140111/repeats/repeat_001/bktree,C:\Users\Binich\PycharmProjects\PredictionRTS\output\learner_results\all_data\fused_bktree_web_batch_20260612_153602_top100_anchor_no_replay\MarineMicro_MvsM_4_dist\bktree,12,12,0,0,0 19 47 47 32 20 68 69 293 274 24 25,0 312 697 697 26 15 700 711 698 696 73 651,source_bktree source_bktree source_bktree source_bktree source_bktree source_bktree source_bktree source_bktree source_bktree source_bktree source_bktree source_bktree,0 19 47 47 32 20 68 69 293 274 24 25
68,MarineMicro_MvsM_4_dist,ETG-only,CALP-ETG,sce2_etg_run_0042,,,repeat_001,eval_run_0042_web_batch_20260611_140111,134,1.0,Win,78.0,,,ETG-only/sce2_etg_run_0042/final_eval/eval_run_0042_web_batch_20260611_140111/repeats/repeat_001/episodes.jsonl,ETG-only/sce2_etg_run_0042/final_eval/eval_run_0042_web_batch_20260611_140111/repeats/repeat_001/bktree,C:\Users\Binich\PycharmProjects\PredictionRTS\output\learner_results\all_data\fused_bktree_web_batch_20260612_153602_top100_anchor_no_replay\MarineMicro_MvsM_4_dist\bktree,12,12,0,0,0 19 2 289 49 20 50 314 315 276 276 267,0 312 249 613 657 15 654 642 736 337 337 346,source_bktree source_bktree source_bktree source_bktree source_bktree source_bktree source_bktree source_bktree source_bktree source_bktree source_bktree source_bktree,0 19 2 289 49 20 50 314 315 276 276 267
69,MarineMicro_MvsM_4_dist,ETG-only,CALP-ETG,sce2_etg_run_0042,,,repeat_001,eval_run_0042_web_batch_20260611_140111,128,1.0,Win,78.0,,,ETG-only/sce2_etg_run_0042/final_eval/eval_run_0042_web_batch_20260611_140111/repeats/repeat_001/episodes.jsonl,ETG-only/sce2_etg_run_0042/final_eval/eval_run_0042_web_batch_20260611_140111/repeats/repeat_001/bktree,C:\Users\Binich\PycharmProjects\PredictionRTS\output\learner_results\all_data\fused_bktree_web_batch_20260612_153602_top100_anchor_no_replay\MarineMicro_MvsM_4_dist\bktree,12,12,0,0,0 19 41 41 32 42 42 50 67 67 183 52,0 312 649 649 26 653 653 654 660 660 650 655,source_bktree source_bktree source_bktree source_bktree source_bktree source_bktree source_bktree source_bktree source_bktree source_bktree source_bktree source_bktree,0 19 41 41 32 42 42 50 67 67 183 52
70,MarineMicro_MvsM_4_dist,ETG-only,CALP-ETG,sce2_etg_run_0042,,,repeat_001,eval_run_0042_web_batch_20260611_140111,122,1.0,Win,78.0,,,ETG-only/sce2_etg_run_0042/final_eval/eval_run_0042_web_batch_20260611_140111/repeats/repeat_001/episodes.jsonl,ETG-only/sce2_etg_run_0042/final_eval/eval_run_0042_web_batch_20260611_140111/repeats/repeat_001/bktree,C:\Users\Binich\PycharmProjects\PredictionRTS\output\learner_results\all_data\fused_bktree_web_batch_20260612_153602_top100_anchor_no_replay\MarineMicro_MvsM_4_dist\bktree,12,12,0,0,0 19 2 2 32 20 20 97 198 83 24 25,0 312 249 249 26 15 15 333 552 567 73 651,source_bktree source_bktree source_bktree source_bktree source_bktree source_bktree source_bktree source_bktree source_bktree source_bktree source_bktree source_bktree,0 19 2 2 32 20 20 97 198 83 24 25
71,MarineMicro_MvsM_4_dist,ETG-only,CALP-ETG,sce2_etg_run_0042,,,repeat_001,eval_run_0042_web_batch_20260611_140111,114,1.0,Win,78.0,,,ETG-only/sce2_etg_run_0042/final_eval/eval_run_0042_web_batch_20260611_140111/repeats/repeat_001/episodes.jsonl,ETG-only/sce2_etg_run_0042/final_eval/eval_run_0042_web_batch_20260611_140111/repeats/repeat_001/bktree,C:\Users\Binich\PycharmProjects\PredictionRTS\output\learner_results\all_data\fused_bktree_web_batch_20260612_153602_top100_anchor_no_replay\MarineMicro_MvsM_4_dist\bktree,12,12,0,0,0 19 41 99 32 249 249 261 290 24 24 25,0 312 649 737 26 689 689 738 693 73 73 651,source_bktree source_bktree source_bktree source_bktree source_bktree source_bktree source_bktree source_bktree source_bktree source_bktree source_bktree source_bktree,0 19 41 99 32 249 249 261 290 24 24 25
72,MarineMicro_MvsM_4_dist,ETG-only,CALP-ETG,sce2_etg_run_0042,,,repeat_001,eval_run_0042_web_batch_20260611_140111,113,1.0,Win,78.0,,,ETG-only/sce2_etg_run_0042/final_eval/eval_run_0042_web_batch_20260611_140111/repeats/repeat_001/episodes.jsonl,ETG-only/sce2_etg_run_0042/final_eval/eval_run_0042_web_batch_20260611_140111/repeats/repeat_001/bktree,C:\Users\Binich\PycharmProjects\PredictionRTS\output\learner_results\all_data\fused_bktree_web_batch_20260612_153602_top100_anchor_no_replay\MarineMicro_MvsM_4_dist\bktree,12,12,0,0,0 19 41 41 32 42 50 50 35 44 183 52,0 312 649 649 26 653 654 654 552 656 650 655,source_bktree source_bktree source_bktree source_bktree source_bktree source_bktree source_bktree source_bktree source_bktree source_bktree source_bktree source_bktree,0 19 41 41 32 42 50 50 35 44 183 52
73,MarineMicro_MvsM_4_dist,ETG-only,CALP-ETG,sce2_etg_run_0042,,,repeat_001,eval_run_0042_web_batch_20260611_140111,110,1.0,Win,78.0,,,ETG-only/sce2_etg_run_0042/final_eval/eval_run_0042_web_batch_20260611_140111/repeats/repeat_001/episodes.jsonl,ETG-only/sce2_etg_run_0042/final_eval/eval_run_0042_web_batch_20260611_140111/repeats/repeat_001/bktree,C:\Users\Binich\PycharmProjects\PredictionRTS\output\learner_results\all_data\fused_bktree_web_batch_20260612_153602_top100_anchor_no_replay\MarineMicro_MvsM_4_dist\bktree,12,12,0,0,0 1 47 2 277 4 38 39 98 40 40 90,0 22 697 249 733 81 684 685 686 687 687 722,source_bktree source_bktree source_bktree source_bktree source_bktree source_bktree source_bktree source_bktree source_bktree source_bktree source_bktree source_bktree,0 1 47 2 277 4 38 39 98 40 40 90
74,MarineMicro_MvsM_4_dist,ETG-only,CALP-ETG,sce2_etg_run_0042,,,repeat_001,eval_run_0042_web_batch_20260611_140111,83,1.0,Win,78.0,,,ETG-only/sce2_etg_run_0042/final_eval/eval_run_0042_web_batch_20260611_140111/repeats/repeat_001/episodes.jsonl,ETG-only/sce2_etg_run_0042/final_eval/eval_run_0042_web_batch_20260611_140111/repeats/repeat_001/bktree,C:\Users\Binich\PycharmProjects\PredictionRTS\output\learner_results\all_data\fused_bktree_web_batch_20260612_153602_top100_anchor_no_replay\MarineMicro_MvsM_4_dist\bktree,12,12,0,0,0 125 2 169 157 220 205 205 206 255 255 173,0 323 249 704 26 644 548 548 645 623 623 739,source_bktree source_bktree source_bktree source_bktree source_bktree source_bktree source_bktree source_bktree source_bktree source_bktree source_bktree source_bktree,0 125 2 169 157 220 205 205 206 255 255 173
75,MarineMicro_MvsM_4_dist,ETG-only,CALP-ETG,sce2_etg_run_0042,,,repeat_001,eval_run_0042_web_batch_20260611_140111,72,1.0,Win,78.0,,,ETG-only/sce2_etg_run_0042/final_eval/eval_run_0042_web_batch_20260611_140111/repeats/repeat_001/episodes.jsonl,ETG-only/sce2_etg_run_0042/final_eval/eval_run_0042_web_batch_20260611_140111/repeats/repeat_001/bktree,C:\Users\Binich\PycharmProjects\PredictionRTS\output\learner_results\all_data\fused_bktree_web_batch_20260612_153602_top100_anchor_no_replay\MarineMicro_MvsM_4_dist\bktree,12,12,0,0,0 19 2 2 3 20 97 97 35 24 24 25,0 312 249 249 26 15 333 333 552 73 73 651,source_bktree source_bktree source_bktree source_bktree source_bktree source_bktree source_bktree source_bktree source_bktree source_bktree source_bktree source_bktree,0 19 2 2 3 20 97 97 35 24 24 25
76,MarineMicro_MvsM_4_dist,ETG-only,CALP-ETG,sce2_etg_run_0042,,,repeat_001,eval_run_0042_web_batch_20260611_140111,62,1.0,Win,78.0,,,ETG-only/sce2_etg_run_0042/final_eval/eval_run_0042_web_batch_20260611_140111/repeats/repeat_001/episodes.jsonl,ETG-only/sce2_etg_run_0042/final_eval/eval_run_0042_web_batch_20260611_140111/repeats/repeat_001/bktree,C:\Users\Binich\PycharmProjects\PredictionRTS\output\learner_results\all_data\fused_bktree_web_batch_20260612_153602_top100_anchor_no_replay\MarineMicro_MvsM_4_dist\bktree,12,12,0,0,0 125 2 2 210 108 211 109 110 133 133 134,0 323 249 249 42 15 627 558 735 569 569 674,source_bktree source_bktree source_bktree source_bktree source_bktree source_bktree source_bktree source_bktree source_bktree source_bktree source_bktree source_bktree,0 125 2 2 210 108 211 109 110 133 133 134
77,MarineMicro_MvsM_4_dist,ETG-only,CALP-ETG,sce2_etg_run_0042,,,repeat_001,eval_run_0042_web_batch_20260611_140111,61,1.0,Win,78.0,,,ETG-only/sce2_etg_run_0042/final_eval/eval_run_0042_web_batch_20260611_140111/repeats/repeat_001/episodes.jsonl,ETG-only/sce2_etg_run_0042/final_eval/eval_run_0042_web_batch_20260611_140111/repeats/repeat_001/bktree,C:\Users\Binich\PycharmProjects\PredictionRTS\output\learner_results\all_data\fused_bktree_web_batch_20260612_153602_top100_anchor_no_replay\MarineMicro_MvsM_4_dist\bktree,12,12,0,0,0 19 2 2 3 20 97 97 198 24 24 25,0 312 249 249 26 15 333 333 552 73 73 651,source_bktree source_bktree source_bktree source_bktree source_bktree source_bktree source_bktree source_bktree source_bktree source_bktree source_bktree source_bktree,0 19 2 2 3 20 97 97 198 24 24 25
78,MarineMicro_MvsM_4_dist,ETG-only,CALP-ETG,sce2_etg_run_0042,,,repeat_001,eval_run_0042_web_batch_20260611_140111,58,1.0,Win,78.0,,,ETG-only/sce2_etg_run_0042/final_eval/eval_run_0042_web_batch_20260611_140111/repeats/repeat_001/episodes.jsonl,ETG-only/sce2_etg_run_0042/final_eval/eval_run_0042_web_batch_20260611_140111/repeats/repeat_001/bktree,C:\Users\Binich\PycharmProjects\PredictionRTS\output\learner_results\all_data\fused_bktree_web_batch_20260612_153602_top100_anchor_no_replay\MarineMicro_MvsM_4_dist\bktree,12,12,0,0,0 125 202 203 204 170 192 205 206 207 207 208,0 323 740 741 742 706 673 548 645 646 646 743,source_bktree source_bktree source_bktree source_bktree source_bktree source_bktree source_bktree source_bktree source_bktree source_bktree source_bktree source_bktree,0 125 202 203 204 170 192 205 206 207 207 208
79,MarineMicro_MvsM_4_dist,ETG-only,CALP-ETG,sce2_etg_run_0042,,,repeat_001,eval_run_0042_web_batch_20260611_140111,57,1.0,Win,78.0,,,ETG-only/sce2_etg_run_0042/final_eval/eval_run_0042_web_batch_20260611_140111/repeats/repeat_001/episodes.jsonl,ETG-only/sce2_etg_run_0042/final_eval/eval_run_0042_web_batch_20260611_140111/repeats/repeat_001/bktree,C:\Users\Binich\PycharmProjects\PredictionRTS\output\learner_results\all_data\fused_bktree_web_batch_20260612_153602_top100_anchor_no_replay\MarineMicro_MvsM_4_dist\bktree,12,12,0,0,0 19 41 41 32 42 50 50 35 44 183 52,0 312 649 649 26 653 654 654 552 656 650 655,source_bktree source_bktree source_bktree source_bktree source_bktree source_bktree source_bktree source_bktree source_bktree source_bktree source_bktree source_bktree,0 19 41 41 32 42 50 50 35 44 183 52
80,MarineMicro_MvsM_4_dist,ETG-only,CALP-ETG,sce2_etg_run_0042,,,repeat_001,eval_run_0042_web_batch_20260611_140111,55,1.0,Win,78.0,,,ETG-only/sce2_etg_run_0042/final_eval/eval_run_0042_web_batch_20260611_140111/repeats/repeat_001/episodes.jsonl,ETG-only/sce2_etg_run_0042/final_eval/eval_run_0042_web_batch_20260611_140111/repeats/repeat_001/bktree,C:\Users\Binich\PycharmProjects\PredictionRTS\output\learner_results\all_data\fused_bktree_web_batch_20260612_153602_top100_anchor_no_replay\MarineMicro_MvsM_4_dist\bktree,12,12,0,0,0 19 2 2 32 20 20 97 198 24 24 25,0 312 249 249 26 15 15 333 552 73 73 651,source_bktree source_bktree source_bktree source_bktree source_bktree source_bktree source_bktree source_bktree source_bktree source_bktree source_bktree source_bktree,0 19 2 2 32 20 20 97 198 24 24 25
81,MarineMicro_MvsM_4_dist,ETG-only,CALP-ETG,sce2_etg_run_0042,,,repeat_001,eval_run_0042_web_batch_20260611_140111,44,1.0,Win,78.0,,,ETG-only/sce2_etg_run_0042/final_eval/eval_run_0042_web_batch_20260611_140111/repeats/repeat_001/episodes.jsonl,ETG-only/sce2_etg_run_0042/final_eval/eval_run_0042_web_batch_20260611_140111/repeats/repeat_001/bktree,C:\Users\Binich\PycharmProjects\PredictionRTS\output\learner_results\all_data\fused_bktree_web_batch_20260612_153602_top100_anchor_no_replay\MarineMicro_MvsM_4_dist\bktree,12,12,0,0,0 125 169 169 157 170 170 171 159 160 172 173,0 323 704 704 26 706 706 744 707 623 710 739,source_bktree source_bktree source_bktree source_bktree source_bktree source_bktree source_bktree source_bktree source_bktree source_bktree source_bktree source_bktree,0 125 169 169 157 170 170 171 159 160 172 173
82,MarineMicro_MvsM_4_dist,ETG-only,CALP-ETG,sce2_etg_run_0042,,,repeat_001,eval_run_0042_web_batch_20260611_140111,35,1.0,Win,78.0,,,ETG-only/sce2_etg_run_0042/final_eval/eval_run_0042_web_batch_20260611_140111/repeats/repeat_001/episodes.jsonl,ETG-only/sce2_etg_run_0042/final_eval/eval_run_0042_web_batch_20260611_140111/repeats/repeat_001/bktree,C:\Users\Binich\PycharmProjects\PredictionRTS\output\learner_results\all_data\fused_bktree_web_batch_20260612_153602_top100_anchor_no_replay\MarineMicro_MvsM_4_dist\bktree,12,12,0,0,0 19 2 2 3 20 20 97 35 83 24 25,0 312 249 249 26 15 15 333 552 567 73 651,source_bktree source_bktree source_bktree source_bktree source_bktree source_bktree source_bktree source_bktree source_bktree source_bktree source_bktree source_bktree,0 19 2 2 3 20 20 97 35 83 24 25
83,MarineMicro_MvsM_4_dist,ETG-only,CALP-ETG,sce2_etg_run_0042,,,repeat_001,eval_run_0042_web_batch_20260611_140111,32,1.0,Win,78.0,,,ETG-only/sce2_etg_run_0042/final_eval/eval_run_0042_web_batch_20260611_140111/repeats/repeat_001/episodes.jsonl,ETG-only/sce2_etg_run_0042/final_eval/eval_run_0042_web_batch_20260611_140111/repeats/repeat_001/bktree,C:\Users\Binich\PycharmProjects\PredictionRTS\output\learner_results\all_data\fused_bktree_web_batch_20260612_153602_top100_anchor_no_replay\MarineMicro_MvsM_4_dist\bktree,12,12,0,0,0 125 2 2 32 20 126 109 110 111 133 134,0 323 249 249 26 15 705 558 735 570 569 674,source_bktree source_bktree source_bktree source_bktree source_bktree source_bktree source_bktree source_bktree source_bktree source_bktree source_bktree source_bktree,0 125 2 2 32 20 126 109 110 111 133 134
84,MarineMicro_MvsM_4_dist,ETG-only,CALP-ETG,sce2_etg_run_0042,,,repeat_001,eval_run_0042_web_batch_20260611_140111,26,1.0,Win,78.0,,,ETG-only/sce2_etg_run_0042/final_eval/eval_run_0042_web_batch_20260611_140111/repeats/repeat_001/episodes.jsonl,ETG-only/sce2_etg_run_0042/final_eval/eval_run_0042_web_batch_20260611_140111/repeats/repeat_001/bktree,C:\Users\Binich\PycharmProjects\PredictionRTS\output\learner_results\all_data\fused_bktree_web_batch_20260612_153602_top100_anchor_no_replay\MarineMicro_MvsM_4_dist\bktree,12,12,0,0,0 1 2 2 53 108 108 109 110 111 111 31,0 22 249 249 734 15 15 558 735 570 570 564,source_bktree source_bktree source_bktree source_bktree source_bktree source_bktree source_bktree source_bktree source_bktree source_bktree source_bktree source_bktree,0 1 2 2 53 108 108 109 110 111 111 31
85,MarineMicro_MvsM_4_dist,ETG-only,CALP-ETG,sce2_etg_run_0042,,,repeat_001,eval_run_0042_web_batch_20260611_140111,21,1.0,Win,78.0,,,ETG-only/sce2_etg_run_0042/final_eval/eval_run_0042_web_batch_20260611_140111/repeats/repeat_001/episodes.jsonl,ETG-only/sce2_etg_run_0042/final_eval/eval_run_0042_web_batch_20260611_140111/repeats/repeat_001/bktree,C:\Users\Binich\PycharmProjects\PredictionRTS\output\learner_results\all_data\fused_bktree_web_batch_20260612_153602_top100_anchor_no_replay\MarineMicro_MvsM_4_dist\bktree,12,12,0,0,0 19 2 2 3 20 20 97 35 24 24 25,0 312 249 249 26 15 15 333 552 73 73 651,source_bktree source_bktree source_bktree source_bktree source_bktree source_bktree source_bktree source_bktree source_bktree source_bktree source_bktree source_bktree,0 19 2 2 3 20 20 97 35 24 24 25
86,MarineMicro_MvsM_4_dist,ETG-only,CALP-ETG,sce2_etg_run_0042,,,repeat_001,eval_run_0042_web_batch_20260611_140111,10,1.0,Win,78.0,,,ETG-only/sce2_etg_run_0042/final_eval/eval_run_0042_web_batch_20260611_140111/repeats/repeat_001/episodes.jsonl,ETG-only/sce2_etg_run_0042/final_eval/eval_run_0042_web_batch_20260611_140111/repeats/repeat_001/bktree,C:\Users\Binich\PycharmProjects\PredictionRTS\output\learner_results\all_data\fused_bktree_web_batch_20260612_153602_top100_anchor_no_replay\MarineMicro_MvsM_4_dist\bktree,12,12,0,0,0 19 47 48 49 42 50 50 35 44 51 52,0 312 697 745 657 653 654 654 552 656 663 655,source_bktree source_bktree source_bktree source_bktree source_bktree source_bktree source_bktree source_bktree source_bktree source_bktree source_bktree source_bktree,0 19 47 48 49 42 50 50 35 44 51 52
87,MarineMicro_MvsM_4_dist,ETG-only,CALP-ETG,sce2_etg_run_0042,,,repeat_001,eval_run_0042_web_batch_20260611_140111,9,1.0,Win,78.0,,,ETG-only/sce2_etg_run_0042/final_eval/eval_run_0042_web_batch_20260611_140111/repeats/repeat_001/episodes.jsonl,ETG-only/sce2_etg_run_0042/final_eval/eval_run_0042_web_batch_20260611_140111/repeats/repeat_001/bktree,C:\Users\Binich\PycharmProjects\PredictionRTS\output\learner_results\all_data\fused_bktree_web_batch_20260612_153602_top100_anchor_no_replay\MarineMicro_MvsM_4_dist\bktree,12,12,0,0,0 19 41 41 32 42 42 43 35 44 45 46,0 312 649 649 26 653 653 670 552 656 746 672,source_bktree source_bktree source_bktree source_bktree source_bktree source_bktree source_bktree source_bktree source_bktree source_bktree source_bktree source_bktree,0 19 41 41 32 42 42 43 35 44 45 46
88,MarineMicro_MvsM_4_dist,ETG-only,CALP-ETG,sce2_etg_run_0042,,,repeat_001,eval_run_0042_web_batch_20260611_140111,231,1.0,Win,75.0,,,ETG-only/sce2_etg_run_0042/final_eval/eval_run_0042_web_batch_20260611_140111/repeats/repeat_001/episodes.jsonl,ETG-only/sce2_etg_run_0042/final_eval/eval_run_0042_web_batch_20260611_140111/repeats/repeat_001/bktree,C:\Users\Binich\PycharmProjects\PredictionRTS\output\learner_results\all_data\fused_bktree_web_batch_20260612_153602_top100_anchor_no_replay\MarineMicro_MvsM_4_dist\bktree,12,12,0,0,0 19 41 41 32 42 50 50 35 274 183 37,0 312 649 649 26 653 654 654 552 696 650 554,source_bktree source_bktree source_bktree source_bktree source_bktree source_bktree source_bktree source_bktree source_bktree source_bktree source_bktree source_bktree,0 19 41 41 32 42 50 50 35 274 183 37
89,MarineMicro_MvsM_4_dist,ETG-only,CALP-ETG,sce2_etg_run_0042,,,repeat_001,eval_run_0042_web_batch_20260611_140111,300,1.0,Win,75.0,,,ETG-only/sce2_etg_run_0042/final_eval/eval_run_0042_web_batch_20260611_140111/repeats/repeat_001/episodes.jsonl,ETG-only/sce2_etg_run_0042/final_eval/eval_run_0042_web_batch_20260611_140111/repeats/repeat_001/bktree,C:\Users\Binich\PycharmProjects\PredictionRTS\output\learner_results\all_data\fused_bktree_web_batch_20260612_153602_top100_anchor_no_replay\MarineMicro_MvsM_4_dist\bktree,13,13,0,0,0 19 2 2 32 20 21 21 519 520 520 81 521,0 312 249 249 26 15 682 682 747 748 748 749 554,source_bktree source_bktree source_bktree source_bktree source_bktree source_bktree source_bktree source_bktree source_bktree source_bktree source_bktree source_bktree source_bktree,0 19 2 2 32 20 21 21 519 520 520 81 521
90,MarineMicro_MvsM_4_dist,ETG-only,CALP-ETG,sce2_etg_run_0042,,,repeat_001,eval_run_0042_web_batch_20260611_140111,291,1.0,Win,75.0,,,ETG-only/sce2_etg_run_0042/final_eval/eval_run_0042_web_batch_20260611_140111/repeats/repeat_001/episodes.jsonl,ETG-only/sce2_etg_run_0042/final_eval/eval_run_0042_web_batch_20260611_140111/repeats/repeat_001/bktree,C:\Users\Binich\PycharmProjects\PredictionRTS\output\learner_results\all_data\fused_bktree_web_batch_20260612_153602_top100_anchor_no_replay\MarineMicro_MvsM_4_dist\bktree,13,13,0,0,0 19 41 82 32 249 398 398 35 274 80 36 37,0 312 649 662 26 689 652 652 552 696 694 690 554,source_bktree source_bktree source_bktree source_bktree source_bktree source_bktree source_bktree source_bktree source_bktree source_bktree source_bktree source_bktree source_bktree,0 19 41 82 32 249 398 398 35 274 80 36 37
91,MarineMicro_MvsM_4_dist,ETG-only,CALP-ETG,sce2_etg_run_0042,,,repeat_001,eval_run_0042_web_batch_20260611_140111,285,1.0,Win,75.0,,,ETG-only/sce2_etg_run_0042/final_eval/eval_run_0042_web_batch_20260611_140111/repeats/repeat_001/episodes.jsonl,ETG-only/sce2_etg_run_0042/final_eval/eval_run_0042_web_batch_20260611_140111/repeats/repeat_001/bktree,C:\Users\Binich\PycharmProjects\PredictionRTS\output\learner_results\all_data\fused_bktree_web_batch_20260612_153602_top100_anchor_no_replay\MarineMicro_MvsM_4_dist\bktree,13,13,0,0,0 1 169 2 85 86 30 87 150 65 326 151 152,0 22 704 249 676 750 81 558 559 726 679 751 144,source_bktree source_bktree source_bktree source_bktree source_bktree source_bktree source_bktree source_bktree source_bktree source_bktree source_bktree source_bktree source_bktree,0 1 169 2 85 86 30 87 150 65 326 151 152
92,MarineMicro_MvsM_4_dist,ETG-only,CALP-ETG,sce2_etg_run_0042,,,repeat_001,eval_run_0042_web_batch_20260611_140111,259,1.0,Win,75.0,,,ETG-only/sce2_etg_run_0042/final_eval/eval_run_0042_web_batch_20260611_140111/repeats/repeat_001/episodes.jsonl,ETG-only/sce2_etg_run_0042/final_eval/eval_run_0042_web_batch_20260611_140111/repeats/repeat_001/bktree,C:\Users\Binich\PycharmProjects\PredictionRTS\output\learner_results\all_data\fused_bktree_web_batch_20260612_153602_top100_anchor_no_replay\MarineMicro_MvsM_4_dist\bktree,13,13,0,0,0 1 2 2 53 4 86 470 324 324 119 151 152,0 22 249 249 734 81 750 752 559 559 753 751 144,source_bktree source_bktree source_bktree source_bktree source_bktree source_bktree source_bktree source_bktree source_bktree source_bktree source_bktree source_bktree source_bktree,0 1 2 2 53 4 86 470 324 324 119 151 152
93,MarineMicro_MvsM_4_dist,ETG-only,CALP-ETG,sce2_etg_run_0042,,,repeat_001,eval_run_0042_web_batch_20260611_140111,245,1.0,Win,75.0,,,ETG-only/sce2_etg_run_0042/final_eval/eval_run_0042_web_batch_20260611_140111/repeats/repeat_001/episodes.jsonl,ETG-only/sce2_etg_run_0042/final_eval/eval_run_0042_web_batch_20260611_140111/repeats/repeat_001/bktree,C:\Users\Binich\PycharmProjects\PredictionRTS\output\learner_results\all_data\fused_bktree_web_batch_20260612_153602_top100_anchor_no_replay\MarineMicro_MvsM_4_dist\bktree,13,13,0,0,0 19 2 2 49 42 264 360 379 91 276 123 92,0 312 249 249 657 653 626 658 728 754 337 703 547,source_bktree source_bktree source_bktree source_bktree source_bktree source_bktree source_bktree source_bktree source_bktree source_bktree source_bktree source_bktree source_bktree,0 19 2 2 49 42 264 360 379 91 276 123 92
94,MarineMicro_MvsM_4_dist,ETG-only,CALP-ETG,sce2_etg_run_0042,,,repeat_001,eval_run_0042_web_batch_20260611_140111,242,1.0,Win,75.0,,,ETG-only/sce2_etg_run_0042/final_eval/eval_run_0042_web_batch_20260611_140111/repeats/repeat_001/episodes.jsonl,ETG-only/sce2_etg_run_0042/final_eval/eval_run_0042_web_batch_20260611_140111/repeats/repeat_001/bktree,C:\Users\Binich\PycharmProjects\PredictionRTS\output\learner_results\all_data\fused_bktree_web_batch_20260612_153602_top100_anchor_no_replay\MarineMicro_MvsM_4_dist\bktree,13,13,0,0,0 125 41 184 185 186 186 440 278 119 441 441 222,0 323 649 249 755 756 756 757 758 753 753 753 648,source_bktree source_bktree source_bktree source_bktree source_bktree source_bktree source_bktree source_bktree source_bktree source_bktree source_bktree source_bktree source_bktree,0 125 41 184 185 186 186 440 278 119 441 441 222
95,MarineMicro_MvsM_4_dist,ETG-only,CALP-ETG,sce2_etg_run_0042,,,repeat_001,eval_run_0042_web_batch_20260611_140111,229,1.0,Win,75.0,,,ETG-only/sce2_etg_run_0042/final_eval/eval_run_0042_web_batch_20260611_140111/repeats/repeat_001/episodes.jsonl,ETG-only/sce2_etg_run_0042/final_eval/eval_run_0042_web_batch_20260611_140111/repeats/repeat_001/bktree,C:\Users\Binich\PycharmProjects\PredictionRTS\output\learner_results\all_data\fused_bktree_web_batch_20260612_153602_top100_anchor_no_replay\MarineMicro_MvsM_4_dist\bktree,13,13,0,0,0 19 41 2 32 20 34 97 35 35 24 36 37,0 312 649 249 26 15 680 333 552 552 73 690 554,source_bktree source_bktree source_bktree source_bktree source_bktree source_bktree source_bktree source_bktree source_bktree source_bktree source_bktree source_bktree source_bktree,0 19 41 2 32 20 34 97 35 35 24 36 37
96,MarineMicro_MvsM_4_dist,ETG-only,CALP-ETG,sce2_etg_run_0042,,,repeat_001,eval_run_0042_web_batch_20260611_140111,223,1.0,Win,75.0,,,ETG-only/sce2_etg_run_0042/final_eval/eval_run_0042_web_batch_20260611_140111/repeats/repeat_001/episodes.jsonl,ETG-only/sce2_etg_run_0042/final_eval/eval_run_0042_web_batch_20260611_140111/repeats/repeat_001/bktree,C:\Users\Binich\PycharmProjects\PredictionRTS\output\learner_results\all_data\fused_bktree_web_batch_20260612_153602_top100_anchor_no_replay\MarineMicro_MvsM_4_dist\bktree,13,13,0,0,0 19 2 41 32 249 398 398 35 274 80 81 37,0 312 249 649 26 689 652 652 552 696 694 749 554,source_bktree source_bktree source_bktree source_bktree source_bktree source_bktree source_bktree source_bktree source_bktree source_bktree source_bktree source_bktree source_bktree,0 19 2 41 32 249 398 398 35 274 80 81 37
97,MarineMicro_MvsM_4_dist,ETG-only,CALP-ETG,sce2_etg_run_0042,,,repeat_001,eval_run_0042_web_batch_20260611_140111,206,1.0,Win,75.0,,,ETG-only/sce2_etg_run_0042/final_eval/eval_run_0042_web_batch_20260611_140111/repeats/repeat_001/episodes.jsonl,ETG-only/sce2_etg_run_0042/final_eval/eval_run_0042_web_batch_20260611_140111/repeats/repeat_001/bktree,C:\Users\Binich\PycharmProjects\PredictionRTS\output\learner_results\all_data\fused_bktree_web_batch_20260612_153602_top100_anchor_no_replay\MarineMicro_MvsM_4_dist\bktree,13,13,0,0,0 19 41 82 32 249 398 398 290 80 80 36 37,0 312 649 662 26 689 652 652 693 694 694 690 554,source_bktree source_bktree source_bktree source_bktree source_bktree source_bktree source_bktree source_bktree source_bktree source_bktree source_bktree source_bktree source_bktree,0 19 41 82 32 249 398 398 290 80 80 36 37
98,MarineMicro_MvsM_4_dist,ETG-only,CALP-ETG,sce2_etg_run_0042,,,repeat_001,eval_run_0042_web_batch_20260611_140111,201,1.0,Win,75.0,,,ETG-only/sce2_etg_run_0042/final_eval/eval_run_0042_web_batch_20260611_140111/repeats/repeat_001/episodes.jsonl,ETG-only/sce2_etg_run_0042/final_eval/eval_run_0042_web_batch_20260611_140111/repeats/repeat_001/bktree,C:\Users\Binich\PycharmProjects\PredictionRTS\output\learner_results\all_data\fused_bktree_web_batch_20260612_153602_top100_anchor_no_replay\MarineMicro_MvsM_4_dist\bktree,13,13,0,0,0 125 2 2 353 220 220 330 206 207 133 392 222,0 323 249 249 643 644 644 548 645 646 569 647 648,source_bktree source_bktree source_bktree source_bktree source_bktree source_bktree source_bktree source_bktree source_bktree source_bktree source_bktree source_bktree source_bktree,0 125 2 2 353 220 220 330 206 207 133 392 222
99,MarineMicro_MvsM_4_dist,ETG-only,CALP-ETG,sce2_etg_run_0042,,,repeat_001,eval_run_0042_web_batch_20260611_140111,189,1.0,Win,75.0,,,ETG-only/sce2_etg_run_0042/final_eval/eval_run_0042_web_batch_20260611_140111/repeats/repeat_001/episodes.jsonl,ETG-only/sce2_etg_run_0042/final_eval/eval_run_0042_web_batch_20260611_140111/repeats/repeat_001/bktree,C:\Users\Binich\PycharmProjects\PredictionRTS\output\learner_results\all_data\fused_bktree_web_batch_20260612_153602_top100_anchor_no_replay\MarineMicro_MvsM_4_dist\bktree,13,13,0,0,0 19 2 41 361 20 362 363 364 365 123 123 92,0 312 249 649 543 15 718 759 760 761 703 703 547,source_bktree source_bktree source_bktree source_bktree source_bktree source_bktree source_bktree source_bktree source_bktree source_bktree source_bktree source_bktree source_bktree,0 19 2 41 361 20 362 363 364 365 123 123 92
100,MarineMicro_MvsM_4_dist,Synergy,CALP-ETG,sce2_synergy_run_0041,,,repeat_001,eval_run_0041_web_batch_20260611_140111,289,1.0,Win,84.0,,,synergy/sce2_synergy_run_0041/final_eval/eval_run_0041_web_batch_20260611_140111/repeats/repeat_001/episodes.jsonl,synergy/sce2_synergy_run_0041/final_eval/eval_run_0041_web_batch_20260611_140111/repeats/repeat_001/bktree,C:\Users\Binich\PycharmProjects\PredictionRTS\output\learner_results\all_data\fused_bktree_web_batch_20260612_153602_top100_anchor_no_replay\MarineMicro_MvsM_4_dist\bktree,12,12,0,0,0 10 101 78 19 13 426 426 103 104 82 83,0 312 662 745 26 762 670 670 660 656 696 651,source_bktree_start_anchor source_bktree source_bktree source_bktree source_bktree source_bktree source_bktree source_bktree source_bktree source_bktree source_bktree source_bktree,0 10 101 78 19 13 426 426 103 104 82 83
101,MarineMicro_MvsM_4_dist,Synergy,CALP-ETG,sce2_synergy_run_0041,,,repeat_001,eval_run_0041_web_batch_20260611_140111,270,1.0,Win,84.0,,,synergy/sce2_synergy_run_0041/final_eval/eval_run_0041_web_batch_20260611_140111/repeats/repeat_001/episodes.jsonl,synergy/sce2_synergy_run_0041/final_eval/eval_run_0041_web_batch_20260611_140111/repeats/repeat_001/bktree,C:\Users\Binich\PycharmProjects\PredictionRTS\output\learner_results\all_data\fused_bktree_web_batch_20260612_153602_top100_anchor_no_replay\MarineMicro_MvsM_4_dist\bktree,12,12,0,0,0 24 11 383 192 27 193 193 153 271 332 195,0 323 249 763 764 706 765 765 707 646 623 632,source_bktree source_bktree source_bktree source_bktree source_bktree source_bktree source_bktree source_bktree source_bktree source_bktree source_bktree source_bktree,0 24 11 383 192 27 193 193 153 271 332 195
102,MarineMicro_MvsM_4_dist,Synergy,CALP-ETG,sce2_synergy_run_0041,,,repeat_001,eval_run_0041_web_batch_20260611_140111,266,1.0,Win,84.0,,,synergy/sce2_synergy_run_0041/final_eval/eval_run_0041_web_batch_20260611_140111/repeats/repeat_001/episodes.jsonl,synergy/sce2_synergy_run_0041/final_eval/eval_run_0041_web_batch_20260611_140111/repeats/repeat_001/bktree,C:\Users\Binich\PycharmProjects\PredictionRTS\output\learner_results\all_data\fused_bktree_web_batch_20260612_153602_top100_anchor_no_replay\MarineMicro_MvsM_4_dist\bktree,12,12,0,0,0 89 2 166 167 313 91 91 92 314 93 94,0 33 662 712 713 715 583 583 677 766 668 557,source_bktree source_bktree source_bktree source_bktree source_bktree source_bktree source_bktree source_bktree source_bktree source_bktree source_bktree source_bktree,0 89 2 166 167 313 91 91 92 314 93 94
103,MarineMicro_MvsM_4_dist,Synergy,CALP-ETG,sce2_synergy_run_0041,,,repeat_001,eval_run_0041_web_batch_20260611_140111,259,1.0,Win,84.0,,,synergy/sce2_synergy_run_0041/final_eval/eval_run_0041_web_batch_20260611_140111/repeats/repeat_001/episodes.jsonl,synergy/sce2_synergy_run_0041/final_eval/eval_run_0041_web_batch_20260611_140111/repeats/repeat_001/bktree,C:\Users\Binich\PycharmProjects\PredictionRTS\output\learner_results\all_data\fused_bktree_web_batch_20260612_153602_top100_anchor_no_replay\MarineMicro_MvsM_4_dist\bktree,12,12,0,0,0 10 11 2 12 13 470 112 16 17 425 148,0 312 249 662 657 762 658 767 660 661 637 655,source_bktree source_bktree source_bktree source_bktree source_bktree source_bktree source_bktree source_bktree source_bktree source_bktree source_bktree source_bktree,0 10 11 2 12 13 470 112 16 17 425 148
104,MarineMicro_MvsM_4_dist,Synergy,CALP-ETG,sce2_synergy_run_0041,,,repeat_001,eval_run_0041_web_batch_20260611_140111,258,1.0,Win,84.0,,,synergy/sce2_synergy_run_0041/final_eval/eval_run_0041_web_batch_20260611_140111/repeats/repeat_001/episodes.jsonl,synergy/sce2_synergy_run_0041/final_eval/eval_run_0041_web_batch_20260611_140111/repeats/repeat_001/bktree,C:\Users\Binich\PycharmProjects\PredictionRTS\output\learner_results\all_data\fused_bktree_web_batch_20260612_153602_top100_anchor_no_replay\MarineMicro_MvsM_4_dist\bktree,12,12,0,0,0 10 11 78 19 13 14 426 103 189 82 83,0 312 249 745 26 762 768 670 660 656 696 651,source_bktree source_bktree source_bktree source_bktree source_bktree source_bktree source_bktree source_bktree source_bktree source_bktree source_bktree source_bktree,0 10 11 78 19 13 14 426 103 189 82 83
105,MarineMicro_MvsM_4_dist,Synergy,CALP-ETG,sce2_synergy_run_0041,,,repeat_001,eval_run_0041_web_batch_20260611_140111,257,1.0,Win,84.0,,,synergy/sce2_synergy_run_0041/final_eval/eval_run_0041_web_batch_20260611_140111/repeats/repeat_001/episodes.jsonl,synergy/sce2_synergy_run_0041/final_eval/eval_run_0041_web_batch_20260611_140111/repeats/repeat_001/bktree,C:\Users\Binich\PycharmProjects\PredictionRTS\output\learner_results\all_data\fused_bktree_web_batch_20260612_153602_top100_anchor_no_replay\MarineMicro_MvsM_4_dist\bktree,12,12,0,0,0 1 11 95 3 414 414 469 98 6 369 370,0 22 249 725 36 684 684 769 559 215 678 770,source_bktree source_bktree source_bktree source_bktree source_bktree source_bktree source_bktree source_bktree source_bktree source_bktree source_bktree source_bktree,0 1 11 95 3 414 414 469 98 6 369 370
106,MarineMicro_MvsM_4_dist,Synergy,CALP-ETG,sce2_synergy_run_0041,,,repeat_001,eval_run_0041_web_batch_20260611_140111,217,1.0,Win,84.0,,,synergy/sce2_synergy_run_0041/final_eval/eval_run_0041_web_batch_20260611_140111/repeats/repeat_001/episodes.jsonl,synergy/sce2_synergy_run_0041/final_eval/eval_run_0041_web_batch_20260611_140111/repeats/repeat_001/bktree,C:\Users\Binich\PycharmProjects\PredictionRTS\output\learner_results\all_data\fused_bktree_web_batch_20260612_153602_top100_anchor_no_replay\MarineMicro_MvsM_4_dist\bktree,12,12,0,0,0 10 11 2 12 13 147 112 16 17 425 148,0 312 249 662 657 762 654 767 660 661 637 655,source_bktree source_bktree source_bktree source_bktree source_bktree source_bktree source_bktree source_bktree source_bktree source_bktree source_bktree source_bktree,0 10 11 2 12 13 147 112 16 17 425 148
107,MarineMicro_MvsM_4_dist,Synergy,CALP-ETG,sce2_synergy_run_0041,,,repeat_001,eval_run_0041_web_batch_20260611_140111,195,1.0,Win,84.0,,,synergy/sce2_synergy_run_0041/final_eval/eval_run_0041_web_batch_20260611_140111/repeats/repeat_001/episodes.jsonl,synergy/sce2_synergy_run_0041/final_eval/eval_run_0041_web_batch_20260611_140111/repeats/repeat_001/bktree,C:\Users\Binich\PycharmProjects\PredictionRTS\output\learner_results\all_data\fused_bktree_web_batch_20260612_153602_top100_anchor_no_replay\MarineMicro_MvsM_4_dist\bktree,12,12,0,0,0 1 11 255 141 414 144 144 98 145 372 146,0 22 249 771 734 684 720 720 559 726 772 773,source_bktree source_bktree source_bktree source_bktree source_bktree source_bktree source_bktree source_bktree source_bktree source_bktree source_bktree source_bktree,0 1 11 255 141 414 144 144 98 145 372 146
108,MarineMicro_MvsM_4_dist,Synergy,CALP-ETG,sce2_synergy_run_0041,,,repeat_001,eval_run_0041_web_batch_20260611_140111,167,1.0,Win,84.0,,,synergy/sce2_synergy_run_0041/final_eval/eval_run_0041_web_batch_20260611_140111/repeats/repeat_001/episodes.jsonl,synergy/sce2_synergy_run_0041/final_eval/eval_run_0041_web_batch_20260611_140111/repeats/repeat_001/bktree,C:\Users\Binich\PycharmProjects\PredictionRTS\output\learner_results\all_data\fused_bktree_web_batch_20260612_153602_top100_anchor_no_replay\MarineMicro_MvsM_4_dist\bktree,12,12,0,0,0 24 11 2 192 27 27 193 242 271 332 195,0 323 249 662 764 706 706 765 707 646 623 632,source_bktree source_bktree source_bktree source_bktree source_bktree source_bktree source_bktree source_bktree source_bktree source_bktree source_bktree source_bktree,0 24 11 2 192 27 27 193 242 271 332 195
109,MarineMicro_MvsM_4_dist,Synergy,CALP-ETG,sce2_synergy_run_0041,,,repeat_001,eval_run_0041_web_batch_20260611_140111,166,1.0,Win,84.0,,,synergy/sce2_synergy_run_0041/final_eval/eval_run_0041_web_batch_20260611_140111/repeats/repeat_001/episodes.jsonl,synergy/sce2_synergy_run_0041/final_eval/eval_run_0041_web_batch_20260611_140111/repeats/repeat_001/bktree,C:\Users\Binich\PycharmProjects\PredictionRTS\output\learner_results\all_data\fused_bktree_web_batch_20260612_153602_top100_anchor_no_replay\MarineMicro_MvsM_4_dist\bktree,12,12,0,0,0 1 11 2 3 142 4 40 6 42 369 370,0 22 249 662 36 684 15 774 215 775 678 770,source_bktree source_bktree source_bktree source_bktree source_bktree source_bktree source_bktree source_bktree source_bktree source_bktree source_bktree source_bktree,0 1 11 2 3 142 4 40 6 42 369 370
110,MarineMicro_MvsM_4_dist,Synergy,CALP-ETG,sce2_synergy_run_0041,,,repeat_001,eval_run_0041_web_batch_20260611_140111,165,1.0,Win,84.0,,,synergy/sce2_synergy_run_0041/final_eval/eval_run_0041_web_batch_20260611_140111/repeats/repeat_001/episodes.jsonl,synergy/sce2_synergy_run_0041/final_eval/eval_run_0041_web_batch_20260611_140111/repeats/repeat_001/bktree,C:\Users\Binich\PycharmProjects\PredictionRTS\output\learner_results\all_data\fused_bktree_web_batch_20260612_153602_top100_anchor_no_replay\MarineMicro_MvsM_4_dist\bktree,12,12,0,0,0 10 11 2 19 13 13 244 35 35 245 272,0 312 249 662 26 762 762 776 735 735 777 632,source_bktree source_bktree source_bktree source_bktree source_bktree source_bktree source_bktree source_bktree source_bktree source_bktree source_bktree source_bktree,0 10 11 2 19 13 13 244 35 35 245 272
111,MarineMicro_MvsM_4_dist,Synergy,CALP-ETG,sce2_synergy_run_0041,,,repeat_001,eval_run_0041_web_batch_20260611_140111,164,1.0,Win,84.0,,,synergy/sce2_synergy_run_0041/final_eval/eval_run_0041_web_batch_20260611_140111/repeats/repeat_001/episodes.jsonl,synergy/sce2_synergy_run_0041/final_eval/eval_run_0041_web_batch_20260611_140111/repeats/repeat_001/bktree,C:\Users\Binich\PycharmProjects\PredictionRTS\output\learner_results\all_data\fused_bktree_web_batch_20260612_153602_top100_anchor_no_replay\MarineMicro_MvsM_4_dist\bktree,12,12,0,0,0 89 11 166 167 90 313 91 92 314 314 94,0 33 249 712 713 15 715 583 677 766 766 557,source_bktree source_bktree source_bktree source_bktree source_bktree source_bktree source_bktree source_bktree source_bktree source_bktree source_bktree source_bktree,0 89 11 166 167 90 313 91 92 314 314 94
112,MarineMicro_MvsM_4_dist,Synergy,CALP-ETG,sce2_synergy_run_0041,,,repeat_001,eval_run_0041_web_batch_20260611_140111,163,1.0,Win,84.0,,,synergy/sce2_synergy_run_0041/final_eval/eval_run_0041_web_batch_20260611_140111/repeats/repeat_001/episodes.jsonl,synergy/sce2_synergy_run_0041/final_eval/eval_run_0041_web_batch_20260611_140111/repeats/repeat_001/bktree,C:\Users\Binich\PycharmProjects\PredictionRTS\output\learner_results\all_data\fused_bktree_web_batch_20260612_153602_top100_anchor_no_replay\MarineMicro_MvsM_4_dist\bktree,12,12,0,0,0 10 11 78 19 13 20 38 21 266 22 32,0 312 249 745 26 762 778 711 552 567 337 651,source_bktree source_bktree source_bktree source_bktree source_bktree source_bktree source_bktree source_bktree source_bktree source_bktree source_bktree source_bktree,0 10 11 78 19 13 20 38 21 266 22 32
113,MarineMicro_MvsM_4_dist,Synergy,CALP-ETG,sce2_synergy_run_0041,,,repeat_001,eval_run_0041_web_batch_20260611_140111,154,1.0,Win,84.0,,,synergy/sce2_synergy_run_0041/final_eval/eval_run_0041_web_batch_20260611_140111/repeats/repeat_001/episodes.jsonl,synergy/sce2_synergy_run_0041/final_eval/eval_run_0041_web_batch_20260611_140111/repeats/repeat_001/bktree,C:\Users\Binich\PycharmProjects\PredictionRTS\output\learner_results\all_data\fused_bktree_web_batch_20260612_153602_top100_anchor_no_replay\MarineMicro_MvsM_4_dist\bktree,12,12,0,0,0 10 2 2 19 39 39 38 21 266 22 32,0 312 662 662 26 193 193 711 552 567 337 651,source_bktree source_bktree source_bktree source_bktree source_bktree source_bktree source_bktree source_bktree source_bktree source_bktree source_bktree source_bktree,0 10 2 2 19 39 39 38 21 266 22 32
114,MarineMicro_MvsM_4_dist,Synergy,CALP-ETG,sce2_synergy_run_0041,,,repeat_001,eval_run_0041_web_batch_20260611_140111,150,1.0,Win,84.0,,,synergy/sce2_synergy_run_0041/final_eval/eval_run_0041_web_batch_20260611_140111/repeats/repeat_001/episodes.jsonl,synergy/sce2_synergy_run_0041/final_eval/eval_run_0041_web_batch_20260611_140111/repeats/repeat_001/bktree,C:\Users\Binich\PycharmProjects\PredictionRTS\output\learner_results\all_data\fused_bktree_web_batch_20260612_153602_top100_anchor_no_replay\MarineMicro_MvsM_4_dist\bktree,12,12,0,0,0 10 2 2 19 39 20 38 21 266 22 32,0 312 662 662 26 193 778 711 552 567 337 651,source_bktree source_bktree source_bktree source_bktree source_bktree source_bktree source_bktree source_bktree source_bktree source_bktree source_bktree source_bktree,0 10 2 2 19 39 20 38 21 266 22 32
115,MarineMicro_MvsM_4_dist,Synergy,CALP-ETG,sce2_synergy_run_0041,,,repeat_001,eval_run_0041_web_batch_20260611_140111,132,1.0,Win,84.0,,,synergy/sce2_synergy_run_0041/final_eval/eval_run_0041_web_batch_20260611_140111/repeats/repeat_001/episodes.jsonl,synergy/sce2_synergy_run_0041/final_eval/eval_run_0041_web_batch_20260611_140111/repeats/repeat_001/bktree,C:\Users\Binich\PycharmProjects\PredictionRTS\output\learner_results\all_data\fused_bktree_web_batch_20260612_153602_top100_anchor_no_replay\MarineMicro_MvsM_4_dist\bktree,12,12,0,0,0 10 11 78 19 13 14 84 103 189 82 83,0 312 249 745 26 762 768 689 660 656 696 651,source_bktree source_bktree source_bktree source_bktree source_bktree source_bktree source_bktree source_bktree source_bktree source_bktree source_bktree source_bktree,0 10 11 78 19 13 14 84 103 189 82 83
116,MarineMicro_MvsM_4_dist,Synergy,CALP-ETG,sce2_synergy_run_0041,,,repeat_001,eval_run_0041_web_batch_20260611_140111,116,1.0,Win,84.0,,,synergy/sce2_synergy_run_0041/final_eval/eval_run_0041_web_batch_20260611_140111/repeats/repeat_001/episodes.jsonl,synergy/sce2_synergy_run_0041/final_eval/eval_run_0041_web_batch_20260611_140111/repeats/repeat_001/bktree,C:\Users\Binich\PycharmProjects\PredictionRTS\output\learner_results\all_data\fused_bktree_web_batch_20260612_153602_top100_anchor_no_replay\MarineMicro_MvsM_4_dist\bktree,12,12,0,0,0 10 101 2 19 13 102 38 103 104 104 32,0 312 662 662 26 762 653 711 660 656 656 651,source_bktree source_bktree source_bktree source_bktree source_bktree source_bktree source_bktree source_bktree source_bktree source_bktree source_bktree source_bktree,0 10 101 2 19 13 102 38 103 104 104 32
117,MarineMicro_MvsM_4_dist,Synergy,CALP-ETG,sce2_synergy_run_0041,,,repeat_001,eval_run_0041_web_batch_20260611_140111,114,1.0,Win,84.0,,,synergy/sce2_synergy_run_0041/final_eval/eval_run_0041_web_batch_20260611_140111/repeats/repeat_001/episodes.jsonl,synergy/sce2_synergy_run_0041/final_eval/eval_run_0041_web_batch_20260611_140111/repeats/repeat_001/bktree,C:\Users\Binich\PycharmProjects\PredictionRTS\output\learner_results\all_data\fused_bktree_web_batch_20260612_153602_top100_anchor_no_replay\MarineMicro_MvsM_4_dist\bktree,12,12,0,0,0 10 11 78 19 13 102 38 103 103 104 32,0 312 249 745 26 762 653 711 660 660 656 651,source_bktree source_bktree source_bktree source_bktree source_bktree source_bktree source_bktree source_bktree source_bktree source_bktree source_bktree source_bktree,0 10 11 78 19 13 102 38 103 103 104 32
118,MarineMicro_MvsM_4_dist,Synergy,CALP-ETG,sce2_synergy_run_0041,,,repeat_001,eval_run_0041_web_batch_20260611_140111,113,1.0,Win,84.0,,,synergy/sce2_synergy_run_0041/final_eval/eval_run_0041_web_batch_20260611_140111/repeats/repeat_001/episodes.jsonl,synergy/sce2_synergy_run_0041/final_eval/eval_run_0041_web_batch_20260611_140111/repeats/repeat_001/bktree,C:\Users\Binich\PycharmProjects\PredictionRTS\output\learner_results\all_data\fused_bktree_web_batch_20260612_153602_top100_anchor_no_replay\MarineMicro_MvsM_4_dist\bktree,12,12,0,0,0 24 11 2 192 27 27 193 153 271 194 195,0 323 249 662 764 706 706 765 707 646 710 632,source_bktree source_bktree source_bktree source_bktree source_bktree source_bktree source_bktree source_bktree source_bktree source_bktree source_bktree source_bktree,0 24 11 2 192 27 27 193 153 271 194 195
119,MarineMicro_MvsM_4_dist,Synergy,CALP-ETG,sce2_synergy_run_0041,,,repeat_001,eval_run_0041_web_batch_20260611_140111,112,1.0,Win,84.0,,,synergy/sce2_synergy_run_0041/final_eval/eval_run_0041_web_batch_20260611_140111/repeats/repeat_001/episodes.jsonl,synergy/sce2_synergy_run_0041/final_eval/eval_run_0041_web_batch_20260611_140111/repeats/repeat_001/bktree,C:\Users\Binich\PycharmProjects\PredictionRTS\output\learner_results\all_data\fused_bktree_web_batch_20260612_153602_top100_anchor_no_replay\MarineMicro_MvsM_4_dist\bktree,12,12,0,0,0 10 11 2 19 13 14 84 21 22 328 83,0 312 249 662 26 762 768 689 552 337 683 651,source_bktree source_bktree source_bktree source_bktree source_bktree source_bktree source_bktree source_bktree source_bktree source_bktree source_bktree source_bktree,0 10 11 2 19 13 14 84 21 22 328 83
120,MarineMicro_MvsM_4_dist,Synergy,CALP-ETG,sce2_synergy_run_0041,,,repeat_001,eval_run_0041_web_batch_20260611_140111,111,1.0,Win,84.0,,,synergy/sce2_synergy_run_0041/final_eval/eval_run_0041_web_batch_20260611_140111/repeats/repeat_001/episodes.jsonl,synergy/sce2_synergy_run_0041/final_eval/eval_run_0041_web_batch_20260611_140111/repeats/repeat_001/bktree,C:\Users\Binich\PycharmProjects\PredictionRTS\output\learner_results\all_data\fused_bktree_web_batch_20260612_153602_top100_anchor_no_replay\MarineMicro_MvsM_4_dist\bktree,12,12,0,0,0 89 2 2 167 90 313 91 92 314 314 94,0 33 662 662 713 15 715 583 677 766 766 557,source_bktree source_bktree source_bktree source_bktree source_bktree source_bktree source_bktree source_bktree source_bktree source_bktree source_bktree source_bktree,0 89 2 2 167 90 313 91 92 314 314 94
121,MarineMicro_MvsM_4_dist,Synergy,CALP-ETG,sce2_synergy_run_0041,,,repeat_001,eval_run_0041_web_batch_20260611_140111,108,1.0,Win,84.0,,,synergy/sce2_synergy_run_0041/final_eval/eval_run_0041_web_batch_20260611_140111/repeats/repeat_001/episodes.jsonl,synergy/sce2_synergy_run_0041/final_eval/eval_run_0041_web_batch_20260611_140111/repeats/repeat_001/bktree,C:\Users\Binich\PycharmProjects\PredictionRTS\output\learner_results\all_data\fused_bktree_web_batch_20260612_153602_top100_anchor_no_replay\MarineMicro_MvsM_4_dist\bktree,12,12,0,0,0 10 2 2 19 13 20 38 21 104 22 32,0 312 662 662 26 762 778 711 552 656 337 651,source_bktree source_bktree source_bktree source_bktree source_bktree source_bktree source_bktree source_bktree source_bktree source_bktree source_bktree source_bktree,0 10 2 2 19 13 20 38 21 104 22 32
122,MarineMicro_MvsM_4_dist,Synergy,CALP-ETG,sce2_synergy_run_0041,,,repeat_001,eval_run_0041_web_batch_20260611_140111,91,1.0,Win,84.0,,,synergy/sce2_synergy_run_0041/final_eval/eval_run_0041_web_batch_20260611_140111/repeats/repeat_001/episodes.jsonl,synergy/sce2_synergy_run_0041/final_eval/eval_run_0041_web_batch_20260611_140111/repeats/repeat_001/bktree,C:\Users\Binich\PycharmProjects\PredictionRTS\output\learner_results\all_data\fused_bktree_web_batch_20260612_153602_top100_anchor_no_replay\MarineMicro_MvsM_4_dist\bktree,12,12,0,0,0 10 2 101 19 13 20 38 103 266 22 32,0 312 662 662 26 762 778 711 660 567 337 651,source_bktree source_bktree source_bktree source_bktree source_bktree source_bktree source_bktree source_bktree source_bktree source_bktree source_bktree source_bktree,0 10 2 101 19 13 20 38 103 266 22 32
123,MarineMicro_MvsM_4_dist,Synergy,CALP-ETG,sce2_synergy_run_0041,,,repeat_001,eval_run_0041_web_batch_20260611_140111,85,1.0,Win,84.0,,,synergy/sce2_synergy_run_0041/final_eval/eval_run_0041_web_batch_20260611_140111/repeats/repeat_001/episodes.jsonl,synergy/sce2_synergy_run_0041/final_eval/eval_run_0041_web_batch_20260611_140111/repeats/repeat_001/bktree,C:\Users\Binich\PycharmProjects\PredictionRTS\output\learner_results\all_data\fused_bktree_web_batch_20260612_153602_top100_anchor_no_replay\MarineMicro_MvsM_4_dist\bktree,12,12,0,0,0 10 11 2 19 13 20 38 21 266 22 32,0 312 249 662 26 762 778 711 552 567 337 651,source_bktree source_bktree source_bktree source_bktree source_bktree source_bktree source_bktree source_bktree source_bktree source_bktree source_bktree source_bktree,0 10 11 2 19 13 20 38 21 266 22 32
124,MarineMicro_MvsM_4_dist,Synergy,CALP-ETG,sce2_synergy_run_0041,,,repeat_001,eval_run_0041_web_batch_20260611_140111,77,1.0,Win,84.0,,,synergy/sce2_synergy_run_0041/final_eval/eval_run_0041_web_batch_20260611_140111/repeats/repeat_001/episodes.jsonl,synergy/sce2_synergy_run_0041/final_eval/eval_run_0041_web_batch_20260611_140111/repeats/repeat_001/bktree,C:\Users\Binich\PycharmProjects\PredictionRTS\output\learner_results\all_data\fused_bktree_web_batch_20260612_153602_top100_anchor_no_replay\MarineMicro_MvsM_4_dist\bktree,12,12,0,0,0 10 11 2 19 13 39 38 21 266 22 32,0 312 249 662 26 762 193 711 552 567 337 651,source_bktree source_bktree source_bktree source_bktree source_bktree source_bktree source_bktree source_bktree source_bktree source_bktree source_bktree source_bktree,0 10 11 2 19 13 39 38 21 266 22 32
125,MarineMicro_MvsM_4_dist,Synergy,CALP-ETG,sce2_synergy_run_0041,,,repeat_001,eval_run_0041_web_batch_20260611_140111,61,1.0,Win,84.0,,,synergy/sce2_synergy_run_0041/final_eval/eval_run_0041_web_batch_20260611_140111/repeats/repeat_001/episodes.jsonl,synergy/sce2_synergy_run_0041/final_eval/eval_run_0041_web_batch_20260611_140111/repeats/repeat_001/bktree,C:\Users\Binich\PycharmProjects\PredictionRTS\output\learner_results\all_data\fused_bktree_web_batch_20260612_153602_top100_anchor_no_replay\MarineMicro_MvsM_4_dist\bktree,12,12,0,0,0 10 11 101 19 13 147 112 103 104 104 32,0 312 249 662 26 762 654 767 660 656 656 651,source_bktree source_bktree source_bktree source_bktree source_bktree source_bktree source_bktree source_bktree source_bktree source_bktree source_bktree source_bktree,0 10 11 101 19 13 147 112 103 104 104 32
126,MarineMicro_MvsM_4_dist,Synergy,CALP-ETG,sce2_synergy_run_0041,,,repeat_001,eval_run_0041_web_batch_20260611_140111,46,1.0,Win,84.0,,,synergy/sce2_synergy_run_0041/final_eval/eval_run_0041_web_batch_20260611_140111/repeats/repeat_001/episodes.jsonl,synergy/sce2_synergy_run_0041/final_eval/eval_run_0041_web_batch_20260611_140111/repeats/repeat_001/bktree,C:\Users\Binich\PycharmProjects\PredictionRTS\output\learner_results\all_data\fused_bktree_web_batch_20260612_153602_top100_anchor_no_replay\MarineMicro_MvsM_4_dist\bktree,12,12,0,0,0 24 191 191 192 27 193 193 153 194 194 195,0 323 649 649 764 706 765 765 707 710 710 632,source_bktree source_bktree source_bktree source_bktree source_bktree source_bktree source_bktree source_bktree source_bktree source_bktree source_bktree source_bktree,0 24 191 191 192 27 193 193 153 194 194 195
127,MarineMicro_MvsM_4_dist,Synergy,CALP-ETG,sce2_synergy_run_0041,,,repeat_001,eval_run_0041_web_batch_20260611_140111,31,1.0,Win,84.0,,,synergy/sce2_synergy_run_0041/final_eval/eval_run_0041_web_batch_20260611_140111/repeats/repeat_001/episodes.jsonl,synergy/sce2_synergy_run_0041/final_eval/eval_run_0041_web_batch_20260611_140111/repeats/repeat_001/bktree,C:\Users\Binich\PycharmProjects\PredictionRTS\output\learner_results\all_data\fused_bktree_web_batch_20260612_153602_top100_anchor_no_replay\MarineMicro_MvsM_4_dist\bktree,12,12,0,0,0 1 11 2 141 142 143 144 98 145 145 146,0 22 249 662 734 684 720 720 559 726 726 773,source_bktree source_bktree source_bktree source_bktree source_bktree source_bktree source_bktree source_bktree source_bktree source_bktree source_bktree source_bktree,0 1 11 2 141 142 143 144 98 145 145 146
128,MarineMicro_MvsM_4_dist,Synergy,CALP-ETG,sce2_synergy_run_0041,,,repeat_001,eval_run_0041_web_batch_20260611_140111,17,1.0,Win,84.0,,,synergy/sce2_synergy_run_0041/final_eval/eval_run_0041_web_batch_20260611_140111/repeats/repeat_001/episodes.jsonl,synergy/sce2_synergy_run_0041/final_eval/eval_run_0041_web_batch_20260611_140111/repeats/repeat_001/bktree,C:\Users\Binich\PycharmProjects\PredictionRTS\output\learner_results\all_data\fused_bktree_web_batch_20260612_153602_top100_anchor_no_replay\MarineMicro_MvsM_4_dist\bktree,12,12,0,0,0 89 2 2 3 90 90 91 92 92 93 94,0 33 662 662 36 15 15 583 677 677 668 557,source_bktree source_bktree source_bktree source_bktree source_bktree source_bktree source_bktree source_bktree source_bktree source_bktree source_bktree source_bktree,0 89 2 2 3 90 90 91 92 92 93 94
129,MarineMicro_MvsM_4_dist,Synergy,CALP-ETG,sce2_synergy_run_0041,,,repeat_001,eval_run_0041_web_batch_20260611_140111,16,1.0,Win,84.0,,,synergy/sce2_synergy_run_0041/final_eval/eval_run_0041_web_batch_20260611_140111/repeats/repeat_001/episodes.jsonl,synergy/sce2_synergy_run_0041/final_eval/eval_run_0041_web_batch_20260611_140111/repeats/repeat_001/bktree,C:\Users\Binich\PycharmProjects\PredictionRTS\output\learner_results\all_data\fused_bktree_web_batch_20260612_153602_top100_anchor_no_replay\MarineMicro_MvsM_4_dist\bktree,12,12,0,0,0 10 2 2 19 13 20 38 21 22 22 32,0 312 662 662 26 762 778 711 552 337 337 651,source_bktree source_bktree source_bktree source_bktree source_bktree source_bktree source_bktree source_bktree source_bktree source_bktree source_bktree source_bktree,0 10 2 2 19 13 20 38 21 22 22 32
130,MarineMicro_MvsM_4_dist,Synergy,CALP-ETG,sce2_synergy_run_0041,,,repeat_001,eval_run_0041_web_batch_20260611_140111,2,1.0,Win,84.0,,,synergy/sce2_synergy_run_0041/final_eval/eval_run_0041_web_batch_20260611_140111/repeats/repeat_001/episodes.jsonl,synergy/sce2_synergy_run_0041/final_eval/eval_run_0041_web_batch_20260611_140111/repeats/repeat_001/bktree,C:\Users\Binich\PycharmProjects\PredictionRTS\output\learner_results\all_data\fused_bktree_web_batch_20260612_153602_top100_anchor_no_replay\MarineMicro_MvsM_4_dist\bktree,12,12,0,0,0 10 11 2 12 13 14 15 16 17 17 18,0 312 249 662 657 762 768 628 660 661 661 729,source_bktree source_bktree source_bktree source_bktree source_bktree source_bktree source_bktree source_bktree source_bktree source_bktree source_bktree source_bktree,0 10 11 2 12 13 14 15 16 17 17 18
131,MarineMicro_MvsM_4_dist,Synergy,CALP-ETG,sce2_synergy_run_0041,,,repeat_001,eval_run_0041_web_batch_20260611_140111,184,1.0,Win,81.0,,,synergy/sce2_synergy_run_0041/final_eval/eval_run_0041_web_batch_20260611_140111/repeats/repeat_001/episodes.jsonl,synergy/sce2_synergy_run_0041/final_eval/eval_run_0041_web_batch_20260611_140111/repeats/repeat_001/bktree,C:\Users\Binich\PycharmProjects\PredictionRTS\output\learner_results\all_data\fused_bktree_web_batch_20260612_153602_top100_anchor_no_replay\MarineMicro_MvsM_4_dist\bktree,12,12,0,0,0 10 2 2 12 13 112 112 16 72 72 105,0 312 662 662 657 762 767 767 660 337 337 547,source_bktree source_bktree source_bktree source_bktree source_bktree source_bktree source_bktree source_bktree source_bktree source_bktree source_bktree source_bktree,0 10 2 2 12 13 112 112 16 72 72 105
132,MarineMicro_MvsM_4_dist,Synergy,CALP-ETG,sce2_synergy_run_0041,,,repeat_001,eval_run_0041_web_batch_20260611_140111,104,1.0,Win,81.0,,,synergy/sce2_synergy_run_0041/final_eval/eval_run_0041_web_batch_20260611_140111/repeats/repeat_001/episodes.jsonl,synergy/sce2_synergy_run_0041/final_eval/eval_run_0041_web_batch_20260611_140111/repeats/repeat_001/bktree,C:\Users\Binich\PycharmProjects\PredictionRTS\output\learner_results\all_data\fused_bktree_web_batch_20260612_153602_top100_anchor_no_replay\MarineMicro_MvsM_4_dist\bktree,12,12,0,0,0 10 2 2 19 13 14 84 21 82 82 23,0 312 662 662 26 762 768 689 552 696 696 554,source_bktree source_bktree source_bktree source_bktree source_bktree source_bktree source_bktree source_bktree source_bktree source_bktree source_bktree source_bktree,0 10 2 2 19 13 14 84 21 82 82 23
133,MarineMicro_MvsM_4_dist,Synergy,CALP-ETG,sce2_synergy_run_0041,,,repeat_001,eval_run_0041_web_batch_20260611_140111,43,1.0,Win,81.0,,,synergy/sce2_synergy_run_0041/final_eval/eval_run_0041_web_batch_20260611_140111/repeats/repeat_001/episodes.jsonl,synergy/sce2_synergy_run_0041/final_eval/eval_run_0041_web_batch_20260611_140111/repeats/repeat_001/bktree,C:\Users\Binich\PycharmProjects\PredictionRTS\output\learner_results\all_data\fused_bktree_web_batch_20260612_153602_top100_anchor_no_replay\MarineMicro_MvsM_4_dist\bktree,12,12,0,0,0 10 11 78 19 13 20 38 103 82 22 23,0 312 249 745 26 762 778 711 660 696 337 554,source_bktree source_bktree source_bktree source_bktree source_bktree source_bktree source_bktree source_bktree source_bktree source_bktree source_bktree source_bktree,0 10 11 78 19 13 20 38 103 82 22 23
134,MarineMicro_MvsM_4_dist,Synergy,CALP-ETG,sce2_synergy_run_0041,,,repeat_001,eval_run_0041_web_batch_20260611_140111,18,1.0,Win,81.0,,,synergy/sce2_synergy_run_0041/final_eval/eval_run_0041_web_batch_20260611_140111/repeats/repeat_001/episodes.jsonl,synergy/sce2_synergy_run_0041/final_eval/eval_run_0041_web_batch_20260611_140111/repeats/repeat_001/bktree,C:\Users\Binich\PycharmProjects\PredictionRTS\output\learner_results\all_data\fused_bktree_web_batch_20260612_153602_top100_anchor_no_replay\MarineMicro_MvsM_4_dist\bktree,12,12,0,0,0 10 2 2 19 13 13 38 21 22 22 23,0 312 662 662 26 762 762 711 552 337 337 554,source_bktree source_bktree source_bktree source_bktree source_bktree source_bktree source_bktree source_bktree source_bktree source_bktree source_bktree source_bktree,0 10 2 2 19 13 13 38 21 22 22 23
135,MarineMicro_MvsM_4_dist,Synergy,CALP-ETG,sce2_synergy_run_0041,,,repeat_001,eval_run_0041_web_batch_20260611_140111,296,1.0,Win,81.0,,,synergy/sce2_synergy_run_0041/final_eval/eval_run_0041_web_batch_20260611_140111/repeats/repeat_001/episodes.jsonl,synergy/sce2_synergy_run_0041/final_eval/eval_run_0041_web_batch_20260611_140111/repeats/repeat_001/bktree,C:\Users\Binich\PycharmProjects\PredictionRTS\output\learner_results\all_data\fused_bktree_web_batch_20260612_153602_top100_anchor_no_replay\MarineMicro_MvsM_4_dist\bktree,13,13,0,0,0 10 11 2 19 13 20 38 21 21 410 510 210,0 312 249 662 26 762 778 711 552 552 779 780 560,source_bktree source_bktree source_bktree source_bktree source_bktree source_bktree source_bktree source_bktree source_bktree source_bktree source_bktree source_bktree source_bktree,0 10 11 2 19 13 20 38 21 21 410 510 210
136,MarineMicro_MvsM_4_dist,Synergy,CALP-ETG,sce2_synergy_run_0041,,,repeat_001,eval_run_0041_web_batch_20260611_140111,291,1.0,Win,81.0,,,synergy/sce2_synergy_run_0041/final_eval/eval_run_0041_web_batch_20260611_140111/repeats/repeat_001/episodes.jsonl,synergy/sce2_synergy_run_0041/final_eval/eval_run_0041_web_batch_20260611_140111/repeats/repeat_001/bktree,C:\Users\Binich\PycharmProjects\PredictionRTS\output\learner_results\all_data\fused_bktree_web_batch_20260612_153602_top100_anchor_no_replay\MarineMicro_MvsM_4_dist\bktree,13,13,0,0,0 1 11 2 141 414 143 144 503 504 208 8 210,0 22 249 662 734 684 720 720 781 758 691 68 560,source_bktree source_bktree source_bktree source_bktree source_bktree source_bktree source_bktree source_bktree source_bktree source_bktree source_bktree source_bktree source_bktree,0 1 11 2 141 414 143 144 503 504 208 8 210
137,MarineMicro_MvsM_4_dist,Synergy,CALP-ETG,sce2_synergy_run_0041,,,repeat_001,eval_run_0041_web_batch_20260611_140111,284,1.0,Win,81.0,,,synergy/sce2_synergy_run_0041/final_eval/eval_run_0041_web_batch_20260611_140111/repeats/repeat_001/episodes.jsonl,synergy/sce2_synergy_run_0041/final_eval/eval_run_0041_web_batch_20260611_140111/repeats/repeat_001/bktree,C:\Users\Binich\PycharmProjects\PredictionRTS\output\learner_results\all_data\fused_bktree_web_batch_20260612_153602_top100_anchor_no_replay\MarineMicro_MvsM_4_dist\bktree,13,13,0,0,0 10 11 2 19 13 20 38 21 266 22 169 210,0 312 249 662 26 762 778 711 552 567 337 690 560,source_bktree source_bktree source_bktree source_bktree source_bktree source_bktree source_bktree source_bktree source_bktree source_bktree source_bktree source_bktree source_bktree,0 10 11 2 19 13 20 38 21 266 22 169 210
138,MarineMicro_MvsM_4_dist,Synergy,CALP-ETG,sce2_synergy_run_0041,,,repeat_001,eval_run_0041_web_batch_20260611_140111,271,1.0,Win,81.0,,,synergy/sce2_synergy_run_0041/final_eval/eval_run_0041_web_batch_20260611_140111/repeats/repeat_001/episodes.jsonl,synergy/sce2_synergy_run_0041/final_eval/eval_run_0041_web_batch_20260611_140111/repeats/repeat_001/bktree,C:\Users\Binich\PycharmProjects\PredictionRTS\output\learner_results\all_data\fused_bktree_web_batch_20260612_153602_top100_anchor_no_replay\MarineMicro_MvsM_4_dist\bktree,13,13,0,0,0 10 11 78 19 13 424 84 21 82 487 265 23,0 312 249 745 26 762 682 689 552 696 699 690 554,source_bktree source_bktree source_bktree source_bktree source_bktree source_bktree source_bktree source_bktree source_bktree source_bktree source_bktree source_bktree source_bktree,0 10 11 78 19 13 424 84 21 82 487 265 23
139,MarineMicro_MvsM_4_dist,Synergy,CALP-ETG,sce2_synergy_run_0041,,,repeat_001,eval_run_0041_web_batch_20260611_140111,260,1.0,Win,81.0,,,synergy/sce2_synergy_run_0041/final_eval/eval_run_0041_web_batch_20260611_140111/repeats/repeat_001/episodes.jsonl,synergy/sce2_synergy_run_0041/final_eval/eval_run_0041_web_batch_20260611_140111/repeats/repeat_001/bktree,C:\Users\Binich\PycharmProjects\PredictionRTS\output\learner_results\all_data\fused_bktree_web_batch_20260612_153602_top100_anchor_no_replay\MarineMicro_MvsM_4_dist\bktree,13,13,0,0,0 10 2 78 19 56 102 38 103 266 104 375 105,0 312 662 745 26 652 653 711 660 567 656 317 547,source_bktree source_bktree source_bktree source_bktree source_bktree source_bktree source_bktree source_bktree source_bktree source_bktree source_bktree source_bktree source_bktree,0 10 2 78 19 56 102 38 103 266 104 375 105
140,MarineMicro_MvsM_4_dist,Synergy,CALP-ETG,sce2_synergy_run_0041,,,repeat_001,eval_run_0041_web_batch_20260611_140111,249,1.0,Win,81.0,,,synergy/sce2_synergy_run_0041/final_eval/eval_run_0041_web_batch_20260611_140111/repeats/repeat_001/episodes.jsonl,synergy/sce2_synergy_run_0041/final_eval/eval_run_0041_web_batch_20260611_140111/repeats/repeat_001/bktree,C:\Users\Binich\PycharmProjects\PredictionRTS\output\learner_results\all_data\fused_bktree_web_batch_20260612_153602_top100_anchor_no_replay\MarineMicro_MvsM_4_dist\bktree,13,13,0,0,0 89 11 166 167 90 91 91 92 93 168 169 105,0 33 249 712 713 15 583 583 677 668 694 690 547,source_bktree source_bktree source_bktree source_bktree source_bktree source_bktree source_bktree source_bktree source_bktree source_bktree source_bktree source_bktree source_bktree,0 89 11 166 167 90 91 91 92 93 168 169 105
141,MarineMicro_MvsM_4_dist,Synergy,CALP-ETG,sce2_synergy_run_0041,,,repeat_001,eval_run_0041_web_batch_20260611_140111,240,1.0,Win,81.0,,,synergy/sce2_synergy_run_0041/final_eval/eval_run_0041_web_batch_20260611_140111/repeats/repeat_001/episodes.jsonl,synergy/sce2_synergy_run_0041/final_eval/eval_run_0041_web_batch_20260611_140111/repeats/repeat_001/bktree,C:\Users\Binich\PycharmProjects\PredictionRTS\output\learner_results\all_data\fused_bktree_web_batch_20260612_153602_top100_anchor_no_replay\MarineMicro_MvsM_4_dist\bktree,13,13,0,0,0 10 2 101 19 56 111 38 103 266 104 375 105,0 312 662 662 26 652 680 711 660 567 656 317 547,source_bktree source_bktree source_bktree source_bktree source_bktree source_bktree source_bktree source_bktree source_bktree source_bktree source_bktree source_bktree source_bktree,0 10 2 101 19 56 111 38 103 266 104 375 105
142,MarineMicro_MvsM_4_dist,Synergy,CALP-ETG,sce2_synergy_run_0041,,,repeat_001,eval_run_0041_web_batch_20260611_140111,211,1.0,Win,81.0,,,synergy/sce2_synergy_run_0041/final_eval/eval_run_0041_web_batch_20260611_140111/repeats/repeat_001/episodes.jsonl,synergy/sce2_synergy_run_0041/final_eval/eval_run_0041_web_batch_20260611_140111/repeats/repeat_001/bktree,C:\Users\Binich\PycharmProjects\PredictionRTS\output\learner_results\all_data\fused_bktree_web_batch_20260612_153602_top100_anchor_no_replay\MarineMicro_MvsM_4_dist\bktree,13,13,0,0,0 24 11 2 192 27 420 421 242 194 208 109 210,0 323 249 662 764 706 673 782 707 710 691 143 560,source_bktree source_bktree source_bktree source_bktree source_bktree source_bktree source_bktree source_bktree source_bktree source_bktree source_bktree source_bktree source_bktree,0 24 11 2 192 27 420 421 242 194 208 109 210
143,MarineMicro_MvsM_4_dist,Synergy,CALP-ETG,sce2_synergy_run_0041,,,repeat_001,eval_run_0041_web_batch_20260611_140111,193,1.0,Win,81.0,,,synergy/sce2_synergy_run_0041/final_eval/eval_run_0041_web_batch_20260611_140111/repeats/repeat_001/episodes.jsonl,synergy/sce2_synergy_run_0041/final_eval/eval_run_0041_web_batch_20260611_140111/repeats/repeat_001/bktree,C:\Users\Binich\PycharmProjects\PredictionRTS\output\learner_results\all_data\fused_bktree_web_batch_20260612_153602_top100_anchor_no_replay\MarineMicro_MvsM_4_dist\bktree,13,13,0,0,0 10 78 2 79 56 20 38 103 266 22 168 23,0 312 745 662 783 652 778 711 660 567 337 694 554,source_bktree source_bktree source_bktree source_bktree source_bktree source_bktree source_bktree source_bktree source_bktree source_bktree source_bktree source_bktree source_bktree,0 10 78 2 79 56 20 38 103 266 22 168 23
144,MarineMicro_MvsM_4_dist,Synergy,CALP-ETG,sce2_synergy_run_0041,,,repeat_001,eval_run_0041_web_batch_20260611_140111,135,1.0,Win,81.0,,,synergy/sce2_synergy_run_0041/final_eval/eval_run_0041_web_batch_20260611_140111/repeats/repeat_001/episodes.jsonl,synergy/sce2_synergy_run_0041/final_eval/eval_run_0041_web_batch_20260611_140111/repeats/repeat_001/bktree,C:\Users\Binich\PycharmProjects\PredictionRTS\output\learner_results\all_data\fused_bktree_web_batch_20260612_153602_top100_anchor_no_replay\MarineMicro_MvsM_4_dist\bktree,13,13,0,0,0 24 2 2 19 33 340 244 35 245 245 247 248,0 323 662 662 26 15 784 776 735 777 777 647 648,source_bktree source_bktree source_bktree source_bktree source_bktree source_bktree source_bktree source_bktree source_bktree source_bktree source_bktree source_bktree source_bktree,0 24 2 2 19 33 340 244 35 245 245 247 248
145,MarineMicro_MvsM_4_dist,Synergy,CALP-ETG,sce2_synergy_run_0041,,,repeat_001,eval_run_0041_web_batch_20260611_140111,115,1.0,Win,81.0,,,synergy/sce2_synergy_run_0041/final_eval/eval_run_0041_web_batch_20260611_140111/repeats/repeat_001/episodes.jsonl,synergy/sce2_synergy_run_0041/final_eval/eval_run_0041_web_batch_20260611_140111/repeats/repeat_001/bktree,C:\Users\Binich\PycharmProjects\PredictionRTS\output\learner_results\all_data\fused_bktree_web_batch_20260612_153602_top100_anchor_no_replay\MarineMicro_MvsM_4_dist\bktree,13,13,0,0,0 10 11 2 12 13 56 112 16 329 113 113 105,0 312 249 662 657 762 652 767 660 785 703 703 547,source_bktree source_bktree source_bktree source_bktree source_bktree source_bktree source_bktree source_bktree source_bktree source_bktree source_bktree source_bktree source_bktree,0 10 11 2 12 13 56 112 16 329 113 113 105
146,MarineMicro_MvsM_4_dist,Synergy,CALP-ETG,sce2_synergy_run_0041,,,repeat_001,eval_run_0041_web_batch_20260611_140111,74,1.0,Win,81.0,,,synergy/sce2_synergy_run_0041/final_eval/eval_run_0041_web_batch_20260611_140111/repeats/repeat_001/episodes.jsonl,synergy/sce2_synergy_run_0041/final_eval/eval_run_0041_web_batch_20260611_140111/repeats/repeat_001/bktree,C:\Users\Binich\PycharmProjects\PredictionRTS\output\learner_results\all_data\fused_bktree_web_batch_20260612_153602_top100_anchor_no_replay\MarineMicro_MvsM_4_dist\bktree,13,13,0,0,0 24 25 2 213 27 27 193 262 194 263 264 225,0 323 704 662 786 706 706 765 707 710 787 708 648,source_bktree source_bktree source_bktree source_bktree source_bktree source_bktree source_bktree source_bktree source_bktree source_bktree source_bktree source_bktree source_bktree,0 24 25 2 213 27 27 193 262 194 263 264 225
147,MarineMicro_MvsM_4_dist,Synergy,CALP-ETG,sce2_synergy_run_0041,,,repeat_001,eval_run_0041_web_batch_20260611_140111,70,1.0,Win,81.0,,,synergy/sce2_synergy_run_0041/final_eval/eval_run_0041_web_batch_20260611_140111/repeats/repeat_001/episodes.jsonl,synergy/sce2_synergy_run_0041/final_eval/eval_run_0041_web_batch_20260611_140111/repeats/repeat_001/bktree,C:\Users\Binich\PycharmProjects\PredictionRTS\output\learner_results\all_data\fused_bktree_web_batch_20260612_153602_top100_anchor_no_replay\MarineMicro_MvsM_4_dist\bktree,13,13,0,0,0 10 11 78 19 13 56 38 103 189 156 169 105,0 312 249 745 26 762 652 711 660 656 549 690 547,source_bktree source_bktree source_bktree source_bktree source_bktree source_bktree source_bktree source_bktree source_bktree source_bktree source_bktree source_bktree source_bktree,0 10 11 78 19 13 56 38 103 189 156 169 105
148,MarineMicro_MvsM_4_dist,Synergy,CALP-ETG,sce2_synergy_run_0041,,,repeat_001,eval_run_0041_web_batch_20260611_140111,66,1.0,Win,81.0,,,synergy/sce2_synergy_run_0041/final_eval/eval_run_0041_web_batch_20260611_140111/repeats/repeat_001/episodes.jsonl,synergy/sce2_synergy_run_0041/final_eval/eval_run_0041_web_batch_20260611_140111/repeats/repeat_001/bktree,C:\Users\Binich\PycharmProjects\PredictionRTS\output\learner_results\all_data\fused_bktree_web_batch_20260612_153602_top100_anchor_no_replay\MarineMicro_MvsM_4_dist\bktree,13,13,0,0,0 10 2 2 12 56 56 112 16 113 113 113 105,0 312 662 662 657 652 652 767 660 703 703 703 547,source_bktree source_bktree source_bktree source_bktree source_bktree source_bktree source_bktree source_bktree source_bktree source_bktree source_bktree source_bktree source_bktree,0 10 2 2 12 56 56 112 16 113 113 113 105
149,MarineMicro_MvsM_4_dist,Synergy,CALP-ETG,sce2_synergy_run_0041,,,repeat_001,eval_run_0041_web_batch_20260611_140111,64,1.0,Win,81.0,,,synergy/sce2_synergy_run_0041/final_eval/eval_run_0041_web_batch_20260611_140111/repeats/repeat_001/episodes.jsonl,synergy/sce2_synergy_run_0041/final_eval/eval_run_0041_web_batch_20260611_140111/repeats/repeat_001/bktree,C:\Users\Binich\PycharmProjects\PredictionRTS\output\learner_results\all_data\fused_bktree_web_batch_20260612_153602_top100_anchor_no_replay\MarineMicro_MvsM_4_dist\bktree,13,13,0,0,0 24 11 25 26 27 27 244 29 245 246 247 248,0 323 249 704 643 706 706 776 788 777 789 647 648,source_bktree source_bktree source_bktree source_bktree source_bktree source_bktree source_bktree source_bktree source_bktree source_bktree source_bktree source_bktree source_bktree,0 24 11 25 26 27 27 244 29 245 246 247 248
150,MarineMicro_MvsM_4_dist,Synergy,CALP-ETG,sce2_synergy_run_0041,,,repeat_001,eval_run_0041_web_batch_20260611_140111,48,1.0,Win,81.0,,,synergy/sce2_synergy_run_0041/final_eval/eval_run_0041_web_batch_20260611_140111/repeats/repeat_001/episodes.jsonl,synergy/sce2_synergy_run_0041/final_eval/eval_run_0041_web_batch_20260611_140111/repeats/repeat_001/bktree,C:\Users\Binich\PycharmProjects\PredictionRTS\output\learner_results\all_data\fused_bktree_web_batch_20260612_153602_top100_anchor_no_replay\MarineMicro_MvsM_4_dist\bktree,13,13,0,0,0 10 2 2 19 13 38 38 103 22 22 169 23,0 312 662 662 26 762 711 711 660 337 337 690 554,source_bktree source_bktree source_bktree source_bktree source_bktree source_bktree source_bktree source_bktree source_bktree source_bktree source_bktree source_bktree source_bktree,0 10 2 2 19 13 38 38 103 22 22 169 23
151,MarineMicro_MvsM_4_dist,Synergy,CALP-ETG,sce2_synergy_run_0041,,,repeat_001,eval_run_0041_web_batch_20260611_140111,297,1.0,Win,78.0,,,synergy/sce2_synergy_run_0041/final_eval/eval_run_0041_web_batch_20260611_140111/repeats/repeat_001/episodes.jsonl,synergy/sce2_synergy_run_0041/final_eval/eval_run_0041_web_batch_20260611_140111/repeats/repeat_001/bktree,C:\Users\Binich\PycharmProjects\PredictionRTS\output\learner_results\all_data\fused_bktree_web_batch_20260612_153602_top100_anchor_no_replay\MarineMicro_MvsM_4_dist\bktree,12,12,0,0,0 1 2 2 3 4 4 469 6 6 7 370,0 22 662 662 36 15 15 769 215 215 678 770,source_bktree source_bktree source_bktree source_bktree source_bktree source_bktree source_bktree source_bktree source_bktree source_bktree source_bktree source_bktree,0 1 2 2 3 4 4 469 6 6 7 370
152,MarineMicro_MvsM_4_dist,Synergy,CALP-ETG,sce2_synergy_run_0041,,,repeat_001,eval_run_0041_web_batch_20260611_140111,295,1.0,Win,78.0,,,synergy/sce2_synergy_run_0041/final_eval/eval_run_0041_web_batch_20260611_140111/repeats/repeat_001/episodes.jsonl,synergy/sce2_synergy_run_0041/final_eval/eval_run_0041_web_batch_20260611_140111/repeats/repeat_001/bktree,C:\Users\Binich\PycharmProjects\PredictionRTS\output\learner_results\all_data\fused_bktree_web_batch_20260612_153602_top100_anchor_no_replay\MarineMicro_MvsM_4_dist\bktree,12,12,0,0,0 1 11 205 494 39 39 463 207 464 443 370,0 22 249 249 733 193 193 685 631 686 687 770,source_bktree source_bktree source_bktree source_bktree source_bktree source_bktree source_bktree source_bktree source_bktree source_bktree source_bktree source_bktree,0 1 11 205 494 39 39 463 207 464 443 370
153,MarineMicro_MvsM_4_dist,Synergy,CALP-ETG,sce2_synergy_run_0041,,,repeat_001,eval_run_0041_web_batch_20260611_140111,279,1.0,Win,78.0,,,synergy/sce2_synergy_run_0041/final_eval/eval_run_0041_web_batch_20260611_140111/repeats/repeat_001/episodes.jsonl,synergy/sce2_synergy_run_0041/final_eval/eval_run_0041_web_batch_20260611_140111/repeats/repeat_001/bktree,C:\Users\Binich\PycharmProjects\PredictionRTS\output\learner_results\all_data\fused_bktree_web_batch_20260612_153602_top100_anchor_no_replay\MarineMicro_MvsM_4_dist\bktree,12,12,0,0,0 10 11 2 19 139 360 38 103 103 72 32,0 312 249 662 26 790 791 711 660 660 337 651,source_bktree source_bktree source_bktree source_bktree source_bktree source_bktree source_bktree source_bktree source_bktree source_bktree source_bktree source_bktree,0 10 11 2 19 139 360 38 103 103 72 32
154,MarineMicro_MvsM_4_dist,Synergy,CALP-ETG,sce2_synergy_run_0041,,,repeat_001,eval_run_0041_web_batch_20260611_140111,274,1.0,Win,78.0,,,synergy/sce2_synergy_run_0041/final_eval/eval_run_0041_web_batch_20260611_140111/repeats/repeat_001/episodes.jsonl,synergy/sce2_synergy_run_0041/final_eval/eval_run_0041_web_batch_20260611_140111/repeats/repeat_001/bktree,C:\Users\Binich\PycharmProjects\PredictionRTS\output\learner_results\all_data\fused_bktree_web_batch_20260612_153602_top100_anchor_no_replay\MarineMicro_MvsM_4_dist\bktree,12,12,0,0,0 1 11 95 3 414 492 469 493 464 443 370,0 22 249 725 36 684 684 769 792 686 687 770,source_bktree source_bktree source_bktree source_bktree source_bktree source_bktree source_bktree source_bktree source_bktree source_bktree source_bktree source_bktree,0 1 11 95 3 414 492 469 493 464 443 370
155,MarineMicro_MvsM_4_dist,Synergy,CALP-ETG,sce2_synergy_run_0041,,,repeat_001,eval_run_0041_web_batch_20260611_140111,256,1.0,Win,78.0,,,synergy/sce2_synergy_run_0041/final_eval/eval_run_0041_web_batch_20260611_140111/repeats/repeat_001/episodes.jsonl,synergy/sce2_synergy_run_0041/final_eval/eval_run_0041_web_batch_20260611_140111/repeats/repeat_001/bktree,C:\Users\Binich\PycharmProjects\PredictionRTS\output\learner_results\all_data\fused_bktree_web_batch_20260612_153602_top100_anchor_no_replay\MarineMicro_MvsM_4_dist\bktree,12,12,0,0,0 10 11 2 19 13 20 457 16 104 315 32,0 312 249 662 26 762 778 793 660 656 650 651,source_bktree source_bktree source_bktree source_bktree source_bktree source_bktree source_bktree source_bktree source_bktree source_bktree source_bktree source_bktree,0 10 11 2 19 13 20 457 16 104 315 32
156,MarineMicro_MvsM_4_dist,Synergy,CALP-ETG,sce2_synergy_run_0041,,,repeat_001,eval_run_0041_web_batch_20260611_140111,248,1.0,Win,78.0,,,synergy/sce2_synergy_run_0041/final_eval/eval_run_0041_web_batch_20260611_140111/repeats/repeat_001/episodes.jsonl,synergy/sce2_synergy_run_0041/final_eval/eval_run_0041_web_batch_20260611_140111/repeats/repeat_001/bktree,C:\Users\Binich\PycharmProjects\PredictionRTS\output\learner_results\all_data\fused_bktree_web_batch_20260612_153602_top100_anchor_no_replay\MarineMicro_MvsM_4_dist\bktree,12,12,0,0,0 10 11 2 19 13 13 38 418 21 22 456,0 312 249 662 26 762 762 711 794 552 337 651,source_bktree source_bktree source_bktree source_bktree source_bktree source_bktree source_bktree source_bktree source_bktree source_bktree source_bktree source_bktree,0 10 11 2 19 13 13 38 418 21 22 456
157,MarineMicro_MvsM_4_dist,Synergy,CALP-ETG,sce2_synergy_run_0041,,,repeat_001,eval_run_0041_web_batch_20260611_140111,247,1.0,Win,78.0,,,synergy/sce2_synergy_run_0041/final_eval/eval_run_0041_web_batch_20260611_140111/repeats/repeat_001/episodes.jsonl,synergy/sce2_synergy_run_0041/final_eval/eval_run_0041_web_batch_20260611_140111/repeats/repeat_001/bktree,C:\Users\Binich\PycharmProjects\PredictionRTS\output\learner_results\all_data\fused_bktree_web_batch_20260612_153602_top100_anchor_no_replay\MarineMicro_MvsM_4_dist\bktree,12,12,0,0,0 1 2 2 3 4 454 171 6 455 455 94,0 22 662 662 36 15 795 45 215 668 668 557,source_bktree source_bktree source_bktree source_bktree source_bktree source_bktree source_bktree source_bktree source_bktree source_bktree source_bktree source_bktree,0 1 2 2 3 4 454 171 6 455 455 94
158,MarineMicro_MvsM_4_dist,Synergy,CALP-ETG,sce2_synergy_run_0041,,,repeat_001,eval_run_0041_web_batch_20260611_140111,238,1.0,Win,78.0,,,synergy/sce2_synergy_run_0041/final_eval/eval_run_0041_web_batch_20260611_140111/repeats/repeat_001/episodes.jsonl,synergy/sce2_synergy_run_0041/final_eval/eval_run_0041_web_batch_20260611_140111/repeats/repeat_001/bktree,C:\Users\Binich\PycharmProjects\PredictionRTS\output\learner_results\all_data\fused_bktree_web_batch_20260612_153602_top100_anchor_no_replay\MarineMicro_MvsM_4_dist\bktree,12,12,0,0,0 1 11 442 3 414 414 283 41 443 443 370,0 22 249 701 36 684 684 774 792 687 687 770,source_bktree source_bktree source_bktree source_bktree source_bktree source_bktree source_bktree source_bktree source_bktree source_bktree source_bktree source_bktree,0 1 11 442 3 414 414 283 41 443 443 370
159,MarineMicro_MvsM_4_dist,Synergy,CALP-ETG,sce2_synergy_run_0041,,,repeat_001,eval_run_0041_web_batch_20260611_140111,223,1.0,Win,78.0,,,synergy/sce2_synergy_run_0041/final_eval/eval_run_0041_web_batch_20260611_140111/repeats/repeat_001/episodes.jsonl,synergy/sce2_synergy_run_0041/final_eval/eval_run_0041_web_batch_20260611_140111/repeats/repeat_001/bktree,C:\Users\Binich\PycharmProjects\PredictionRTS\output\learner_results\all_data\fused_bktree_web_batch_20260612_153602_top100_anchor_no_replay\MarineMicro_MvsM_4_dist\bktree,12,12,0,0,0 10 2 2 12 13 14 15 16 17 17 18,0 312 662 662 657 762 768 628 660 661 661 729,source_bktree source_bktree source_bktree source_bktree source_bktree source_bktree source_bktree source_bktree source_bktree source_bktree source_bktree source_bktree,0 10 2 2 12 13 14 15 16 17 17 18
160,MarineMicro_MvsM_4_dist,Synergy,CALP-ETG,sce2_synergy_run_0041,,,repeat_001,eval_run_0041_web_batch_20260611_140111,216,1.0,Win,78.0,,,synergy/sce2_synergy_run_0041/final_eval/eval_run_0041_web_batch_20260611_140111/repeats/repeat_001/episodes.jsonl,synergy/sce2_synergy_run_0041/final_eval/eval_run_0041_web_batch_20260611_140111/repeats/repeat_001/bktree,C:\Users\Binich\PycharmProjects\PredictionRTS\output\learner_results\all_data\fused_bktree_web_batch_20260612_153602_top100_anchor_no_replay\MarineMicro_MvsM_4_dist\bktree,12,12,0,0,0 10 11 2 19 13 360 15 16 189 82 250,0 312 249 662 26 762 791 628 660 656 696 796,source_bktree source_bktree source_bktree source_bktree source_bktree source_bktree source_bktree source_bktree source_bktree source_bktree source_bktree source_bktree,0 10 11 2 19 13 360 15 16 189 82 250
161,MarineMicro_MvsM_4_dist,Synergy,CALP-ETG,sce2_synergy_run_0041,,,repeat_001,eval_run_0041_web_batch_20260611_140111,205,1.0,Win,78.0,,,synergy/sce2_synergy_run_0041/final_eval/eval_run_0041_web_batch_20260611_140111/repeats/repeat_001/episodes.jsonl,synergy/sce2_synergy_run_0041/final_eval/eval_run_0041_web_batch_20260611_140111/repeats/repeat_001/bktree,C:\Users\Binich\PycharmProjects\PredictionRTS\output\learner_results\all_data\fused_bktree_web_batch_20260612_153602_top100_anchor_no_replay\MarineMicro_MvsM_4_dist\bktree,12,12,0,0,0 10 2 2 19 13 20 38 21 22 22 32,0 312 662 662 26 762 778 711 552 337 337 651,source_bktree source_bktree source_bktree source_bktree source_bktree source_bktree source_bktree source_bktree source_bktree source_bktree source_bktree source_bktree,0 10 2 2 19 13 20 38 21 22 22 32
162,MarineMicro_MvsM_4_dist,Synergy,CALP-ETG,sce2_synergy_run_0041,,,repeat_001,eval_run_0041_web_batch_20260611_140111,202,1.0,Win,78.0,,,synergy/sce2_synergy_run_0041/final_eval/eval_run_0041_web_batch_20260611_140111/repeats/repeat_001/episodes.jsonl,synergy/sce2_synergy_run_0041/final_eval/eval_run_0041_web_batch_20260611_140111/repeats/repeat_001/bktree,C:\Users\Binich\PycharmProjects\PredictionRTS\output\learner_results\all_data\fused_bktree_web_batch_20260612_153602_top100_anchor_no_replay\MarineMicro_MvsM_4_dist\bktree,12,12,0,0,0 10 11 2 12 13 13 112 16 16 17 18,0 312 249 662 657 762 762 767 660 660 661 729,source_bktree source_bktree source_bktree source_bktree source_bktree source_bktree source_bktree source_bktree source_bktree source_bktree source_bktree source_bktree,0 10 11 2 12 13 13 112 16 16 17 18
163,MarineMicro_MvsM_4_dist,Synergy,CALP-ETG,sce2_synergy_run_0041,,,repeat_001,eval_run_0041_web_batch_20260611_140111,199,1.0,Win,78.0,,,synergy/sce2_synergy_run_0041/final_eval/eval_run_0041_web_batch_20260611_140111/repeats/repeat_001/episodes.jsonl,synergy/sce2_synergy_run_0041/final_eval/eval_run_0041_web_batch_20260611_140111/repeats/repeat_001/bktree,C:\Users\Binich\PycharmProjects\PredictionRTS\output\learner_results\all_data\fused_bktree_web_batch_20260612_153602_top100_anchor_no_replay\MarineMicro_MvsM_4_dist\bktree,12,12,0,0,0 1 205 206 206 259 96 415 207 410 408 416,0 22 249 797 797 684 558 798 631 779 721 799,source_bktree source_bktree source_bktree source_bktree source_bktree source_bktree source_bktree source_bktree source_bktree source_bktree source_bktree source_bktree,0 1 205 206 206 259 96 415 207 410 408 416
164,MarineMicro_MvsM_4_dist,Synergy,CALP-ETG,sce2_synergy_run_0041,,,repeat_001,eval_run_0041_web_batch_20260611_140111,186,1.0,Win,78.0,,,synergy/sce2_synergy_run_0041/final_eval/eval_run_0041_web_batch_20260611_140111/repeats/repeat_001/episodes.jsonl,synergy/sce2_synergy_run_0041/final_eval/eval_run_0041_web_batch_20260611_140111/repeats/repeat_001/bktree,C:\Users\Binich\PycharmProjects\PredictionRTS\output\learner_results\all_data\fused_bktree_web_batch_20260612_153602_top100_anchor_no_replay\MarineMicro_MvsM_4_dist\bktree,12,12,0,0,0 24 11 191 192 240 193 193 242 194 194 195,0 323 249 649 764 756 765 765 707 710 710 632,source_bktree source_bktree source_bktree source_bktree source_bktree source_bktree source_bktree source_bktree source_bktree source_bktree source_bktree source_bktree,0 24 11 191 192 240 193 193 242 194 194 195
165,MarineMicro_MvsM_4_dist,Synergy,CALP-ETG,sce2_synergy_run_0041,,,repeat_001,eval_run_0041_web_batch_20260611_140111,180,1.0,Win,78.0,,,synergy/sce2_synergy_run_0041/final_eval/eval_run_0041_web_batch_20260611_140111/repeats/repeat_001/episodes.jsonl,synergy/sce2_synergy_run_0041/final_eval/eval_run_0041_web_batch_20260611_140111/repeats/repeat_001/bktree,C:\Users\Binich\PycharmProjects\PredictionRTS\output\learner_results\all_data\fused_bktree_web_batch_20260612_153602_top100_anchor_no_replay\MarineMicro_MvsM_4_dist\bktree,12,12,0,0,0 10 11 78 79 13 330 38 21 266 22 83,0 312 249 745 783 762 700 711 552 567 337 651,source_bktree source_bktree source_bktree source_bktree source_bktree source_bktree source_bktree source_bktree source_bktree source_bktree source_bktree source_bktree,0 10 11 78 79 13 330 38 21 266 22 83
166,MarineMicro_MvsM_4_dist,Synergy,CALP-ETG,sce2_synergy_run_0041,,,repeat_001,eval_run_0041_web_batch_20260611_140111,178,1.0,Win,78.0,,,synergy/sce2_synergy_run_0041/final_eval/eval_run_0041_web_batch_20260611_140111/repeats/repeat_001/episodes.jsonl,synergy/sce2_synergy_run_0041/final_eval/eval_run_0041_web_batch_20260611_140111/repeats/repeat_001/bktree,C:\Users\Binich\PycharmProjects\PredictionRTS\output\learner_results\all_data\fused_bktree_web_batch_20260612_153602_top100_anchor_no_replay\MarineMicro_MvsM_4_dist\bktree,12,12,0,0,0 1 2 2 19 4 4 38 21 138 22 32,0 22 662 662 26 15 15 711 552 631 337 651,source_bktree source_bktree source_bktree source_bktree source_bktree source_bktree source_bktree source_bktree source_bktree source_bktree source_bktree source_bktree,0 1 2 2 19 4 4 38 21 138 22 32
167,MarineMicro_MvsM_4_dist,Synergy,CALP-ETG,sce2_synergy_run_0041,,,repeat_001,eval_run_0041_web_batch_20260611_140111,160,1.0,Win,78.0,,,synergy/sce2_synergy_run_0041/final_eval/eval_run_0041_web_batch_20260611_140111/repeats/repeat_001/episodes.jsonl,synergy/sce2_synergy_run_0041/final_eval/eval_run_0041_web_batch_20260611_140111/repeats/repeat_001/bktree,C:\Users\Binich\PycharmProjects\PredictionRTS\output\learner_results\all_data\fused_bktree_web_batch_20260612_153602_top100_anchor_no_replay\MarineMicro_MvsM_4_dist\bktree,12,12,0,0,0 10 2 2 19 13 20 38 21 22 22 32,0 312 662 662 26 762 778 711 552 337 337 651,source_bktree source_bktree source_bktree source_bktree source_bktree source_bktree source_bktree source_bktree source_bktree source_bktree source_bktree source_bktree,0 10 2 2 19 13 20 38 21 22 22 32
168,MarineMicro_MvsM_4_dist,Synergy,CALP-ETG,sce2_synergy_run_0041,,,repeat_001,eval_run_0041_web_batch_20260611_140111,156,1.0,Win,78.0,,,synergy/sce2_synergy_run_0041/final_eval/eval_run_0041_web_batch_20260611_140111/repeats/repeat_001/episodes.jsonl,synergy/sce2_synergy_run_0041/final_eval/eval_run_0041_web_batch_20260611_140111/repeats/repeat_001/bktree,C:\Users\Binich\PycharmProjects\PredictionRTS\output\learner_results\all_data\fused_bktree_web_batch_20260612_153602_top100_anchor_no_replay\MarineMicro_MvsM_4_dist\bktree,12,12,0,0,0 10 2 2 19 13 20 38 21 22 22 32,0 312 662 662 26 762 778 711 552 337 337 651,source_bktree source_bktree source_bktree source_bktree source_bktree source_bktree source_bktree source_bktree source_bktree source_bktree source_bktree source_bktree,0 10 2 2 19 13 20 38 21 22 22 32
169,MarineMicro_MvsM_4_dist,Synergy,CALP-ETG,sce2_synergy_run_0041,,,repeat_001,eval_run_0041_web_batch_20260611_140111,152,1.0,Win,78.0,,,synergy/sce2_synergy_run_0041/final_eval/eval_run_0041_web_batch_20260611_140111/repeats/repeat_001/episodes.jsonl,synergy/sce2_synergy_run_0041/final_eval/eval_run_0041_web_batch_20260611_140111/repeats/repeat_001/bktree,C:\Users\Binich\PycharmProjects\PredictionRTS\output\learner_results\all_data\fused_bktree_web_batch_20260612_153602_top100_anchor_no_replay\MarineMicro_MvsM_4_dist\bktree,12,12,0,0,0 10 2 2 19 13 20 38 21 22 22 32,0 312 662 662 26 762 778 711 552 337 337 651,source_bktree source_bktree source_bktree source_bktree source_bktree source_bktree source_bktree source_bktree source_bktree source_bktree source_bktree source_bktree,0 10 2 2 19 13 20 38 21 22 22 32
170,MarineMicro_MvsM_4_dist,Synergy,CALP-ETG,sce2_synergy_run_0041,,,repeat_001,eval_run_0041_web_batch_20260611_140111,146,1.0,Win,78.0,,,synergy/sce2_synergy_run_0041/final_eval/eval_run_0041_web_batch_20260611_140111/repeats/repeat_001/episodes.jsonl,synergy/sce2_synergy_run_0041/final_eval/eval_run_0041_web_batch_20260611_140111/repeats/repeat_001/bktree,C:\Users\Binich\PycharmProjects\PredictionRTS\output\learner_results\all_data\fused_bktree_web_batch_20260612_153602_top100_anchor_no_replay\MarineMicro_MvsM_4_dist\bktree,12,12,0,0,0 10 11 101 19 13 360 361 362 266 22 250,0 312 249 662 26 762 791 682 800 567 337 796,source_bktree source_bktree source_bktree source_bktree source_bktree source_bktree source_bktree source_bktree source_bktree source_bktree source_bktree source_bktree,0 10 11 101 19 13 360 361 362 266 22 250
171,MarineMicro_MvsM_4_dist,Synergy,CALP-ETG,sce2_synergy_run_0041,,,repeat_001,eval_run_0041_web_batch_20260611_140111,144,1.0,Win,78.0,,,synergy/sce2_synergy_run_0041/final_eval/eval_run_0041_web_batch_20260611_140111/repeats/repeat_001/episodes.jsonl,synergy/sce2_synergy_run_0041/final_eval/eval_run_0041_web_batch_20260611_140111/repeats/repeat_001/bktree,C:\Users\Binich\PycharmProjects\PredictionRTS\output\learner_results\all_data\fused_bktree_web_batch_20260612_153602_top100_anchor_no_replay\MarineMicro_MvsM_4_dist\bktree,12,12,0,0,0 10 2 2 12 149 102 70 16 266 72 148,0 312 662 662 657 801 653 642 660 567 337 655,source_bktree source_bktree source_bktree source_bktree source_bktree source_bktree source_bktree source_bktree source_bktree source_bktree source_bktree source_bktree,0 10 2 2 12 149 102 70 16 266 72 148
172,MarineMicro_MvsM_4_dist,Synergy,CALP-ETG,sce2_synergy_run_0041,,,repeat_001,eval_run_0041_web_batch_20260611_140111,136,1.0,Win,78.0,,,synergy/sce2_synergy_run_0041/final_eval/eval_run_0041_web_batch_20260611_140111/repeats/repeat_001/episodes.jsonl,synergy/sce2_synergy_run_0041/final_eval/eval_run_0041_web_batch_20260611_140111/repeats/repeat_001/bktree,C:\Users\Binich\PycharmProjects\PredictionRTS\output\learner_results\all_data\fused_bktree_web_batch_20260612_153602_top100_anchor_no_replay\MarineMicro_MvsM_4_dist\bktree,12,12,0,0,0 10 2 2 19 13 20 20 21 22 22 32,0 312 662 662 26 762 778 778 552 337 337 651,source_bktree source_bktree source_bktree source_bktree source_bktree source_bktree source_bktree source_bktree source_bktree source_bktree source_bktree source_bktree,0 10 2 2 19 13 20 20 21 22 22 32
173,MarineMicro_MvsM_4_dist,Synergy,CALP-ETG,sce2_synergy_run_0041,,,repeat_001,eval_run_0041_web_batch_20260611_140111,131,1.0,Win,78.0,,,synergy/sce2_synergy_run_0041/final_eval/eval_run_0041_web_batch_20260611_140111/repeats/repeat_001/episodes.jsonl,synergy/sce2_synergy_run_0041/final_eval/eval_run_0041_web_batch_20260611_140111/repeats/repeat_001/bktree,C:\Users\Binich\PycharmProjects\PredictionRTS\output\learner_results\all_data\fused_bktree_web_batch_20260612_153602_top100_anchor_no_replay\MarineMicro_MvsM_4_dist\bktree,12,12,0,0,0 10 11 101 203 13 102 112 16 104 72 148,0 312 249 662 802 762 653 767 660 656 337 655,source_bktree source_bktree source_bktree source_bktree source_bktree source_bktree source_bktree source_bktree source_bktree source_bktree source_bktree source_bktree,0 10 11 101 203 13 102 112 16 104 72 148
174,MarineMicro_MvsM_4_dist,Synergy,CALP-ETG,sce2_synergy_run_0041,,,repeat_001,eval_run_0041_web_batch_20260611_140111,126,1.0,Win,78.0,,,synergy/sce2_synergy_run_0041/final_eval/eval_run_0041_web_batch_20260611_140111/repeats/repeat_001/episodes.jsonl,synergy/sce2_synergy_run_0041/final_eval/eval_run_0041_web_batch_20260611_140111/repeats/repeat_001/bktree,C:\Users\Binich\PycharmProjects\PredictionRTS\output\learner_results\all_data\fused_bktree_web_batch_20260612_153602_top100_anchor_no_replay\MarineMicro_MvsM_4_dist\bktree,12,12,0,0,0 10 2 2 19 13 20 38 21 22 22 32,0 312 662 662 26 762 778 711 552 337 337 651,source_bktree source_bktree source_bktree source_bktree source_bktree source_bktree source_bktree source_bktree source_bktree source_bktree source_bktree source_bktree,0 10 2 2 19 13 20 38 21 22 22 32
175,MarineMicro_MvsM_4_dist,Synergy,CALP-ETG,sce2_synergy_run_0041,,,repeat_001,eval_run_0041_web_batch_20260611_140111,124,1.0,Win,78.0,,,synergy/sce2_synergy_run_0041/final_eval/eval_run_0041_web_batch_20260611_140111/repeats/repeat_001/episodes.jsonl,synergy/sce2_synergy_run_0041/final_eval/eval_run_0041_web_batch_20260611_140111/repeats/repeat_001/bktree,C:\Users\Binich\PycharmProjects\PredictionRTS\output\learner_results\all_data\fused_bktree_web_batch_20260612_153602_top100_anchor_no_replay\MarineMicro_MvsM_4_dist\bktree,12,12,0,0,0 10 2 2 19 39 39 38 21 22 22 32,0 312 662 662 26 193 193 711 552 337 337 651,source_bktree source_bktree source_bktree source_bktree source_bktree source_bktree source_bktree source_bktree source_bktree source_bktree source_bktree source_bktree,0 10 2 2 19 39 39 38 21 22 22 32
176,MarineMicro_MvsM_4_dist,Synergy,CALP-ETG,sce2_synergy_run_0041,,,repeat_001,eval_run_0041_web_batch_20260611_140111,122,1.0,Win,78.0,,,synergy/sce2_synergy_run_0041/final_eval/eval_run_0041_web_batch_20260611_140111/repeats/repeat_001/episodes.jsonl,synergy/sce2_synergy_run_0041/final_eval/eval_run_0041_web_batch_20260611_140111/repeats/repeat_001/bktree,C:\Users\Binich\PycharmProjects\PredictionRTS\output\learner_results\all_data\fused_bktree_web_batch_20260612_153602_top100_anchor_no_replay\MarineMicro_MvsM_4_dist\bktree,12,12,0,0,0 10 2 2 19 13 20 20 21 22 22 32,0 312 662 662 26 762 778 778 552 337 337 651,source_bktree source_bktree source_bktree source_bktree source_bktree source_bktree source_bktree source_bktree source_bktree source_bktree source_bktree source_bktree,0 10 2 2 19 13 20 20 21 22 22 32
177,MarineMicro_MvsM_4_dist,Synergy,CALP-ETG,sce2_synergy_run_0041,,,repeat_001,eval_run_0041_web_batch_20260611_140111,120,1.0,Win,78.0,,,synergy/sce2_synergy_run_0041/final_eval/eval_run_0041_web_batch_20260611_140111/repeats/repeat_001/episodes.jsonl,synergy/sce2_synergy_run_0041/final_eval/eval_run_0041_web_batch_20260611_140111/repeats/repeat_001/bktree,C:\Users\Binich\PycharmProjects\PredictionRTS\output\learner_results\all_data\fused_bktree_web_batch_20260612_153602_top100_anchor_no_replay\MarineMicro_MvsM_4_dist\bktree,12,12,0,0,0 10 2 2 19 39 20 38 21 22 22 32,0 312 662 662 26 193 778 711 552 337 337 651,source_bktree source_bktree source_bktree source_bktree source_bktree source_bktree source_bktree source_bktree source_bktree source_bktree source_bktree source_bktree,0 10 2 2 19 39 20 38 21 22 22 32
178,MarineMicro_MvsM_4_dist,Synergy,CALP-ETG,sce2_synergy_run_0041,,,repeat_001,eval_run_0041_web_batch_20260611_140111,119,1.0,Win,78.0,,,synergy/sce2_synergy_run_0041/final_eval/eval_run_0041_web_batch_20260611_140111/repeats/repeat_001/episodes.jsonl,synergy/sce2_synergy_run_0041/final_eval/eval_run_0041_web_batch_20260611_140111/repeats/repeat_001/bktree,C:\Users\Binich\PycharmProjects\PredictionRTS\output\learner_results\all_data\fused_bktree_web_batch_20260612_153602_top100_anchor_no_replay\MarineMicro_MvsM_4_dist\bktree,12,12,0,0,0 10 11 2 12 13 13 112 16 16 17 18,0 312 249 662 657 762 762 767 660 660 661 729,source_bktree source_bktree source_bktree source_bktree source_bktree source_bktree source_bktree source_bktree source_bktree source_bktree source_bktree source_bktree,0 10 11 2 12 13 13 112 16 16 17 18
179,MarineMicro_MvsM_4_dist,Synergy,CALP-ETG,sce2_synergy_run_0041,,,repeat_001,eval_run_0041_web_batch_20260611_140111,100,1.0,Win,78.0,,,synergy/sce2_synergy_run_0041/final_eval/eval_run_0041_web_batch_20260611_140111/repeats/repeat_001/episodes.jsonl,synergy/sce2_synergy_run_0041/final_eval/eval_run_0041_web_batch_20260611_140111/repeats/repeat_001/bktree,C:\Users\Binich\PycharmProjects\PredictionRTS\output\learner_results\all_data\fused_bktree_web_batch_20260612_153602_top100_anchor_no_replay\MarineMicro_MvsM_4_dist\bktree,12,12,0,0,0 10 2 2 19 39 20 38 21 22 22 32,0 312 662 662 26 193 778 711 552 337 337 651,source_bktree source_bktree source_bktree source_bktree source_bktree source_bktree source_bktree source_bktree source_bktree source_bktree source_bktree source_bktree,0 10 2 2 19 39 20 38 21 22 22 32
180,MarineMicro_MvsM_4_dist,Synergy,CALP-ETG,sce2_synergy_run_0041,,,repeat_001,eval_run_0041_web_batch_20260611_140111,97,1.0,Win,78.0,,,synergy/sce2_synergy_run_0041/final_eval/eval_run_0041_web_batch_20260611_140111/repeats/repeat_001/episodes.jsonl,synergy/sce2_synergy_run_0041/final_eval/eval_run_0041_web_batch_20260611_140111/repeats/repeat_001/bktree,C:\Users\Binich\PycharmProjects\PredictionRTS\output\learner_results\all_data\fused_bktree_web_batch_20260612_153602_top100_anchor_no_replay\MarineMicro_MvsM_4_dist\bktree,12,12,0,0,0 10 2 2 19 39 20 38 103 266 315 32,0 312 662 662 26 193 778 711 660 567 650 651,source_bktree source_bktree source_bktree source_bktree source_bktree source_bktree source_bktree source_bktree source_bktree source_bktree source_bktree source_bktree,0 10 2 2 19 39 20 38 103 266 315 32
181,MarineMicro_MvsM_4_dist,Synergy,CALP-ETG,sce2_synergy_run_0041,,,repeat_001,eval_run_0041_web_batch_20260611_140111,96,1.0,Win,78.0,,,synergy/sce2_synergy_run_0041/final_eval/eval_run_0041_web_batch_20260611_140111/repeats/repeat_001/episodes.jsonl,synergy/sce2_synergy_run_0041/final_eval/eval_run_0041_web_batch_20260611_140111/repeats/repeat_001/bktree,C:\Users\Binich\PycharmProjects\PredictionRTS\output\learner_results\all_data\fused_bktree_web_batch_20260612_153602_top100_anchor_no_replay\MarineMicro_MvsM_4_dist\bktree,12,12,0,0,0 89 312 312 167 90 313 91 92 314 314 94,0 33 697 697 713 15 715 583 677 766 766 557,source_bktree source_bktree source_bktree source_bktree source_bktree source_bktree source_bktree source_bktree source_bktree source_bktree source_bktree source_bktree,0 89 312 312 167 90 313 91 92 314 314 94
182,MarineMicro_MvsM_4_dist,Synergy,CALP-ETG,sce2_synergy_run_0041,,,repeat_001,eval_run_0041_web_batch_20260611_140111,81,1.0,Win,78.0,,,synergy/sce2_synergy_run_0041/final_eval/eval_run_0041_web_batch_20260611_140111/repeats/repeat_001/episodes.jsonl,synergy/sce2_synergy_run_0041/final_eval/eval_run_0041_web_batch_20260611_140111/repeats/repeat_001/bktree,C:\Users\Binich\PycharmProjects\PredictionRTS\output\learner_results\all_data\fused_bktree_web_batch_20260612_153602_top100_anchor_no_replay\MarineMicro_MvsM_4_dist\bktree,12,12,0,0,0 10 2 2 19 13 20 20 21 22 22 32,0 312 662 662 26 762 778 778 552 337 337 651,source_bktree source_bktree source_bktree source_bktree source_bktree source_bktree source_bktree source_bktree source_bktree source_bktree source_bktree source_bktree,0 10 2 2 19 13 20 20 21 22 22 32
183,MarineMicro_MvsM_4_dist,Synergy,CALP-ETG,sce2_synergy_run_0041,,,repeat_001,eval_run_0041_web_batch_20260611_140111,80,1.0,Win,78.0,,,synergy/sce2_synergy_run_0041/final_eval/eval_run_0041_web_batch_20260611_140111/repeats/repeat_001/episodes.jsonl,synergy/sce2_synergy_run_0041/final_eval/eval_run_0041_web_batch_20260611_140111/repeats/repeat_001/bktree,C:\Users\Binich\PycharmProjects\PredictionRTS\output\learner_results\all_data\fused_bktree_web_batch_20260612_153602_top100_anchor_no_replay\MarineMicro_MvsM_4_dist\bktree,12,12,0,0,0 10 2 2 12 149 102 70 16 16 72 148,0 312 662 662 657 801 653 642 660 660 337 655,source_bktree source_bktree source_bktree source_bktree source_bktree source_bktree source_bktree source_bktree source_bktree source_bktree source_bktree source_bktree,0 10 2 2 12 149 102 70 16 16 72 148
184,MarineMicro_MvsM_4_dist,Synergy,CALP-ETG,sce2_synergy_run_0041,,,repeat_001,eval_run_0041_web_batch_20260611_140111,79,1.0,Win,78.0,,,synergy/sce2_synergy_run_0041/final_eval/eval_run_0041_web_batch_20260611_140111/repeats/repeat_001/episodes.jsonl,synergy/sce2_synergy_run_0041/final_eval/eval_run_0041_web_batch_20260611_140111/repeats/repeat_001/bktree,C:\Users\Binich\PycharmProjects\PredictionRTS\output\learner_results\all_data\fused_bktree_web_batch_20260612_153602_top100_anchor_no_replay\MarineMicro_MvsM_4_dist\bktree,12,12,0,0,0 10 2 2 19 39 20 38 21 22 22 32,0 312 662 662 26 193 778 711 552 337 337 651,source_bktree source_bktree source_bktree source_bktree source_bktree source_bktree source_bktree source_bktree source_bktree source_bktree source_bktree source_bktree,0 10 2 2 19 39 20 38 21 22 22 32
185,MarineMicro_MvsM_4_dist,Synergy,CALP-ETG,sce2_synergy_run_0041,,,repeat_001,eval_run_0041_web_batch_20260611_140111,63,1.0,Win,78.0,,,synergy/sce2_synergy_run_0041/final_eval/eval_run_0041_web_batch_20260611_140111/repeats/repeat_001/episodes.jsonl,synergy/sce2_synergy_run_0041/final_eval/eval_run_0041_web_batch_20260611_140111/repeats/repeat_001/bktree,C:\Users\Binich\PycharmProjects\PredictionRTS\output\learner_results\all_data\fused_bktree_web_batch_20260612_153602_top100_anchor_no_replay\MarineMicro_MvsM_4_dist\bktree,12,12,0,0,0 10 11 78 79 39 20 38 42 82 82 83,0 312 249 745 783 193 778 711 775 696 696 651,source_bktree source_bktree source_bktree source_bktree source_bktree source_bktree source_bktree source_bktree source_bktree source_bktree source_bktree source_bktree,0 10 11 78 79 39 20 38 42 82 82 83
186,MarineMicro_MvsM_4_dist,Synergy,CALP-ETG,sce2_synergy_run_0041,,,repeat_001,eval_run_0041_web_batch_20260611_140111,60,1.0,Win,78.0,,,synergy/sce2_synergy_run_0041/final_eval/eval_run_0041_web_batch_20260611_140111/repeats/repeat_001/episodes.jsonl,synergy/sce2_synergy_run_0041/final_eval/eval_run_0041_web_batch_20260611_140111/repeats/repeat_001/bktree,C:\Users\Binich\PycharmProjects\PredictionRTS\output\learner_results\all_data\fused_bktree_web_batch_20260612_153602_top100_anchor_no_replay\MarineMicro_MvsM_4_dist\bktree,12,12,0,0,0 24 11 191 192 240 193 241 242 194 194 195,0 323 249 649 764 756 765 803 707 710 710 632,source_bktree source_bktree source_bktree source_bktree source_bktree source_bktree source_bktree source_bktree source_bktree source_bktree source_bktree source_bktree,0 24 11 191 192 240 193 241 242 194 194 195
187,MarineMicro_MvsM_4_dist,Synergy,CALP-ETG,sce2_synergy_run_0041,,,repeat_001,eval_run_0041_web_batch_20260611_140111,51,1.0,Win,78.0,,,synergy/sce2_synergy_run_0041/final_eval/eval_run_0041_web_batch_20260611_140111/repeats/repeat_001/episodes.jsonl,synergy/sce2_synergy_run_0041/final_eval/eval_run_0041_web_batch_20260611_140111/repeats/repeat_001/bktree,C:\Users\Binich\PycharmProjects\PredictionRTS\output\learner_results\all_data\fused_bktree_web_batch_20260612_153602_top100_anchor_no_replay\MarineMicro_MvsM_4_dist\bktree,12,12,0,0,0 24 2 2 204 13 14 15 16 17 154 18,0 323 662 662 26 762 768 628 660 661 623 729,source_bktree source_bktree source_bktree source_bktree source_bktree source_bktree source_bktree source_bktree source_bktree source_bktree source_bktree source_bktree,0 24 2 2 204 13 14 15 16 17 154 18
188,MarineMicro_MvsM_4_dist,Synergy,CALP-ETG,sce2_synergy_run_0041,,,repeat_001,eval_run_0041_web_batch_20260611_140111,32,1.0,Win,78.0,,,synergy/sce2_synergy_run_0041/final_eval/eval_run_0041_web_batch_20260611_140111/repeats/repeat_001/episodes.jsonl,synergy/sce2_synergy_run_0041/final_eval/eval_run_0041_web_batch_20260611_140111/repeats/repeat_001/bktree,C:\Users\Binich\PycharmProjects\PredictionRTS\output\learner_results\all_data\fused_bktree_web_batch_20260612_153602_top100_anchor_no_replay\MarineMicro_MvsM_4_dist\bktree,12,12,0,0,0 10 78 78 12 102 147 112 103 104 72 148,0 312 745 745 657 653 654 767 660 656 337 655,source_bktree source_bktree source_bktree source_bktree source_bktree source_bktree source_bktree source_bktree source_bktree source_bktree source_bktree source_bktree,0 10 78 78 12 102 147 112 103 104 72 148
189,MarineMicro_MvsM_4_dist,Synergy,CALP-ETG,sce2_synergy_run_0041,,,repeat_001,eval_run_0041_web_batch_20260611_140111,29,1.0,Win,78.0,,,synergy/sce2_synergy_run_0041/final_eval/eval_run_0041_web_batch_20260611_140111/repeats/repeat_001/episodes.jsonl,synergy/sce2_synergy_run_0041/final_eval/eval_run_0041_web_batch_20260611_140111/repeats/repeat_001/bktree,C:\Users\Binich\PycharmProjects\PredictionRTS\output\learner_results\all_data\fused_bktree_web_batch_20260612_153602_top100_anchor_no_replay\MarineMicro_MvsM_4_dist\bktree,12,12,0,0,0 1 2 2 19 4 4 38 138 138 22 32,0 22 662 662 26 15 15 711 631 631 337 651,source_bktree source_bktree source_bktree source_bktree source_bktree source_bktree source_bktree source_bktree source_bktree source_bktree source_bktree source_bktree,0 1 2 2 19 4 4 38 138 138 22 32
190,MarineMicro_MvsM_4_dist,Synergy,CALP-ETG,sce2_synergy_run_0041,,,repeat_001,eval_run_0041_web_batch_20260611_140111,27,1.0,Win,78.0,,,synergy/sce2_synergy_run_0041/final_eval/eval_run_0041_web_batch_20260611_140111/repeats/repeat_001/episodes.jsonl,synergy/sce2_synergy_run_0041/final_eval/eval_run_0041_web_batch_20260611_140111/repeats/repeat_001/bktree,C:\Users\Binich\PycharmProjects\PredictionRTS\output\learner_results\all_data\fused_bktree_web_batch_20260612_153602_top100_anchor_no_replay\MarineMicro_MvsM_4_dist\bktree,12,12,0,0,0 89 11 127 128 90 129 130 131 132 132 133,0 33 249 613 804 15 809 810 811 812 812 808,source_bktree source_bktree source_bktree source_bktree source_bktree source_bktree source_bktree source_bktree source_bktree source_bktree source_bktree source_bktree,0 89 11 127 128 90 129 130 131 132 132 133
191,MarineMicro_MvsM_4_dist,Synergy,CALP-ETG,sce2_synergy_run_0041,,,repeat_001,eval_run_0041_web_batch_20260611_140111,23,1.0,Win,78.0,,,synergy/sce2_synergy_run_0041/final_eval/eval_run_0041_web_batch_20260611_140111/repeats/repeat_001/episodes.jsonl,synergy/sce2_synergy_run_0041/final_eval/eval_run_0041_web_batch_20260611_140111/repeats/repeat_001/bktree,C:\Users\Binich\PycharmProjects\PredictionRTS\output\learner_results\all_data\fused_bktree_web_batch_20260612_153602_top100_anchor_no_replay\MarineMicro_MvsM_4_dist\bktree,12,12,0,0,0 10 11 2 19 13 14 84 103 104 82 83,0 312 249 662 26 762 768 689 660 656 696 651,source_bktree source_bktree source_bktree source_bktree source_bktree source_bktree source_bktree source_bktree source_bktree source_bktree source_bktree source_bktree,0 10 11 2 19 13 14 84 103 104 82 83
192,MarineMicro_MvsM_4_dist,Synergy,CALP-ETG,sce2_synergy_run_0041,,,repeat_001,eval_run_0041_web_batch_20260611_140111,19,1.0,Win,78.0,,,synergy/sce2_synergy_run_0041/final_eval/eval_run_0041_web_batch_20260611_140111/repeats/repeat_001/episodes.jsonl,synergy/sce2_synergy_run_0041/final_eval/eval_run_0041_web_batch_20260611_140111/repeats/repeat_001/bktree,C:\Users\Binich\PycharmProjects\PredictionRTS\output\learner_results\all_data\fused_bktree_web_batch_20260612_153602_top100_anchor_no_replay\MarineMicro_MvsM_4_dist\bktree,12,12,0,0,0 1 2 95 3 4 96 97 98 99 99 100,0 22 662 725 36 15 558 558 559 726 726 688,source_bktree source_bktree source_bktree source_bktree source_bktree source_bktree source_bktree source_bktree source_bktree source_bktree source_bktree source_bktree,0 1 2 95 3 4 96 97 98 99 99 100
193,MarineMicro_MvsM_4_dist,Synergy,CALP-ETG,sce2_synergy_run_0041,,,repeat_001,eval_run_0041_web_batch_20260611_140111,14,1.0,Win,78.0,,,synergy/sce2_synergy_run_0041/final_eval/eval_run_0041_web_batch_20260611_140111/repeats/repeat_001/episodes.jsonl,synergy/sce2_synergy_run_0041/final_eval/eval_run_0041_web_batch_20260611_140111/repeats/repeat_001/bktree,C:\Users\Binich\PycharmProjects\PredictionRTS\output\learner_results\all_data\fused_bktree_web_batch_20260612_153602_top100_anchor_no_replay\MarineMicro_MvsM_4_dist\bktree,12,12,0,0,0 10 11 78 79 56 20 80 81 82 82 83,0 312 249 745 783 652 778 711 698 696 696 651,source_bktree source_bktree source_bktree source_bktree source_bktree source_bktree source_bktree source_bktree source_bktree source_bktree source_bktree source_bktree,0 10 11 78 79 56 20 80 81 82 82 83
194,MarineMicro_MvsM_4_dist,Synergy,CALP-ETG,sce2_synergy_run_0041,,,repeat_001,eval_run_0041_web_batch_20260611_140111,7,1.0,Win,78.0,,,synergy/sce2_synergy_run_0041/final_eval/eval_run_0041_web_batch_20260611_140111/repeats/repeat_001/episodes.jsonl,synergy/sce2_synergy_run_0041/final_eval/eval_run_0041_web_batch_20260611_140111/repeats/repeat_001/bktree,C:\Users\Binich\PycharmProjects\PredictionRTS\output\learner_results\all_data\fused_bktree_web_batch_20260612_153602_top100_anchor_no_replay\MarineMicro_MvsM_4_dist\bktree,12,12,0,0,0 10 2 2 19 13 13 38 21 22 22 32,0 312 662 662 26 762 762 711 552 337 337 651,source_bktree source_bktree source_bktree source_bktree source_bktree source_bktree source_bktree source_bktree source_bktree source_bktree source_bktree source_bktree,0 10 2 2 19 13 13 38 21 22 22 32
195,MarineMicro_MvsM_4_dist,Synergy,CALP-ETG,sce2_synergy_run_0041,,,repeat_001,eval_run_0041_web_batch_20260611_140111,6,1.0,Win,78.0,,,synergy/sce2_synergy_run_0041/final_eval/eval_run_0041_web_batch_20260611_140111/repeats/repeat_001/episodes.jsonl,synergy/sce2_synergy_run_0041/final_eval/eval_run_0041_web_batch_20260611_140111/repeats/repeat_001/bktree,C:\Users\Binich\PycharmProjects\PredictionRTS\output\learner_results\all_data\fused_bktree_web_batch_20260612_153602_top100_anchor_no_replay\MarineMicro_MvsM_4_dist\bktree,12,12,0,0,0 24 2 2 19 33 33 34 35 35 36 37,0 323 662 662 26 15 15 548 735 735 569 674,source_bktree source_bktree source_bktree source_bktree source_bktree source_bktree source_bktree source_bktree source_bktree source_bktree source_bktree source_bktree,0 24 2 2 19 33 33 34 35 35 36 37
196,MarineMicro_MvsM_4_dist,Synergy,CALP-ETG,sce2_synergy_run_0041,,,repeat_001,eval_run_0041_web_batch_20260611_140111,5,1.0,Win,78.0,,,synergy/sce2_synergy_run_0041/final_eval/eval_run_0041_web_batch_20260611_140111/repeats/repeat_001/episodes.jsonl,synergy/sce2_synergy_run_0041/final_eval/eval_run_0041_web_batch_20260611_140111/repeats/repeat_001/bktree,C:\Users\Binich\PycharmProjects\PredictionRTS\output\learner_results\all_data\fused_bktree_web_batch_20260612_153602_top100_anchor_no_replay\MarineMicro_MvsM_4_dist\bktree,12,12,0,0,0 10 2 2 19 13 20 20 21 22 22 32,0 312 662 662 26 762 778 778 552 337 337 651,source_bktree source_bktree source_bktree source_bktree source_bktree source_bktree source_bktree source_bktree source_bktree source_bktree source_bktree source_bktree,0 10 2 2 19 13 20 20 21 22 22 32
197,MarineMicro_MvsM_4_dist,Synergy,CALP-ETG,sce2_synergy_run_0041,,,repeat_001,eval_run_0041_web_batch_20260611_140111,59,1.0,Win,78.0,,,synergy/sce2_synergy_run_0041/final_eval/eval_run_0041_web_batch_20260611_140111/repeats/repeat_001/episodes.jsonl,synergy/sce2_synergy_run_0041/final_eval/eval_run_0041_web_batch_20260611_140111/repeats/repeat_001/bktree,C:\Users\Binich\PycharmProjects\PredictionRTS\output\learner_results\all_data\fused_bktree_web_batch_20260612_153602_top100_anchor_no_replay\MarineMicro_MvsM_4_dist\bktree,13,13,0,0,0 89 2 173 128 237 237 184 238 238 239 239 133,0 33 662 712 804 714 714 805 806 806 807 807 808,source_bktree source_bktree source_bktree source_bktree source_bktree source_bktree source_bktree source_bktree source_bktree source_bktree source_bktree source_bktree source_bktree,0 89 2 173 128 237 237 184 238 238 239 239 133
198,MarineMicro_MvsM_4_dist,Synergy,CALP-ETG,sce2_synergy_run_0041,,,repeat_001,eval_run_0041_web_batch_20260611_140111,262,1.0,Win,75.0,,,synergy/sce2_synergy_run_0041/final_eval/eval_run_0041_web_batch_20260611_140111/repeats/repeat_001/episodes.jsonl,synergy/sce2_synergy_run_0041/final_eval/eval_run_0041_web_batch_20260611_140111/repeats/repeat_001/bktree,C:\Users\Binich\PycharmProjects\PredictionRTS\output\learner_results\all_data\fused_bktree_web_batch_20260612_153602_top100_anchor_no_replay\MarineMicro_MvsM_4_dist\bktree,12,12,0,0,0 10 2 2 19 56 111 38 103 189 189 23,0 312 662 662 26 652 680 711 660 656 656 554,source_bktree source_bktree source_bktree source_bktree source_bktree source_bktree source_bktree source_bktree source_bktree source_bktree source_bktree source_bktree,0 10 2 2 19 56 111 38 103 189 189 23
199,MarineMicro_MvsM_4_dist,Synergy,CALP-ETG,sce2_synergy_run_0041,,,repeat_001,eval_run_0041_web_batch_20260611_140111,272,1.0,Win,75.0,,,synergy/sce2_synergy_run_0041/final_eval/eval_run_0041_web_batch_20260611_140111/repeats/repeat_001/episodes.jsonl,synergy/sce2_synergy_run_0041/final_eval/eval_run_0041_web_batch_20260611_140111/repeats/repeat_001/bktree,C:\Users\Binich\PycharmProjects\PredictionRTS\output\learner_results\all_data\fused_bktree_web_batch_20260612_153602_top100_anchor_no_replay\MarineMicro_MvsM_4_dist\bktree,13,13,0,0,0 10 54 54 12 13 112 112 346 346 113 113 114,0 312 737 737 657 762 767 767 813 813 703 703 814,source_bktree source_bktree source_bktree source_bktree source_bktree source_bktree source_bktree source_bktree source_bktree source_bktree source_bktree source_bktree source_bktree,0 10 54 54 12 13 112 112 346 346 113 113 114
200,MarineMicro_MvsM_4_dist,QMIX,PyMARL,qmix_MarineMicro_MvsM_4_dist_train_run_0002,qmix_checkpoint_eval_20260527_sacred_1-12,qmix_MarineMicro_MvsM_4_dist_train_run_0002,,eval_8,77,,Win,63.0,20.0,True,pymarl/qmix_checkpoint_eval_20260527_sacred_1-12/qmix_MarineMicro_MvsM_4_dist_train_run_0002/evaluations/eval_8/bktree/node_log.txt,pymarl/qmix_checkpoint_eval_20260527_sacred_1-12/qmix_MarineMicro_MvsM_4_dist_train_run_0002/evaluations/eval_8/bktree,C:\Users\Binich\PycharmProjects\PredictionRTS\output\learner_results\all_data\fused_bktree_web_batch_20260612_153602_top100_anchor_no_replay\MarineMicro_MvsM_4_dist\bktree,15,15,0,0,0 1 12 13 14 14 15 15 145 145 17 66 18 68 271,0 1 12 13 14 14 15 15 145 145 17 66 18 68 271,source_bktree source_bktree source_bktree source_bktree source_bktree source_bktree source_bktree source_bktree source_bktree source_bktree source_bktree source_bktree source_bktree source_bktree source_bktree,0 1 12 13 14 14 15 15 145 145 17 66 18 68 271
201,MarineMicro_MvsM_4_dist,QMIX,PyMARL,qmix_MarineMicro_MvsM_4_dist_train_run_0002,qmix_checkpoint_eval_20260527_sacred_1-12,qmix_MarineMicro_MvsM_4_dist_train_run_0002,,eval_8,28,,Win,57.0,20.0,True,pymarl/qmix_checkpoint_eval_20260527_sacred_1-12/qmix_MarineMicro_MvsM_4_dist_train_run_0002/evaluations/eval_8/bktree/node_log.txt,pymarl/qmix_checkpoint_eval_20260527_sacred_1-12/qmix_MarineMicro_MvsM_4_dist_train_run_0002/evaluations/eval_8/bktree,C:\Users\Binich\PycharmProjects\PredictionRTS\output\learner_results\all_data\fused_bktree_web_batch_20260612_153602_top100_anchor_no_replay\MarineMicro_MvsM_4_dist\bktree,15,15,0,0,0 33 12 155 156 156 139 15 157 157 158 142 159 159 144,0 33 12 155 156 156 139 15 157 157 158 142 159 159 144,source_bktree source_bktree source_bktree source_bktree source_bktree source_bktree source_bktree source_bktree source_bktree source_bktree source_bktree source_bktree source_bktree source_bktree source_bktree,0 33 12 155 156 156 139 15 157 157 158 142 159 159 144
202,MarineMicro_MvsM_4_dist,QMIX,PyMARL,qmix_MarineMicro_MvsM_4_dist_train_run_0002,qmix_checkpoint_eval_20260527_sacred_1-12,qmix_MarineMicro_MvsM_4_dist_train_run_0002,,eval_8,24,,Win,57.0,20.0,True,pymarl/qmix_checkpoint_eval_20260527_sacred_1-12/qmix_MarineMicro_MvsM_4_dist_train_run_0002/evaluations/eval_8/bktree/node_log.txt,pymarl/qmix_checkpoint_eval_20260527_sacred_1-12/qmix_MarineMicro_MvsM_4_dist_train_run_0002/evaluations/eval_8/bktree,C:\Users\Binich\PycharmProjects\PredictionRTS\output\learner_results\all_data\fused_bktree_web_batch_20260612_153602_top100_anchor_no_replay\MarineMicro_MvsM_4_dist\bktree,18,18,0,0,0 33 12 138 42 42 139 15 120 140 141 141 142 142 143 143 47 144,0 33 12 138 42 42 139 15 120 140 141 141 142 142 143 143 47 144,source_bktree source_bktree source_bktree source_bktree source_bktree source_bktree source_bktree source_bktree source_bktree source_bktree source_bktree source_bktree source_bktree source_bktree source_bktree source_bktree source_bktree source_bktree,0 33 12 138 42 42 139 15 120 140 141 141 142 142 143 143 47 144
203,MarineMicro_MvsM_4_dist,QMIX,PyMARL,qmix_MarineMicro_MvsM_4_dist_train_run_0002,qmix_checkpoint_eval_20260527_sacred_1-12,qmix_MarineMicro_MvsM_4_dist_train_run_0002,,eval_8,65,,Win,57.0,20.0,True,pymarl/qmix_checkpoint_eval_20260527_sacred_1-12/qmix_MarineMicro_MvsM_4_dist_train_run_0002/evaluations/eval_8/bktree/node_log.txt,pymarl/qmix_checkpoint_eval_20260527_sacred_1-12/qmix_MarineMicro_MvsM_4_dist_train_run_0002/evaluations/eval_8/bktree,C:\Users\Binich\PycharmProjects\PredictionRTS\output\learner_results\all_data\fused_bktree_web_batch_20260612_153602_top100_anchor_no_replay\MarineMicro_MvsM_4_dist\bktree,18,18,0,0,0 33 249 249 42 42 15 15 140 141 250 251 142 143 143 47 47 144,0 33 249 249 42 42 15 15 140 141 250 251 142 143 143 47 47 144,source_bktree source_bktree source_bktree source_bktree source_bktree source_bktree source_bktree source_bktree source_bktree source_bktree source_bktree source_bktree source_bktree source_bktree source_bktree source_bktree source_bktree source_bktree,0 33 249 249 42 42 15 15 140 141 250 251 142 143 143 47 47 144
204,MarineMicro_MvsM_4_dist,QMIX,PyMARL,qmix_MarineMicro_MvsM_4_dist_train_run_0002,qmix_checkpoint_eval_20260527_sacred_1-12,qmix_MarineMicro_MvsM_4_dist_train_run_0002,,eval_8,47,,Win,54.0,20.0,True,pymarl/qmix_checkpoint_eval_20260527_sacred_1-12/qmix_MarineMicro_MvsM_4_dist_train_run_0002/evaluations/eval_8/bktree/node_log.txt,pymarl/qmix_checkpoint_eval_20260527_sacred_1-12/qmix_MarineMicro_MvsM_4_dist_train_run_0002/evaluations/eval_8/bktree,C:\Users\Binich\PycharmProjects\PredictionRTS\output\learner_results\all_data\fused_bktree_web_batch_20260612_153602_top100_anchor_no_replay\MarineMicro_MvsM_4_dist\bktree,15,15,0,0,0 33 94 155 156 156 139 139 145 145 158 154 159 159 209,0 33 94 155 156 156 139 139 145 145 158 154 159 159 209,source_bktree source_bktree source_bktree source_bktree source_bktree source_bktree source_bktree source_bktree source_bktree source_bktree source_bktree source_bktree source_bktree source_bktree source_bktree,0 33 94 155 156 156 139 139 145 145 158 154 159 159 209
205,MarineMicro_MvsM_4_dist,QMIX,PyMARL,qmix_MarineMicro_MvsM_4_dist_train_run_0002,qmix_checkpoint_eval_20260527_sacred_1-12,qmix_MarineMicro_MvsM_4_dist_train_run_0002,,eval_8,57,,Win,54.0,20.0,True,pymarl/qmix_checkpoint_eval_20260527_sacred_1-12/qmix_MarineMicro_MvsM_4_dist_train_run_0002/evaluations/eval_8/bktree/node_log.txt,pymarl/qmix_checkpoint_eval_20260527_sacred_1-12/qmix_MarineMicro_MvsM_4_dist_train_run_0002/evaluations/eval_8/bktree,C:\Users\Binich\PycharmProjects\PredictionRTS\output\learner_results\all_data\fused_bktree_web_batch_20260612_153602_top100_anchor_no_replay\MarineMicro_MvsM_4_dist\bktree,16,16,0,0,0 1 13 13 14 14 15 15 145 145 224 159 18 19 19 21,0 1 13 13 14 14 15 15 145 145 224 159 18 19 19 21,source_bktree source_bktree source_bktree source_bktree source_bktree source_bktree source_bktree source_bktree source_bktree source_bktree source_bktree source_bktree source_bktree source_bktree source_bktree source_bktree,0 1 13 13 14 14 15 15 145 145 224 159 18 19 19 21
206,MarineMicro_MvsM_4_dist,QMIX,PyMARL,qmix_MarineMicro_MvsM_4_dist_train_run_0002,qmix_checkpoint_eval_20260527_sacred_1-12,qmix_MarineMicro_MvsM_4_dist_train_run_0002,,eval_8,42,,Win,51.0,20.0,True,pymarl/qmix_checkpoint_eval_20260527_sacred_1-12/qmix_MarineMicro_MvsM_4_dist_train_run_0002/evaluations/eval_8/bktree/node_log.txt,pymarl/qmix_checkpoint_eval_20260527_sacred_1-12/qmix_MarineMicro_MvsM_4_dist_train_run_0002/evaluations/eval_8/bktree,C:\Users\Binich\PycharmProjects\PredictionRTS\output\learner_results\all_data\fused_bktree_web_batch_20260612_153602_top100_anchor_no_replay\MarineMicro_MvsM_4_dist\bktree,15,15,0,0,0 1 12 13 147 192 119 193 145 65 17 18 18 19 113,0 1 12 13 147 192 119 193 145 65 17 18 18 19 113,source_bktree source_bktree source_bktree source_bktree source_bktree source_bktree source_bktree source_bktree source_bktree source_bktree source_bktree source_bktree source_bktree source_bktree source_bktree,0 1 12 13 147 192 119 193 145 65 17 18 18 19 113
207,MarineMicro_MvsM_4_dist,QMIX,PyMARL,qmix_MarineMicro_MvsM_4_dist_train_run_0002,qmix_checkpoint_eval_20260527_sacred_1-12,qmix_MarineMicro_MvsM_4_dist_train_run_0002,,eval_8,54,,Win,51.0,20.0,True,pymarl/qmix_checkpoint_eval_20260527_sacred_1-12/qmix_MarineMicro_MvsM_4_dist_train_run_0002/evaluations/eval_8/bktree/node_log.txt,pymarl/qmix_checkpoint_eval_20260527_sacred_1-12/qmix_MarineMicro_MvsM_4_dist_train_run_0002/evaluations/eval_8/bktree,C:\Users\Binich\PycharmProjects\PredictionRTS\output\learner_results\all_data\fused_bktree_web_batch_20260612_153602_top100_anchor_no_replay\MarineMicro_MvsM_4_dist\bktree,15,15,0,0,0 33 69 138 105 42 217 217 218 218 168 142 159 213 11,0 33 69 138 105 42 217 217 218 218 168 142 159 213 11,source_bktree source_bktree source_bktree source_bktree source_bktree source_bktree source_bktree source_bktree source_bktree source_bktree source_bktree source_bktree source_bktree source_bktree source_bktree,0 33 69 138 105 42 217 217 218 218 168 142 159 213 11
208,MarineMicro_MvsM_4_dist,QMIX,PyMARL,qmix_MarineMicro_MvsM_4_dist_train_run_0002,qmix_checkpoint_eval_20260527_sacred_1-12,qmix_MarineMicro_MvsM_4_dist_train_run_0002,,eval_8,74,,Win,51.0,20.0,True,pymarl/qmix_checkpoint_eval_20260527_sacred_1-12/qmix_MarineMicro_MvsM_4_dist_train_run_0002/evaluations/eval_8/bktree/node_log.txt,pymarl/qmix_checkpoint_eval_20260527_sacred_1-12/qmix_MarineMicro_MvsM_4_dist_train_run_0002/evaluations/eval_8/bktree,C:\Users\Binich\PycharmProjects\PredictionRTS\output\learner_results\all_data\fused_bktree_web_batch_20260612_153602_top100_anchor_no_replay\MarineMicro_MvsM_4_dist\bktree,15,15,0,0,0 1 22 24 25 25 27 27 268 127 179 215 269 269 32,0 1 22 24 25 25 27 27 268 127 179 215 269 269 32,source_bktree source_bktree source_bktree source_bktree source_bktree source_bktree source_bktree source_bktree source_bktree source_bktree source_bktree source_bktree source_bktree source_bktree source_bktree,0 1 22 24 25 25 27 27 268 127 179 215 269 269 32
209,MarineMicro_MvsM_4_dist,QMIX,PyMARL,qmix_MarineMicro_MvsM_4_dist_train_run_0002,qmix_checkpoint_eval_20260527_sacred_1-12,qmix_MarineMicro_MvsM_4_dist_train_run_0002,,eval_8,9,,Win,51.0,20.0,True,pymarl/qmix_checkpoint_eval_20260527_sacred_1-12/qmix_MarineMicro_MvsM_4_dist_train_run_0002/evaluations/eval_8/bktree/node_log.txt,pymarl/qmix_checkpoint_eval_20260527_sacred_1-12/qmix_MarineMicro_MvsM_4_dist_train_run_0002/evaluations/eval_8/bktree,C:\Users\Binich\PycharmProjects\PredictionRTS\output\learner_results\all_data\fused_bktree_web_batch_20260612_153602_top100_anchor_no_replay\MarineMicro_MvsM_4_dist\bktree,16,16,0,0,0 1 12 13 14 14 15 15 16 65 17 66 67 19 68 32,0 1 12 13 14 14 15 15 16 65 17 66 67 19 68 32,source_bktree source_bktree source_bktree source_bktree source_bktree source_bktree source_bktree source_bktree source_bktree source_bktree source_bktree source_bktree source_bktree source_bktree source_bktree source_bktree,0 1 12 13 14 14 15 15 16 65 17 66 67 19 68 32
210,MarineMicro_MvsM_4_dist,QMIX,PyMARL,qmix_MarineMicro_MvsM_4_dist_train_run_0002,qmix_checkpoint_eval_20260527_sacred_1-12,qmix_MarineMicro_MvsM_4_dist_train_run_0002,,eval_8,33,,Win,51.0,20.0,True,pymarl/qmix_checkpoint_eval_20260527_sacred_1-12/qmix_MarineMicro_MvsM_4_dist_train_run_0002/evaluations/eval_8/bktree/node_log.txt,pymarl/qmix_checkpoint_eval_20260527_sacred_1-12/qmix_MarineMicro_MvsM_4_dist_train_run_0002/evaluations/eval_8/bktree,C:\Users\Binich\PycharmProjects\PredictionRTS\output\learner_results\all_data\fused_bktree_web_batch_20260612_153602_top100_anchor_no_replay\MarineMicro_MvsM_4_dist\bktree,16,16,0,0,0 33 69 138 42 105 165 165 157 166 167 168 168 143 47 11,0 33 69 138 42 105 165 165 157 166 167 168 168 143 47 11,source_bktree source_bktree source_bktree source_bktree source_bktree source_bktree source_bktree source_bktree source_bktree source_bktree source_bktree source_bktree source_bktree source_bktree source_bktree source_bktree,0 33 69 138 42 105 165 165 157 166 167 168 168 143 47 11
211,MarineMicro_MvsM_4_dist,QMIX,PyMARL,qmix_MarineMicro_MvsM_4_dist_train_run_0002,qmix_checkpoint_eval_20260527_sacred_1-12,qmix_MarineMicro_MvsM_4_dist_train_run_0002,,eval_8,37,,Win,51.0,20.0,True,pymarl/qmix_checkpoint_eval_20260527_sacred_1-12/qmix_MarineMicro_MvsM_4_dist_train_run_0002/evaluations/eval_8/bktree/node_log.txt,pymarl/qmix_checkpoint_eval_20260527_sacred_1-12/qmix_MarineMicro_MvsM_4_dist_train_run_0002/evaluations/eval_8/bktree,C:\Users\Binich\PycharmProjects\PredictionRTS\output\learner_results\all_data\fused_bktree_web_batch_20260612_153602_top100_anchor_no_replay\MarineMicro_MvsM_4_dist\bktree,16,16,0,0,0 22 22 24 25 25 178 15 5 126 127 179 91 143 47 32,0 22 22 24 25 25 178 15 5 126 127 179 91 143 47 32,source_bktree source_bktree source_bktree source_bktree source_bktree source_bktree source_bktree source_bktree source_bktree source_bktree source_bktree source_bktree source_bktree source_bktree source_bktree source_bktree,0 22 22 24 25 25 178 15 5 126 127 179 91 143 47 32
212,MarineMicro_MvsM_4_dist,QMIX,PyMARL,qmix_MarineMicro_MvsM_4_dist_train_run_0002,qmix_checkpoint_eval_20260527_sacred_1-12,qmix_MarineMicro_MvsM_4_dist_train_run_0002,,eval_8,56,,Win,51.0,20.0,True,pymarl/qmix_checkpoint_eval_20260527_sacred_1-12/qmix_MarineMicro_MvsM_4_dist_train_run_0002/evaluations/eval_8/bktree/node_log.txt,pymarl/qmix_checkpoint_eval_20260527_sacred_1-12/qmix_MarineMicro_MvsM_4_dist_train_run_0002/evaluations/eval_8/bktree,C:\Users\Binich\PycharmProjects\PredictionRTS\output\learner_results\all_data\fused_bktree_web_batch_20260612_153602_top100_anchor_no_replay\MarineMicro_MvsM_4_dist\bktree,16,16,0,0,0 1 12 13 192 14 119 15 223 145 65 67 18 213 68 11,0 1 12 13 192 14 119 15 223 145 65 67 18 213 68 11,source_bktree source_bktree source_bktree source_bktree source_bktree source_bktree source_bktree source_bktree source_bktree source_bktree source_bktree source_bktree source_bktree source_bktree source_bktree source_bktree,0 1 12 13 192 14 119 15 223 145 65 67 18 213 68 11
213,MarineMicro_MvsM_4_dist,QMIX,PyMARL,qmix_MarineMicro_MvsM_4_dist_train_run_0002,qmix_checkpoint_eval_20260527_sacred_1-12,qmix_MarineMicro_MvsM_4_dist_train_run_0002,,eval_8,66,,Win,51.0,20.0,True,pymarl/qmix_checkpoint_eval_20260527_sacred_1-12/qmix_MarineMicro_MvsM_4_dist_train_run_0002/evaluations/eval_8/bktree/node_log.txt,pymarl/qmix_checkpoint_eval_20260527_sacred_1-12/qmix_MarineMicro_MvsM_4_dist_train_run_0002/evaluations/eval_8/bktree,C:\Users\Binich\PycharmProjects\PredictionRTS\output\learner_results\all_data\fused_bktree_web_batch_20260612_153602_top100_anchor_no_replay\MarineMicro_MvsM_4_dist\bktree,16,16,0,0,0 22 22 239 36 36 37 119 145 16 252 253 253 19 19 32,0 22 22 239 36 36 37 119 145 16 252 253 253 19 19 32,source_bktree source_bktree source_bktree source_bktree source_bktree source_bktree source_bktree source_bktree source_bktree source_bktree source_bktree source_bktree source_bktree source_bktree source_bktree source_bktree,0 22 22 239 36 36 37 119 145 16 252 253 253 19 19 32
214,MarineMicro_MvsM_4_dist,QMIX,PyMARL,qmix_MarineMicro_MvsM_4_dist_train_run_0002,qmix_checkpoint_eval_20260527_sacred_1-12,qmix_MarineMicro_MvsM_4_dist_train_run_0002,,eval_8,72,,Win,51.0,20.0,True,pymarl/qmix_checkpoint_eval_20260527_sacred_1-12/qmix_MarineMicro_MvsM_4_dist_train_run_0002/evaluations/eval_8/bktree/node_log.txt,pymarl/qmix_checkpoint_eval_20260527_sacred_1-12/qmix_MarineMicro_MvsM_4_dist_train_run_0002/evaluations/eval_8/bktree,C:\Users\Binich\PycharmProjects\PredictionRTS\output\learner_results\all_data\fused_bktree_web_batch_20260612_153602_top100_anchor_no_replay\MarineMicro_MvsM_4_dist\bktree,16,16,0,0,0 1 1 13 14 14 15 15 145 16 17 17 18 213 10 11,0 1 1 13 14 14 15 15 145 16 17 17 18 213 10 11,source_bktree source_bktree source_bktree source_bktree source_bktree source_bktree source_bktree source_bktree source_bktree source_bktree source_bktree source_bktree source_bktree source_bktree source_bktree source_bktree,0 1 1 13 14 14 15 15 145 16 17 17 18 213 10 11
215,MarineMicro_MvsM_4_dist,QMIX,PyMARL,qmix_MarineMicro_MvsM_4_dist_train_run_0002,qmix_checkpoint_eval_20260527_sacred_1-12,qmix_MarineMicro_MvsM_4_dist_train_run_0002,,eval_8,87,,Win,51.0,20.0,True,pymarl/qmix_checkpoint_eval_20260527_sacred_1-12/qmix_MarineMicro_MvsM_4_dist_train_run_0002/evaluations/eval_8/bktree/node_log.txt,pymarl/qmix_checkpoint_eval_20260527_sacred_1-12/qmix_MarineMicro_MvsM_4_dist_train_run_0002/evaluations/eval_8/bktree,C:\Users\Binich\PycharmProjects\PredictionRTS\output\learner_results\all_data\fused_bktree_web_batch_20260612_153602_top100_anchor_no_replay\MarineMicro_MvsM_4_dist\bktree,16,16,0,0,0 1 41 41 152 42 43 292 5 126 215 46 112 68 47 11,0 1 41 41 152 42 43 292 5 126 215 46 112 68 47 11,source_bktree source_bktree source_bktree source_bktree source_bktree source_bktree source_bktree source_bktree source_bktree source_bktree source_bktree source_bktree source_bktree source_bktree source_bktree source_bktree,0 1 41 41 152 42 43 292 5 126 215 46 112 68 47 11
216,MarineMicro_MvsM_4_dist,QMIX,PyMARL,qmix_MarineMicro_MvsM_4_dist_train_run_0002,qmix_checkpoint_eval_20260527_sacred_1-12,qmix_MarineMicro_MvsM_4_dist_train_run_0002,,eval_8,90,,Win,51.0,20.0,True,pymarl/qmix_checkpoint_eval_20260527_sacred_1-12/qmix_MarineMicro_MvsM_4_dist_train_run_0002/evaluations/eval_8/bktree/node_log.txt,pymarl/qmix_checkpoint_eval_20260527_sacred_1-12/qmix_MarineMicro_MvsM_4_dist_train_run_0002/evaluations/eval_8/bktree,C:\Users\Binich\PycharmProjects\PredictionRTS\output\learner_results\all_data\fused_bktree_web_batch_20260612_153602_top100_anchor_no_replay\MarineMicro_MvsM_4_dist\bktree,16,16,0,0,0 1 12 13 14 14 15 15 145 145 17 17 18 213 19 113,0 1 12 13 14 14 15 15 145 145 17 17 18 213 19 113,source_bktree source_bktree source_bktree source_bktree source_bktree source_bktree source_bktree source_bktree source_bktree source_bktree source_bktree source_bktree source_bktree source_bktree source_bktree source_bktree,0 1 12 13 14 14 15 15 145 145 17 17 18 213 19 113
217,MarineMicro_MvsM_4_dist,QMIX,PyMARL,qmix_MarineMicro_MvsM_4_dist_train_run_0002,qmix_checkpoint_eval_20260527_sacred_1-12,qmix_MarineMicro_MvsM_4_dist_train_run_0002,,eval_8,92,,Win,51.0,20.0,True,pymarl/qmix_checkpoint_eval_20260527_sacred_1-12/qmix_MarineMicro_MvsM_4_dist_train_run_0002/evaluations/eval_8/bktree/node_log.txt,pymarl/qmix_checkpoint_eval_20260527_sacred_1-12/qmix_MarineMicro_MvsM_4_dist_train_run_0002/evaluations/eval_8/bktree,C:\Users\Binich\PycharmProjects\PredictionRTS\output\learner_results\all_data\fused_bktree_web_batch_20260612_153602_top100_anchor_no_replay\MarineMicro_MvsM_4_dist\bktree,16,16,0,0,0 33 52 52 53 105 37 37 281 278 252 297 18 19 298 32,0 33 52 52 53 105 37 37 281 278 252 297 18 19 298 32,source_bktree source_bktree source_bktree source_bktree source_bktree source_bktree source_bktree source_bktree source_bktree source_bktree source_bktree source_bktree source_bktree source_bktree source_bktree source_bktree,0 33 52 52 53 105 37 37 281 278 252 297 18 19 298 32
218,MarineMicro_MvsM_4_dist,QMIX,PyMARL,qmix_MarineMicro_MvsM_4_dist_train_run_0002,qmix_checkpoint_eval_20260527_sacred_1-12,qmix_MarineMicro_MvsM_4_dist_train_run_0002,,eval_8,12,,Win,51.0,20.0,True,pymarl/qmix_checkpoint_eval_20260527_sacred_1-12/qmix_MarineMicro_MvsM_4_dist_train_run_0002/evaluations/eval_8/bktree/node_log.txt,pymarl/qmix_checkpoint_eval_20260527_sacred_1-12/qmix_MarineMicro_MvsM_4_dist_train_run_0002/evaluations/eval_8/bktree,C:\Users\Binich\PycharmProjects\PredictionRTS\output\learner_results\all_data\fused_bktree_web_batch_20260612_153602_top100_anchor_no_replay\MarineMicro_MvsM_4_dist\bktree,17,17,0,0,0 22 22 24 36 36 80 81 16 16 82 83 18 19 19 19 32,0 22 22 24 36 36 80 81 16 16 82 83 18 19 19 19 32,source_bktree source_bktree source_bktree source_bktree source_bktree source_bktree source_bktree source_bktree source_bktree source_bktree source_bktree source_bktree source_bktree source_bktree source_bktree source_bktree source_bktree,0 22 22 24 36 36 80 81 16 16 82 83 18 19 19 19 32
219,MarineMicro_MvsM_4_dist,QMIX,PyMARL,qmix_MarineMicro_MvsM_4_dist_train_run_0002,qmix_checkpoint_eval_20260527_sacred_1-12,qmix_MarineMicro_MvsM_4_dist_train_run_0002,,eval_8,89,,Win,51.0,20.0,True,pymarl/qmix_checkpoint_eval_20260527_sacred_1-12/qmix_MarineMicro_MvsM_4_dist_train_run_0002/evaluations/eval_8/bktree/node_log.txt,pymarl/qmix_checkpoint_eval_20260527_sacred_1-12/qmix_MarineMicro_MvsM_4_dist_train_run_0002/evaluations/eval_8/bktree,C:\Users\Binich\PycharmProjects\PredictionRTS\output\learner_results\all_data\fused_bktree_web_batch_20260612_153602_top100_anchor_no_replay\MarineMicro_MvsM_4_dist\bktree,17,17,0,0,0 1 23 41 42 105 43 43 44 44 266 46 46 31 143 47 32,0 1 23 41 42 105 43 43 44 44 266 46 46 31 143 47 32,source_bktree source_bktree source_bktree source_bktree source_bktree source_bktree source_bktree source_bktree source_bktree source_bktree source_bktree source_bktree source_bktree source_bktree source_bktree source_bktree source_bktree,0 1 23 41 42 105 43 43 44 44 266 46 46 31 143 47 32
220,MarineMicro_MvsM_4_dist,QMIX,PyMARL,qmix_MarineMicro_MvsM_4_dist_train_run_0002,qmix_checkpoint_eval_20260527_sacred_1-12,qmix_MarineMicro_MvsM_4_dist_train_run_0002,,eval_8,98,,Win,51.0,20.0,True,pymarl/qmix_checkpoint_eval_20260527_sacred_1-12/qmix_MarineMicro_MvsM_4_dist_train_run_0002/evaluations/eval_8/bktree/node_log.txt,pymarl/qmix_checkpoint_eval_20260527_sacred_1-12/qmix_MarineMicro_MvsM_4_dist_train_run_0002/evaluations/eval_8/bktree,C:\Users\Binich\PycharmProjects\PredictionRTS\output\learner_results\all_data\fused_bktree_web_batch_20260612_153602_top100_anchor_no_replay\MarineMicro_MvsM_4_dist\bktree,17,17,0,0,0 33 33 138 105 105 139 139 140 140 140 141 305 306 143 31 32,0 33 33 138 105 105 139 139 140 140 140 141 305 306 143 31 32,source_bktree source_bktree source_bktree source_bktree source_bktree source_bktree source_bktree source_bktree source_bktree source_bktree source_bktree source_bktree source_bktree source_bktree source_bktree source_bktree source_bktree,0 33 33 138 105 105 139 139 140 140 140 141 305 306 143 31 32
221,MarineMicro_MvsM_4_dist,QMIX,PyMARL,qmix_MarineMicro_MvsM_4_dist_train_run_0002,qmix_checkpoint_eval_20260527_sacred_1-12,qmix_MarineMicro_MvsM_4_dist_train_run_0002,,eval_8,68,,Win,48.0,20.0,True,pymarl/qmix_checkpoint_eval_20260527_sacred_1-12/qmix_MarineMicro_MvsM_4_dist_train_run_0002/evaluations/eval_8/bktree/node_log.txt,pymarl/qmix_checkpoint_eval_20260527_sacred_1-12/qmix_MarineMicro_MvsM_4_dist_train_run_0002/evaluations/eval_8/bktree,C:\Users\Binich\PycharmProjects\PredictionRTS\output\learner_results\all_data\fused_bktree_web_batch_20260612_153602_top100_anchor_no_replay\MarineMicro_MvsM_4_dist\bktree,16,16,0,0,0 1 12 13 14 14 15 15 145 145 17 66 162 19 20 21,0 1 12 13 14 14 15 15 145 145 17 66 162 19 20 21,source_bktree source_bktree source_bktree source_bktree source_bktree source_bktree source_bktree source_bktree source_bktree source_bktree source_bktree source_bktree source_bktree source_bktree source_bktree source_bktree,0 1 12 13 14 14 15 15 145 145 17 66 162 19 20 21
222,MarineMicro_MvsM_4_dist,QMIX,PyMARL,qmix_MarineMicro_MvsM_4_dist_train_run_0002,qmix_checkpoint_eval_20260527_sacred_1-12,qmix_MarineMicro_MvsM_4_dist_train_run_0002,,eval_8,95,,Win,48.0,20.0,True,pymarl/qmix_checkpoint_eval_20260527_sacred_1-12/qmix_MarineMicro_MvsM_4_dist_train_run_0002/evaluations/eval_8/bktree/node_log.txt,pymarl/qmix_checkpoint_eval_20260527_sacred_1-12/qmix_MarineMicro_MvsM_4_dist_train_run_0002/evaluations/eval_8/bktree,C:\Users\Binich\PycharmProjects\PredictionRTS\output\learner_results\all_data\fused_bktree_web_batch_20260612_153602_top100_anchor_no_replay\MarineMicro_MvsM_4_dist\bktree,16,16,0,0,0 1 22 24 53 36 80 80 180 301 17 206 228 228 149 21,0 1 22 24 53 36 80 80 180 301 17 206 228 228 149 21,source_bktree source_bktree source_bktree source_bktree source_bktree source_bktree source_bktree source_bktree source_bktree source_bktree source_bktree source_bktree source_bktree source_bktree source_bktree source_bktree,0 1 22 24 53 36 80 80 180 301 17 206 228 228 149 21
223,MarineMicro_MvsM_4_dist,QMIX,PyMARL,qmix_MarineMicro_MvsM_4_dist_train_run_0002,qmix_checkpoint_eval_20260527_sacred_1-12,qmix_MarineMicro_MvsM_4_dist_train_run_0002,,eval_8,94,,Win,45.0,20.0,True,pymarl/qmix_checkpoint_eval_20260527_sacred_1-12/qmix_MarineMicro_MvsM_4_dist_train_run_0002/evaluations/eval_8/bktree/node_log.txt,pymarl/qmix_checkpoint_eval_20260527_sacred_1-12/qmix_MarineMicro_MvsM_4_dist_train_run_0002/evaluations/eval_8/bktree,C:\Users\Binich\PycharmProjects\PredictionRTS\output\learner_results\all_data\fused_bktree_web_batch_20260612_153602_top100_anchor_no_replay\MarineMicro_MvsM_4_dist\bktree,15,15,0,0,0 1 94 155 118 118 119 119 295 295 296 78 159 10 11,0 1 94 155 118 118 119 119 295 295 296 78 159 10 11,source_bktree source_bktree source_bktree source_bktree source_bktree source_bktree source_bktree source_bktree source_bktree source_bktree source_bktree source_bktree source_bktree source_bktree source_bktree,0 1 94 155 118 118 119 119 295 295 296 78 159 10 11
224,MarineMicro_MvsM_4_dist,QMIX,PyMARL,qmix_MarineMicro_MvsM_4_dist_train_run_0002,qmix_checkpoint_eval_20260527_sacred_1-12,qmix_MarineMicro_MvsM_4_dist_train_run_0002,,eval_8,5,,Win,45.0,20.0,True,pymarl/qmix_checkpoint_eval_20260527_sacred_1-12/qmix_MarineMicro_MvsM_4_dist_train_run_0002/evaluations/eval_8/bktree/node_log.txt,pymarl/qmix_checkpoint_eval_20260527_sacred_1-12/qmix_MarineMicro_MvsM_4_dist_train_run_0002/evaluations/eval_8/bktree,C:\Users\Binich\PycharmProjects\PredictionRTS\output\learner_results\all_data\fused_bktree_web_batch_20260612_153602_top100_anchor_no_replay\MarineMicro_MvsM_4_dist\bktree,16,16,0,0,0 1 23 41 42 42 43 43 44 45 39 46 46 31 47 32,0 1 23 41 42 42 43 43 44 45 39 46 46 31 47 32,source_bktree source_bktree source_bktree source_bktree source_bktree source_bktree source_bktree source_bktree source_bktree source_bktree source_bktree source_bktree source_bktree source_bktree source_bktree source_bktree,0 1 23 41 42 42 43 43 44 45 39 46 46 31 47 32
225,MarineMicro_MvsM_4_dist,QMIX,PyMARL,qmix_MarineMicro_MvsM_4_dist_train_run_0002,qmix_checkpoint_eval_20260527_sacred_1-12,qmix_MarineMicro_MvsM_4_dist_train_run_0002,,eval_8,17,,Win,45.0,20.0,True,pymarl/qmix_checkpoint_eval_20260527_sacred_1-12/qmix_MarineMicro_MvsM_4_dist_train_run_0002/evaluations/eval_8/bktree/node_log.txt,pymarl/qmix_checkpoint_eval_20260527_sacred_1-12/qmix_MarineMicro_MvsM_4_dist_train_run_0002/evaluations/eval_8/bktree,C:\Users\Binich\PycharmProjects\PredictionRTS\output\learner_results\all_data\fused_bktree_web_batch_20260612_153602_top100_anchor_no_replay\MarineMicro_MvsM_4_dist\bktree,16,16,0,0,0 1 13 13 14 14 15 15 16 16 17 17 114 19 19 32,0 1 13 13 14 14 15 15 16 16 17 17 114 19 19 32,source_bktree source_bktree source_bktree source_bktree source_bktree source_bktree source_bktree source_bktree source_bktree source_bktree source_bktree source_bktree source_bktree source_bktree source_bktree source_bktree,0 1 13 13 14 14 15 15 16 16 17 17 114 19 19 32
226,MarineMicro_MvsM_4_dist,QMIX,PyMARL,qmix_MarineMicro_MvsM_4_dist_train_run_0002,qmix_checkpoint_eval_20260527_sacred_1-12,qmix_MarineMicro_MvsM_4_dist_train_run_0002,,eval_8,18,,Win,45.0,20.0,True,pymarl/qmix_checkpoint_eval_20260527_sacred_1-12/qmix_MarineMicro_MvsM_4_dist_train_run_0002/evaluations/eval_8/bktree/node_log.txt,pymarl/qmix_checkpoint_eval_20260527_sacred_1-12/qmix_MarineMicro_MvsM_4_dist_train_run_0002/evaluations/eval_8/bktree,C:\Users\Binich\PycharmProjects\PredictionRTS\output\learner_results\all_data\fused_bktree_web_batch_20260612_153602_top100_anchor_no_replay\MarineMicro_MvsM_4_dist\bktree,16,16,0,0,0 1 22 24 53 36 54 115 110 116 116 114 112 117 117 32,0 1 22 24 53 36 54 115 110 116 116 114 112 117 117 32,source_bktree source_bktree source_bktree source_bktree source_bktree source_bktree source_bktree source_bktree source_bktree source_bktree source_bktree source_bktree source_bktree source_bktree source_bktree source_bktree,0 1 22 24 53 36 54 115 110 116 116 114 112 117 117 32
227,MarineMicro_MvsM_4_dist,QMIX,PyMARL,qmix_MarineMicro_MvsM_4_dist_train_run_0002,qmix_checkpoint_eval_20260527_sacred_1-12,qmix_MarineMicro_MvsM_4_dist_train_run_0002,,eval_8,32,,Win,45.0,20.0,True,pymarl/qmix_checkpoint_eval_20260527_sacred_1-12/qmix_MarineMicro_MvsM_4_dist_train_run_0002/evaluations/eval_8/bktree/node_log.txt,pymarl/qmix_checkpoint_eval_20260527_sacred_1-12/qmix_MarineMicro_MvsM_4_dist_train_run_0002/evaluations/eval_8/bktree,C:\Users\Binich\PycharmProjects\PredictionRTS\output\learner_results\all_data\fused_bktree_web_batch_20260612_153602_top100_anchor_no_replay\MarineMicro_MvsM_4_dist\bktree,16,16,0,0,0 22 22 24 26 26 164 164 110 110 116 46 112 31 47 32,0 22 22 24 26 26 164 164 110 110 116 46 112 31 47 32,source_bktree source_bktree source_bktree source_bktree source_bktree source_bktree source_bktree source_bktree source_bktree source_bktree source_bktree source_bktree source_bktree source_bktree source_bktree source_bktree,0 22 22 24 26 26 164 164 110 110 116 46 112 31 47 32
228,MarineMicro_MvsM_4_dist,QMIX,PyMARL,qmix_MarineMicro_MvsM_4_dist_train_run_0002,qmix_checkpoint_eval_20260527_sacred_1-12,qmix_MarineMicro_MvsM_4_dist_train_run_0002,,eval_8,34,,Win,45.0,20.0,True,pymarl/qmix_checkpoint_eval_20260527_sacred_1-12/qmix_MarineMicro_MvsM_4_dist_train_run_0002/evaluations/eval_8/bktree/node_log.txt,pymarl/qmix_checkpoint_eval_20260527_sacred_1-12/qmix_MarineMicro_MvsM_4_dist_train_run_0002/evaluations/eval_8/bktree,C:\Users\Binich\PycharmProjects\PredictionRTS\output\learner_results\all_data\fused_bktree_web_batch_20260612_153602_top100_anchor_no_replay\MarineMicro_MvsM_4_dist\bktree,16,16,0,0,0 1 94 155 105 105 96 54 55 169 170 171 73 19 74 172,0 1 94 155 105 105 96 54 55 169 170 171 73 19 74 172,source_bktree source_bktree source_bktree source_bktree source_bktree source_bktree source_bktree source_bktree source_bktree source_bktree source_bktree source_bktree source_bktree source_bktree source_bktree source_bktree,0 1 94 155 105 105 96 54 55 169 170 171 73 19 74 172
229,MarineMicro_MvsM_4_dist,QMIX,PyMARL,qmix_MarineMicro_MvsM_4_dist_train_run_0002,qmix_checkpoint_eval_20260527_sacred_1-12,qmix_MarineMicro_MvsM_4_dist_train_run_0002,,eval_8,39,,Win,45.0,20.0,True,pymarl/qmix_checkpoint_eval_20260527_sacred_1-12/qmix_MarineMicro_MvsM_4_dist_train_run_0002/evaluations/eval_8/bktree/node_log.txt,pymarl/qmix_checkpoint_eval_20260527_sacred_1-12/qmix_MarineMicro_MvsM_4_dist_train_run_0002/evaluations/eval_8/bktree,C:\Users\Binich\PycharmProjects\PredictionRTS\output\learner_results\all_data\fused_bktree_web_batch_20260612_153602_top100_anchor_no_replay\MarineMicro_MvsM_4_dist\bktree,16,16,0,0,0 33 69 52 181 181 178 182 166 183 168 168 159 10 10 11,0 33 69 52 181 181 178 182 166 183 168 168 159 10 10 11,source_bktree source_bktree source_bktree source_bktree source_bktree source_bktree source_bktree source_bktree source_bktree source_bktree source_bktree source_bktree source_bktree source_bktree source_bktree source_bktree,0 33 69 52 181 181 178 182 166 183 168 168 159 10 10 11
230,MarineMicro_MvsM_4_dist,QMIX,PyMARL,qmix_MarineMicro_MvsM_4_dist_train_run_0002,qmix_checkpoint_eval_20260527_sacred_1-12,qmix_MarineMicro_MvsM_4_dist_train_run_0002,,eval_8,50,,Win,45.0,20.0,True,pymarl/qmix_checkpoint_eval_20260527_sacred_1-12/qmix_MarineMicro_MvsM_4_dist_train_run_0002/evaluations/eval_8/bktree/node_log.txt,pymarl/qmix_checkpoint_eval_20260527_sacred_1-12/qmix_MarineMicro_MvsM_4_dist_train_run_0002/evaluations/eval_8/bktree,C:\Users\Binich\PycharmProjects\PredictionRTS\output\learner_results\all_data\fused_bktree_web_batch_20260612_153602_top100_anchor_no_replay\MarineMicro_MvsM_4_dist\bktree,16,16,0,0,0 1 1 41 75 152 43 175 214 153 215 196 109 31 47 32,0 1 1 41 75 152 43 175 214 153 215 196 109 31 47 32,source_bktree source_bktree source_bktree source_bktree source_bktree source_bktree source_bktree source_bktree source_bktree source_bktree source_bktree source_bktree source_bktree source_bktree source_bktree source_bktree,0 1 1 41 75 152 43 175 214 153 215 196 109 31 47 32
231,MarineMicro_MvsM_4_dist,QMIX,PyMARL,qmix_MarineMicro_MvsM_4_dist_train_run_0002,qmix_checkpoint_eval_20260527_sacred_1-12,qmix_MarineMicro_MvsM_4_dist_train_run_0002,,eval_8,60,,Win,45.0,20.0,True,pymarl/qmix_checkpoint_eval_20260527_sacred_1-12/qmix_MarineMicro_MvsM_4_dist_train_run_0002/evaluations/eval_8/bktree/node_log.txt,pymarl/qmix_checkpoint_eval_20260527_sacred_1-12/qmix_MarineMicro_MvsM_4_dist_train_run_0002/evaluations/eval_8/bktree,C:\Users\Binich\PycharmProjects\PredictionRTS\output\learner_results\all_data\fused_bktree_web_batch_20260612_153602_top100_anchor_no_replay\MarineMicro_MvsM_4_dist\bktree,16,16,0,0,0 1 1 2 3 3 4 119 5 195 78 142 154 233 10 11,0 1 1 2 3 3 4 119 5 195 78 142 154 233 10 11,source_bktree source_bktree source_bktree source_bktree source_bktree source_bktree source_bktree source_bktree source_bktree source_bktree source_bktree source_bktree source_bktree source_bktree source_bktree source_bktree,0 1 1 2 3 3 4 119 5 195 78 142 154 233 10 11
232,MarineMicro_MvsM_4_dist,QMIX,PyMARL,qmix_MarineMicro_MvsM_4_dist_train_run_0002,qmix_checkpoint_eval_20260527_sacred_1-12,qmix_MarineMicro_MvsM_4_dist_train_run_0002,,eval_8,84,,Win,45.0,20.0,True,pymarl/qmix_checkpoint_eval_20260527_sacred_1-12/qmix_MarineMicro_MvsM_4_dist_train_run_0002/evaluations/eval_8/bktree/node_log.txt,pymarl/qmix_checkpoint_eval_20260527_sacred_1-12/qmix_MarineMicro_MvsM_4_dist_train_run_0002/evaluations/eval_8/bktree,C:\Users\Binich\PycharmProjects\PredictionRTS\output\learner_results\all_data\fused_bktree_web_batch_20260612_153602_top100_anchor_no_replay\MarineMicro_MvsM_4_dist\bktree,16,16,0,0,0 1 13 13 14 14 15 15 145 145 17 18 18 213 74 271,0 1 13 13 14 14 15 15 145 145 17 18 18 213 74 271,source_bktree source_bktree source_bktree source_bktree source_bktree source_bktree source_bktree source_bktree source_bktree source_bktree source_bktree source_bktree source_bktree source_bktree source_bktree source_bktree,0 1 13 13 14 14 15 15 145 145 17 18 18 213 74 271
233,MarineMicro_MvsM_4_dist,QMIX,PyMARL,qmix_MarineMicro_MvsM_4_dist_train_run_0002,qmix_checkpoint_eval_20260527_sacred_1-12,qmix_MarineMicro_MvsM_4_dist_train_run_0002,,eval_8,99,,Win,45.0,20.0,True,pymarl/qmix_checkpoint_eval_20260527_sacred_1-12/qmix_MarineMicro_MvsM_4_dist_train_run_0002/evaluations/eval_8/bktree/node_log.txt,pymarl/qmix_checkpoint_eval_20260527_sacred_1-12/qmix_MarineMicro_MvsM_4_dist_train_run_0002/evaluations/eval_8/bktree,C:\Users\Binich\PycharmProjects\PredictionRTS\output\learner_results\all_data\fused_bktree_web_batch_20260612_153602_top100_anchor_no_replay\MarineMicro_MvsM_4_dist\bktree,16,16,0,0,0 22 22 24 105 307 225 225 231 308 309 309 288 31 31 32,0 22 22 24 105 307 225 225 231 308 309 309 288 31 31 32,source_bktree source_bktree source_bktree source_bktree source_bktree source_bktree source_bktree source_bktree source_bktree source_bktree source_bktree source_bktree source_bktree source_bktree source_bktree source_bktree,0 22 22 24 105 307 225 225 231 308 309 309 288 31 31 32
234,MarineMicro_MvsM_4_dist,QMIX,PyMARL,qmix_MarineMicro_MvsM_4_dist_train_run_0002,qmix_checkpoint_eval_20260527_sacred_1-12,qmix_MarineMicro_MvsM_4_dist_train_run_0002,,eval_8,100,,Win,45.0,20.0,True,pymarl/qmix_checkpoint_eval_20260527_sacred_1-12/qmix_MarineMicro_MvsM_4_dist_train_run_0002/evaluations/eval_8/bktree/node_log.txt,pymarl/qmix_checkpoint_eval_20260527_sacred_1-12/qmix_MarineMicro_MvsM_4_dist_train_run_0002/evaluations/eval_8/bktree,C:\Users\Binich\PycharmProjects\PredictionRTS\output\learner_results\all_data\fused_bktree_web_batch_20260612_153602_top100_anchor_no_replay\MarineMicro_MvsM_4_dist\bktree,16,16,0,0,0 22 23 24 36 36 80 80 240 240 310 83 112 229 229 32,0 22 23 24 36 36 80 80 240 240 310 83 112 229 229 32,source_bktree source_bktree source_bktree source_bktree source_bktree source_bktree source_bktree source_bktree source_bktree source_bktree source_bktree source_bktree source_bktree source_bktree source_bktree source_bktree,0 22 23 24 36 36 80 80 240 240 310 83 112 229 229 32
235,MarineMicro_MvsM_4_dist,QMIX,PyMARL,qmix_MarineMicro_MvsM_4_dist_train_run_0002,qmix_checkpoint_eval_20260527_sacred_1-12,qmix_MarineMicro_MvsM_4_dist_train_run_0002,,eval_8,43,,Win,45.0,20.0,True,pymarl/qmix_checkpoint_eval_20260527_sacred_1-12/qmix_MarineMicro_MvsM_4_dist_train_run_0002/evaluations/eval_8/bktree/node_log.txt,pymarl/qmix_checkpoint_eval_20260527_sacred_1-12/qmix_MarineMicro_MvsM_4_dist_train_run_0002/evaluations/eval_8/bktree,C:\Users\Binich\PycharmProjects\PredictionRTS\output\learner_results\all_data\fused_bktree_web_batch_20260612_153602_top100_anchor_no_replay\MarineMicro_MvsM_4_dist\bktree,17,17,0,0,0 1 94 34 36 36 37 194 77 195 39 196 40 162 68 10 11,0 1 94 34 36 36 37 194 77 195 39 196 40 162 68 10 11,source_bktree source_bktree source_bktree source_bktree source_bktree source_bktree source_bktree source_bktree source_bktree source_bktree source_bktree source_bktree source_bktree source_bktree source_bktree source_bktree source_bktree,0 1 94 34 36 36 37 194 77 195 39 196 40 162 68 10 11
236,MarineMicro_MvsM_4_dist,QMIX,PyMARL,qmix_MarineMicro_MvsM_4_dist_train_run_0002,qmix_checkpoint_eval_20260527_sacred_1-12,qmix_MarineMicro_MvsM_4_dist_train_run_0002,,eval_8,51,,Win,45.0,20.0,True,pymarl/qmix_checkpoint_eval_20260527_sacred_1-12/qmix_MarineMicro_MvsM_4_dist_train_run_0002/evaluations/eval_8/bktree/node_log.txt,pymarl/qmix_checkpoint_eval_20260527_sacred_1-12/qmix_MarineMicro_MvsM_4_dist_train_run_0002/evaluations/eval_8/bktree,C:\Users\Binich\PycharmProjects\PredictionRTS\output\learner_results\all_data\fused_bktree_web_batch_20260612_153602_top100_anchor_no_replay\MarineMicro_MvsM_4_dist\bktree,17,17,0,0,0 33 52 52 26 26 54 54 71 216 135 168 168 213 213 10 11,0 33 52 52 26 26 54 54 71 216 135 168 168 213 213 10 11,source_bktree source_bktree source_bktree source_bktree source_bktree source_bktree source_bktree source_bktree source_bktree source_bktree source_bktree source_bktree source_bktree source_bktree source_bktree source_bktree source_bktree,0 33 52 52 26 26 54 54 71 216 135 168 168 213 213 10 11
237,MarineMicro_MvsM_4_dist,QMIX,PyMARL,qmix_MarineMicro_MvsM_4_dist_train_run_0002,qmix_checkpoint_eval_20260527_sacred_1-12,qmix_MarineMicro_MvsM_4_dist_train_run_0002,,eval_8,80,,Win,45.0,20.0,True,pymarl/qmix_checkpoint_eval_20260527_sacred_1-12/qmix_MarineMicro_MvsM_4_dist_train_run_0002/evaluations/eval_8/bktree/node_log.txt,pymarl/qmix_checkpoint_eval_20260527_sacred_1-12/qmix_MarineMicro_MvsM_4_dist_train_run_0002/evaluations/eval_8/bktree,C:\Users\Binich\PycharmProjects\PredictionRTS\output\learner_results\all_data\fused_bktree_web_batch_20260612_153602_top100_anchor_no_replay\MarineMicro_MvsM_4_dist\bktree,17,17,0,0,0 33 33 34 36 36 37 37 281 140 49 161 161 213 213 74 113,0 33 33 34 36 36 37 37 281 140 49 161 161 213 213 74 113,source_bktree source_bktree source_bktree source_bktree source_bktree source_bktree source_bktree source_bktree source_bktree source_bktree source_bktree source_bktree source_bktree source_bktree source_bktree source_bktree source_bktree,0 33 33 34 36 36 37 37 281 140 49 161 161 213 213 74 113
238,MarineMicro_MvsM_4_dist,QMIX,PyMARL,qmix_MarineMicro_MvsM_4_dist_train_run_0002,qmix_checkpoint_eval_20260527_sacred_1-12,qmix_MarineMicro_MvsM_4_dist_train_run_0002,,eval_8,10,,Win,42.0,20.0,True,pymarl/qmix_checkpoint_eval_20260527_sacred_1-12/qmix_MarineMicro_MvsM_4_dist_train_run_0002/evaluations/eval_8/bktree/node_log.txt,pymarl/qmix_checkpoint_eval_20260527_sacred_1-12/qmix_MarineMicro_MvsM_4_dist_train_run_0002/evaluations/eval_8/bktree,C:\Users\Binich\PycharmProjects\PredictionRTS\output\learner_results\all_data\fused_bktree_web_batch_20260612_153602_top100_anchor_no_replay\MarineMicro_MvsM_4_dist\bktree,16,16,0,0,0 33 69 34 35 35 70 70 71 71 17 72 73 19 74 21,0 33 69 34 35 35 70 70 71 71 17 72 73 19 74 21,source_bktree source_bktree source_bktree source_bktree source_bktree source_bktree source_bktree source_bktree source_bktree source_bktree source_bktree source_bktree source_bktree source_bktree source_bktree source_bktree,0 33 69 34 35 35 70 70 71 71 17 72 73 19 74 21
239,MarineMicro_MvsM_4_dist,QMIX,PyMARL,qmix_MarineMicro_MvsM_4_dist_train_run_0002,qmix_checkpoint_eval_20260527_sacred_1-12,qmix_MarineMicro_MvsM_4_dist_train_run_0002,,eval_8,41,,Win,42.0,20.0,True,pymarl/qmix_checkpoint_eval_20260527_sacred_1-12/qmix_MarineMicro_MvsM_4_dist_train_run_0002/evaluations/eval_8/bktree/node_log.txt,pymarl/qmix_checkpoint_eval_20260527_sacred_1-12/qmix_MarineMicro_MvsM_4_dist_train_run_0002/evaluations/eval_8/bktree,C:\Users\Binich\PycharmProjects\PredictionRTS\output\learner_results\all_data\fused_bktree_web_batch_20260612_153602_top100_anchor_no_replay\MarineMicro_MvsM_4_dist\bktree,16,16,0,0,0 1 22 24 25 26 27 27 110 191 111 18 67 19 19 21,0 1 22 24 25 26 27 27 110 191 111 18 67 19 19 21,source_bktree source_bktree source_bktree source_bktree source_bktree source_bktree source_bktree source_bktree source_bktree source_bktree source_bktree source_bktree source_bktree source_bktree source_bktree source_bktree,0 1 22 24 25 26 27 27 110 191 111 18 67 19 19 21
240,MarineMicro_MvsM_4_dist,QMIX,PyMARL,qmix_MarineMicro_MvsM_4_dist_train_run_0002,qmix_checkpoint_eval_20260527_sacred_1-12,qmix_MarineMicro_MvsM_4_dist_train_run_0002,,eval_8,6,,Win,42.0,20.0,True,pymarl/qmix_checkpoint_eval_20260527_sacred_1-12/qmix_MarineMicro_MvsM_4_dist_train_run_0002/evaluations/eval_8/bktree/node_log.txt,pymarl/qmix_checkpoint_eval_20260527_sacred_1-12/qmix_MarineMicro_MvsM_4_dist_train_run_0002/evaluations/eval_8/bktree,C:\Users\Binich\PycharmProjects\PredictionRTS\output\learner_results\all_data\fused_bktree_web_batch_20260612_153602_top100_anchor_no_replay\MarineMicro_MvsM_4_dist\bktree,17,17,0,0,0 33 33 34 35 36 37 48 16 16 49 50 50 51 20 20 21,0 33 33 34 35 36 37 48 16 16 49 50 50 51 20 20 21,source_bktree source_bktree source_bktree source_bktree source_bktree source_bktree source_bktree source_bktree source_bktree source_bktree source_bktree source_bktree source_bktree source_bktree source_bktree source_bktree source_bktree,0 33 33 34 35 36 37 48 16 16 49 50 50 51 20 20 21
241,MarineMicro_MvsM_4_dist,QMIX,PyMARL,qmix_MarineMicro_MvsM_4_dist_train_run_0002,qmix_checkpoint_eval_20260527_sacred_1-12,qmix_MarineMicro_MvsM_4_dist_train_run_0002,,eval_8,55,,Win,42.0,20.0,True,pymarl/qmix_checkpoint_eval_20260527_sacred_1-12/qmix_MarineMicro_MvsM_4_dist_train_run_0002/evaluations/eval_8/bktree/node_log.txt,pymarl/qmix_checkpoint_eval_20260527_sacred_1-12/qmix_MarineMicro_MvsM_4_dist_train_run_0002/evaluations/eval_8/bktree,C:\Users\Binich\PycharmProjects\PredictionRTS\output\learner_results\all_data\fused_bktree_web_batch_20260612_153602_top100_anchor_no_replay\MarineMicro_MvsM_4_dist\bktree,17,17,0,0,0 219 219 2 3 75 43 63 220 221 45 222 67 19 19 20 21,0 219 219 2 3 75 43 63 220 221 45 222 67 19 19 20 21,source_bktree source_bktree source_bktree source_bktree source_bktree source_bktree source_bktree source_bktree source_bktree source_bktree source_bktree source_bktree source_bktree source_bktree source_bktree source_bktree source_bktree,0 219 219 2 3 75 43 63 220 221 45 222 67 19 19 20 21
242,MarineMicro_MvsM_4_dist,QMIX,PyMARL,qmix_MarineMicro_MvsM_4_dist_train_run_0002,qmix_checkpoint_eval_20260527_sacred_1-12,qmix_MarineMicro_MvsM_4_dist_train_run_0002,,eval_8,79,,Win,42.0,20.0,True,pymarl/qmix_checkpoint_eval_20260527_sacred_1-12/qmix_MarineMicro_MvsM_4_dist_train_run_0002/evaluations/eval_8/bktree/node_log.txt,pymarl/qmix_checkpoint_eval_20260527_sacred_1-12/qmix_MarineMicro_MvsM_4_dist_train_run_0002/evaluations/eval_8/bktree,C:\Users\Binich\PycharmProjects\PredictionRTS\output\learner_results\all_data\fused_bktree_web_batch_20260612_153602_top100_anchor_no_replay\MarineMicro_MvsM_4_dist\bktree,17,17,0,0,0 1 1 34 277 36 37 37 55 278 279 50 280 59 59 20 21,0 1 1 34 277 36 37 37 55 278 279 50 280 59 59 20 21,source_bktree source_bktree source_bktree source_bktree source_bktree source_bktree source_bktree source_bktree source_bktree source_bktree source_bktree source_bktree source_bktree source_bktree source_bktree source_bktree source_bktree,0 1 1 34 277 36 37 37 55 278 279 50 280 59 59 20 21
243,MarineMicro_MvsM_4_dist,QMIX,PyMARL,qmix_MarineMicro_MvsM_4_dist_train_run_0002,qmix_checkpoint_eval_20260527_sacred_1-12,qmix_MarineMicro_MvsM_4_dist_train_run_0002,,eval_8,93,,Win,42.0,20.0,True,pymarl/qmix_checkpoint_eval_20260527_sacred_1-12/qmix_MarineMicro_MvsM_4_dist_train_run_0002/evaluations/eval_8/bktree/node_log.txt,pymarl/qmix_checkpoint_eval_20260527_sacred_1-12/qmix_MarineMicro_MvsM_4_dist_train_run_0002/evaluations/eval_8/bktree,C:\Users\Binich\PycharmProjects\PredictionRTS\output\learner_results\all_data\fused_bktree_web_batch_20260612_153602_top100_anchor_no_replay\MarineMicro_MvsM_4_dist\bktree,17,17,0,0,0 1 94 155 118 118 139 139 5 140 299 299 300 9 68 20 21,0 1 94 155 118 118 139 139 5 140 299 299 300 9 68 20 21,source_bktree source_bktree source_bktree source_bktree source_bktree source_bktree source_bktree source_bktree source_bktree source_bktree source_bktree source_bktree source_bktree source_bktree source_bktree source_bktree source_bktree,0 1 94 155 118 118 139 139 5 140 299 299 300 9 68 20 21
244,MarineMicro_MvsM_4_dist,QMIX,PyMARL,qmix_MarineMicro_MvsM_4_dist_train_run_0002,qmix_checkpoint_eval_20260527_sacred_1-12,qmix_MarineMicro_MvsM_4_dist_train_run_0002,,eval_8,2,,Win,42.0,20.0,True,pymarl/qmix_checkpoint_eval_20260527_sacred_1-12/qmix_MarineMicro_MvsM_4_dist_train_run_0002/evaluations/eval_8/bktree/node_log.txt,pymarl/qmix_checkpoint_eval_20260527_sacred_1-12/qmix_MarineMicro_MvsM_4_dist_train_run_0002/evaluations/eval_8/bktree,C:\Users\Binich\PycharmProjects\PredictionRTS\output\learner_results\all_data\fused_bktree_web_batch_20260612_153602_top100_anchor_no_replay\MarineMicro_MvsM_4_dist\bktree,18,18,0,0,0 1 12 13 14 14 15 15 16 16 17 17 18 19 19 20 20 21,0 1 12 13 14 14 15 15 16 16 17 17 18 19 19 20 20 21,source_bktree source_bktree source_bktree source_bktree source_bktree source_bktree source_bktree source_bktree source_bktree source_bktree source_bktree source_bktree source_bktree source_bktree source_bktree source_bktree source_bktree source_bktree,0 1 12 13 14 14 15 15 16 16 17 17 18 19 19 20 20 21
245,MarineMicro_MvsM_4_dist,QMIX,PyMARL,qmix_MarineMicro_MvsM_4_dist_train_run_0002,qmix_checkpoint_eval_20260527_sacred_1-12,qmix_MarineMicro_MvsM_4_dist_train_run_0002,,eval_8,25,,Win,42.0,20.0,True,pymarl/qmix_checkpoint_eval_20260527_sacred_1-12/qmix_MarineMicro_MvsM_4_dist_train_run_0002/evaluations/eval_8/bktree/node_log.txt,pymarl/qmix_checkpoint_eval_20260527_sacred_1-12/qmix_MarineMicro_MvsM_4_dist_train_run_0002/evaluations/eval_8/bktree,C:\Users\Binich\PycharmProjects\PredictionRTS\output\learner_results\all_data\fused_bktree_web_batch_20260612_153602_top100_anchor_no_replay\MarineMicro_MvsM_4_dist\bktree,18,18,0,0,0 1 12 13 14 14 15 15 16 145 17 66 66 19 146 20 20 21,0 1 12 13 14 14 15 15 16 145 17 66 66 19 146 20 20 21,source_bktree source_bktree source_bktree source_bktree source_bktree source_bktree source_bktree source_bktree source_bktree source_bktree source_bktree source_bktree source_bktree source_bktree source_bktree source_bktree source_bktree source_bktree,0 1 12 13 14 14 15 15 16 145 17 66 66 19 146 20 20 21
246,MarineMicro_MvsM_4_dist,QMIX,PyMARL,qmix_MarineMicro_MvsM_4_dist_train_run_0002,qmix_checkpoint_eval_20260527_sacred_1-12,qmix_MarineMicro_MvsM_4_dist_train_run_0002,,eval_8,52,,Win,39.0,20.0,True,pymarl/qmix_checkpoint_eval_20260527_sacred_1-12/qmix_MarineMicro_MvsM_4_dist_train_run_0002/evaluations/eval_8/bktree/node_log.txt,pymarl/qmix_checkpoint_eval_20260527_sacred_1-12/qmix_MarineMicro_MvsM_4_dist_train_run_0002/evaluations/eval_8/bktree,C:\Users\Binich\PycharmProjects\PredictionRTS\output\learner_results\all_data\fused_bktree_web_batch_20260612_153602_top100_anchor_no_replay\MarineMicro_MvsM_4_dist\bktree,15,15,0,0,0 1 1 2 3 3 4 4 5 5 7 154 79 10 11,0 1 1 2 3 3 4 4 5 5 7 154 79 10 11,source_bktree source_bktree source_bktree source_bktree source_bktree source_bktree source_bktree source_bktree source_bktree source_bktree source_bktree source_bktree source_bktree source_bktree source_bktree,0 1 1 2 3 3 4 4 5 5 7 154 79 10 11
247,MarineMicro_MvsM_4_dist,QMIX,PyMARL,qmix_MarineMicro_MvsM_4_dist_train_run_0002,qmix_checkpoint_eval_20260527_sacred_1-12,qmix_MarineMicro_MvsM_4_dist_train_run_0002,,eval_8,4,,Win,39.0,20.0,True,pymarl/qmix_checkpoint_eval_20260527_sacred_1-12/qmix_MarineMicro_MvsM_4_dist_train_run_0002/evaluations/eval_8/bktree/node_log.txt,pymarl/qmix_checkpoint_eval_20260527_sacred_1-12/qmix_MarineMicro_MvsM_4_dist_train_run_0002/evaluations/eval_8/bktree,C:\Users\Binich\PycharmProjects\PredictionRTS\output\learner_results\all_data\fused_bktree_web_batch_20260612_153602_top100_anchor_no_replay\MarineMicro_MvsM_4_dist\bktree,16,16,0,0,0 33 33 34 35 36 37 37 38 38 39 39 18 40 10 11,0 33 33 34 35 36 37 37 38 38 39 39 18 40 10 11,source_bktree source_bktree source_bktree source_bktree source_bktree source_bktree source_bktree source_bktree source_bktree source_bktree source_bktree source_bktree source_bktree source_bktree source_bktree source_bktree,0 33 33 34 35 36 37 37 38 38 39 39 18 40 10 11
248,MarineMicro_MvsM_4_dist,QMIX,PyMARL,qmix_MarineMicro_MvsM_4_dist_train_run_0002,qmix_checkpoint_eval_20260527_sacred_1-12,qmix_MarineMicro_MvsM_4_dist_train_run_0002,,eval_8,8,,Win,39.0,20.0,True,pymarl/qmix_checkpoint_eval_20260527_sacred_1-12/qmix_MarineMicro_MvsM_4_dist_train_run_0002/evaluations/eval_8/bktree/node_log.txt,pymarl/qmix_checkpoint_eval_20260527_sacred_1-12/qmix_MarineMicro_MvsM_4_dist_train_run_0002/evaluations/eval_8/bktree,C:\Users\Binich\PycharmProjects\PredictionRTS\output\learner_results\all_data\fused_bktree_web_batch_20260612_153602_top100_anchor_no_replay\MarineMicro_MvsM_4_dist\bktree,16,16,0,0,0 1 1 2 62 3 4 63 64 5 6 7 7 9 9 11,0 1 1 2 62 3 4 63 64 5 6 7 7 9 9 11,source_bktree source_bktree source_bktree source_bktree source_bktree source_bktree source_bktree source_bktree source_bktree source_bktree source_bktree source_bktree source_bktree source_bktree source_bktree source_bktree,0 1 1 2 62 3 4 63 64 5 6 7 7 9 9 11
249,MarineMicro_MvsM_4_dist,QMIX,PyMARL,qmix_MarineMicro_MvsM_4_dist_train_run_0002,qmix_checkpoint_eval_20260527_sacred_1-12,qmix_MarineMicro_MvsM_4_dist_train_run_0002,,eval_8,11,,Win,39.0,20.0,True,pymarl/qmix_checkpoint_eval_20260527_sacred_1-12/qmix_MarineMicro_MvsM_4_dist_train_run_0002/evaluations/eval_8/bktree/node_log.txt,pymarl/qmix_checkpoint_eval_20260527_sacred_1-12/qmix_MarineMicro_MvsM_4_dist_train_run_0002/evaluations/eval_8/bktree,C:\Users\Binich\PycharmProjects\PredictionRTS\output\learner_results\all_data\fused_bktree_web_batch_20260612_153602_top100_anchor_no_replay\MarineMicro_MvsM_4_dist\bktree,16,16,0,0,0 1 1 2 75 75 76 76 77 77 78 78 79 10 10 11,0 1 1 2 75 75 76 76 77 77 78 78 79 10 10 11,source_bktree source_bktree source_bktree source_bktree source_bktree source_bktree source_bktree source_bktree source_bktree source_bktree source_bktree source_bktree source_bktree source_bktree source_bktree source_bktree,0 1 1 2 75 75 76 76 77 77 78 78 79 10 10 11
250,MarineMicro_MvsM_4_dist,QMIX,PyMARL,qmix_MarineMicro_MvsM_4_dist_train_run_0002,qmix_checkpoint_eval_20260527_sacred_1-12,qmix_MarineMicro_MvsM_4_dist_train_run_0002,,eval_8,15,,Win,39.0,20.0,True,pymarl/qmix_checkpoint_eval_20260527_sacred_1-12/qmix_MarineMicro_MvsM_4_dist_train_run_0002/evaluations/eval_8/bktree/node_log.txt,pymarl/qmix_checkpoint_eval_20260527_sacred_1-12/qmix_MarineMicro_MvsM_4_dist_train_run_0002/evaluations/eval_8/bktree,C:\Users\Binich\PycharmProjects\PredictionRTS\output\learner_results\all_data\fused_bktree_web_batch_20260612_153602_top100_anchor_no_replay\MarineMicro_MvsM_4_dist\bktree,16,16,0,0,0 1 94 104 95 105 37 96 106 106 107 108 109 74 74 93,0 1 94 104 95 105 37 96 106 106 107 108 109 74 74 93,source_bktree source_bktree source_bktree source_bktree source_bktree source_bktree source_bktree source_bktree source_bktree source_bktree source_bktree source_bktree source_bktree source_bktree source_bktree source_bktree,0 1 94 104 95 105 37 96 106 106 107 108 109 74 74 93
251,MarineMicro_MvsM_4_dist,QMIX,PyMARL,qmix_MarineMicro_MvsM_4_dist_train_run_0002,qmix_checkpoint_eval_20260527_sacred_1-12,qmix_MarineMicro_MvsM_4_dist_train_run_0002,,eval_8,35,,Win,39.0,20.0,True,pymarl/qmix_checkpoint_eval_20260527_sacred_1-12/qmix_MarineMicro_MvsM_4_dist_train_run_0002/evaluations/eval_8/bktree/node_log.txt,pymarl/qmix_checkpoint_eval_20260527_sacred_1-12/qmix_MarineMicro_MvsM_4_dist_train_run_0002/evaluations/eval_8/bktree,C:\Users\Binich\PycharmProjects\PredictionRTS\output\learner_results\all_data\fused_bktree_web_batch_20260612_153602_top100_anchor_no_replay\MarineMicro_MvsM_4_dist\bktree,16,16,0,0,0 1 94 155 173 118 119 119 120 120 121 99 122 10 10 11,0 1 94 155 173 118 119 119 120 120 121 99 122 10 10 11,source_bktree source_bktree source_bktree source_bktree source_bktree source_bktree source_bktree source_bktree source_bktree source_bktree source_bktree source_bktree source_bktree source_bktree source_bktree source_bktree,0 1 94 155 173 118 119 119 120 120 121 99 122 10 10 11
252,MarineMicro_MvsM_4_dist,QMIX,PyMARL,qmix_MarineMicro_MvsM_4_dist_train_run_0002,qmix_checkpoint_eval_20260527_sacred_1-12,qmix_MarineMicro_MvsM_4_dist_train_run_0002,,eval_8,38,,Win,39.0,20.0,True,pymarl/qmix_checkpoint_eval_20260527_sacred_1-12/qmix_MarineMicro_MvsM_4_dist_train_run_0002/evaluations/eval_8/bktree/node_log.txt,pymarl/qmix_checkpoint_eval_20260527_sacred_1-12/qmix_MarineMicro_MvsM_4_dist_train_run_0002/evaluations/eval_8/bktree,C:\Users\Binich\PycharmProjects\PredictionRTS\output\learner_results\all_data\fused_bktree_web_batch_20260612_153602_top100_anchor_no_replay\MarineMicro_MvsM_4_dist\bktree,16,16,0,0,0 1 22 24 53 36 80 115 110 180 116 111 112 117 117 32,0 1 22 24 53 36 80 115 110 180 116 111 112 117 117 32,source_bktree source_bktree source_bktree source_bktree source_bktree source_bktree source_bktree source_bktree source_bktree source_bktree source_bktree source_bktree source_bktree source_bktree source_bktree source_bktree,0 1 22 24 53 36 80 115 110 180 116 111 112 117 117 32
253,MarineMicro_MvsM_4_dist,QMIX,PyMARL,qmix_MarineMicro_MvsM_4_dist_train_run_0002,qmix_checkpoint_eval_20260527_sacred_1-12,qmix_MarineMicro_MvsM_4_dist_train_run_0002,,eval_8,71,,Win,39.0,20.0,True,pymarl/qmix_checkpoint_eval_20260527_sacred_1-12/qmix_MarineMicro_MvsM_4_dist_train_run_0002/evaluations/eval_8/bktree/node_log.txt,pymarl/qmix_checkpoint_eval_20260527_sacred_1-12/qmix_MarineMicro_MvsM_4_dist_train_run_0002/evaluations/eval_8/bktree,C:\Users\Binich\PycharmProjects\PredictionRTS\output\learner_results\all_data\fused_bktree_web_batch_20260612_153602_top100_anchor_no_replay\MarineMicro_MvsM_4_dist\bktree,16,16,0,0,0 1 23 41 42 42 43 43 153 214 266 46 31 31 47 32,0 1 23 41 42 42 43 43 153 214 266 46 31 31 47 32,source_bktree source_bktree source_bktree source_bktree source_bktree source_bktree source_bktree source_bktree source_bktree source_bktree source_bktree source_bktree source_bktree source_bktree source_bktree source_bktree,0 1 23 41 42 42 43 43 153 214 266 46 31 31 47 32
254,MarineMicro_MvsM_4_dist,QMIX,PyMARL,qmix_MarineMicro_MvsM_4_dist_train_run_0002,qmix_checkpoint_eval_20260527_sacred_1-12,qmix_MarineMicro_MvsM_4_dist_train_run_0002,,eval_8,76,,Win,39.0,20.0,True,pymarl/qmix_checkpoint_eval_20260527_sacred_1-12/qmix_MarineMicro_MvsM_4_dist_train_run_0002/evaluations/eval_8/bktree/node_log.txt,pymarl/qmix_checkpoint_eval_20260527_sacred_1-12/qmix_MarineMicro_MvsM_4_dist_train_run_0002/evaluations/eval_8/bktree,C:\Users\Binich\PycharmProjects\PredictionRTS\output\learner_results\all_data\fused_bktree_web_batch_20260612_153602_top100_anchor_no_replay\MarineMicro_MvsM_4_dist\bktree,16,16,0,0,0 1 1 2 3 3 175 63 5 195 78 270 79 9 10 11,0 1 1 2 3 3 175 63 5 195 78 270 79 9 10 11,source_bktree source_bktree source_bktree source_bktree source_bktree source_bktree source_bktree source_bktree source_bktree source_bktree source_bktree source_bktree source_bktree source_bktree source_bktree source_bktree,0 1 1 2 3 3 175 63 5 195 78 270 79 9 10 11
255,MarineMicro_MvsM_4_dist,QMIX,PyMARL,qmix_MarineMicro_MvsM_4_dist_train_run_0002,qmix_checkpoint_eval_20260527_sacred_1-12,qmix_MarineMicro_MvsM_4_dist_train_run_0002,,eval_8,86,,Win,39.0,20.0,True,pymarl/qmix_checkpoint_eval_20260527_sacred_1-12/qmix_MarineMicro_MvsM_4_dist_train_run_0002/evaluations/eval_8/bktree/node_log.txt,pymarl/qmix_checkpoint_eval_20260527_sacred_1-12/qmix_MarineMicro_MvsM_4_dist_train_run_0002/evaluations/eval_8/bktree,C:\Users\Binich\PycharmProjects\PredictionRTS\output\learner_results\all_data\fused_bktree_web_batch_20260612_153602_top100_anchor_no_replay\MarineMicro_MvsM_4_dist\bktree,16,16,0,0,0 1 1 94 35 105 37 37 38 291 39 168 40 213 10 11,0 1 1 94 35 105 37 37 38 291 39 168 40 213 10 11,source_bktree source_bktree source_bktree source_bktree source_bktree source_bktree source_bktree source_bktree source_bktree source_bktree source_bktree source_bktree source_bktree source_bktree source_bktree source_bktree,0 1 1 94 35 105 37 37 38 291 39 168 40 213 10 11
256,MarineMicro_MvsM_4_dist,QMIX,PyMARL,qmix_MarineMicro_MvsM_4_dist_train_run_0002,qmix_checkpoint_eval_20260527_sacred_1-12,qmix_MarineMicro_MvsM_4_dist_train_run_0002,,eval_8,91,,Win,39.0,20.0,True,pymarl/qmix_checkpoint_eval_20260527_sacred_1-12/qmix_MarineMicro_MvsM_4_dist_train_run_0002/evaluations/eval_8/bktree/node_log.txt,pymarl/qmix_checkpoint_eval_20260527_sacred_1-12/qmix_MarineMicro_MvsM_4_dist_train_run_0002/evaluations/eval_8/bktree,C:\Users\Binich\PycharmProjects\PredictionRTS\output\learner_results\all_data\fused_bktree_web_batch_20260612_153602_top100_anchor_no_replay\MarineMicro_MvsM_4_dist\bktree,16,16,0,0,0 1 12 104 118 294 175 175 131 295 121 296 79 19 10 11,0 1 12 104 118 294 175 175 131 295 121 296 79 19 10 11,source_bktree source_bktree source_bktree source_bktree source_bktree source_bktree source_bktree source_bktree source_bktree source_bktree source_bktree source_bktree source_bktree source_bktree source_bktree source_bktree,0 1 12 104 118 294 175 175 131 295 121 296 79 19 10 11
257,MarineMicro_MvsM_4_dist,QMIX,PyMARL,qmix_MarineMicro_MvsM_4_dist_train_run_0002,qmix_checkpoint_eval_20260527_sacred_1-12,qmix_MarineMicro_MvsM_4_dist_train_run_0002,,eval_8,27,,Win,39.0,20.0,True,pymarl/qmix_checkpoint_eval_20260527_sacred_1-12/qmix_MarineMicro_MvsM_4_dist_train_run_0002/evaluations/eval_8/bktree/node_log.txt,pymarl/qmix_checkpoint_eval_20260527_sacred_1-12/qmix_MarineMicro_MvsM_4_dist_train_run_0002/evaluations/eval_8/bktree,C:\Users\Binich\PycharmProjects\PredictionRTS\output\learner_results\all_data\fused_bktree_web_batch_20260612_153602_top100_anchor_no_replay\MarineMicro_MvsM_4_dist\bktree,17,17,0,0,0 1 23 41 75 152 43 43 153 153 39 154 79 68 10 10 11,0 1 23 41 75 152 43 43 153 153 39 154 79 68 10 10 11,source_bktree source_bktree source_bktree source_bktree source_bktree source_bktree source_bktree source_bktree source_bktree source_bktree source_bktree source_bktree source_bktree source_bktree source_bktree source_bktree source_bktree,0 1 23 41 75 152 43 43 153 153 39 154 79 68 10 10 11
258,MarineMicro_MvsM_4_dist,QMIX,PyMARL,qmix_MarineMicro_MvsM_4_dist_train_run_0002,qmix_checkpoint_eval_20260527_sacred_1-12,qmix_MarineMicro_MvsM_4_dist_train_run_0002,,eval_8,49,,Win,39.0,20.0,True,pymarl/qmix_checkpoint_eval_20260527_sacred_1-12/qmix_MarineMicro_MvsM_4_dist_train_run_0002/evaluations/eval_8/bktree/node_log.txt,pymarl/qmix_checkpoint_eval_20260527_sacred_1-12/qmix_MarineMicro_MvsM_4_dist_train_run_0002/evaluations/eval_8/bktree,C:\Users\Binich\PycharmProjects\PredictionRTS\output\learner_results\all_data\fused_bktree_web_batch_20260612_153602_top100_anchor_no_replay\MarineMicro_MvsM_4_dist\bktree,17,17,0,0,0 1 1 94 212 105 175 37 38 38 196 78 40 213 10 10 11,0 1 1 94 212 105 175 37 38 38 196 78 40 213 10 10 11,source_bktree source_bktree source_bktree source_bktree source_bktree source_bktree source_bktree source_bktree source_bktree source_bktree source_bktree source_bktree source_bktree source_bktree source_bktree source_bktree source_bktree,0 1 1 94 212 105 175 37 38 38 196 78 40 213 10 10 11
259,MarineMicro_MvsM_4_dist,QMIX,PyMARL,qmix_MarineMicro_MvsM_4_dist_train_run_0002,qmix_checkpoint_eval_20260527_sacred_1-12,qmix_MarineMicro_MvsM_4_dist_train_run_0002,,eval_8,63,,Win,39.0,20.0,True,pymarl/qmix_checkpoint_eval_20260527_sacred_1-12/qmix_MarineMicro_MvsM_4_dist_train_run_0002/evaluations/eval_8/bktree/node_log.txt,pymarl/qmix_checkpoint_eval_20260527_sacred_1-12/qmix_MarineMicro_MvsM_4_dist_train_run_0002/evaluations/eval_8/bktree,C:\Users\Binich\PycharmProjects\PredictionRTS\output\learner_results\all_data\fused_bktree_web_batch_20260612_153602_top100_anchor_no_replay\MarineMicro_MvsM_4_dist\bktree,17,17,0,0,0 22 23 239 36 36 37 37 240 5 45 241 112 31 31 19 11,0 22 23 239 36 36 37 37 240 5 45 241 112 31 31 19 11,source_bktree source_bktree source_bktree source_bktree source_bktree source_bktree source_bktree source_bktree source_bktree source_bktree source_bktree source_bktree source_bktree source_bktree source_bktree source_bktree source_bktree,0 22 23 239 36 36 37 37 240 5 45 241 112 31 31 19 11
260,MarineMicro_MvsM_4_dist,QMIX,PyMARL,qmix_MarineMicro_MvsM_4_dist_train_run_0002,qmix_checkpoint_eval_20260527_sacred_1-12,qmix_MarineMicro_MvsM_4_dist_train_run_0002,,eval_8,97,,Win,39.0,20.0,True,pymarl/qmix_checkpoint_eval_20260527_sacred_1-12/qmix_MarineMicro_MvsM_4_dist_train_run_0002/evaluations/eval_8/bktree/node_log.txt,pymarl/qmix_checkpoint_eval_20260527_sacred_1-12/qmix_MarineMicro_MvsM_4_dist_train_run_0002/evaluations/eval_8/bktree,C:\Users\Binich\PycharmProjects\PredictionRTS\output\learner_results\all_data\fused_bktree_web_batch_20260612_153602_top100_anchor_no_replay\MarineMicro_MvsM_4_dist\bktree,17,17,0,0,0 22 22 24 25 26 27 27 268 110 111 304 18 31 47 31 32,0 22 22 24 25 26 27 27 268 110 111 304 18 31 47 31 32,source_bktree source_bktree source_bktree source_bktree source_bktree source_bktree source_bktree source_bktree source_bktree source_bktree source_bktree source_bktree source_bktree source_bktree source_bktree source_bktree source_bktree,0 22 22 24 25 26 27 27 268 110 111 304 18 31 47 31 32
261,MarineMicro_MvsM_4_dist,QMIX,PyMARL,qmix_MarineMicro_MvsM_4_dist_train_run_0002,qmix_checkpoint_eval_20260527_sacred_1-12,qmix_MarineMicro_MvsM_4_dist_train_run_0002,,eval_8,21,,Win,39.0,20.0,True,pymarl/qmix_checkpoint_eval_20260527_sacred_1-12/qmix_MarineMicro_MvsM_4_dist_train_run_0002/evaluations/eval_8/bktree/node_log.txt,pymarl/qmix_checkpoint_eval_20260527_sacred_1-12/qmix_MarineMicro_MvsM_4_dist_train_run_0002/evaluations/eval_8/bktree,C:\Users\Binich\PycharmProjects\PredictionRTS\output\learner_results\all_data\fused_bktree_web_batch_20260612_153602_top100_anchor_no_replay\MarineMicro_MvsM_4_dist\bktree,18,18,0,0,0 22 22 24 26 26 27 27 28 126 127 127 112 31 31 31 47 32,0 22 22 24 26 26 27 27 28 126 127 127 112 31 31 31 47 32,source_bktree source_bktree source_bktree source_bktree source_bktree source_bktree source_bktree source_bktree source_bktree source_bktree source_bktree source_bktree source_bktree source_bktree source_bktree source_bktree source_bktree source_bktree,0 22 22 24 26 26 27 27 28 126 127 127 112 31 31 31 47 32
262,MarineMicro_MvsM_4_dist,QMIX,PyMARL,qmix_MarineMicro_MvsM_4_dist_train_run_0002,qmix_checkpoint_eval_20260527_sacred_1-12,qmix_MarineMicro_MvsM_4_dist_train_run_0002,,eval_8,29,,Win,39.0,20.0,True,pymarl/qmix_checkpoint_eval_20260527_sacred_1-12/qmix_MarineMicro_MvsM_4_dist_train_run_0002/evaluations/eval_8/bktree/node_log.txt,pymarl/qmix_checkpoint_eval_20260527_sacred_1-12/qmix_MarineMicro_MvsM_4_dist_train_run_0002/evaluations/eval_8/bktree,C:\Users\Binich\PycharmProjects\PredictionRTS\output\learner_results\all_data\fused_bktree_web_batch_20260612_153602_top100_anchor_no_replay\MarineMicro_MvsM_4_dist\bktree,18,18,0,0,0 33 33 34 36 36 37 37 145 160 160 161 161 162 162 19 74 11,0 33 33 34 36 36 37 37 145 160 160 161 161 162 162 19 74 11,source_bktree source_bktree source_bktree source_bktree source_bktree source_bktree source_bktree source_bktree source_bktree source_bktree source_bktree source_bktree source_bktree source_bktree source_bktree source_bktree source_bktree source_bktree,0 33 33 34 36 36 37 37 145 160 160 161 161 162 162 19 74 11
263,MarineMicro_MvsM_4_dist,QMIX,PyMARL,qmix_MarineMicro_MvsM_4_dist_train_run_0002,qmix_checkpoint_eval_20260527_sacred_1-12,qmix_MarineMicro_MvsM_4_dist_train_run_0002,,eval_8,85,,Win,36.0,20.0,True,pymarl/qmix_checkpoint_eval_20260527_sacred_1-12/qmix_MarineMicro_MvsM_4_dist_train_run_0002/evaluations/eval_8/bktree/node_log.txt,pymarl/qmix_checkpoint_eval_20260527_sacred_1-12/qmix_MarineMicro_MvsM_4_dist_train_run_0002/evaluations/eval_8/bktree,C:\Users\Binich\PycharmProjects\PredictionRTS\output\learner_results\all_data\fused_bktree_web_batch_20260612_153602_top100_anchor_no_replay\MarineMicro_MvsM_4_dist\bktree,16,16,0,0,0 1 23 24 53 26 225 225 28 231 232 238 288 289 59 290,0 1 23 24 53 26 225 225 28 231 232 238 288 289 59 290,source_bktree source_bktree source_bktree source_bktree source_bktree source_bktree source_bktree source_bktree source_bktree source_bktree source_bktree source_bktree source_bktree source_bktree source_bktree source_bktree,0 1 23 24 53 26 225 225 28 231 232 238 288 289 59 290
264,MarineMicro_MvsM_4_dist,QMIX,PyMARL,qmix_MarineMicro_MvsM_4_dist_train_run_0002,qmix_checkpoint_eval_20260527_sacred_1-12,qmix_MarineMicro_MvsM_4_dist_train_run_0002,,eval_8,19,,Win,36.0,20.0,True,pymarl/qmix_checkpoint_eval_20260527_sacred_1-12/qmix_MarineMicro_MvsM_4_dist_train_run_0002/evaluations/eval_8/bktree/node_log.txt,pymarl/qmix_checkpoint_eval_20260527_sacred_1-12/qmix_MarineMicro_MvsM_4_dist_train_run_0002/evaluations/eval_8/bktree,C:\Users\Binich\PycharmProjects\PredictionRTS\output\learner_results\all_data\fused_bktree_web_batch_20260612_153602_top100_anchor_no_replay\MarineMicro_MvsM_4_dist\bktree,17,17,0,0,0 1 12 94 118 118 119 119 120 120 121 121 122 123 20 20 21,0 1 12 94 118 118 119 119 120 120 121 121 122 123 20 20 21,source_bktree source_bktree source_bktree source_bktree source_bktree source_bktree source_bktree source_bktree source_bktree source_bktree source_bktree source_bktree source_bktree source_bktree source_bktree source_bktree source_bktree,0 1 12 94 118 118 119 119 120 120 121 121 122 123 20 20 21
265,MarineMicro_MvsM_4_dist,QMIX,PyMARL,qmix_MarineMicro_MvsM_4_dist_train_run_0002,qmix_checkpoint_eval_20260527_sacred_1-12,qmix_MarineMicro_MvsM_4_dist_train_run_0002,,eval_8,23,,Win,36.0,20.0,True,pymarl/qmix_checkpoint_eval_20260527_sacred_1-12/qmix_MarineMicro_MvsM_4_dist_train_run_0002/evaluations/eval_8/bktree/node_log.txt,pymarl/qmix_checkpoint_eval_20260527_sacred_1-12/qmix_MarineMicro_MvsM_4_dist_train_run_0002/evaluations/eval_8/bktree,C:\Users\Binich\PycharmProjects\PredictionRTS\output\learner_results\all_data\fused_bktree_web_batch_20260612_153602_top100_anchor_no_replay\MarineMicro_MvsM_4_dist\bktree,17,17,0,0,0 33 33 52 26 26 54 54 55 71 135 136 57 137 59 59 21,0 33 33 52 26 26 54 54 55 71 135 136 57 137 59 59 21,source_bktree source_bktree source_bktree source_bktree source_bktree source_bktree source_bktree source_bktree source_bktree source_bktree source_bktree source_bktree source_bktree source_bktree source_bktree source_bktree source_bktree,0 33 33 52 26 26 54 54 55 71 135 136 57 137 59 59 21
266,MarineMicro_MvsM_4_dist,QMIX,PyMARL,qmix_MarineMicro_MvsM_4_dist_train_run_0002,qmix_checkpoint_eval_20260527_sacred_1-12,qmix_MarineMicro_MvsM_4_dist_train_run_0002,,eval_8,46,,Win,36.0,20.0,True,pymarl/qmix_checkpoint_eval_20260527_sacred_1-12/qmix_MarineMicro_MvsM_4_dist_train_run_0002/evaluations/eval_8/bktree/node_log.txt,pymarl/qmix_checkpoint_eval_20260527_sacred_1-12/qmix_MarineMicro_MvsM_4_dist_train_run_0002/evaluations/eval_8/bktree,C:\Users\Binich\PycharmProjects\PredictionRTS\output\learner_results\all_data\fused_bktree_web_batch_20260612_153602_top100_anchor_no_replay\MarineMicro_MvsM_4_dist\bktree,18,18,0,0,0 1 23 24 53 105 96 96 110 205 111 206 206 207 208 20 20 21,0 1 23 24 53 105 96 96 110 205 111 206 206 207 208 20 20 21,source_bktree source_bktree source_bktree source_bktree source_bktree source_bktree source_bktree source_bktree source_bktree source_bktree source_bktree source_bktree source_bktree source_bktree source_bktree source_bktree source_bktree source_bktree,0 1 23 24 53 105 96 96 110 205 111 206 206 207 208 20 20 21
267,MarineMicro_MvsM_4_dist,QMIX,PyMARL,qmix_MarineMicro_MvsM_4_dist_train_run_0002,qmix_checkpoint_eval_20260527_sacred_1-12,qmix_MarineMicro_MvsM_4_dist_train_run_0002,,eval_8,53,,Win,36.0,20.0,True,pymarl/qmix_checkpoint_eval_20260527_sacred_1-12/qmix_MarineMicro_MvsM_4_dist_train_run_0002/evaluations/eval_8/bktree/node_log.txt,pymarl/qmix_checkpoint_eval_20260527_sacred_1-12/qmix_MarineMicro_MvsM_4_dist_train_run_0002/evaluations/eval_8/bktree,C:\Users\Binich\PycharmProjects\PredictionRTS\output\learner_results\all_data\fused_bktree_web_batch_20260612_153602_top100_anchor_no_replay\MarineMicro_MvsM_4_dist\bktree,18,18,0,0,0 33 33 34 53 36 54 54 71 71 135 136 57 137 137 59 59 21,0 33 33 34 53 36 54 54 71 71 135 136 57 137 137 59 59 21,source_bktree source_bktree source_bktree source_bktree source_bktree source_bktree source_bktree source_bktree source_bktree source_bktree source_bktree source_bktree source_bktree source_bktree source_bktree source_bktree source_bktree source_bktree,0 33 33 34 53 36 54 54 71 71 135 136 57 137 137 59 59 21
268,MarineMicro_MvsM_4_dist,QMIX,PyMARL,qmix_MarineMicro_MvsM_4_dist_train_run_0002,qmix_checkpoint_eval_20260527_sacred_1-12,qmix_MarineMicro_MvsM_4_dist_train_run_0002,,eval_8,58,,Win,36.0,20.0,True,pymarl/qmix_checkpoint_eval_20260527_sacred_1-12/qmix_MarineMicro_MvsM_4_dist_train_run_0002/evaluations/eval_8/bktree/node_log.txt,pymarl/qmix_checkpoint_eval_20260527_sacred_1-12/qmix_MarineMicro_MvsM_4_dist_train_run_0002/evaluations/eval_8/bktree,C:\Users\Binich\PycharmProjects\PredictionRTS\output\learner_results\all_data\fused_bktree_web_batch_20260612_153602_top100_anchor_no_replay\MarineMicro_MvsM_4_dist\bktree,18,18,0,0,0 22 23 24 53 26 27 225 28 226 29 227 228 229 208 208 150 230,0 22 23 24 53 26 27 225 28 226 29 227 228 229 208 208 150 230,source_bktree source_bktree source_bktree source_bktree source_bktree source_bktree source_bktree source_bktree source_bktree source_bktree source_bktree source_bktree source_bktree source_bktree source_bktree source_bktree source_bktree source_bktree,0 22 23 24 53 26 27 225 28 226 29 227 228 229 208 208 150 230
269,MarineMicro_MvsM_4_dist,QMIX,PyMARL,qmix_MarineMicro_MvsM_4_dist_train_run_0002,qmix_checkpoint_eval_20260527_sacred_1-12,qmix_MarineMicro_MvsM_4_dist_train_run_0002,,eval_8,75,,Win,36.0,20.0,True,pymarl/qmix_checkpoint_eval_20260527_sacred_1-12/qmix_MarineMicro_MvsM_4_dist_train_run_0002/evaluations/eval_8/bktree/node_log.txt,pymarl/qmix_checkpoint_eval_20260527_sacred_1-12/qmix_MarineMicro_MvsM_4_dist_train_run_0002/evaluations/eval_8/bktree,C:\Users\Binich\PycharmProjects\PredictionRTS\output\learner_results\all_data\fused_bktree_web_batch_20260612_153602_top100_anchor_no_replay\MarineMicro_MvsM_4_dist\bktree,19,19,0,0,0 1 1 2 75 147 37 37 220 223 82 238 241 19 19 59 59 20 21,0 1 1 2 75 147 37 37 220 223 82 238 241 19 19 59 59 20 21,source_bktree source_bktree source_bktree source_bktree source_bktree source_bktree source_bktree source_bktree source_bktree source_bktree source_bktree source_bktree source_bktree source_bktree source_bktree source_bktree source_bktree source_bktree source_bktree,0 1 1 2 75 147 37 37 220 223 82 238 241 19 19 59 59 20 21
270,MarineMicro_MvsM_4_dist,QMIX,PyMARL,qmix_MarineMicro_MvsM_4_dist_train_run_0002,qmix_checkpoint_eval_20260527_sacred_1-12,qmix_MarineMicro_MvsM_4_dist_train_run_0002,,eval_8,78,,Win,36.0,20.0,True,pymarl/qmix_checkpoint_eval_20260527_sacred_1-12/qmix_MarineMicro_MvsM_4_dist_train_run_0002/evaluations/eval_8/bktree/node_log.txt,pymarl/qmix_checkpoint_eval_20260527_sacred_1-12/qmix_MarineMicro_MvsM_4_dist_train_run_0002/evaluations/eval_8/bktree,C:\Users\Binich\PycharmProjects\PredictionRTS\output\learner_results\all_data\fused_bktree_web_batch_20260612_153602_top100_anchor_no_replay\MarineMicro_MvsM_4_dist\bktree,20,20,0,0,0 33 33 52 26 36 54 48 223 272 49 273 274 274 256 275 275 103 103 276,0 33 33 52 26 36 54 48 223 272 49 273 274 274 256 275 275 103 103 276,source_bktree source_bktree source_bktree source_bktree source_bktree source_bktree source_bktree source_bktree source_bktree source_bktree source_bktree source_bktree source_bktree source_bktree source_bktree source_bktree source_bktree source_bktree source_bktree source_bktree,0 33 33 52 26 36 54 48 223 272 49 273 274 274 256 275 275 103 103 276
271,MarineMicro_MvsM_4_dist,QMIX,PyMARL,qmix_MarineMicro_MvsM_4_dist_train_run_0002,qmix_checkpoint_eval_20260527_sacred_1-12,qmix_MarineMicro_MvsM_4_dist_train_run_0002,,eval_8,13,,Win,33.0,20.0,True,pymarl/qmix_checkpoint_eval_20260527_sacred_1-12/qmix_MarineMicro_MvsM_4_dist_train_run_0002/evaluations/eval_8/bktree/node_log.txt,pymarl/qmix_checkpoint_eval_20260527_sacred_1-12/qmix_MarineMicro_MvsM_4_dist_train_run_0002/evaluations/eval_8/bktree,C:\Users\Binich\PycharmProjects\PredictionRTS\output\learner_results\all_data\fused_bktree_web_batch_20260612_153602_top100_anchor_no_replay\MarineMicro_MvsM_4_dist\bktree,16,16,0,0,0 22 22 84 85 86 87 87 28 88 89 90 91 92 92 93,0 22 22 84 85 86 87 87 28 88 89 90 91 92 92 93,source_bktree source_bktree source_bktree source_bktree source_bktree source_bktree source_bktree source_bktree source_bktree source_bktree source_bktree source_bktree source_bktree source_bktree source_bktree source_bktree,0 22 22 84 85 86 87 87 28 88 89 90 91 92 92 93
272,MarineMicro_MvsM_4_dist,QMIX,PyMARL,qmix_MarineMicro_MvsM_4_dist_train_run_0002,qmix_checkpoint_eval_20260527_sacred_1-12,qmix_MarineMicro_MvsM_4_dist_train_run_0002,,eval_8,20,,Win,33.0,20.0,True,pymarl/qmix_checkpoint_eval_20260527_sacred_1-12/qmix_MarineMicro_MvsM_4_dist_train_run_0002/evaluations/eval_8/bktree/node_log.txt,pymarl/qmix_checkpoint_eval_20260527_sacred_1-12/qmix_MarineMicro_MvsM_4_dist_train_run_0002/evaluations/eval_8/bktree,C:\Users\Binich\PycharmProjects\PredictionRTS\output\learner_results\all_data\fused_bktree_web_batch_20260612_153602_top100_anchor_no_replay\MarineMicro_MvsM_4_dist\bktree,16,16,0,0,0 33 33 34 35 35 80 37 124 124 49 50 125 19 19 11,0 33 33 34 35 35 80 37 124 124 49 50 125 19 19 11,source_bktree source_bktree source_bktree source_bktree source_bktree source_bktree source_bktree source_bktree source_bktree source_bktree source_bktree source_bktree source_bktree source_bktree source_bktree source_bktree,0 33 33 34 35 35 80 37 124 124 49 50 125 19 19 11
273,MarineMicro_MvsM_4_dist,QMIX,PyMARL,qmix_MarineMicro_MvsM_4_dist_train_run_0002,qmix_checkpoint_eval_20260527_sacred_1-12,qmix_MarineMicro_MvsM_4_dist_train_run_0002,,eval_8,44,,Win,33.0,20.0,True,pymarl/qmix_checkpoint_eval_20260527_sacred_1-12/qmix_MarineMicro_MvsM_4_dist_train_run_0002/evaluations/eval_8/bktree/node_log.txt,pymarl/qmix_checkpoint_eval_20260527_sacred_1-12/qmix_MarineMicro_MvsM_4_dist_train_run_0002/evaluations/eval_8/bktree,C:\Users\Binich\PycharmProjects\PredictionRTS\output\learner_results\all_data\fused_bktree_web_batch_20260612_153602_top100_anchor_no_replay\MarineMicro_MvsM_4_dist\bktree,16,16,0,0,0 33 33 34 36 36 37 37 71 197 49 125 125 19 19 113,0 33 33 34 36 36 37 37 71 197 49 125 125 19 19 113,source_bktree source_bktree source_bktree source_bktree source_bktree source_bktree source_bktree source_bktree source_bktree source_bktree source_bktree source_bktree source_bktree source_bktree source_bktree source_bktree,0 33 33 34 36 36 37 37 71 197 49 125 125 19 19 113
274,MarineMicro_MvsM_4_dist,QMIX,PyMARL,qmix_MarineMicro_MvsM_4_dist_train_run_0002,qmix_checkpoint_eval_20260527_sacred_1-12,qmix_MarineMicro_MvsM_4_dist_train_run_0002,,eval_8,73,,Win,33.0,20.0,True,pymarl/qmix_checkpoint_eval_20260527_sacred_1-12/qmix_MarineMicro_MvsM_4_dist_train_run_0002/evaluations/eval_8/bktree/node_log.txt,pymarl/qmix_checkpoint_eval_20260527_sacred_1-12/qmix_MarineMicro_MvsM_4_dist_train_run_0002/evaluations/eval_8/bktree,C:\Users\Binich\PycharmProjects\PredictionRTS\output\learner_results\all_data\fused_bktree_web_batch_20260612_153602_top100_anchor_no_replay\MarineMicro_MvsM_4_dist\bktree,16,16,0,0,0 33 12 242 181 128 129 129 131 131 255 255 267 267 10 11,0 33 12 242 181 128 129 129 131 131 255 255 267 267 10 11,source_bktree source_bktree source_bktree source_bktree source_bktree source_bktree source_bktree source_bktree source_bktree source_bktree source_bktree source_bktree source_bktree source_bktree source_bktree source_bktree,0 33 12 242 181 128 129 129 131 131 255 255 267 267 10 11
275,MarineMicro_MvsM_4_dist,QMIX,PyMARL,qmix_MarineMicro_MvsM_4_dist_train_run_0002,qmix_checkpoint_eval_20260527_sacred_1-12,qmix_MarineMicro_MvsM_4_dist_train_run_0002,,eval_8,1,,Win,33.0,20.0,True,pymarl/qmix_checkpoint_eval_20260527_sacred_1-12/qmix_MarineMicro_MvsM_4_dist_train_run_0002/evaluations/eval_8/bktree/node_log.txt,pymarl/qmix_checkpoint_eval_20260527_sacred_1-12/qmix_MarineMicro_MvsM_4_dist_train_run_0002/evaluations/eval_8/bktree,C:\Users\Binich\PycharmProjects\PredictionRTS\output\learner_results\all_data\fused_bktree_web_batch_20260612_153602_top100_anchor_no_replay\MarineMicro_MvsM_4_dist\bktree,17,17,0,0,0 1 1 2 3 3 4 4 5 5 6 7 8 9 9 10 11,0 1 1 2 3 3 4 4 5 5 6 7 8 9 9 10 11,source_bktree_start_anchor source_bktree source_bktree source_bktree source_bktree source_bktree source_bktree source_bktree source_bktree source_bktree source_bktree source_bktree source_bktree source_bktree source_bktree source_bktree source_bktree,0 1 1 2 3 3 4 4 5 5 6 7 8 9 9 10 11
276,MarineMicro_MvsM_4_dist,QMIX,PyMARL,qmix_MarineMicro_MvsM_4_dist_train_run_0002,qmix_checkpoint_eval_20260527_sacred_1-12,qmix_MarineMicro_MvsM_4_dist_train_run_0002,,eval_8,7,,Win,33.0,20.0,True,pymarl/qmix_checkpoint_eval_20260527_sacred_1-12/qmix_MarineMicro_MvsM_4_dist_train_run_0002/evaluations/eval_8/bktree/node_log.txt,pymarl/qmix_checkpoint_eval_20260527_sacred_1-12/qmix_MarineMicro_MvsM_4_dist_train_run_0002/evaluations/eval_8/bktree,C:\Users\Binich\PycharmProjects\PredictionRTS\output\learner_results\all_data\fused_bktree_web_batch_20260612_153602_top100_anchor_no_replay\MarineMicro_MvsM_4_dist\bktree,17,17,0,0,0 33 33 52 53 53 54 54 55 55 56 56 57 58 59 60 61,0 33 33 52 53 53 54 54 55 55 56 56 57 58 59 60 61,source_bktree source_bktree source_bktree source_bktree source_bktree source_bktree source_bktree source_bktree source_bktree source_bktree source_bktree source_bktree source_bktree source_bktree source_bktree source_bktree source_bktree,0 33 33 52 53 53 54 54 55 55 56 56 57 58 59 60 61
277,MarineMicro_MvsM_4_dist,QMIX,PyMARL,qmix_MarineMicro_MvsM_4_dist_train_run_0002,qmix_checkpoint_eval_20260527_sacred_1-12,qmix_MarineMicro_MvsM_4_dist_train_run_0002,,eval_8,16,,Win,33.0,20.0,True,pymarl/qmix_checkpoint_eval_20260527_sacred_1-12/qmix_MarineMicro_MvsM_4_dist_train_run_0002/evaluations/eval_8/bktree/node_log.txt,pymarl/qmix_checkpoint_eval_20260527_sacred_1-12/qmix_MarineMicro_MvsM_4_dist_train_run_0002/evaluations/eval_8/bktree,C:\Users\Binich\PycharmProjects\PredictionRTS\output\learner_results\all_data\fused_bktree_web_batch_20260612_153602_top100_anchor_no_replay\MarineMicro_MvsM_4_dist\bktree,17,17,0,0,0 1 22 24 25 26 27 27 110 110 17 111 112 31 47 74 113,0 1 22 24 25 26 27 27 110 110 17 111 112 31 47 74 113,source_bktree source_bktree source_bktree source_bktree source_bktree source_bktree source_bktree source_bktree source_bktree source_bktree source_bktree source_bktree source_bktree source_bktree source_bktree source_bktree source_bktree,0 1 22 24 25 26 27 27 110 110 17 111 112 31 47 74 113
278,MarineMicro_MvsM_4_dist,QMIX,PyMARL,qmix_MarineMicro_MvsM_4_dist_train_run_0002,qmix_checkpoint_eval_20260527_sacred_1-12,qmix_MarineMicro_MvsM_4_dist_train_run_0002,,eval_8,30,,Win,33.0,20.0,True,pymarl/qmix_checkpoint_eval_20260527_sacred_1-12/qmix_MarineMicro_MvsM_4_dist_train_run_0002/evaluations/eval_8/bktree/node_log.txt,pymarl/qmix_checkpoint_eval_20260527_sacred_1-12/qmix_MarineMicro_MvsM_4_dist_train_run_0002/evaluations/eval_8/bktree,C:\Users\Binich\PycharmProjects\PredictionRTS\output\learner_results\all_data\fused_bktree_web_batch_20260612_153602_top100_anchor_no_replay\MarineMicro_MvsM_4_dist\bktree,17,17,0,0,0 1 1 2 62 3 37 63 64 5 6 7 7 8 9 10 11,0 1 1 2 62 3 37 63 64 5 6 7 7 8 9 10 11,source_bktree source_bktree source_bktree source_bktree source_bktree source_bktree source_bktree source_bktree source_bktree source_bktree source_bktree source_bktree source_bktree source_bktree source_bktree source_bktree source_bktree,0 1 1 2 62 3 37 63 64 5 6 7 7 8 9 10 11
279,MarineMicro_MvsM_4_dist,QMIX,PyMARL,qmix_MarineMicro_MvsM_4_dist_train_run_0002,qmix_checkpoint_eval_20260527_sacred_1-12,qmix_MarineMicro_MvsM_4_dist_train_run_0002,,eval_8,82,,Win,33.0,20.0,True,pymarl/qmix_checkpoint_eval_20260527_sacred_1-12/qmix_MarineMicro_MvsM_4_dist_train_run_0002/evaluations/eval_8/bktree/node_log.txt,pymarl/qmix_checkpoint_eval_20260527_sacred_1-12/qmix_MarineMicro_MvsM_4_dist_train_run_0002/evaluations/eval_8/bktree,C:\Users\Binich\PycharmProjects\PredictionRTS\output\learner_results\all_data\fused_bktree_web_batch_20260612_153602_top100_anchor_no_replay\MarineMicro_MvsM_4_dist\bktree,17,17,0,0,0 1 94 104 95 105 96 284 97 285 99 211 211 31 286 286 32,0 1 94 104 95 105 96 284 97 285 99 211 211 31 286 286 32,source_bktree source_bktree source_bktree source_bktree source_bktree source_bktree source_bktree source_bktree source_bktree source_bktree source_bktree source_bktree source_bktree source_bktree source_bktree source_bktree source_bktree,0 1 94 104 95 105 96 284 97 285 99 211 211 31 286 286 32
280,MarineMicro_MvsM_4_dist,QMIX,PyMARL,qmix_MarineMicro_MvsM_4_dist_train_run_0002,qmix_checkpoint_eval_20260527_sacred_1-12,qmix_MarineMicro_MvsM_4_dist_train_run_0002,,eval_8,3,,Win,33.0,20.0,True,pymarl/qmix_checkpoint_eval_20260527_sacred_1-12/qmix_MarineMicro_MvsM_4_dist_train_run_0002/evaluations/eval_8/bktree/node_log.txt,pymarl/qmix_checkpoint_eval_20260527_sacred_1-12/qmix_MarineMicro_MvsM_4_dist_train_run_0002/evaluations/eval_8/bktree,C:\Users\Binich\PycharmProjects\PredictionRTS\output\learner_results\all_data\fused_bktree_web_batch_20260612_153602_top100_anchor_no_replay\MarineMicro_MvsM_4_dist\bktree,18,18,0,0,0 22 23 24 25 26 27 27 28 28 29 30 30 31 31 31 31 32,0 22 23 24 25 26 27 27 28 28 29 30 30 31 31 31 31 32,source_bktree source_bktree source_bktree source_bktree source_bktree source_bktree source_bktree source_bktree source_bktree source_bktree source_bktree source_bktree source_bktree source_bktree source_bktree source_bktree source_bktree source_bktree,0 22 23 24 25 26 27 27 28 28 29 30 30 31 31 31 31 32
281,MarineMicro_MvsM_4_dist,QMIX,PyMARL,qmix_MarineMicro_MvsM_4_dist_train_run_0002,qmix_checkpoint_eval_20260527_sacred_1-12,qmix_MarineMicro_MvsM_4_dist_train_run_0002,,eval_8,64,,Win,30.0,20.0,True,pymarl/qmix_checkpoint_eval_20260527_sacred_1-12/qmix_MarineMicro_MvsM_4_dist_train_run_0002/evaluations/eval_8/bktree/node_log.txt,pymarl/qmix_checkpoint_eval_20260527_sacred_1-12/qmix_MarineMicro_MvsM_4_dist_train_run_0002/evaluations/eval_8/bktree,C:\Users\Binich\PycharmProjects\PredictionRTS\output\learner_results\all_data\fused_bktree_web_batch_20260612_153602_top100_anchor_no_replay\MarineMicro_MvsM_4_dist\bktree,17,17,0,0,0 33 33 242 243 244 80 236 245 246 246 247 211 248 59 20 21,0 33 33 242 243 244 80 236 245 246 246 247 211 248 59 20 21,source_bktree source_bktree source_bktree source_bktree source_bktree source_bktree source_bktree source_bktree source_bktree source_bktree source_bktree source_bktree source_bktree source_bktree source_bktree source_bktree source_bktree,0 33 33 242 243 244 80 236 245 246 246 247 211 248 59 20 21
282,MarineMicro_MvsM_4_dist,QMIX,PyMARL,qmix_MarineMicro_MvsM_4_dist_train_run_0002,qmix_checkpoint_eval_20260527_sacred_1-12,qmix_MarineMicro_MvsM_4_dist_train_run_0002,,eval_8,83,,Win,30.0,20.0,True,pymarl/qmix_checkpoint_eval_20260527_sacred_1-12/qmix_MarineMicro_MvsM_4_dist_train_run_0002/evaluations/eval_8/bktree/node_log.txt,pymarl/qmix_checkpoint_eval_20260527_sacred_1-12/qmix_MarineMicro_MvsM_4_dist_train_run_0002/evaluations/eval_8/bktree,C:\Users\Binich\PycharmProjects\PredictionRTS\output\learner_results\all_data\fused_bktree_web_batch_20260612_153602_top100_anchor_no_replay\MarineMicro_MvsM_4_dist\bktree,17,17,0,0,0 33 52 34 53 36 54 48 223 223 49 72 57 102 51 287 21,0 33 52 34 53 36 54 48 223 223 49 72 57 102 51 287 21,source_bktree source_bktree source_bktree source_bktree source_bktree source_bktree source_bktree source_bktree source_bktree source_bktree source_bktree source_bktree source_bktree source_bktree source_bktree source_bktree source_bktree,0 33 52 34 53 36 54 48 223 223 49 72 57 102 51 287 21
283,MarineMicro_MvsM_4_dist,QMIX,PyMARL,qmix_MarineMicro_MvsM_4_dist_train_run_0002,qmix_checkpoint_eval_20260527_sacred_1-12,qmix_MarineMicro_MvsM_4_dist_train_run_0002,,eval_8,36,,Win,30.0,20.0,True,pymarl/qmix_checkpoint_eval_20260527_sacred_1-12/qmix_MarineMicro_MvsM_4_dist_train_run_0002/evaluations/eval_8/bktree/node_log.txt,pymarl/qmix_checkpoint_eval_20260527_sacred_1-12/qmix_MarineMicro_MvsM_4_dist_train_run_0002/evaluations/eval_8/bktree,C:\Users\Binich\PycharmProjects\PredictionRTS\output\learner_results\all_data\fused_bktree_web_batch_20260612_153602_top100_anchor_no_replay\MarineMicro_MvsM_4_dist\bktree,18,18,0,0,0 33 174 138 105 105 175 175 176 176 99 99 177 31 59 20 20 21,0 33 174 138 105 105 175 175 176 176 99 99 177 31 59 20 20 21,source_bktree source_bktree source_bktree source_bktree source_bktree source_bktree source_bktree source_bktree source_bktree source_bktree source_bktree source_bktree source_bktree source_bktree source_bktree source_bktree source_bktree source_bktree,0 33 174 138 105 105 175 175 176 176 99 99 177 31 59 20 20 21
284,MarineMicro_MvsM_4_dist,QMIX,PyMARL,qmix_MarineMicro_MvsM_4_dist_train_run_0002,qmix_checkpoint_eval_20260527_sacred_1-12,qmix_MarineMicro_MvsM_4_dist_train_run_0002,,eval_8,31,,Win,27.0,20.0,True,pymarl/qmix_checkpoint_eval_20260527_sacred_1-12/qmix_MarineMicro_MvsM_4_dist_train_run_0002/evaluations/eval_8/bktree/node_log.txt,pymarl/qmix_checkpoint_eval_20260527_sacred_1-12/qmix_MarineMicro_MvsM_4_dist_train_run_0002/evaluations/eval_8/bktree,C:\Users\Binich\PycharmProjects\PredictionRTS\output\learner_results\all_data\fused_bktree_web_batch_20260612_153602_top100_anchor_no_replay\MarineMicro_MvsM_4_dist\bktree,16,16,0,0,0 22 22 84 85 86 87 87 106 106 163 163 91 9 10 11,0 22 22 84 85 86 87 87 106 106 163 163 91 9 10 11,source_bktree source_bktree source_bktree source_bktree source_bktree source_bktree source_bktree source_bktree source_bktree source_bktree source_bktree source_bktree source_bktree source_bktree source_bktree source_bktree,0 22 22 84 85 86 87 87 106 106 163 163 91 9 10 11
285,MarineMicro_MvsM_4_dist,QMIX,PyMARL,qmix_MarineMicro_MvsM_4_dist_train_run_0002,qmix_checkpoint_eval_20260527_sacred_1-12,qmix_MarineMicro_MvsM_4_dist_train_run_0002,,eval_8,88,,Win,27.0,20.0,True,pymarl/qmix_checkpoint_eval_20260527_sacred_1-12/qmix_MarineMicro_MvsM_4_dist_train_run_0002/evaluations/eval_8/bktree/node_log.txt,pymarl/qmix_checkpoint_eval_20260527_sacred_1-12/qmix_MarineMicro_MvsM_4_dist_train_run_0002/evaluations/eval_8/bktree,C:\Users\Binich\PycharmProjects\PredictionRTS\output\learner_results\all_data\fused_bktree_web_batch_20260612_153602_top100_anchor_no_replay\MarineMicro_MvsM_4_dist\bktree,16,16,0,0,0 1 23 41 75 152 175 43 153 153 266 293 91 9 31 11,0 1 23 41 75 152 175 43 153 153 266 293 91 9 31 11,source_bktree source_bktree source_bktree source_bktree source_bktree source_bktree source_bktree source_bktree source_bktree source_bktree source_bktree source_bktree source_bktree source_bktree source_bktree source_bktree,0 1 23 41 75 152 175 43 153 153 266 293 91 9 31 11
286,MarineMicro_MvsM_4_dist,QMIX,PyMARL,qmix_MarineMicro_MvsM_4_dist_train_run_0002,qmix_checkpoint_eval_20260527_sacred_1-12,qmix_MarineMicro_MvsM_4_dist_train_run_0002,,eval_8,59,,Win,27.0,20.0,True,pymarl/qmix_checkpoint_eval_20260527_sacred_1-12/qmix_MarineMicro_MvsM_4_dist_train_run_0002/evaluations/eval_8/bktree/node_log.txt,pymarl/qmix_checkpoint_eval_20260527_sacred_1-12/qmix_MarineMicro_MvsM_4_dist_train_run_0002/evaluations/eval_8/bktree,C:\Users\Binich\PycharmProjects\PredictionRTS\output\learner_results\all_data\fused_bktree_web_batch_20260612_153602_top100_anchor_no_replay\MarineMicro_MvsM_4_dist\bktree,18,18,0,0,0 22 22 24 26 26 27 27 231 231 232 232 228 203 208 60 60 61,0 22 22 24 26 26 27 27 231 231 232 232 228 203 208 60 60 61,source_bktree source_bktree source_bktree source_bktree source_bktree source_bktree source_bktree source_bktree source_bktree source_bktree source_bktree source_bktree source_bktree source_bktree source_bktree source_bktree source_bktree source_bktree,0 22 22 24 26 26 27 27 231 231 232 232 228 203 208 60 60 61
287,MarineMicro_MvsM_4_dist,QMIX,PyMARL,qmix_MarineMicro_MvsM_4_dist_train_run_0002,qmix_checkpoint_eval_20260527_sacred_1-12,qmix_MarineMicro_MvsM_4_dist_train_run_0002,,eval_8,67,,Win,24.0,20.0,True,pymarl/qmix_checkpoint_eval_20260527_sacred_1-12/qmix_MarineMicro_MvsM_4_dist_train_run_0002/evaluations/eval_8/bktree/node_log.txt,pymarl/qmix_checkpoint_eval_20260527_sacred_1-12/qmix_MarineMicro_MvsM_4_dist_train_run_0002/evaluations/eval_8/bktree,C:\Users\Binich\PycharmProjects\PredictionRTS\output\learner_results\all_data\fused_bktree_web_batch_20260612_153602_top100_anchor_no_replay\MarineMicro_MvsM_4_dist\bktree,17,17,0,0,0 1 12 155 118 118 254 254 131 131 121 255 255 256 150 150 21,0 1 12 155 118 118 254 254 131 131 121 255 255 256 150 150 21,source_bktree source_bktree source_bktree source_bktree source_bktree source_bktree source_bktree source_bktree source_bktree source_bktree source_bktree source_bktree source_bktree source_bktree source_bktree source_bktree source_bktree,0 1 12 155 118 118 254 254 131 131 121 255 255 256 150 150 21
288,MarineMicro_MvsM_4_dist,QMIX,PyMARL,qmix_MarineMicro_MvsM_4_dist_train_run_0002,qmix_checkpoint_eval_20260527_sacred_1-12,qmix_MarineMicro_MvsM_4_dist_train_run_0002,,eval_8,62,,Win,24.0,20.0,True,pymarl/qmix_checkpoint_eval_20260527_sacred_1-12/qmix_MarineMicro_MvsM_4_dist_train_run_0002/evaluations/eval_8/bktree/node_log.txt,pymarl/qmix_checkpoint_eval_20260527_sacred_1-12/qmix_MarineMicro_MvsM_4_dist_train_run_0002/evaluations/eval_8/bktree,C:\Users\Binich\PycharmProjects\PredictionRTS\output\learner_results\all_data\fused_bktree_web_batch_20260612_153602_top100_anchor_no_replay\MarineMicro_MvsM_4_dist\bktree,18,18,0,0,0 22 22 13 198 36 96 236 220 237 237 238 238 149 149 150 59 21,0 22 22 13 198 36 96 236 220 237 237 238 238 149 149 150 59 21,source_bktree source_bktree source_bktree source_bktree source_bktree source_bktree source_bktree source_bktree source_bktree source_bktree source_bktree source_bktree source_bktree source_bktree source_bktree source_bktree source_bktree source_bktree,0 22 22 13 198 36 96 236 220 237 237 238 238 149 149 150 59 21
289,MarineMicro_MvsM_4_dist,QMIX,PyMARL,qmix_MarineMicro_MvsM_4_dist_train_run_0002,qmix_checkpoint_eval_20260527_sacred_1-12,qmix_MarineMicro_MvsM_4_dist_train_run_0002,,eval_8,48,,Win,24.0,20.0,True,pymarl/qmix_checkpoint_eval_20260527_sacred_1-12/qmix_MarineMicro_MvsM_4_dist_train_run_0002/evaluations/eval_8/bktree/node_log.txt,pymarl/qmix_checkpoint_eval_20260527_sacred_1-12/qmix_MarineMicro_MvsM_4_dist_train_run_0002/evaluations/eval_8/bktree,C:\Users\Binich\PycharmProjects\PredictionRTS\output\learner_results\all_data\fused_bktree_web_batch_20260612_153602_top100_anchor_no_replay\MarineMicro_MvsM_4_dist\bktree,19,19,0,0,0 1 94 104 210 105 96 96 97 97 99 177 211 51 59 208 59 150 21,0 1 94 104 210 105 96 96 97 97 99 177 211 51 59 208 59 150 21,source_bktree source_bktree source_bktree source_bktree source_bktree source_bktree source_bktree source_bktree source_bktree source_bktree source_bktree source_bktree source_bktree source_bktree source_bktree source_bktree source_bktree source_bktree source_bktree,0 1 94 104 210 105 96 96 97 97 99 177 211 51 59 208 59 150 21
290,MarineMicro_MvsM_4_dist,QMIX,PyMARL,qmix_MarineMicro_MvsM_4_dist_train_run_0002,qmix_checkpoint_eval_20260527_sacred_1-12,qmix_MarineMicro_MvsM_4_dist_train_run_0002,,eval_8,22,,Win,21.0,20.0,True,pymarl/qmix_checkpoint_eval_20260527_sacred_1-12/qmix_MarineMicro_MvsM_4_dist_train_run_0002/evaluations/eval_8/bktree/node_log.txt,pymarl/qmix_checkpoint_eval_20260527_sacred_1-12/qmix_MarineMicro_MvsM_4_dist_train_run_0002/evaluations/eval_8/bktree,C:\Users\Binich\PycharmProjects\PredictionRTS\output\learner_results\all_data\fused_bktree_web_batch_20260612_153602_top100_anchor_no_replay\MarineMicro_MvsM_4_dist\bktree,16,16,0,0,0 33 12 34 35 128 129 129 130 131 132 133 8 134 134 93,0 33 12 34 35 128 129 129 130 131 132 133 8 134 134 93,source_bktree source_bktree source_bktree source_bktree source_bktree source_bktree source_bktree source_bktree source_bktree source_bktree source_bktree source_bktree source_bktree source_bktree source_bktree source_bktree,0 33 12 34 35 128 129 129 130 131 132 133 8 134 134 93
291,MarineMicro_MvsM_4_dist,QMIX,PyMARL,qmix_MarineMicro_MvsM_4_dist_train_run_0002,qmix_checkpoint_eval_20260527_sacred_1-12,qmix_MarineMicro_MvsM_4_dist_train_run_0002,,eval_8,14,,Win,21.0,20.0,True,pymarl/qmix_checkpoint_eval_20260527_sacred_1-12/qmix_MarineMicro_MvsM_4_dist_train_run_0002/evaluations/eval_8/bktree/node_log.txt,pymarl/qmix_checkpoint_eval_20260527_sacred_1-12/qmix_MarineMicro_MvsM_4_dist_train_run_0002/evaluations/eval_8/bktree,C:\Users\Binich\PycharmProjects\PredictionRTS\output\learner_results\all_data\fused_bktree_web_batch_20260612_153602_top100_anchor_no_replay\MarineMicro_MvsM_4_dist\bktree,18,18,0,0,0 1 94 94 95 95 96 96 97 98 99 99 100 101 102 103 103 61,0 1 94 94 95 95 96 96 97 98 99 99 100 101 102 103 103 61,source_bktree source_bktree source_bktree source_bktree source_bktree source_bktree source_bktree source_bktree source_bktree source_bktree source_bktree source_bktree source_bktree source_bktree source_bktree source_bktree source_bktree source_bktree,0 1 94 94 95 95 96 96 97 98 99 99 100 101 102 103 103 61
292,MarineMicro_MvsM_4_dist,QMIX,PyMARL,qmix_MarineMicro_MvsM_4_dist_train_run_0002,qmix_checkpoint_eval_20260527_sacred_1-12,qmix_MarineMicro_MvsM_4_dist_train_run_0002,,eval_8,70,,Win,21.0,20.0,True,pymarl/qmix_checkpoint_eval_20260527_sacred_1-12/qmix_MarineMicro_MvsM_4_dist_train_run_0002/evaluations/eval_8/bktree/node_log.txt,pymarl/qmix_checkpoint_eval_20260527_sacred_1-12/qmix_MarineMicro_MvsM_4_dist_train_run_0002/evaluations/eval_8/bktree,C:\Users\Binich\PycharmProjects\PredictionRTS\output\learner_results\all_data\fused_bktree_web_batch_20260612_153602_top100_anchor_no_replay\MarineMicro_MvsM_4_dist\bktree,18,18,0,0,0 1 1 2 75 152 76 265 77 64 6 6 8 9 9 10 10 11,0 1 1 2 75 152 76 265 77 64 6 6 8 9 9 10 10 11,source_bktree source_bktree source_bktree source_bktree source_bktree source_bktree source_bktree source_bktree source_bktree source_bktree source_bktree source_bktree source_bktree source_bktree source_bktree source_bktree source_bktree source_bktree,0 1 1 2 75 152 76 265 77 64 6 6 8 9 9 10 10 11
293,MarineMicro_MvsM_4_dist,QMIX,PyMARL,qmix_MarineMicro_MvsM_4_dist_train_run_0002,qmix_checkpoint_eval_20260527_sacred_1-12,qmix_MarineMicro_MvsM_4_dist_train_run_0002,,eval_8,96,,Win,21.0,20.0,True,pymarl/qmix_checkpoint_eval_20260527_sacred_1-12/qmix_MarineMicro_MvsM_4_dist_train_run_0002/evaluations/eval_8/bktree/node_log.txt,pymarl/qmix_checkpoint_eval_20260527_sacred_1-12/qmix_MarineMicro_MvsM_4_dist_train_run_0002/evaluations/eval_8/bktree,C:\Users\Binich\PycharmProjects\PredictionRTS\output\learner_results\all_data\fused_bktree_web_batch_20260612_153602_top100_anchor_no_replay\MarineMicro_MvsM_4_dist\bktree,18,18,0,0,0 22 23 24 53 26 27 27 231 231 232 288 302 303 58 262 60 61,0 22 23 24 53 26 27 27 231 231 232 288 302 303 58 262 60 61,source_bktree source_bktree source_bktree source_bktree source_bktree source_bktree source_bktree source_bktree source_bktree source_bktree source_bktree source_bktree source_bktree source_bktree source_bktree source_bktree source_bktree source_bktree,0 22 23 24 53 26 27 27 231 231 232 288 302 303 58 262 60 61
294,MarineMicro_MvsM_4_dist,QMIX,PyMARL,qmix_MarineMicro_MvsM_4_dist_train_run_0002,qmix_checkpoint_eval_20260527_sacred_1-12,qmix_MarineMicro_MvsM_4_dist_train_run_0002,,eval_8,81,,Win,18.0,20.0,True,pymarl/qmix_checkpoint_eval_20260527_sacred_1-12/qmix_MarineMicro_MvsM_4_dist_train_run_0002/evaluations/eval_8/bktree/node_log.txt,pymarl/qmix_checkpoint_eval_20260527_sacred_1-12/qmix_MarineMicro_MvsM_4_dist_train_run_0002/evaluations/eval_8/bktree,C:\Users\Binich\PycharmProjects\PredictionRTS\output\learner_results\all_data\fused_bktree_web_batch_20260612_153602_top100_anchor_no_replay\MarineMicro_MvsM_4_dist\bktree,17,17,0,0,0 1 94 155 118 118 4 175 282 282 283 283 122 101 150 150 151,0 1 94 155 118 118 4 175 282 282 283 283 122 101 150 150 151,source_bktree source_bktree source_bktree source_bktree source_bktree source_bktree source_bktree source_bktree source_bktree source_bktree source_bktree source_bktree source_bktree source_bktree source_bktree source_bktree source_bktree,0 1 94 155 118 118 4 175 282 282 283 283 122 101 150 150 151
295,MarineMicro_MvsM_4_dist,QMIX,PyMARL,qmix_MarineMicro_MvsM_4_dist_train_run_0002,qmix_checkpoint_eval_20260527_sacred_1-12,qmix_MarineMicro_MvsM_4_dist_train_run_0002,,eval_8,40,,Win,15.0,20.0,True,pymarl/qmix_checkpoint_eval_20260527_sacred_1-12/qmix_MarineMicro_MvsM_4_dist_train_run_0002/evaluations/eval_8/bktree/node_log.txt,pymarl/qmix_checkpoint_eval_20260527_sacred_1-12/qmix_MarineMicro_MvsM_4_dist_train_run_0002/evaluations/eval_8/bktree,C:\Users\Binich\PycharmProjects\PredictionRTS\output\learner_results\all_data\fused_bktree_web_batch_20260612_153602_top100_anchor_no_replay\MarineMicro_MvsM_4_dist\bktree,21,21,0,0,0 1 184 13 185 35 54 70 71 186 187 187 188 189 146 190 59 60 60 60 61,0 1 184 13 185 35 54 70 71 186 187 187 188 189 146 190 59 60 60 60 61,source_bktree source_bktree source_bktree source_bktree source_bktree source_bktree source_bktree source_bktree source_bktree source_bktree source_bktree source_bktree source_bktree source_bktree source_bktree source_bktree source_bktree source_bktree source_bktree source_bktree source_bktree,0 1 184 13 185 35 54 70 71 186 187 187 188 189 146 190 59 60 60 60 61
296,MarineMicro_MvsM_4_dist,QMIX,PyMARL,qmix_MarineMicro_MvsM_4_dist_train_run_0002,qmix_checkpoint_eval_20260527_sacred_1-12,qmix_MarineMicro_MvsM_4_dist_train_run_0002,,eval_8,61,,Win,12.0,20.0,True,pymarl/qmix_checkpoint_eval_20260527_sacred_1-12/qmix_MarineMicro_MvsM_4_dist_train_run_0002/evaluations/eval_8/bktree/node_log.txt,pymarl/qmix_checkpoint_eval_20260527_sacred_1-12/qmix_MarineMicro_MvsM_4_dist_train_run_0002/evaluations/eval_8/bktree,C:\Users\Binich\PycharmProjects\PredictionRTS\output\learner_results\all_data\fused_bktree_web_batch_20260612_153602_top100_anchor_no_replay\MarineMicro_MvsM_4_dist\bktree,16,16,0,0,0 22 22 13 198 234 199 199 88 235 201 201 57 202 204 151,0 22 22 13 198 234 199 199 88 235 201 201 57 202 204 151,source_bktree source_bktree source_bktree source_bktree source_bktree source_bktree source_bktree source_bktree source_bktree source_bktree source_bktree source_bktree source_bktree source_bktree source_bktree source_bktree,0 22 22 13 198 234 199 199 88 235 201 201 57 202 204 151
297,MarineMicro_MvsM_4_dist,QMIX,PyMARL,qmix_MarineMicro_MvsM_4_dist_train_run_0002,qmix_checkpoint_eval_20260527_sacred_1-12,qmix_MarineMicro_MvsM_4_dist_train_run_0002,,eval_8,45,,Win,12.0,20.0,True,pymarl/qmix_checkpoint_eval_20260527_sacred_1-12/qmix_MarineMicro_MvsM_4_dist_train_run_0002/evaluations/eval_8/bktree/node_log.txt,pymarl/qmix_checkpoint_eval_20260527_sacred_1-12/qmix_MarineMicro_MvsM_4_dist_train_run_0002/evaluations/eval_8/bktree,C:\Users\Binich\PycharmProjects\PredictionRTS\output\learner_results\all_data\fused_bktree_web_batch_20260612_153602_top100_anchor_no_replay\MarineMicro_MvsM_4_dist\bktree,18,18,0,0,0 22 22 13 198 192 199 199 124 200 200 201 125 202 203 204 204 151,0 22 22 13 198 192 199 199 124 200 200 201 125 202 203 204 204 151,source_bktree source_bktree source_bktree source_bktree source_bktree source_bktree source_bktree source_bktree source_bktree source_bktree source_bktree source_bktree source_bktree source_bktree source_bktree source_bktree source_bktree source_bktree,0 22 22 13 198 192 199 199 124 200 200 201 125 202 203 204 204 151
298,MarineMicro_MvsM_4_dist,QMIX,PyMARL,qmix_MarineMicro_MvsM_4_dist_train_run_0002,qmix_checkpoint_eval_20260527_sacred_1-12,qmix_MarineMicro_MvsM_4_dist_train_run_0002,,eval_8,26,,Win,6.0,19.999999999999996,True,pymarl/qmix_checkpoint_eval_20260527_sacred_1-12/qmix_MarineMicro_MvsM_4_dist_train_run_0002/evaluations/eval_8/bktree/node_log.txt,pymarl/qmix_checkpoint_eval_20260527_sacred_1-12/qmix_MarineMicro_MvsM_4_dist_train_run_0002/evaluations/eval_8/bktree,C:\Users\Binich\PycharmProjects\PredictionRTS\output\learner_results\all_data\fused_bktree_web_batch_20260612_153602_top100_anchor_no_replay\MarineMicro_MvsM_4_dist\bktree,23,23,0,0,0 1 94 2 147 147 37 37 124 16 49 50 125 148 148 148 149 149 150 150 150 150 151,0 1 94 2 147 147 37 37 124 16 49 50 125 148 148 148 149 149 150 150 150 150 151,source_bktree source_bktree source_bktree source_bktree source_bktree source_bktree source_bktree source_bktree source_bktree source_bktree source_bktree source_bktree source_bktree source_bktree source_bktree source_bktree source_bktree source_bktree source_bktree source_bktree source_bktree source_bktree source_bktree,0 1 94 2 147 147 37 37 124 16 49 50 125 148 148 148 149 149 150 150 150 150 151
299,MarineMicro_MvsM_4_dist,QMIX,PyMARL,qmix_MarineMicro_MvsM_4_dist_train_run_0002,qmix_checkpoint_eval_20260527_sacred_1-12,qmix_MarineMicro_MvsM_4_dist_train_run_0002,,eval_8,69,,Win,3.0,20.0,True,pymarl/qmix_checkpoint_eval_20260527_sacred_1-12/qmix_MarineMicro_MvsM_4_dist_train_run_0002/evaluations/eval_8/bktree/node_log.txt,pymarl/qmix_checkpoint_eval_20260527_sacred_1-12/qmix_MarineMicro_MvsM_4_dist_train_run_0002/evaluations/eval_8/bktree,C:\Users\Binich\PycharmProjects\PredictionRTS\output\learner_results\all_data\fused_bktree_web_batch_20260612_153602_top100_anchor_no_replay\MarineMicro_MvsM_4_dist\bktree,20,20,0,0,0 1 257 155 118 105 175 258 38 38 259 259 260 261 262 263 263 263 263 264,0 1 257 155 118 105 175 258 38 38 259 259 260 261 262 263 263 263 263 264,source_bktree source_bktree source_bktree source_bktree source_bktree source_bktree source_bktree source_bktree source_bktree source_bktree source_bktree source_bktree source_bktree source_bktree source_bktree source_bktree source_bktree source_bktree source_bktree source_bktree,0 1 257 155 118 105 175 258 38 38 259 259 260 261 262 263 263 263 263 264
300,MarineMicro_MvsM_4_dist,QTRAN,PyMARL,qtran_MarineMicro_MvsM_4_dist_train_run_0002,qtran_checkpoint_eval_20260529_sacred_1-12,qtran_MarineMicro_MvsM_4_dist_train_run_0002,,eval_8,60,,Win,63.0,20.0,True,pymarl/qtran_checkpoint_eval_20260529_sacred_1-12/qtran_MarineMicro_MvsM_4_dist_train_run_0002/evaluations/eval_8/bktree/node_log.txt,pymarl/qtran_checkpoint_eval_20260529_sacred_1-12/qtran_MarineMicro_MvsM_4_dist_train_run_0002/evaluations/eval_8/bktree,C:\Users\Binich\PycharmProjects\PredictionRTS\output\learner_results\all_data\fused_bktree_web_batch_20260612_153602_top100_anchor_no_replay\MarineMicro_MvsM_4_dist\bktree,16,16,0,0,0 66 2 2 113 113 137 137 138 138 139 140 140 141 141 72,0 22 249 249 307 307 164 164 380 380 215 381 381 47 47 32,source_bktree source_bktree source_bktree source_bktree source_bktree source_bktree source_bktree source_bktree source_bktree source_bktree source_bktree source_bktree source_bktree source_bktree source_bktree source_bktree,0 66 2 2 113 113 137 137 138 138 139 140 140 141 141 72
301,MarineMicro_MvsM_4_dist,QTRAN,PyMARL,qtran_MarineMicro_MvsM_4_dist_train_run_0002,qtran_checkpoint_eval_20260529_sacred_1-12,qtran_MarineMicro_MvsM_4_dist_train_run_0002,,eval_8,33,,Win,54.0,20.0,True,pymarl/qtran_checkpoint_eval_20260529_sacred_1-12/qtran_MarineMicro_MvsM_4_dist_train_run_0002/evaluations/eval_8/bktree/node_log.txt,pymarl/qtran_checkpoint_eval_20260529_sacred_1-12/qtran_MarineMicro_MvsM_4_dist_train_run_0002/evaluations/eval_8/bktree,C:\Users\Binich\PycharmProjects\PredictionRTS\output\learner_results\all_data\fused_bktree_web_batch_20260612_153602_top100_anchor_no_replay\MarineMicro_MvsM_4_dist\bktree,15,15,0,0,0 10 10 2 11 11 12 12 13 13 14 106 15 19 79,0 312 312 249 105 105 313 313 314 314 315 359 211 318 346,source_bktree source_bktree source_bktree source_bktree source_bktree source_bktree source_bktree source_bktree source_bktree source_bktree source_bktree source_bktree source_bktree source_bktree source_bktree,0 10 10 2 11 11 12 12 13 13 14 106 15 19 79
302,MarineMicro_MvsM_4_dist,QTRAN,PyMARL,qtran_MarineMicro_MvsM_4_dist_train_run_0002,qtran_checkpoint_eval_20260529_sacred_1-12,qtran_MarineMicro_MvsM_4_dist_train_run_0002,,eval_8,53,,Win,51.0,20.0,True,pymarl/qtran_checkpoint_eval_20260529_sacred_1-12/qtran_MarineMicro_MvsM_4_dist_train_run_0002/evaluations/eval_8/bktree/node_log.txt,pymarl/qtran_checkpoint_eval_20260529_sacred_1-12/qtran_MarineMicro_MvsM_4_dist_train_run_0002/evaluations/eval_8/bktree,C:\Users\Binich\PycharmProjects\PredictionRTS\output\learner_results\all_data\fused_bktree_web_batch_20260612_153602_top100_anchor_no_replay\MarineMicro_MvsM_4_dist\bktree,15,15,0,0,0 66 66 2 113 113 67 67 68 68 69 123 70 85 72,0 22 22 249 307 307 225 225 343 343 227 371 228 117 32,source_bktree source_bktree source_bktree source_bktree source_bktree source_bktree source_bktree source_bktree source_bktree source_bktree source_bktree source_bktree source_bktree source_bktree source_bktree,0 66 66 2 113 113 67 67 68 68 69 123 70 85 72
303,MarineMicro_MvsM_4_dist,QTRAN,PyMARL,qtran_MarineMicro_MvsM_4_dist_train_run_0002,qtran_checkpoint_eval_20260529_sacred_1-12,qtran_MarineMicro_MvsM_4_dist_train_run_0002,,eval_8,1,,Win,51.0,19.999999999999996,True,pymarl/qtran_checkpoint_eval_20260529_sacred_1-12/qtran_MarineMicro_MvsM_4_dist_train_run_0002/evaluations/eval_8/bktree/node_log.txt,pymarl/qtran_checkpoint_eval_20260529_sacred_1-12/qtran_MarineMicro_MvsM_4_dist_train_run_0002/evaluations/eval_8/bktree,C:\Users\Binich\PycharmProjects\PredictionRTS\output\learner_results\all_data\fused_bktree_web_batch_20260612_153602_top100_anchor_no_replay\MarineMicro_MvsM_4_dist\bktree,16,16,0,0,0 1 1 2 3 3 4 4 5 5 6 6 7 8 8 9,0 33 33 249 307 307 311 311 55 55 279 279 57 74 74 172,source_bktree_start_anchor source_bktree source_bktree source_bktree source_bktree source_bktree source_bktree source_bktree source_bktree source_bktree source_bktree source_bktree source_bktree source_bktree source_bktree source_bktree,0 1 1 2 3 3 4 4 5 5 6 6 7 8 8 9
304,MarineMicro_MvsM_4_dist,QTRAN,PyMARL,qtran_MarineMicro_MvsM_4_dist_train_run_0002,qtran_checkpoint_eval_20260529_sacred_1-12,qtran_MarineMicro_MvsM_4_dist_train_run_0002,,eval_8,12,,Win,51.0,20.0,True,pymarl/qtran_checkpoint_eval_20260529_sacred_1-12/qtran_MarineMicro_MvsM_4_dist_train_run_0002/evaluations/eval_8/bktree/node_log.txt,pymarl/qtran_checkpoint_eval_20260529_sacred_1-12/qtran_MarineMicro_MvsM_4_dist_train_run_0002/evaluations/eval_8/bktree,C:\Users\Binich\PycharmProjects\PredictionRTS\output\learner_results\all_data\fused_bktree_web_batch_20260612_153602_top100_anchor_no_replay\MarineMicro_MvsM_4_dist\bktree,16,16,0,0,0 10 10 2 2 11 56 56 53 53 57 57 55 17 17 20,0 312 312 249 249 105 338 338 335 335 339 339 337 317 317 32,source_bktree source_bktree source_bktree source_bktree source_bktree source_bktree source_bktree source_bktree source_bktree source_bktree source_bktree source_bktree source_bktree source_bktree source_bktree source_bktree,0 10 10 2 2 11 56 56 53 53 57 57 55 17 17 20
305,MarineMicro_MvsM_4_dist,QTRAN,PyMARL,qtran_MarineMicro_MvsM_4_dist_train_run_0002,qtran_checkpoint_eval_20260529_sacred_1-12,qtran_MarineMicro_MvsM_4_dist_train_run_0002,,eval_8,23,,Win,51.0,20.0,True,pymarl/qtran_checkpoint_eval_20260529_sacred_1-12/qtran_MarineMicro_MvsM_4_dist_train_run_0002/evaluations/eval_8/bktree/node_log.txt,pymarl/qtran_checkpoint_eval_20260529_sacred_1-12/qtran_MarineMicro_MvsM_4_dist_train_run_0002/evaluations/eval_8/bktree,C:\Users\Binich\PycharmProjects\PredictionRTS\output\learner_results\all_data\fused_bktree_web_batch_20260612_153602_top100_anchor_no_replay\MarineMicro_MvsM_4_dist\bktree,16,16,0,0,0 10 10 2 11 11 37 37 65 65 14 52 55 78 17 20,0 312 312 249 105 105 327 327 342 342 315 334 337 345 317 32,source_bktree source_bktree source_bktree source_bktree source_bktree source_bktree source_bktree source_bktree source_bktree source_bktree source_bktree source_bktree source_bktree source_bktree source_bktree source_bktree,0 10 10 2 11 11 37 37 65 65 14 52 55 78 17 20
306,MarineMicro_MvsM_4_dist,QTRAN,PyMARL,qtran_MarineMicro_MvsM_4_dist_train_run_0002,qtran_checkpoint_eval_20260529_sacred_1-12,qtran_MarineMicro_MvsM_4_dist_train_run_0002,,eval_8,36,,Win,51.0,20.0,True,pymarl/qtran_checkpoint_eval_20260529_sacred_1-12/qtran_MarineMicro_MvsM_4_dist_train_run_0002/evaluations/eval_8/bktree/node_log.txt,pymarl/qtran_checkpoint_eval_20260529_sacred_1-12/qtran_MarineMicro_MvsM_4_dist_train_run_0002/evaluations/eval_8/bktree,C:\Users\Binich\PycharmProjects\PredictionRTS\output\learner_results\all_data\fused_bktree_web_batch_20260612_153602_top100_anchor_no_replay\MarineMicro_MvsM_4_dist\bktree,16,16,0,0,0 1 1 2 3 3 43 43 44 101 6 49 50 36 8 9,0 33 33 249 307 307 175 175 331 356 279 332 18 326 74 172,source_bktree source_bktree source_bktree source_bktree source_bktree source_bktree source_bktree source_bktree source_bktree source_bktree source_bktree source_bktree source_bktree source_bktree source_bktree source_bktree,0 1 1 2 3 3 43 43 44 101 6 49 50 36 8 9
307,MarineMicro_MvsM_4_dist,QTRAN,PyMARL,qtran_MarineMicro_MvsM_4_dist_train_run_0002,qtran_checkpoint_eval_20260529_sacred_1-12,qtran_MarineMicro_MvsM_4_dist_train_run_0002,,eval_8,55,,Win,51.0,20.0,True,pymarl/qtran_checkpoint_eval_20260529_sacred_1-12/qtran_MarineMicro_MvsM_4_dist_train_run_0002/evaluations/eval_8/bktree/node_log.txt,pymarl/qtran_checkpoint_eval_20260529_sacred_1-12/qtran_MarineMicro_MvsM_4_dist_train_run_0002/evaluations/eval_8/bktree,C:\Users\Binich\PycharmProjects\PredictionRTS\output\learner_results\all_data\fused_bktree_web_batch_20260612_153602_top100_anchor_no_replay\MarineMicro_MvsM_4_dist\bktree,16,16,0,0,0 10 10 2 11 11 12 12 13 13 14 14 15 129 129 20,0 312 312 249 105 105 313 313 314 314 315 315 211 47 47 32,source_bktree source_bktree source_bktree source_bktree source_bktree source_bktree source_bktree source_bktree source_bktree source_bktree source_bktree source_bktree source_bktree source_bktree source_bktree source_bktree,0 10 10 2 11 11 12 12 13 13 14 14 15 129 129 20
308,MarineMicro_MvsM_4_dist,QTRAN,PyMARL,qtran_MarineMicro_MvsM_4_dist_train_run_0002,qtran_checkpoint_eval_20260529_sacred_1-12,qtran_MarineMicro_MvsM_4_dist_train_run_0002,,eval_8,59,,Win,51.0,20.0,True,pymarl/qtran_checkpoint_eval_20260529_sacred_1-12/qtran_MarineMicro_MvsM_4_dist_train_run_0002/evaluations/eval_8/bktree/node_log.txt,pymarl/qtran_checkpoint_eval_20260529_sacred_1-12/qtran_MarineMicro_MvsM_4_dist_train_run_0002/evaluations/eval_8/bktree,C:\Users\Binich\PycharmProjects\PredictionRTS\output\learner_results\all_data\fused_bktree_web_batch_20260612_153602_top100_anchor_no_replay\MarineMicro_MvsM_4_dist\bktree,16,16,0,0,0 10 10 2 11 11 12 56 53 136 57 57 55 41 17 20,0 312 312 249 105 105 313 338 335 379 339 339 337 330 317 32,source_bktree source_bktree source_bktree source_bktree source_bktree source_bktree source_bktree source_bktree source_bktree source_bktree source_bktree source_bktree source_bktree source_bktree source_bktree source_bktree,0 10 10 2 11 11 12 56 53 136 57 57 55 41 17 20
309,MarineMicro_MvsM_4_dist,QTRAN,PyMARL,qtran_MarineMicro_MvsM_4_dist_train_run_0002,qtran_checkpoint_eval_20260529_sacred_1-12,qtran_MarineMicro_MvsM_4_dist_train_run_0002,,eval_8,69,,Win,51.0,20.0,True,pymarl/qtran_checkpoint_eval_20260529_sacred_1-12/qtran_MarineMicro_MvsM_4_dist_train_run_0002/evaluations/eval_8/bktree/node_log.txt,pymarl/qtran_checkpoint_eval_20260529_sacred_1-12/qtran_MarineMicro_MvsM_4_dist_train_run_0002/evaluations/eval_8/bktree,C:\Users\Binich\PycharmProjects\PredictionRTS\output\learner_results\all_data\fused_bktree_web_batch_20260612_153602_top100_anchor_no_replay\MarineMicro_MvsM_4_dist\bktree,16,16,0,0,0 66 66 2 146 146 137 137 138 138 139 139 140 85 85 72,0 22 22 249 53 53 164 164 380 380 215 215 381 117 117 32,source_bktree source_bktree source_bktree source_bktree source_bktree source_bktree source_bktree source_bktree source_bktree source_bktree source_bktree source_bktree source_bktree source_bktree source_bktree source_bktree,0 66 66 2 146 146 137 137 138 138 139 139 140 85 85 72
310,MarineMicro_MvsM_4_dist,QTRAN,PyMARL,qtran_MarineMicro_MvsM_4_dist_train_run_0002,qtran_checkpoint_eval_20260529_sacred_1-12,qtran_MarineMicro_MvsM_4_dist_train_run_0002,,eval_8,81,,Win,51.0,20.0,True,pymarl/qtran_checkpoint_eval_20260529_sacred_1-12/qtran_MarineMicro_MvsM_4_dist_train_run_0002/evaluations/eval_8/bktree/node_log.txt,pymarl/qtran_checkpoint_eval_20260529_sacred_1-12/qtran_MarineMicro_MvsM_4_dist_train_run_0002/evaluations/eval_8/bktree,C:\Users\Binich\PycharmProjects\PredictionRTS\output\learner_results\all_data\fused_bktree_web_batch_20260612_153602_top100_anchor_no_replay\MarineMicro_MvsM_4_dist\bktree,16,16,0,0,0 10 10 2 11 11 12 157 51 51 158 158 55 17 17 20,0 312 312 249 105 105 313 389 333 333 390 390 337 317 317 32,source_bktree source_bktree source_bktree source_bktree source_bktree source_bktree source_bktree source_bktree source_bktree source_bktree source_bktree source_bktree source_bktree source_bktree source_bktree source_bktree,0 10 10 2 11 11 12 157 51 51 158 158 55 17 17 20
311,MarineMicro_MvsM_4_dist,QTRAN,PyMARL,qtran_MarineMicro_MvsM_4_dist_train_run_0002,qtran_checkpoint_eval_20260529_sacred_1-12,qtran_MarineMicro_MvsM_4_dist_train_run_0002,,eval_8,99,,Win,51.0,20.0,True,pymarl/qtran_checkpoint_eval_20260529_sacred_1-12/qtran_MarineMicro_MvsM_4_dist_train_run_0002/evaluations/eval_8/bktree/node_log.txt,pymarl/qtran_checkpoint_eval_20260529_sacred_1-12/qtran_MarineMicro_MvsM_4_dist_train_run_0002/evaluations/eval_8/bktree,C:\Users\Binich\PycharmProjects\PredictionRTS\output\learner_results\all_data\fused_bktree_web_batch_20260612_153602_top100_anchor_no_replay\MarineMicro_MvsM_4_dist\bktree,16,16,0,0,0 66 73 2 146 146 67 67 68 68 69 70 70 141 141 72,0 22 23 249 53 53 225 225 343 343 227 228 228 47 47 32,source_bktree source_bktree source_bktree source_bktree source_bktree source_bktree source_bktree source_bktree source_bktree source_bktree source_bktree source_bktree source_bktree source_bktree source_bktree source_bktree,0 66 73 2 146 146 67 67 68 68 69 70 70 141 141 72
312,MarineMicro_MvsM_4_dist,QTRAN,PyMARL,qtran_MarineMicro_MvsM_4_dist_train_run_0002,qtran_checkpoint_eval_20260529_sacred_1-12,qtran_MarineMicro_MvsM_4_dist_train_run_0002,,eval_8,24,,Win,48.0,20.0,True,pymarl/qtran_checkpoint_eval_20260529_sacred_1-12/qtran_MarineMicro_MvsM_4_dist_train_run_0002/evaluations/eval_8/bktree/node_log.txt,pymarl/qtran_checkpoint_eval_20260529_sacred_1-12/qtran_MarineMicro_MvsM_4_dist_train_run_0002/evaluations/eval_8/bktree,C:\Users\Binich\PycharmProjects\PredictionRTS\output\learner_results\all_data\fused_bktree_web_batch_20260612_153602_top100_anchor_no_replay\MarineMicro_MvsM_4_dist\bktree,14,14,0,0,0 10 10 2 11 11 12 12 13 13 14 14 15 79,0 312 312 249 105 105 313 313 314 314 315 315 211 346,source_bktree source_bktree source_bktree source_bktree source_bktree source_bktree source_bktree source_bktree source_bktree source_bktree source_bktree source_bktree source_bktree source_bktree,0 10 10 2 11 11 12 12 13 13 14 14 15 79
313,MarineMicro_MvsM_4_dist,QTRAN,PyMARL,qtran_MarineMicro_MvsM_4_dist_train_run_0002,qtran_checkpoint_eval_20260529_sacred_1-12,qtran_MarineMicro_MvsM_4_dist_train_run_0002,,eval_8,28,,Win,48.0,20.0,True,pymarl/qtran_checkpoint_eval_20260529_sacred_1-12/qtran_MarineMicro_MvsM_4_dist_train_run_0002/evaluations/eval_8/bktree/node_log.txt,pymarl/qtran_checkpoint_eval_20260529_sacred_1-12/qtran_MarineMicro_MvsM_4_dist_train_run_0002/evaluations/eval_8/bktree,C:\Users\Binich\PycharmProjects\PredictionRTS\output\learner_results\all_data\fused_bktree_web_batch_20260612_153602_top100_anchor_no_replay\MarineMicro_MvsM_4_dist\bktree,15,15,0,0,0 10 10 2 11 11 12 12 13 13 14 14 15 19 79,0 312 312 249 105 105 313 313 314 314 315 315 211 318 346,source_bktree source_bktree source_bktree source_bktree source_bktree source_bktree source_bktree source_bktree source_bktree source_bktree source_bktree source_bktree source_bktree source_bktree source_bktree,0 10 10 2 11 11 12 12 13 13 14 14 15 19 79
314,MarineMicro_MvsM_4_dist,QTRAN,PyMARL,qtran_MarineMicro_MvsM_4_dist_train_run_0002,qtran_checkpoint_eval_20260529_sacred_1-12,qtran_MarineMicro_MvsM_4_dist_train_run_0002,,eval_8,86,,Win,48.0,20.0,True,pymarl/qtran_checkpoint_eval_20260529_sacred_1-12/qtran_MarineMicro_MvsM_4_dist_train_run_0002/evaluations/eval_8/bktree/node_log.txt,pymarl/qtran_checkpoint_eval_20260529_sacred_1-12/qtran_MarineMicro_MvsM_4_dist_train_run_0002/evaluations/eval_8/bktree,C:\Users\Binich\PycharmProjects\PredictionRTS\output\learner_results\all_data\fused_bktree_web_batch_20260612_153602_top100_anchor_no_replay\MarineMicro_MvsM_4_dist\bktree,16,16,0,0,0 66 73 2 146 146 67 67 115 122 74 123 123 160 47 30,0 22 23 249 53 53 225 225 28 226 82 371 371 289 58 21,source_bktree source_bktree source_bktree source_bktree source_bktree source_bktree source_bktree source_bktree source_bktree source_bktree source_bktree source_bktree source_bktree source_bktree source_bktree source_bktree,0 66 73 2 146 146 67 67 115 122 74 123 123 160 47 30
315,MarineMicro_MvsM_4_dist,QTRAN,PyMARL,qtran_MarineMicro_MvsM_4_dist_train_run_0002,qtran_checkpoint_eval_20260529_sacred_1-12,qtran_MarineMicro_MvsM_4_dist_train_run_0002,,eval_8,6,,Win,48.0,20.0,True,pymarl/qtran_checkpoint_eval_20260529_sacred_1-12/qtran_MarineMicro_MvsM_4_dist_train_run_0002/evaluations/eval_8/bktree/node_log.txt,pymarl/qtran_checkpoint_eval_20260529_sacred_1-12/qtran_MarineMicro_MvsM_4_dist_train_run_0002/evaluations/eval_8/bktree,C:\Users\Binich\PycharmProjects\PredictionRTS\output\learner_results\all_data\fused_bktree_web_batch_20260612_153602_top100_anchor_no_replay\MarineMicro_MvsM_4_dist\bktree,17,17,0,0,0 10 10 2 11 11 37 37 38 38 39 39 40 41 41 42 18,0 312 312 249 105 105 327 327 328 328 89 89 329 330 330 275 230,source_bktree source_bktree source_bktree source_bktree source_bktree source_bktree source_bktree source_bktree source_bktree source_bktree source_bktree source_bktree source_bktree source_bktree source_bktree source_bktree source_bktree,0 10 10 2 11 11 37 37 38 38 39 39 40 41 41 42 18
316,MarineMicro_MvsM_4_dist,QTRAN,PyMARL,qtran_MarineMicro_MvsM_4_dist_train_run_0002,qtran_checkpoint_eval_20260529_sacred_1-12,qtran_MarineMicro_MvsM_4_dist_train_run_0002,,eval_8,79,,Win,45.0,20.0,True,pymarl/qtran_checkpoint_eval_20260529_sacred_1-12/qtran_MarineMicro_MvsM_4_dist_train_run_0002/evaluations/eval_8/bktree/node_log.txt,pymarl/qtran_checkpoint_eval_20260529_sacred_1-12/qtran_MarineMicro_MvsM_4_dist_train_run_0002/evaluations/eval_8/bktree,C:\Users\Binich\PycharmProjects\PredictionRTS\output\learner_results\all_data\fused_bktree_web_batch_20260612_153602_top100_anchor_no_replay\MarineMicro_MvsM_4_dist\bktree,14,14,0,0,0 66 66 2 11 11 67 67 68 68 69 74 70 72,0 22 22 249 105 105 225 225 343 343 227 82 228 32,source_bktree source_bktree source_bktree source_bktree source_bktree source_bktree source_bktree source_bktree source_bktree source_bktree source_bktree source_bktree source_bktree source_bktree,0 66 66 2 11 11 67 67 68 68 69 74 70 72
317,MarineMicro_MvsM_4_dist,QTRAN,PyMARL,qtran_MarineMicro_MvsM_4_dist_train_run_0002,qtran_checkpoint_eval_20260529_sacred_1-12,qtran_MarineMicro_MvsM_4_dist_train_run_0002,,eval_8,3,,Win,45.0,20.0,True,pymarl/qtran_checkpoint_eval_20260529_sacred_1-12/qtran_MarineMicro_MvsM_4_dist_train_run_0002/evaluations/eval_8/bktree/node_log.txt,pymarl/qtran_checkpoint_eval_20260529_sacred_1-12/qtran_MarineMicro_MvsM_4_dist_train_run_0002/evaluations/eval_8/bktree,C:\Users\Binich\PycharmProjects\PredictionRTS\output\learner_results\all_data\fused_bktree_web_batch_20260612_153602_top100_anchor_no_replay\MarineMicro_MvsM_4_dist\bktree,15,15,0,0,0 10 10 2 3 11 12 12 13 13 14 14 15 19 20,0 312 312 249 307 105 313 313 314 314 315 315 211 318 32,source_bktree source_bktree source_bktree source_bktree source_bktree source_bktree source_bktree source_bktree source_bktree source_bktree source_bktree source_bktree source_bktree source_bktree source_bktree,0 10 10 2 3 11 12 12 13 13 14 14 15 19 20
318,MarineMicro_MvsM_4_dist,QTRAN,PyMARL,qtran_MarineMicro_MvsM_4_dist_train_run_0002,qtran_checkpoint_eval_20260529_sacred_1-12,qtran_MarineMicro_MvsM_4_dist_train_run_0002,,eval_8,7,,Win,45.0,20.0,True,pymarl/qtran_checkpoint_eval_20260529_sacred_1-12/qtran_MarineMicro_MvsM_4_dist_train_run_0002/evaluations/eval_8/bktree/node_log.txt,pymarl/qtran_checkpoint_eval_20260529_sacred_1-12/qtran_MarineMicro_MvsM_4_dist_train_run_0002/evaluations/eval_8/bktree,C:\Users\Binich\PycharmProjects\PredictionRTS\output\learner_results\all_data\fused_bktree_web_batch_20260612_153602_top100_anchor_no_replay\MarineMicro_MvsM_4_dist\bktree,15,15,0,0,0 10 10 2 11 11 12 12 13 13 14 14 15 17 20,0 312 312 249 105 105 313 313 314 314 315 315 211 317 32,source_bktree source_bktree source_bktree source_bktree source_bktree source_bktree source_bktree source_bktree source_bktree source_bktree source_bktree source_bktree source_bktree source_bktree source_bktree,0 10 10 2 11 11 12 12 13 13 14 14 15 17 20
319,MarineMicro_MvsM_4_dist,QTRAN,PyMARL,qtran_MarineMicro_MvsM_4_dist_train_run_0002,qtran_checkpoint_eval_20260529_sacred_1-12,qtran_MarineMicro_MvsM_4_dist_train_run_0002,,eval_8,15,,Win,45.0,20.0,True,pymarl/qtran_checkpoint_eval_20260529_sacred_1-12/qtran_MarineMicro_MvsM_4_dist_train_run_0002/evaluations/eval_8/bktree/node_log.txt,pymarl/qtran_checkpoint_eval_20260529_sacred_1-12/qtran_MarineMicro_MvsM_4_dist_train_run_0002/evaluations/eval_8/bktree,C:\Users\Binich\PycharmProjects\PredictionRTS\output\learner_results\all_data\fused_bktree_web_batch_20260612_153602_top100_anchor_no_replay\MarineMicro_MvsM_4_dist\bktree,15,15,0,0,0 66 66 2 3 11 67 67 68 68 69 69 70 71 72,0 22 22 249 307 105 225 225 343 343 227 227 228 344 32,source_bktree source_bktree source_bktree source_bktree source_bktree source_bktree source_bktree source_bktree source_bktree source_bktree source_bktree source_bktree source_bktree source_bktree source_bktree,0 66 66 2 3 11 67 67 68 68 69 69 70 71 72
320,MarineMicro_MvsM_4_dist,QTRAN,PyMARL,qtran_MarineMicro_MvsM_4_dist_train_run_0002,qtran_checkpoint_eval_20260529_sacred_1-12,qtran_MarineMicro_MvsM_4_dist_train_run_0002,,eval_8,16,,Win,45.0,20.0,True,pymarl/qtran_checkpoint_eval_20260529_sacred_1-12/qtran_MarineMicro_MvsM_4_dist_train_run_0002/evaluations/eval_8/bktree/node_log.txt,pymarl/qtran_checkpoint_eval_20260529_sacred_1-12/qtran_MarineMicro_MvsM_4_dist_train_run_0002/evaluations/eval_8/bktree,C:\Users\Binich\PycharmProjects\PredictionRTS\output\learner_results\all_data\fused_bktree_web_batch_20260612_153602_top100_anchor_no_replay\MarineMicro_MvsM_4_dist\bktree,15,15,0,0,0 10 10 2 11 11 12 12 53 53 54 57 19 17 20,0 312 312 249 105 105 313 313 335 335 336 339 318 317 32,source_bktree source_bktree source_bktree source_bktree source_bktree source_bktree source_bktree source_bktree source_bktree source_bktree source_bktree source_bktree source_bktree source_bktree source_bktree,0 10 10 2 11 11 12 12 53 53 54 57 19 17 20
321,MarineMicro_MvsM_4_dist,QTRAN,PyMARL,qtran_MarineMicro_MvsM_4_dist_train_run_0002,qtran_checkpoint_eval_20260529_sacred_1-12,qtran_MarineMicro_MvsM_4_dist_train_run_0002,,eval_8,38,,Win,45.0,20.0,True,pymarl/qtran_checkpoint_eval_20260529_sacred_1-12/qtran_MarineMicro_MvsM_4_dist_train_run_0002/evaluations/eval_8/bktree/node_log.txt,pymarl/qtran_checkpoint_eval_20260529_sacred_1-12/qtran_MarineMicro_MvsM_4_dist_train_run_0002/evaluations/eval_8/bktree,C:\Users\Binich\PycharmProjects\PredictionRTS\output\learner_results\all_data\fused_bktree_web_batch_20260612_153602_top100_anchor_no_replay\MarineMicro_MvsM_4_dist\bktree,15,15,0,0,0 10 10 2 11 11 12 12 13 13 14 14 15 16 20,0 312 312 249 105 105 313 313 314 314 315 315 211 316 32,source_bktree source_bktree source_bktree source_bktree source_bktree source_bktree source_bktree source_bktree source_bktree source_bktree source_bktree source_bktree source_bktree source_bktree source_bktree,0 10 10 2 11 11 12 12 13 13 14 14 15 16 20
322,MarineMicro_MvsM_4_dist,QTRAN,PyMARL,qtran_MarineMicro_MvsM_4_dist_train_run_0002,qtran_checkpoint_eval_20260529_sacred_1-12,qtran_MarineMicro_MvsM_4_dist_train_run_0002,,eval_8,44,,Win,45.0,20.0,True,pymarl/qtran_checkpoint_eval_20260529_sacred_1-12/qtran_MarineMicro_MvsM_4_dist_train_run_0002/evaluations/eval_8/bktree/node_log.txt,pymarl/qtran_checkpoint_eval_20260529_sacred_1-12/qtran_MarineMicro_MvsM_4_dist_train_run_0002/evaluations/eval_8/bktree,C:\Users\Binich\PycharmProjects\PredictionRTS\output\learner_results\all_data\fused_bktree_web_batch_20260612_153602_top100_anchor_no_replay\MarineMicro_MvsM_4_dist\bktree,15,15,0,0,0 10 10 2 11 11 12 12 13 13 14 14 15 19 20,0 312 312 249 105 105 313 313 314 314 315 315 211 318 32,source_bktree source_bktree source_bktree source_bktree source_bktree source_bktree source_bktree source_bktree source_bktree source_bktree source_bktree source_bktree source_bktree source_bktree source_bktree,0 10 10 2 11 11 12 12 13 13 14 14 15 19 20
323,MarineMicro_MvsM_4_dist,QTRAN,PyMARL,qtran_MarineMicro_MvsM_4_dist_train_run_0002,qtran_checkpoint_eval_20260529_sacred_1-12,qtran_MarineMicro_MvsM_4_dist_train_run_0002,,eval_8,50,,Win,45.0,20.0,True,pymarl/qtran_checkpoint_eval_20260529_sacred_1-12/qtran_MarineMicro_MvsM_4_dist_train_run_0002/evaluations/eval_8/bktree/node_log.txt,pymarl/qtran_checkpoint_eval_20260529_sacred_1-12/qtran_MarineMicro_MvsM_4_dist_train_run_0002/evaluations/eval_8/bktree,C:\Users\Binich\PycharmProjects\PredictionRTS\output\learner_results\all_data\fused_bktree_web_batch_20260612_153602_top100_anchor_no_replay\MarineMicro_MvsM_4_dist\bktree,15,15,0,0,0 1 1 2 3 3 4 4 5 5 80 126 81 127 9,0 33 33 249 307 307 311 311 55 55 347 373 348 374 172,source_bktree source_bktree source_bktree source_bktree source_bktree source_bktree source_bktree source_bktree source_bktree source_bktree source_bktree source_bktree source_bktree source_bktree source_bktree,0 1 1 2 3 3 4 4 5 5 80 126 81 127 9
324,MarineMicro_MvsM_4_dist,QTRAN,PyMARL,qtran_MarineMicro_MvsM_4_dist_train_run_0002,qtran_checkpoint_eval_20260529_sacred_1-12,qtran_MarineMicro_MvsM_4_dist_train_run_0002,,eval_8,62,,Win,45.0,20.0,True,pymarl/qtran_checkpoint_eval_20260529_sacred_1-12/qtran_MarineMicro_MvsM_4_dist_train_run_0002/evaluations/eval_8/bktree/node_log.txt,pymarl/qtran_checkpoint_eval_20260529_sacred_1-12/qtran_MarineMicro_MvsM_4_dist_train_run_0002/evaluations/eval_8/bktree,C:\Users\Binich\PycharmProjects\PredictionRTS\output\learner_results\all_data\fused_bktree_web_batch_20260612_153602_top100_anchor_no_replay\MarineMicro_MvsM_4_dist\bktree,15,15,0,0,0 1 1 2 3 11 43 43 44 101 6 142 7 8 9,0 33 33 249 307 105 175 175 331 356 279 297 57 74 172,source_bktree source_bktree source_bktree source_bktree source_bktree source_bktree source_bktree source_bktree source_bktree source_bktree source_bktree source_bktree source_bktree source_bktree source_bktree,0 1 1 2 3 11 43 43 44 101 6 142 7 8 9
325,MarineMicro_MvsM_4_dist,QTRAN,PyMARL,qtran_MarineMicro_MvsM_4_dist_train_run_0002,qtran_checkpoint_eval_20260529_sacred_1-12,qtran_MarineMicro_MvsM_4_dist_train_run_0002,,eval_8,66,,Win,45.0,20.0,True,pymarl/qtran_checkpoint_eval_20260529_sacred_1-12/qtran_MarineMicro_MvsM_4_dist_train_run_0002/evaluations/eval_8/bktree/node_log.txt,pymarl/qtran_checkpoint_eval_20260529_sacred_1-12/qtran_MarineMicro_MvsM_4_dist_train_run_0002/evaluations/eval_8/bktree,C:\Users\Binich\PycharmProjects\PredictionRTS\output\learner_results\all_data\fused_bktree_web_batch_20260612_153602_top100_anchor_no_replay\MarineMicro_MvsM_4_dist\bktree,15,15,0,0,0 1 100 2 11 11 43 43 44 44 48 48 50 71 72,0 33 138 249 105 105 175 175 331 331 170 170 18 344 32,source_bktree source_bktree source_bktree source_bktree source_bktree source_bktree source_bktree source_bktree source_bktree source_bktree source_bktree source_bktree source_bktree source_bktree source_bktree,0 1 100 2 11 11 43 43 44 44 48 48 50 71 72
326,MarineMicro_MvsM_4_dist,QTRAN,PyMARL,qtran_MarineMicro_MvsM_4_dist_train_run_0002,qtran_checkpoint_eval_20260529_sacred_1-12,qtran_MarineMicro_MvsM_4_dist_train_run_0002,,eval_8,71,,Win,45.0,20.0,True,pymarl/qtran_checkpoint_eval_20260529_sacred_1-12/qtran_MarineMicro_MvsM_4_dist_train_run_0002/evaluations/eval_8/bktree/node_log.txt,pymarl/qtran_checkpoint_eval_20260529_sacred_1-12/qtran_MarineMicro_MvsM_4_dist_train_run_0002/evaluations/eval_8/bktree,C:\Users\Binich\PycharmProjects\PredictionRTS\output\learner_results\all_data\fused_bktree_web_batch_20260612_153602_top100_anchor_no_replay\MarineMicro_MvsM_4_dist\bktree,15,15,0,0,0 66 66 2 11 11 67 67 68 68 69 69 70 85 72,0 22 22 249 105 105 225 225 343 343 227 227 228 117 32,source_bktree source_bktree source_bktree source_bktree source_bktree source_bktree source_bktree source_bktree source_bktree source_bktree source_bktree source_bktree source_bktree source_bktree source_bktree,0 66 66 2 11 11 67 67 68 68 69 69 70 85 72
327,MarineMicro_MvsM_4_dist,QTRAN,PyMARL,qtran_MarineMicro_MvsM_4_dist_train_run_0002,qtran_checkpoint_eval_20260529_sacred_1-12,qtran_MarineMicro_MvsM_4_dist_train_run_0002,,eval_8,72,,Win,45.0,20.0,True,pymarl/qtran_checkpoint_eval_20260529_sacred_1-12/qtran_MarineMicro_MvsM_4_dist_train_run_0002/evaluations/eval_8/bktree/node_log.txt,pymarl/qtran_checkpoint_eval_20260529_sacred_1-12/qtran_MarineMicro_MvsM_4_dist_train_run_0002/evaluations/eval_8/bktree,C:\Users\Binich\PycharmProjects\PredictionRTS\output\learner_results\all_data\fused_bktree_web_batch_20260612_153602_top100_anchor_no_replay\MarineMicro_MvsM_4_dist\bktree,15,15,0,0,0 10 10 2 11 11 12 12 13 13 14 14 15 17 20,0 312 312 249 105 105 313 313 314 314 315 315 211 317 32,source_bktree source_bktree source_bktree source_bktree source_bktree source_bktree source_bktree source_bktree source_bktree source_bktree source_bktree source_bktree source_bktree source_bktree source_bktree,0 10 10 2 11 11 12 12 13 13 14 14 15 17 20
328,MarineMicro_MvsM_4_dist,QTRAN,PyMARL,qtran_MarineMicro_MvsM_4_dist_train_run_0002,qtran_checkpoint_eval_20260529_sacred_1-12,qtran_MarineMicro_MvsM_4_dist_train_run_0002,,eval_8,88,,Win,45.0,20.0,True,pymarl/qtran_checkpoint_eval_20260529_sacred_1-12/qtran_MarineMicro_MvsM_4_dist_train_run_0002/evaluations/eval_8/bktree/node_log.txt,pymarl/qtran_checkpoint_eval_20260529_sacred_1-12/qtran_MarineMicro_MvsM_4_dist_train_run_0002/evaluations/eval_8/bktree,C:\Users\Binich\PycharmProjects\PredictionRTS\output\learner_results\all_data\fused_bktree_web_batch_20260612_153602_top100_anchor_no_replay\MarineMicro_MvsM_4_dist\bktree,15,15,0,0,0 66 66 2 11 11 67 67 115 115 74 123 123 141 72,0 22 22 249 105 105 225 225 28 28 82 371 371 47 32,source_bktree source_bktree source_bktree source_bktree source_bktree source_bktree source_bktree source_bktree source_bktree source_bktree source_bktree source_bktree source_bktree source_bktree source_bktree,0 66 66 2 11 11 67 67 115 115 74 123 123 141 72
329,MarineMicro_MvsM_4_dist,QTRAN,PyMARL,qtran_MarineMicro_MvsM_4_dist_train_run_0002,qtran_checkpoint_eval_20260529_sacred_1-12,qtran_MarineMicro_MvsM_4_dist_train_run_0002,,eval_8,90,,Win,45.0,20.0,True,pymarl/qtran_checkpoint_eval_20260529_sacred_1-12/qtran_MarineMicro_MvsM_4_dist_train_run_0002/evaluations/eval_8/bktree/node_log.txt,pymarl/qtran_checkpoint_eval_20260529_sacred_1-12/qtran_MarineMicro_MvsM_4_dist_train_run_0002/evaluations/eval_8/bktree,C:\Users\Binich\PycharmProjects\PredictionRTS\output\learner_results\all_data\fused_bktree_web_batch_20260612_153602_top100_anchor_no_replay\MarineMicro_MvsM_4_dist\bktree,15,15,0,0,0 10 10 2 11 11 12 12 13 13 14 14 15 16 20,0 312 312 249 105 105 313 313 314 314 315 315 211 316 32,source_bktree source_bktree source_bktree source_bktree source_bktree source_bktree source_bktree source_bktree source_bktree source_bktree source_bktree source_bktree source_bktree source_bktree source_bktree,0 10 10 2 11 11 12 12 13 13 14 14 15 16 20
330,MarineMicro_MvsM_4_dist,QTRAN,PyMARL,qtran_MarineMicro_MvsM_4_dist_train_run_0002,qtran_checkpoint_eval_20260529_sacred_1-12,qtran_MarineMicro_MvsM_4_dist_train_run_0002,,eval_8,5,,Win,45.0,20.0,True,pymarl/qtran_checkpoint_eval_20260529_sacred_1-12/qtran_MarineMicro_MvsM_4_dist_train_run_0002/evaluations/eval_8/bktree/node_log.txt,pymarl/qtran_checkpoint_eval_20260529_sacred_1-12/qtran_MarineMicro_MvsM_4_dist_train_run_0002/evaluations/eval_8/bktree,C:\Users\Binich\PycharmProjects\PredictionRTS\output\learner_results\all_data\fused_bktree_web_batch_20260612_153602_top100_anchor_no_replay\MarineMicro_MvsM_4_dist\bktree,16,16,0,0,0 31 31 2 2 11 32 32 33 33 34 34 35 36 8 9,0 323 323 249 249 105 324 324 106 106 99 99 325 326 74 172,source_bktree source_bktree source_bktree source_bktree source_bktree source_bktree source_bktree source_bktree source_bktree source_bktree source_bktree source_bktree source_bktree source_bktree source_bktree source_bktree,0 31 31 2 2 11 32 32 33 33 34 34 35 36 8 9
331,MarineMicro_MvsM_4_dist,QTRAN,PyMARL,qtran_MarineMicro_MvsM_4_dist_train_run_0002,qtran_checkpoint_eval_20260529_sacred_1-12,qtran_MarineMicro_MvsM_4_dist_train_run_0002,,eval_8,9,,Win,45.0,20.0,True,pymarl/qtran_checkpoint_eval_20260529_sacred_1-12/qtran_MarineMicro_MvsM_4_dist_train_run_0002/evaluations/eval_8/bktree/node_log.txt,pymarl/qtran_checkpoint_eval_20260529_sacred_1-12/qtran_MarineMicro_MvsM_4_dist_train_run_0002/evaluations/eval_8/bktree,C:\Users\Binich\PycharmProjects\PredictionRTS\output\learner_results\all_data\fused_bktree_web_batch_20260612_153602_top100_anchor_no_replay\MarineMicro_MvsM_4_dist\bktree,16,16,0,0,0 1 1 2 3 11 43 43 44 44 48 49 50 50 8 9,0 33 33 249 307 105 175 175 331 331 170 332 18 18 74 172,source_bktree source_bktree source_bktree source_bktree source_bktree source_bktree source_bktree source_bktree source_bktree source_bktree source_bktree source_bktree source_bktree source_bktree source_bktree source_bktree,0 1 1 2 3 11 43 43 44 44 48 49 50 50 8 9
332,MarineMicro_MvsM_4_dist,QTRAN,PyMARL,qtran_MarineMicro_MvsM_4_dist_train_run_0002,qtran_checkpoint_eval_20260529_sacred_1-12,qtran_MarineMicro_MvsM_4_dist_train_run_0002,,eval_8,14,,Win,45.0,20.0,True,pymarl/qtran_checkpoint_eval_20260529_sacred_1-12/qtran_MarineMicro_MvsM_4_dist_train_run_0002/evaluations/eval_8/bktree/node_log.txt,pymarl/qtran_checkpoint_eval_20260529_sacred_1-12/qtran_MarineMicro_MvsM_4_dist_train_run_0002/evaluations/eval_8/bktree,C:\Users\Binich\PycharmProjects\PredictionRTS\output\learner_results\all_data\fused_bktree_web_batch_20260612_153602_top100_anchor_no_replay\MarineMicro_MvsM_4_dist\bktree,16,16,0,0,0 10 10 2 11 11 12 37 65 65 14 14 15 17 17 20,0 312 312 249 105 105 313 327 342 342 315 315 211 317 317 32,source_bktree source_bktree source_bktree source_bktree source_bktree source_bktree source_bktree source_bktree source_bktree source_bktree source_bktree source_bktree source_bktree source_bktree source_bktree source_bktree,0 10 10 2 11 11 12 37 65 65 14 14 15 17 17 20
333,MarineMicro_MvsM_4_dist,QTRAN,PyMARL,qtran_MarineMicro_MvsM_4_dist_train_run_0002,qtran_checkpoint_eval_20260529_sacred_1-12,qtran_MarineMicro_MvsM_4_dist_train_run_0002,,eval_8,18,,Win,45.0,20.0,True,pymarl/qtran_checkpoint_eval_20260529_sacred_1-12/qtran_MarineMicro_MvsM_4_dist_train_run_0002/evaluations/eval_8/bktree/node_log.txt,pymarl/qtran_checkpoint_eval_20260529_sacred_1-12/qtran_MarineMicro_MvsM_4_dist_train_run_0002/evaluations/eval_8/bktree,C:\Users\Binich\PycharmProjects\PredictionRTS\output\learner_results\all_data\fused_bktree_web_batch_20260612_153602_top100_anchor_no_replay\MarineMicro_MvsM_4_dist\bktree,16,16,0,0,0 10 10 2 11 11 12 12 13 13 14 14 15 17 17 20,0 312 312 249 105 105 313 313 314 314 315 315 211 317 317 32,source_bktree source_bktree source_bktree source_bktree source_bktree source_bktree source_bktree source_bktree source_bktree source_bktree source_bktree source_bktree source_bktree source_bktree source_bktree source_bktree,0 10 10 2 11 11 12 12 13 13 14 14 15 17 17 20
334,MarineMicro_MvsM_4_dist,QTRAN,PyMARL,qtran_MarineMicro_MvsM_4_dist_train_run_0002,qtran_checkpoint_eval_20260529_sacred_1-12,qtran_MarineMicro_MvsM_4_dist_train_run_0002,,eval_8,26,,Win,45.0,20.0,True,pymarl/qtran_checkpoint_eval_20260529_sacred_1-12/qtran_MarineMicro_MvsM_4_dist_train_run_0002/evaluations/eval_8/bktree/node_log.txt,pymarl/qtran_checkpoint_eval_20260529_sacred_1-12/qtran_MarineMicro_MvsM_4_dist_train_run_0002/evaluations/eval_8/bktree,C:\Users\Binich\PycharmProjects\PredictionRTS\output\learner_results\all_data\fused_bktree_web_batch_20260612_153602_top100_anchor_no_replay\MarineMicro_MvsM_4_dist\bktree,16,16,0,0,0 31 31 2 11 11 59 59 83 83 34 84 35 85 85 86,0 323 323 249 105 105 96 96 28 28 99 349 325 117 117 350,source_bktree source_bktree source_bktree source_bktree source_bktree source_bktree source_bktree source_bktree source_bktree source_bktree source_bktree source_bktree source_bktree source_bktree source_bktree source_bktree,0 31 31 2 11 11 59 59 83 83 34 84 35 85 85 86
335,MarineMicro_MvsM_4_dist,QTRAN,PyMARL,qtran_MarineMicro_MvsM_4_dist_train_run_0002,qtran_checkpoint_eval_20260529_sacred_1-12,qtran_MarineMicro_MvsM_4_dist_train_run_0002,,eval_8,34,,Win,45.0,20.0,True,pymarl/qtran_checkpoint_eval_20260529_sacred_1-12/qtran_MarineMicro_MvsM_4_dist_train_run_0002/evaluations/eval_8/bktree/node_log.txt,pymarl/qtran_checkpoint_eval_20260529_sacred_1-12/qtran_MarineMicro_MvsM_4_dist_train_run_0002/evaluations/eval_8/bktree,C:\Users\Binich\PycharmProjects\PredictionRTS\output\learner_results\all_data\fused_bktree_web_batch_20260612_153602_top100_anchor_no_replay\MarineMicro_MvsM_4_dist\bktree,16,16,0,0,0 10 10 2 11 11 37 37 65 65 14 14 15 17 17 20,0 312 312 249 105 105 327 327 342 342 315 315 211 317 317 32,source_bktree source_bktree source_bktree source_bktree source_bktree source_bktree source_bktree source_bktree source_bktree source_bktree source_bktree source_bktree source_bktree source_bktree source_bktree source_bktree,0 10 10 2 11 11 37 37 65 65 14 14 15 17 17 20
336,MarineMicro_MvsM_4_dist,QTRAN,PyMARL,qtran_MarineMicro_MvsM_4_dist_train_run_0002,qtran_checkpoint_eval_20260529_sacred_1-12,qtran_MarineMicro_MvsM_4_dist_train_run_0002,,eval_8,40,,Win,45.0,20.0,True,pymarl/qtran_checkpoint_eval_20260529_sacred_1-12/qtran_MarineMicro_MvsM_4_dist_train_run_0002/evaluations/eval_8/bktree/node_log.txt,pymarl/qtran_checkpoint_eval_20260529_sacred_1-12/qtran_MarineMicro_MvsM_4_dist_train_run_0002/evaluations/eval_8/bktree,C:\Users\Binich\PycharmProjects\PredictionRTS\output\learner_results\all_data\fused_bktree_web_batch_20260612_153602_top100_anchor_no_replay\MarineMicro_MvsM_4_dist\bktree,16,16,0,0,0 10 10 2 11 11 12 12 13 13 14 14 15 17 17 20,0 312 312 249 105 105 313 313 314 314 315 315 211 317 317 32,source_bktree source_bktree source_bktree source_bktree source_bktree source_bktree source_bktree source_bktree source_bktree source_bktree source_bktree source_bktree source_bktree source_bktree source_bktree source_bktree,0 10 10 2 11 11 12 12 13 13 14 14 15 17 17 20
337,MarineMicro_MvsM_4_dist,QTRAN,PyMARL,qtran_MarineMicro_MvsM_4_dist_train_run_0002,qtran_checkpoint_eval_20260529_sacred_1-12,qtran_MarineMicro_MvsM_4_dist_train_run_0002,,eval_8,64,,Win,45.0,20.0,True,pymarl/qtran_checkpoint_eval_20260529_sacred_1-12/qtran_MarineMicro_MvsM_4_dist_train_run_0002/evaluations/eval_8/bktree/node_log.txt,pymarl/qtran_checkpoint_eval_20260529_sacred_1-12/qtran_MarineMicro_MvsM_4_dist_train_run_0002/evaluations/eval_8/bktree,C:\Users\Binich\PycharmProjects\PredictionRTS\output\learner_results\all_data\fused_bktree_web_batch_20260612_153602_top100_anchor_no_replay\MarineMicro_MvsM_4_dist\bktree,16,16,0,0,0 31 31 2 58 11 59 59 83 83 34 143 143 85 85 86,0 323 323 249 26 105 96 96 28 28 99 382 382 117 117 350,source_bktree source_bktree source_bktree source_bktree source_bktree source_bktree source_bktree source_bktree source_bktree source_bktree source_bktree source_bktree source_bktree source_bktree source_bktree source_bktree,0 31 31 2 58 11 59 59 83 83 34 143 143 85 85 86
338,MarineMicro_MvsM_4_dist,QTRAN,PyMARL,qtran_MarineMicro_MvsM_4_dist_train_run_0002,qtran_checkpoint_eval_20260529_sacred_1-12,qtran_MarineMicro_MvsM_4_dist_train_run_0002,,eval_8,80,,Win,45.0,20.0,True,pymarl/qtran_checkpoint_eval_20260529_sacred_1-12/qtran_MarineMicro_MvsM_4_dist_train_run_0002/evaluations/eval_8/bktree/node_log.txt,pymarl/qtran_checkpoint_eval_20260529_sacred_1-12/qtran_MarineMicro_MvsM_4_dist_train_run_0002/evaluations/eval_8/bktree,C:\Users\Binich\PycharmProjects\PredictionRTS\output\learner_results\all_data\fused_bktree_web_batch_20260612_153602_top100_anchor_no_replay\MarineMicro_MvsM_4_dist\bktree,16,16,0,0,0 31 31 2 58 11 59 144 83 83 34 34 35 85 85 72,0 323 323 249 26 105 96 383 28 28 99 99 325 117 117 32,source_bktree source_bktree source_bktree source_bktree source_bktree source_bktree source_bktree source_bktree source_bktree source_bktree source_bktree source_bktree source_bktree source_bktree source_bktree source_bktree,0 31 31 2 58 11 59 144 83 83 34 34 35 85 85 72
339,MarineMicro_MvsM_4_dist,QTRAN,PyMARL,qtran_MarineMicro_MvsM_4_dist_train_run_0002,qtran_checkpoint_eval_20260529_sacred_1-12,qtran_MarineMicro_MvsM_4_dist_train_run_0002,,eval_8,94,,Win,45.0,20.0,True,pymarl/qtran_checkpoint_eval_20260529_sacred_1-12/qtran_MarineMicro_MvsM_4_dist_train_run_0002/evaluations/eval_8/bktree/node_log.txt,pymarl/qtran_checkpoint_eval_20260529_sacred_1-12/qtran_MarineMicro_MvsM_4_dist_train_run_0002/evaluations/eval_8/bktree,C:\Users\Binich\PycharmProjects\PredictionRTS\output\learner_results\all_data\fused_bktree_web_batch_20260612_153602_top100_anchor_no_replay\MarineMicro_MvsM_4_dist\bktree,16,16,0,0,0 10 10 2 58 11 12 12 13 13 14 14 15 17 17 20,0 312 312 249 26 105 313 313 314 314 315 315 211 317 317 32,source_bktree source_bktree source_bktree source_bktree source_bktree source_bktree source_bktree source_bktree source_bktree source_bktree source_bktree source_bktree source_bktree source_bktree source_bktree source_bktree,0 10 10 2 58 11 12 12 13 13 14 14 15 17 17 20
340,MarineMicro_MvsM_4_dist,QTRAN,PyMARL,qtran_MarineMicro_MvsM_4_dist_train_run_0002,qtran_checkpoint_eval_20260529_sacred_1-12,qtran_MarineMicro_MvsM_4_dist_train_run_0002,,eval_8,11,,Win,45.0,20.0,True,pymarl/qtran_checkpoint_eval_20260529_sacred_1-12/qtran_MarineMicro_MvsM_4_dist_train_run_0002/evaluations/eval_8/bktree/node_log.txt,pymarl/qtran_checkpoint_eval_20260529_sacred_1-12/qtran_MarineMicro_MvsM_4_dist_train_run_0002/evaluations/eval_8/bktree,C:\Users\Binich\PycharmProjects\PredictionRTS\output\learner_results\all_data\fused_bktree_web_batch_20260612_153602_top100_anchor_no_replay\MarineMicro_MvsM_4_dist\bktree,17,17,0,0,0 10 10 2 11 11 12 12 53 53 54 54 55 41 17 17 20,0 312 312 249 105 105 313 313 335 335 336 336 337 330 317 317 32,source_bktree source_bktree source_bktree source_bktree source_bktree source_bktree source_bktree source_bktree source_bktree source_bktree source_bktree source_bktree source_bktree source_bktree source_bktree source_bktree source_bktree,0 10 10 2 11 11 12 12 53 53 54 54 55 41 17 17 20
341,MarineMicro_MvsM_4_dist,QTRAN,PyMARL,qtran_MarineMicro_MvsM_4_dist_train_run_0002,qtran_checkpoint_eval_20260529_sacred_1-12,qtran_MarineMicro_MvsM_4_dist_train_run_0002,,eval_8,48,,Win,42.0,20.0,True,pymarl/qtran_checkpoint_eval_20260529_sacred_1-12/qtran_MarineMicro_MvsM_4_dist_train_run_0002/evaluations/eval_8/bktree/node_log.txt,pymarl/qtran_checkpoint_eval_20260529_sacred_1-12/qtran_MarineMicro_MvsM_4_dist_train_run_0002/evaluations/eval_8/bktree,C:\Users\Binich\PycharmProjects\PredictionRTS\output\learner_results\all_data\fused_bktree_web_batch_20260612_153602_top100_anchor_no_replay\MarineMicro_MvsM_4_dist\bktree,15,15,0,0,0 10 10 2 11 11 12 12 13 13 14 14 15 77 18,0 312 312 249 105 105 313 313 314 314 315 315 211 58 230,source_bktree source_bktree source_bktree source_bktree source_bktree source_bktree source_bktree source_bktree source_bktree source_bktree source_bktree source_bktree source_bktree source_bktree source_bktree,0 10 10 2 11 11 12 12 13 13 14 14 15 77 18
342,MarineMicro_MvsM_4_dist,QTRAN,PyMARL,qtran_MarineMicro_MvsM_4_dist_train_run_0002,qtran_checkpoint_eval_20260529_sacred_1-12,qtran_MarineMicro_MvsM_4_dist_train_run_0002,,eval_8,2,,Win,42.0,20.0,True,pymarl/qtran_checkpoint_eval_20260529_sacred_1-12/qtran_MarineMicro_MvsM_4_dist_train_run_0002/evaluations/eval_8/bktree/node_log.txt,pymarl/qtran_checkpoint_eval_20260529_sacred_1-12/qtran_MarineMicro_MvsM_4_dist_train_run_0002/evaluations/eval_8/bktree,C:\Users\Binich\PycharmProjects\PredictionRTS\output\learner_results\all_data\fused_bktree_web_batch_20260612_153602_top100_anchor_no_replay\MarineMicro_MvsM_4_dist\bktree,16,16,0,0,0 10 10 2 11 11 12 12 13 13 14 14 15 16 17 18,0 312 312 249 105 105 313 313 314 314 315 315 211 316 317 230,source_bktree source_bktree source_bktree source_bktree source_bktree source_bktree source_bktree source_bktree source_bktree source_bktree source_bktree source_bktree source_bktree source_bktree source_bktree source_bktree,0 10 10 2 11 11 12 12 13 13 14 14 15 16 17 18
343,MarineMicro_MvsM_4_dist,QTRAN,PyMARL,qtran_MarineMicro_MvsM_4_dist_train_run_0002,qtran_checkpoint_eval_20260529_sacred_1-12,qtran_MarineMicro_MvsM_4_dist_train_run_0002,,eval_8,10,,Win,42.0,20.0,True,pymarl/qtran_checkpoint_eval_20260529_sacred_1-12/qtran_MarineMicro_MvsM_4_dist_train_run_0002/evaluations/eval_8/bktree/node_log.txt,pymarl/qtran_checkpoint_eval_20260529_sacred_1-12/qtran_MarineMicro_MvsM_4_dist_train_run_0002/evaluations/eval_8/bktree,C:\Users\Binich\PycharmProjects\PredictionRTS\output\learner_results\all_data\fused_bktree_web_batch_20260612_153602_top100_anchor_no_replay\MarineMicro_MvsM_4_dist\bktree,16,16,0,0,0 10 10 2 11 11 24 24 51 51 14 52 52 29 29 18,0 312 312 249 105 105 178 178 333 333 315 334 334 20 20 230,source_bktree source_bktree source_bktree source_bktree source_bktree source_bktree source_bktree source_bktree source_bktree source_bktree source_bktree source_bktree source_bktree source_bktree source_bktree source_bktree,0 10 10 2 11 11 24 24 51 51 14 52 52 29 29 18
344,MarineMicro_MvsM_4_dist,QTRAN,PyMARL,qtran_MarineMicro_MvsM_4_dist_train_run_0002,qtran_checkpoint_eval_20260529_sacred_1-12,qtran_MarineMicro_MvsM_4_dist_train_run_0002,,eval_8,17,,Win,42.0,20.0,True,pymarl/qtran_checkpoint_eval_20260529_sacred_1-12/qtran_MarineMicro_MvsM_4_dist_train_run_0002/evaluations/eval_8/bktree/node_log.txt,pymarl/qtran_checkpoint_eval_20260529_sacred_1-12/qtran_MarineMicro_MvsM_4_dist_train_run_0002/evaluations/eval_8/bktree,C:\Users\Binich\PycharmProjects\PredictionRTS\output\learner_results\all_data\fused_bktree_web_batch_20260612_153602_top100_anchor_no_replay\MarineMicro_MvsM_4_dist\bktree,16,16,0,0,0 66 73 2 3 11 67 67 68 68 74 70 70 47 47 18,0 22 23 249 307 105 225 225 343 343 82 228 228 58 58 230,source_bktree source_bktree source_bktree source_bktree source_bktree source_bktree source_bktree source_bktree source_bktree source_bktree source_bktree source_bktree source_bktree source_bktree source_bktree source_bktree,0 66 73 2 3 11 67 67 68 68 74 70 70 47 47 18
345,MarineMicro_MvsM_4_dist,QTRAN,PyMARL,qtran_MarineMicro_MvsM_4_dist_train_run_0002,qtran_checkpoint_eval_20260529_sacred_1-12,qtran_MarineMicro_MvsM_4_dist_train_run_0002,,eval_8,31,,Win,42.0,20.0,True,pymarl/qtran_checkpoint_eval_20260529_sacred_1-12/qtran_MarineMicro_MvsM_4_dist_train_run_0002/evaluations/eval_8/bktree/node_log.txt,pymarl/qtran_checkpoint_eval_20260529_sacred_1-12/qtran_MarineMicro_MvsM_4_dist_train_run_0002/evaluations/eval_8/bktree,C:\Users\Binich\PycharmProjects\PredictionRTS\output\learner_results\all_data\fused_bktree_web_batch_20260612_153602_top100_anchor_no_replay\MarineMicro_MvsM_4_dist\bktree,16,16,0,0,0 10 10 2 11 11 37 37 65 65 14 14 15 17 17 18,0 312 312 249 105 105 327 327 342 342 315 315 211 317 317 230,source_bktree source_bktree source_bktree source_bktree source_bktree source_bktree source_bktree source_bktree source_bktree source_bktree source_bktree source_bktree source_bktree source_bktree source_bktree source_bktree,0 10 10 2 11 11 37 37 65 65 14 14 15 17 17 18
346,MarineMicro_MvsM_4_dist,QTRAN,PyMARL,qtran_MarineMicro_MvsM_4_dist_train_run_0002,qtran_checkpoint_eval_20260529_sacred_1-12,qtran_MarineMicro_MvsM_4_dist_train_run_0002,,eval_8,41,,Win,42.0,20.0,True,pymarl/qtran_checkpoint_eval_20260529_sacred_1-12/qtran_MarineMicro_MvsM_4_dist_train_run_0002/evaluations/eval_8/bktree/node_log.txt,pymarl/qtran_checkpoint_eval_20260529_sacred_1-12/qtran_MarineMicro_MvsM_4_dist_train_run_0002/evaluations/eval_8/bktree,C:\Users\Binich\PycharmProjects\PredictionRTS\output\learner_results\all_data\fused_bktree_web_batch_20260612_153602_top100_anchor_no_replay\MarineMicro_MvsM_4_dist\bktree,16,16,0,0,0 66 73 2 113 113 67 114 115 115 74 103 103 47 82 105,0 22 23 249 307 307 225 225 28 28 82 358 358 58 59 290,source_bktree source_bktree source_bktree source_bktree source_bktree source_bktree source_bktree source_bktree source_bktree source_bktree source_bktree source_bktree source_bktree source_bktree source_bktree source_bktree,0 66 73 2 113 113 67 114 115 115 74 103 103 47 82 105
347,MarineMicro_MvsM_4_dist,QTRAN,PyMARL,qtran_MarineMicro_MvsM_4_dist_train_run_0002,qtran_checkpoint_eval_20260529_sacred_1-12,qtran_MarineMicro_MvsM_4_dist_train_run_0002,,eval_8,54,,Win,42.0,20.0,True,pymarl/qtran_checkpoint_eval_20260529_sacred_1-12/qtran_MarineMicro_MvsM_4_dist_train_run_0002/evaluations/eval_8/bktree/node_log.txt,pymarl/qtran_checkpoint_eval_20260529_sacred_1-12/qtran_MarineMicro_MvsM_4_dist_train_run_0002/evaluations/eval_8/bktree,C:\Users\Binich\PycharmProjects\PredictionRTS\output\learner_results\all_data\fused_bktree_web_batch_20260612_153602_top100_anchor_no_replay\MarineMicro_MvsM_4_dist\bktree,16,16,0,0,0 31 31 2 128 11 32 32 33 33 34 34 35 125 42 64,0 323 323 249 307 105 324 324 106 106 99 99 325 102 275 276,source_bktree source_bktree source_bktree source_bktree source_bktree source_bktree source_bktree source_bktree source_bktree source_bktree source_bktree source_bktree source_bktree source_bktree source_bktree source_bktree,0 31 31 2 128 11 32 32 33 33 34 34 35 125 42 64
348,MarineMicro_MvsM_4_dist,QTRAN,PyMARL,qtran_MarineMicro_MvsM_4_dist_train_run_0002,qtran_checkpoint_eval_20260529_sacred_1-12,qtran_MarineMicro_MvsM_4_dist_train_run_0002,,eval_8,56,,Win,42.0,20.0,True,pymarl/qtran_checkpoint_eval_20260529_sacred_1-12/qtran_MarineMicro_MvsM_4_dist_train_run_0002/evaluations/eval_8/bktree/node_log.txt,pymarl/qtran_checkpoint_eval_20260529_sacred_1-12/qtran_MarineMicro_MvsM_4_dist_train_run_0002/evaluations/eval_8/bktree,C:\Users\Binich\PycharmProjects\PredictionRTS\output\learner_results\all_data\fused_bktree_web_batch_20260612_153602_top100_anchor_no_replay\MarineMicro_MvsM_4_dist\bktree,16,16,0,0,0 66 73 2 11 11 67 67 115 130 74 123 131 47 132 105,0 22 23 249 105 105 225 225 28 375 82 371 376 58 20 290,source_bktree source_bktree source_bktree source_bktree source_bktree source_bktree source_bktree source_bktree source_bktree source_bktree source_bktree source_bktree source_bktree source_bktree source_bktree source_bktree,0 66 73 2 11 11 67 67 115 130 74 123 131 47 132 105
349,MarineMicro_MvsM_4_dist,QTRAN,PyMARL,qtran_MarineMicro_MvsM_4_dist_train_run_0002,qtran_checkpoint_eval_20260529_sacred_1-12,qtran_MarineMicro_MvsM_4_dist_train_run_0002,,eval_8,58,,Win,42.0,20.0,True,pymarl/qtran_checkpoint_eval_20260529_sacred_1-12/qtran_MarineMicro_MvsM_4_dist_train_run_0002/evaluations/eval_8/bktree/node_log.txt,pymarl/qtran_checkpoint_eval_20260529_sacred_1-12/qtran_MarineMicro_MvsM_4_dist_train_run_0002/evaluations/eval_8/bktree,C:\Users\Binich\PycharmProjects\PredictionRTS\output\learner_results\all_data\fused_bktree_web_batch_20260612_153602_top100_anchor_no_replay\MarineMicro_MvsM_4_dist\bktree,16,16,0,0,0 10 10 2 11 11 12 37 65 65 14 14 15 16 42 18,0 312 312 249 105 105 313 327 342 342 315 315 211 316 275 230,source_bktree source_bktree source_bktree source_bktree source_bktree source_bktree source_bktree source_bktree source_bktree source_bktree source_bktree source_bktree source_bktree source_bktree source_bktree source_bktree,0 10 10 2 11 11 12 37 65 65 14 14 15 16 42 18
350,MarineMicro_MvsM_4_dist,QTRAN,PyMARL,qtran_MarineMicro_MvsM_4_dist_train_run_0002,qtran_checkpoint_eval_20260529_sacred_1-12,qtran_MarineMicro_MvsM_4_dist_train_run_0002,,eval_8,63,,Win,42.0,20.0,True,pymarl/qtran_checkpoint_eval_20260529_sacred_1-12/qtran_MarineMicro_MvsM_4_dist_train_run_0002/evaluations/eval_8/bktree/node_log.txt,pymarl/qtran_checkpoint_eval_20260529_sacred_1-12/qtran_MarineMicro_MvsM_4_dist_train_run_0002/evaluations/eval_8/bktree,C:\Users\Binich\PycharmProjects\PredictionRTS\output\learner_results\all_data\fused_bktree_web_batch_20260612_153602_top100_anchor_no_replay\MarineMicro_MvsM_4_dist\bktree,16,16,0,0,0 10 10 2 11 11 12 12 13 13 14 14 15 16 29 18,0 312 312 249 105 105 313 313 314 314 315 315 211 316 20 230,source_bktree source_bktree source_bktree source_bktree source_bktree source_bktree source_bktree source_bktree source_bktree source_bktree source_bktree source_bktree source_bktree source_bktree source_bktree source_bktree,0 10 10 2 11 11 12 12 13 13 14 14 15 16 29 18
351,MarineMicro_MvsM_4_dist,QTRAN,PyMARL,qtran_MarineMicro_MvsM_4_dist_train_run_0002,qtran_checkpoint_eval_20260529_sacred_1-12,qtran_MarineMicro_MvsM_4_dist_train_run_0002,,eval_8,74,,Win,42.0,20.0,True,pymarl/qtran_checkpoint_eval_20260529_sacred_1-12/qtran_MarineMicro_MvsM_4_dist_train_run_0002/evaluations/eval_8/bktree/node_log.txt,pymarl/qtran_checkpoint_eval_20260529_sacred_1-12/qtran_MarineMicro_MvsM_4_dist_train_run_0002/evaluations/eval_8/bktree,C:\Users\Binich\PycharmProjects\PredictionRTS\output\learner_results\all_data\fused_bktree_web_batch_20260612_153602_top100_anchor_no_replay\MarineMicro_MvsM_4_dist\bktree,16,16,0,0,0 31 31 2 58 11 32 133 33 33 75 34 35 85 42 64,0 323 323 249 26 105 324 284 106 106 107 99 325 117 275 276,source_bktree source_bktree source_bktree source_bktree source_bktree source_bktree source_bktree source_bktree source_bktree source_bktree source_bktree source_bktree source_bktree source_bktree source_bktree source_bktree,0 31 31 2 58 11 32 133 33 33 75 34 35 85 42 64
352,MarineMicro_MvsM_4_dist,QTRAN,PyMARL,qtran_MarineMicro_MvsM_4_dist_train_run_0002,qtran_checkpoint_eval_20260529_sacred_1-12,qtran_MarineMicro_MvsM_4_dist_train_run_0002,,eval_8,87,,Win,42.0,20.0,True,pymarl/qtran_checkpoint_eval_20260529_sacred_1-12/qtran_MarineMicro_MvsM_4_dist_train_run_0002/evaluations/eval_8/bktree/node_log.txt,pymarl/qtran_checkpoint_eval_20260529_sacred_1-12/qtran_MarineMicro_MvsM_4_dist_train_run_0002/evaluations/eval_8/bktree,C:\Users\Binich\PycharmProjects\PredictionRTS\output\learner_results\all_data\fused_bktree_web_batch_20260612_153602_top100_anchor_no_replay\MarineMicro_MvsM_4_dist\bktree,16,16,0,0,0 66 73 2 113 146 67 67 68 161 69 70 70 47 47 18,0 22 23 249 307 53 225 225 343 205 227 228 228 58 58 230,source_bktree source_bktree source_bktree source_bktree source_bktree source_bktree source_bktree source_bktree source_bktree source_bktree source_bktree source_bktree source_bktree source_bktree source_bktree source_bktree,0 66 73 2 113 146 67 67 68 161 69 70 70 47 47 18
353,MarineMicro_MvsM_4_dist,QTRAN,PyMARL,qtran_MarineMicro_MvsM_4_dist_train_run_0002,qtran_checkpoint_eval_20260529_sacred_1-12,qtran_MarineMicro_MvsM_4_dist_train_run_0002,,eval_8,4,,Win,42.0,20.0,True,pymarl/qtran_checkpoint_eval_20260529_sacred_1-12/qtran_MarineMicro_MvsM_4_dist_train_run_0002/evaluations/eval_8/bktree/node_log.txt,pymarl/qtran_checkpoint_eval_20260529_sacred_1-12/qtran_MarineMicro_MvsM_4_dist_train_run_0002/evaluations/eval_8/bktree,C:\Users\Binich\PycharmProjects\PredictionRTS\output\learner_results\all_data\fused_bktree_web_batch_20260612_153602_top100_anchor_no_replay\MarineMicro_MvsM_4_dist\bktree,17,17,0,0,0 10 10 21 22 23 24 24 25 25 26 27 27 28 28 29 30,0 312 312 319 320 26 178 178 321 321 183 322 322 31 31 20 21,source_bktree source_bktree source_bktree source_bktree source_bktree source_bktree source_bktree source_bktree source_bktree source_bktree source_bktree source_bktree source_bktree source_bktree source_bktree source_bktree source_bktree,0 10 10 21 22 23 24 24 25 25 26 27 27 28 28 29 30
354,MarineMicro_MvsM_4_dist,QTRAN,PyMARL,qtran_MarineMicro_MvsM_4_dist_train_run_0002,qtran_checkpoint_eval_20260529_sacred_1-12,qtran_MarineMicro_MvsM_4_dist_train_run_0002,,eval_8,45,,Win,42.0,20.0,True,pymarl/qtran_checkpoint_eval_20260529_sacred_1-12/qtran_MarineMicro_MvsM_4_dist_train_run_0002/evaluations/eval_8/bktree/node_log.txt,pymarl/qtran_checkpoint_eval_20260529_sacred_1-12/qtran_MarineMicro_MvsM_4_dist_train_run_0002/evaluations/eval_8/bktree,C:\Users\Binich\PycharmProjects\PredictionRTS\output\learner_results\all_data\fused_bktree_web_batch_20260612_153602_top100_anchor_no_replay\MarineMicro_MvsM_4_dist\bktree,17,17,0,0,0 10 10 2 11 11 37 37 65 65 14 14 15 77 42 42 18,0 312 312 249 105 105 327 327 342 342 315 315 211 58 275 275 230,source_bktree source_bktree source_bktree source_bktree source_bktree source_bktree source_bktree source_bktree source_bktree source_bktree source_bktree source_bktree source_bktree source_bktree source_bktree source_bktree source_bktree,0 10 10 2 11 11 37 37 65 65 14 14 15 77 42 42 18
355,MarineMicro_MvsM_4_dist,QTRAN,PyMARL,qtran_MarineMicro_MvsM_4_dist_train_run_0002,qtran_checkpoint_eval_20260529_sacred_1-12,qtran_MarineMicro_MvsM_4_dist_train_run_0002,,eval_8,89,,Win,42.0,20.0,True,pymarl/qtran_checkpoint_eval_20260529_sacred_1-12/qtran_MarineMicro_MvsM_4_dist_train_run_0002/evaluations/eval_8/bktree/node_log.txt,pymarl/qtran_checkpoint_eval_20260529_sacred_1-12/qtran_MarineMicro_MvsM_4_dist_train_run_0002/evaluations/eval_8/bktree,C:\Users\Binich\PycharmProjects\PredictionRTS\output\learner_results\all_data\fused_bktree_web_batch_20260612_153602_top100_anchor_no_replay\MarineMicro_MvsM_4_dist\bktree,17,17,0,0,0 10 10 2 11 11 37 162 51 51 163 163 52 77 77 42 18,0 312 312 249 105 105 327 391 333 333 392 392 334 58 58 275 230,source_bktree source_bktree source_bktree source_bktree source_bktree source_bktree source_bktree source_bktree source_bktree source_bktree source_bktree source_bktree source_bktree source_bktree source_bktree source_bktree source_bktree,0 10 10 2 11 11 37 162 51 51 163 163 52 77 77 42 18
356,MarineMicro_MvsM_4_dist,QTRAN,PyMARL,qtran_MarineMicro_MvsM_4_dist_train_run_0002,qtran_checkpoint_eval_20260529_sacred_1-12,qtran_MarineMicro_MvsM_4_dist_train_run_0002,,eval_8,93,,Win,39.0,20.0,True,pymarl/qtran_checkpoint_eval_20260529_sacred_1-12/qtran_MarineMicro_MvsM_4_dist_train_run_0002/evaluations/eval_8/bktree/node_log.txt,pymarl/qtran_checkpoint_eval_20260529_sacred_1-12/qtran_MarineMicro_MvsM_4_dist_train_run_0002/evaluations/eval_8/bktree,C:\Users\Binich\PycharmProjects\PredictionRTS\output\learner_results\all_data\fused_bktree_web_batch_20260612_153602_top100_anchor_no_replay\MarineMicro_MvsM_4_dist\bktree,15,15,0,0,0 10 87 21 88 22 37 165 90 166 91 164 92 28 20,0 312 351 319 352 320 327 394 88 395 89 393 90 31 32,source_bktree source_bktree source_bktree source_bktree source_bktree source_bktree source_bktree source_bktree source_bktree source_bktree source_bktree source_bktree source_bktree source_bktree source_bktree,0 10 87 21 88 22 37 165 90 166 91 164 92 28 20
357,MarineMicro_MvsM_4_dist,QTRAN,PyMARL,qtran_MarineMicro_MvsM_4_dist_train_run_0002,qtran_checkpoint_eval_20260529_sacred_1-12,qtran_MarineMicro_MvsM_4_dist_train_run_0002,,eval_8,19,,Win,39.0,20.0,True,pymarl/qtran_checkpoint_eval_20260529_sacred_1-12/qtran_MarineMicro_MvsM_4_dist_train_run_0002/evaluations/eval_8/bktree/node_log.txt,pymarl/qtran_checkpoint_eval_20260529_sacred_1-12/qtran_MarineMicro_MvsM_4_dist_train_run_0002/evaluations/eval_8/bktree,C:\Users\Binich\PycharmProjects\PredictionRTS\output\learner_results\all_data\fused_bktree_web_batch_20260612_153602_top100_anchor_no_replay\MarineMicro_MvsM_4_dist\bktree,16,16,0,0,0 31 31 2 58 11 59 32 33 33 75 75 35 76 8 9,0 323 323 249 26 105 96 324 106 106 107 107 325 213 74 172,source_bktree source_bktree source_bktree source_bktree source_bktree source_bktree source_bktree source_bktree source_bktree source_bktree source_bktree source_bktree source_bktree source_bktree source_bktree source_bktree,0 31 31 2 58 11 59 32 33 33 75 75 35 76 8 9
358,MarineMicro_MvsM_4_dist,QTRAN,PyMARL,qtran_MarineMicro_MvsM_4_dist_train_run_0002,qtran_checkpoint_eval_20260529_sacred_1-12,qtran_MarineMicro_MvsM_4_dist_train_run_0002,,eval_8,37,,Win,39.0,20.0,True,pymarl/qtran_checkpoint_eval_20260529_sacred_1-12/qtran_MarineMicro_MvsM_4_dist_train_run_0002/evaluations/eval_8/bktree/node_log.txt,pymarl/qtran_checkpoint_eval_20260529_sacred_1-12/qtran_MarineMicro_MvsM_4_dist_train_run_0002/evaluations/eval_8/bktree,C:\Users\Binich\PycharmProjects\PredictionRTS\output\learner_results\all_data\fused_bktree_web_batch_20260612_153602_top100_anchor_no_replay\MarineMicro_MvsM_4_dist\bktree,16,16,0,0,0 10 87 21 88 23 37 24 108 109 91 110 92 41 28 20,0 312 351 319 352 26 327 178 361 362 89 363 90 330 31 32,source_bktree source_bktree source_bktree source_bktree source_bktree source_bktree source_bktree source_bktree source_bktree source_bktree source_bktree source_bktree source_bktree source_bktree source_bktree source_bktree,0 10 87 21 88 23 37 24 108 109 91 110 92 41 28 20
359,MarineMicro_MvsM_4_dist,QTRAN,PyMARL,qtran_MarineMicro_MvsM_4_dist_train_run_0002,qtran_checkpoint_eval_20260529_sacred_1-12,qtran_MarineMicro_MvsM_4_dist_train_run_0002,,eval_8,43,,Win,39.0,20.0,True,pymarl/qtran_checkpoint_eval_20260529_sacred_1-12/qtran_MarineMicro_MvsM_4_dist_train_run_0002/evaluations/eval_8/bktree/node_log.txt,pymarl/qtran_checkpoint_eval_20260529_sacred_1-12/qtran_MarineMicro_MvsM_4_dist_train_run_0002/evaluations/eval_8/bktree,C:\Users\Binich\PycharmProjects\PredictionRTS\output\learner_results\all_data\fused_bktree_web_batch_20260612_153602_top100_anchor_no_replay\MarineMicro_MvsM_4_dist\bktree,16,16,0,0,0 10 10 2 11 11 37 37 65 65 121 121 15 17 17 20,0 312 312 249 105 105 327 327 342 342 370 370 211 317 317 32,source_bktree source_bktree source_bktree source_bktree source_bktree source_bktree source_bktree source_bktree source_bktree source_bktree source_bktree source_bktree source_bktree source_bktree source_bktree source_bktree,0 10 10 2 11 11 37 37 65 65 121 121 15 17 17 20
360,MarineMicro_MvsM_4_dist,QTRAN,PyMARL,qtran_MarineMicro_MvsM_4_dist_train_run_0002,qtran_checkpoint_eval_20260529_sacred_1-12,qtran_MarineMicro_MvsM_4_dist_train_run_0002,,eval_8,61,,Win,39.0,20.0,True,pymarl/qtran_checkpoint_eval_20260529_sacred_1-12/qtran_MarineMicro_MvsM_4_dist_train_run_0002/evaluations/eval_8/bktree/node_log.txt,pymarl/qtran_checkpoint_eval_20260529_sacred_1-12/qtran_MarineMicro_MvsM_4_dist_train_run_0002/evaluations/eval_8/bktree,C:\Users\Binich\PycharmProjects\PredictionRTS\output\learner_results\all_data\fused_bktree_web_batch_20260612_153602_top100_anchor_no_replay\MarineMicro_MvsM_4_dist\bktree,16,16,0,0,0 10 10 2 11 11 12 12 13 13 14 14 15 17 17 20,0 312 312 249 105 105 313 313 314 314 315 315 211 317 317 32,source_bktree source_bktree source_bktree source_bktree source_bktree source_bktree source_bktree source_bktree source_bktree source_bktree source_bktree source_bktree source_bktree source_bktree source_bktree source_bktree,0 10 10 2 11 11 12 12 13 13 14 14 15 17 17 20
361,MarineMicro_MvsM_4_dist,QTRAN,PyMARL,qtran_MarineMicro_MvsM_4_dist_train_run_0002,qtran_checkpoint_eval_20260529_sacred_1-12,qtran_MarineMicro_MvsM_4_dist_train_run_0002,,eval_8,67,,Win,39.0,20.0,True,pymarl/qtran_checkpoint_eval_20260529_sacred_1-12/qtran_MarineMicro_MvsM_4_dist_train_run_0002/evaluations/eval_8/bktree/node_log.txt,pymarl/qtran_checkpoint_eval_20260529_sacred_1-12/qtran_MarineMicro_MvsM_4_dist_train_run_0002/evaluations/eval_8/bktree,C:\Users\Binich\PycharmProjects\PredictionRTS\output\learner_results\all_data\fused_bktree_web_batch_20260612_153602_top100_anchor_no_replay\MarineMicro_MvsM_4_dist\bktree,16,16,0,0,0 31 31 2 58 11 32 32 33 134 134 135 35 76 8 9,0 323 323 249 26 105 324 324 106 377 377 378 325 213 74 172,source_bktree source_bktree source_bktree source_bktree source_bktree source_bktree source_bktree source_bktree source_bktree source_bktree source_bktree source_bktree source_bktree source_bktree source_bktree source_bktree,0 31 31 2 58 11 32 32 33 134 134 135 35 76 8 9
362,MarineMicro_MvsM_4_dist,QTRAN,PyMARL,qtran_MarineMicro_MvsM_4_dist_train_run_0002,qtran_checkpoint_eval_20260529_sacred_1-12,qtran_MarineMicro_MvsM_4_dist_train_run_0002,,eval_8,91,,Win,39.0,20.0,True,pymarl/qtran_checkpoint_eval_20260529_sacred_1-12/qtran_MarineMicro_MvsM_4_dist_train_run_0002/evaluations/eval_8/bktree/node_log.txt,pymarl/qtran_checkpoint_eval_20260529_sacred_1-12/qtran_MarineMicro_MvsM_4_dist_train_run_0002/evaluations/eval_8/bktree,C:\Users\Binich\PycharmProjects\PredictionRTS\output\learner_results\all_data\fused_bktree_web_batch_20260612_153602_top100_anchor_no_replay\MarineMicro_MvsM_4_dist\bktree,16,16,0,0,0 10 10 2 11 11 12 37 65 65 14 164 40 17 17 20,0 312 312 249 105 105 313 327 342 342 315 393 329 317 317 32,source_bktree source_bktree source_bktree source_bktree source_bktree source_bktree source_bktree source_bktree source_bktree source_bktree source_bktree source_bktree source_bktree source_bktree source_bktree source_bktree,0 10 10 2 11 11 12 37 65 65 14 164 40 17 17 20
363,MarineMicro_MvsM_4_dist,QTRAN,PyMARL,qtran_MarineMicro_MvsM_4_dist_train_run_0002,qtran_checkpoint_eval_20260529_sacred_1-12,qtran_MarineMicro_MvsM_4_dist_train_run_0002,,eval_8,42,,Win,39.0,20.0,True,pymarl/qtran_checkpoint_eval_20260529_sacred_1-12/qtran_MarineMicro_MvsM_4_dist_train_run_0002/evaluations/eval_8/bktree/node_log.txt,pymarl/qtran_checkpoint_eval_20260529_sacred_1-12/qtran_MarineMicro_MvsM_4_dist_train_run_0002/evaluations/eval_8/bktree,C:\Users\Binich\PycharmProjects\PredictionRTS\output\learner_results\all_data\fused_bktree_web_batch_20260612_153602_top100_anchor_no_replay\MarineMicro_MvsM_4_dist\bktree,17,17,0,0,0 10 10 21 22 23 116 24 117 118 119 119 120 120 41 41 20,0 312 312 319 320 26 366 178 367 333 368 368 369 369 330 330 32,source_bktree source_bktree source_bktree source_bktree source_bktree source_bktree source_bktree source_bktree source_bktree source_bktree source_bktree source_bktree source_bktree source_bktree source_bktree source_bktree source_bktree,0 10 10 21 22 23 116 24 117 118 119 119 120 120 41 41 20
364,MarineMicro_MvsM_4_dist,QTRAN,PyMARL,qtran_MarineMicro_MvsM_4_dist_train_run_0002,qtran_checkpoint_eval_20260529_sacred_1-12,qtran_MarineMicro_MvsM_4_dist_train_run_0002,,eval_8,20,,Win,36.0,20.0,True,pymarl/qtran_checkpoint_eval_20260529_sacred_1-12/qtran_MarineMicro_MvsM_4_dist_train_run_0002/evaluations/eval_8/bktree/node_log.txt,pymarl/qtran_checkpoint_eval_20260529_sacred_1-12/qtran_MarineMicro_MvsM_4_dist_train_run_0002/evaluations/eval_8/bktree,C:\Users\Binich\PycharmProjects\PredictionRTS\output\learner_results\all_data\fused_bktree_web_batch_20260612_153602_top100_anchor_no_replay\MarineMicro_MvsM_4_dist\bktree,16,16,0,0,0 10 10 2 11 11 12 12 13 13 14 14 15 77 29 18,0 312 312 249 105 105 313 313 314 314 315 315 211 58 20 230,source_bktree source_bktree source_bktree source_bktree source_bktree source_bktree source_bktree source_bktree source_bktree source_bktree source_bktree source_bktree source_bktree source_bktree source_bktree source_bktree,0 10 10 2 11 11 12 12 13 13 14 14 15 77 29 18
365,MarineMicro_MvsM_4_dist,QTRAN,PyMARL,qtran_MarineMicro_MvsM_4_dist_train_run_0002,qtran_checkpoint_eval_20260529_sacred_1-12,qtran_MarineMicro_MvsM_4_dist_train_run_0002,,eval_8,46,,Win,36.0,20.0,True,pymarl/qtran_checkpoint_eval_20260529_sacred_1-12/qtran_MarineMicro_MvsM_4_dist_train_run_0002/evaluations/eval_8/bktree/node_log.txt,pymarl/qtran_checkpoint_eval_20260529_sacred_1-12/qtran_MarineMicro_MvsM_4_dist_train_run_0002/evaluations/eval_8/bktree,C:\Users\Binich\PycharmProjects\PredictionRTS\output\learner_results\all_data\fused_bktree_web_batch_20260612_153602_top100_anchor_no_replay\MarineMicro_MvsM_4_dist\bktree,16,16,0,0,0 66 73 2 113 113 67 67 115 122 74 123 123 47 47 30,0 22 23 249 307 307 225 225 28 226 82 371 371 58 58 21,source_bktree source_bktree source_bktree source_bktree source_bktree source_bktree source_bktree source_bktree source_bktree source_bktree source_bktree source_bktree source_bktree source_bktree source_bktree source_bktree,0 66 73 2 113 113 67 67 115 122 74 123 123 47 47 30
366,MarineMicro_MvsM_4_dist,QTRAN,PyMARL,qtran_MarineMicro_MvsM_4_dist_train_run_0002,qtran_checkpoint_eval_20260529_sacred_1-12,qtran_MarineMicro_MvsM_4_dist_train_run_0002,,eval_8,49,,Win,36.0,20.0,True,pymarl/qtran_checkpoint_eval_20260529_sacred_1-12/qtran_MarineMicro_MvsM_4_dist_train_run_0002/evaluations/eval_8/bktree/node_log.txt,pymarl/qtran_checkpoint_eval_20260529_sacred_1-12/qtran_MarineMicro_MvsM_4_dist_train_run_0002/evaluations/eval_8/bktree,C:\Users\Binich\PycharmProjects\PredictionRTS\output\learner_results\all_data\fused_bktree_web_batch_20260612_153602_top100_anchor_no_replay\MarineMicro_MvsM_4_dist\bktree,16,16,0,0,0 31 31 2 58 11 32 32 33 33 34 35 35 125 42 64,0 323 323 249 26 105 324 324 106 106 99 325 325 102 275 276,source_bktree source_bktree source_bktree source_bktree source_bktree source_bktree source_bktree source_bktree source_bktree source_bktree source_bktree source_bktree source_bktree source_bktree source_bktree source_bktree,0 31 31 2 58 11 32 32 33 33 34 35 35 125 42 64
367,MarineMicro_MvsM_4_dist,QTRAN,PyMARL,qtran_MarineMicro_MvsM_4_dist_train_run_0002,qtran_checkpoint_eval_20260529_sacred_1-12,qtran_MarineMicro_MvsM_4_dist_train_run_0002,,eval_8,70,,Win,36.0,20.0,True,pymarl/qtran_checkpoint_eval_20260529_sacred_1-12/qtran_MarineMicro_MvsM_4_dist_train_run_0002/evaluations/eval_8/bktree/node_log.txt,pymarl/qtran_checkpoint_eval_20260529_sacred_1-12/qtran_MarineMicro_MvsM_4_dist_train_run_0002/evaluations/eval_8/bktree,C:\Users\Binich\PycharmProjects\PredictionRTS\output\learner_results\all_data\fused_bktree_web_batch_20260612_153602_top100_anchor_no_replay\MarineMicro_MvsM_4_dist\bktree,16,16,0,0,0 10 10 2 11 11 12 12 13 13 14 14 15 16 42 18,0 312 312 249 105 105 313 313 314 314 315 315 211 316 275 230,source_bktree source_bktree source_bktree source_bktree source_bktree source_bktree source_bktree source_bktree source_bktree source_bktree source_bktree source_bktree source_bktree source_bktree source_bktree source_bktree,0 10 10 2 11 11 12 12 13 13 14 14 15 16 42 18
368,MarineMicro_MvsM_4_dist,QTRAN,PyMARL,qtran_MarineMicro_MvsM_4_dist_train_run_0002,qtran_checkpoint_eval_20260529_sacred_1-12,qtran_MarineMicro_MvsM_4_dist_train_run_0002,,eval_8,84,,Win,36.0,20.0,True,pymarl/qtran_checkpoint_eval_20260529_sacred_1-12/qtran_MarineMicro_MvsM_4_dist_train_run_0002/evaluations/eval_8/bktree/node_log.txt,pymarl/qtran_checkpoint_eval_20260529_sacred_1-12/qtran_MarineMicro_MvsM_4_dist_train_run_0002/evaluations/eval_8/bktree,C:\Users\Binich\PycharmProjects\PredictionRTS\output\learner_results\all_data\fused_bktree_web_batch_20260612_153602_top100_anchor_no_replay\MarineMicro_MvsM_4_dist\bktree,16,16,0,0,0 10 10 2 11 11 12 12 13 13 14 14 15 16 29 18,0 312 312 249 105 105 313 313 314 314 315 315 211 316 20 230,source_bktree source_bktree source_bktree source_bktree source_bktree source_bktree source_bktree source_bktree source_bktree source_bktree source_bktree source_bktree source_bktree source_bktree source_bktree source_bktree,0 10 10 2 11 11 12 12 13 13 14 14 15 16 29 18
369,MarineMicro_MvsM_4_dist,QTRAN,PyMARL,qtran_MarineMicro_MvsM_4_dist_train_run_0002,qtran_checkpoint_eval_20260529_sacred_1-12,qtran_MarineMicro_MvsM_4_dist_train_run_0002,,eval_8,85,,Win,36.0,20.0,True,pymarl/qtran_checkpoint_eval_20260529_sacred_1-12/qtran_MarineMicro_MvsM_4_dist_train_run_0002/evaluations/eval_8/bktree/node_log.txt,pymarl/qtran_checkpoint_eval_20260529_sacred_1-12/qtran_MarineMicro_MvsM_4_dist_train_run_0002/evaluations/eval_8/bktree,C:\Users\Binich\PycharmProjects\PredictionRTS\output\learner_results\all_data\fused_bktree_web_batch_20260612_153602_top100_anchor_no_replay\MarineMicro_MvsM_4_dist\bktree,16,16,0,0,0 10 10 2 11 11 12 37 65 65 14 14 15 77 42 18,0 312 312 249 105 105 313 327 342 342 315 315 211 58 275 230,source_bktree source_bktree source_bktree source_bktree source_bktree source_bktree source_bktree source_bktree source_bktree source_bktree source_bktree source_bktree source_bktree source_bktree source_bktree source_bktree,0 10 10 2 11 11 12 37 65 65 14 14 15 77 42 18
370,MarineMicro_MvsM_4_dist,QTRAN,PyMARL,qtran_MarineMicro_MvsM_4_dist_train_run_0002,qtran_checkpoint_eval_20260529_sacred_1-12,qtran_MarineMicro_MvsM_4_dist_train_run_0002,,eval_8,95,,Win,36.0,20.0,True,pymarl/qtran_checkpoint_eval_20260529_sacred_1-12/qtran_MarineMicro_MvsM_4_dist_train_run_0002/evaluations/eval_8/bktree/node_log.txt,pymarl/qtran_checkpoint_eval_20260529_sacred_1-12/qtran_MarineMicro_MvsM_4_dist_train_run_0002/evaluations/eval_8/bktree,C:\Users\Binich\PycharmProjects\PredictionRTS\output\learner_results\all_data\fused_bktree_web_batch_20260612_153602_top100_anchor_no_replay\MarineMicro_MvsM_4_dist\bktree,16,16,0,0,0 10 10 2 113 11 37 37 65 65 14 14 15 77 29 18,0 312 312 249 307 105 327 327 342 342 315 315 211 58 20 230,source_bktree source_bktree source_bktree source_bktree source_bktree source_bktree source_bktree source_bktree source_bktree source_bktree source_bktree source_bktree source_bktree source_bktree source_bktree source_bktree,0 10 10 2 113 11 37 37 65 65 14 14 15 77 29 18
371,MarineMicro_MvsM_4_dist,QTRAN,PyMARL,qtran_MarineMicro_MvsM_4_dist_train_run_0002,qtran_checkpoint_eval_20260529_sacred_1-12,qtran_MarineMicro_MvsM_4_dist_train_run_0002,,eval_8,96,,Win,36.0,20.0,True,pymarl/qtran_checkpoint_eval_20260529_sacred_1-12/qtran_MarineMicro_MvsM_4_dist_train_run_0002/evaluations/eval_8/bktree/node_log.txt,pymarl/qtran_checkpoint_eval_20260529_sacred_1-12/qtran_MarineMicro_MvsM_4_dist_train_run_0002/evaluations/eval_8/bktree,C:\Users\Binich\PycharmProjects\PredictionRTS\output\learner_results\all_data\fused_bktree_web_batch_20260612_153602_top100_anchor_no_replay\MarineMicro_MvsM_4_dist\bktree,16,16,0,0,0 31 31 2 58 11 32 32 33 33 34 34 35 47 47 64,0 323 323 249 26 105 324 324 106 106 99 99 325 58 58 276,source_bktree source_bktree source_bktree source_bktree source_bktree source_bktree source_bktree source_bktree source_bktree source_bktree source_bktree source_bktree source_bktree source_bktree source_bktree source_bktree,0 31 31 2 58 11 32 32 33 33 34 34 35 47 47 64
372,MarineMicro_MvsM_4_dist,QTRAN,PyMARL,qtran_MarineMicro_MvsM_4_dist_train_run_0002,qtran_checkpoint_eval_20260529_sacred_1-12,qtran_MarineMicro_MvsM_4_dist_train_run_0002,,eval_8,8,,Win,36.0,20.0,True,pymarl/qtran_checkpoint_eval_20260529_sacred_1-12/qtran_MarineMicro_MvsM_4_dist_train_run_0002/evaluations/eval_8/bktree/node_log.txt,pymarl/qtran_checkpoint_eval_20260529_sacred_1-12/qtran_MarineMicro_MvsM_4_dist_train_run_0002/evaluations/eval_8/bktree,C:\Users\Binich\PycharmProjects\PredictionRTS\output\learner_results\all_data\fused_bktree_web_batch_20260612_153602_top100_anchor_no_replay\MarineMicro_MvsM_4_dist\bktree,17,17,0,0,0 1 1 2 11 11 43 43 44 44 45 46 46 47 29 42 30,0 33 33 249 105 105 175 175 331 331 259 39 39 58 20 275 21,source_bktree source_bktree source_bktree source_bktree source_bktree source_bktree source_bktree source_bktree source_bktree source_bktree source_bktree source_bktree source_bktree source_bktree source_bktree source_bktree source_bktree,0 1 1 2 11 11 43 43 44 44 45 46 46 47 29 42 30
373,MarineMicro_MvsM_4_dist,QTRAN,PyMARL,qtran_MarineMicro_MvsM_4_dist_train_run_0002,qtran_checkpoint_eval_20260529_sacred_1-12,qtran_MarineMicro_MvsM_4_dist_train_run_0002,,eval_8,21,,Win,36.0,20.0,True,pymarl/qtran_checkpoint_eval_20260529_sacred_1-12/qtran_MarineMicro_MvsM_4_dist_train_run_0002/evaluations/eval_8/bktree/node_log.txt,pymarl/qtran_checkpoint_eval_20260529_sacred_1-12/qtran_MarineMicro_MvsM_4_dist_train_run_0002/evaluations/eval_8/bktree,C:\Users\Binich\PycharmProjects\PredictionRTS\output\learner_results\all_data\fused_bktree_web_batch_20260612_153602_top100_anchor_no_replay\MarineMicro_MvsM_4_dist\bktree,17,17,0,0,0 10 10 2 11 11 12 37 65 65 14 14 15 77 42 42 18,0 312 312 249 105 105 313 327 342 342 315 315 211 58 275 275 230,source_bktree source_bktree source_bktree source_bktree source_bktree source_bktree source_bktree source_bktree source_bktree source_bktree source_bktree source_bktree source_bktree source_bktree source_bktree source_bktree source_bktree,0 10 10 2 11 11 12 37 65 65 14 14 15 77 42 42 18
374,MarineMicro_MvsM_4_dist,QTRAN,PyMARL,qtran_MarineMicro_MvsM_4_dist_train_run_0002,qtran_checkpoint_eval_20260529_sacred_1-12,qtran_MarineMicro_MvsM_4_dist_train_run_0002,,eval_8,22,,Win,36.0,20.0,True,pymarl/qtran_checkpoint_eval_20260529_sacred_1-12/qtran_MarineMicro_MvsM_4_dist_train_run_0002/evaluations/eval_8/bktree/node_log.txt,pymarl/qtran_checkpoint_eval_20260529_sacred_1-12/qtran_MarineMicro_MvsM_4_dist_train_run_0002/evaluations/eval_8/bktree,C:\Users\Binich\PycharmProjects\PredictionRTS\output\learner_results\all_data\fused_bktree_web_batch_20260612_153602_top100_anchor_no_replay\MarineMicro_MvsM_4_dist\bktree,17,17,0,0,0 10 10 2 11 11 12 12 13 13 14 15 15 77 77 29 18,0 312 312 249 105 105 313 313 314 314 315 211 211 58 58 20 230,source_bktree source_bktree source_bktree source_bktree source_bktree source_bktree source_bktree source_bktree source_bktree source_bktree source_bktree source_bktree source_bktree source_bktree source_bktree source_bktree source_bktree,0 10 10 2 11 11 12 12 13 13 14 15 15 77 77 29 18
375,MarineMicro_MvsM_4_dist,QTRAN,PyMARL,qtran_MarineMicro_MvsM_4_dist_train_run_0002,qtran_checkpoint_eval_20260529_sacred_1-12,qtran_MarineMicro_MvsM_4_dist_train_run_0002,,eval_8,47,,Win,36.0,20.0,True,pymarl/qtran_checkpoint_eval_20260529_sacred_1-12/qtran_MarineMicro_MvsM_4_dist_train_run_0002/evaluations/eval_8/bktree/node_log.txt,pymarl/qtran_checkpoint_eval_20260529_sacred_1-12/qtran_MarineMicro_MvsM_4_dist_train_run_0002/evaluations/eval_8/bktree,C:\Users\Binich\PycharmProjects\PredictionRTS\output\learner_results\all_data\fused_bktree_web_batch_20260612_153602_top100_anchor_no_replay\MarineMicro_MvsM_4_dist\bktree,17,17,0,0,0 10 10 2 11 11 12 12 13 13 121 124 15 17 17 29 18,0 312 312 249 105 105 313 313 314 314 370 372 211 317 317 20 230,source_bktree source_bktree source_bktree source_bktree source_bktree source_bktree source_bktree source_bktree source_bktree source_bktree source_bktree source_bktree source_bktree source_bktree source_bktree source_bktree source_bktree,0 10 10 2 11 11 12 12 13 13 121 124 15 17 17 29 18
376,MarineMicro_MvsM_4_dist,QTRAN,PyMARL,qtran_MarineMicro_MvsM_4_dist_train_run_0002,qtran_checkpoint_eval_20260529_sacred_1-12,qtran_MarineMicro_MvsM_4_dist_train_run_0002,,eval_8,51,,Win,36.0,20.0,True,pymarl/qtran_checkpoint_eval_20260529_sacred_1-12/qtran_MarineMicro_MvsM_4_dist_train_run_0002/evaluations/eval_8/bktree/node_log.txt,pymarl/qtran_checkpoint_eval_20260529_sacred_1-12/qtran_MarineMicro_MvsM_4_dist_train_run_0002/evaluations/eval_8/bktree,C:\Users\Binich\PycharmProjects\PredictionRTS\output\learner_results\all_data\fused_bktree_web_batch_20260612_153602_top100_anchor_no_replay\MarineMicro_MvsM_4_dist\bktree,17,17,0,0,0 10 10 2 11 11 12 12 13 13 14 14 15 16 77 29 18,0 312 312 249 105 105 313 313 314 314 315 315 211 316 58 20 230,source_bktree source_bktree source_bktree source_bktree source_bktree source_bktree source_bktree source_bktree source_bktree source_bktree source_bktree source_bktree source_bktree source_bktree source_bktree source_bktree source_bktree,0 10 10 2 11 11 12 12 13 13 14 14 15 16 77 29 18
377,MarineMicro_MvsM_4_dist,QTRAN,PyMARL,qtran_MarineMicro_MvsM_4_dist_train_run_0002,qtran_checkpoint_eval_20260529_sacred_1-12,qtran_MarineMicro_MvsM_4_dist_train_run_0002,,eval_8,52,,Win,36.0,20.0,True,pymarl/qtran_checkpoint_eval_20260529_sacred_1-12/qtran_MarineMicro_MvsM_4_dist_train_run_0002/evaluations/eval_8/bktree/node_log.txt,pymarl/qtran_checkpoint_eval_20260529_sacred_1-12/qtran_MarineMicro_MvsM_4_dist_train_run_0002/evaluations/eval_8/bktree,C:\Users\Binich\PycharmProjects\PredictionRTS\output\learner_results\all_data\fused_bktree_web_batch_20260612_153602_top100_anchor_no_replay\MarineMicro_MvsM_4_dist\bktree,17,17,0,0,0 31 31 2 11 11 32 32 33 33 34 35 35 125 125 42 64,0 323 323 249 105 105 324 324 106 106 99 325 325 102 102 275 276,source_bktree source_bktree source_bktree source_bktree source_bktree source_bktree source_bktree source_bktree source_bktree source_bktree source_bktree source_bktree source_bktree source_bktree source_bktree source_bktree source_bktree,0 31 31 2 11 11 32 32 33 33 34 35 35 125 125 42 64
378,MarineMicro_MvsM_4_dist,QTRAN,PyMARL,qtran_MarineMicro_MvsM_4_dist_train_run_0002,qtran_checkpoint_eval_20260529_sacred_1-12,qtran_MarineMicro_MvsM_4_dist_train_run_0002,,eval_8,57,,Win,36.0,20.0,True,pymarl/qtran_checkpoint_eval_20260529_sacred_1-12/qtran_MarineMicro_MvsM_4_dist_train_run_0002/evaluations/eval_8/bktree/node_log.txt,pymarl/qtran_checkpoint_eval_20260529_sacred_1-12/qtran_MarineMicro_MvsM_4_dist_train_run_0002/evaluations/eval_8/bktree,C:\Users\Binich\PycharmProjects\PredictionRTS\output\learner_results\all_data\fused_bktree_web_batch_20260612_153602_top100_anchor_no_replay\MarineMicro_MvsM_4_dist\bktree,17,17,0,0,0 31 31 2 128 11 32 133 83 134 134 135 35 76 8 82 64,0 323 323 249 307 105 324 284 28 377 377 378 325 213 74 59 276,source_bktree source_bktree source_bktree source_bktree source_bktree source_bktree source_bktree source_bktree source_bktree source_bktree source_bktree source_bktree source_bktree source_bktree source_bktree source_bktree source_bktree,0 31 31 2 128 11 32 133 83 134 134 135 35 76 8 82 64
379,MarineMicro_MvsM_4_dist,QTRAN,PyMARL,qtran_MarineMicro_MvsM_4_dist_train_run_0002,qtran_checkpoint_eval_20260529_sacred_1-12,qtran_MarineMicro_MvsM_4_dist_train_run_0002,,eval_8,65,,Win,36.0,20.0,True,pymarl/qtran_checkpoint_eval_20260529_sacred_1-12/qtran_MarineMicro_MvsM_4_dist_train_run_0002/evaluations/eval_8/bktree/node_log.txt,pymarl/qtran_checkpoint_eval_20260529_sacred_1-12/qtran_MarineMicro_MvsM_4_dist_train_run_0002/evaluations/eval_8/bktree,C:\Users\Binich\PycharmProjects\PredictionRTS\output\learner_results\all_data\fused_bktree_web_batch_20260612_153602_top100_anchor_no_replay\MarineMicro_MvsM_4_dist\bktree,17,17,0,0,0 31 31 2 58 11 59 144 83 83 34 34 35 47 132 132 64,0 323 323 249 26 105 96 383 28 28 99 99 325 58 20 20 276,source_bktree source_bktree source_bktree source_bktree source_bktree source_bktree source_bktree source_bktree source_bktree source_bktree source_bktree source_bktree source_bktree source_bktree source_bktree source_bktree source_bktree,0 31 31 2 58 11 59 144 83 83 34 34 35 47 132 132 64
380,MarineMicro_MvsM_4_dist,QTRAN,PyMARL,qtran_MarineMicro_MvsM_4_dist_train_run_0002,qtran_checkpoint_eval_20260529_sacred_1-12,qtran_MarineMicro_MvsM_4_dist_train_run_0002,,eval_8,76,,Win,36.0,20.0,True,pymarl/qtran_checkpoint_eval_20260529_sacred_1-12/qtran_MarineMicro_MvsM_4_dist_train_run_0002/evaluations/eval_8/bktree/node_log.txt,pymarl/qtran_checkpoint_eval_20260529_sacred_1-12/qtran_MarineMicro_MvsM_4_dist_train_run_0002/evaluations/eval_8/bktree,C:\Users\Binich\PycharmProjects\PredictionRTS\output\learner_results\all_data\fused_bktree_web_batch_20260612_153602_top100_anchor_no_replay\MarineMicro_MvsM_4_dist\bktree,17,17,0,0,0 10 10 2 11 11 12 37 65 65 14 14 15 42 29 29 18,0 312 312 249 105 105 313 327 342 342 315 315 211 275 20 20 230,source_bktree source_bktree source_bktree source_bktree source_bktree source_bktree source_bktree source_bktree source_bktree source_bktree source_bktree source_bktree source_bktree source_bktree source_bktree source_bktree source_bktree,0 10 10 2 11 11 12 37 65 65 14 14 15 42 29 29 18
381,MarineMicro_MvsM_4_dist,QTRAN,PyMARL,qtran_MarineMicro_MvsM_4_dist_train_run_0002,qtran_checkpoint_eval_20260529_sacred_1-12,qtran_MarineMicro_MvsM_4_dist_train_run_0002,,eval_8,82,,Win,36.0,20.0,True,pymarl/qtran_checkpoint_eval_20260529_sacred_1-12/qtran_MarineMicro_MvsM_4_dist_train_run_0002/evaluations/eval_8/bktree/node_log.txt,pymarl/qtran_checkpoint_eval_20260529_sacred_1-12/qtran_MarineMicro_MvsM_4_dist_train_run_0002/evaluations/eval_8/bktree,C:\Users\Binich\PycharmProjects\PredictionRTS\output\learner_results\all_data\fused_bktree_web_batch_20260612_153602_top100_anchor_no_replay\MarineMicro_MvsM_4_dist\bktree,17,17,0,0,0 10 87 21 88 23 37 37 90 38 91 14 154 159 42 42 18,0 312 351 319 352 26 327 327 88 328 89 315 387 148 275 275 230,source_bktree source_bktree source_bktree source_bktree source_bktree source_bktree source_bktree source_bktree source_bktree source_bktree source_bktree source_bktree source_bktree source_bktree source_bktree source_bktree source_bktree,0 10 87 21 88 23 37 37 90 38 91 14 154 159 42 42 18
382,MarineMicro_MvsM_4_dist,QTRAN,PyMARL,qtran_MarineMicro_MvsM_4_dist_train_run_0002,qtran_checkpoint_eval_20260529_sacred_1-12,qtran_MarineMicro_MvsM_4_dist_train_run_0002,,eval_8,83,,Win,36.0,20.0,True,pymarl/qtran_checkpoint_eval_20260529_sacred_1-12/qtran_MarineMicro_MvsM_4_dist_train_run_0002/evaluations/eval_8/bktree/node_log.txt,pymarl/qtran_checkpoint_eval_20260529_sacred_1-12/qtran_MarineMicro_MvsM_4_dist_train_run_0002/evaluations/eval_8/bktree,C:\Users\Binich\PycharmProjects\PredictionRTS\output\learner_results\all_data\fused_bktree_web_batch_20260612_153602_top100_anchor_no_replay\MarineMicro_MvsM_4_dist\bktree,17,17,0,0,0 10 10 2 11 11 12 12 13 13 14 14 15 77 77 42 18,0 312 312 249 105 105 313 313 314 314 315 315 211 58 58 275 230,source_bktree source_bktree source_bktree source_bktree source_bktree source_bktree source_bktree source_bktree source_bktree source_bktree source_bktree source_bktree source_bktree source_bktree source_bktree source_bktree source_bktree,0 10 10 2 11 11 12 12 13 13 14 14 15 77 77 42 18
383,MarineMicro_MvsM_4_dist,QTRAN,PyMARL,qtran_MarineMicro_MvsM_4_dist_train_run_0002,qtran_checkpoint_eval_20260529_sacred_1-12,qtran_MarineMicro_MvsM_4_dist_train_run_0002,,eval_8,92,,Win,36.0,20.0,True,pymarl/qtran_checkpoint_eval_20260529_sacred_1-12/qtran_MarineMicro_MvsM_4_dist_train_run_0002/evaluations/eval_8/bktree/node_log.txt,pymarl/qtran_checkpoint_eval_20260529_sacred_1-12/qtran_MarineMicro_MvsM_4_dist_train_run_0002/evaluations/eval_8/bktree,C:\Users\Binich\PycharmProjects\PredictionRTS\output\learner_results\all_data\fused_bktree_web_batch_20260612_153602_top100_anchor_no_replay\MarineMicro_MvsM_4_dist\bktree,17,17,0,0,0 10 10 2 11 11 12 12 13 13 14 14 15 16 77 29 18,0 312 312 249 105 105 313 313 314 314 315 315 211 316 58 20 230,source_bktree source_bktree source_bktree source_bktree source_bktree source_bktree source_bktree source_bktree source_bktree source_bktree source_bktree source_bktree source_bktree source_bktree source_bktree source_bktree source_bktree,0 10 10 2 11 11 12 12 13 13 14 14 15 16 77 29 18
384,MarineMicro_MvsM_4_dist,QTRAN,PyMARL,qtran_MarineMicro_MvsM_4_dist_train_run_0002,qtran_checkpoint_eval_20260529_sacred_1-12,qtran_MarineMicro_MvsM_4_dist_train_run_0002,,eval_8,98,,Win,36.0,20.0,True,pymarl/qtran_checkpoint_eval_20260529_sacred_1-12/qtran_MarineMicro_MvsM_4_dist_train_run_0002/evaluations/eval_8/bktree/node_log.txt,pymarl/qtran_checkpoint_eval_20260529_sacred_1-12/qtran_MarineMicro_MvsM_4_dist_train_run_0002/evaluations/eval_8/bktree,C:\Users\Binich\PycharmProjects\PredictionRTS\output\learner_results\all_data\fused_bktree_web_batch_20260612_153602_top100_anchor_no_replay\MarineMicro_MvsM_4_dist\bktree,17,17,0,0,0 10 10 2 11 11 12 12 13 13 14 14 15 77 29 29 18,0 312 312 249 105 105 313 313 314 314 315 315 211 58 20 20 230,source_bktree source_bktree source_bktree source_bktree source_bktree source_bktree source_bktree source_bktree source_bktree source_bktree source_bktree source_bktree source_bktree source_bktree source_bktree source_bktree source_bktree,0 10 10 2 11 11 12 12 13 13 14 14 15 77 29 29 18
385,MarineMicro_MvsM_4_dist,QTRAN,PyMARL,qtran_MarineMicro_MvsM_4_dist_train_run_0002,qtran_checkpoint_eval_20260529_sacred_1-12,qtran_MarineMicro_MvsM_4_dist_train_run_0002,,eval_8,25,,Win,36.0,20.0,True,pymarl/qtran_checkpoint_eval_20260529_sacred_1-12/qtran_MarineMicro_MvsM_4_dist_train_run_0002/evaluations/eval_8/bktree/node_log.txt,pymarl/qtran_checkpoint_eval_20260529_sacred_1-12/qtran_MarineMicro_MvsM_4_dist_train_run_0002/evaluations/eval_8/bktree,C:\Users\Binich\PycharmProjects\PredictionRTS\output\learner_results\all_data\fused_bktree_web_batch_20260612_153602_top100_anchor_no_replay\MarineMicro_MvsM_4_dist\bktree,18,18,0,0,0 1 1 2 3 3 4 4 5 5 80 80 81 8 82 82 82 64,0 33 33 249 307 307 311 311 55 55 347 347 348 74 59 59 59 276,source_bktree source_bktree source_bktree source_bktree source_bktree source_bktree source_bktree source_bktree source_bktree source_bktree source_bktree source_bktree source_bktree source_bktree source_bktree source_bktree source_bktree source_bktree,0 1 1 2 3 3 4 4 5 5 80 80 81 8 82 82 82 64
386,MarineMicro_MvsM_4_dist,QTRAN,PyMARL,qtran_MarineMicro_MvsM_4_dist_train_run_0002,qtran_checkpoint_eval_20260529_sacred_1-12,qtran_MarineMicro_MvsM_4_dist_train_run_0002,,eval_8,32,,Win,30.0,20.0,True,pymarl/qtran_checkpoint_eval_20260529_sacred_1-12/qtran_MarineMicro_MvsM_4_dist_train_run_0002/evaluations/eval_8/bktree/node_log.txt,pymarl/qtran_checkpoint_eval_20260529_sacred_1-12/qtran_MarineMicro_MvsM_4_dist_train_run_0002/evaluations/eval_8/bktree,C:\Users\Binich\PycharmProjects\PredictionRTS\output\learner_results\all_data\fused_bktree_web_batch_20260612_153602_top100_anchor_no_replay\MarineMicro_MvsM_4_dist\bktree,16,16,0,0,0 1 100 2 3 3 43 43 44 101 48 102 103 104 104 105,0 33 138 249 307 307 175 175 331 356 170 357 358 58 58 290,source_bktree source_bktree source_bktree source_bktree source_bktree source_bktree source_bktree source_bktree source_bktree source_bktree source_bktree source_bktree source_bktree source_bktree source_bktree source_bktree,0 1 100 2 3 3 43 43 44 101 48 102 103 104 104 105
387,MarineMicro_MvsM_4_dist,QTRAN,PyMARL,qtran_MarineMicro_MvsM_4_dist_train_run_0002,qtran_checkpoint_eval_20260529_sacred_1-12,qtran_MarineMicro_MvsM_4_dist_train_run_0002,,eval_8,75,,Win,30.0,20.0,True,pymarl/qtran_checkpoint_eval_20260529_sacred_1-12/qtran_MarineMicro_MvsM_4_dist_train_run_0002/evaluations/eval_8/bktree/node_log.txt,pymarl/qtran_checkpoint_eval_20260529_sacred_1-12/qtran_MarineMicro_MvsM_4_dist_train_run_0002/evaluations/eval_8/bktree,C:\Users\Binich\PycharmProjects\PredictionRTS\output\learner_results\all_data\fused_bktree_web_batch_20260612_153602_top100_anchor_no_replay\MarineMicro_MvsM_4_dist\bktree,16,16,0,0,0 10 10 2 3 11 12 12 13 13 14 14 15 77 77 18,0 312 312 249 307 105 313 313 314 314 315 315 211 58 58 230,source_bktree source_bktree source_bktree source_bktree source_bktree source_bktree source_bktree source_bktree source_bktree source_bktree source_bktree source_bktree source_bktree source_bktree source_bktree source_bktree,0 10 10 2 3 11 12 12 13 13 14 14 15 77 77 18
388,MarineMicro_MvsM_4_dist,QTRAN,PyMARL,qtran_MarineMicro_MvsM_4_dist_train_run_0002,qtran_checkpoint_eval_20260529_sacred_1-12,qtran_MarineMicro_MvsM_4_dist_train_run_0002,,eval_8,13,,Win,30.0,20.0,True,pymarl/qtran_checkpoint_eval_20260529_sacred_1-12/qtran_MarineMicro_MvsM_4_dist_train_run_0002/evaluations/eval_8/bktree/node_log.txt,pymarl/qtran_checkpoint_eval_20260529_sacred_1-12/qtran_MarineMicro_MvsM_4_dist_train_run_0002/evaluations/eval_8/bktree,C:\Users\Binich\PycharmProjects\PredictionRTS\output\learner_results\all_data\fused_bktree_web_batch_20260612_153602_top100_anchor_no_replay\MarineMicro_MvsM_4_dist\bktree,17,17,0,0,0 31 31 2 58 11 59 59 60 60 61 62 63 47 42 42 64,0 323 323 249 26 105 96 96 340 340 283 341 260 58 275 275 276,source_bktree source_bktree source_bktree source_bktree source_bktree source_bktree source_bktree source_bktree source_bktree source_bktree source_bktree source_bktree source_bktree source_bktree source_bktree source_bktree source_bktree,0 31 31 2 58 11 59 59 60 60 61 62 63 47 42 42 64
389,MarineMicro_MvsM_4_dist,QTRAN,PyMARL,qtran_MarineMicro_MvsM_4_dist_train_run_0002,qtran_checkpoint_eval_20260529_sacred_1-12,qtran_MarineMicro_MvsM_4_dist_train_run_0002,,eval_8,29,,Win,30.0,20.0,True,pymarl/qtran_checkpoint_eval_20260529_sacred_1-12/qtran_MarineMicro_MvsM_4_dist_train_run_0002/evaluations/eval_8/bktree/node_log.txt,pymarl/qtran_checkpoint_eval_20260529_sacred_1-12/qtran_MarineMicro_MvsM_4_dist_train_run_0002/evaluations/eval_8/bktree,C:\Users\Binich\PycharmProjects\PredictionRTS\output\learner_results\all_data\fused_bktree_web_batch_20260612_153602_top100_anchor_no_replay\MarineMicro_MvsM_4_dist\bktree,17,17,0,0,0 10 10 2 11 11 37 37 65 65 14 14 15 77 77 29 18,0 312 312 249 105 105 327 327 342 342 315 315 211 58 58 20 230,source_bktree source_bktree source_bktree source_bktree source_bktree source_bktree source_bktree source_bktree source_bktree source_bktree source_bktree source_bktree source_bktree source_bktree source_bktree source_bktree source_bktree,0 10 10 2 11 11 37 37 65 65 14 14 15 77 77 29 18
390,MarineMicro_MvsM_4_dist,QTRAN,PyMARL,qtran_MarineMicro_MvsM_4_dist_train_run_0002,qtran_checkpoint_eval_20260529_sacred_1-12,qtran_MarineMicro_MvsM_4_dist_train_run_0002,,eval_8,35,,Win,30.0,20.0,True,pymarl/qtran_checkpoint_eval_20260529_sacred_1-12/qtran_MarineMicro_MvsM_4_dist_train_run_0002/evaluations/eval_8/bktree/node_log.txt,pymarl/qtran_checkpoint_eval_20260529_sacred_1-12/qtran_MarineMicro_MvsM_4_dist_train_run_0002/evaluations/eval_8/bktree,C:\Users\Binich\PycharmProjects\PredictionRTS\output\learner_results\all_data\fused_bktree_web_batch_20260612_153602_top100_anchor_no_replay\MarineMicro_MvsM_4_dist\bktree,17,17,0,0,0 31 31 2 58 11 32 32 33 33 75 75 35 107 82 82 64,0 323 323 249 26 105 324 324 106 106 107 107 325 360 59 59 276,source_bktree source_bktree source_bktree source_bktree source_bktree source_bktree source_bktree source_bktree source_bktree source_bktree source_bktree source_bktree source_bktree source_bktree source_bktree source_bktree source_bktree,0 31 31 2 58 11 32 32 33 33 75 75 35 107 82 82 64
391,MarineMicro_MvsM_4_dist,QTRAN,PyMARL,qtran_MarineMicro_MvsM_4_dist_train_run_0002,qtran_checkpoint_eval_20260529_sacred_1-12,qtran_MarineMicro_MvsM_4_dist_train_run_0002,,eval_8,77,,Win,30.0,20.0,True,pymarl/qtran_checkpoint_eval_20260529_sacred_1-12/qtran_MarineMicro_MvsM_4_dist_train_run_0002/evaluations/eval_8/bktree/node_log.txt,pymarl/qtran_checkpoint_eval_20260529_sacred_1-12/qtran_MarineMicro_MvsM_4_dist_train_run_0002/evaluations/eval_8/bktree,C:\Users\Binich\PycharmProjects\PredictionRTS\output\learner_results\all_data\fused_bktree_web_batch_20260612_153602_top100_anchor_no_replay\MarineMicro_MvsM_4_dist\bktree,17,17,0,0,0 10 87 21 88 22 37 24 90 118 153 14 154 155 42 29 30,0 312 351 319 352 320 327 178 88 333 89 315 387 388 275 20 21,source_bktree source_bktree source_bktree source_bktree source_bktree source_bktree source_bktree source_bktree source_bktree source_bktree source_bktree source_bktree source_bktree source_bktree source_bktree source_bktree source_bktree,0 10 87 21 88 22 37 24 90 118 153 14 154 155 42 29 30
392,MarineMicro_MvsM_4_dist,QTRAN,PyMARL,qtran_MarineMicro_MvsM_4_dist_train_run_0002,qtran_checkpoint_eval_20260529_sacred_1-12,qtran_MarineMicro_MvsM_4_dist_train_run_0002,,eval_8,78,,Win,30.0,20.0,True,pymarl/qtran_checkpoint_eval_20260529_sacred_1-12/qtran_MarineMicro_MvsM_4_dist_train_run_0002/evaluations/eval_8/bktree/node_log.txt,pymarl/qtran_checkpoint_eval_20260529_sacred_1-12/qtran_MarineMicro_MvsM_4_dist_train_run_0002/evaluations/eval_8/bktree,C:\Users\Binich\PycharmProjects\PredictionRTS\output\learner_results\all_data\fused_bktree_web_batch_20260612_153602_top100_anchor_no_replay\MarineMicro_MvsM_4_dist\bktree,17,17,0,0,0 66 73 2 3 11 67 67 68 68 69 156 70 47 47 29 18,0 22 23 249 307 105 225 225 343 343 227 206 228 58 58 20 230,source_bktree source_bktree source_bktree source_bktree source_bktree source_bktree source_bktree source_bktree source_bktree source_bktree source_bktree source_bktree source_bktree source_bktree source_bktree source_bktree source_bktree,0 66 73 2 3 11 67 67 68 68 69 156 70 47 47 29 18
393,MarineMicro_MvsM_4_dist,QTRAN,PyMARL,qtran_MarineMicro_MvsM_4_dist_train_run_0002,qtran_checkpoint_eval_20260529_sacred_1-12,qtran_MarineMicro_MvsM_4_dist_train_run_0002,,eval_8,27,,Win,27.0,20.0,True,pymarl/qtran_checkpoint_eval_20260529_sacred_1-12/qtran_MarineMicro_MvsM_4_dist_train_run_0002/evaluations/eval_8/bktree/node_log.txt,pymarl/qtran_checkpoint_eval_20260529_sacred_1-12/qtran_MarineMicro_MvsM_4_dist_train_run_0002/evaluations/eval_8/bktree,C:\Users\Binich\PycharmProjects\PredictionRTS\output\learner_results\all_data\fused_bktree_web_batch_20260612_153602_top100_anchor_no_replay\MarineMicro_MvsM_4_dist\bktree,17,17,0,0,0 10 87 21 88 88 89 89 90 90 91 91 92 28 93 93 20,0 312 351 319 352 352 353 353 88 88 89 89 90 31 92 92 32,source_bktree source_bktree source_bktree source_bktree source_bktree source_bktree source_bktree source_bktree source_bktree source_bktree source_bktree source_bktree source_bktree source_bktree source_bktree source_bktree source_bktree,0 10 87 21 88 88 89 89 90 90 91 91 92 28 93 93 20
394,MarineMicro_MvsM_4_dist,QTRAN,PyMARL,qtran_MarineMicro_MvsM_4_dist_train_run_0002,qtran_checkpoint_eval_20260529_sacred_1-12,qtran_MarineMicro_MvsM_4_dist_train_run_0002,,eval_8,97,,Win,27.0,20.0,True,pymarl/qtran_checkpoint_eval_20260529_sacred_1-12/qtran_MarineMicro_MvsM_4_dist_train_run_0002/evaluations/eval_8/bktree/node_log.txt,pymarl/qtran_checkpoint_eval_20260529_sacred_1-12/qtran_MarineMicro_MvsM_4_dist_train_run_0002/evaluations/eval_8/bktree,C:\Users\Binich\PycharmProjects\PredictionRTS\output\learner_results\all_data\fused_bktree_web_batch_20260612_153602_top100_anchor_no_replay\MarineMicro_MvsM_4_dist\bktree,18,18,0,0,0 1 1 2 11 11 4 4 5 5 80 126 167 47 47 98 98 99,0 33 33 249 105 105 311 311 55 55 347 373 57 58 58 60 60 264,source_bktree source_bktree source_bktree source_bktree source_bktree source_bktree source_bktree source_bktree source_bktree source_bktree source_bktree source_bktree source_bktree source_bktree source_bktree source_bktree source_bktree source_bktree,0 1 1 2 11 11 4 4 5 5 80 126 167 47 47 98 98 99
395,MarineMicro_MvsM_4_dist,QTRAN,PyMARL,qtran_MarineMicro_MvsM_4_dist_train_run_0002,qtran_checkpoint_eval_20260529_sacred_1-12,qtran_MarineMicro_MvsM_4_dist_train_run_0002,,eval_8,100,,Win,27.0,20.0,True,pymarl/qtran_checkpoint_eval_20260529_sacred_1-12/qtran_MarineMicro_MvsM_4_dist_train_run_0002/evaluations/eval_8/bktree/node_log.txt,pymarl/qtran_checkpoint_eval_20260529_sacred_1-12/qtran_MarineMicro_MvsM_4_dist_train_run_0002/evaluations/eval_8/bktree,C:\Users\Binich\PycharmProjects\PredictionRTS\output\learner_results\all_data\fused_bktree_web_batch_20260612_153602_top100_anchor_no_replay\MarineMicro_MvsM_4_dist\bktree,19,19,0,0,0 10 10 2 3 11 12 12 13 168 121 52 15 47 42 169 98 98 99,0 312 312 249 307 105 313 313 314 396 370 334 211 58 275 60 60 60 264,source_bktree source_bktree source_bktree source_bktree source_bktree source_bktree source_bktree source_bktree source_bktree source_bktree source_bktree source_bktree source_bktree source_bktree source_bktree source_bktree source_bktree source_bktree source_bktree,0 10 10 2 3 11 12 12 13 168 121 52 15 47 42 169 98 98 99
396,MarineMicro_MvsM_4_dist,QTRAN,PyMARL,qtran_MarineMicro_MvsM_4_dist_train_run_0002,qtran_checkpoint_eval_20260529_sacred_1-12,qtran_MarineMicro_MvsM_4_dist_train_run_0002,,eval_8,39,,Win,24.0,20.0,True,pymarl/qtran_checkpoint_eval_20260529_sacred_1-12/qtran_MarineMicro_MvsM_4_dist_train_run_0002/evaluations/eval_8/bktree/node_log.txt,pymarl/qtran_checkpoint_eval_20260529_sacred_1-12/qtran_MarineMicro_MvsM_4_dist_train_run_0002/evaluations/eval_8/bktree,C:\Users\Binich\PycharmProjects\PredictionRTS\output\learner_results\all_data\fused_bktree_web_batch_20260612_153602_top100_anchor_no_replay\MarineMicro_MvsM_4_dist\bktree,17,17,0,0,0 31 31 2 58 11 59 111 60 112 61 62 62 77 77 42 18,0 323 323 249 26 105 96 364 340 365 283 341 341 58 58 275 230,source_bktree source_bktree source_bktree source_bktree source_bktree source_bktree source_bktree source_bktree source_bktree source_bktree source_bktree source_bktree source_bktree source_bktree source_bktree source_bktree source_bktree,0 31 31 2 58 11 59 111 60 112 61 62 62 77 77 42 18
397,MarineMicro_MvsM_4_dist,QTRAN,PyMARL,qtran_MarineMicro_MvsM_4_dist_train_run_0002,qtran_checkpoint_eval_20260529_sacred_1-12,qtran_MarineMicro_MvsM_4_dist_train_run_0002,,eval_8,30,,Win,9.0,20.0,True,pymarl/qtran_checkpoint_eval_20260529_sacred_1-12/qtran_MarineMicro_MvsM_4_dist_train_run_0002/evaluations/eval_8/bktree/node_log.txt,pymarl/qtran_checkpoint_eval_20260529_sacred_1-12/qtran_MarineMicro_MvsM_4_dist_train_run_0002/evaluations/eval_8/bktree,C:\Users\Binich\PycharmProjects\PredictionRTS\output\learner_results\all_data\fused_bktree_web_batch_20260612_153602_top100_anchor_no_replay\MarineMicro_MvsM_4_dist\bktree,18,18,0,0,0 10 87 21 88 88 89 89 94 94 95 96 96 77 97 98 98 99,0 312 351 319 352 352 353 353 88 88 354 355 355 58 58 60 60 264,source_bktree source_bktree source_bktree source_bktree source_bktree source_bktree source_bktree source_bktree source_bktree source_bktree source_bktree source_bktree source_bktree source_bktree source_bktree source_bktree source_bktree source_bktree,0 10 87 21 88 88 89 89 94 94 95 96 96 77 97 98 98 99
398,MarineMicro_MvsM_4_dist,QTRAN,PyMARL,qtran_MarineMicro_MvsM_4_dist_train_run_0002,qtran_checkpoint_eval_20260529_sacred_1-12,qtran_MarineMicro_MvsM_4_dist_train_run_0002,,eval_8,68,,Win,3.0,20.0,True,pymarl/qtran_checkpoint_eval_20260529_sacred_1-12/qtran_MarineMicro_MvsM_4_dist_train_run_0002/evaluations/eval_8/bktree/node_log.txt,pymarl/qtran_checkpoint_eval_20260529_sacred_1-12/qtran_MarineMicro_MvsM_4_dist_train_run_0002/evaluations/eval_8/bktree,C:\Users\Binich\PycharmProjects\PredictionRTS\output\learner_results\all_data\fused_bktree_web_batch_20260612_153602_top100_anchor_no_replay\MarineMicro_MvsM_4_dist\bktree,20,20,0,0,0 31 31 2 2 11 32 32 33 33 75 75 63 125 145 145 145 98 98 99,0 323 323 249 249 105 324 324 106 106 107 107 260 102 262 262 262 60 60 264,source_bktree source_bktree source_bktree source_bktree source_bktree source_bktree source_bktree source_bktree source_bktree source_bktree source_bktree source_bktree source_bktree source_bktree source_bktree source_bktree source_bktree source_bktree source_bktree source_bktree,0 31 31 2 2 11 32 32 33 33 75 75 63 125 145 145 145 98 98 99
399,MarineMicro_MvsM_4_dist,QTRAN,PyMARL,qtran_MarineMicro_MvsM_4_dist_train_run_0002,qtran_checkpoint_eval_20260529_sacred_1-12,qtran_MarineMicro_MvsM_4_dist_train_run_0002,,eval_8,73,,Loss,-6.0,9.238095238095237,False,pymarl/qtran_checkpoint_eval_20260529_sacred_1-12/qtran_MarineMicro_MvsM_4_dist_train_run_0002/evaluations/eval_8/bktree/node_log.txt,pymarl/qtran_checkpoint_eval_20260529_sacred_1-12/qtran_MarineMicro_MvsM_4_dist_train_run_0002/evaluations/eval_8/bktree,C:\Users\Binich\PycharmProjects\PredictionRTS\output\learner_results\all_data\fused_bktree_web_batch_20260612_153602_top100_anchor_no_replay\MarineMicro_MvsM_4_dist\bktree,19,19,0,0,0 1 1 2 3 11 4 4 5 147 80 148 81 149 150 145 151 151 152,0 33 33 249 307 105 311 311 55 55 347 56 348 261 384 262 385 385 386,source_bktree source_bktree source_bktree source_bktree source_bktree source_bktree source_bktree source_bktree source_bktree source_bktree source_bktree source_bktree source_bktree source_bktree source_bktree source_bktree source_bktree source_bktree source_bktree,0 1 1 2 3 11 4 4 5 147 80 148 81 149 150 145 151 151 152
400,MarineMicro_MvsM_4_dist,VDN,PyMARL,vdn_MarineMicro_MvsM_4_dist_train_run_0002,vdn_checkpoint_eval_20260531_sacred_1-12,vdn_MarineMicro_MvsM_4_dist_train_run_0002,,eval_8,1,,Win,45.0,20.0,True,pymarl/vdn_checkpoint_eval_20260531_sacred_1-12/vdn_MarineMicro_MvsM_4_dist_train_run_0002/evaluations/eval_8/bktree/node_log.txt,pymarl/vdn_checkpoint_eval_20260531_sacred_1-12/vdn_MarineMicro_MvsM_4_dist_train_run_0002/evaluations/eval_8/bktree,C:\Users\Binich\PycharmProjects\PredictionRTS\output\learner_results\all_data\fused_bktree_web_batch_20260612_153602_top100_anchor_no_replay\MarineMicro_MvsM_4_dist\bktree,16,16,0,0,0 1 2 2 3 3 4 4 5 5 6 7 8 8 9 10,0 33 397 397 398 398 399 399 157 157 400 78 401 401 9 93,source_bktree_start_anchor source_bktree source_bktree source_bktree source_bktree source_bktree source_bktree source_bktree source_bktree source_bktree source_bktree source_bktree source_bktree source_bktree source_bktree source_bktree,0 1 2 2 3 3 4 4 5 5 6 7 8 8 9 10
401,MarineMicro_MvsM_4_dist,VDN,PyMARL,vdn_MarineMicro_MvsM_4_dist_train_run_0002,vdn_checkpoint_eval_20260531_sacred_1-12,vdn_MarineMicro_MvsM_4_dist_train_run_0002,,eval_8,7,,Win,42.0,20.0,True,pymarl/vdn_checkpoint_eval_20260531_sacred_1-12/vdn_MarineMicro_MvsM_4_dist_train_run_0002/evaluations/eval_8/bktree/node_log.txt,pymarl/vdn_checkpoint_eval_20260531_sacred_1-12/vdn_MarineMicro_MvsM_4_dist_train_run_0002/evaluations/eval_8/bktree,C:\Users\Binich\PycharmProjects\PredictionRTS\output\learner_results\all_data\fused_bktree_web_batch_20260612_153602_top100_anchor_no_replay\MarineMicro_MvsM_4_dist\bktree,17,17,0,0,0 29 30 31 49 49 50 34 51 51 52 53 54 55 38 56 28,0 22 411 84 86 86 366 414 240 240 418 419 91 19 47 20 21,source_bktree source_bktree source_bktree source_bktree source_bktree source_bktree source_bktree source_bktree source_bktree source_bktree source_bktree source_bktree source_bktree source_bktree source_bktree source_bktree source_bktree,0 29 30 31 49 49 50 34 51 51 52 53 54 55 38 56 28
402,MarineMicro_MvsM_4_dist,VDN,PyMARL,vdn_MarineMicro_MvsM_4_dist_train_run_0002,vdn_checkpoint_eval_20260531_sacred_1-12,vdn_MarineMicro_MvsM_4_dist_train_run_0002,,eval_8,6,,Win,39.0,20.0,True,pymarl/vdn_checkpoint_eval_20260531_sacred_1-12/vdn_MarineMicro_MvsM_4_dist_train_run_0002/evaluations/eval_8/bktree/node_log.txt,pymarl/vdn_checkpoint_eval_20260531_sacred_1-12/vdn_MarineMicro_MvsM_4_dist_train_run_0002/evaluations/eval_8/bktree,C:\Users\Binich\PycharmProjects\PredictionRTS\output\learner_results\all_data\fused_bktree_web_batch_20260612_153602_top100_anchor_no_replay\MarineMicro_MvsM_4_dist\bktree,16,16,0,0,0 11 11 12 46 13 40 47 16 41 48 42 43 9 9 10,0 323 323 402 417 403 416 27 406 5 295 99 255 9 9 93,source_bktree source_bktree source_bktree source_bktree source_bktree source_bktree source_bktree source_bktree source_bktree source_bktree source_bktree source_bktree source_bktree source_bktree source_bktree source_bktree,0 11 11 12 46 13 40 47 16 41 48 42 43 9 9 10
403,MarineMicro_MvsM_4_dist,VDN,PyMARL,vdn_MarineMicro_MvsM_4_dist_train_run_0002,vdn_checkpoint_eval_20260531_sacred_1-12,vdn_MarineMicro_MvsM_4_dist_train_run_0002,,eval_8,14,,Win,39.0,20.0,True,pymarl/vdn_checkpoint_eval_20260531_sacred_1-12/vdn_MarineMicro_MvsM_4_dist_train_run_0002/evaluations/eval_8/bktree/node_log.txt,pymarl/vdn_checkpoint_eval_20260531_sacred_1-12/vdn_MarineMicro_MvsM_4_dist_train_run_0002/evaluations/eval_8/bktree,C:\Users\Binich\PycharmProjects\PredictionRTS\output\learner_results\all_data\fused_bktree_web_batch_20260612_153602_top100_anchor_no_replay\MarineMicro_MvsM_4_dist\bktree,16,16,0,0,0 29 30 31 32 49 83 50 41 52 36 54 37 55 38 10,0 22 411 84 412 86 87 366 5 418 6 91 415 19 47 93,source_bktree source_bktree source_bktree source_bktree source_bktree source_bktree source_bktree source_bktree source_bktree source_bktree source_bktree source_bktree source_bktree source_bktree source_bktree source_bktree,0 29 30 31 32 49 83 50 41 52 36 54 37 55 38 10
404,MarineMicro_MvsM_4_dist,VDN,PyMARL,vdn_MarineMicro_MvsM_4_dist_train_run_0002,vdn_checkpoint_eval_20260531_sacred_1-12,vdn_MarineMicro_MvsM_4_dist_train_run_0002,,eval_8,16,,Win,39.0,20.0,True,pymarl/vdn_checkpoint_eval_20260531_sacred_1-12/vdn_MarineMicro_MvsM_4_dist_train_run_0002/evaluations/eval_8/bktree/node_log.txt,pymarl/vdn_checkpoint_eval_20260531_sacred_1-12/vdn_MarineMicro_MvsM_4_dist_train_run_0002/evaluations/eval_8/bktree,C:\Users\Binich\PycharmProjects\PredictionRTS\output\learner_results\all_data\fused_bktree_web_batch_20260612_153602_top100_anchor_no_replay\MarineMicro_MvsM_4_dist\bktree,16,16,0,0,0 29 89 31 90 49 91 91 41 41 92 92 93 94 9 10,0 22 436 84 85 86 27 27 5 5 437 437 438 31 9 93,source_bktree source_bktree source_bktree source_bktree source_bktree source_bktree source_bktree source_bktree source_bktree source_bktree source_bktree source_bktree source_bktree source_bktree source_bktree source_bktree,0 29 89 31 90 49 91 91 41 41 92 92 93 94 9 10
405,MarineMicro_MvsM_4_dist,VDN,PyMARL,vdn_MarineMicro_MvsM_4_dist_train_run_0002,vdn_checkpoint_eval_20260531_sacred_1-12,vdn_MarineMicro_MvsM_4_dist_train_run_0002,,eval_8,51,,Win,39.0,20.0,True,pymarl/vdn_checkpoint_eval_20260531_sacred_1-12/vdn_MarineMicro_MvsM_4_dist_train_run_0002/evaluations/eval_8/bktree/node_log.txt,pymarl/vdn_checkpoint_eval_20260531_sacred_1-12/vdn_MarineMicro_MvsM_4_dist_train_run_0002/evaluations/eval_8/bktree,C:\Users\Binich\PycharmProjects\PredictionRTS\output\learner_results\all_data\fused_bktree_web_batch_20260612_153602_top100_anchor_no_replay\MarineMicro_MvsM_4_dist\bktree,16,16,0,0,0 29 29 57 58 73 79 79 61 61 42 216 216 38 38 10,0 22 22 2 420 429 54 54 343 343 99 50 50 47 47 93,source_bktree source_bktree source_bktree source_bktree source_bktree source_bktree source_bktree source_bktree source_bktree source_bktree source_bktree source_bktree source_bktree source_bktree source_bktree source_bktree,0 29 29 57 58 73 79 79 61 61 42 216 216 38 38 10
406,MarineMicro_MvsM_4_dist,VDN,PyMARL,vdn_MarineMicro_MvsM_4_dist_train_run_0002,vdn_checkpoint_eval_20260531_sacred_1-12,vdn_MarineMicro_MvsM_4_dist_train_run_0002,,eval_8,77,,Win,39.0,20.0,True,pymarl/vdn_checkpoint_eval_20260531_sacred_1-12/vdn_MarineMicro_MvsM_4_dist_train_run_0002/evaluations/eval_8/bktree/node_log.txt,pymarl/vdn_checkpoint_eval_20260531_sacred_1-12/vdn_MarineMicro_MvsM_4_dist_train_run_0002/evaluations/eval_8/bktree,C:\Users\Binich\PycharmProjects\PredictionRTS\output\learner_results\all_data\fused_bktree_web_batch_20260612_153602_top100_anchor_no_replay\MarineMicro_MvsM_4_dist\bktree,16,16,0,0,0 29 30 31 104 181 60 91 153 268 138 138 139 139 269 270,0 22 411 84 25 481 96 27 28 520 238 238 267 267 31 32,source_bktree source_bktree source_bktree source_bktree source_bktree source_bktree source_bktree source_bktree source_bktree source_bktree source_bktree source_bktree source_bktree source_bktree source_bktree source_bktree,0 29 30 31 104 181 60 91 153 268 138 138 139 139 269 270
407,MarineMicro_MvsM_4_dist,VDN,PyMARL,vdn_MarineMicro_MvsM_4_dist_train_run_0002,vdn_checkpoint_eval_20260531_sacred_1-12,vdn_MarineMicro_MvsM_4_dist_train_run_0002,,eval_8,81,,Win,39.0,20.0,True,pymarl/vdn_checkpoint_eval_20260531_sacred_1-12/vdn_MarineMicro_MvsM_4_dist_train_run_0002/evaluations/eval_8/bktree/node_log.txt,pymarl/vdn_checkpoint_eval_20260531_sacred_1-12/vdn_MarineMicro_MvsM_4_dist_train_run_0002/evaluations/eval_8/bktree,C:\Users\Binich\PycharmProjects\PredictionRTS\output\learner_results\all_data\fused_bktree_web_batch_20260612_153602_top100_anchor_no_replay\MarineMicro_MvsM_4_dist\bktree,17,17,0,0,0 29 29 275 276 276 105 277 41 278 279 280 241 55 38 38 39,0 22 22 319 523 523 443 48 5 145 524 524 188 19 47 47 32,source_bktree source_bktree source_bktree source_bktree source_bktree source_bktree source_bktree source_bktree source_bktree source_bktree source_bktree source_bktree source_bktree source_bktree source_bktree source_bktree source_bktree,0 29 29 275 276 276 105 277 41 278 279 280 241 55 38 38 39
408,MarineMicro_MvsM_4_dist,VDN,PyMARL,vdn_MarineMicro_MvsM_4_dist_train_run_0002,vdn_checkpoint_eval_20260531_sacred_1-12,vdn_MarineMicro_MvsM_4_dist_train_run_0002,,eval_8,85,,Win,39.0,20.0,True,pymarl/vdn_checkpoint_eval_20260531_sacred_1-12/vdn_MarineMicro_MvsM_4_dist_train_run_0002/evaluations/eval_8/bktree/node_log.txt,pymarl/vdn_checkpoint_eval_20260531_sacred_1-12/vdn_MarineMicro_MvsM_4_dist_train_run_0002/evaluations/eval_8/bktree,C:\Users\Binich\PycharmProjects\PredictionRTS\output\learner_results\all_data\fused_bktree_web_batch_20260612_153602_top100_anchor_no_replay\MarineMicro_MvsM_4_dist\bktree,17,17,0,0,0 1 179 112 113 3 202 25 66 66 219 6 37 20 9 88 10,0 33 1 449 243 398 489 96 423 423 49 400 415 267 9 10 93,source_bktree source_bktree source_bktree source_bktree source_bktree source_bktree source_bktree source_bktree source_bktree source_bktree source_bktree source_bktree source_bktree source_bktree source_bktree source_bktree source_bktree,0 1 179 112 113 3 202 25 66 66 219 6 37 20 9 88 10
409,MarineMicro_MvsM_4_dist,VDN,PyMARL,vdn_MarineMicro_MvsM_4_dist_train_run_0002,vdn_checkpoint_eval_20260531_sacred_1-12,vdn_MarineMicro_MvsM_4_dist_train_run_0002,,eval_8,49,,Win,39.0,20.0,True,pymarl/vdn_checkpoint_eval_20260531_sacred_1-12/vdn_MarineMicro_MvsM_4_dist_train_run_0002/evaluations/eval_8/bktree/node_log.txt,pymarl/vdn_checkpoint_eval_20260531_sacred_1-12/vdn_MarineMicro_MvsM_4_dist_train_run_0002/evaluations/eval_8/bktree,C:\Users\Binich\PycharmProjects\PredictionRTS\output\learner_results\all_data\fused_bktree_web_batch_20260612_153602_top100_anchor_no_replay\MarineMicro_MvsM_4_dist\bktree,18,18,0,0,0 1 2 208 209 209 165 210 211 5 212 212 213 213 94 45 45 10,0 33 397 491 492 492 96 493 494 157 167 167 495 495 31 10 10 93,source_bktree source_bktree source_bktree source_bktree source_bktree source_bktree source_bktree source_bktree source_bktree source_bktree source_bktree source_bktree source_bktree source_bktree source_bktree source_bktree source_bktree source_bktree,0 1 2 208 209 209 165 210 211 5 212 212 213 213 94 45 45 10
410,MarineMicro_MvsM_4_dist,VDN,PyMARL,vdn_MarineMicro_MvsM_4_dist_train_run_0002,vdn_checkpoint_eval_20260531_sacred_1-12,vdn_MarineMicro_MvsM_4_dist_train_run_0002,,eval_8,27,,Win,36.0,20.0,True,pymarl/vdn_checkpoint_eval_20260531_sacred_1-12/vdn_MarineMicro_MvsM_4_dist_train_run_0002/evaluations/eval_8/bktree/node_log.txt,pymarl/vdn_checkpoint_eval_20260531_sacred_1-12/vdn_MarineMicro_MvsM_4_dist_train_run_0002/evaluations/eval_8/bktree,C:\Users\Binich\PycharmProjects\PredictionRTS\output\learner_results\all_data\fused_bktree_web_batch_20260612_153602_top100_anchor_no_replay\MarineMicro_MvsM_4_dist\bktree,16,16,0,0,0 29 72 57 58 73 25 79 61 136 137 138 139 88 38 28,0 22 428 2 420 429 96 54 343 220 237 238 267 10 47 21,source_bktree source_bktree source_bktree source_bktree source_bktree source_bktree source_bktree source_bktree source_bktree source_bktree source_bktree source_bktree source_bktree source_bktree source_bktree source_bktree,0 29 72 57 58 73 25 79 61 136 137 138 139 88 38 28
411,MarineMicro_MvsM_4_dist,VDN,PyMARL,vdn_MarineMicro_MvsM_4_dist_train_run_0002,vdn_checkpoint_eval_20260531_sacred_1-12,vdn_MarineMicro_MvsM_4_dist_train_run_0002,,eval_8,45,,Win,36.0,20.0,True,pymarl/vdn_checkpoint_eval_20260531_sacred_1-12/vdn_MarineMicro_MvsM_4_dist_train_run_0002/evaluations/eval_8/bktree/node_log.txt,pymarl/vdn_checkpoint_eval_20260531_sacred_1-12/vdn_MarineMicro_MvsM_4_dist_train_run_0002/evaluations/eval_8/bktree,C:\Users\Binich\PycharmProjects\PredictionRTS\output\learner_results\all_data\fused_bktree_web_batch_20260612_153602_top100_anchor_no_replay\MarineMicro_MvsM_4_dist\bktree,16,16,0,0,0 1 1 22 23 198 24 199 41 41 27 200 70 201 88 28,0 33 33 155 409 173 410 292 5 5 309 488 427 40 10 21,source_bktree source_bktree source_bktree source_bktree source_bktree source_bktree source_bktree source_bktree source_bktree source_bktree source_bktree source_bktree source_bktree source_bktree source_bktree source_bktree,0 1 1 22 23 198 24 199 41 41 27 200 70 201 88 28
412,MarineMicro_MvsM_4_dist,VDN,PyMARL,vdn_MarineMicro_MvsM_4_dist_train_run_0002,vdn_checkpoint_eval_20260531_sacred_1-12,vdn_MarineMicro_MvsM_4_dist_train_run_0002,,eval_8,19,,Win,36.0,20.0,True,pymarl/vdn_checkpoint_eval_20260531_sacred_1-12/vdn_MarineMicro_MvsM_4_dist_train_run_0002/evaluations/eval_8/bktree/node_log.txt,pymarl/vdn_checkpoint_eval_20260531_sacred_1-12/vdn_MarineMicro_MvsM_4_dist_train_run_0002/evaluations/eval_8/bktree,C:\Users\Binich\PycharmProjects\PredictionRTS\output\learner_results\all_data\fused_bktree_web_batch_20260612_153602_top100_anchor_no_replay\MarineMicro_MvsM_4_dist\bktree,17,17,0,0,0 29 29 31 104 104 105 91 41 41 106 107 108 20 94 38 28,0 22 22 84 25 25 443 27 5 5 444 445 91 267 31 47 21,source_bktree source_bktree source_bktree source_bktree source_bktree source_bktree source_bktree source_bktree source_bktree source_bktree source_bktree source_bktree source_bktree source_bktree source_bktree source_bktree source_bktree,0 29 29 31 104 104 105 91 41 41 106 107 108 20 94 38 28
413,MarineMicro_MvsM_4_dist,VDN,PyMARL,vdn_MarineMicro_MvsM_4_dist_train_run_0002,vdn_checkpoint_eval_20260531_sacred_1-12,vdn_MarineMicro_MvsM_4_dist_train_run_0002,,eval_8,42,,Win,36.0,20.0,True,pymarl/vdn_checkpoint_eval_20260531_sacred_1-12/vdn_MarineMicro_MvsM_4_dist_train_run_0002/evaluations/eval_8/bktree/node_log.txt,pymarl/vdn_checkpoint_eval_20260531_sacred_1-12/vdn_MarineMicro_MvsM_4_dist_train_run_0002/evaluations/eval_8/bktree,C:\Users\Binich\PycharmProjects\PredictionRTS\output\learner_results\all_data\fused_bktree_web_batch_20260612_153602_top100_anchor_no_replay\MarineMicro_MvsM_4_dist\bktree,17,17,0,0,0 11 84 163 164 185 186 186 187 188 189 190 191 192 56 169 131,0 323 257 104 95 105 175 175 64 482 483 484 485 51 20 150 21,source_bktree source_bktree source_bktree source_bktree source_bktree source_bktree source_bktree source_bktree source_bktree source_bktree source_bktree source_bktree source_bktree source_bktree source_bktree source_bktree source_bktree,0 11 84 163 164 185 186 186 187 188 189 190 191 192 56 169 131
414,MarineMicro_MvsM_4_dist,VDN,PyMARL,vdn_MarineMicro_MvsM_4_dist_train_run_0002,vdn_checkpoint_eval_20260531_sacred_1-12,vdn_MarineMicro_MvsM_4_dist_train_run_0002,,eval_8,12,,Win,33.0,20.0,True,pymarl/vdn_checkpoint_eval_20260531_sacred_1-12/vdn_MarineMicro_MvsM_4_dist_train_run_0002/evaluations/eval_8/bktree/node_log.txt,pymarl/vdn_checkpoint_eval_20260531_sacred_1-12/vdn_MarineMicro_MvsM_4_dist_train_run_0002/evaluations/eval_8/bktree,C:\Users\Binich\PycharmProjects\PredictionRTS\output\learner_results\all_data\fused_bktree_web_batch_20260612_153602_top100_anchor_no_replay\MarineMicro_MvsM_4_dist\bktree,15,15,0,0,0 11 11 12 46 46 79 79 80 80 81 81 8 82 10,0 323 323 402 417 417 54 54 71 71 108 108 401 432 93,source_bktree source_bktree source_bktree source_bktree source_bktree source_bktree source_bktree source_bktree source_bktree source_bktree source_bktree source_bktree source_bktree source_bktree source_bktree,0 11 11 12 46 46 79 79 80 80 81 81 8 82 10
415,MarineMicro_MvsM_4_dist,VDN,PyMARL,vdn_MarineMicro_MvsM_4_dist_train_run_0002,vdn_checkpoint_eval_20260531_sacred_1-12,vdn_MarineMicro_MvsM_4_dist_train_run_0002,,eval_8,79,,Win,33.0,20.0,True,pymarl/vdn_checkpoint_eval_20260531_sacred_1-12/vdn_MarineMicro_MvsM_4_dist_train_run_0002/evaluations/eval_8/bktree/node_log.txt,pymarl/vdn_checkpoint_eval_20260531_sacred_1-12/vdn_MarineMicro_MvsM_4_dist_train_run_0002/evaluations/eval_8/bktree,C:\Users\Binich\PycharmProjects\PredictionRTS\output\learner_results\all_data\fused_bktree_web_batch_20260612_153602_top100_anchor_no_replay\MarineMicro_MvsM_4_dist\bktree,15,15,0,0,0 179 217 217 58 181 114 221 246 204 247 258 144 9 10,0 1 242 242 420 481 450 499 71 490 511 188 67 9 93,source_bktree source_bktree source_bktree source_bktree source_bktree source_bktree source_bktree source_bktree source_bktree source_bktree source_bktree source_bktree source_bktree source_bktree source_bktree,0 179 217 217 58 181 114 221 246 204 247 258 144 9 10
416,MarineMicro_MvsM_4_dist,VDN,PyMARL,vdn_MarineMicro_MvsM_4_dist_train_run_0002,vdn_checkpoint_eval_20260531_sacred_1-12,vdn_MarineMicro_MvsM_4_dist_train_run_0002,,eval_8,10,,Win,33.0,20.0,True,pymarl/vdn_checkpoint_eval_20260531_sacred_1-12/vdn_MarineMicro_MvsM_4_dist_train_run_0002/evaluations/eval_8/bktree/node_log.txt,pymarl/vdn_checkpoint_eval_20260531_sacred_1-12/vdn_MarineMicro_MvsM_4_dist_train_run_0002/evaluations/eval_8/bktree,C:\Users\Binich\PycharmProjects\PredictionRTS\output\learner_results\all_data\fused_bktree_web_batch_20260612_153602_top100_anchor_no_replay\MarineMicro_MvsM_4_dist\bktree,16,16,0,0,0 1 2 22 23 23 24 24 26 69 27 27 70 64 64 71,0 33 397 155 409 409 410 410 282 426 309 309 427 229 229 32,source_bktree source_bktree source_bktree source_bktree source_bktree source_bktree source_bktree source_bktree source_bktree source_bktree source_bktree source_bktree source_bktree source_bktree source_bktree source_bktree,0 1 2 22 23 23 24 24 26 69 27 27 70 64 64 71
417,MarineMicro_MvsM_4_dist,VDN,PyMARL,vdn_MarineMicro_MvsM_4_dist_train_run_0002,vdn_checkpoint_eval_20260531_sacred_1-12,vdn_MarineMicro_MvsM_4_dist_train_run_0002,,eval_8,13,,Win,33.0,20.0,True,pymarl/vdn_checkpoint_eval_20260531_sacred_1-12/vdn_MarineMicro_MvsM_4_dist_train_run_0002/evaluations/eval_8/bktree/node_log.txt,pymarl/vdn_checkpoint_eval_20260531_sacred_1-12/vdn_MarineMicro_MvsM_4_dist_train_run_0002/evaluations/eval_8/bktree,C:\Users\Binich\PycharmProjects\PredictionRTS\output\learner_results\all_data\fused_bktree_web_batch_20260612_153602_top100_anchor_no_replay\MarineMicro_MvsM_4_dist\bktree,16,16,0,0,0 11 11 12 46 13 79 79 16 16 81 81 8 82 9 10,0 323 323 402 417 403 54 54 406 406 108 108 401 432 9 93,source_bktree source_bktree source_bktree source_bktree source_bktree source_bktree source_bktree source_bktree source_bktree source_bktree source_bktree source_bktree source_bktree source_bktree source_bktree source_bktree,0 11 11 12 46 13 79 79 16 16 81 81 8 82 9 10
418,MarineMicro_MvsM_4_dist,VDN,PyMARL,vdn_MarineMicro_MvsM_4_dist_train_run_0002,vdn_checkpoint_eval_20260531_sacred_1-12,vdn_MarineMicro_MvsM_4_dist_train_run_0002,,eval_8,29,,Win,33.0,20.0,True,pymarl/vdn_checkpoint_eval_20260531_sacred_1-12/vdn_MarineMicro_MvsM_4_dist_train_run_0002/evaluations/eval_8/bktree/node_log.txt,pymarl/vdn_checkpoint_eval_20260531_sacred_1-12/vdn_MarineMicro_MvsM_4_dist_train_run_0002/evaluations/eval_8/bktree,C:\Users\Binich\PycharmProjects\PredictionRTS\output\learner_results\all_data\fused_bktree_web_batch_20260612_153602_top100_anchor_no_replay\MarineMicro_MvsM_4_dist\bktree,16,16,0,0,0 1 1 112 140 141 24 25 74 142 143 144 144 9 9 10,0 33 33 449 463 464 410 96 176 38 39 67 67 9 9 93,source_bktree source_bktree source_bktree source_bktree source_bktree source_bktree source_bktree source_bktree source_bktree source_bktree source_bktree source_bktree source_bktree source_bktree source_bktree source_bktree,0 1 1 112 140 141 24 25 74 142 143 144 144 9 9 10
419,MarineMicro_MvsM_4_dist,VDN,PyMARL,vdn_MarineMicro_MvsM_4_dist_train_run_0002,vdn_checkpoint_eval_20260531_sacred_1-12,vdn_MarineMicro_MvsM_4_dist_train_run_0002,,eval_8,31,,Win,33.0,20.0,True,pymarl/vdn_checkpoint_eval_20260531_sacred_1-12/vdn_MarineMicro_MvsM_4_dist_train_run_0002/evaluations/eval_8/bktree/node_log.txt,pymarl/vdn_checkpoint_eval_20260531_sacred_1-12/vdn_MarineMicro_MvsM_4_dist_train_run_0002/evaluations/eval_8/bktree,C:\Users\Binich\PycharmProjects\PredictionRTS\output\learner_results\all_data\fused_bktree_web_batch_20260612_153602_top100_anchor_no_replay\MarineMicro_MvsM_4_dist\bktree,16,16,0,0,0 1 2 22 3 113 114 65 26 148 27 149 20 55 150 71,0 33 397 155 398 243 450 422 282 468 309 469 267 19 47 32,source_bktree source_bktree source_bktree source_bktree source_bktree source_bktree source_bktree source_bktree source_bktree source_bktree source_bktree source_bktree source_bktree source_bktree source_bktree source_bktree,0 1 2 22 3 113 114 65 26 148 27 149 20 55 150 71
420,MarineMicro_MvsM_4_dist,VDN,PyMARL,vdn_MarineMicro_MvsM_4_dist_train_run_0002,vdn_checkpoint_eval_20260531_sacred_1-12,vdn_MarineMicro_MvsM_4_dist_train_run_0002,,eval_8,32,,Win,33.0,20.0,True,pymarl/vdn_checkpoint_eval_20260531_sacred_1-12/vdn_MarineMicro_MvsM_4_dist_train_run_0002/evaluations/eval_8/bktree/node_log.txt,pymarl/vdn_checkpoint_eval_20260531_sacred_1-12/vdn_MarineMicro_MvsM_4_dist_train_run_0002/evaluations/eval_8/bktree,C:\Users\Binich\PycharmProjects\PredictionRTS\output\learner_results\all_data\fused_bktree_web_batch_20260612_153602_top100_anchor_no_replay\MarineMicro_MvsM_4_dist\bktree,16,16,0,0,0 29 89 31 151 151 152 152 153 153 27 154 70 38 38 39,0 22 436 84 470 470 129 129 28 28 309 30 427 47 47 32,source_bktree source_bktree source_bktree source_bktree source_bktree source_bktree source_bktree source_bktree source_bktree source_bktree source_bktree source_bktree source_bktree source_bktree source_bktree source_bktree,0 29 89 31 151 151 152 152 153 153 27 154 70 38 38 39
421,MarineMicro_MvsM_4_dist,VDN,PyMARL,vdn_MarineMicro_MvsM_4_dist_train_run_0002,vdn_checkpoint_eval_20260531_sacred_1-12,vdn_MarineMicro_MvsM_4_dist_train_run_0002,,eval_8,37,,Win,33.0,19.999999999999996,True,pymarl/vdn_checkpoint_eval_20260531_sacred_1-12/vdn_MarineMicro_MvsM_4_dist_train_run_0002/evaluations/eval_8/bktree/node_log.txt,pymarl/vdn_checkpoint_eval_20260531_sacred_1-12/vdn_MarineMicro_MvsM_4_dist_train_run_0002/evaluations/eval_8/bktree,C:\Users\Binich\PycharmProjects\PredictionRTS\output\learner_results\all_data\fused_bktree_web_batch_20260612_153602_top100_anchor_no_replay\MarineMicro_MvsM_4_dist\bktree,16,16,0,0,0 29 72 57 58 49 83 59 153 171 62 93 70 38 38 39,0 22 428 2 420 86 87 421 28 474 237 438 427 47 47 32,source_bktree source_bktree source_bktree source_bktree source_bktree source_bktree source_bktree source_bktree source_bktree source_bktree source_bktree source_bktree source_bktree source_bktree source_bktree source_bktree,0 29 72 57 58 49 83 59 153 171 62 93 70 38 38 39
422,MarineMicro_MvsM_4_dist,VDN,PyMARL,vdn_MarineMicro_MvsM_4_dist_train_run_0002,vdn_checkpoint_eval_20260531_sacred_1-12,vdn_MarineMicro_MvsM_4_dist_train_run_0002,,eval_8,40,,Win,33.0,20.0,True,pymarl/vdn_checkpoint_eval_20260531_sacred_1-12/vdn_MarineMicro_MvsM_4_dist_train_run_0002/evaluations/eval_8/bktree/node_log.txt,pymarl/vdn_checkpoint_eval_20260531_sacred_1-12/vdn_MarineMicro_MvsM_4_dist_train_run_0002/evaluations/eval_8/bktree,C:\Users\Binich\PycharmProjects\PredictionRTS\output\learner_results\all_data\fused_bktree_web_batch_20260612_153602_top100_anchor_no_replay\MarineMicro_MvsM_4_dist\bktree,16,16,0,0,0 11 11 12 164 86 60 79 177 177 178 81 82 9 9 10,0 323 323 402 95 434 96 54 97 97 107 108 432 9 9 93,source_bktree source_bktree source_bktree source_bktree source_bktree source_bktree source_bktree source_bktree source_bktree source_bktree source_bktree source_bktree source_bktree source_bktree source_bktree source_bktree,0 11 11 12 164 86 60 79 177 177 178 81 82 9 9 10
423,MarineMicro_MvsM_4_dist,VDN,PyMARL,vdn_MarineMicro_MvsM_4_dist_train_run_0002,vdn_checkpoint_eval_20260531_sacred_1-12,vdn_MarineMicro_MvsM_4_dist_train_run_0002,,eval_8,50,,Win,33.0,20.0,True,pymarl/vdn_checkpoint_eval_20260531_sacred_1-12/vdn_MarineMicro_MvsM_4_dist_train_run_0002/evaluations/eval_8/bktree/node_log.txt,pymarl/vdn_checkpoint_eval_20260531_sacred_1-12/vdn_MarineMicro_MvsM_4_dist_train_run_0002/evaluations/eval_8/bktree,C:\Users\Binich\PycharmProjects\PredictionRTS\output\learner_results\all_data\fused_bktree_web_batch_20260612_153602_top100_anchor_no_replay\MarineMicro_MvsM_4_dist\bktree,16,16,0,0,0 11 84 12 209 164 79 79 177 80 27 81 214 88 9 215,0 323 257 402 492 95 54 54 97 71 309 108 496 10 9 11,source_bktree source_bktree source_bktree source_bktree source_bktree source_bktree source_bktree source_bktree source_bktree source_bktree source_bktree source_bktree source_bktree source_bktree source_bktree source_bktree,0 11 84 12 209 164 79 79 177 80 27 81 214 88 9 215
424,MarineMicro_MvsM_4_dist,VDN,PyMARL,vdn_MarineMicro_MvsM_4_dist_train_run_0002,vdn_checkpoint_eval_20260531_sacred_1-12,vdn_MarineMicro_MvsM_4_dist_train_run_0002,,eval_8,56,,Win,33.0,20.0,True,pymarl/vdn_checkpoint_eval_20260531_sacred_1-12/vdn_MarineMicro_MvsM_4_dist_train_run_0002/evaluations/eval_8/bktree/node_log.txt,pymarl/vdn_checkpoint_eval_20260531_sacred_1-12/vdn_MarineMicro_MvsM_4_dist_train_run_0002/evaluations/eval_8/bktree,C:\Users\Binich\PycharmProjects\PredictionRTS\output\learner_results\all_data\fused_bktree_web_batch_20260612_153602_top100_anchor_no_replay\MarineMicro_MvsM_4_dist\bktree,16,16,0,0,0 29 89 217 151 151 152 152 203 224 27 135 8 225 9 10,0 22 436 242 470 470 129 129 97 131 309 296 401 501 9 93,source_bktree source_bktree source_bktree source_bktree source_bktree source_bktree source_bktree source_bktree source_bktree source_bktree source_bktree source_bktree source_bktree source_bktree source_bktree source_bktree,0 29 89 217 151 151 152 152 203 224 27 135 8 225 9 10
425,MarineMicro_MvsM_4_dist,VDN,PyMARL,vdn_MarineMicro_MvsM_4_dist_train_run_0002,vdn_checkpoint_eval_20260531_sacred_1-12,vdn_MarineMicro_MvsM_4_dist_train_run_0002,,eval_8,71,,Win,33.0,20.0,True,pymarl/vdn_checkpoint_eval_20260531_sacred_1-12/vdn_MarineMicro_MvsM_4_dist_train_run_0002/evaluations/eval_8/bktree/node_log.txt,pymarl/vdn_checkpoint_eval_20260531_sacred_1-12/vdn_MarineMicro_MvsM_4_dist_train_run_0002/evaluations/eval_8/bktree,C:\Users\Binich\PycharmProjects\PredictionRTS\output\learner_results\all_data\fused_bktree_web_batch_20260612_153602_top100_anchor_no_replay\MarineMicro_MvsM_4_dist\bktree,16,16,0,0,0 11 11 12 164 209 195 25 5 5 190 190 207 21 252 71,0 323 323 402 95 492 254 96 157 157 484 484 79 9 10 32,source_bktree source_bktree source_bktree source_bktree source_bktree source_bktree source_bktree source_bktree source_bktree source_bktree source_bktree source_bktree source_bktree source_bktree source_bktree source_bktree,0 11 11 12 164 209 195 25 5 5 190 190 207 21 252 71
426,MarineMicro_MvsM_4_dist,VDN,PyMARL,vdn_MarineMicro_MvsM_4_dist_train_run_0002,vdn_checkpoint_eval_20260531_sacred_1-12,vdn_MarineMicro_MvsM_4_dist_train_run_0002,,eval_8,80,,Win,33.0,20.0,True,pymarl/vdn_checkpoint_eval_20260531_sacred_1-12/vdn_MarineMicro_MvsM_4_dist_train_run_0002/evaluations/eval_8/bktree/node_log.txt,pymarl/vdn_checkpoint_eval_20260531_sacred_1-12/vdn_MarineMicro_MvsM_4_dist_train_run_0002/evaluations/eval_8/bktree,C:\Users\Binich\PycharmProjects\PredictionRTS\output\learner_results\all_data\fused_bktree_web_batch_20260612_153602_top100_anchor_no_replay\MarineMicro_MvsM_4_dist\bktree,16,16,0,0,0 29 72 57 58 104 59 79 125 272 273 133 20 274 38 39,0 22 428 2 420 25 421 54 308 521 513 462 267 522 47 32,source_bktree source_bktree source_bktree source_bktree source_bktree source_bktree source_bktree source_bktree source_bktree source_bktree source_bktree source_bktree source_bktree source_bktree source_bktree source_bktree,0 29 72 57 58 104 59 79 125 272 273 133 20 274 38 39
427,MarineMicro_MvsM_4_dist,VDN,PyMARL,vdn_MarineMicro_MvsM_4_dist_train_run_0002,vdn_checkpoint_eval_20260531_sacred_1-12,vdn_MarineMicro_MvsM_4_dist_train_run_0002,,eval_8,82,,Win,33.0,20.0,True,pymarl/vdn_checkpoint_eval_20260531_sacred_1-12/vdn_MarineMicro_MvsM_4_dist_train_run_0002/evaluations/eval_8/bktree/node_log.txt,pymarl/vdn_checkpoint_eval_20260531_sacred_1-12/vdn_MarineMicro_MvsM_4_dist_train_run_0002/evaluations/eval_8/bktree,C:\Users\Binich\PycharmProjects\PredictionRTS\output\learner_results\all_data\fused_bktree_web_batch_20260612_153602_top100_anchor_no_replay\MarineMicro_MvsM_4_dist\bktree,16,16,0,0,0 29 30 31 49 181 263 60 146 268 236 281 139 55 269 270,0 22 411 84 86 481 517 96 466 520 506 525 267 19 31 32,source_bktree source_bktree source_bktree source_bktree source_bktree source_bktree source_bktree source_bktree source_bktree source_bktree source_bktree source_bktree source_bktree source_bktree source_bktree source_bktree,0 29 30 31 49 181 263 60 146 268 236 281 139 55 269 270
428,MarineMicro_MvsM_4_dist,VDN,PyMARL,vdn_MarineMicro_MvsM_4_dist_train_run_0002,vdn_checkpoint_eval_20260531_sacred_1-12,vdn_MarineMicro_MvsM_4_dist_train_run_0002,,eval_8,88,,Win,33.0,20.0,True,pymarl/vdn_checkpoint_eval_20260531_sacred_1-12/vdn_MarineMicro_MvsM_4_dist_train_run_0002/evaluations/eval_8/bktree/node_log.txt,pymarl/vdn_checkpoint_eval_20260531_sacred_1-12/vdn_MarineMicro_MvsM_4_dist_train_run_0002/evaluations/eval_8/bktree,C:\Users\Binich\PycharmProjects\PredictionRTS\output\learner_results\all_data\fused_bktree_web_batch_20260612_153602_top100_anchor_no_replay\MarineMicro_MvsM_4_dist\bktree,16,16,0,0,0 29 237 217 151 151 152 152 193 41 286 287 144 21 21 194,0 22 94 242 470 470 129 129 486 5 437 530 67 9 9 11,source_bktree source_bktree source_bktree source_bktree source_bktree source_bktree source_bktree source_bktree source_bktree source_bktree source_bktree source_bktree source_bktree source_bktree source_bktree source_bktree,0 29 237 217 151 151 152 152 193 41 286 287 144 21 21 194
429,MarineMicro_MvsM_4_dist,VDN,PyMARL,vdn_MarineMicro_MvsM_4_dist_train_run_0002,vdn_checkpoint_eval_20260531_sacred_1-12,vdn_MarineMicro_MvsM_4_dist_train_run_0002,,eval_8,90,,Win,33.0,20.0,True,pymarl/vdn_checkpoint_eval_20260531_sacred_1-12/vdn_MarineMicro_MvsM_4_dist_train_run_0002/evaluations/eval_8/bktree/node_log.txt,pymarl/vdn_checkpoint_eval_20260531_sacred_1-12/vdn_MarineMicro_MvsM_4_dist_train_run_0002/evaluations/eval_8/bktree,C:\Users\Binich\PycharmProjects\PredictionRTS\output\learner_results\all_data\fused_bktree_web_batch_20260612_153602_top100_anchor_no_replay\MarineMicro_MvsM_4_dist\bktree,16,16,0,0,0 29 72 57 49 104 263 263 61 265 266 280 37 38 38 39,0 22 428 2 86 25 517 517 343 518 17 524 415 47 47 32,source_bktree source_bktree source_bktree source_bktree source_bktree source_bktree source_bktree source_bktree source_bktree source_bktree source_bktree source_bktree source_bktree source_bktree source_bktree source_bktree,0 29 72 57 49 104 263 263 61 265 266 280 37 38 38 39
430,MarineMicro_MvsM_4_dist,VDN,PyMARL,vdn_MarineMicro_MvsM_4_dist_train_run_0002,vdn_checkpoint_eval_20260531_sacred_1-12,vdn_MarineMicro_MvsM_4_dist_train_run_0002,,eval_8,97,,Win,33.0,20.0,True,pymarl/vdn_checkpoint_eval_20260531_sacred_1-12/vdn_MarineMicro_MvsM_4_dist_train_run_0002/evaluations/eval_8/bktree/node_log.txt,pymarl/vdn_checkpoint_eval_20260531_sacred_1-12/vdn_MarineMicro_MvsM_4_dist_train_run_0002/evaluations/eval_8/bktree,C:\Users\Binich\PycharmProjects\PredictionRTS\output\learner_results\all_data\fused_bktree_web_batch_20260612_153602_top100_anchor_no_replay\MarineMicro_MvsM_4_dist\bktree,16,16,0,0,0 1 1 112 100 141 79 79 246 296 27 154 8 9 9 10,0 33 33 449 442 464 54 54 71 536 309 30 401 9 9 93,source_bktree source_bktree source_bktree source_bktree source_bktree source_bktree source_bktree source_bktree source_bktree source_bktree source_bktree source_bktree source_bktree source_bktree source_bktree source_bktree,0 1 1 112 100 141 79 79 246 296 27 154 8 9 9 10
431,MarineMicro_MvsM_4_dist,VDN,PyMARL,vdn_MarineMicro_MvsM_4_dist_train_run_0002,vdn_checkpoint_eval_20260531_sacred_1-12,vdn_MarineMicro_MvsM_4_dist_train_run_0002,,eval_8,4,,Win,33.0,20.0,True,pymarl/vdn_checkpoint_eval_20260531_sacred_1-12/vdn_MarineMicro_MvsM_4_dist_train_run_0002/evaluations/eval_8/bktree/node_log.txt,pymarl/vdn_checkpoint_eval_20260531_sacred_1-12/vdn_MarineMicro_MvsM_4_dist_train_run_0002/evaluations/eval_8/bktree,C:\Users\Binich\PycharmProjects\PredictionRTS\output\learner_results\all_data\fused_bktree_web_batch_20260612_153602_top100_anchor_no_replay\MarineMicro_MvsM_4_dist\bktree,17,17,0,0,0 29 30 31 32 32 33 34 35 35 36 36 37 37 9 38 39,0 22 411 84 412 412 413 414 335 335 6 6 415 415 9 47 32,source_bktree source_bktree source_bktree source_bktree source_bktree source_bktree source_bktree source_bktree source_bktree source_bktree source_bktree source_bktree source_bktree source_bktree source_bktree source_bktree source_bktree,0 29 30 31 32 32 33 34 35 35 36 36 37 37 9 38 39
432,MarineMicro_MvsM_4_dist,VDN,PyMARL,vdn_MarineMicro_MvsM_4_dist_train_run_0002,vdn_checkpoint_eval_20260531_sacred_1-12,vdn_MarineMicro_MvsM_4_dist_train_run_0002,,eval_8,20,,Win,33.0,20.0,True,pymarl/vdn_checkpoint_eval_20260531_sacred_1-12/vdn_MarineMicro_MvsM_4_dist_train_run_0002/evaluations/eval_8/bktree/node_log.txt,pymarl/vdn_checkpoint_eval_20260531_sacred_1-12/vdn_MarineMicro_MvsM_4_dist_train_run_0002/evaluations/eval_8/bktree,C:\Users\Binich\PycharmProjects\PredictionRTS\output\learner_results\all_data\fused_bktree_web_batch_20260612_153602_top100_anchor_no_replay\MarineMicro_MvsM_4_dist\bktree,17,17,0,0,0 29 29 31 32 32 109 79 16 51 36 110 70 111 21 21 71,0 22 22 84 412 412 446 54 406 240 6 447 427 448 9 9 32,source_bktree source_bktree source_bktree source_bktree source_bktree source_bktree source_bktree source_bktree source_bktree source_bktree source_bktree source_bktree source_bktree source_bktree source_bktree source_bktree source_bktree,0 29 29 31 32 32 109 79 16 51 36 110 70 111 21 21 71
433,MarineMicro_MvsM_4_dist,VDN,PyMARL,vdn_MarineMicro_MvsM_4_dist_train_run_0002,vdn_checkpoint_eval_20260531_sacred_1-12,vdn_MarineMicro_MvsM_4_dist_train_run_0002,,eval_8,87,,Win,33.0,20.0,True,pymarl/vdn_checkpoint_eval_20260531_sacred_1-12/vdn_MarineMicro_MvsM_4_dist_train_run_0002/evaluations/eval_8/bktree/node_log.txt,pymarl/vdn_checkpoint_eval_20260531_sacred_1-12/vdn_MarineMicro_MvsM_4_dist_train_run_0002/evaluations/eval_8/bktree,C:\Users\Binich\PycharmProjects\PredictionRTS\output\learner_results\all_data\fused_bktree_web_batch_20260612_153602_top100_anchor_no_replay\MarineMicro_MvsM_4_dist\bktree,17,17,0,0,0 1 1 112 23 23 24 25 16 69 219 284 70 285 88 9 10,0 33 33 449 409 409 410 96 406 426 49 528 427 529 10 9 93,source_bktree source_bktree source_bktree source_bktree source_bktree source_bktree source_bktree source_bktree source_bktree source_bktree source_bktree source_bktree source_bktree source_bktree source_bktree source_bktree source_bktree,0 1 1 112 23 23 24 25 16 69 219 284 70 285 88 9 10
434,MarineMicro_MvsM_4_dist,VDN,PyMARL,vdn_MarineMicro_MvsM_4_dist_train_run_0002,vdn_checkpoint_eval_20260531_sacred_1-12,vdn_MarineMicro_MvsM_4_dist_train_run_0002,,eval_8,94,,Win,33.0,20.0,True,pymarl/vdn_checkpoint_eval_20260531_sacred_1-12/vdn_MarineMicro_MvsM_4_dist_train_run_0002/evaluations/eval_8/bktree/node_log.txt,pymarl/vdn_checkpoint_eval_20260531_sacred_1-12/vdn_MarineMicro_MvsM_4_dist_train_run_0002/evaluations/eval_8/bktree,C:\Users\Binich\PycharmProjects\PredictionRTS\output\learner_results\all_data\fused_bktree_web_batch_20260612_153602_top100_anchor_no_replay\MarineMicro_MvsM_4_dist\bktree,17,17,0,0,0 11 157 12 181 181 152 152 294 41 18 295 144 274 9 9 10,0 323 257 402 481 481 129 129 130 5 408 535 67 522 9 9 93,source_bktree source_bktree source_bktree source_bktree source_bktree source_bktree source_bktree source_bktree source_bktree source_bktree source_bktree source_bktree source_bktree source_bktree source_bktree source_bktree source_bktree,0 11 157 12 181 181 152 152 294 41 18 295 144 274 9 9 10
435,MarineMicro_MvsM_4_dist,VDN,PyMARL,vdn_MarineMicro_MvsM_4_dist_train_run_0002,vdn_checkpoint_eval_20260531_sacred_1-12,vdn_MarineMicro_MvsM_4_dist_train_run_0002,,eval_8,3,,Win,30.0,20.0,True,pymarl/vdn_checkpoint_eval_20260531_sacred_1-12/vdn_MarineMicro_MvsM_4_dist_train_run_0002/evaluations/eval_8/bktree/node_log.txt,pymarl/vdn_checkpoint_eval_20260531_sacred_1-12/vdn_MarineMicro_MvsM_4_dist_train_run_0002/evaluations/eval_8/bktree,C:\Users\Binich\PycharmProjects\PredictionRTS\output\learner_results\all_data\fused_bktree_web_batch_20260612_153602_top100_anchor_no_replay\MarineMicro_MvsM_4_dist\bktree,16,16,0,0,0 1 2 22 23 23 24 25 26 26 27 27 20 21 21 28,0 33 397 155 409 409 410 96 282 282 309 309 267 9 9 21,source_bktree source_bktree source_bktree source_bktree source_bktree source_bktree source_bktree source_bktree source_bktree source_bktree source_bktree source_bktree source_bktree source_bktree source_bktree source_bktree,0 1 2 22 23 23 24 25 26 26 27 27 20 21 21 28
436,MarineMicro_MvsM_4_dist,VDN,PyMARL,vdn_MarineMicro_MvsM_4_dist_train_run_0002,vdn_checkpoint_eval_20260531_sacred_1-12,vdn_MarineMicro_MvsM_4_dist_train_run_0002,,eval_8,25,,Win,30.0,20.0,True,pymarl/vdn_checkpoint_eval_20260531_sacred_1-12/vdn_MarineMicro_MvsM_4_dist_train_run_0002/evaluations/eval_8/bktree/node_log.txt,pymarl/vdn_checkpoint_eval_20260531_sacred_1-12/vdn_MarineMicro_MvsM_4_dist_train_run_0002/evaluations/eval_8/bktree,C:\Users\Binich\PycharmProjects\PredictionRTS\output\learner_results\all_data\fused_bktree_web_batch_20260612_153602_top100_anchor_no_replay\MarineMicro_MvsM_4_dist\bktree,16,16,0,0,0 29 29 31 32 132 33 33 41 41 18 133 20 21 38 28,0 22 22 84 412 461 413 413 5 5 408 462 267 9 47 21,source_bktree source_bktree source_bktree source_bktree source_bktree source_bktree source_bktree source_bktree source_bktree source_bktree source_bktree source_bktree source_bktree source_bktree source_bktree source_bktree,0 29 29 31 32 132 33 33 41 41 18 133 20 21 38 28
437,MarineMicro_MvsM_4_dist,VDN,PyMARL,vdn_MarineMicro_MvsM_4_dist_train_run_0002,vdn_checkpoint_eval_20260531_sacred_1-12,vdn_MarineMicro_MvsM_4_dist_train_run_0002,,eval_8,60,,Win,30.0,20.0,True,pymarl/vdn_checkpoint_eval_20260531_sacred_1-12/vdn_MarineMicro_MvsM_4_dist_train_run_0002/evaluations/eval_8/bktree/node_log.txt,pymarl/vdn_checkpoint_eval_20260531_sacred_1-12/vdn_MarineMicro_MvsM_4_dist_train_run_0002/evaluations/eval_8/bktree,C:\Users\Binich\PycharmProjects\PredictionRTS\output\learner_results\all_data\fused_bktree_web_batch_20260612_153602_top100_anchor_no_replay\MarineMicro_MvsM_4_dist\bktree,16,16,0,0,0 29 29 57 73 73 25 25 125 125 126 233 233 230 56 28,0 22 22 2 429 429 96 96 308 308 456 504 504 102 20 21,source_bktree source_bktree source_bktree source_bktree source_bktree source_bktree source_bktree source_bktree source_bktree source_bktree source_bktree source_bktree source_bktree source_bktree source_bktree source_bktree,0 29 29 57 73 73 25 25 125 125 126 233 233 230 56 28
438,MarineMicro_MvsM_4_dist,VDN,PyMARL,vdn_MarineMicro_MvsM_4_dist_train_run_0002,vdn_checkpoint_eval_20260531_sacred_1-12,vdn_MarineMicro_MvsM_4_dist_train_run_0002,,eval_8,93,,Win,30.0,20.0,True,pymarl/vdn_checkpoint_eval_20260531_sacred_1-12/vdn_MarineMicro_MvsM_4_dist_train_run_0002/evaluations/eval_8/bktree/node_log.txt,pymarl/vdn_checkpoint_eval_20260531_sacred_1-12/vdn_MarineMicro_MvsM_4_dist_train_run_0002/evaluations/eval_8/bktree,C:\Users\Binich\PycharmProjects\PredictionRTS\output\learner_results\all_data\fused_bktree_web_batch_20260612_153602_top100_anchor_no_replay\MarineMicro_MvsM_4_dist\bktree,16,16,0,0,0 1 1 2 23 23 24 292 146 293 6 135 8 285 56 131,0 33 33 397 409 409 410 534 466 500 400 296 401 529 20 21,source_bktree source_bktree source_bktree source_bktree source_bktree source_bktree source_bktree source_bktree source_bktree source_bktree source_bktree source_bktree source_bktree source_bktree source_bktree source_bktree,0 1 1 2 23 23 24 292 146 293 6 135 8 285 56 131
439,MarineMicro_MvsM_4_dist,VDN,PyMARL,vdn_MarineMicro_MvsM_4_dist_train_run_0002,vdn_checkpoint_eval_20260531_sacred_1-12,vdn_MarineMicro_MvsM_4_dist_train_run_0002,,eval_8,39,,Win,30.0,20.0,True,pymarl/vdn_checkpoint_eval_20260531_sacred_1-12/vdn_MarineMicro_MvsM_4_dist_train_run_0002/evaluations/eval_8/bktree/node_log.txt,pymarl/vdn_checkpoint_eval_20260531_sacred_1-12/vdn_MarineMicro_MvsM_4_dist_train_run_0002/evaluations/eval_8/bktree,C:\Users\Binich\PycharmProjects\PredictionRTS\output\learner_results\all_data\fused_bktree_web_batch_20260612_153602_top100_anchor_no_replay\MarineMicro_MvsM_4_dist\bktree,17,17,0,0,0 11 11 12 13 13 40 40 41 41 36 36 87 176 98 56 28,0 323 323 402 403 403 416 416 5 5 6 6 435 479 148 20 21,source_bktree source_bktree source_bktree source_bktree source_bktree source_bktree source_bktree source_bktree source_bktree source_bktree source_bktree source_bktree source_bktree source_bktree source_bktree source_bktree source_bktree,0 11 11 12 13 13 40 40 41 41 36 36 87 176 98 56 28
440,MarineMicro_MvsM_4_dist,VDN,PyMARL,vdn_MarineMicro_MvsM_4_dist_train_run_0002,vdn_checkpoint_eval_20260531_sacred_1-12,vdn_MarineMicro_MvsM_4_dist_train_run_0002,,eval_8,68,,Win,30.0,20.0,True,pymarl/vdn_checkpoint_eval_20260531_sacred_1-12/vdn_MarineMicro_MvsM_4_dist_train_run_0002/evaluations/eval_8/bktree/node_log.txt,pymarl/vdn_checkpoint_eval_20260531_sacred_1-12/vdn_MarineMicro_MvsM_4_dist_train_run_0002/evaluations/eval_8/bktree,C:\Users\Binich\PycharmProjects\PredictionRTS\output\learner_results\all_data\fused_bktree_web_batch_20260612_153602_top100_anchor_no_replay\MarineMicro_MvsM_4_dist\bktree,17,17,0,0,0 29 29 31 132 249 105 105 5 41 41 149 54 94 21 56 28,0 22 22 84 461 352 443 443 157 5 5 469 91 31 9 20 21,source_bktree source_bktree source_bktree source_bktree source_bktree source_bktree source_bktree source_bktree source_bktree source_bktree source_bktree source_bktree source_bktree source_bktree source_bktree source_bktree source_bktree,0 29 29 31 132 249 105 105 5 41 41 149 54 94 21 56 28
441,MarineMicro_MvsM_4_dist,VDN,PyMARL,vdn_MarineMicro_MvsM_4_dist_train_run_0002,vdn_checkpoint_eval_20260531_sacred_1-12,vdn_MarineMicro_MvsM_4_dist_train_run_0002,,eval_8,75,,Win,30.0,20.0,True,pymarl/vdn_checkpoint_eval_20260531_sacred_1-12/vdn_MarineMicro_MvsM_4_dist_train_run_0002/evaluations/eval_8/bktree/node_log.txt,pymarl/vdn_checkpoint_eval_20260531_sacred_1-12/vdn_MarineMicro_MvsM_4_dist_train_run_0002/evaluations/eval_8/bktree,C:\Users\Binich\PycharmProjects\PredictionRTS\output\learner_results\all_data\fused_bktree_web_batch_20260612_153602_top100_anchor_no_replay\MarineMicro_MvsM_4_dist\bktree,17,17,0,0,0 29 29 122 127 260 261 261 262 262 36 36 70 38 88 56 28,0 22 22 84 457 234 70 70 110 110 6 6 427 47 10 20 21,source_bktree source_bktree source_bktree source_bktree source_bktree source_bktree source_bktree source_bktree source_bktree source_bktree source_bktree source_bktree source_bktree source_bktree source_bktree source_bktree source_bktree,0 29 29 122 127 260 261 261 262 262 36 36 70 38 88 56 28
442,MarineMicro_MvsM_4_dist,VDN,PyMARL,vdn_MarineMicro_MvsM_4_dist_train_run_0002,vdn_checkpoint_eval_20260531_sacred_1-12,vdn_MarineMicro_MvsM_4_dist_train_run_0002,,eval_8,95,,Win,30.0,20.0,True,pymarl/vdn_checkpoint_eval_20260531_sacred_1-12/vdn_MarineMicro_MvsM_4_dist_train_run_0002/evaluations/eval_8/bktree/node_log.txt,pymarl/vdn_checkpoint_eval_20260531_sacred_1-12/vdn_MarineMicro_MvsM_4_dist_train_run_0002/evaluations/eval_8/bktree,C:\Users\Binich\PycharmProjects\PredictionRTS\output\learner_results\all_data\fused_bktree_web_batch_20260612_153602_top100_anchor_no_replay\MarineMicro_MvsM_4_dist\bktree,17,17,0,0,0 29 30 31 104 181 60 60 146 268 266 266 70 38 9 56 131,0 22 411 84 25 481 96 96 466 520 17 17 427 47 9 20 21,source_bktree source_bktree source_bktree source_bktree source_bktree source_bktree source_bktree source_bktree source_bktree source_bktree source_bktree source_bktree source_bktree source_bktree source_bktree source_bktree source_bktree,0 29 30 31 104 181 60 60 146 268 266 266 70 38 9 56 131
443,MarineMicro_MvsM_4_dist,VDN,PyMARL,vdn_MarineMicro_MvsM_4_dist_train_run_0002,vdn_checkpoint_eval_20260531_sacred_1-12,vdn_MarineMicro_MvsM_4_dist_train_run_0002,,eval_8,100,,Win,30.0,20.0,True,pymarl/vdn_checkpoint_eval_20260531_sacred_1-12/vdn_MarineMicro_MvsM_4_dist_train_run_0002/evaluations/eval_8/bktree/node_log.txt,pymarl/vdn_checkpoint_eval_20260531_sacred_1-12/vdn_MarineMicro_MvsM_4_dist_train_run_0002/evaluations/eval_8/bktree,C:\Users\Binich\PycharmProjects\PredictionRTS\output\learner_results\all_data\fused_bktree_web_batch_20260612_153602_top100_anchor_no_replay\MarineMicro_MvsM_4_dist\bktree,17,17,0,0,0 29 29 31 181 181 263 60 153 171 266 266 70 38 56 56 131,0 22 22 84 481 481 517 96 28 474 17 17 427 47 20 20 21,source_bktree source_bktree source_bktree source_bktree source_bktree source_bktree source_bktree source_bktree source_bktree source_bktree source_bktree source_bktree source_bktree source_bktree source_bktree source_bktree source_bktree,0 29 29 31 181 181 263 60 153 171 266 266 70 38 56 56 131
444,MarineMicro_MvsM_4_dist,VDN,PyMARL,vdn_MarineMicro_MvsM_4_dist_train_run_0002,vdn_checkpoint_eval_20260531_sacred_1-12,vdn_MarineMicro_MvsM_4_dist_train_run_0002,,eval_8,36,,Win,30.0,20.0,True,pymarl/vdn_checkpoint_eval_20260531_sacred_1-12/vdn_MarineMicro_MvsM_4_dist_train_run_0002/evaluations/eval_8/bktree/node_log.txt,pymarl/vdn_checkpoint_eval_20260531_sacred_1-12/vdn_MarineMicro_MvsM_4_dist_train_run_0002/evaluations/eval_8/bktree,C:\Users\Binich\PycharmProjects\PredictionRTS\output\learner_results\all_data\fused_bktree_web_batch_20260612_153602_top100_anchor_no_replay\MarineMicro_MvsM_4_dist\bktree,18,18,0,0,0 11 11 163 164 164 165 166 166 167 48 81 168 77 77 169 169 170,0 323 323 104 95 95 96 364 364 365 295 108 325 51 51 150 150 276,source_bktree source_bktree source_bktree source_bktree source_bktree source_bktree source_bktree source_bktree source_bktree source_bktree source_bktree source_bktree source_bktree source_bktree source_bktree source_bktree source_bktree source_bktree,0 11 11 163 164 164 165 166 166 167 48 81 168 77 77 169 169 170
445,MarineMicro_MvsM_4_dist,VDN,PyMARL,vdn_MarineMicro_MvsM_4_dist_train_run_0002,vdn_checkpoint_eval_20260531_sacred_1-12,vdn_MarineMicro_MvsM_4_dist_train_run_0002,,eval_8,76,,Win,30.0,20.0,True,pymarl/vdn_checkpoint_eval_20260531_sacred_1-12/vdn_MarineMicro_MvsM_4_dist_train_run_0002/evaluations/eval_8/bktree/node_log.txt,pymarl/vdn_checkpoint_eval_20260531_sacred_1-12/vdn_MarineMicro_MvsM_4_dist_train_run_0002/evaluations/eval_8/bktree,C:\Users\Binich\PycharmProjects\PredictionRTS\output\learner_results\all_data\fused_bktree_web_batch_20260612_153602_top100_anchor_no_replay\MarineMicro_MvsM_4_dist\bktree,18,18,0,0,0 29 122 31 104 249 263 263 264 265 266 267 70 150 21 56 56 28,0 22 84 84 25 352 517 517 268 518 17 519 427 47 9 20 20 21,source_bktree source_bktree source_bktree source_bktree source_bktree source_bktree source_bktree source_bktree source_bktree source_bktree source_bktree source_bktree source_bktree source_bktree source_bktree source_bktree source_bktree source_bktree,0 29 122 31 104 249 263 263 264 265 266 267 70 150 21 56 56 28
446,MarineMicro_MvsM_4_dist,VDN,PyMARL,vdn_MarineMicro_MvsM_4_dist_train_run_0002,vdn_checkpoint_eval_20260531_sacred_1-12,vdn_MarineMicro_MvsM_4_dist_train_run_0002,,eval_8,23,,Win,27.0,20.0,True,pymarl/vdn_checkpoint_eval_20260531_sacred_1-12/vdn_MarineMicro_MvsM_4_dist_train_run_0002/evaluations/eval_8/bktree/node_log.txt,pymarl/vdn_checkpoint_eval_20260531_sacred_1-12/vdn_MarineMicro_MvsM_4_dist_train_run_0002/evaluations/eval_8/bktree,C:\Users\Binich\PycharmProjects\PredictionRTS\output\learner_results\all_data\fused_bktree_web_batch_20260612_153602_top100_anchor_no_replay\MarineMicro_MvsM_4_dist\bktree,15,15,0,0,0 29 29 122 73 123 124 124 16 125 126 126 37 38 39,0 22 22 84 429 454 455 455 406 308 456 456 415 47 32,source_bktree source_bktree source_bktree source_bktree source_bktree source_bktree source_bktree source_bktree source_bktree source_bktree source_bktree source_bktree source_bktree source_bktree source_bktree,0 29 29 122 73 123 124 124 16 125 126 126 37 38 39
447,MarineMicro_MvsM_4_dist,VDN,PyMARL,vdn_MarineMicro_MvsM_4_dist_train_run_0002,vdn_checkpoint_eval_20260531_sacred_1-12,vdn_MarineMicro_MvsM_4_dist_train_run_0002,,eval_8,33,,Win,27.0,20.0,True,pymarl/vdn_checkpoint_eval_20260531_sacred_1-12/vdn_MarineMicro_MvsM_4_dist_train_run_0002/evaluations/eval_8/bktree/node_log.txt,pymarl/vdn_checkpoint_eval_20260531_sacred_1-12/vdn_MarineMicro_MvsM_4_dist_train_run_0002/evaluations/eval_8/bktree,C:\Users\Binich\PycharmProjects\PredictionRTS\output\learner_results\all_data\fused_bktree_web_batch_20260612_153602_top100_anchor_no_replay\MarineMicro_MvsM_4_dist\bktree,15,15,0,0,0 29 72 57 58 104 59 79 61 61 102 155 156 21 71,0 22 428 2 420 25 421 54 343 343 201 471 228 9 32,source_bktree source_bktree source_bktree source_bktree source_bktree source_bktree source_bktree source_bktree source_bktree source_bktree source_bktree source_bktree source_bktree source_bktree source_bktree,0 29 72 57 58 104 59 79 61 61 102 155 156 21 71
448,MarineMicro_MvsM_4_dist,VDN,PyMARL,vdn_MarineMicro_MvsM_4_dist_train_run_0002,vdn_checkpoint_eval_20260531_sacred_1-12,vdn_MarineMicro_MvsM_4_dist_train_run_0002,,eval_8,2,,Win,27.0,20.0,True,pymarl/vdn_checkpoint_eval_20260531_sacred_1-12/vdn_MarineMicro_MvsM_4_dist_train_run_0002/evaluations/eval_8/bktree/node_log.txt,pymarl/vdn_checkpoint_eval_20260531_sacred_1-12/vdn_MarineMicro_MvsM_4_dist_train_run_0002/evaluations/eval_8/bktree,C:\Users\Binich\PycharmProjects\PredictionRTS\output\learner_results\all_data\fused_bktree_web_batch_20260612_153602_top100_anchor_no_replay\MarineMicro_MvsM_4_dist\bktree,16,16,0,0,0 11 11 12 13 13 14 14 15 16 17 18 19 20 21 10,0 323 323 402 403 403 404 404 405 406 407 408 188 267 9 93,source_bktree source_bktree source_bktree source_bktree source_bktree source_bktree source_bktree source_bktree source_bktree source_bktree source_bktree source_bktree source_bktree source_bktree source_bktree source_bktree,0 11 11 12 13 13 14 14 15 16 17 18 19 20 21 10
449,MarineMicro_MvsM_4_dist,VDN,PyMARL,vdn_MarineMicro_MvsM_4_dist_train_run_0002,vdn_checkpoint_eval_20260531_sacred_1-12,vdn_MarineMicro_MvsM_4_dist_train_run_0002,,eval_8,28,,Win,27.0,20.0,True,pymarl/vdn_checkpoint_eval_20260531_sacred_1-12/vdn_MarineMicro_MvsM_4_dist_train_run_0002/evaluations/eval_8/bktree/node_log.txt,pymarl/vdn_checkpoint_eval_20260531_sacred_1-12/vdn_MarineMicro_MvsM_4_dist_train_run_0002/evaluations/eval_8/bktree,C:\Users\Binich\PycharmProjects\PredictionRTS\output\learner_results\all_data\fused_bktree_web_batch_20260612_153602_top100_anchor_no_replay\MarineMicro_MvsM_4_dist\bktree,16,16,0,0,0 11 11 12 13 13 40 40 41 41 42 81 37 21 21 39,0 323 323 402 403 403 416 416 5 5 99 108 415 9 9 32,source_bktree source_bktree source_bktree source_bktree source_bktree source_bktree source_bktree source_bktree source_bktree source_bktree source_bktree source_bktree source_bktree source_bktree source_bktree source_bktree,0 11 11 12 13 13 40 40 41 41 42 81 37 21 21 39
450,MarineMicro_MvsM_4_dist,VDN,PyMARL,vdn_MarineMicro_MvsM_4_dist_train_run_0002,vdn_checkpoint_eval_20260531_sacred_1-12,vdn_MarineMicro_MvsM_4_dist_train_run_0002,,eval_8,34,,Win,27.0,20.0,True,pymarl/vdn_checkpoint_eval_20260531_sacred_1-12/vdn_MarineMicro_MvsM_4_dist_train_run_0002/evaluations/eval_8/bktree/node_log.txt,pymarl/vdn_checkpoint_eval_20260531_sacred_1-12/vdn_MarineMicro_MvsM_4_dist_train_run_0002/evaluations/eval_8/bktree,C:\Users\Binich\PycharmProjects\PredictionRTS\output\learner_results\all_data\fused_bktree_web_batch_20260612_153602_top100_anchor_no_replay\MarineMicro_MvsM_4_dist\bktree,16,16,0,0,0 29 89 31 100 100 114 114 153 153 27 27 8 150 9 10,0 22 436 84 442 442 450 450 28 28 309 309 401 47 9 93,source_bktree source_bktree source_bktree source_bktree source_bktree source_bktree source_bktree source_bktree source_bktree source_bktree source_bktree source_bktree source_bktree source_bktree source_bktree source_bktree,0 29 89 31 100 100 114 114 153 153 27 27 8 150 9 10
451,MarineMicro_MvsM_4_dist,VDN,PyMARL,vdn_MarineMicro_MvsM_4_dist_train_run_0002,vdn_checkpoint_eval_20260531_sacred_1-12,vdn_MarineMicro_MvsM_4_dist_train_run_0002,,eval_8,43,,Win,27.0,20.0,True,pymarl/vdn_checkpoint_eval_20260531_sacred_1-12/vdn_MarineMicro_MvsM_4_dist_train_run_0002/evaluations/eval_8/bktree/node_log.txt,pymarl/vdn_checkpoint_eval_20260531_sacred_1-12/vdn_MarineMicro_MvsM_4_dist_train_run_0002/evaluations/eval_8/bktree,C:\Users\Binich\PycharmProjects\PredictionRTS\output\learner_results\all_data\fused_bktree_web_batch_20260612_153602_top100_anchor_no_replay\MarineMicro_MvsM_4_dist\bktree,16,16,0,0,0 29 89 31 181 151 91 91 193 193 18 81 70 21 88 194,0 22 436 84 481 470 27 27 486 486 408 108 427 9 10 11,source_bktree source_bktree source_bktree source_bktree source_bktree source_bktree source_bktree source_bktree source_bktree source_bktree source_bktree source_bktree source_bktree source_bktree source_bktree source_bktree,0 29 89 31 181 151 91 91 193 193 18 81 70 21 88 194
452,MarineMicro_MvsM_4_dist,VDN,PyMARL,vdn_MarineMicro_MvsM_4_dist_train_run_0002,vdn_checkpoint_eval_20260531_sacred_1-12,vdn_MarineMicro_MvsM_4_dist_train_run_0002,,eval_8,46,,Win,27.0,20.0,True,pymarl/vdn_checkpoint_eval_20260531_sacred_1-12/vdn_MarineMicro_MvsM_4_dist_train_run_0002/evaluations/eval_8/bktree/node_log.txt,pymarl/vdn_checkpoint_eval_20260531_sacred_1-12/vdn_MarineMicro_MvsM_4_dist_train_run_0002/evaluations/eval_8/bktree,C:\Users\Binich\PycharmProjects\PredictionRTS\output\learner_results\all_data\fused_bktree_web_batch_20260612_153602_top100_anchor_no_replay\MarineMicro_MvsM_4_dist\bktree,16,16,0,0,0 1 2 112 113 3 202 202 74 74 27 175 8 21 21 10,0 33 397 449 243 398 489 489 176 176 309 478 401 9 9 93,source_bktree source_bktree source_bktree source_bktree source_bktree source_bktree source_bktree source_bktree source_bktree source_bktree source_bktree source_bktree source_bktree source_bktree source_bktree source_bktree,0 1 2 112 113 3 202 202 74 74 27 175 8 21 21 10
453,MarineMicro_MvsM_4_dist,VDN,PyMARL,vdn_MarineMicro_MvsM_4_dist_train_run_0002,vdn_checkpoint_eval_20260531_sacred_1-12,vdn_MarineMicro_MvsM_4_dist_train_run_0002,,eval_8,54,,Win,27.0,20.0,True,pymarl/vdn_checkpoint_eval_20260531_sacred_1-12/vdn_MarineMicro_MvsM_4_dist_train_run_0002/evaluations/eval_8/bktree/node_log.txt,pymarl/vdn_checkpoint_eval_20260531_sacred_1-12/vdn_MarineMicro_MvsM_4_dist_train_run_0002/evaluations/eval_8/bktree,C:\Users\Binich\PycharmProjects\PredictionRTS\output\learner_results\all_data\fused_bktree_web_batch_20260612_153602_top100_anchor_no_replay\MarineMicro_MvsM_4_dist\bktree,16,16,0,0,0 1 2 208 209 209 4 173 174 222 196 175 223 223 38 39,0 33 397 491 492 492 399 476 477 500 487 478 112 112 47 32,source_bktree source_bktree source_bktree source_bktree source_bktree source_bktree source_bktree source_bktree source_bktree source_bktree source_bktree source_bktree source_bktree source_bktree source_bktree source_bktree,0 1 2 208 209 209 4 173 174 222 196 175 223 223 38 39
454,MarineMicro_MvsM_4_dist,VDN,PyMARL,vdn_MarineMicro_MvsM_4_dist_train_run_0002,vdn_checkpoint_eval_20260531_sacred_1-12,vdn_MarineMicro_MvsM_4_dist_train_run_0002,,eval_8,65,,Win,27.0,20.0,True,pymarl/vdn_checkpoint_eval_20260531_sacred_1-12/vdn_MarineMicro_MvsM_4_dist_train_run_0002/evaluations/eval_8/bktree/node_log.txt,pymarl/vdn_checkpoint_eval_20260531_sacred_1-12/vdn_MarineMicro_MvsM_4_dist_train_run_0002/evaluations/eval_8/bktree,C:\Users\Binich\PycharmProjects\PredictionRTS\output\learner_results\all_data\fused_bktree_web_batch_20260612_153602_top100_anchor_no_replay\MarineMicro_MvsM_4_dist\bktree,16,16,0,0,0 11 11 163 164 164 165 25 166 231 244 244 245 94 197 215,0 323 323 104 95 95 96 96 364 340 509 509 510 31 10 11,source_bktree source_bktree source_bktree source_bktree source_bktree source_bktree source_bktree source_bktree source_bktree source_bktree source_bktree source_bktree source_bktree source_bktree source_bktree source_bktree,0 11 11 163 164 164 165 25 166 231 244 244 245 94 197 215
455,MarineMicro_MvsM_4_dist,VDN,PyMARL,vdn_MarineMicro_MvsM_4_dist_train_run_0002,vdn_checkpoint_eval_20260531_sacred_1-12,vdn_MarineMicro_MvsM_4_dist_train_run_0002,,eval_8,73,,Win,27.0,20.0,True,pymarl/vdn_checkpoint_eval_20260531_sacred_1-12/vdn_MarineMicro_MvsM_4_dist_train_run_0002/evaluations/eval_8/bktree/node_log.txt,pymarl/vdn_checkpoint_eval_20260531_sacred_1-12/vdn_MarineMicro_MvsM_4_dist_train_run_0002/evaluations/eval_8/bktree,C:\Users\Binich\PycharmProjects\PredictionRTS\output\learner_results\all_data\fused_bktree_web_batch_20260612_153602_top100_anchor_no_replay\MarineMicro_MvsM_4_dist\bktree,16,16,0,0,0 11 11 12 13 86 173 195 222 222 255 135 256 82 88 10,0 323 323 402 403 434 476 254 500 500 515 296 8 432 10 93,source_bktree source_bktree source_bktree source_bktree source_bktree source_bktree source_bktree source_bktree source_bktree source_bktree source_bktree source_bktree source_bktree source_bktree source_bktree source_bktree,0 11 11 12 13 86 173 195 222 222 255 135 256 82 88 10
456,MarineMicro_MvsM_4_dist,VDN,PyMARL,vdn_MarineMicro_MvsM_4_dist_train_run_0002,vdn_checkpoint_eval_20260531_sacred_1-12,vdn_MarineMicro_MvsM_4_dist_train_run_0002,,eval_8,86,,Win,27.0,20.0,True,pymarl/vdn_checkpoint_eval_20260531_sacred_1-12/vdn_MarineMicro_MvsM_4_dist_train_run_0002/evaluations/eval_8/bktree/node_log.txt,pymarl/vdn_checkpoint_eval_20260531_sacred_1-12/vdn_MarineMicro_MvsM_4_dist_train_run_0002/evaluations/eval_8/bktree,C:\Users\Binich\PycharmProjects\PredictionRTS\output\learner_results\all_data\fused_bktree_web_batch_20260612_153602_top100_anchor_no_replay\MarineMicro_MvsM_4_dist\bktree,16,16,0,0,0 11 84 163 164 164 79 79 177 80 106 81 82 9 9 10,0 323 257 104 95 95 54 54 97 71 444 108 432 9 9 93,source_bktree source_bktree source_bktree source_bktree source_bktree source_bktree source_bktree source_bktree source_bktree source_bktree source_bktree source_bktree source_bktree source_bktree source_bktree source_bktree,0 11 84 163 164 164 79 79 177 80 106 81 82 9 9 10
457,MarineMicro_MvsM_4_dist,VDN,PyMARL,vdn_MarineMicro_MvsM_4_dist_train_run_0002,vdn_checkpoint_eval_20260531_sacred_1-12,vdn_MarineMicro_MvsM_4_dist_train_run_0002,,eval_8,92,,Win,27.0,20.0,True,pymarl/vdn_checkpoint_eval_20260531_sacred_1-12/vdn_MarineMicro_MvsM_4_dist_train_run_0002/evaluations/eval_8/bktree/node_log.txt,pymarl/vdn_checkpoint_eval_20260531_sacred_1-12/vdn_MarineMicro_MvsM_4_dist_train_run_0002/evaluations/eval_8/bktree,C:\Users\Binich\PycharmProjects\PredictionRTS\output\learner_results\all_data\fused_bktree_web_batch_20260612_153602_top100_anchor_no_replay\MarineMicro_MvsM_4_dist\bktree,16,16,0,0,0 11 11 12 46 46 79 79 206 206 253 135 82 150 252 10,0 323 323 402 417 417 54 54 28 28 514 296 432 47 10 93,source_bktree source_bktree source_bktree source_bktree source_bktree source_bktree source_bktree source_bktree source_bktree source_bktree source_bktree source_bktree source_bktree source_bktree source_bktree source_bktree,0 11 11 12 46 46 79 79 206 206 253 135 82 150 252 10
458,MarineMicro_MvsM_4_dist,VDN,PyMARL,vdn_MarineMicro_MvsM_4_dist_train_run_0002,vdn_checkpoint_eval_20260531_sacred_1-12,vdn_MarineMicro_MvsM_4_dist_train_run_0002,,eval_8,98,,Win,27.0,20.0,True,pymarl/vdn_checkpoint_eval_20260531_sacred_1-12/vdn_MarineMicro_MvsM_4_dist_train_run_0002/evaluations/eval_8/bktree/node_log.txt,pymarl/vdn_checkpoint_eval_20260531_sacred_1-12/vdn_MarineMicro_MvsM_4_dist_train_run_0002/evaluations/eval_8/bktree,C:\Users\Binich\PycharmProjects\PredictionRTS\output\learner_results\all_data\fused_bktree_web_batch_20260612_153602_top100_anchor_no_replay\MarineMicro_MvsM_4_dist\bktree,16,16,0,0,0 11 297 12 46 86 79 79 206 206 81 81 82 94 9 10,0 323 323 402 417 434 54 54 28 28 108 108 432 31 9 93,source_bktree source_bktree source_bktree source_bktree source_bktree source_bktree source_bktree source_bktree source_bktree source_bktree source_bktree source_bktree source_bktree source_bktree source_bktree source_bktree,0 11 297 12 46 86 79 79 206 206 81 81 82 94 9 10
459,MarineMicro_MvsM_4_dist,VDN,PyMARL,vdn_MarineMicro_MvsM_4_dist_train_run_0002,vdn_checkpoint_eval_20260531_sacred_1-12,vdn_MarineMicro_MvsM_4_dist_train_run_0002,,eval_8,99,,Win,27.0,20.0,True,pymarl/vdn_checkpoint_eval_20260531_sacred_1-12/vdn_MarineMicro_MvsM_4_dist_train_run_0002/evaluations/eval_8/bktree/node_log.txt,pymarl/vdn_checkpoint_eval_20260531_sacred_1-12/vdn_MarineMicro_MvsM_4_dist_train_run_0002/evaluations/eval_8/bktree,C:\Users\Binich\PycharmProjects\PredictionRTS\output\learner_results\all_data\fused_bktree_web_batch_20260612_153602_top100_anchor_no_replay\MarineMicro_MvsM_4_dist\bktree,16,16,0,0,0 11 11 12 46 46 79 79 16 298 81 81 8 9 9 10,0 323 323 402 417 417 54 54 406 537 108 108 401 9 9 93,source_bktree source_bktree source_bktree source_bktree source_bktree source_bktree source_bktree source_bktree source_bktree source_bktree source_bktree source_bktree source_bktree source_bktree source_bktree source_bktree,0 11 11 12 46 46 79 79 16 298 81 81 8 9 9 10
460,MarineMicro_MvsM_4_dist,VDN,PyMARL,vdn_MarineMicro_MvsM_4_dist_train_run_0002,vdn_checkpoint_eval_20260531_sacred_1-12,vdn_MarineMicro_MvsM_4_dist_train_run_0002,,eval_8,5,,Win,27.0,20.0,True,pymarl/vdn_checkpoint_eval_20260531_sacred_1-12/vdn_MarineMicro_MvsM_4_dist_train_run_0002/evaluations/eval_8/bktree/node_log.txt,pymarl/vdn_checkpoint_eval_20260531_sacred_1-12/vdn_MarineMicro_MvsM_4_dist_train_run_0002/evaluations/eval_8/bktree,C:\Users\Binich\PycharmProjects\PredictionRTS\output\learner_results\all_data\fused_bktree_web_batch_20260612_153602_top100_anchor_no_replay\MarineMicro_MvsM_4_dist\bktree,17,17,0,0,0 11 11 12 13 13 40 40 41 41 18 42 43 44 9 45 10,0 323 323 402 403 403 416 416 5 5 408 99 255 101 9 10 93,source_bktree source_bktree source_bktree source_bktree source_bktree source_bktree source_bktree source_bktree source_bktree source_bktree source_bktree source_bktree source_bktree source_bktree source_bktree source_bktree source_bktree,0 11 11 12 13 13 40 40 41 41 18 42 43 44 9 45 10
461,MarineMicro_MvsM_4_dist,VDN,PyMARL,vdn_MarineMicro_MvsM_4_dist_train_run_0002,vdn_checkpoint_eval_20260531_sacred_1-12,vdn_MarineMicro_MvsM_4_dist_train_run_0002,,eval_8,9,,Win,27.0,20.0,True,pymarl/vdn_checkpoint_eval_20260531_sacred_1-12/vdn_MarineMicro_MvsM_4_dist_train_run_0002/evaluations/eval_8/bktree/node_log.txt,pymarl/vdn_checkpoint_eval_20260531_sacred_1-12/vdn_MarineMicro_MvsM_4_dist_train_run_0002/evaluations/eval_8/bktree,C:\Users\Binich\PycharmProjects\PredictionRTS\output\learner_results\all_data\fused_bktree_web_batch_20260612_153602_top100_anchor_no_replay\MarineMicro_MvsM_4_dist\bktree,17,17,0,0,0 1 1 2 23 3 65 65 66 66 67 6 8 68 9 9 10,0 33 33 397 409 398 422 422 423 423 424 400 401 425 9 9 93,source_bktree source_bktree source_bktree source_bktree source_bktree source_bktree source_bktree source_bktree source_bktree source_bktree source_bktree source_bktree source_bktree source_bktree source_bktree source_bktree source_bktree,0 1 1 2 23 3 65 65 66 66 67 6 8 68 9 9 10
462,MarineMicro_MvsM_4_dist,VDN,PyMARL,vdn_MarineMicro_MvsM_4_dist_train_run_0002,vdn_checkpoint_eval_20260531_sacred_1-12,vdn_MarineMicro_MvsM_4_dist_train_run_0002,,eval_8,15,,Win,27.0,20.0,True,pymarl/vdn_checkpoint_eval_20260531_sacred_1-12/vdn_MarineMicro_MvsM_4_dist_train_run_0002/evaluations/eval_8/bktree/node_log.txt,pymarl/vdn_checkpoint_eval_20260531_sacred_1-12/vdn_MarineMicro_MvsM_4_dist_train_run_0002/evaluations/eval_8/bktree,C:\Users\Binich\PycharmProjects\PredictionRTS\output\learner_results\all_data\fused_bktree_web_batch_20260612_153602_top100_anchor_no_replay\MarineMicro_MvsM_4_dist\bktree,17,17,0,0,0 11 84 12 85 86 40 40 41 41 41 18 87 68 88 21 39,0 323 257 402 433 434 416 416 5 5 5 408 435 425 10 9 32,source_bktree source_bktree source_bktree source_bktree source_bktree source_bktree source_bktree source_bktree source_bktree source_bktree source_bktree source_bktree source_bktree source_bktree source_bktree source_bktree source_bktree,0 11 84 12 85 86 40 40 41 41 41 18 87 68 88 21 39
463,MarineMicro_MvsM_4_dist,VDN,PyMARL,vdn_MarineMicro_MvsM_4_dist_train_run_0002,vdn_checkpoint_eval_20260531_sacred_1-12,vdn_MarineMicro_MvsM_4_dist_train_run_0002,,eval_8,48,,Win,27.0,20.0,True,pymarl/vdn_checkpoint_eval_20260531_sacred_1-12/vdn_MarineMicro_MvsM_4_dist_train_run_0002/evaluations/eval_8/bktree/node_log.txt,pymarl/vdn_checkpoint_eval_20260531_sacred_1-12/vdn_MarineMicro_MvsM_4_dist_train_run_0002/evaluations/eval_8/bktree,C:\Users\Binich\PycharmProjects\PredictionRTS\output\learner_results\all_data\fused_bktree_web_batch_20260612_153602_top100_anchor_no_replay\MarineMicro_MvsM_4_dist\bktree,17,17,0,0,0 11 84 12 164 164 165 79 206 16 81 18 81 207 88 88 10,0 323 257 402 95 95 96 54 28 406 108 408 108 79 10 10 93,source_bktree source_bktree source_bktree source_bktree source_bktree source_bktree source_bktree source_bktree source_bktree source_bktree source_bktree source_bktree source_bktree source_bktree source_bktree source_bktree source_bktree,0 11 84 12 164 164 165 79 206 16 81 18 81 207 88 88 10
464,MarineMicro_MvsM_4_dist,VDN,PyMARL,vdn_MarineMicro_MvsM_4_dist_train_run_0002,vdn_checkpoint_eval_20260531_sacred_1-12,vdn_MarineMicro_MvsM_4_dist_train_run_0002,,eval_8,53,,Win,27.0,20.0,True,pymarl/vdn_checkpoint_eval_20260531_sacred_1-12/vdn_MarineMicro_MvsM_4_dist_train_run_0002/evaluations/eval_8/bktree/node_log.txt,pymarl/vdn_checkpoint_eval_20260531_sacred_1-12/vdn_MarineMicro_MvsM_4_dist_train_run_0002/evaluations/eval_8/bktree,C:\Users\Binich\PycharmProjects\PredictionRTS\output\learner_results\all_data\fused_bktree_web_batch_20260612_153602_top100_anchor_no_replay\MarineMicro_MvsM_4_dist\bktree,17,17,0,0,0 1 1 112 23 141 221 79 142 142 102 149 149 150 150 150 71,0 33 33 449 409 464 499 54 38 38 201 469 469 47 47 47 32,source_bktree source_bktree source_bktree source_bktree source_bktree source_bktree source_bktree source_bktree source_bktree source_bktree source_bktree source_bktree source_bktree source_bktree source_bktree source_bktree source_bktree,0 1 1 112 23 141 221 79 142 142 102 149 149 150 150 150 71
465,MarineMicro_MvsM_4_dist,VDN,PyMARL,vdn_MarineMicro_MvsM_4_dist_train_run_0002,vdn_checkpoint_eval_20260531_sacred_1-12,vdn_MarineMicro_MvsM_4_dist_train_run_0002,,eval_8,55,,Win,27.0,20.0,True,pymarl/vdn_checkpoint_eval_20260531_sacred_1-12/vdn_MarineMicro_MvsM_4_dist_train_run_0002/evaluations/eval_8/bktree/node_log.txt,pymarl/vdn_checkpoint_eval_20260531_sacred_1-12/vdn_MarineMicro_MvsM_4_dist_train_run_0002/evaluations/eval_8/bktree,C:\Users\Binich\PycharmProjects\PredictionRTS\output\learner_results\all_data\fused_bktree_web_batch_20260612_153602_top100_anchor_no_replay\MarineMicro_MvsM_4_dist\bktree,17,17,0,0,0 11 11 12 46 13 40 79 206 16 106 189 213 94 9 88 10,0 323 323 402 417 403 416 54 28 406 444 483 495 31 9 10 93,source_bktree source_bktree source_bktree source_bktree source_bktree source_bktree source_bktree source_bktree source_bktree source_bktree source_bktree source_bktree source_bktree source_bktree source_bktree source_bktree source_bktree,0 11 11 12 46 13 40 79 206 16 106 189 213 94 9 88 10
466,MarineMicro_MvsM_4_dist,VDN,PyMARL,vdn_MarineMicro_MvsM_4_dist_train_run_0002,vdn_checkpoint_eval_20260531_sacred_1-12,vdn_MarineMicro_MvsM_4_dist_train_run_0002,,eval_8,63,,Win,27.0,20.0,True,pymarl/vdn_checkpoint_eval_20260531_sacred_1-12/vdn_MarineMicro_MvsM_4_dist_train_run_0002/evaluations/eval_8/bktree/node_log.txt,pymarl/vdn_checkpoint_eval_20260531_sacred_1-12/vdn_MarineMicro_MvsM_4_dist_train_run_0002/evaluations/eval_8/bktree,C:\Users\Binich\PycharmProjects\PredictionRTS\output\learner_results\all_data\fused_bktree_web_batch_20260612_153602_top100_anchor_no_replay\MarineMicro_MvsM_4_dist\bktree,17,17,0,0,0 11 12 163 46 13 40 79 16 16 48 239 239 240 9 21 10,0 323 402 104 417 403 416 54 406 406 295 507 507 508 9 9 93,source_bktree source_bktree source_bktree source_bktree source_bktree source_bktree source_bktree source_bktree source_bktree source_bktree source_bktree source_bktree source_bktree source_bktree source_bktree source_bktree source_bktree,0 11 12 163 46 13 40 79 16 16 48 239 239 240 9 21 10
467,MarineMicro_MvsM_4_dist,VDN,PyMARL,vdn_MarineMicro_MvsM_4_dist_train_run_0002,vdn_checkpoint_eval_20260531_sacred_1-12,vdn_MarineMicro_MvsM_4_dist_train_run_0002,,eval_8,70,,Win,27.0,20.0,True,pymarl/vdn_checkpoint_eval_20260531_sacred_1-12/vdn_MarineMicro_MvsM_4_dist_train_run_0002/evaluations/eval_8/bktree/node_log.txt,pymarl/vdn_checkpoint_eval_20260531_sacred_1-12/vdn_MarineMicro_MvsM_4_dist_train_run_0002/evaluations/eval_8/bktree,C:\Users\Binich\PycharmProjects\PredictionRTS\output\learner_results\all_data\fused_bktree_web_batch_20260612_153602_top100_anchor_no_replay\MarineMicro_MvsM_4_dist\bktree,17,17,0,0,0 1 237 117 100 250 152 152 193 41 161 251 144 94 21 38 10,0 33 94 242 442 128 129 129 486 5 121 513 67 31 9 47 93,source_bktree source_bktree source_bktree source_bktree source_bktree source_bktree source_bktree source_bktree source_bktree source_bktree source_bktree source_bktree source_bktree source_bktree source_bktree source_bktree source_bktree,0 1 237 117 100 250 152 152 193 41 161 251 144 94 21 38 10
468,MarineMicro_MvsM_4_dist,VDN,PyMARL,vdn_MarineMicro_MvsM_4_dist_train_run_0002,vdn_checkpoint_eval_20260531_sacred_1-12,vdn_MarineMicro_MvsM_4_dist_train_run_0002,,eval_8,89,,Win,27.0,20.0,True,pymarl/vdn_checkpoint_eval_20260531_sacred_1-12/vdn_MarineMicro_MvsM_4_dist_train_run_0002/evaluations/eval_8/bktree/node_log.txt,pymarl/vdn_checkpoint_eval_20260531_sacred_1-12/vdn_MarineMicro_MvsM_4_dist_train_run_0002/evaluations/eval_8/bktree,C:\Users\Binich\PycharmProjects\PredictionRTS\output\learner_results\all_data\fused_bktree_web_batch_20260612_153602_top100_anchor_no_replay\MarineMicro_MvsM_4_dist\bktree,17,17,0,0,0 29 29 31 181 250 288 288 289 262 36 290 223 21 21 38 39,0 22 22 84 481 128 531 531 532 110 6 78 112 9 9 47 32,source_bktree source_bktree source_bktree source_bktree source_bktree source_bktree source_bktree source_bktree source_bktree source_bktree source_bktree source_bktree source_bktree source_bktree source_bktree source_bktree source_bktree,0 29 29 31 181 250 288 288 289 262 36 290 223 21 21 38 39
469,MarineMicro_MvsM_4_dist,VDN,PyMARL,vdn_MarineMicro_MvsM_4_dist_train_run_0002,vdn_checkpoint_eval_20260531_sacred_1-12,vdn_MarineMicro_MvsM_4_dist_train_run_0002,,eval_8,91,,Win,27.0,20.0,True,pymarl/vdn_checkpoint_eval_20260531_sacred_1-12/vdn_MarineMicro_MvsM_4_dist_train_run_0002/evaluations/eval_8/bktree/node_log.txt,pymarl/vdn_checkpoint_eval_20260531_sacred_1-12/vdn_MarineMicro_MvsM_4_dist_train_run_0002/evaluations/eval_8/bktree,C:\Users\Binich\PycharmProjects\PredictionRTS\output\learner_results\all_data\fused_bktree_web_batch_20260612_153602_top100_anchor_no_replay\MarineMicro_MvsM_4_dist\bktree,17,17,0,0,0 29 29 31 181 250 288 288 289 262 291 291 144 21 21 38 39,0 22 22 84 481 128 531 531 532 110 533 533 67 9 9 47 32,source_bktree source_bktree source_bktree source_bktree source_bktree source_bktree source_bktree source_bktree source_bktree source_bktree source_bktree source_bktree source_bktree source_bktree source_bktree source_bktree source_bktree,0 29 29 31 181 250 288 288 289 262 291 291 144 21 21 38 39
470,MarineMicro_MvsM_4_dist,VDN,PyMARL,vdn_MarineMicro_MvsM_4_dist_train_run_0002,vdn_checkpoint_eval_20260531_sacred_1-12,vdn_MarineMicro_MvsM_4_dist_train_run_0002,,eval_8,21,,Win,24.0,20.0,True,pymarl/vdn_checkpoint_eval_20260531_sacred_1-12/vdn_MarineMicro_MvsM_4_dist_train_run_0002/evaluations/eval_8/bktree/node_log.txt,pymarl/vdn_checkpoint_eval_20260531_sacred_1-12/vdn_MarineMicro_MvsM_4_dist_train_run_0002/evaluations/eval_8/bktree,C:\Users\Binich\PycharmProjects\PredictionRTS\output\learner_results\all_data\fused_bktree_web_batch_20260612_153602_top100_anchor_no_replay\MarineMicro_MvsM_4_dist\bktree,16,16,0,0,0 1 1 112 113 113 114 114 115 116 42 87 76 77 56 28,0 33 33 449 243 243 450 450 451 88 99 435 431 51 20 21,source_bktree source_bktree source_bktree source_bktree source_bktree source_bktree source_bktree source_bktree source_bktree source_bktree source_bktree source_bktree source_bktree source_bktree source_bktree source_bktree,0 1 1 112 113 113 114 114 115 116 42 87 76 77 56 28
471,MarineMicro_MvsM_4_dist,VDN,PyMARL,vdn_MarineMicro_MvsM_4_dist_train_run_0002,vdn_checkpoint_eval_20260531_sacred_1-12,vdn_MarineMicro_MvsM_4_dist_train_run_0002,,eval_8,24,,Win,24.0,20.0,True,pymarl/vdn_checkpoint_eval_20260531_sacred_1-12/vdn_MarineMicro_MvsM_4_dist_train_run_0002/evaluations/eval_8/bktree/node_log.txt,pymarl/vdn_checkpoint_eval_20260531_sacred_1-12/vdn_MarineMicro_MvsM_4_dist_train_run_0002/evaluations/eval_8/bktree,C:\Users\Binich\PycharmProjects\PredictionRTS\output\learner_results\all_data\fused_bktree_web_batch_20260612_153602_top100_anchor_no_replay\MarineMicro_MvsM_4_dist\bktree,16,16,0,0,0 29 122 31 100 127 128 128 61 62 129 130 19 64 64 131,0 22 84 84 442 457 458 458 343 237 459 460 188 229 229 21,source_bktree source_bktree source_bktree source_bktree source_bktree source_bktree source_bktree source_bktree source_bktree source_bktree source_bktree source_bktree source_bktree source_bktree source_bktree source_bktree,0 29 122 31 100 127 128 128 61 62 129 130 19 64 64 131
472,MarineMicro_MvsM_4_dist,VDN,PyMARL,vdn_MarineMicro_MvsM_4_dist_train_run_0002,vdn_checkpoint_eval_20260531_sacred_1-12,vdn_MarineMicro_MvsM_4_dist_train_run_0002,,eval_8,35,,Win,24.0,20.0,True,pymarl/vdn_checkpoint_eval_20260531_sacred_1-12/vdn_MarineMicro_MvsM_4_dist_train_run_0002/evaluations/eval_8/bktree/node_log.txt,pymarl/vdn_checkpoint_eval_20260531_sacred_1-12/vdn_MarineMicro_MvsM_4_dist_train_run_0002/evaluations/eval_8/bktree,C:\Users\Binich\PycharmProjects\PredictionRTS\output\learner_results\all_data\fused_bktree_web_batch_20260612_153602_top100_anchor_no_replay\MarineMicro_MvsM_4_dist\bktree,16,16,0,0,0 11 157 12 13 158 159 159 160 160 161 161 70 55 162 28,0 323 257 402 403 472 473 473 130 130 121 121 427 19 10 21,source_bktree source_bktree source_bktree source_bktree source_bktree source_bktree source_bktree source_bktree source_bktree source_bktree source_bktree source_bktree source_bktree source_bktree source_bktree source_bktree,0 11 157 12 13 158 159 159 160 160 161 161 70 55 162 28
473,MarineMicro_MvsM_4_dist,VDN,PyMARL,vdn_MarineMicro_MvsM_4_dist_train_run_0002,vdn_checkpoint_eval_20260531_sacred_1-12,vdn_MarineMicro_MvsM_4_dist_train_run_0002,,eval_8,84,,Win,24.0,20.0,True,pymarl/vdn_checkpoint_eval_20260531_sacred_1-12/vdn_MarineMicro_MvsM_4_dist_train_run_0002/evaluations/eval_8/bktree/node_log.txt,pymarl/vdn_checkpoint_eval_20260531_sacred_1-12/vdn_MarineMicro_MvsM_4_dist_train_run_0002/evaluations/eval_8/bktree,C:\Users\Binich\PycharmProjects\PredictionRTS\output\learner_results\all_data\fused_bktree_web_batch_20260612_153602_top100_anchor_no_replay\MarineMicro_MvsM_4_dist\bktree,16,16,0,0,0 11 11 12 12 13 40 109 16 16 18 18 37 21 21 28,0 323 323 402 402 403 416 446 406 406 408 408 415 9 9 21,source_bktree source_bktree source_bktree source_bktree source_bktree source_bktree source_bktree source_bktree source_bktree source_bktree source_bktree source_bktree source_bktree source_bktree source_bktree source_bktree,0 11 11 12 12 13 40 109 16 16 18 18 37 21 21 28
474,MarineMicro_MvsM_4_dist,VDN,PyMARL,vdn_MarineMicro_MvsM_4_dist_train_run_0002,vdn_checkpoint_eval_20260531_sacred_1-12,vdn_MarineMicro_MvsM_4_dist_train_run_0002,,eval_8,8,,Win,24.0,20.0,True,pymarl/vdn_checkpoint_eval_20260531_sacred_1-12/vdn_MarineMicro_MvsM_4_dist_train_run_0002/evaluations/eval_8/bktree/node_log.txt,pymarl/vdn_checkpoint_eval_20260531_sacred_1-12/vdn_MarineMicro_MvsM_4_dist_train_run_0002/evaluations/eval_8/bktree,C:\Users\Binich\PycharmProjects\PredictionRTS\output\learner_results\all_data\fused_bktree_web_batch_20260612_153602_top100_anchor_no_replay\MarineMicro_MvsM_4_dist\bktree,17,17,0,0,0 29 29 57 58 58 59 60 61 61 62 63 63 64 56 56 28,0 22 22 2 420 420 421 96 343 343 237 238 238 229 20 20 21,source_bktree source_bktree source_bktree source_bktree source_bktree source_bktree source_bktree source_bktree source_bktree source_bktree source_bktree source_bktree source_bktree source_bktree source_bktree source_bktree source_bktree,0 29 29 57 58 58 59 60 61 61 62 63 63 64 56 56 28
475,MarineMicro_MvsM_4_dist,VDN,PyMARL,vdn_MarineMicro_MvsM_4_dist_train_run_0002,vdn_checkpoint_eval_20260531_sacred_1-12,vdn_MarineMicro_MvsM_4_dist_train_run_0002,,eval_8,26,,Win,24.0,20.0,True,pymarl/vdn_checkpoint_eval_20260531_sacred_1-12/vdn_MarineMicro_MvsM_4_dist_train_run_0002/evaluations/eval_8/bktree/node_log.txt,pymarl/vdn_checkpoint_eval_20260531_sacred_1-12/vdn_MarineMicro_MvsM_4_dist_train_run_0002/evaluations/eval_8/bktree,C:\Users\Binich\PycharmProjects\PredictionRTS\output\learner_results\all_data\fused_bktree_web_batch_20260612_153602_top100_anchor_no_replay\MarineMicro_MvsM_4_dist\bktree,17,17,0,0,0 1 2 112 23 23 96 96 134 134 81 135 82 45 45 56 28,0 33 397 449 409 409 440 440 131 131 108 296 432 10 10 20 21,source_bktree source_bktree source_bktree source_bktree source_bktree source_bktree source_bktree source_bktree source_bktree source_bktree source_bktree source_bktree source_bktree source_bktree source_bktree source_bktree source_bktree,0 1 2 112 23 23 96 96 134 134 81 135 82 45 45 56 28
476,MarineMicro_MvsM_4_dist,VDN,PyMARL,vdn_MarineMicro_MvsM_4_dist_train_run_0002,vdn_checkpoint_eval_20260531_sacred_1-12,vdn_MarineMicro_MvsM_4_dist_train_run_0002,,eval_8,30,,Win,24.0,20.0,True,pymarl/vdn_checkpoint_eval_20260531_sacred_1-12/vdn_MarineMicro_MvsM_4_dist_train_run_0002/evaluations/eval_8/bktree/node_log.txt,pymarl/vdn_checkpoint_eval_20260531_sacred_1-12/vdn_MarineMicro_MvsM_4_dist_train_run_0002/evaluations/eval_8/bktree,C:\Users\Binich\PycharmProjects\PredictionRTS\output\learner_results\all_data\fused_bktree_web_batch_20260612_153602_top100_anchor_no_replay\MarineMicro_MvsM_4_dist\bktree,17,17,0,0,0 29 72 145 32 32 33 33 146 146 18 63 147 77 77 56 28,0 22 428 465 412 412 413 413 466 466 408 238 467 51 51 20 21,source_bktree source_bktree source_bktree source_bktree source_bktree source_bktree source_bktree source_bktree source_bktree source_bktree source_bktree source_bktree source_bktree source_bktree source_bktree source_bktree source_bktree,0 29 72 145 32 32 33 33 146 146 18 63 147 77 77 56 28
477,MarineMicro_MvsM_4_dist,VDN,PyMARL,vdn_MarineMicro_MvsM_4_dist_train_run_0002,vdn_checkpoint_eval_20260531_sacred_1-12,vdn_MarineMicro_MvsM_4_dist_train_run_0002,,eval_8,47,,Win,24.0,20.0,True,pymarl/vdn_checkpoint_eval_20260531_sacred_1-12/vdn_MarineMicro_MvsM_4_dist_train_run_0002/evaluations/eval_8/bktree/node_log.txt,pymarl/vdn_checkpoint_eval_20260531_sacred_1-12/vdn_MarineMicro_MvsM_4_dist_train_run_0002/evaluations/eval_8/bktree,C:\Users\Binich\PycharmProjects\PredictionRTS\output\learner_results\all_data\fused_bktree_web_batch_20260612_153602_top100_anchor_no_replay\MarineMicro_MvsM_4_dist\bktree,17,17,0,0,0 1 1 22 23 23 24 24 203 204 204 76 156 205 56 56 131,0 33 33 155 409 409 410 410 97 490 490 431 228 256 20 20 21,source_bktree source_bktree source_bktree source_bktree source_bktree source_bktree source_bktree source_bktree source_bktree source_bktree source_bktree source_bktree source_bktree source_bktree source_bktree source_bktree source_bktree,0 1 1 22 23 23 24 24 203 204 204 76 156 205 56 56 131
478,MarineMicro_MvsM_4_dist,VDN,PyMARL,vdn_MarineMicro_MvsM_4_dist_train_run_0002,vdn_checkpoint_eval_20260531_sacred_1-12,vdn_MarineMicro_MvsM_4_dist_train_run_0002,,eval_8,58,,Win,24.0,20.0,True,pymarl/vdn_checkpoint_eval_20260531_sacred_1-12/vdn_MarineMicro_MvsM_4_dist_train_run_0002/evaluations/eval_8/bktree/node_log.txt,pymarl/vdn_checkpoint_eval_20260531_sacred_1-12/vdn_MarineMicro_MvsM_4_dist_train_run_0002/evaluations/eval_8/bktree,C:\Users\Binich\PycharmProjects\PredictionRTS\output\learner_results\all_data\fused_bktree_web_batch_20260612_153602_top100_anchor_no_replay\MarineMicro_MvsM_4_dist\bktree,17,17,0,0,0 11 84 12 164 209 25 25 231 231 219 190 168 232 77 56 170,0 323 257 402 95 492 96 96 340 340 49 484 325 503 51 20 276,source_bktree source_bktree source_bktree source_bktree source_bktree source_bktree source_bktree source_bktree source_bktree source_bktree source_bktree source_bktree source_bktree source_bktree source_bktree source_bktree source_bktree,0 11 84 12 164 209 25 25 231 231 219 190 168 232 77 56 170
479,MarineMicro_MvsM_4_dist,VDN,PyMARL,vdn_MarineMicro_MvsM_4_dist_train_run_0002,vdn_checkpoint_eval_20260531_sacred_1-12,vdn_MarineMicro_MvsM_4_dist_train_run_0002,,eval_8,62,,Win,24.0,20.0,True,pymarl/vdn_checkpoint_eval_20260531_sacred_1-12/vdn_MarineMicro_MvsM_4_dist_train_run_0002/evaluations/eval_8/bktree/node_log.txt,pymarl/vdn_checkpoint_eval_20260531_sacred_1-12/vdn_MarineMicro_MvsM_4_dist_train_run_0002/evaluations/eval_8/bktree,C:\Users\Binich\PycharmProjects\PredictionRTS\output\learner_results\all_data\fused_bktree_web_batch_20260612_153602_top100_anchor_no_replay\MarineMicro_MvsM_4_dist\bktree,17,17,0,0,0 1 237 112 23 23 24 24 16 26 27 42 168 238 56 169 131,0 33 94 449 409 409 410 410 406 282 309 99 325 102 20 150 21,source_bktree source_bktree source_bktree source_bktree source_bktree source_bktree source_bktree source_bktree source_bktree source_bktree source_bktree source_bktree source_bktree source_bktree source_bktree source_bktree source_bktree,0 1 237 112 23 23 24 24 16 26 27 42 168 238 56 169 131
480,MarineMicro_MvsM_4_dist,VDN,PyMARL,vdn_MarineMicro_MvsM_4_dist_train_run_0002,vdn_checkpoint_eval_20260531_sacred_1-12,vdn_MarineMicro_MvsM_4_dist_train_run_0002,,eval_8,78,,Win,24.0,20.0,True,pymarl/vdn_checkpoint_eval_20260531_sacred_1-12/vdn_MarineMicro_MvsM_4_dist_train_run_0002/evaluations/eval_8/bktree/node_log.txt,pymarl/vdn_checkpoint_eval_20260531_sacred_1-12/vdn_MarineMicro_MvsM_4_dist_train_run_0002/evaluations/eval_8/bktree,C:\Users\Binich\PycharmProjects\PredictionRTS\output\learner_results\all_data\fused_bktree_web_batch_20260612_153602_top100_anchor_no_replay\MarineMicro_MvsM_4_dist\bktree,17,17,0,0,0 29 72 122 123 73 59 25 125 61 126 229 229 271 56 56 131,0 22 428 84 454 429 421 96 308 343 456 247 247 101 20 20 21,source_bktree source_bktree source_bktree source_bktree source_bktree source_bktree source_bktree source_bktree source_bktree source_bktree source_bktree source_bktree source_bktree source_bktree source_bktree source_bktree source_bktree,0 29 72 122 123 73 59 25 125 61 126 229 229 271 56 56 131
481,MarineMicro_MvsM_4_dist,VDN,PyMARL,vdn_MarineMicro_MvsM_4_dist_train_run_0002,vdn_checkpoint_eval_20260531_sacred_1-12,vdn_MarineMicro_MvsM_4_dist_train_run_0002,,eval_8,52,,Win,24.0,20.0,True,pymarl/vdn_checkpoint_eval_20260531_sacred_1-12/vdn_MarineMicro_MvsM_4_dist_train_run_0002/evaluations/eval_8/bktree/node_log.txt,pymarl/vdn_checkpoint_eval_20260531_sacred_1-12/vdn_MarineMicro_MvsM_4_dist_train_run_0002/evaluations/eval_8/bktree,C:\Users\Binich\PycharmProjects\PredictionRTS\output\learner_results\all_data\fused_bktree_web_batch_20260612_153602_top100_anchor_no_replay\MarineMicro_MvsM_4_dist\bktree,18,18,0,0,0 179 179 217 151 218 25 25 25 41 219 220 220 98 56 56 56 28,0 1 1 242 470 497 96 96 96 5 49 498 498 148 20 20 20 21,source_bktree source_bktree source_bktree source_bktree source_bktree source_bktree source_bktree source_bktree source_bktree source_bktree source_bktree source_bktree source_bktree source_bktree source_bktree source_bktree source_bktree source_bktree,0 179 179 217 151 218 25 25 25 41 219 220 220 98 56 56 56 28
482,MarineMicro_MvsM_4_dist,VDN,PyMARL,vdn_MarineMicro_MvsM_4_dist_train_run_0002,vdn_checkpoint_eval_20260531_sacred_1-12,vdn_MarineMicro_MvsM_4_dist_train_run_0002,,eval_8,72,,Win,24.0,20.0,True,pymarl/vdn_checkpoint_eval_20260531_sacred_1-12/vdn_MarineMicro_MvsM_4_dist_train_run_0002/evaluations/eval_8/bktree/node_log.txt,pymarl/vdn_checkpoint_eval_20260531_sacred_1-12/vdn_MarineMicro_MvsM_4_dist_train_run_0002/evaluations/eval_8/bktree,C:\Users\Binich\PycharmProjects\PredictionRTS\output\learner_results\all_data\fused_bktree_web_batch_20260612_153602_top100_anchor_no_replay\MarineMicro_MvsM_4_dist\bktree,18,18,0,0,0 11 84 163 209 209 210 60 206 206 253 254 245 182 205 169 56 131,0 323 257 104 492 492 493 96 28 28 514 121 510 202 256 150 20 21,source_bktree source_bktree source_bktree source_bktree source_bktree source_bktree source_bktree source_bktree source_bktree source_bktree source_bktree source_bktree source_bktree source_bktree source_bktree source_bktree source_bktree source_bktree,0 11 84 163 209 209 210 60 206 206 253 254 245 182 205 169 56 131
483,MarineMicro_MvsM_4_dist,VDN,PyMARL,vdn_MarineMicro_MvsM_4_dist_train_run_0002,vdn_checkpoint_eval_20260531_sacred_1-12,vdn_MarineMicro_MvsM_4_dist_train_run_0002,,eval_8,74,,Win,24.0,20.0,True,pymarl/vdn_checkpoint_eval_20260531_sacred_1-12/vdn_MarineMicro_MvsM_4_dist_train_run_0002/evaluations/eval_8/bktree/node_log.txt,pymarl/vdn_checkpoint_eval_20260531_sacred_1-12/vdn_MarineMicro_MvsM_4_dist_train_run_0002/evaluations/eval_8/bktree,C:\Users\Binich\PycharmProjects\PredictionRTS\output\learner_results\all_data\fused_bktree_web_batch_20260612_153602_top100_anchor_no_replay\MarineMicro_MvsM_4_dist\bktree,18,18,0,0,0 29 237 217 100 250 91 60 203 203 257 191 258 259 169 169 56 131,0 22 94 242 442 128 27 96 97 97 516 485 188 58 150 150 20 21,source_bktree source_bktree source_bktree source_bktree source_bktree source_bktree source_bktree source_bktree source_bktree source_bktree source_bktree source_bktree source_bktree source_bktree source_bktree source_bktree source_bktree source_bktree,0 29 237 217 100 250 91 60 203 203 257 191 258 259 169 169 56 131
484,MarineMicro_MvsM_4_dist,VDN,PyMARL,vdn_MarineMicro_MvsM_4_dist_train_run_0002,vdn_checkpoint_eval_20260531_sacred_1-12,vdn_MarineMicro_MvsM_4_dist_train_run_0002,,eval_8,22,,Win,21.0,20.0,True,pymarl/vdn_checkpoint_eval_20260531_sacred_1-12/vdn_MarineMicro_MvsM_4_dist_train_run_0002/evaluations/eval_8/bktree/node_log.txt,pymarl/vdn_checkpoint_eval_20260531_sacred_1-12/vdn_MarineMicro_MvsM_4_dist_train_run_0002/evaluations/eval_8/bktree,C:\Users\Binich\PycharmProjects\PredictionRTS\output\learner_results\all_data\fused_bktree_web_batch_20260612_153602_top100_anchor_no_replay\MarineMicro_MvsM_4_dist\bktree,16,16,0,0,0 1 117 117 58 100 114 114 118 119 120 121 70 21 21 39,0 33 242 242 420 442 450 450 452 453 163 188 427 9 9 32,source_bktree source_bktree source_bktree source_bktree source_bktree source_bktree source_bktree source_bktree source_bktree source_bktree source_bktree source_bktree source_bktree source_bktree source_bktree source_bktree,0 1 117 117 58 100 114 114 118 119 120 121 70 21 21 39
485,MarineMicro_MvsM_4_dist,VDN,PyMARL,vdn_MarineMicro_MvsM_4_dist_train_run_0002,vdn_checkpoint_eval_20260531_sacred_1-12,vdn_MarineMicro_MvsM_4_dist_train_run_0002,,eval_8,61,,Win,21.0,20.0,True,pymarl/vdn_checkpoint_eval_20260531_sacred_1-12/vdn_MarineMicro_MvsM_4_dist_train_run_0002/evaluations/eval_8/bktree/node_log.txt,pymarl/vdn_checkpoint_eval_20260531_sacred_1-12/vdn_MarineMicro_MvsM_4_dist_train_run_0002/evaluations/eval_8/bktree,C:\Users\Binich\PycharmProjects\PredictionRTS\output\learner_results\all_data\fused_bktree_web_batch_20260612_153602_top100_anchor_no_replay\MarineMicro_MvsM_4_dist\bktree,16,16,0,0,0 29 234 145 123 123 235 235 116 116 236 81 8 21 45 71,0 22 23 465 454 454 505 505 88 88 506 108 401 9 10 32,source_bktree source_bktree source_bktree source_bktree source_bktree source_bktree source_bktree source_bktree source_bktree source_bktree source_bktree source_bktree source_bktree source_bktree source_bktree source_bktree,0 29 234 145 123 123 235 235 116 116 236 81 8 21 45 71
486,MarineMicro_MvsM_4_dist,VDN,PyMARL,vdn_MarineMicro_MvsM_4_dist_train_run_0002,vdn_checkpoint_eval_20260531_sacred_1-12,vdn_MarineMicro_MvsM_4_dist_train_run_0002,,eval_8,69,,Win,21.0,20.0,True,pymarl/vdn_checkpoint_eval_20260531_sacred_1-12/vdn_MarineMicro_MvsM_4_dist_train_run_0002/evaluations/eval_8/bktree/node_log.txt,pymarl/vdn_checkpoint_eval_20260531_sacred_1-12/vdn_MarineMicro_MvsM_4_dist_train_run_0002/evaluations/eval_8/bktree,C:\Users\Binich\PycharmProjects\PredictionRTS\output\learner_results\all_data\fused_bktree_web_batch_20260612_153602_top100_anchor_no_replay\MarineMicro_MvsM_4_dist\bktree,16,16,0,0,0 29 89 217 181 132 202 202 193 193 18 241 8 21 9 194,0 22 436 242 481 461 489 489 486 486 408 188 401 9 9 11,source_bktree source_bktree source_bktree source_bktree source_bktree source_bktree source_bktree source_bktree source_bktree source_bktree source_bktree source_bktree source_bktree source_bktree source_bktree source_bktree,0 29 89 217 181 132 202 202 193 193 18 241 8 21 9 194
487,MarineMicro_MvsM_4_dist,VDN,PyMARL,vdn_MarineMicro_MvsM_4_dist_train_run_0002,vdn_checkpoint_eval_20260531_sacred_1-12,vdn_MarineMicro_MvsM_4_dist_train_run_0002,,eval_8,41,,Win,21.0,20.0,True,pymarl/vdn_checkpoint_eval_20260531_sacred_1-12/vdn_MarineMicro_MvsM_4_dist_train_run_0002/evaluations/eval_8/bktree/node_log.txt,pymarl/vdn_checkpoint_eval_20260531_sacred_1-12/vdn_MarineMicro_MvsM_4_dist_train_run_0002/evaluations/eval_8/bktree,C:\Users\Binich\PycharmProjects\PredictionRTS\output\learner_results\all_data\fused_bktree_web_batch_20260612_153602_top100_anchor_no_replay\MarineMicro_MvsM_4_dist\bktree,17,17,0,0,0 179 179 180 181 181 114 114 177 177 155 155 103 182 56 183 184,0 1 1 480 481 481 450 450 97 97 471 471 188 202 20 60 61,source_bktree source_bktree source_bktree source_bktree source_bktree source_bktree source_bktree source_bktree source_bktree source_bktree source_bktree source_bktree source_bktree source_bktree source_bktree source_bktree source_bktree,0 179 179 180 181 181 114 114 177 177 155 155 103 182 56 183 184
488,MarineMicro_MvsM_4_dist,VDN,PyMARL,vdn_MarineMicro_MvsM_4_dist_train_run_0002,vdn_checkpoint_eval_20260531_sacred_1-12,vdn_MarineMicro_MvsM_4_dist_train_run_0002,,eval_8,44,,Win,21.0,20.0,True,pymarl/vdn_checkpoint_eval_20260531_sacred_1-12/vdn_MarineMicro_MvsM_4_dist_train_run_0002/evaluations/eval_8/bktree/node_log.txt,pymarl/vdn_checkpoint_eval_20260531_sacred_1-12/vdn_MarineMicro_MvsM_4_dist_train_run_0002/evaluations/eval_8/bktree,C:\Users\Binich\PycharmProjects\PredictionRTS\output\learner_results\all_data\fused_bktree_web_batch_20260612_153602_top100_anchor_no_replay\MarineMicro_MvsM_4_dist\bktree,17,17,0,0,0 1 1 112 23 23 195 195 134 66 196 175 20 21 197 88 194,0 33 33 449 409 409 254 254 131 423 487 478 267 9 10 10 11,source_bktree source_bktree source_bktree source_bktree source_bktree source_bktree source_bktree source_bktree source_bktree source_bktree source_bktree source_bktree source_bktree source_bktree source_bktree source_bktree source_bktree,0 1 1 112 23 23 195 195 134 66 196 175 20 21 197 88 194
489,MarineMicro_MvsM_4_dist,VDN,PyMARL,vdn_MarineMicro_MvsM_4_dist_train_run_0002,vdn_checkpoint_eval_20260531_sacred_1-12,vdn_MarineMicro_MvsM_4_dist_train_run_0002,,eval_8,59,,Win,21.0,20.0,True,pymarl/vdn_checkpoint_eval_20260531_sacred_1-12/vdn_MarineMicro_MvsM_4_dist_train_run_0002/evaluations/eval_8/bktree/node_log.txt,pymarl/vdn_checkpoint_eval_20260531_sacred_1-12/vdn_MarineMicro_MvsM_4_dist_train_run_0002/evaluations/eval_8/bktree,C:\Users\Binich\PycharmProjects\PredictionRTS\output\learner_results\all_data\fused_bktree_web_batch_20260612_153602_top100_anchor_no_replay\MarineMicro_MvsM_4_dist\bktree,17,17,0,0,0 11 11 12 23 86 65 4 222 222 135 200 8 68 9 21 39,0 323 323 402 409 434 422 399 500 500 296 488 401 425 9 9 32,source_bktree source_bktree source_bktree source_bktree source_bktree source_bktree source_bktree source_bktree source_bktree source_bktree source_bktree source_bktree source_bktree source_bktree source_bktree source_bktree source_bktree,0 11 11 12 23 86 65 4 222 222 135 200 8 68 9 21 39
490,MarineMicro_MvsM_4_dist,VDN,PyMARL,vdn_MarineMicro_MvsM_4_dist_train_run_0002,vdn_checkpoint_eval_20260531_sacred_1-12,vdn_MarineMicro_MvsM_4_dist_train_run_0002,,eval_8,66,,Win,21.0,20.0,True,pymarl/vdn_checkpoint_eval_20260531_sacred_1-12/vdn_MarineMicro_MvsM_4_dist_train_run_0002/evaluations/eval_8/bktree/node_log.txt,pymarl/vdn_checkpoint_eval_20260531_sacred_1-12/vdn_MarineMicro_MvsM_4_dist_train_run_0002/evaluations/eval_8/bktree,C:\Users\Binich\PycharmProjects\PredictionRTS\output\learner_results\all_data\fused_bktree_web_batch_20260612_153602_top100_anchor_no_replay\MarineMicro_MvsM_4_dist\bktree,17,17,0,0,0 1 1 22 23 100 24 79 193 246 247 247 70 94 45 88 194,0 33 33 155 409 442 410 54 486 71 511 511 427 31 10 10 11,source_bktree source_bktree source_bktree source_bktree source_bktree source_bktree source_bktree source_bktree source_bktree source_bktree source_bktree source_bktree source_bktree source_bktree source_bktree source_bktree source_bktree,0 1 1 22 23 100 24 79 193 246 247 247 70 94 45 88 194
491,MarineMicro_MvsM_4_dist,VDN,PyMARL,vdn_MarineMicro_MvsM_4_dist_train_run_0002,vdn_checkpoint_eval_20260531_sacred_1-12,vdn_MarineMicro_MvsM_4_dist_train_run_0002,,eval_8,67,,Win,18.0,20.0,True,pymarl/vdn_checkpoint_eval_20260531_sacred_1-12/vdn_MarineMicro_MvsM_4_dist_train_run_0002/evaluations/eval_8/bktree/node_log.txt,pymarl/vdn_checkpoint_eval_20260531_sacred_1-12/vdn_MarineMicro_MvsM_4_dist_train_run_0002/evaluations/eval_8/bktree,C:\Users\Binich\PycharmProjects\PredictionRTS\output\learner_results\all_data\fused_bktree_web_batch_20260612_153602_top100_anchor_no_replay\MarineMicro_MvsM_4_dist\bktree,16,16,0,0,0 1 2 112 85 86 173 173 15 16 17 248 241 20 21 28,0 33 397 449 433 434 476 476 405 406 407 512 188 267 9 21,source_bktree source_bktree source_bktree source_bktree source_bktree source_bktree source_bktree source_bktree source_bktree source_bktree source_bktree source_bktree source_bktree source_bktree source_bktree source_bktree,0 1 2 112 85 86 173 173 15 16 17 248 241 20 21 28
492,MarineMicro_MvsM_4_dist,VDN,PyMARL,vdn_MarineMicro_MvsM_4_dist_train_run_0002,vdn_checkpoint_eval_20260531_sacred_1-12,vdn_MarineMicro_MvsM_4_dist_train_run_0002,,eval_8,17,,Win,18.0,20.0,True,pymarl/vdn_checkpoint_eval_20260531_sacred_1-12/vdn_MarineMicro_MvsM_4_dist_train_run_0002/evaluations/eval_8/bktree/node_log.txt,pymarl/vdn_checkpoint_eval_20260531_sacred_1-12/vdn_MarineMicro_MvsM_4_dist_train_run_0002/evaluations/eval_8/bktree,C:\Users\Binich\PycharmProjects\PredictionRTS\output\learner_results\all_data\fused_bktree_web_batch_20260612_153602_top100_anchor_no_replay\MarineMicro_MvsM_4_dist\bktree,17,17,0,0,0 1 95 22 23 23 96 96 16 16 42 97 97 98 78 99 28,0 33 439 155 409 409 440 440 406 406 99 441 441 148 256 150 21,source_bktree source_bktree source_bktree source_bktree source_bktree source_bktree source_bktree source_bktree source_bktree source_bktree source_bktree source_bktree source_bktree source_bktree source_bktree source_bktree source_bktree,0 1 95 22 23 23 96 96 16 16 42 97 97 98 78 99 28
493,MarineMicro_MvsM_4_dist,VDN,PyMARL,vdn_MarineMicro_MvsM_4_dist_train_run_0002,vdn_checkpoint_eval_20260531_sacred_1-12,vdn_MarineMicro_MvsM_4_dist_train_run_0002,,eval_8,18,,Win,18.0,20.0,True,pymarl/vdn_checkpoint_eval_20260531_sacred_1-12/vdn_MarineMicro_MvsM_4_dist_train_run_0002/evaluations/eval_8/bktree/node_log.txt,pymarl/vdn_checkpoint_eval_20260531_sacred_1-12/vdn_MarineMicro_MvsM_4_dist_train_run_0002/evaluations/eval_8/bktree,C:\Users\Binich\PycharmProjects\PredictionRTS\output\learner_results\all_data\fused_bktree_web_batch_20260612_153602_top100_anchor_no_replay\MarineMicro_MvsM_4_dist\bktree,17,17,0,0,0 29 29 12 100 100 79 79 61 101 102 102 103 77 78 78 28,0 22 22 402 442 442 54 54 343 200 201 201 188 51 256 256 21,source_bktree source_bktree source_bktree source_bktree source_bktree source_bktree source_bktree source_bktree source_bktree source_bktree source_bktree source_bktree source_bktree source_bktree source_bktree source_bktree source_bktree,0 29 29 12 100 100 79 79 61 101 102 102 103 77 78 78 28
494,MarineMicro_MvsM_4_dist,VDN,PyMARL,vdn_MarineMicro_MvsM_4_dist_train_run_0002,vdn_checkpoint_eval_20260531_sacred_1-12,vdn_MarineMicro_MvsM_4_dist_train_run_0002,,eval_8,83,,Win,18.0,20.0,True,pymarl/vdn_checkpoint_eval_20260531_sacred_1-12/vdn_MarineMicro_MvsM_4_dist_train_run_0002/evaluations/eval_8/bktree/node_log.txt,pymarl/vdn_checkpoint_eval_20260531_sacred_1-12/vdn_MarineMicro_MvsM_4_dist_train_run_0002/evaluations/eval_8/bktree,C:\Users\Binich\PycharmProjects\PredictionRTS\output\learner_results\all_data\fused_bktree_web_batch_20260612_153602_top100_anchor_no_replay\MarineMicro_MvsM_4_dist\bktree,17,17,0,0,0 29 72 145 123 58 124 282 16 283 161 241 43 78 78 99 28,0 22 428 465 454 420 455 526 406 527 121 188 255 256 256 150 21,source_bktree source_bktree source_bktree source_bktree source_bktree source_bktree source_bktree source_bktree source_bktree source_bktree source_bktree source_bktree source_bktree source_bktree source_bktree source_bktree source_bktree,0 29 72 145 123 58 124 282 16 283 161 241 43 78 78 99 28
495,MarineMicro_MvsM_4_dist,VDN,PyMARL,vdn_MarineMicro_MvsM_4_dist_train_run_0002,vdn_checkpoint_eval_20260531_sacred_1-12,vdn_MarineMicro_MvsM_4_dist_train_run_0002,,eval_8,96,,Win,18.0,20.0,True,pymarl/vdn_checkpoint_eval_20260531_sacred_1-12/vdn_MarineMicro_MvsM_4_dist_train_run_0002/evaluations/eval_8/bktree/node_log.txt,pymarl/vdn_checkpoint_eval_20260531_sacred_1-12/vdn_MarineMicro_MvsM_4_dist_train_run_0002/evaluations/eval_8/bktree,C:\Users\Binich\PycharmProjects\PredictionRTS\output\learner_results\all_data\fused_bktree_web_batch_20260612_153602_top100_anchor_no_replay\MarineMicro_MvsM_4_dist\bktree,17,17,0,0,0 11 11 12 13 13 14 14 16 16 17 87 248 98 98 99 28,0 323 323 402 403 403 404 404 406 406 407 435 512 148 148 150 21,source_bktree source_bktree source_bktree source_bktree source_bktree source_bktree source_bktree source_bktree source_bktree source_bktree source_bktree source_bktree source_bktree source_bktree source_bktree source_bktree source_bktree,0 11 11 12 13 13 14 14 16 16 17 87 248 98 98 99 28
496,MarineMicro_MvsM_4_dist,VDN,PyMARL,vdn_MarineMicro_MvsM_4_dist_train_run_0002,vdn_checkpoint_eval_20260531_sacred_1-12,vdn_MarineMicro_MvsM_4_dist_train_run_0002,,eval_8,11,,Win,18.0,20.0,True,pymarl/vdn_checkpoint_eval_20260531_sacred_1-12/vdn_MarineMicro_MvsM_4_dist_train_run_0002/evaluations/eval_8/bktree/node_log.txt,pymarl/vdn_checkpoint_eval_20260531_sacred_1-12/vdn_MarineMicro_MvsM_4_dist_train_run_0002/evaluations/eval_8/bktree,C:\Users\Binich\PycharmProjects\PredictionRTS\output\learner_results\all_data\fused_bktree_web_batch_20260612_153602_top100_anchor_no_replay\MarineMicro_MvsM_4_dist\bktree,18,18,0,0,0 29 72 57 58 73 59 60 74 74 75 75 76 77 78 78 56 28,0 22 428 2 420 429 421 96 176 176 430 430 431 51 256 256 20 21,source_bktree source_bktree source_bktree source_bktree source_bktree source_bktree source_bktree source_bktree source_bktree source_bktree source_bktree source_bktree source_bktree source_bktree source_bktree source_bktree source_bktree source_bktree,0 29 72 57 58 73 59 60 74 74 75 75 76 77 78 78 56 28
497,MarineMicro_MvsM_4_dist,VDN,PyMARL,vdn_MarineMicro_MvsM_4_dist_train_run_0002,vdn_checkpoint_eval_20260531_sacred_1-12,vdn_MarineMicro_MvsM_4_dist_train_run_0002,,eval_8,38,,Win,15.0,20.0,True,pymarl/vdn_checkpoint_eval_20260531_sacred_1-12/vdn_MarineMicro_MvsM_4_dist_train_run_0002/evaluations/eval_8/bktree/node_log.txt,pymarl/vdn_checkpoint_eval_20260531_sacred_1-12/vdn_MarineMicro_MvsM_4_dist_train_run_0002/evaluations/eval_8/bktree,C:\Users\Binich\PycharmProjects\PredictionRTS\output\learner_results\all_data\fused_bktree_web_batch_20260612_153602_top100_anchor_no_replay\MarineMicro_MvsM_4_dist\bktree,17,17,0,0,0 11 84 172 13 86 173 4 174 174 67 175 20 21 21 45 71,0 323 257 475 403 434 476 399 477 477 424 478 267 9 9 10 32,source_bktree source_bktree source_bktree source_bktree source_bktree source_bktree source_bktree source_bktree source_bktree source_bktree source_bktree source_bktree source_bktree source_bktree source_bktree source_bktree source_bktree,0 11 84 172 13 86 173 4 174 174 67 175 20 21 21 45 71
498,MarineMicro_MvsM_4_dist,VDN,PyMARL,vdn_MarineMicro_MvsM_4_dist_train_run_0002,vdn_checkpoint_eval_20260531_sacred_1-12,vdn_MarineMicro_MvsM_4_dist_train_run_0002,,eval_8,64,,Win,15.0,20.0,True,pymarl/vdn_checkpoint_eval_20260531_sacred_1-12/vdn_MarineMicro_MvsM_4_dist_train_run_0002/evaluations/eval_8/bktree/node_log.txt,pymarl/vdn_checkpoint_eval_20260531_sacred_1-12/vdn_MarineMicro_MvsM_4_dist_train_run_0002/evaluations/eval_8/bktree,C:\Users\Binich\PycharmProjects\PredictionRTS\output\learner_results\all_data\fused_bktree_web_batch_20260612_153602_top100_anchor_no_replay\MarineMicro_MvsM_4_dist\bktree,19,19,0,0,0 29 29 12 100 100 114 114 203 146 161 18 241 242 243 243 99 183 184,0 22 22 402 442 442 450 450 97 466 121 408 188 189 256 256 150 60 61,source_bktree source_bktree source_bktree source_bktree source_bktree source_bktree source_bktree source_bktree source_bktree source_bktree source_bktree source_bktree source_bktree source_bktree source_bktree source_bktree source_bktree source_bktree source_bktree,0 29 29 12 100 100 114 114 203 146 161 18 241 242 243 243 99 183 184
499,MarineMicro_MvsM_4_dist,VDN,PyMARL,vdn_MarineMicro_MvsM_4_dist_train_run_0002,vdn_checkpoint_eval_20260531_sacred_1-12,vdn_MarineMicro_MvsM_4_dist_train_run_0002,,eval_8,57,,Win,12.0,20.0,True,pymarl/vdn_checkpoint_eval_20260531_sacred_1-12/vdn_MarineMicro_MvsM_4_dist_train_run_0002/evaluations/eval_8/bktree/node_log.txt,pymarl/vdn_checkpoint_eval_20260531_sacred_1-12/vdn_MarineMicro_MvsM_4_dist_train_run_0002/evaluations/eval_8/bktree,C:\Users\Binich\PycharmProjects\PredictionRTS\output\learner_results\all_data\fused_bktree_web_batch_20260612_153602_top100_anchor_no_replay\MarineMicro_MvsM_4_dist\bktree,18,18,0,0,0 11 84 172 13 226 109 79 227 227 18 228 229 77 77 230 99 28,0 323 257 475 403 502 446 54 176 176 408 322 247 51 51 102 150 21,source_bktree source_bktree source_bktree source_bktree source_bktree source_bktree source_bktree source_bktree source_bktree source_bktree source_bktree source_bktree source_bktree source_bktree source_bktree source_bktree source_bktree source_bktree,0 11 84 172 13 226 109 79 227 227 18 228 229 77 77 230 99 28
500,MarineMicro_MvsM_4_dist,MAPPO,OnPolicy,MarineMicro_MvsM_4_dist/mappo/check/paper_train_v1/seed_1/evaluations,onpolicy,MarineMicro_MvsM_4_dist/mappo/check/paper_train_v1/seed_1/evaluations,,eval_mappo_MarineMicro_MvsM_4_dist_paper100,10,,Win,78.0,20.0,True,onpolicy/MarineMicro_MvsM_4_dist/mappo/check/paper_train_v1/seed_1/evaluations/eval_mappo_MarineMicro_MvsM_4_dist_paper100/bktree/node_log.txt,onpolicy/MarineMicro_MvsM_4_dist/mappo/check/paper_train_v1/seed_1/evaluations/eval_mappo_MarineMicro_MvsM_4_dist_paper100/bktree,C:\Users\Binich\PycharmProjects\PredictionRTS\output\learner_results\all_data\fused_bktree_web_batch_20260612_153602_top100_anchor_no_replay\MarineMicro_MvsM_4_dist\bktree,14,14,0,0,0 1 2 2 35 35 4 4 5 36 6 37 7 38,0 33 249 249 42 42 15 15 538 555 539 556 540 557,source_bktree source_bktree source_bktree source_bktree source_bktree source_bktree source_bktree source_bktree source_bktree source_bktree source_bktree source_bktree source_bktree source_bktree,0 1 2 2 35 35 4 4 5 36 6 37 7 38
501,MarineMicro_MvsM_4_dist,MAPPO,OnPolicy,MarineMicro_MvsM_4_dist/mappo/check/paper_train_v1/seed_1/evaluations,onpolicy,MarineMicro_MvsM_4_dist/mappo/check/paper_train_v1/seed_1/evaluations,,eval_mappo_MarineMicro_MvsM_4_dist_paper100,55,,Win,78.0,20.0,True,onpolicy/MarineMicro_MvsM_4_dist/mappo/check/paper_train_v1/seed_1/evaluations/eval_mappo_MarineMicro_MvsM_4_dist_paper100/bktree/node_log.txt,onpolicy/MarineMicro_MvsM_4_dist/mappo/check/paper_train_v1/seed_1/evaluations/eval_mappo_MarineMicro_MvsM_4_dist_paper100/bktree,C:\Users\Binich\PycharmProjects\PredictionRTS\output\learner_results\all_data\fused_bktree_web_batch_20260612_153602_top100_anchor_no_replay\MarineMicro_MvsM_4_dist\bktree,14,14,0,0,0 10 10 2 30 30 13 13 47 47 32 67 67 53,0 312 312 249 26 26 15 15 333 333 552 567 567 346,source_bktree source_bktree source_bktree source_bktree source_bktree source_bktree source_bktree source_bktree source_bktree source_bktree source_bktree source_bktree source_bktree source_bktree,0 10 10 2 30 30 13 13 47 47 32 67 67 53
502,MarineMicro_MvsM_4_dist,MAPPO,OnPolicy,MarineMicro_MvsM_4_dist/mappo/check/paper_train_v1/seed_1/evaluations,onpolicy,MarineMicro_MvsM_4_dist/mappo/check/paper_train_v1/seed_1/evaluations,,eval_mappo_MarineMicro_MvsM_4_dist_paper100,88,,Win,75.0,20.0,True,onpolicy/MarineMicro_MvsM_4_dist/mappo/check/paper_train_v1/seed_1/evaluations/eval_mappo_MarineMicro_MvsM_4_dist_paper100/bktree/node_log.txt,onpolicy/MarineMicro_MvsM_4_dist/mappo/check/paper_train_v1/seed_1/evaluations/eval_mappo_MarineMicro_MvsM_4_dist_paper100/bktree,C:\Users\Binich\PycharmProjects\PredictionRTS\output\learner_results\all_data\fused_bktree_web_batch_20260612_153602_top100_anchor_no_replay\MarineMicro_MvsM_4_dist\bktree,15,15,0,0,0 1 1 2 35 35 4 4 5 5 6 61 7 8 9,0 33 33 249 42 42 15 15 538 538 539 142 540 541 542,source_bktree source_bktree source_bktree source_bktree source_bktree source_bktree source_bktree source_bktree source_bktree source_bktree source_bktree source_bktree source_bktree source_bktree source_bktree,0 1 1 2 35 35 4 4 5 5 6 61 7 8 9
503,MarineMicro_MvsM_4_dist,MAPPO,OnPolicy,MarineMicro_MvsM_4_dist/mappo/check/paper_train_v1/seed_1/evaluations,onpolicy,MarineMicro_MvsM_4_dist/mappo/check/paper_train_v1/seed_1/evaluations,,eval_mappo_MarineMicro_MvsM_4_dist_paper100,1,,Win,75.0,20.0,True,onpolicy/MarineMicro_MvsM_4_dist/mappo/check/paper_train_v1/seed_1/evaluations/eval_mappo_MarineMicro_MvsM_4_dist_paper100/bktree/node_log.txt,onpolicy/MarineMicro_MvsM_4_dist/mappo/check/paper_train_v1/seed_1/evaluations/eval_mappo_MarineMicro_MvsM_4_dist_paper100/bktree,C:\Users\Binich\PycharmProjects\PredictionRTS\output\learner_results\all_data\fused_bktree_web_batch_20260612_153602_top100_anchor_no_replay\MarineMicro_MvsM_4_dist\bktree,16,16,0,0,0 1 1 2 3 3 4 4 5 5 6 6 7 8 8 9,0 33 33 249 42 42 15 15 538 538 539 539 540 541 541 542,source_bktree_start_anchor source_bktree source_bktree source_bktree source_bktree source_bktree source_bktree source_bktree source_bktree source_bktree source_bktree source_bktree source_bktree source_bktree source_bktree source_bktree,0 1 1 2 3 3 4 4 5 5 6 6 7 8 8 9
504,MarineMicro_MvsM_4_dist,MAPPO,OnPolicy,MarineMicro_MvsM_4_dist/mappo/check/paper_train_v1/seed_1/evaluations,onpolicy,MarineMicro_MvsM_4_dist/mappo/check/paper_train_v1/seed_1/evaluations,,eval_mappo_MarineMicro_MvsM_4_dist_paper100,20,,Win,75.0,20.0,True,onpolicy/MarineMicro_MvsM_4_dist/mappo/check/paper_train_v1/seed_1/evaluations/eval_mappo_MarineMicro_MvsM_4_dist_paper100/bktree/node_log.txt,onpolicy/MarineMicro_MvsM_4_dist/mappo/check/paper_train_v1/seed_1/evaluations/eval_mappo_MarineMicro_MvsM_4_dist_paper100/bktree,C:\Users\Binich\PycharmProjects\PredictionRTS\output\learner_results\all_data\fused_bktree_web_batch_20260612_153602_top100_anchor_no_replay\MarineMicro_MvsM_4_dist\bktree,16,16,0,0,0 1 1 2 35 35 4 4 5 5 6 7 7 8 8 9,0 33 33 249 42 42 15 15 538 538 539 540 540 541 541 542,source_bktree source_bktree source_bktree source_bktree source_bktree source_bktree source_bktree source_bktree source_bktree source_bktree source_bktree source_bktree source_bktree source_bktree source_bktree source_bktree,0 1 1 2 35 35 4 4 5 5 6 7 7 8 8 9
505,MarineMicro_MvsM_4_dist,MAPPO,OnPolicy,MarineMicro_MvsM_4_dist/mappo/check/paper_train_v1/seed_1/evaluations,onpolicy,MarineMicro_MvsM_4_dist/mappo/check/paper_train_v1/seed_1/evaluations,,eval_mappo_MarineMicro_MvsM_4_dist_paper100,39,,Win,75.0,20.0,True,onpolicy/MarineMicro_MvsM_4_dist/mappo/check/paper_train_v1/seed_1/evaluations/eval_mappo_MarineMicro_MvsM_4_dist_paper100/bktree/node_log.txt,onpolicy/MarineMicro_MvsM_4_dist/mappo/check/paper_train_v1/seed_1/evaluations/eval_mappo_MarineMicro_MvsM_4_dist_paper100/bktree,C:\Users\Binich\PycharmProjects\PredictionRTS\output\learner_results\all_data\fused_bktree_web_batch_20260612_153602_top100_anchor_no_replay\MarineMicro_MvsM_4_dist\bktree,16,16,0,0,0 39 39 2 3 40 54 41 42 42 43 43 44 45 45 46,0 22 22 249 42 42 139 81 558 558 559 559 142 47 47 560,source_bktree source_bktree source_bktree source_bktree source_bktree source_bktree source_bktree source_bktree source_bktree source_bktree source_bktree source_bktree source_bktree source_bktree source_bktree source_bktree,0 39 39 2 3 40 54 41 42 42 43 43 44 45 45 46
506,MarineMicro_MvsM_4_dist,MAPPO,OnPolicy,MarineMicro_MvsM_4_dist/mappo/check/paper_train_v1/seed_1/evaluations,onpolicy,MarineMicro_MvsM_4_dist/mappo/check/paper_train_v1/seed_1/evaluations,,eval_mappo_MarineMicro_MvsM_4_dist_paper100,98,,Win,75.0,20.0,True,onpolicy/MarineMicro_MvsM_4_dist/mappo/check/paper_train_v1/seed_1/evaluations/eval_mappo_MarineMicro_MvsM_4_dist_paper100/bktree/node_log.txt,onpolicy/MarineMicro_MvsM_4_dist/mappo/check/paper_train_v1/seed_1/evaluations/eval_mappo_MarineMicro_MvsM_4_dist_paper100/bktree,C:\Users\Binich\PycharmProjects\PredictionRTS\output\learner_results\all_data\fused_bktree_web_batch_20260612_153602_top100_anchor_no_replay\MarineMicro_MvsM_4_dist\bktree,16,16,0,0,0 1 1 2 3 35 4 4 5 5 6 7 7 8 8 9,0 33 33 249 42 42 15 15 538 538 539 540 540 541 541 542,source_bktree source_bktree source_bktree source_bktree source_bktree source_bktree source_bktree source_bktree source_bktree source_bktree source_bktree source_bktree source_bktree source_bktree source_bktree source_bktree,0 1 1 2 3 35 4 4 5 5 6 7 7 8 8 9
507,MarineMicro_MvsM_4_dist,MAPPO,OnPolicy,MarineMicro_MvsM_4_dist/mappo/check/paper_train_v1/seed_1/evaluations,onpolicy,MarineMicro_MvsM_4_dist/mappo/check/paper_train_v1/seed_1/evaluations,,eval_mappo_MarineMicro_MvsM_4_dist_paper100,62,,Win,72.0,20.0,True,onpolicy/MarineMicro_MvsM_4_dist/mappo/check/paper_train_v1/seed_1/evaluations/eval_mappo_MarineMicro_MvsM_4_dist_paper100/bktree/node_log.txt,onpolicy/MarineMicro_MvsM_4_dist/mappo/check/paper_train_v1/seed_1/evaluations/eval_mappo_MarineMicro_MvsM_4_dist_paper100/bktree,C:\Users\Binich\PycharmProjects\PredictionRTS\output\learner_results\all_data\fused_bktree_web_batch_20260612_153602_top100_anchor_no_replay\MarineMicro_MvsM_4_dist\bktree,14,14,0,0,0 10 10 2 30 30 13 13 47 47 32 67 67 53,0 312 312 249 26 26 15 15 333 333 552 567 567 346,source_bktree source_bktree source_bktree source_bktree source_bktree source_bktree source_bktree source_bktree source_bktree source_bktree source_bktree source_bktree source_bktree source_bktree,0 10 10 2 30 30 13 13 47 47 32 67 67 53
508,MarineMicro_MvsM_4_dist,MAPPO,OnPolicy,MarineMicro_MvsM_4_dist/mappo/check/paper_train_v1/seed_1/evaluations,onpolicy,MarineMicro_MvsM_4_dist/mappo/check/paper_train_v1/seed_1/evaluations,,eval_mappo_MarineMicro_MvsM_4_dist_paper100,81,,Win,72.0,20.0,True,onpolicy/MarineMicro_MvsM_4_dist/mappo/check/paper_train_v1/seed_1/evaluations/eval_mappo_MarineMicro_MvsM_4_dist_paper100/bktree/node_log.txt,onpolicy/MarineMicro_MvsM_4_dist/mappo/check/paper_train_v1/seed_1/evaluations/eval_mappo_MarineMicro_MvsM_4_dist_paper100/bktree,C:\Users\Binich\PycharmProjects\PredictionRTS\output\learner_results\all_data\fused_bktree_web_batch_20260612_153602_top100_anchor_no_replay\MarineMicro_MvsM_4_dist\bktree,14,14,0,0,0 10 10 2 2 30 13 13 14 57 32 67 67 53,0 312 312 249 249 26 15 15 328 362 552 567 567 346,source_bktree source_bktree source_bktree source_bktree source_bktree source_bktree source_bktree source_bktree source_bktree source_bktree source_bktree source_bktree source_bktree source_bktree,0 10 10 2 2 30 13 13 14 57 32 67 67 53
509,MarineMicro_MvsM_4_dist,MAPPO,OnPolicy,MarineMicro_MvsM_4_dist/mappo/check/paper_train_v1/seed_1/evaluations,onpolicy,MarineMicro_MvsM_4_dist/mappo/check/paper_train_v1/seed_1/evaluations,,eval_mappo_MarineMicro_MvsM_4_dist_paper100,41,,Win,69.0,20.0,True,onpolicy/MarineMicro_MvsM_4_dist/mappo/check/paper_train_v1/seed_1/evaluations/eval_mappo_MarineMicro_MvsM_4_dist_paper100/bktree/node_log.txt,onpolicy/MarineMicro_MvsM_4_dist/mappo/check/paper_train_v1/seed_1/evaluations/eval_mappo_MarineMicro_MvsM_4_dist_paper100/bktree,C:\Users\Binich\PycharmProjects\PredictionRTS\output\learner_results\all_data\fused_bktree_web_batch_20260612_153602_top100_anchor_no_replay\MarineMicro_MvsM_4_dist\bktree,14,14,0,0,0 1 29 2 3 3 4 4 5 5 6 6 7 9,0 33 138 249 42 42 15 15 538 538 539 539 540 542,source_bktree source_bktree source_bktree source_bktree source_bktree source_bktree source_bktree source_bktree source_bktree source_bktree source_bktree source_bktree source_bktree source_bktree,0 1 29 2 3 3 4 4 5 5 6 6 7 9
510,MarineMicro_MvsM_4_dist,MAPPO,OnPolicy,MarineMicro_MvsM_4_dist/mappo/check/paper_train_v1/seed_1/evaluations,onpolicy,MarineMicro_MvsM_4_dist/mappo/check/paper_train_v1/seed_1/evaluations,,eval_mappo_MarineMicro_MvsM_4_dist_paper100,12,,Win,69.0,20.0,True,onpolicy/MarineMicro_MvsM_4_dist/mappo/check/paper_train_v1/seed_1/evaluations/eval_mappo_MarineMicro_MvsM_4_dist_paper100/bktree/node_log.txt,onpolicy/MarineMicro_MvsM_4_dist/mappo/check/paper_train_v1/seed_1/evaluations/eval_mappo_MarineMicro_MvsM_4_dist_paper100/bktree,C:\Users\Binich\PycharmProjects\PredictionRTS\output\learner_results\all_data\fused_bktree_web_batch_20260612_153602_top100_anchor_no_replay\MarineMicro_MvsM_4_dist\bktree,15,15,0,0,0 39 39 2 40 40 41 41 42 42 43 44 44 45 46,0 22 22 249 42 42 81 81 558 558 559 142 142 47 560,source_bktree source_bktree source_bktree source_bktree source_bktree source_bktree source_bktree source_bktree source_bktree source_bktree source_bktree source_bktree source_bktree source_bktree source_bktree,0 39 39 2 40 40 41 41 42 42 43 44 44 45 46
511,MarineMicro_MvsM_4_dist,MAPPO,OnPolicy,MarineMicro_MvsM_4_dist/mappo/check/paper_train_v1/seed_1/evaluations,onpolicy,MarineMicro_MvsM_4_dist/mappo/check/paper_train_v1/seed_1/evaluations,,eval_mappo_MarineMicro_MvsM_4_dist_paper100,15,,Win,69.0,20.0,True,onpolicy/MarineMicro_MvsM_4_dist/mappo/check/paper_train_v1/seed_1/evaluations/eval_mappo_MarineMicro_MvsM_4_dist_paper100/bktree/node_log.txt,onpolicy/MarineMicro_MvsM_4_dist/mappo/check/paper_train_v1/seed_1/evaluations/eval_mappo_MarineMicro_MvsM_4_dist_paper100/bktree,C:\Users\Binich\PycharmProjects\PredictionRTS\output\learner_results\all_data\fused_bktree_web_batch_20260612_153602_top100_anchor_no_replay\MarineMicro_MvsM_4_dist\bktree,15,15,0,0,0 10 10 2 11 11 13 13 47 47 15 16 16 48 19,0 312 312 249 543 543 15 15 333 333 339 545 545 561 547,source_bktree source_bktree source_bktree source_bktree source_bktree source_bktree source_bktree source_bktree source_bktree source_bktree source_bktree source_bktree source_bktree source_bktree source_bktree,0 10 10 2 11 11 13 13 47 47 15 16 16 48 19
512,MarineMicro_MvsM_4_dist,MAPPO,OnPolicy,MarineMicro_MvsM_4_dist/mappo/check/paper_train_v1/seed_1/evaluations,onpolicy,MarineMicro_MvsM_4_dist/mappo/check/paper_train_v1/seed_1/evaluations,,eval_mappo_MarineMicro_MvsM_4_dist_paper100,47,,Win,69.0,20.0,True,onpolicy/MarineMicro_MvsM_4_dist/mappo/check/paper_train_v1/seed_1/evaluations/eval_mappo_MarineMicro_MvsM_4_dist_paper100/bktree/node_log.txt,onpolicy/MarineMicro_MvsM_4_dist/mappo/check/paper_train_v1/seed_1/evaluations/eval_mappo_MarineMicro_MvsM_4_dist_paper100/bktree,C:\Users\Binich\PycharmProjects\PredictionRTS\output\learner_results\all_data\fused_bktree_web_batch_20260612_153602_top100_anchor_no_replay\MarineMicro_MvsM_4_dist\bktree,15,15,0,0,0 20 20 2 2 3 4 4 5 5 6 49 7 8 9,0 323 323 249 249 42 15 15 538 538 539 562 540 541 542,source_bktree source_bktree source_bktree source_bktree source_bktree source_bktree source_bktree source_bktree source_bktree source_bktree source_bktree source_bktree source_bktree source_bktree source_bktree,0 20 20 2 2 3 4 4 5 5 6 49 7 8 9
513,MarineMicro_MvsM_4_dist,MAPPO,OnPolicy,MarineMicro_MvsM_4_dist/mappo/check/paper_train_v1/seed_1/evaluations,onpolicy,MarineMicro_MvsM_4_dist/mappo/check/paper_train_v1/seed_1/evaluations,,eval_mappo_MarineMicro_MvsM_4_dist_paper100,49,,Win,69.0,20.0,True,onpolicy/MarineMicro_MvsM_4_dist/mappo/check/paper_train_v1/seed_1/evaluations/eval_mappo_MarineMicro_MvsM_4_dist_paper100/bktree/node_log.txt,onpolicy/MarineMicro_MvsM_4_dist/mappo/check/paper_train_v1/seed_1/evaluations/eval_mappo_MarineMicro_MvsM_4_dist_paper100/bktree,C:\Users\Binich\PycharmProjects\PredictionRTS\output\learner_results\all_data\fused_bktree_web_batch_20260612_153602_top100_anchor_no_replay\MarineMicro_MvsM_4_dist\bktree,15,15,0,0,0 1 1 2 3 3 4 4 5 5 6 7 7 8 9,0 33 33 249 42 42 15 15 538 538 539 540 540 541 542,source_bktree source_bktree source_bktree source_bktree source_bktree source_bktree source_bktree source_bktree source_bktree source_bktree source_bktree source_bktree source_bktree source_bktree source_bktree,0 1 1 2 3 3 4 4 5 5 6 7 7 8 9
514,MarineMicro_MvsM_4_dist,MAPPO,OnPolicy,MarineMicro_MvsM_4_dist/mappo/check/paper_train_v1/seed_1/evaluations,onpolicy,MarineMicro_MvsM_4_dist/mappo/check/paper_train_v1/seed_1/evaluations,,eval_mappo_MarineMicro_MvsM_4_dist_paper100,67,,Win,69.0,20.0,True,onpolicy/MarineMicro_MvsM_4_dist/mappo/check/paper_train_v1/seed_1/evaluations/eval_mappo_MarineMicro_MvsM_4_dist_paper100/bktree/node_log.txt,onpolicy/MarineMicro_MvsM_4_dist/mappo/check/paper_train_v1/seed_1/evaluations/eval_mappo_MarineMicro_MvsM_4_dist_paper100/bktree,C:\Users\Binich\PycharmProjects\PredictionRTS\output\learner_results\all_data\fused_bktree_web_batch_20260612_153602_top100_anchor_no_replay\MarineMicro_MvsM_4_dist\bktree,15,15,0,0,0 10 10 2 11 11 13 13 47 68 15 15 16 59 34,0 312 312 249 543 543 15 15 333 568 339 339 545 330 554,source_bktree source_bktree source_bktree source_bktree source_bktree source_bktree source_bktree source_bktree source_bktree source_bktree source_bktree source_bktree source_bktree source_bktree source_bktree,0 10 10 2 11 11 13 13 47 68 15 15 16 59 34
515,MarineMicro_MvsM_4_dist,MAPPO,OnPolicy,MarineMicro_MvsM_4_dist/mappo/check/paper_train_v1/seed_1/evaluations,onpolicy,MarineMicro_MvsM_4_dist/mappo/check/paper_train_v1/seed_1/evaluations,,eval_mappo_MarineMicro_MvsM_4_dist_paper100,75,,Win,69.0,20.0,True,onpolicy/MarineMicro_MvsM_4_dist/mappo/check/paper_train_v1/seed_1/evaluations/eval_mappo_MarineMicro_MvsM_4_dist_paper100/bktree/node_log.txt,onpolicy/MarineMicro_MvsM_4_dist/mappo/check/paper_train_v1/seed_1/evaluations/eval_mappo_MarineMicro_MvsM_4_dist_paper100/bktree,C:\Users\Binich\PycharmProjects\PredictionRTS\output\learner_results\all_data\fused_bktree_web_batch_20260612_153602_top100_anchor_no_replay\MarineMicro_MvsM_4_dist\bktree,15,15,0,0,0 39 55 2 3 3 41 41 42 65 43 44 44 45 46,0 22 23 249 42 42 81 81 558 45 559 142 142 47 560,source_bktree source_bktree source_bktree source_bktree source_bktree source_bktree source_bktree source_bktree source_bktree source_bktree source_bktree source_bktree source_bktree source_bktree source_bktree,0 39 55 2 3 3 41 41 42 65 43 44 44 45 46
516,MarineMicro_MvsM_4_dist,MAPPO,OnPolicy,MarineMicro_MvsM_4_dist/mappo/check/paper_train_v1/seed_1/evaluations,onpolicy,MarineMicro_MvsM_4_dist/mappo/check/paper_train_v1/seed_1/evaluations,,eval_mappo_MarineMicro_MvsM_4_dist_paper100,6,,Win,69.0,20.0,True,onpolicy/MarineMicro_MvsM_4_dist/mappo/check/paper_train_v1/seed_1/evaluations/eval_mappo_MarineMicro_MvsM_4_dist_paper100/bktree/node_log.txt,onpolicy/MarineMicro_MvsM_4_dist/mappo/check/paper_train_v1/seed_1/evaluations/eval_mappo_MarineMicro_MvsM_4_dist_paper100/bktree,C:\Users\Binich\PycharmProjects\PredictionRTS\output\learner_results\all_data\fused_bktree_web_batch_20260612_153602_top100_anchor_no_replay\MarineMicro_MvsM_4_dist\bktree,16,16,0,0,0 1 29 2 3 3 4 4 5 5 6 7 7 8 8 9,0 33 138 249 42 42 15 15 538 538 539 540 540 541 541 542,source_bktree source_bktree source_bktree source_bktree source_bktree source_bktree source_bktree source_bktree source_bktree source_bktree source_bktree source_bktree source_bktree source_bktree source_bktree source_bktree,0 1 29 2 3 3 4 4 5 5 6 7 7 8 8 9
517,MarineMicro_MvsM_4_dist,MAPPO,OnPolicy,MarineMicro_MvsM_4_dist/mappo/check/paper_train_v1/seed_1/evaluations,onpolicy,MarineMicro_MvsM_4_dist/mappo/check/paper_train_v1/seed_1/evaluations,,eval_mappo_MarineMicro_MvsM_4_dist_paper100,17,,Win,69.0,20.0,True,onpolicy/MarineMicro_MvsM_4_dist/mappo/check/paper_train_v1/seed_1/evaluations/eval_mappo_MarineMicro_MvsM_4_dist_paper100/bktree/node_log.txt,onpolicy/MarineMicro_MvsM_4_dist/mappo/check/paper_train_v1/seed_1/evaluations/eval_mappo_MarineMicro_MvsM_4_dist_paper100/bktree,C:\Users\Binich\PycharmProjects\PredictionRTS\output\learner_results\all_data\fused_bktree_web_batch_20260612_153602_top100_anchor_no_replay\MarineMicro_MvsM_4_dist\bktree,16,16,0,0,0 1 29 2 3 3 4 4 5 5 6 7 7 8 8 9,0 33 138 249 42 42 15 15 538 538 539 540 540 541 541 542,source_bktree source_bktree source_bktree source_bktree source_bktree source_bktree source_bktree source_bktree source_bktree source_bktree source_bktree source_bktree source_bktree source_bktree source_bktree source_bktree,0 1 29 2 3 3 4 4 5 5 6 7 7 8 8 9
518,MarineMicro_MvsM_4_dist,MAPPO,OnPolicy,MarineMicro_MvsM_4_dist/mappo/check/paper_train_v1/seed_1/evaluations,onpolicy,MarineMicro_MvsM_4_dist/mappo/check/paper_train_v1/seed_1/evaluations,,eval_mappo_MarineMicro_MvsM_4_dist_paper100,28,,Win,69.0,20.0,True,onpolicy/MarineMicro_MvsM_4_dist/mappo/check/paper_train_v1/seed_1/evaluations/eval_mappo_MarineMicro_MvsM_4_dist_paper100/bktree/node_log.txt,onpolicy/MarineMicro_MvsM_4_dist/mappo/check/paper_train_v1/seed_1/evaluations/eval_mappo_MarineMicro_MvsM_4_dist_paper100/bktree,C:\Users\Binich\PycharmProjects\PredictionRTS\output\learner_results\all_data\fused_bktree_web_batch_20260612_153602_top100_anchor_no_replay\MarineMicro_MvsM_4_dist\bktree,16,16,0,0,0 20 20 2 21 30 4 22 23 23 24 25 25 18 18 19,0 323 323 249 36 26 15 15 548 548 78 79 79 317 317 547,source_bktree source_bktree source_bktree source_bktree source_bktree source_bktree source_bktree source_bktree source_bktree source_bktree source_bktree source_bktree source_bktree source_bktree source_bktree source_bktree,0 20 20 2 21 30 4 22 23 23 24 25 25 18 18 19
519,MarineMicro_MvsM_4_dist,MAPPO,OnPolicy,MarineMicro_MvsM_4_dist/mappo/check/paper_train_v1/seed_1/evaluations,onpolicy,MarineMicro_MvsM_4_dist/mappo/check/paper_train_v1/seed_1/evaluations,,eval_mappo_MarineMicro_MvsM_4_dist_paper100,40,,Win,69.0,20.0,True,onpolicy/MarineMicro_MvsM_4_dist/mappo/check/paper_train_v1/seed_1/evaluations/eval_mappo_MarineMicro_MvsM_4_dist_paper100/bktree/node_log.txt,onpolicy/MarineMicro_MvsM_4_dist/mappo/check/paper_train_v1/seed_1/evaluations/eval_mappo_MarineMicro_MvsM_4_dist_paper100/bktree,C:\Users\Binich\PycharmProjects\PredictionRTS\output\learner_results\all_data\fused_bktree_web_batch_20260612_153602_top100_anchor_no_replay\MarineMicro_MvsM_4_dist\bktree,16,16,0,0,0 10 10 2 30 30 13 13 47 47 32 32 33 59 59 34,0 312 312 249 26 26 15 15 333 333 552 552 553 330 330 554,source_bktree source_bktree source_bktree source_bktree source_bktree source_bktree source_bktree source_bktree source_bktree source_bktree source_bktree source_bktree source_bktree source_bktree source_bktree source_bktree,0 10 10 2 30 30 13 13 47 47 32 32 33 59 59 34
520,MarineMicro_MvsM_4_dist,MAPPO,OnPolicy,MarineMicro_MvsM_4_dist/mappo/check/paper_train_v1/seed_1/evaluations,onpolicy,MarineMicro_MvsM_4_dist/mappo/check/paper_train_v1/seed_1/evaluations,,eval_mappo_MarineMicro_MvsM_4_dist_paper100,48,,Win,69.0,20.0,True,onpolicy/MarineMicro_MvsM_4_dist/mappo/check/paper_train_v1/seed_1/evaluations/eval_mappo_MarineMicro_MvsM_4_dist_paper100/bktree/node_log.txt,onpolicy/MarineMicro_MvsM_4_dist/mappo/check/paper_train_v1/seed_1/evaluations/eval_mappo_MarineMicro_MvsM_4_dist_paper100/bktree,C:\Users\Binich\PycharmProjects\PredictionRTS\output\learner_results\all_data\fused_bktree_web_batch_20260612_153602_top100_anchor_no_replay\MarineMicro_MvsM_4_dist\bktree,16,16,0,0,0 39 39 2 3 3 41 41 42 65 43 44 44 45 45 46,0 22 22 249 42 42 81 81 558 45 559 142 142 47 47 560,source_bktree source_bktree source_bktree source_bktree source_bktree source_bktree source_bktree source_bktree source_bktree source_bktree source_bktree source_bktree source_bktree source_bktree source_bktree source_bktree,0 39 39 2 3 3 41 41 42 65 43 44 44 45 45 46
521,MarineMicro_MvsM_4_dist,MAPPO,OnPolicy,MarineMicro_MvsM_4_dist/mappo/check/paper_train_v1/seed_1/evaluations,onpolicy,MarineMicro_MvsM_4_dist/mappo/check/paper_train_v1/seed_1/evaluations,,eval_mappo_MarineMicro_MvsM_4_dist_paper100,64,,Win,69.0,20.0,True,onpolicy/MarineMicro_MvsM_4_dist/mappo/check/paper_train_v1/seed_1/evaluations/eval_mappo_MarineMicro_MvsM_4_dist_paper100/bktree/node_log.txt,onpolicy/MarineMicro_MvsM_4_dist/mappo/check/paper_train_v1/seed_1/evaluations/eval_mappo_MarineMicro_MvsM_4_dist_paper100/bktree,C:\Users\Binich\PycharmProjects\PredictionRTS\output\learner_results\all_data\fused_bktree_web_batch_20260612_153602_top100_anchor_no_replay\MarineMicro_MvsM_4_dist\bktree,16,16,0,0,0 39 55 2 3 40 41 41 42 42 43 44 44 45 45 46,0 22 23 249 42 42 81 81 558 558 559 142 142 47 47 560,source_bktree source_bktree source_bktree source_bktree source_bktree source_bktree source_bktree source_bktree source_bktree source_bktree source_bktree source_bktree source_bktree source_bktree source_bktree source_bktree,0 39 55 2 3 40 41 41 42 42 43 44 44 45 45 46
522,MarineMicro_MvsM_4_dist,MAPPO,OnPolicy,MarineMicro_MvsM_4_dist/mappo/check/paper_train_v1/seed_1/evaluations,onpolicy,MarineMicro_MvsM_4_dist/mappo/check/paper_train_v1/seed_1/evaluations,,eval_mappo_MarineMicro_MvsM_4_dist_paper100,91,,Win,69.0,20.0,True,onpolicy/MarineMicro_MvsM_4_dist/mappo/check/paper_train_v1/seed_1/evaluations/eval_mappo_MarineMicro_MvsM_4_dist_paper100/bktree/node_log.txt,onpolicy/MarineMicro_MvsM_4_dist/mappo/check/paper_train_v1/seed_1/evaluations/eval_mappo_MarineMicro_MvsM_4_dist_paper100/bktree,C:\Users\Binich\PycharmProjects\PredictionRTS\output\learner_results\all_data\fused_bktree_web_batch_20260612_153602_top100_anchor_no_replay\MarineMicro_MvsM_4_dist\bktree,16,16,0,0,0 39 39 2 3 3 41 41 42 42 43 44 44 45 45 46,0 22 22 249 42 42 81 81 558 558 559 142 142 47 47 560,source_bktree source_bktree source_bktree source_bktree source_bktree source_bktree source_bktree source_bktree source_bktree source_bktree source_bktree source_bktree source_bktree source_bktree source_bktree source_bktree,0 39 39 2 3 3 41 41 42 42 43 44 44 45 45 46
523,MarineMicro_MvsM_4_dist,MAPPO,OnPolicy,MarineMicro_MvsM_4_dist/mappo/check/paper_train_v1/seed_1/evaluations,onpolicy,MarineMicro_MvsM_4_dist/mappo/check/paper_train_v1/seed_1/evaluations,,eval_mappo_MarineMicro_MvsM_4_dist_paper100,95,,Win,69.0,20.0,True,onpolicy/MarineMicro_MvsM_4_dist/mappo/check/paper_train_v1/seed_1/evaluations/eval_mappo_MarineMicro_MvsM_4_dist_paper100/bktree/node_log.txt,onpolicy/MarineMicro_MvsM_4_dist/mappo/check/paper_train_v1/seed_1/evaluations/eval_mappo_MarineMicro_MvsM_4_dist_paper100/bktree,C:\Users\Binich\PycharmProjects\PredictionRTS\output\learner_results\all_data\fused_bktree_web_batch_20260612_153602_top100_anchor_no_replay\MarineMicro_MvsM_4_dist\bktree,16,16,0,0,0 10 10 2 30 30 13 13 14 57 15 33 16 26 18 19,0 312 312 249 26 26 15 15 328 362 339 553 545 549 317 547,source_bktree source_bktree source_bktree source_bktree source_bktree source_bktree source_bktree source_bktree source_bktree source_bktree source_bktree source_bktree source_bktree source_bktree source_bktree source_bktree,0 10 10 2 30 30 13 13 14 57 15 33 16 26 18 19
524,MarineMicro_MvsM_4_dist,MAPPO,OnPolicy,MarineMicro_MvsM_4_dist/mappo/check/paper_train_v1/seed_1/evaluations,onpolicy,MarineMicro_MvsM_4_dist/mappo/check/paper_train_v1/seed_1/evaluations,,eval_mappo_MarineMicro_MvsM_4_dist_paper100,100,,Win,69.0,20.0,True,onpolicy/MarineMicro_MvsM_4_dist/mappo/check/paper_train_v1/seed_1/evaluations/eval_mappo_MarineMicro_MvsM_4_dist_paper100/bktree/node_log.txt,onpolicy/MarineMicro_MvsM_4_dist/mappo/check/paper_train_v1/seed_1/evaluations/eval_mappo_MarineMicro_MvsM_4_dist_paper100/bktree,C:\Users\Binich\PycharmProjects\PredictionRTS\output\learner_results\all_data\fused_bktree_web_batch_20260612_153602_top100_anchor_no_replay\MarineMicro_MvsM_4_dist\bktree,16,16,0,0,0 20 20 2 2 30 4 4 23 23 24 71 25 18 18 34,0 323 323 249 249 26 15 15 548 548 78 569 79 317 317 554,source_bktree source_bktree source_bktree source_bktree source_bktree source_bktree source_bktree source_bktree source_bktree source_bktree source_bktree source_bktree source_bktree source_bktree source_bktree source_bktree,0 20 20 2 2 30 4 4 23 23 24 71 25 18 18 34
525,MarineMicro_MvsM_4_dist,MAPPO,OnPolicy,MarineMicro_MvsM_4_dist/mappo/check/paper_train_v1/seed_1/evaluations,onpolicy,MarineMicro_MvsM_4_dist/mappo/check/paper_train_v1/seed_1/evaluations,,eval_mappo_MarineMicro_MvsM_4_dist_paper100,23,,Win,66.0,20.0,True,onpolicy/MarineMicro_MvsM_4_dist/mappo/check/paper_train_v1/seed_1/evaluations/eval_mappo_MarineMicro_MvsM_4_dist_paper100/bktree/node_log.txt,onpolicy/MarineMicro_MvsM_4_dist/mappo/check/paper_train_v1/seed_1/evaluations/eval_mappo_MarineMicro_MvsM_4_dist_paper100/bktree,C:\Users\Binich\PycharmProjects\PredictionRTS\output\learner_results\all_data\fused_bktree_web_batch_20260612_153602_top100_anchor_no_replay\MarineMicro_MvsM_4_dist\bktree,14,14,0,0,0 39 55 2 3 3 41 41 42 42 43 44 44 56,0 22 23 249 42 42 81 81 558 558 559 142 142 564,source_bktree source_bktree source_bktree source_bktree source_bktree source_bktree source_bktree source_bktree source_bktree source_bktree source_bktree source_bktree source_bktree source_bktree,0 39 55 2 3 3 41 41 42 42 43 44 44 56
526,MarineMicro_MvsM_4_dist,MAPPO,OnPolicy,MarineMicro_MvsM_4_dist/mappo/check/paper_train_v1/seed_1/evaluations,onpolicy,MarineMicro_MvsM_4_dist/mappo/check/paper_train_v1/seed_1/evaluations,,eval_mappo_MarineMicro_MvsM_4_dist_paper100,71,,Win,66.0,20.0,True,onpolicy/MarineMicro_MvsM_4_dist/mappo/check/paper_train_v1/seed_1/evaluations/eval_mappo_MarineMicro_MvsM_4_dist_paper100/bktree/node_log.txt,onpolicy/MarineMicro_MvsM_4_dist/mappo/check/paper_train_v1/seed_1/evaluations/eval_mappo_MarineMicro_MvsM_4_dist_paper100/bktree,C:\Users\Binich\PycharmProjects\PredictionRTS\output\learner_results\all_data\fused_bktree_web_batch_20260612_153602_top100_anchor_no_replay\MarineMicro_MvsM_4_dist\bktree,14,14,0,0,0 20 20 2 2 3 60 22 5 5 49 49 50 66,0 323 323 249 249 42 139 15 538 538 562 562 563 566,source_bktree source_bktree source_bktree source_bktree source_bktree source_bktree source_bktree source_bktree source_bktree source_bktree source_bktree source_bktree source_bktree source_bktree,0 20 20 2 2 3 60 22 5 5 49 49 50 66
527,MarineMicro_MvsM_4_dist,MAPPO,OnPolicy,MarineMicro_MvsM_4_dist/mappo/check/paper_train_v1/seed_1/evaluations,onpolicy,MarineMicro_MvsM_4_dist/mappo/check/paper_train_v1/seed_1/evaluations,,eval_mappo_MarineMicro_MvsM_4_dist_paper100,21,,Win,66.0,20.0,True,onpolicy/MarineMicro_MvsM_4_dist/mappo/check/paper_train_v1/seed_1/evaluations/eval_mappo_MarineMicro_MvsM_4_dist_paper100/bktree/node_log.txt,onpolicy/MarineMicro_MvsM_4_dist/mappo/check/paper_train_v1/seed_1/evaluations/eval_mappo_MarineMicro_MvsM_4_dist_paper100/bktree,C:\Users\Binich\PycharmProjects\PredictionRTS\output\learner_results\all_data\fused_bktree_web_batch_20260612_153602_top100_anchor_no_replay\MarineMicro_MvsM_4_dist\bktree,15,15,0,0,0 10 10 2 30 30 13 13 47 47 32 32 33 52 53,0 312 312 249 26 26 15 15 333 333 552 552 553 318 346,source_bktree source_bktree source_bktree source_bktree source_bktree source_bktree source_bktree source_bktree source_bktree source_bktree source_bktree source_bktree source_bktree source_bktree source_bktree,0 10 10 2 30 30 13 13 47 47 32 32 33 52 53
528,MarineMicro_MvsM_4_dist,MAPPO,OnPolicy,MarineMicro_MvsM_4_dist/mappo/check/paper_train_v1/seed_1/evaluations,onpolicy,MarineMicro_MvsM_4_dist/mappo/check/paper_train_v1/seed_1/evaluations,,eval_mappo_MarineMicro_MvsM_4_dist_paper100,34,,Win,66.0,20.0,True,onpolicy/MarineMicro_MvsM_4_dist/mappo/check/paper_train_v1/seed_1/evaluations/eval_mappo_MarineMicro_MvsM_4_dist_paper100/bktree/node_log.txt,onpolicy/MarineMicro_MvsM_4_dist/mappo/check/paper_train_v1/seed_1/evaluations/eval_mappo_MarineMicro_MvsM_4_dist_paper100/bktree,C:\Users\Binich\PycharmProjects\PredictionRTS\output\learner_results\all_data\fused_bktree_web_batch_20260612_153602_top100_anchor_no_replay\MarineMicro_MvsM_4_dist\bktree,15,15,0,0,0 10 10 2 30 30 13 13 47 47 32 32 33 52 53,0 312 312 249 26 26 15 15 333 333 552 552 553 318 346,source_bktree source_bktree source_bktree source_bktree source_bktree source_bktree source_bktree source_bktree source_bktree source_bktree source_bktree source_bktree source_bktree source_bktree source_bktree,0 10 10 2 30 30 13 13 47 47 32 32 33 52 53
529,MarineMicro_MvsM_4_dist,MAPPO,OnPolicy,MarineMicro_MvsM_4_dist/mappo/check/paper_train_v1/seed_1/evaluations,onpolicy,MarineMicro_MvsM_4_dist/mappo/check/paper_train_v1/seed_1/evaluations,,eval_mappo_MarineMicro_MvsM_4_dist_paper100,52,,Win,66.0,20.0,True,onpolicy/MarineMicro_MvsM_4_dist/mappo/check/paper_train_v1/seed_1/evaluations/eval_mappo_MarineMicro_MvsM_4_dist_paper100/bktree/node_log.txt,onpolicy/MarineMicro_MvsM_4_dist/mappo/check/paper_train_v1/seed_1/evaluations/eval_mappo_MarineMicro_MvsM_4_dist_paper100/bktree,C:\Users\Binich\PycharmProjects\PredictionRTS\output\learner_results\all_data\fused_bktree_web_batch_20260612_153602_top100_anchor_no_replay\MarineMicro_MvsM_4_dist\bktree,15,15,0,0,0 20 20 2 3 3 60 22 5 5 49 49 50 50 66,0 323 323 249 42 42 139 15 538 538 562 562 563 563 566,source_bktree source_bktree source_bktree source_bktree source_bktree source_bktree source_bktree source_bktree source_bktree source_bktree source_bktree source_bktree source_bktree source_bktree source_bktree,0 20 20 2 3 3 60 22 5 5 49 49 50 50 66
530,MarineMicro_MvsM_4_dist,MAPPO,OnPolicy,MarineMicro_MvsM_4_dist/mappo/check/paper_train_v1/seed_1/evaluations,onpolicy,MarineMicro_MvsM_4_dist/mappo/check/paper_train_v1/seed_1/evaluations,,eval_mappo_MarineMicro_MvsM_4_dist_paper100,86,,Win,66.0,20.0,True,onpolicy/MarineMicro_MvsM_4_dist/mappo/check/paper_train_v1/seed_1/evaluations/eval_mappo_MarineMicro_MvsM_4_dist_paper100/bktree/node_log.txt,onpolicy/MarineMicro_MvsM_4_dist/mappo/check/paper_train_v1/seed_1/evaluations/eval_mappo_MarineMicro_MvsM_4_dist_paper100/bktree,C:\Users\Binich\PycharmProjects\PredictionRTS\output\learner_results\all_data\fused_bktree_web_batch_20260612_153602_top100_anchor_no_replay\MarineMicro_MvsM_4_dist\bktree,15,15,0,0,0 10 62 2 2 30 13 13 47 47 32 32 33 52 53,0 312 565 249 249 26 15 15 333 333 552 552 553 318 346,source_bktree source_bktree source_bktree source_bktree source_bktree source_bktree source_bktree source_bktree source_bktree source_bktree source_bktree source_bktree source_bktree source_bktree source_bktree,0 10 62 2 2 30 13 13 47 47 32 32 33 52 53
531,MarineMicro_MvsM_4_dist,MAPPO,OnPolicy,MarineMicro_MvsM_4_dist/mappo/check/paper_train_v1/seed_1/evaluations,onpolicy,MarineMicro_MvsM_4_dist/mappo/check/paper_train_v1/seed_1/evaluations,,eval_mappo_MarineMicro_MvsM_4_dist_paper100,9,,Win,63.0,20.0,True,onpolicy/MarineMicro_MvsM_4_dist/mappo/check/paper_train_v1/seed_1/evaluations/eval_mappo_MarineMicro_MvsM_4_dist_paper100/bktree/node_log.txt,onpolicy/MarineMicro_MvsM_4_dist/mappo/check/paper_train_v1/seed_1/evaluations/eval_mappo_MarineMicro_MvsM_4_dist_paper100/bktree,C:\Users\Binich\PycharmProjects\PredictionRTS\output\learner_results\all_data\fused_bktree_web_batch_20260612_153602_top100_anchor_no_replay\MarineMicro_MvsM_4_dist\bktree,14,14,0,0,0 10 10 2 11 11 12 13 14 14 15 16 16 19,0 312 312 249 543 543 544 15 328 328 339 545 545 547,source_bktree source_bktree source_bktree source_bktree source_bktree source_bktree source_bktree source_bktree source_bktree source_bktree source_bktree source_bktree source_bktree source_bktree,0 10 10 2 11 11 12 13 14 14 15 16 16 19
532,MarineMicro_MvsM_4_dist,MAPPO,OnPolicy,MarineMicro_MvsM_4_dist/mappo/check/paper_train_v1/seed_1/evaluations,onpolicy,MarineMicro_MvsM_4_dist/mappo/check/paper_train_v1/seed_1/evaluations,,eval_mappo_MarineMicro_MvsM_4_dist_paper100,7,,Win,63.0,20.0,True,onpolicy/MarineMicro_MvsM_4_dist/mappo/check/paper_train_v1/seed_1/evaluations/eval_mappo_MarineMicro_MvsM_4_dist_paper100/bktree/node_log.txt,onpolicy/MarineMicro_MvsM_4_dist/mappo/check/paper_train_v1/seed_1/evaluations/eval_mappo_MarineMicro_MvsM_4_dist_paper100/bktree,C:\Users\Binich\PycharmProjects\PredictionRTS\output\learner_results\all_data\fused_bktree_web_batch_20260612_153602_top100_anchor_no_replay\MarineMicro_MvsM_4_dist\bktree,15,15,0,0,0 10 10 2 11 11 12 13 14 14 15 15 16 17 19,0 312 312 249 543 543 544 15 328 328 339 339 545 546 547,source_bktree source_bktree source_bktree source_bktree source_bktree source_bktree source_bktree source_bktree source_bktree source_bktree source_bktree source_bktree source_bktree source_bktree source_bktree,0 10 10 2 11 11 12 13 14 14 15 15 16 17 19
533,MarineMicro_MvsM_4_dist,MAPPO,OnPolicy,MarineMicro_MvsM_4_dist/mappo/check/paper_train_v1/seed_1/evaluations,onpolicy,MarineMicro_MvsM_4_dist/mappo/check/paper_train_v1/seed_1/evaluations,,eval_mappo_MarineMicro_MvsM_4_dist_paper100,13,,Win,63.0,20.0,True,onpolicy/MarineMicro_MvsM_4_dist/mappo/check/paper_train_v1/seed_1/evaluations/eval_mappo_MarineMicro_MvsM_4_dist_paper100/bktree/node_log.txt,onpolicy/MarineMicro_MvsM_4_dist/mappo/check/paper_train_v1/seed_1/evaluations/eval_mappo_MarineMicro_MvsM_4_dist_paper100/bktree,C:\Users\Binich\PycharmProjects\PredictionRTS\output\learner_results\all_data\fused_bktree_web_batch_20260612_153602_top100_anchor_no_replay\MarineMicro_MvsM_4_dist\bktree,15,15,0,0,0 39 39 2 3 3 41 41 42 42 43 43 44 45 34,0 22 22 249 42 42 81 81 558 558 559 559 142 47 554,source_bktree source_bktree source_bktree source_bktree source_bktree source_bktree source_bktree source_bktree source_bktree source_bktree source_bktree source_bktree source_bktree source_bktree source_bktree,0 39 39 2 3 3 41 41 42 42 43 43 44 45 34
534,MarineMicro_MvsM_4_dist,MAPPO,OnPolicy,MarineMicro_MvsM_4_dist/mappo/check/paper_train_v1/seed_1/evaluations,onpolicy,MarineMicro_MvsM_4_dist/mappo/check/paper_train_v1/seed_1/evaluations,,eval_mappo_MarineMicro_MvsM_4_dist_paper100,14,,Win,63.0,20.0,True,onpolicy/MarineMicro_MvsM_4_dist/mappo/check/paper_train_v1/seed_1/evaluations/eval_mappo_MarineMicro_MvsM_4_dist_paper100/bktree/node_log.txt,onpolicy/MarineMicro_MvsM_4_dist/mappo/check/paper_train_v1/seed_1/evaluations/eval_mappo_MarineMicro_MvsM_4_dist_paper100/bktree,C:\Users\Binich\PycharmProjects\PredictionRTS\output\learner_results\all_data\fused_bktree_web_batch_20260612_153602_top100_anchor_no_replay\MarineMicro_MvsM_4_dist\bktree,15,15,0,0,0 10 10 2 30 30 31 13 47 47 32 32 33 18 19,0 312 312 249 26 26 366 15 333 333 552 552 553 317 547,source_bktree source_bktree source_bktree source_bktree source_bktree source_bktree source_bktree source_bktree source_bktree source_bktree source_bktree source_bktree source_bktree source_bktree source_bktree,0 10 10 2 30 30 31 13 47 47 32 32 33 18 19
535,MarineMicro_MvsM_4_dist,MAPPO,OnPolicy,MarineMicro_MvsM_4_dist/mappo/check/paper_train_v1/seed_1/evaluations,onpolicy,MarineMicro_MvsM_4_dist/mappo/check/paper_train_v1/seed_1/evaluations,,eval_mappo_MarineMicro_MvsM_4_dist_paper100,19,,Win,63.0,20.0,True,onpolicy/MarineMicro_MvsM_4_dist/mappo/check/paper_train_v1/seed_1/evaluations/eval_mappo_MarineMicro_MvsM_4_dist_paper100/bktree/node_log.txt,onpolicy/MarineMicro_MvsM_4_dist/mappo/check/paper_train_v1/seed_1/evaluations/eval_mappo_MarineMicro_MvsM_4_dist_paper100/bktree,C:\Users\Binich\PycharmProjects\PredictionRTS\output\learner_results\all_data\fused_bktree_web_batch_20260612_153602_top100_anchor_no_replay\MarineMicro_MvsM_4_dist\bktree,15,15,0,0,0 39 39 2 3 3 41 41 42 42 43 44 44 45 34,0 22 22 249 42 42 81 81 558 558 559 142 142 47 554,source_bktree source_bktree source_bktree source_bktree source_bktree source_bktree source_bktree source_bktree source_bktree source_bktree source_bktree source_bktree source_bktree source_bktree source_bktree,0 39 39 2 3 3 41 41 42 42 43 44 44 45 34
536,MarineMicro_MvsM_4_dist,MAPPO,OnPolicy,MarineMicro_MvsM_4_dist/mappo/check/paper_train_v1/seed_1/evaluations,onpolicy,MarineMicro_MvsM_4_dist/mappo/check/paper_train_v1/seed_1/evaluations,,eval_mappo_MarineMicro_MvsM_4_dist_paper100,29,,Win,63.0,20.0,True,onpolicy/MarineMicro_MvsM_4_dist/mappo/check/paper_train_v1/seed_1/evaluations/eval_mappo_MarineMicro_MvsM_4_dist_paper100/bktree/node_log.txt,onpolicy/MarineMicro_MvsM_4_dist/mappo/check/paper_train_v1/seed_1/evaluations/eval_mappo_MarineMicro_MvsM_4_dist_paper100/bktree,C:\Users\Binich\PycharmProjects\PredictionRTS\output\learner_results\all_data\fused_bktree_web_batch_20260612_153602_top100_anchor_no_replay\MarineMicro_MvsM_4_dist\bktree,15,15,0,0,0 1 1 2 3 3 4 4 5 5 6 61 7 8 9,0 33 33 249 42 42 15 15 538 538 539 142 540 541 542,source_bktree source_bktree source_bktree source_bktree source_bktree source_bktree source_bktree source_bktree source_bktree source_bktree source_bktree source_bktree source_bktree source_bktree source_bktree,0 1 1 2 3 3 4 4 5 5 6 61 7 8 9
537,MarineMicro_MvsM_4_dist,MAPPO,OnPolicy,MarineMicro_MvsM_4_dist/mappo/check/paper_train_v1/seed_1/evaluations,onpolicy,MarineMicro_MvsM_4_dist/mappo/check/paper_train_v1/seed_1/evaluations,,eval_mappo_MarineMicro_MvsM_4_dist_paper100,53,,Win,63.0,20.0,True,onpolicy/MarineMicro_MvsM_4_dist/mappo/check/paper_train_v1/seed_1/evaluations/eval_mappo_MarineMicro_MvsM_4_dist_paper100/bktree/node_log.txt,onpolicy/MarineMicro_MvsM_4_dist/mappo/check/paper_train_v1/seed_1/evaluations/eval_mappo_MarineMicro_MvsM_4_dist_paper100/bktree,C:\Users\Binich\PycharmProjects\PredictionRTS\output\learner_results\all_data\fused_bktree_web_batch_20260612_153602_top100_anchor_no_replay\MarineMicro_MvsM_4_dist\bktree,15,15,0,0,0 10 10 2 30 30 31 13 14 14 32 32 33 18 19,0 312 312 249 26 26 366 15 328 328 552 552 553 317 547,source_bktree source_bktree source_bktree source_bktree source_bktree source_bktree source_bktree source_bktree source_bktree source_bktree source_bktree source_bktree source_bktree source_bktree source_bktree,0 10 10 2 30 30 31 13 14 14 32 32 33 18 19
538,MarineMicro_MvsM_4_dist,MAPPO,OnPolicy,MarineMicro_MvsM_4_dist/mappo/check/paper_train_v1/seed_1/evaluations,onpolicy,MarineMicro_MvsM_4_dist/mappo/check/paper_train_v1/seed_1/evaluations,,eval_mappo_MarineMicro_MvsM_4_dist_paper100,72,,Win,63.0,20.0,True,onpolicy/MarineMicro_MvsM_4_dist/mappo/check/paper_train_v1/seed_1/evaluations/eval_mappo_MarineMicro_MvsM_4_dist_paper100/bktree/node_log.txt,onpolicy/MarineMicro_MvsM_4_dist/mappo/check/paper_train_v1/seed_1/evaluations/eval_mappo_MarineMicro_MvsM_4_dist_paper100/bktree,C:\Users\Binich\PycharmProjects\PredictionRTS\output\learner_results\all_data\fused_bktree_web_batch_20260612_153602_top100_anchor_no_replay\MarineMicro_MvsM_4_dist\bktree,15,15,0,0,0 20 20 2 21 30 28 22 23 23 24 24 25 25 19,0 323 323 249 36 26 551 15 548 548 78 78 79 79 547,source_bktree source_bktree source_bktree source_bktree source_bktree source_bktree source_bktree source_bktree source_bktree source_bktree source_bktree source_bktree source_bktree source_bktree source_bktree,0 20 20 2 21 30 28 22 23 23 24 24 25 25 19
539,MarineMicro_MvsM_4_dist,MAPPO,OnPolicy,MarineMicro_MvsM_4_dist/mappo/check/paper_train_v1/seed_1/evaluations,onpolicy,MarineMicro_MvsM_4_dist/mappo/check/paper_train_v1/seed_1/evaluations,,eval_mappo_MarineMicro_MvsM_4_dist_paper100,89,,Win,63.0,20.0,True,onpolicy/MarineMicro_MvsM_4_dist/mappo/check/paper_train_v1/seed_1/evaluations/eval_mappo_MarineMicro_MvsM_4_dist_paper100/bktree/node_log.txt,onpolicy/MarineMicro_MvsM_4_dist/mappo/check/paper_train_v1/seed_1/evaluations/eval_mappo_MarineMicro_MvsM_4_dist_paper100/bktree,C:\Users\Binich\PycharmProjects\PredictionRTS\output\learner_results\all_data\fused_bktree_web_batch_20260612_153602_top100_anchor_no_replay\MarineMicro_MvsM_4_dist\bktree,15,15,0,0,0 10 10 2 30 30 31 13 14 14 32 67 33 33 19,0 312 312 249 26 26 366 15 328 328 552 567 553 553 547,source_bktree source_bktree source_bktree source_bktree source_bktree source_bktree source_bktree source_bktree source_bktree source_bktree source_bktree source_bktree source_bktree source_bktree source_bktree,0 10 10 2 30 30 31 13 14 14 32 67 33 33 19
540,MarineMicro_MvsM_4_dist,MAPPO,OnPolicy,MarineMicro_MvsM_4_dist/mappo/check/paper_train_v1/seed_1/evaluations,onpolicy,MarineMicro_MvsM_4_dist/mappo/check/paper_train_v1/seed_1/evaluations,,eval_mappo_MarineMicro_MvsM_4_dist_paper100,93,,Win,63.0,20.0,True,onpolicy/MarineMicro_MvsM_4_dist/mappo/check/paper_train_v1/seed_1/evaluations/eval_mappo_MarineMicro_MvsM_4_dist_paper100/bktree/node_log.txt,onpolicy/MarineMicro_MvsM_4_dist/mappo/check/paper_train_v1/seed_1/evaluations/eval_mappo_MarineMicro_MvsM_4_dist_paper100/bktree,C:\Users\Binich\PycharmProjects\PredictionRTS\output\learner_results\all_data\fused_bktree_web_batch_20260612_153602_top100_anchor_no_replay\MarineMicro_MvsM_4_dist\bktree,15,15,0,0,0 20 20 2 30 30 22 22 23 23 24 24 25 18 19,0 323 323 249 26 26 15 15 548 548 78 78 79 317 547,source_bktree source_bktree source_bktree source_bktree source_bktree source_bktree source_bktree source_bktree source_bktree source_bktree source_bktree source_bktree source_bktree source_bktree source_bktree,0 20 20 2 30 30 22 22 23 23 24 24 25 18 19
541,MarineMicro_MvsM_4_dist,MAPPO,OnPolicy,MarineMicro_MvsM_4_dist/mappo/check/paper_train_v1/seed_1/evaluations,onpolicy,MarineMicro_MvsM_4_dist/mappo/check/paper_train_v1/seed_1/evaluations,,eval_mappo_MarineMicro_MvsM_4_dist_paper100,4,,Win,63.0,20.0,True,onpolicy/MarineMicro_MvsM_4_dist/mappo/check/paper_train_v1/seed_1/evaluations/eval_mappo_MarineMicro_MvsM_4_dist_paper100/bktree/node_log.txt,onpolicy/MarineMicro_MvsM_4_dist/mappo/check/paper_train_v1/seed_1/evaluations/eval_mappo_MarineMicro_MvsM_4_dist_paper100/bktree,C:\Users\Binich\PycharmProjects\PredictionRTS\output\learner_results\all_data\fused_bktree_web_batch_20260612_153602_top100_anchor_no_replay\MarineMicro_MvsM_4_dist\bktree,16,16,0,0,0 10 10 2 11 11 13 13 14 14 15 15 16 17 18 19,0 312 312 249 543 543 15 15 328 328 339 339 545 546 317 547,source_bktree source_bktree source_bktree source_bktree source_bktree source_bktree source_bktree source_bktree source_bktree source_bktree source_bktree source_bktree source_bktree source_bktree source_bktree source_bktree,0 10 10 2 11 11 13 13 14 14 15 15 16 17 18 19
542,MarineMicro_MvsM_4_dist,MAPPO,OnPolicy,MarineMicro_MvsM_4_dist/mappo/check/paper_train_v1/seed_1/evaluations,onpolicy,MarineMicro_MvsM_4_dist/mappo/check/paper_train_v1/seed_1/evaluations,,eval_mappo_MarineMicro_MvsM_4_dist_paper100,11,,Win,63.0,20.0,True,onpolicy/MarineMicro_MvsM_4_dist/mappo/check/paper_train_v1/seed_1/evaluations/eval_mappo_MarineMicro_MvsM_4_dist_paper100/bktree/node_log.txt,onpolicy/MarineMicro_MvsM_4_dist/mappo/check/paper_train_v1/seed_1/evaluations/eval_mappo_MarineMicro_MvsM_4_dist_paper100/bktree,C:\Users\Binich\PycharmProjects\PredictionRTS\output\learner_results\all_data\fused_bktree_web_batch_20260612_153602_top100_anchor_no_replay\MarineMicro_MvsM_4_dist\bktree,16,16,0,0,0 10 10 2 11 11 12 13 14 14 15 15 16 17 17 19,0 312 312 249 543 543 544 15 328 328 339 339 545 546 546 547,source_bktree source_bktree source_bktree source_bktree source_bktree source_bktree source_bktree source_bktree source_bktree source_bktree source_bktree source_bktree source_bktree source_bktree source_bktree source_bktree,0 10 10 2 11 11 12 13 14 14 15 15 16 17 17 19
543,MarineMicro_MvsM_4_dist,MAPPO,OnPolicy,MarineMicro_MvsM_4_dist/mappo/check/paper_train_v1/seed_1/evaluations,onpolicy,MarineMicro_MvsM_4_dist/mappo/check/paper_train_v1/seed_1/evaluations,,eval_mappo_MarineMicro_MvsM_4_dist_paper100,16,,Win,63.0,20.0,True,onpolicy/MarineMicro_MvsM_4_dist/mappo/check/paper_train_v1/seed_1/evaluations/eval_mappo_MarineMicro_MvsM_4_dist_paper100/bktree/node_log.txt,onpolicy/MarineMicro_MvsM_4_dist/mappo/check/paper_train_v1/seed_1/evaluations/eval_mappo_MarineMicro_MvsM_4_dist_paper100/bktree,C:\Users\Binich\PycharmProjects\PredictionRTS\output\learner_results\all_data\fused_bktree_web_batch_20260612_153602_top100_anchor_no_replay\MarineMicro_MvsM_4_dist\bktree,16,16,0,0,0 20 20 2 21 3 22 22 5 5 49 49 50 17 17 19,0 323 323 249 36 42 15 15 538 538 562 562 563 546 546 547,source_bktree source_bktree source_bktree source_bktree source_bktree source_bktree source_bktree source_bktree source_bktree source_bktree source_bktree source_bktree source_bktree source_bktree source_bktree source_bktree,0 20 20 2 21 3 22 22 5 5 49 49 50 17 17 19
544,MarineMicro_MvsM_4_dist,MAPPO,OnPolicy,MarineMicro_MvsM_4_dist/mappo/check/paper_train_v1/seed_1/evaluations,onpolicy,MarineMicro_MvsM_4_dist/mappo/check/paper_train_v1/seed_1/evaluations,,eval_mappo_MarineMicro_MvsM_4_dist_paper100,22,,Win,63.0,20.0,True,onpolicy/MarineMicro_MvsM_4_dist/mappo/check/paper_train_v1/seed_1/evaluations/eval_mappo_MarineMicro_MvsM_4_dist_paper100/bktree/node_log.txt,onpolicy/MarineMicro_MvsM_4_dist/mappo/check/paper_train_v1/seed_1/evaluations/eval_mappo_MarineMicro_MvsM_4_dist_paper100/bktree,C:\Users\Binich\PycharmProjects\PredictionRTS\output\learner_results\all_data\fused_bktree_web_batch_20260612_153602_top100_anchor_no_replay\MarineMicro_MvsM_4_dist\bktree,16,16,0,0,0 39 39 2 3 3 54 41 42 42 43 44 44 45 45 46,0 22 22 249 42 42 139 81 558 558 559 142 142 47 47 560,source_bktree source_bktree source_bktree source_bktree source_bktree source_bktree source_bktree source_bktree source_bktree source_bktree source_bktree source_bktree source_bktree source_bktree source_bktree source_bktree,0 39 39 2 3 3 54 41 42 42 43 44 44 45 45 46
545,MarineMicro_MvsM_4_dist,MAPPO,OnPolicy,MarineMicro_MvsM_4_dist/mappo/check/paper_train_v1/seed_1/evaluations,onpolicy,MarineMicro_MvsM_4_dist/mappo/check/paper_train_v1/seed_1/evaluations,,eval_mappo_MarineMicro_MvsM_4_dist_paper100,24,,Win,63.0,20.0,True,onpolicy/MarineMicro_MvsM_4_dist/mappo/check/paper_train_v1/seed_1/evaluations/eval_mappo_MarineMicro_MvsM_4_dist_paper100/bktree/node_log.txt,onpolicy/MarineMicro_MvsM_4_dist/mappo/check/paper_train_v1/seed_1/evaluations/eval_mappo_MarineMicro_MvsM_4_dist_paper100/bktree,C:\Users\Binich\PycharmProjects\PredictionRTS\output\learner_results\all_data\fused_bktree_web_batch_20260612_153602_top100_anchor_no_replay\MarineMicro_MvsM_4_dist\bktree,16,16,0,0,0 10 10 2 30 30 13 13 14 57 15 33 16 18 18 19,0 312 312 249 26 26 15 15 328 362 339 553 545 317 317 547,source_bktree source_bktree source_bktree source_bktree source_bktree source_bktree source_bktree source_bktree source_bktree source_bktree source_bktree source_bktree source_bktree source_bktree source_bktree source_bktree,0 10 10 2 30 30 13 13 14 57 15 33 16 18 18 19
546,MarineMicro_MvsM_4_dist,MAPPO,OnPolicy,MarineMicro_MvsM_4_dist/mappo/check/paper_train_v1/seed_1/evaluations,onpolicy,MarineMicro_MvsM_4_dist/mappo/check/paper_train_v1/seed_1/evaluations,,eval_mappo_MarineMicro_MvsM_4_dist_paper100,26,,Win,63.0,20.0,True,onpolicy/MarineMicro_MvsM_4_dist/mappo/check/paper_train_v1/seed_1/evaluations/eval_mappo_MarineMicro_MvsM_4_dist_paper100/bktree/node_log.txt,onpolicy/MarineMicro_MvsM_4_dist/mappo/check/paper_train_v1/seed_1/evaluations/eval_mappo_MarineMicro_MvsM_4_dist_paper100/bktree,C:\Users\Binich\PycharmProjects\PredictionRTS\output\learner_results\all_data\fused_bktree_web_batch_20260612_153602_top100_anchor_no_replay\MarineMicro_MvsM_4_dist\bktree,16,16,0,0,0 10 10 2 2 30 13 13 47 47 32 32 33 59 18 19,0 312 312 249 249 26 15 15 333 333 552 552 553 330 317 547,source_bktree source_bktree source_bktree source_bktree source_bktree source_bktree source_bktree source_bktree source_bktree source_bktree source_bktree source_bktree source_bktree source_bktree source_bktree source_bktree,0 10 10 2 2 30 13 13 47 47 32 32 33 59 18 19
547,MarineMicro_MvsM_4_dist,MAPPO,OnPolicy,MarineMicro_MvsM_4_dist/mappo/check/paper_train_v1/seed_1/evaluations,onpolicy,MarineMicro_MvsM_4_dist/mappo/check/paper_train_v1/seed_1/evaluations,,eval_mappo_MarineMicro_MvsM_4_dist_paper100,27,,Win,63.0,20.0,True,onpolicy/MarineMicro_MvsM_4_dist/mappo/check/paper_train_v1/seed_1/evaluations/eval_mappo_MarineMicro_MvsM_4_dist_paper100/bktree/node_log.txt,onpolicy/MarineMicro_MvsM_4_dist/mappo/check/paper_train_v1/seed_1/evaluations/eval_mappo_MarineMicro_MvsM_4_dist_paper100/bktree,C:\Users\Binich\PycharmProjects\PredictionRTS\output\learner_results\all_data\fused_bktree_web_batch_20260612_153602_top100_anchor_no_replay\MarineMicro_MvsM_4_dist\bktree,16,16,0,0,0 20 20 2 3 3 60 22 5 5 6 49 7 8 18 9,0 323 323 249 42 42 139 15 538 538 539 562 540 541 317 542,source_bktree source_bktree source_bktree source_bktree source_bktree source_bktree source_bktree source_bktree source_bktree source_bktree source_bktree source_bktree source_bktree source_bktree source_bktree source_bktree,0 20 20 2 3 3 60 22 5 5 6 49 7 8 18 9
548,MarineMicro_MvsM_4_dist,MAPPO,OnPolicy,MarineMicro_MvsM_4_dist/mappo/check/paper_train_v1/seed_1/evaluations,onpolicy,MarineMicro_MvsM_4_dist/mappo/check/paper_train_v1/seed_1/evaluations,,eval_mappo_MarineMicro_MvsM_4_dist_paper100,31,,Win,63.0,20.0,True,onpolicy/MarineMicro_MvsM_4_dist/mappo/check/paper_train_v1/seed_1/evaluations/eval_mappo_MarineMicro_MvsM_4_dist_paper100/bktree/node_log.txt,onpolicy/MarineMicro_MvsM_4_dist/mappo/check/paper_train_v1/seed_1/evaluations/eval_mappo_MarineMicro_MvsM_4_dist_paper100/bktree,C:\Users\Binich\PycharmProjects\PredictionRTS\output\learner_results\all_data\fused_bktree_web_batch_20260612_153602_top100_anchor_no_replay\MarineMicro_MvsM_4_dist\bktree,16,16,0,0,0 10 10 2 11 11 13 13 14 14 15 15 16 17 17 19,0 312 312 249 543 543 15 15 328 328 339 339 545 546 546 547,source_bktree source_bktree source_bktree source_bktree source_bktree source_bktree source_bktree source_bktree source_bktree source_bktree source_bktree source_bktree source_bktree source_bktree source_bktree source_bktree,0 10 10 2 11 11 13 13 14 14 15 15 16 17 17 19
549,MarineMicro_MvsM_4_dist,MAPPO,OnPolicy,MarineMicro_MvsM_4_dist/mappo/check/paper_train_v1/seed_1/evaluations,onpolicy,MarineMicro_MvsM_4_dist/mappo/check/paper_train_v1/seed_1/evaluations,,eval_mappo_MarineMicro_MvsM_4_dist_paper100,37,,Win,63.0,20.0,True,onpolicy/MarineMicro_MvsM_4_dist/mappo/check/paper_train_v1/seed_1/evaluations/eval_mappo_MarineMicro_MvsM_4_dist_paper100/bktree/node_log.txt,onpolicy/MarineMicro_MvsM_4_dist/mappo/check/paper_train_v1/seed_1/evaluations/eval_mappo_MarineMicro_MvsM_4_dist_paper100/bktree,C:\Users\Binich\PycharmProjects\PredictionRTS\output\learner_results\all_data\fused_bktree_web_batch_20260612_153602_top100_anchor_no_replay\MarineMicro_MvsM_4_dist\bktree,16,16,0,0,0 20 20 2 21 30 28 4 23 23 24 25 25 26 26 34,0 323 323 249 36 26 551 15 548 548 78 79 79 549 549 554,source_bktree source_bktree source_bktree source_bktree source_bktree source_bktree source_bktree source_bktree source_bktree source_bktree source_bktree source_bktree source_bktree source_bktree source_bktree source_bktree,0 20 20 2 21 30 28 4 23 23 24 25 25 26 26 34
550,MarineMicro_MvsM_4_dist,MAPPO,OnPolicy,MarineMicro_MvsM_4_dist/mappo/check/paper_train_v1/seed_1/evaluations,onpolicy,MarineMicro_MvsM_4_dist/mappo/check/paper_train_v1/seed_1/evaluations,,eval_mappo_MarineMicro_MvsM_4_dist_paper100,42,,Win,63.0,20.0,True,onpolicy/MarineMicro_MvsM_4_dist/mappo/check/paper_train_v1/seed_1/evaluations/eval_mappo_MarineMicro_MvsM_4_dist_paper100/bktree/node_log.txt,onpolicy/MarineMicro_MvsM_4_dist/mappo/check/paper_train_v1/seed_1/evaluations/eval_mappo_MarineMicro_MvsM_4_dist_paper100/bktree,C:\Users\Binich\PycharmProjects\PredictionRTS\output\learner_results\all_data\fused_bktree_web_batch_20260612_153602_top100_anchor_no_replay\MarineMicro_MvsM_4_dist\bktree,16,16,0,0,0 1 1 2 3 3 4 4 5 5 6 6 7 8 8 9,0 33 33 249 42 42 15 15 538 538 539 539 540 541 541 542,source_bktree source_bktree source_bktree source_bktree source_bktree source_bktree source_bktree source_bktree source_bktree source_bktree source_bktree source_bktree source_bktree source_bktree source_bktree source_bktree,0 1 1 2 3 3 4 4 5 5 6 6 7 8 8 9
551,MarineMicro_MvsM_4_dist,MAPPO,OnPolicy,MarineMicro_MvsM_4_dist/mappo/check/paper_train_v1/seed_1/evaluations,onpolicy,MarineMicro_MvsM_4_dist/mappo/check/paper_train_v1/seed_1/evaluations,,eval_mappo_MarineMicro_MvsM_4_dist_paper100,45,,Win,63.0,20.0,True,onpolicy/MarineMicro_MvsM_4_dist/mappo/check/paper_train_v1/seed_1/evaluations/eval_mappo_MarineMicro_MvsM_4_dist_paper100/bktree/node_log.txt,onpolicy/MarineMicro_MvsM_4_dist/mappo/check/paper_train_v1/seed_1/evaluations/eval_mappo_MarineMicro_MvsM_4_dist_paper100/bktree,C:\Users\Binich\PycharmProjects\PredictionRTS\output\learner_results\all_data\fused_bktree_web_batch_20260612_153602_top100_anchor_no_replay\MarineMicro_MvsM_4_dist\bktree,16,16,0,0,0 10 10 2 2 11 13 13 47 47 15 15 16 17 17 19,0 312 312 249 249 543 15 15 333 333 339 339 545 546 546 547,source_bktree source_bktree source_bktree source_bktree source_bktree source_bktree source_bktree source_bktree source_bktree source_bktree source_bktree source_bktree source_bktree source_bktree source_bktree source_bktree,0 10 10 2 2 11 13 13 47 47 15 15 16 17 17 19
552,MarineMicro_MvsM_4_dist,MAPPO,OnPolicy,MarineMicro_MvsM_4_dist/mappo/check/paper_train_v1/seed_1/evaluations,onpolicy,MarineMicro_MvsM_4_dist/mappo/check/paper_train_v1/seed_1/evaluations,,eval_mappo_MarineMicro_MvsM_4_dist_paper100,58,,Win,63.0,20.0,True,onpolicy/MarineMicro_MvsM_4_dist/mappo/check/paper_train_v1/seed_1/evaluations/eval_mappo_MarineMicro_MvsM_4_dist_paper100/bktree/node_log.txt,onpolicy/MarineMicro_MvsM_4_dist/mappo/check/paper_train_v1/seed_1/evaluations/eval_mappo_MarineMicro_MvsM_4_dist_paper100/bktree,C:\Users\Binich\PycharmProjects\PredictionRTS\output\learner_results\all_data\fused_bktree_web_batch_20260612_153602_top100_anchor_no_replay\MarineMicro_MvsM_4_dist\bktree,16,16,0,0,0 20 20 2 2 3 4 22 5 5 6 49 7 18 8 9,0 323 323 249 249 42 15 15 538 538 539 562 540 317 541 542,source_bktree source_bktree source_bktree source_bktree source_bktree source_bktree source_bktree source_bktree source_bktree source_bktree source_bktree source_bktree source_bktree source_bktree source_bktree source_bktree,0 20 20 2 2 3 4 22 5 5 6 49 7 18 8 9
553,MarineMicro_MvsM_4_dist,MAPPO,OnPolicy,MarineMicro_MvsM_4_dist/mappo/check/paper_train_v1/seed_1/evaluations,onpolicy,MarineMicro_MvsM_4_dist/mappo/check/paper_train_v1/seed_1/evaluations,,eval_mappo_MarineMicro_MvsM_4_dist_paper100,59,,Win,63.0,20.0,True,onpolicy/MarineMicro_MvsM_4_dist/mappo/check/paper_train_v1/seed_1/evaluations/eval_mappo_MarineMicro_MvsM_4_dist_paper100/bktree/node_log.txt,onpolicy/MarineMicro_MvsM_4_dist/mappo/check/paper_train_v1/seed_1/evaluations/eval_mappo_MarineMicro_MvsM_4_dist_paper100/bktree,C:\Users\Binich\PycharmProjects\PredictionRTS\output\learner_results\all_data\fused_bktree_web_batch_20260612_153602_top100_anchor_no_replay\MarineMicro_MvsM_4_dist\bktree,16,16,0,0,0 10 10 2 11 11 13 13 14 14 15 15 16 17 17 19,0 312 312 249 543 543 15 15 328 328 339 339 545 546 546 547,source_bktree source_bktree source_bktree source_bktree source_bktree source_bktree source_bktree source_bktree source_bktree source_bktree source_bktree source_bktree source_bktree source_bktree source_bktree source_bktree,0 10 10 2 11 11 13 13 14 14 15 15 16 17 17 19
554,MarineMicro_MvsM_4_dist,MAPPO,OnPolicy,MarineMicro_MvsM_4_dist/mappo/check/paper_train_v1/seed_1/evaluations,onpolicy,MarineMicro_MvsM_4_dist/mappo/check/paper_train_v1/seed_1/evaluations,,eval_mappo_MarineMicro_MvsM_4_dist_paper100,60,,Win,63.0,20.0,True,onpolicy/MarineMicro_MvsM_4_dist/mappo/check/paper_train_v1/seed_1/evaluations/eval_mappo_MarineMicro_MvsM_4_dist_paper100/bktree/node_log.txt,onpolicy/MarineMicro_MvsM_4_dist/mappo/check/paper_train_v1/seed_1/evaluations/eval_mappo_MarineMicro_MvsM_4_dist_paper100/bktree,C:\Users\Binich\PycharmProjects\PredictionRTS\output\learner_results\all_data\fused_bktree_web_batch_20260612_153602_top100_anchor_no_replay\MarineMicro_MvsM_4_dist\bktree,16,16,0,0,0 1 63 2 3 3 4 4 5 5 6 6 7 8 8 9,0 33 69 249 42 42 15 15 538 538 539 539 540 541 541 542,source_bktree source_bktree source_bktree source_bktree source_bktree source_bktree source_bktree source_bktree source_bktree source_bktree source_bktree source_bktree source_bktree source_bktree source_bktree source_bktree,0 1 63 2 3 3 4 4 5 5 6 6 7 8 8 9
555,MarineMicro_MvsM_4_dist,MAPPO,OnPolicy,MarineMicro_MvsM_4_dist/mappo/check/paper_train_v1/seed_1/evaluations,onpolicy,MarineMicro_MvsM_4_dist/mappo/check/paper_train_v1/seed_1/evaluations,,eval_mappo_MarineMicro_MvsM_4_dist_paper100,61,,Win,63.0,20.0,True,onpolicy/MarineMicro_MvsM_4_dist/mappo/check/paper_train_v1/seed_1/evaluations/eval_mappo_MarineMicro_MvsM_4_dist_paper100/bktree/node_log.txt,onpolicy/MarineMicro_MvsM_4_dist/mappo/check/paper_train_v1/seed_1/evaluations/eval_mappo_MarineMicro_MvsM_4_dist_paper100/bktree,C:\Users\Binich\PycharmProjects\PredictionRTS\output\learner_results\all_data\fused_bktree_web_batch_20260612_153602_top100_anchor_no_replay\MarineMicro_MvsM_4_dist\bktree,16,16,0,0,0 10 10 2 30 30 13 13 47 47 32 67 33 18 18 19,0 312 312 249 26 26 15 15 333 333 552 567 553 317 317 547,source_bktree source_bktree source_bktree source_bktree source_bktree source_bktree source_bktree source_bktree source_bktree source_bktree source_bktree source_bktree source_bktree source_bktree source_bktree source_bktree,0 10 10 2 30 30 13 13 47 47 32 67 33 18 18 19
556,MarineMicro_MvsM_4_dist,MAPPO,OnPolicy,MarineMicro_MvsM_4_dist/mappo/check/paper_train_v1/seed_1/evaluations,onpolicy,MarineMicro_MvsM_4_dist/mappo/check/paper_train_v1/seed_1/evaluations,,eval_mappo_MarineMicro_MvsM_4_dist_paper100,68,,Win,63.0,20.0,True,onpolicy/MarineMicro_MvsM_4_dist/mappo/check/paper_train_v1/seed_1/evaluations/eval_mappo_MarineMicro_MvsM_4_dist_paper100/bktree/node_log.txt,onpolicy/MarineMicro_MvsM_4_dist/mappo/check/paper_train_v1/seed_1/evaluations/eval_mappo_MarineMicro_MvsM_4_dist_paper100/bktree,C:\Users\Binich\PycharmProjects\PredictionRTS\output\learner_results\all_data\fused_bktree_web_batch_20260612_153602_top100_anchor_no_replay\MarineMicro_MvsM_4_dist\bktree,16,16,0,0,0 10 10 2 11 11 13 13 47 68 15 16 16 17 17 19,0 312 312 249 543 543 15 15 333 568 339 545 545 546 546 547,source_bktree source_bktree source_bktree source_bktree source_bktree source_bktree source_bktree source_bktree source_bktree source_bktree source_bktree source_bktree source_bktree source_bktree source_bktree source_bktree,0 10 10 2 11 11 13 13 47 68 15 16 16 17 17 19
557,MarineMicro_MvsM_4_dist,MAPPO,OnPolicy,MarineMicro_MvsM_4_dist/mappo/check/paper_train_v1/seed_1/evaluations,onpolicy,MarineMicro_MvsM_4_dist/mappo/check/paper_train_v1/seed_1/evaluations,,eval_mappo_MarineMicro_MvsM_4_dist_paper100,69,,Win,63.0,20.0,True,onpolicy/MarineMicro_MvsM_4_dist/mappo/check/paper_train_v1/seed_1/evaluations/eval_mappo_MarineMicro_MvsM_4_dist_paper100/bktree/node_log.txt,onpolicy/MarineMicro_MvsM_4_dist/mappo/check/paper_train_v1/seed_1/evaluations/eval_mappo_MarineMicro_MvsM_4_dist_paper100/bktree,C:\Users\Binich\PycharmProjects\PredictionRTS\output\learner_results\all_data\fused_bktree_web_batch_20260612_153602_top100_anchor_no_replay\MarineMicro_MvsM_4_dist\bktree,16,16,0,0,0 10 10 2 2 11 12 13 47 47 15 15 16 69 69 51,0 312 312 249 249 543 544 15 333 333 339 339 545 229 229 547,source_bktree source_bktree source_bktree source_bktree source_bktree source_bktree source_bktree source_bktree source_bktree source_bktree source_bktree source_bktree source_bktree source_bktree source_bktree source_bktree,0 10 10 2 2 11 12 13 47 47 15 15 16 69 69 51
558,MarineMicro_MvsM_4_dist,MAPPO,OnPolicy,MarineMicro_MvsM_4_dist/mappo/check/paper_train_v1/seed_1/evaluations,onpolicy,MarineMicro_MvsM_4_dist/mappo/check/paper_train_v1/seed_1/evaluations,,eval_mappo_MarineMicro_MvsM_4_dist_paper100,76,,Win,63.0,20.0,True,onpolicy/MarineMicro_MvsM_4_dist/mappo/check/paper_train_v1/seed_1/evaluations/eval_mappo_MarineMicro_MvsM_4_dist_paper100/bktree/node_log.txt,onpolicy/MarineMicro_MvsM_4_dist/mappo/check/paper_train_v1/seed_1/evaluations/eval_mappo_MarineMicro_MvsM_4_dist_paper100/bktree,C:\Users\Binich\PycharmProjects\PredictionRTS\output\learner_results\all_data\fused_bktree_web_batch_20260612_153602_top100_anchor_no_replay\MarineMicro_MvsM_4_dist\bktree,16,16,0,0,0 10 10 2 11 11 13 13 14 14 15 15 16 17 18 19,0 312 312 249 543 543 15 15 328 328 339 339 545 546 317 547,source_bktree source_bktree source_bktree source_bktree source_bktree source_bktree source_bktree source_bktree source_bktree source_bktree source_bktree source_bktree source_bktree source_bktree source_bktree source_bktree,0 10 10 2 11 11 13 13 14 14 15 15 16 17 18 19
559,MarineMicro_MvsM_4_dist,MAPPO,OnPolicy,MarineMicro_MvsM_4_dist/mappo/check/paper_train_v1/seed_1/evaluations,onpolicy,MarineMicro_MvsM_4_dist/mappo/check/paper_train_v1/seed_1/evaluations,,eval_mappo_MarineMicro_MvsM_4_dist_paper100,78,,Win,63.0,20.0,True,onpolicy/MarineMicro_MvsM_4_dist/mappo/check/paper_train_v1/seed_1/evaluations/eval_mappo_MarineMicro_MvsM_4_dist_paper100/bktree/node_log.txt,onpolicy/MarineMicro_MvsM_4_dist/mappo/check/paper_train_v1/seed_1/evaluations/eval_mappo_MarineMicro_MvsM_4_dist_paper100/bktree,C:\Users\Binich\PycharmProjects\PredictionRTS\output\learner_results\all_data\fused_bktree_web_batch_20260612_153602_top100_anchor_no_replay\MarineMicro_MvsM_4_dist\bktree,16,16,0,0,0 39 39 2 3 3 41 41 42 42 43 43 44 45 45 34,0 22 22 249 42 42 81 81 558 558 559 559 142 47 47 554,source_bktree source_bktree source_bktree source_bktree source_bktree source_bktree source_bktree source_bktree source_bktree source_bktree source_bktree source_bktree source_bktree source_bktree source_bktree source_bktree,0 39 39 2 3 3 41 41 42 42 43 43 44 45 45 34
560,MarineMicro_MvsM_4_dist,MAPPO,OnPolicy,MarineMicro_MvsM_4_dist/mappo/check/paper_train_v1/seed_1/evaluations,onpolicy,MarineMicro_MvsM_4_dist/mappo/check/paper_train_v1/seed_1/evaluations,,eval_mappo_MarineMicro_MvsM_4_dist_paper100,80,,Win,63.0,20.0,True,onpolicy/MarineMicro_MvsM_4_dist/mappo/check/paper_train_v1/seed_1/evaluations/eval_mappo_MarineMicro_MvsM_4_dist_paper100/bktree/node_log.txt,onpolicy/MarineMicro_MvsM_4_dist/mappo/check/paper_train_v1/seed_1/evaluations/eval_mappo_MarineMicro_MvsM_4_dist_paper100/bktree,C:\Users\Binich\PycharmProjects\PredictionRTS\output\learner_results\all_data\fused_bktree_web_batch_20260612_153602_top100_anchor_no_replay\MarineMicro_MvsM_4_dist\bktree,16,16,0,0,0 10 10 2 11 11 13 13 14 14 15 15 16 17 17 19,0 312 312 249 543 543 15 15 328 328 339 339 545 546 546 547,source_bktree source_bktree source_bktree source_bktree source_bktree source_bktree source_bktree source_bktree source_bktree source_bktree source_bktree source_bktree source_bktree source_bktree source_bktree source_bktree,0 10 10 2 11 11 13 13 14 14 15 15 16 17 17 19
561,MarineMicro_MvsM_4_dist,MAPPO,OnPolicy,MarineMicro_MvsM_4_dist/mappo/check/paper_train_v1/seed_1/evaluations,onpolicy,MarineMicro_MvsM_4_dist/mappo/check/paper_train_v1/seed_1/evaluations,,eval_mappo_MarineMicro_MvsM_4_dist_paper100,82,,Win,63.0,20.0,True,onpolicy/MarineMicro_MvsM_4_dist/mappo/check/paper_train_v1/seed_1/evaluations/eval_mappo_MarineMicro_MvsM_4_dist_paper100/bktree/node_log.txt,onpolicy/MarineMicro_MvsM_4_dist/mappo/check/paper_train_v1/seed_1/evaluations/eval_mappo_MarineMicro_MvsM_4_dist_paper100/bktree,C:\Users\Binich\PycharmProjects\PredictionRTS\output\learner_results\all_data\fused_bktree_web_batch_20260612_153602_top100_anchor_no_replay\MarineMicro_MvsM_4_dist\bktree,16,16,0,0,0 10 10 2 30 30 31 13 47 47 32 32 33 18 18 19,0 312 312 249 26 26 366 15 333 333 552 552 553 317 317 547,source_bktree source_bktree source_bktree source_bktree source_bktree source_bktree source_bktree source_bktree source_bktree source_bktree source_bktree source_bktree source_bktree source_bktree source_bktree source_bktree,0 10 10 2 30 30 31 13 47 47 32 32 33 18 18 19
562,MarineMicro_MvsM_4_dist,MAPPO,OnPolicy,MarineMicro_MvsM_4_dist/mappo/check/paper_train_v1/seed_1/evaluations,onpolicy,MarineMicro_MvsM_4_dist/mappo/check/paper_train_v1/seed_1/evaluations,,eval_mappo_MarineMicro_MvsM_4_dist_paper100,83,,Win,63.0,20.0,True,onpolicy/MarineMicro_MvsM_4_dist/mappo/check/paper_train_v1/seed_1/evaluations/eval_mappo_MarineMicro_MvsM_4_dist_paper100/bktree/node_log.txt,onpolicy/MarineMicro_MvsM_4_dist/mappo/check/paper_train_v1/seed_1/evaluations/eval_mappo_MarineMicro_MvsM_4_dist_paper100/bktree,C:\Users\Binich\PycharmProjects\PredictionRTS\output\learner_results\all_data\fused_bktree_web_batch_20260612_153602_top100_anchor_no_replay\MarineMicro_MvsM_4_dist\bktree,16,16,0,0,0 10 10 2 11 11 12 13 47 47 15 15 16 17 17 19,0 312 312 249 543 543 544 15 333 333 339 339 545 546 546 547,source_bktree source_bktree source_bktree source_bktree source_bktree source_bktree source_bktree source_bktree source_bktree source_bktree source_bktree source_bktree source_bktree source_bktree source_bktree source_bktree,0 10 10 2 11 11 12 13 47 47 15 15 16 17 17 19
563,MarineMicro_MvsM_4_dist,MAPPO,OnPolicy,MarineMicro_MvsM_4_dist/mappo/check/paper_train_v1/seed_1/evaluations,onpolicy,MarineMicro_MvsM_4_dist/mappo/check/paper_train_v1/seed_1/evaluations,,eval_mappo_MarineMicro_MvsM_4_dist_paper100,84,,Win,63.0,20.0,True,onpolicy/MarineMicro_MvsM_4_dist/mappo/check/paper_train_v1/seed_1/evaluations/eval_mappo_MarineMicro_MvsM_4_dist_paper100/bktree/node_log.txt,onpolicy/MarineMicro_MvsM_4_dist/mappo/check/paper_train_v1/seed_1/evaluations/eval_mappo_MarineMicro_MvsM_4_dist_paper100/bktree,C:\Users\Binich\PycharmProjects\PredictionRTS\output\learner_results\all_data\fused_bktree_web_batch_20260612_153602_top100_anchor_no_replay\MarineMicro_MvsM_4_dist\bktree,16,16,0,0,0 20 20 2 21 30 28 4 23 23 24 24 25 26 26 19,0 323 323 249 36 26 551 15 548 548 78 78 79 549 549 547,source_bktree source_bktree source_bktree source_bktree source_bktree source_bktree source_bktree source_bktree source_bktree source_bktree source_bktree source_bktree source_bktree source_bktree source_bktree source_bktree,0 20 20 2 21 30 28 4 23 23 24 24 25 26 26 19
564,MarineMicro_MvsM_4_dist,MAPPO,OnPolicy,MarineMicro_MvsM_4_dist/mappo/check/paper_train_v1/seed_1/evaluations,onpolicy,MarineMicro_MvsM_4_dist/mappo/check/paper_train_v1/seed_1/evaluations,,eval_mappo_MarineMicro_MvsM_4_dist_paper100,85,,Win,63.0,20.0,True,onpolicy/MarineMicro_MvsM_4_dist/mappo/check/paper_train_v1/seed_1/evaluations/eval_mappo_MarineMicro_MvsM_4_dist_paper100/bktree/node_log.txt,onpolicy/MarineMicro_MvsM_4_dist/mappo/check/paper_train_v1/seed_1/evaluations/eval_mappo_MarineMicro_MvsM_4_dist_paper100/bktree,C:\Users\Binich\PycharmProjects\PredictionRTS\output\learner_results\all_data\fused_bktree_web_batch_20260612_153602_top100_anchor_no_replay\MarineMicro_MvsM_4_dist\bktree,16,16,0,0,0 10 10 2 11 11 12 13 14 14 15 15 16 17 17 19,0 312 312 249 543 543 544 15 328 328 339 339 545 546 546 547,source_bktree source_bktree source_bktree source_bktree source_bktree source_bktree source_bktree source_bktree source_bktree source_bktree source_bktree source_bktree source_bktree source_bktree source_bktree source_bktree,0 10 10 2 11 11 12 13 14 14 15 15 16 17 17 19
565,MarineMicro_MvsM_4_dist,MAPPO,OnPolicy,MarineMicro_MvsM_4_dist/mappo/check/paper_train_v1/seed_1/evaluations,onpolicy,MarineMicro_MvsM_4_dist/mappo/check/paper_train_v1/seed_1/evaluations,,eval_mappo_MarineMicro_MvsM_4_dist_paper100,87,,Win,63.0,20.0,True,onpolicy/MarineMicro_MvsM_4_dist/mappo/check/paper_train_v1/seed_1/evaluations/eval_mappo_MarineMicro_MvsM_4_dist_paper100/bktree/node_log.txt,onpolicy/MarineMicro_MvsM_4_dist/mappo/check/paper_train_v1/seed_1/evaluations/eval_mappo_MarineMicro_MvsM_4_dist_paper100/bktree,C:\Users\Binich\PycharmProjects\PredictionRTS\output\learner_results\all_data\fused_bktree_web_batch_20260612_153602_top100_anchor_no_replay\MarineMicro_MvsM_4_dist\bktree,16,16,0,0,0 20 20 2 2 30 28 4 23 23 24 24 25 26 26 34,0 323 323 249 249 26 551 15 548 548 78 78 79 549 549 554,source_bktree source_bktree source_bktree source_bktree source_bktree source_bktree source_bktree source_bktree source_bktree source_bktree source_bktree source_bktree source_bktree source_bktree source_bktree source_bktree,0 20 20 2 2 30 28 4 23 23 24 24 25 26 26 34
566,MarineMicro_MvsM_4_dist,MAPPO,OnPolicy,MarineMicro_MvsM_4_dist/mappo/check/paper_train_v1/seed_1/evaluations,onpolicy,MarineMicro_MvsM_4_dist/mappo/check/paper_train_v1/seed_1/evaluations,,eval_mappo_MarineMicro_MvsM_4_dist_paper100,90,,Win,63.0,20.0,True,onpolicy/MarineMicro_MvsM_4_dist/mappo/check/paper_train_v1/seed_1/evaluations/eval_mappo_MarineMicro_MvsM_4_dist_paper100/bktree/node_log.txt,onpolicy/MarineMicro_MvsM_4_dist/mappo/check/paper_train_v1/seed_1/evaluations/eval_mappo_MarineMicro_MvsM_4_dist_paper100/bktree,C:\Users\Binich\PycharmProjects\PredictionRTS\output\learner_results\all_data\fused_bktree_web_batch_20260612_153602_top100_anchor_no_replay\MarineMicro_MvsM_4_dist\bktree,16,16,0,0,0 20 20 2 2 3 60 22 58 5 6 50 7 8 18 9,0 323 323 249 249 42 139 15 483 538 539 563 540 541 317 542,source_bktree source_bktree source_bktree source_bktree source_bktree source_bktree source_bktree source_bktree source_bktree source_bktree source_bktree source_bktree source_bktree source_bktree source_bktree source_bktree,0 20 20 2 2 3 60 22 58 5 6 50 7 8 18 9
567,MarineMicro_MvsM_4_dist,MAPPO,OnPolicy,MarineMicro_MvsM_4_dist/mappo/check/paper_train_v1/seed_1/evaluations,onpolicy,MarineMicro_MvsM_4_dist/mappo/check/paper_train_v1/seed_1/evaluations,,eval_mappo_MarineMicro_MvsM_4_dist_paper100,99,,Win,63.0,20.0,True,onpolicy/MarineMicro_MvsM_4_dist/mappo/check/paper_train_v1/seed_1/evaluations/eval_mappo_MarineMicro_MvsM_4_dist_paper100/bktree/node_log.txt,onpolicy/MarineMicro_MvsM_4_dist/mappo/check/paper_train_v1/seed_1/evaluations/eval_mappo_MarineMicro_MvsM_4_dist_paper100/bktree,C:\Users\Binich\PycharmProjects\PredictionRTS\output\learner_results\all_data\fused_bktree_web_batch_20260612_153602_top100_anchor_no_replay\MarineMicro_MvsM_4_dist\bktree,16,16,0,0,0 39 39 2 40 40 41 41 42 42 43 43 44 45 45 46,0 22 22 249 42 42 81 81 558 558 559 559 142 47 47 560,source_bktree source_bktree source_bktree source_bktree source_bktree source_bktree source_bktree source_bktree source_bktree source_bktree source_bktree source_bktree source_bktree source_bktree source_bktree source_bktree,0 39 39 2 40 40 41 41 42 42 43 43 44 45 45 46
568,MarineMicro_MvsM_4_dist,MAPPO,OnPolicy,MarineMicro_MvsM_4_dist/mappo/check/paper_train_v1/seed_1/evaluations,onpolicy,MarineMicro_MvsM_4_dist/mappo/check/paper_train_v1/seed_1/evaluations,,eval_mappo_MarineMicro_MvsM_4_dist_paper100,3,,Win,57.0,20.0,True,onpolicy/MarineMicro_MvsM_4_dist/mappo/check/paper_train_v1/seed_1/evaluations/eval_mappo_MarineMicro_MvsM_4_dist_paper100/bktree/node_log.txt,onpolicy/MarineMicro_MvsM_4_dist/mappo/check/paper_train_v1/seed_1/evaluations/eval_mappo_MarineMicro_MvsM_4_dist_paper100/bktree,C:\Users\Binich\PycharmProjects\PredictionRTS\output\learner_results\all_data\fused_bktree_web_batch_20260612_153602_top100_anchor_no_replay\MarineMicro_MvsM_4_dist\bktree,16,16,0,0,0 20 20 2 21 21 22 22 23 23 24 24 25 26 18 19,0 323 323 249 36 36 15 15 548 548 78 78 79 549 317 547,source_bktree source_bktree source_bktree source_bktree source_bktree source_bktree source_bktree source_bktree source_bktree source_bktree source_bktree source_bktree source_bktree source_bktree source_bktree source_bktree,0 20 20 2 21 21 22 22 23 23 24 24 25 26 18 19
569,MarineMicro_MvsM_4_dist,MAPPO,OnPolicy,MarineMicro_MvsM_4_dist/mappo/check/paper_train_v1/seed_1/evaluations,onpolicy,MarineMicro_MvsM_4_dist/mappo/check/paper_train_v1/seed_1/evaluations,,eval_mappo_MarineMicro_MvsM_4_dist_paper100,5,,Win,57.0,20.0,True,onpolicy/MarineMicro_MvsM_4_dist/mappo/check/paper_train_v1/seed_1/evaluations/eval_mappo_MarineMicro_MvsM_4_dist_paper100/bktree/node_log.txt,onpolicy/MarineMicro_MvsM_4_dist/mappo/check/paper_train_v1/seed_1/evaluations/eval_mappo_MarineMicro_MvsM_4_dist_paper100/bktree,C:\Users\Binich\PycharmProjects\PredictionRTS\output\learner_results\all_data\fused_bktree_web_batch_20260612_153602_top100_anchor_no_replay\MarineMicro_MvsM_4_dist\bktree,16,16,0,0,0 20 27 2 21 21 28 22 23 23 24 24 25 26 18 19,0 323 550 249 36 36 551 15 548 548 78 78 79 549 317 547,source_bktree source_bktree source_bktree source_bktree source_bktree source_bktree source_bktree source_bktree source_bktree source_bktree source_bktree source_bktree source_bktree source_bktree source_bktree source_bktree,0 20 27 2 21 21 28 22 23 23 24 24 25 26 18 19
570,MarineMicro_MvsM_4_dist,MAPPO,OnPolicy,MarineMicro_MvsM_4_dist/mappo/check/paper_train_v1/seed_1/evaluations,onpolicy,MarineMicro_MvsM_4_dist/mappo/check/paper_train_v1/seed_1/evaluations,,eval_mappo_MarineMicro_MvsM_4_dist_paper100,8,,Win,57.0,20.0,True,onpolicy/MarineMicro_MvsM_4_dist/mappo/check/paper_train_v1/seed_1/evaluations/eval_mappo_MarineMicro_MvsM_4_dist_paper100/bktree/node_log.txt,onpolicy/MarineMicro_MvsM_4_dist/mappo/check/paper_train_v1/seed_1/evaluations/eval_mappo_MarineMicro_MvsM_4_dist_paper100/bktree,C:\Users\Binich\PycharmProjects\PredictionRTS\output\learner_results\all_data\fused_bktree_web_batch_20260612_153602_top100_anchor_no_replay\MarineMicro_MvsM_4_dist\bktree,16,16,0,0,0 10 10 2 21 30 31 13 14 14 32 32 33 18 18 34,0 312 312 249 36 26 366 15 328 328 552 552 553 317 317 554,source_bktree source_bktree source_bktree source_bktree source_bktree source_bktree source_bktree source_bktree source_bktree source_bktree source_bktree source_bktree source_bktree source_bktree source_bktree source_bktree,0 10 10 2 21 30 31 13 14 14 32 32 33 18 18 34
571,MarineMicro_MvsM_4_dist,MAPPO,OnPolicy,MarineMicro_MvsM_4_dist/mappo/check/paper_train_v1/seed_1/evaluations,onpolicy,MarineMicro_MvsM_4_dist/mappo/check/paper_train_v1/seed_1/evaluations,,eval_mappo_MarineMicro_MvsM_4_dist_paper100,18,,Win,57.0,20.0,True,onpolicy/MarineMicro_MvsM_4_dist/mappo/check/paper_train_v1/seed_1/evaluations/eval_mappo_MarineMicro_MvsM_4_dist_paper100/bktree/node_log.txt,onpolicy/MarineMicro_MvsM_4_dist/mappo/check/paper_train_v1/seed_1/evaluations/eval_mappo_MarineMicro_MvsM_4_dist_paper100/bktree,C:\Users\Binich\PycharmProjects\PredictionRTS\output\learner_results\all_data\fused_bktree_web_batch_20260612_153602_top100_anchor_no_replay\MarineMicro_MvsM_4_dist\bktree,16,16,0,0,0 10 10 2 11 11 12 13 47 47 15 15 16 17 17 51,0 312 312 249 543 543 544 15 333 333 339 339 545 546 546 547,source_bktree source_bktree source_bktree source_bktree source_bktree source_bktree source_bktree source_bktree source_bktree source_bktree source_bktree source_bktree source_bktree source_bktree source_bktree source_bktree,0 10 10 2 11 11 12 13 47 47 15 15 16 17 17 51
572,MarineMicro_MvsM_4_dist,MAPPO,OnPolicy,MarineMicro_MvsM_4_dist/mappo/check/paper_train_v1/seed_1/evaluations,onpolicy,MarineMicro_MvsM_4_dist/mappo/check/paper_train_v1/seed_1/evaluations,,eval_mappo_MarineMicro_MvsM_4_dist_paper100,25,,Win,57.0,20.0,True,onpolicy/MarineMicro_MvsM_4_dist/mappo/check/paper_train_v1/seed_1/evaluations/eval_mappo_MarineMicro_MvsM_4_dist_paper100/bktree/node_log.txt,onpolicy/MarineMicro_MvsM_4_dist/mappo/check/paper_train_v1/seed_1/evaluations/eval_mappo_MarineMicro_MvsM_4_dist_paper100/bktree,C:\Users\Binich\PycharmProjects\PredictionRTS\output\learner_results\all_data\fused_bktree_web_batch_20260612_153602_top100_anchor_no_replay\MarineMicro_MvsM_4_dist\bktree,16,16,0,0,0 20 20 2 3 3 22 22 5 58 49 49 50 17 18 9,0 323 323 249 42 42 15 15 538 483 562 562 563 546 317 542,source_bktree source_bktree source_bktree source_bktree source_bktree source_bktree source_bktree source_bktree source_bktree source_bktree source_bktree source_bktree source_bktree source_bktree source_bktree source_bktree,0 20 20 2 3 3 22 22 5 58 49 49 50 17 18 9
573,MarineMicro_MvsM_4_dist,MAPPO,OnPolicy,MarineMicro_MvsM_4_dist/mappo/check/paper_train_v1/seed_1/evaluations,onpolicy,MarineMicro_MvsM_4_dist/mappo/check/paper_train_v1/seed_1/evaluations,,eval_mappo_MarineMicro_MvsM_4_dist_paper100,30,,Win,57.0,20.0,True,onpolicy/MarineMicro_MvsM_4_dist/mappo/check/paper_train_v1/seed_1/evaluations/eval_mappo_MarineMicro_MvsM_4_dist_paper100/bktree/node_log.txt,onpolicy/MarineMicro_MvsM_4_dist/mappo/check/paper_train_v1/seed_1/evaluations/eval_mappo_MarineMicro_MvsM_4_dist_paper100/bktree,C:\Users\Binich\PycharmProjects\PredictionRTS\output\learner_results\all_data\fused_bktree_web_batch_20260612_153602_top100_anchor_no_replay\MarineMicro_MvsM_4_dist\bktree,16,16,0,0,0 39 39 2 3 3 41 41 42 42 43 44 44 45 45 34,0 22 22 249 42 42 81 81 558 558 559 142 142 47 47 554,source_bktree source_bktree source_bktree source_bktree source_bktree source_bktree source_bktree source_bktree source_bktree source_bktree source_bktree source_bktree source_bktree source_bktree source_bktree source_bktree,0 39 39 2 3 3 41 41 42 42 43 44 44 45 45 34
574,MarineMicro_MvsM_4_dist,MAPPO,OnPolicy,MarineMicro_MvsM_4_dist/mappo/check/paper_train_v1/seed_1/evaluations,onpolicy,MarineMicro_MvsM_4_dist/mappo/check/paper_train_v1/seed_1/evaluations,,eval_mappo_MarineMicro_MvsM_4_dist_paper100,32,,Win,57.0,20.0,True,onpolicy/MarineMicro_MvsM_4_dist/mappo/check/paper_train_v1/seed_1/evaluations/eval_mappo_MarineMicro_MvsM_4_dist_paper100/bktree/node_log.txt,onpolicy/MarineMicro_MvsM_4_dist/mappo/check/paper_train_v1/seed_1/evaluations/eval_mappo_MarineMicro_MvsM_4_dist_paper100/bktree,C:\Users\Binich\PycharmProjects\PredictionRTS\output\learner_results\all_data\fused_bktree_web_batch_20260612_153602_top100_anchor_no_replay\MarineMicro_MvsM_4_dist\bktree,16,16,0,0,0 20 20 2 21 30 28 22 23 23 24 24 25 26 18 19,0 323 323 249 36 26 551 15 548 548 78 78 79 549 317 547,source_bktree source_bktree source_bktree source_bktree source_bktree source_bktree source_bktree source_bktree source_bktree source_bktree source_bktree source_bktree source_bktree source_bktree source_bktree source_bktree,0 20 20 2 21 30 28 22 23 23 24 24 25 26 18 19
575,MarineMicro_MvsM_4_dist,MAPPO,OnPolicy,MarineMicro_MvsM_4_dist/mappo/check/paper_train_v1/seed_1/evaluations,onpolicy,MarineMicro_MvsM_4_dist/mappo/check/paper_train_v1/seed_1/evaluations,,eval_mappo_MarineMicro_MvsM_4_dist_paper100,33,,Win,57.0,20.0,True,onpolicy/MarineMicro_MvsM_4_dist/mappo/check/paper_train_v1/seed_1/evaluations/eval_mappo_MarineMicro_MvsM_4_dist_paper100/bktree/node_log.txt,onpolicy/MarineMicro_MvsM_4_dist/mappo/check/paper_train_v1/seed_1/evaluations/eval_mappo_MarineMicro_MvsM_4_dist_paper100/bktree,C:\Users\Binich\PycharmProjects\PredictionRTS\output\learner_results\all_data\fused_bktree_web_batch_20260612_153602_top100_anchor_no_replay\MarineMicro_MvsM_4_dist\bktree,16,16,0,0,0 10 10 2 2 11 12 13 14 14 15 15 16 17 17 9,0 312 312 249 249 543 544 15 328 328 339 339 545 546 546 542,source_bktree source_bktree source_bktree source_bktree source_bktree source_bktree source_bktree source_bktree source_bktree source_bktree source_bktree source_bktree source_bktree source_bktree source_bktree source_bktree,0 10 10 2 2 11 12 13 14 14 15 15 16 17 17 9
576,MarineMicro_MvsM_4_dist,MAPPO,OnPolicy,MarineMicro_MvsM_4_dist/mappo/check/paper_train_v1/seed_1/evaluations,onpolicy,MarineMicro_MvsM_4_dist/mappo/check/paper_train_v1/seed_1/evaluations,,eval_mappo_MarineMicro_MvsM_4_dist_paper100,35,,Win,57.0,20.0,True,onpolicy/MarineMicro_MvsM_4_dist/mappo/check/paper_train_v1/seed_1/evaluations/eval_mappo_MarineMicro_MvsM_4_dist_paper100/bktree/node_log.txt,onpolicy/MarineMicro_MvsM_4_dist/mappo/check/paper_train_v1/seed_1/evaluations/eval_mappo_MarineMicro_MvsM_4_dist_paper100/bktree,C:\Users\Binich\PycharmProjects\PredictionRTS\output\learner_results\all_data\fused_bktree_web_batch_20260612_153602_top100_anchor_no_replay\MarineMicro_MvsM_4_dist\bktree,16,16,0,0,0 10 62 2 11 11 12 13 47 47 15 15 16 17 17 19,0 312 565 249 543 543 544 15 333 333 339 339 545 546 546 547,source_bktree source_bktree source_bktree source_bktree source_bktree source_bktree source_bktree source_bktree source_bktree source_bktree source_bktree source_bktree source_bktree source_bktree source_bktree source_bktree,0 10 62 2 11 11 12 13 47 47 15 15 16 17 17 19
577,MarineMicro_MvsM_4_dist,MAPPO,OnPolicy,MarineMicro_MvsM_4_dist/mappo/check/paper_train_v1/seed_1/evaluations,onpolicy,MarineMicro_MvsM_4_dist/mappo/check/paper_train_v1/seed_1/evaluations,,eval_mappo_MarineMicro_MvsM_4_dist_paper100,36,,Win,57.0,20.0,True,onpolicy/MarineMicro_MvsM_4_dist/mappo/check/paper_train_v1/seed_1/evaluations/eval_mappo_MarineMicro_MvsM_4_dist_paper100/bktree/node_log.txt,onpolicy/MarineMicro_MvsM_4_dist/mappo/check/paper_train_v1/seed_1/evaluations/eval_mappo_MarineMicro_MvsM_4_dist_paper100/bktree,C:\Users\Binich\PycharmProjects\PredictionRTS\output\learner_results\all_data\fused_bktree_web_batch_20260612_153602_top100_anchor_no_replay\MarineMicro_MvsM_4_dist\bktree,16,16,0,0,0 1 63 2 3 3 4 4 5 5 6 61 7 8 8 9,0 33 69 249 42 42 15 15 538 538 539 142 540 541 541 542,source_bktree source_bktree source_bktree source_bktree source_bktree source_bktree source_bktree source_bktree source_bktree source_bktree source_bktree source_bktree source_bktree source_bktree source_bktree source_bktree,0 1 63 2 3 3 4 4 5 5 6 61 7 8 8 9
578,MarineMicro_MvsM_4_dist,MAPPO,OnPolicy,MarineMicro_MvsM_4_dist/mappo/check/paper_train_v1/seed_1/evaluations,onpolicy,MarineMicro_MvsM_4_dist/mappo/check/paper_train_v1/seed_1/evaluations,,eval_mappo_MarineMicro_MvsM_4_dist_paper100,38,,Win,57.0,20.0,True,onpolicy/MarineMicro_MvsM_4_dist/mappo/check/paper_train_v1/seed_1/evaluations/eval_mappo_MarineMicro_MvsM_4_dist_paper100/bktree/node_log.txt,onpolicy/MarineMicro_MvsM_4_dist/mappo/check/paper_train_v1/seed_1/evaluations/eval_mappo_MarineMicro_MvsM_4_dist_paper100/bktree,C:\Users\Binich\PycharmProjects\PredictionRTS\output\learner_results\all_data\fused_bktree_web_batch_20260612_153602_top100_anchor_no_replay\MarineMicro_MvsM_4_dist\bktree,16,16,0,0,0 39 64 2 3 3 41 41 42 42 43 44 44 45 45 34,0 22 24 249 42 42 81 81 558 558 559 142 142 47 47 554,source_bktree source_bktree source_bktree source_bktree source_bktree source_bktree source_bktree source_bktree source_bktree source_bktree source_bktree source_bktree source_bktree source_bktree source_bktree source_bktree,0 39 64 2 3 3 41 41 42 42 43 44 44 45 45 34
579,MarineMicro_MvsM_4_dist,MAPPO,OnPolicy,MarineMicro_MvsM_4_dist/mappo/check/paper_train_v1/seed_1/evaluations,onpolicy,MarineMicro_MvsM_4_dist/mappo/check/paper_train_v1/seed_1/evaluations,,eval_mappo_MarineMicro_MvsM_4_dist_paper100,43,,Win,57.0,20.0,True,onpolicy/MarineMicro_MvsM_4_dist/mappo/check/paper_train_v1/seed_1/evaluations/eval_mappo_MarineMicro_MvsM_4_dist_paper100/bktree/node_log.txt,onpolicy/MarineMicro_MvsM_4_dist/mappo/check/paper_train_v1/seed_1/evaluations/eval_mappo_MarineMicro_MvsM_4_dist_paper100/bktree,C:\Users\Binich\PycharmProjects\PredictionRTS\output\learner_results\all_data\fused_bktree_web_batch_20260612_153602_top100_anchor_no_replay\MarineMicro_MvsM_4_dist\bktree,16,16,0,0,0 20 20 2 2 3 60 22 5 58 49 49 50 17 18 9,0 323 323 249 249 42 139 15 538 483 562 562 563 546 317 542,source_bktree source_bktree source_bktree source_bktree source_bktree source_bktree source_bktree source_bktree source_bktree source_bktree source_bktree source_bktree source_bktree source_bktree source_bktree source_bktree,0 20 20 2 2 3 60 22 5 58 49 49 50 17 18 9
580,MarineMicro_MvsM_4_dist,MAPPO,OnPolicy,MarineMicro_MvsM_4_dist/mappo/check/paper_train_v1/seed_1/evaluations,onpolicy,MarineMicro_MvsM_4_dist/mappo/check/paper_train_v1/seed_1/evaluations,,eval_mappo_MarineMicro_MvsM_4_dist_paper100,44,,Win,57.0,20.0,True,onpolicy/MarineMicro_MvsM_4_dist/mappo/check/paper_train_v1/seed_1/evaluations/eval_mappo_MarineMicro_MvsM_4_dist_paper100/bktree/node_log.txt,onpolicy/MarineMicro_MvsM_4_dist/mappo/check/paper_train_v1/seed_1/evaluations/eval_mappo_MarineMicro_MvsM_4_dist_paper100/bktree,C:\Users\Binich\PycharmProjects\PredictionRTS\output\learner_results\all_data\fused_bktree_web_batch_20260612_153602_top100_anchor_no_replay\MarineMicro_MvsM_4_dist\bktree,16,16,0,0,0 10 10 2 30 30 13 13 14 14 32 32 33 26 18 34,0 312 312 249 26 26 15 15 328 328 552 552 553 549 317 554,source_bktree source_bktree source_bktree source_bktree source_bktree source_bktree source_bktree source_bktree source_bktree source_bktree source_bktree source_bktree source_bktree source_bktree source_bktree source_bktree,0 10 10 2 30 30 13 13 14 14 32 32 33 26 18 34
581,MarineMicro_MvsM_4_dist,MAPPO,OnPolicy,MarineMicro_MvsM_4_dist/mappo/check/paper_train_v1/seed_1/evaluations,onpolicy,MarineMicro_MvsM_4_dist/mappo/check/paper_train_v1/seed_1/evaluations,,eval_mappo_MarineMicro_MvsM_4_dist_paper100,46,,Win,57.0,20.0,True,onpolicy/MarineMicro_MvsM_4_dist/mappo/check/paper_train_v1/seed_1/evaluations/eval_mappo_MarineMicro_MvsM_4_dist_paper100/bktree/node_log.txt,onpolicy/MarineMicro_MvsM_4_dist/mappo/check/paper_train_v1/seed_1/evaluations/eval_mappo_MarineMicro_MvsM_4_dist_paper100/bktree,C:\Users\Binich\PycharmProjects\PredictionRTS\output\learner_results\all_data\fused_bktree_web_batch_20260612_153602_top100_anchor_no_replay\MarineMicro_MvsM_4_dist\bktree,16,16,0,0,0 10 10 2 30 30 31 13 47 47 32 32 33 59 18 34,0 312 312 249 26 26 366 15 333 333 552 552 553 330 317 554,source_bktree source_bktree source_bktree source_bktree source_bktree source_bktree source_bktree source_bktree source_bktree source_bktree source_bktree source_bktree source_bktree source_bktree source_bktree source_bktree,0 10 10 2 30 30 31 13 47 47 32 32 33 59 18 34
582,MarineMicro_MvsM_4_dist,MAPPO,OnPolicy,MarineMicro_MvsM_4_dist/mappo/check/paper_train_v1/seed_1/evaluations,onpolicy,MarineMicro_MvsM_4_dist/mappo/check/paper_train_v1/seed_1/evaluations,,eval_mappo_MarineMicro_MvsM_4_dist_paper100,51,,Win,57.0,20.0,True,onpolicy/MarineMicro_MvsM_4_dist/mappo/check/paper_train_v1/seed_1/evaluations/eval_mappo_MarineMicro_MvsM_4_dist_paper100/bktree/node_log.txt,onpolicy/MarineMicro_MvsM_4_dist/mappo/check/paper_train_v1/seed_1/evaluations/eval_mappo_MarineMicro_MvsM_4_dist_paper100/bktree,C:\Users\Binich\PycharmProjects\PredictionRTS\output\learner_results\all_data\fused_bktree_web_batch_20260612_153602_top100_anchor_no_replay\MarineMicro_MvsM_4_dist\bktree,16,16,0,0,0 20 20 2 21 30 22 22 23 23 24 24 25 26 18 19,0 323 323 249 36 26 15 15 548 548 78 78 79 549 317 547,source_bktree source_bktree source_bktree source_bktree source_bktree source_bktree source_bktree source_bktree source_bktree source_bktree source_bktree source_bktree source_bktree source_bktree source_bktree source_bktree,0 20 20 2 21 30 22 22 23 23 24 24 25 26 18 19
583,MarineMicro_MvsM_4_dist,MAPPO,OnPolicy,MarineMicro_MvsM_4_dist/mappo/check/paper_train_v1/seed_1/evaluations,onpolicy,MarineMicro_MvsM_4_dist/mappo/check/paper_train_v1/seed_1/evaluations,,eval_mappo_MarineMicro_MvsM_4_dist_paper100,54,,Win,57.0,20.0,True,onpolicy/MarineMicro_MvsM_4_dist/mappo/check/paper_train_v1/seed_1/evaluations/eval_mappo_MarineMicro_MvsM_4_dist_paper100/bktree/node_log.txt,onpolicy/MarineMicro_MvsM_4_dist/mappo/check/paper_train_v1/seed_1/evaluations/eval_mappo_MarineMicro_MvsM_4_dist_paper100/bktree,C:\Users\Binich\PycharmProjects\PredictionRTS\output\learner_results\all_data\fused_bktree_web_batch_20260612_153602_top100_anchor_no_replay\MarineMicro_MvsM_4_dist\bktree,16,16,0,0,0 1 1 2 3 3 4 4 5 5 6 61 7 8 8 9,0 33 33 249 42 42 15 15 538 538 539 142 540 541 541 542,source_bktree source_bktree source_bktree source_bktree source_bktree source_bktree source_bktree source_bktree source_bktree source_bktree source_bktree source_bktree source_bktree source_bktree source_bktree source_bktree,0 1 1 2 3 3 4 4 5 5 6 61 7 8 8 9
584,MarineMicro_MvsM_4_dist,MAPPO,OnPolicy,MarineMicro_MvsM_4_dist/mappo/check/paper_train_v1/seed_1/evaluations,onpolicy,MarineMicro_MvsM_4_dist/mappo/check/paper_train_v1/seed_1/evaluations,,eval_mappo_MarineMicro_MvsM_4_dist_paper100,56,,Win,57.0,20.0,True,onpolicy/MarineMicro_MvsM_4_dist/mappo/check/paper_train_v1/seed_1/evaluations/eval_mappo_MarineMicro_MvsM_4_dist_paper100/bktree/node_log.txt,onpolicy/MarineMicro_MvsM_4_dist/mappo/check/paper_train_v1/seed_1/evaluations/eval_mappo_MarineMicro_MvsM_4_dist_paper100/bktree,C:\Users\Binich\PycharmProjects\PredictionRTS\output\learner_results\all_data\fused_bktree_web_batch_20260612_153602_top100_anchor_no_replay\MarineMicro_MvsM_4_dist\bktree,16,16,0,0,0 1 1 2 3 3 4 4 5 36 6 61 7 8 8 9,0 33 33 249 42 42 15 15 538 555 539 142 540 541 541 542,source_bktree source_bktree source_bktree source_bktree source_bktree source_bktree source_bktree source_bktree source_bktree source_bktree source_bktree source_bktree source_bktree source_bktree source_bktree source_bktree,0 1 1 2 3 3 4 4 5 36 6 61 7 8 8 9
585,MarineMicro_MvsM_4_dist,MAPPO,OnPolicy,MarineMicro_MvsM_4_dist/mappo/check/paper_train_v1/seed_1/evaluations,onpolicy,MarineMicro_MvsM_4_dist/mappo/check/paper_train_v1/seed_1/evaluations,,eval_mappo_MarineMicro_MvsM_4_dist_paper100,57,,Win,57.0,20.0,True,onpolicy/MarineMicro_MvsM_4_dist/mappo/check/paper_train_v1/seed_1/evaluations/eval_mappo_MarineMicro_MvsM_4_dist_paper100/bktree/node_log.txt,onpolicy/MarineMicro_MvsM_4_dist/mappo/check/paper_train_v1/seed_1/evaluations/eval_mappo_MarineMicro_MvsM_4_dist_paper100/bktree,C:\Users\Binich\PycharmProjects\PredictionRTS\output\learner_results\all_data\fused_bktree_web_batch_20260612_153602_top100_anchor_no_replay\MarineMicro_MvsM_4_dist\bktree,16,16,0,0,0 20 20 2 3 3 60 22 58 58 49 49 50 17 17 9,0 323 323 249 42 42 139 15 483 483 562 562 563 546 546 542,source_bktree source_bktree source_bktree source_bktree source_bktree source_bktree source_bktree source_bktree source_bktree source_bktree source_bktree source_bktree source_bktree source_bktree source_bktree source_bktree,0 20 20 2 3 3 60 22 58 58 49 49 50 17 17 9
586,MarineMicro_MvsM_4_dist,MAPPO,OnPolicy,MarineMicro_MvsM_4_dist/mappo/check/paper_train_v1/seed_1/evaluations,onpolicy,MarineMicro_MvsM_4_dist/mappo/check/paper_train_v1/seed_1/evaluations,,eval_mappo_MarineMicro_MvsM_4_dist_paper100,63,,Win,57.0,20.0,True,onpolicy/MarineMicro_MvsM_4_dist/mappo/check/paper_train_v1/seed_1/evaluations/eval_mappo_MarineMicro_MvsM_4_dist_paper100/bktree/node_log.txt,onpolicy/MarineMicro_MvsM_4_dist/mappo/check/paper_train_v1/seed_1/evaluations/eval_mappo_MarineMicro_MvsM_4_dist_paper100/bktree,C:\Users\Binich\PycharmProjects\PredictionRTS\output\learner_results\all_data\fused_bktree_web_batch_20260612_153602_top100_anchor_no_replay\MarineMicro_MvsM_4_dist\bktree,16,16,0,0,0 1 63 2 3 3 4 4 5 5 6 7 7 8 8 9,0 33 69 249 42 42 15 15 538 538 539 540 540 541 541 542,source_bktree source_bktree source_bktree source_bktree source_bktree source_bktree source_bktree source_bktree source_bktree source_bktree source_bktree source_bktree source_bktree source_bktree source_bktree source_bktree,0 1 63 2 3 3 4 4 5 5 6 7 7 8 8 9
587,MarineMicro_MvsM_4_dist,MAPPO,OnPolicy,MarineMicro_MvsM_4_dist/mappo/check/paper_train_v1/seed_1/evaluations,onpolicy,MarineMicro_MvsM_4_dist/mappo/check/paper_train_v1/seed_1/evaluations,,eval_mappo_MarineMicro_MvsM_4_dist_paper100,65,,Win,57.0,20.0,True,onpolicy/MarineMicro_MvsM_4_dist/mappo/check/paper_train_v1/seed_1/evaluations/eval_mappo_MarineMicro_MvsM_4_dist_paper100/bktree/node_log.txt,onpolicy/MarineMicro_MvsM_4_dist/mappo/check/paper_train_v1/seed_1/evaluations/eval_mappo_MarineMicro_MvsM_4_dist_paper100/bktree,C:\Users\Binich\PycharmProjects\PredictionRTS\output\learner_results\all_data\fused_bktree_web_batch_20260612_153602_top100_anchor_no_replay\MarineMicro_MvsM_4_dist\bktree,16,16,0,0,0 20 20 2 3 3 22 22 5 58 49 50 50 17 18 9,0 323 323 249 42 42 15 15 538 483 562 563 563 546 317 542,source_bktree source_bktree source_bktree source_bktree source_bktree source_bktree source_bktree source_bktree source_bktree source_bktree source_bktree source_bktree source_bktree source_bktree source_bktree source_bktree,0 20 20 2 3 3 22 22 5 58 49 50 50 17 18 9
588,MarineMicro_MvsM_4_dist,MAPPO,OnPolicy,MarineMicro_MvsM_4_dist/mappo/check/paper_train_v1/seed_1/evaluations,onpolicy,MarineMicro_MvsM_4_dist/mappo/check/paper_train_v1/seed_1/evaluations,,eval_mappo_MarineMicro_MvsM_4_dist_paper100,66,,Win,57.0,20.0,True,onpolicy/MarineMicro_MvsM_4_dist/mappo/check/paper_train_v1/seed_1/evaluations/eval_mappo_MarineMicro_MvsM_4_dist_paper100/bktree/node_log.txt,onpolicy/MarineMicro_MvsM_4_dist/mappo/check/paper_train_v1/seed_1/evaluations/eval_mappo_MarineMicro_MvsM_4_dist_paper100/bktree,C:\Users\Binich\PycharmProjects\PredictionRTS\output\learner_results\all_data\fused_bktree_web_batch_20260612_153602_top100_anchor_no_replay\MarineMicro_MvsM_4_dist\bktree,16,16,0,0,0 10 10 2 30 30 31 13 14 14 32 32 33 26 18 34,0 312 312 249 26 26 366 15 328 328 552 552 553 549 317 554,source_bktree source_bktree source_bktree source_bktree source_bktree source_bktree source_bktree source_bktree source_bktree source_bktree source_bktree source_bktree source_bktree source_bktree source_bktree source_bktree,0 10 10 2 30 30 31 13 14 14 32 32 33 26 18 34
589,MarineMicro_MvsM_4_dist,MAPPO,OnPolicy,MarineMicro_MvsM_4_dist/mappo/check/paper_train_v1/seed_1/evaluations,onpolicy,MarineMicro_MvsM_4_dist/mappo/check/paper_train_v1/seed_1/evaluations,,eval_mappo_MarineMicro_MvsM_4_dist_paper100,70,,Win,57.0,20.0,True,onpolicy/MarineMicro_MvsM_4_dist/mappo/check/paper_train_v1/seed_1/evaluations/eval_mappo_MarineMicro_MvsM_4_dist_paper100/bktree/node_log.txt,onpolicy/MarineMicro_MvsM_4_dist/mappo/check/paper_train_v1/seed_1/evaluations/eval_mappo_MarineMicro_MvsM_4_dist_paper100/bktree,C:\Users\Binich\PycharmProjects\PredictionRTS\output\learner_results\all_data\fused_bktree_web_batch_20260612_153602_top100_anchor_no_replay\MarineMicro_MvsM_4_dist\bktree,16,16,0,0,0 10 10 2 2 30 31 13 70 14 32 32 33 26 18 34,0 312 312 249 249 26 366 15 328 328 552 552 553 549 317 554,source_bktree source_bktree source_bktree source_bktree source_bktree source_bktree source_bktree source_bktree source_bktree source_bktree source_bktree source_bktree source_bktree source_bktree source_bktree source_bktree,0 10 10 2 2 30 31 13 70 14 32 32 33 26 18 34
590,MarineMicro_MvsM_4_dist,MAPPO,OnPolicy,MarineMicro_MvsM_4_dist/mappo/check/paper_train_v1/seed_1/evaluations,onpolicy,MarineMicro_MvsM_4_dist/mappo/check/paper_train_v1/seed_1/evaluations,,eval_mappo_MarineMicro_MvsM_4_dist_paper100,73,,Win,57.0,20.0,True,onpolicy/MarineMicro_MvsM_4_dist/mappo/check/paper_train_v1/seed_1/evaluations/eval_mappo_MarineMicro_MvsM_4_dist_paper100/bktree/node_log.txt,onpolicy/MarineMicro_MvsM_4_dist/mappo/check/paper_train_v1/seed_1/evaluations/eval_mappo_MarineMicro_MvsM_4_dist_paper100/bktree,C:\Users\Binich\PycharmProjects\PredictionRTS\output\learner_results\all_data\fused_bktree_web_batch_20260612_153602_top100_anchor_no_replay\MarineMicro_MvsM_4_dist\bktree,16,16,0,0,0 39 55 2 3 3 41 41 42 42 43 43 44 45 45 34,0 22 23 249 42 42 81 81 558 558 559 559 142 47 47 554,source_bktree source_bktree source_bktree source_bktree source_bktree source_bktree source_bktree source_bktree source_bktree source_bktree source_bktree source_bktree source_bktree source_bktree source_bktree source_bktree,0 39 55 2 3 3 41 41 42 42 43 43 44 45 45 34
591,MarineMicro_MvsM_4_dist,MAPPO,OnPolicy,MarineMicro_MvsM_4_dist/mappo/check/paper_train_v1/seed_1/evaluations,onpolicy,MarineMicro_MvsM_4_dist/mappo/check/paper_train_v1/seed_1/evaluations,,eval_mappo_MarineMicro_MvsM_4_dist_paper100,74,,Win,57.0,20.0,True,onpolicy/MarineMicro_MvsM_4_dist/mappo/check/paper_train_v1/seed_1/evaluations/eval_mappo_MarineMicro_MvsM_4_dist_paper100/bktree/node_log.txt,onpolicy/MarineMicro_MvsM_4_dist/mappo/check/paper_train_v1/seed_1/evaluations/eval_mappo_MarineMicro_MvsM_4_dist_paper100/bktree,C:\Users\Binich\PycharmProjects\PredictionRTS\output\learner_results\all_data\fused_bktree_web_batch_20260612_153602_top100_anchor_no_replay\MarineMicro_MvsM_4_dist\bktree,16,16,0,0,0 10 10 2 30 30 31 13 47 47 32 32 33 59 18 9,0 312 312 249 26 26 366 15 333 333 552 552 553 330 317 542,source_bktree source_bktree source_bktree source_bktree source_bktree source_bktree source_bktree source_bktree source_bktree source_bktree source_bktree source_bktree source_bktree source_bktree source_bktree source_bktree,0 10 10 2 30 30 31 13 47 47 32 32 33 59 18 9
592,MarineMicro_MvsM_4_dist,MAPPO,OnPolicy,MarineMicro_MvsM_4_dist/mappo/check/paper_train_v1/seed_1/evaluations,onpolicy,MarineMicro_MvsM_4_dist/mappo/check/paper_train_v1/seed_1/evaluations,,eval_mappo_MarineMicro_MvsM_4_dist_paper100,77,,Win,57.0,20.0,True,onpolicy/MarineMicro_MvsM_4_dist/mappo/check/paper_train_v1/seed_1/evaluations/eval_mappo_MarineMicro_MvsM_4_dist_paper100/bktree/node_log.txt,onpolicy/MarineMicro_MvsM_4_dist/mappo/check/paper_train_v1/seed_1/evaluations/eval_mappo_MarineMicro_MvsM_4_dist_paper100/bktree,C:\Users\Binich\PycharmProjects\PredictionRTS\output\learner_results\all_data\fused_bktree_web_batch_20260612_153602_top100_anchor_no_replay\MarineMicro_MvsM_4_dist\bktree,16,16,0,0,0 20 20 2 21 3 22 22 5 5 49 49 50 17 17 19,0 323 323 249 36 42 15 15 538 538 562 562 563 546 546 547,source_bktree source_bktree source_bktree source_bktree source_bktree source_bktree source_bktree source_bktree source_bktree source_bktree source_bktree source_bktree source_bktree source_bktree source_bktree source_bktree,0 20 20 2 21 3 22 22 5 5 49 49 50 17 17 19
593,MarineMicro_MvsM_4_dist,MAPPO,OnPolicy,MarineMicro_MvsM_4_dist/mappo/check/paper_train_v1/seed_1/evaluations,onpolicy,MarineMicro_MvsM_4_dist/mappo/check/paper_train_v1/seed_1/evaluations,,eval_mappo_MarineMicro_MvsM_4_dist_paper100,79,,Win,57.0,20.0,True,onpolicy/MarineMicro_MvsM_4_dist/mappo/check/paper_train_v1/seed_1/evaluations/eval_mappo_MarineMicro_MvsM_4_dist_paper100/bktree/node_log.txt,onpolicy/MarineMicro_MvsM_4_dist/mappo/check/paper_train_v1/seed_1/evaluations/eval_mappo_MarineMicro_MvsM_4_dist_paper100/bktree,C:\Users\Binich\PycharmProjects\PredictionRTS\output\learner_results\all_data\fused_bktree_web_batch_20260612_153602_top100_anchor_no_replay\MarineMicro_MvsM_4_dist\bktree,16,16,0,0,0 10 10 2 11 11 12 13 47 47 15 15 16 17 17 51,0 312 312 249 543 543 544 15 333 333 339 339 545 546 546 547,source_bktree source_bktree source_bktree source_bktree source_bktree source_bktree source_bktree source_bktree source_bktree source_bktree source_bktree source_bktree source_bktree source_bktree source_bktree source_bktree,0 10 10 2 11 11 12 13 47 47 15 15 16 17 17 51
594,MarineMicro_MvsM_4_dist,MAPPO,OnPolicy,MarineMicro_MvsM_4_dist/mappo/check/paper_train_v1/seed_1/evaluations,onpolicy,MarineMicro_MvsM_4_dist/mappo/check/paper_train_v1/seed_1/evaluations,,eval_mappo_MarineMicro_MvsM_4_dist_paper100,92,,Win,57.0,20.0,True,onpolicy/MarineMicro_MvsM_4_dist/mappo/check/paper_train_v1/seed_1/evaluations/eval_mappo_MarineMicro_MvsM_4_dist_paper100/bktree/node_log.txt,onpolicy/MarineMicro_MvsM_4_dist/mappo/check/paper_train_v1/seed_1/evaluations/eval_mappo_MarineMicro_MvsM_4_dist_paper100/bktree,C:\Users\Binich\PycharmProjects\PredictionRTS\output\learner_results\all_data\fused_bktree_web_batch_20260612_153602_top100_anchor_no_replay\MarineMicro_MvsM_4_dist\bktree,16,16,0,0,0 20 20 2 3 3 60 22 5 58 49 49 50 17 18 9,0 323 323 249 42 42 139 15 538 483 562 562 563 546 317 542,source_bktree source_bktree source_bktree source_bktree source_bktree source_bktree source_bktree source_bktree source_bktree source_bktree source_bktree source_bktree source_bktree source_bktree source_bktree source_bktree,0 20 20 2 3 3 60 22 5 58 49 49 50 17 18 9
595,MarineMicro_MvsM_4_dist,MAPPO,OnPolicy,MarineMicro_MvsM_4_dist/mappo/check/paper_train_v1/seed_1/evaluations,onpolicy,MarineMicro_MvsM_4_dist/mappo/check/paper_train_v1/seed_1/evaluations,,eval_mappo_MarineMicro_MvsM_4_dist_paper100,94,,Win,57.0,20.0,True,onpolicy/MarineMicro_MvsM_4_dist/mappo/check/paper_train_v1/seed_1/evaluations/eval_mappo_MarineMicro_MvsM_4_dist_paper100/bktree/node_log.txt,onpolicy/MarineMicro_MvsM_4_dist/mappo/check/paper_train_v1/seed_1/evaluations/eval_mappo_MarineMicro_MvsM_4_dist_paper100/bktree,C:\Users\Binich\PycharmProjects\PredictionRTS\output\learner_results\all_data\fused_bktree_web_batch_20260612_153602_top100_anchor_no_replay\MarineMicro_MvsM_4_dist\bktree,16,16,0,0,0 10 10 2 11 11 13 13 14 14 15 15 16 17 17 19,0 312 312 249 543 543 15 15 328 328 339 339 545 546 546 547,source_bktree source_bktree source_bktree source_bktree source_bktree source_bktree source_bktree source_bktree source_bktree source_bktree source_bktree source_bktree source_bktree source_bktree source_bktree source_bktree,0 10 10 2 11 11 13 13 14 14 15 15 16 17 17 19
596,MarineMicro_MvsM_4_dist,MAPPO,OnPolicy,MarineMicro_MvsM_4_dist/mappo/check/paper_train_v1/seed_1/evaluations,onpolicy,MarineMicro_MvsM_4_dist/mappo/check/paper_train_v1/seed_1/evaluations,,eval_mappo_MarineMicro_MvsM_4_dist_paper100,96,,Win,57.0,20.0,True,onpolicy/MarineMicro_MvsM_4_dist/mappo/check/paper_train_v1/seed_1/evaluations/eval_mappo_MarineMicro_MvsM_4_dist_paper100/bktree/node_log.txt,onpolicy/MarineMicro_MvsM_4_dist/mappo/check/paper_train_v1/seed_1/evaluations/eval_mappo_MarineMicro_MvsM_4_dist_paper100/bktree,C:\Users\Binich\PycharmProjects\PredictionRTS\output\learner_results\all_data\fused_bktree_web_batch_20260612_153602_top100_anchor_no_replay\MarineMicro_MvsM_4_dist\bktree,16,16,0,0,0 20 20 2 2 30 28 22 23 23 24 24 25 26 18 34,0 323 323 249 249 26 551 15 548 548 78 78 79 549 317 554,source_bktree source_bktree source_bktree source_bktree source_bktree source_bktree source_bktree source_bktree source_bktree source_bktree source_bktree source_bktree source_bktree source_bktree source_bktree source_bktree,0 20 20 2 2 30 28 22 23 23 24 24 25 26 18 34
597,MarineMicro_MvsM_4_dist,MAPPO,OnPolicy,MarineMicro_MvsM_4_dist/mappo/check/paper_train_v1/seed_1/evaluations,onpolicy,MarineMicro_MvsM_4_dist/mappo/check/paper_train_v1/seed_1/evaluations,,eval_mappo_MarineMicro_MvsM_4_dist_paper100,97,,Win,57.0,20.0,True,onpolicy/MarineMicro_MvsM_4_dist/mappo/check/paper_train_v1/seed_1/evaluations/eval_mappo_MarineMicro_MvsM_4_dist_paper100/bktree/node_log.txt,onpolicy/MarineMicro_MvsM_4_dist/mappo/check/paper_train_v1/seed_1/evaluations/eval_mappo_MarineMicro_MvsM_4_dist_paper100/bktree,C:\Users\Binich\PycharmProjects\PredictionRTS\output\learner_results\all_data\fused_bktree_web_batch_20260612_153602_top100_anchor_no_replay\MarineMicro_MvsM_4_dist\bktree,16,16,0,0,0 10 10 2 11 11 12 13 47 47 15 15 16 69 17 19,0 312 312 249 543 543 544 15 333 333 339 339 545 229 546 547,source_bktree source_bktree source_bktree source_bktree source_bktree source_bktree source_bktree source_bktree source_bktree source_bktree source_bktree source_bktree source_bktree source_bktree source_bktree source_bktree,0 10 10 2 11 11 12 13 47 47 15 15 16 69 17 19
598,MarineMicro_MvsM_4_dist,MAPPO,OnPolicy,MarineMicro_MvsM_4_dist/mappo/check/paper_train_v1/seed_1/evaluations,onpolicy,MarineMicro_MvsM_4_dist/mappo/check/paper_train_v1/seed_1/evaluations,,eval_mappo_MarineMicro_MvsM_4_dist_paper100,2,,Win,57.0,20.0,True,onpolicy/MarineMicro_MvsM_4_dist/mappo/check/paper_train_v1/seed_1/evaluations/eval_mappo_MarineMicro_MvsM_4_dist_paper100/bktree/node_log.txt,onpolicy/MarineMicro_MvsM_4_dist/mappo/check/paper_train_v1/seed_1/evaluations/eval_mappo_MarineMicro_MvsM_4_dist_paper100/bktree,C:\Users\Binich\PycharmProjects\PredictionRTS\output\learner_results\all_data\fused_bktree_web_batch_20260612_153602_top100_anchor_no_replay\MarineMicro_MvsM_4_dist\bktree,17,17,0,0,0 10 10 2 2 11 12 13 14 14 15 15 16 17 17 18 19,0 312 312 249 249 543 544 15 328 328 339 339 545 546 546 317 547,source_bktree source_bktree source_bktree source_bktree source_bktree source_bktree source_bktree source_bktree source_bktree source_bktree source_bktree source_bktree source_bktree source_bktree source_bktree source_bktree source_bktree,0 10 10 2 2 11 12 13 14 14 15 15 16 17 17 18 19
599,MarineMicro_MvsM_4_dist,MAPPO,OnPolicy,MarineMicro_MvsM_4_dist/mappo/check/paper_train_v1/seed_1/evaluations,onpolicy,MarineMicro_MvsM_4_dist/mappo/check/paper_train_v1/seed_1/evaluations,,eval_mappo_MarineMicro_MvsM_4_dist_paper100,50,,Win,57.0,20.0,True,onpolicy/MarineMicro_MvsM_4_dist/mappo/check/paper_train_v1/seed_1/evaluations/eval_mappo_MarineMicro_MvsM_4_dist_paper100/bktree/node_log.txt,onpolicy/MarineMicro_MvsM_4_dist/mappo/check/paper_train_v1/seed_1/evaluations/eval_mappo_MarineMicro_MvsM_4_dist_paper100/bktree,C:\Users\Binich\PycharmProjects\PredictionRTS\output\learner_results\all_data\fused_bktree_web_batch_20260612_153602_top100_anchor_no_replay\MarineMicro_MvsM_4_dist\bktree,17,17,0,0,0 10 10 2 2 11 12 13 14 14 15 15 16 17 18 18 19,0 312 312 249 249 543 544 15 328 328 339 339 545 546 317 317 547,source_bktree source_bktree source_bktree source_bktree source_bktree source_bktree source_bktree source_bktree source_bktree source_bktree source_bktree source_bktree source_bktree source_bktree source_bktree source_bktree source_bktree,0 10 10 2 2 11 12 13 14 14 15 15 16 17 18 18 19
600,MarineMicro_MvsM_4_dist,RMAPPO,OnPolicy,MarineMicro_MvsM_4_dist/rmappo/check/paper_train_v1/seed_1/evaluations,onpolicy,MarineMicro_MvsM_4_dist/rmappo/check/paper_train_v1/seed_1/evaluations,,eval_rmappo_MarineMicro_MvsM_4_dist_paper100,67,,Win,75.0,20.0,True,onpolicy/MarineMicro_MvsM_4_dist/rmappo/check/paper_train_v1/seed_1/evaluations/eval_rmappo_MarineMicro_MvsM_4_dist_paper100/bktree/node_log.txt,onpolicy/MarineMicro_MvsM_4_dist/rmappo/check/paper_train_v1/seed_1/evaluations/eval_rmappo_MarineMicro_MvsM_4_dist_paper100/bktree,C:\Users\Binich\PycharmProjects\PredictionRTS\output\learner_results\all_data\fused_bktree_web_batch_20260612_153602_top100_anchor_no_replay\MarineMicro_MvsM_4_dist\bktree,14,14,0,0,0 1 58 2 11 11 4 4 5 5 6 7 7 9,0 33 634 249 543 543 15 15 166 166 614 615 615 144,source_bktree source_bktree source_bktree source_bktree source_bktree source_bktree source_bktree source_bktree source_bktree source_bktree source_bktree source_bktree source_bktree source_bktree,0 1 58 2 11 11 4 4 5 5 6 7 7 9
601,MarineMicro_MvsM_4_dist,RMAPPO,OnPolicy,MarineMicro_MvsM_4_dist/rmappo/check/paper_train_v1/seed_1/evaluations,onpolicy,MarineMicro_MvsM_4_dist/rmappo/check/paper_train_v1/seed_1/evaluations,,eval_rmappo_MarineMicro_MvsM_4_dist_paper100,53,,Win,72.0,20.0,True,onpolicy/MarineMicro_MvsM_4_dist/rmappo/check/paper_train_v1/seed_1/evaluations/eval_rmappo_MarineMicro_MvsM_4_dist_paper100/bktree/node_log.txt,onpolicy/MarineMicro_MvsM_4_dist/rmappo/check/paper_train_v1/seed_1/evaluations/eval_rmappo_MarineMicro_MvsM_4_dist_paper100/bktree,C:\Users\Binich\PycharmProjects\PredictionRTS\output\learner_results\all_data\fused_bktree_web_batch_20260612_153602_top100_anchor_no_replay\MarineMicro_MvsM_4_dist\bktree,15,15,0,0,0 10 10 2 2 27 13 13 14 14 29 29 30 65 31,0 312 312 249 249 619 15 15 328 328 339 339 337 637 346,source_bktree source_bktree source_bktree source_bktree source_bktree source_bktree source_bktree source_bktree source_bktree source_bktree source_bktree source_bktree source_bktree source_bktree source_bktree,0 10 10 2 2 27 13 13 14 14 29 29 30 65 31
602,MarineMicro_MvsM_4_dist,RMAPPO,OnPolicy,MarineMicro_MvsM_4_dist/rmappo/check/paper_train_v1/seed_1/evaluations,onpolicy,MarineMicro_MvsM_4_dist/rmappo/check/paper_train_v1/seed_1/evaluations,,eval_rmappo_MarineMicro_MvsM_4_dist_paper100,7,,Win,69.0,20.0,True,onpolicy/MarineMicro_MvsM_4_dist/rmappo/check/paper_train_v1/seed_1/evaluations/eval_rmappo_MarineMicro_MvsM_4_dist_paper100/bktree/node_log.txt,onpolicy/MarineMicro_MvsM_4_dist/rmappo/check/paper_train_v1/seed_1/evaluations/eval_rmappo_MarineMicro_MvsM_4_dist_paper100/bktree,C:\Users\Binich\PycharmProjects\PredictionRTS\output\learner_results\all_data\fused_bktree_web_batch_20260612_153602_top100_anchor_no_replay\MarineMicro_MvsM_4_dist\bktree,14,14,0,0,0 19 20 2 3 32 21 21 22 22 23 24 24 9,0 22 23 249 613 26 81 81 617 617 310 269 269 144,source_bktree source_bktree source_bktree source_bktree source_bktree source_bktree source_bktree source_bktree source_bktree source_bktree source_bktree source_bktree source_bktree source_bktree,0 19 20 2 3 32 21 21 22 22 23 24 24 9
603,MarineMicro_MvsM_4_dist,RMAPPO,OnPolicy,MarineMicro_MvsM_4_dist/rmappo/check/paper_train_v1/seed_1/evaluations,onpolicy,MarineMicro_MvsM_4_dist/rmappo/check/paper_train_v1/seed_1/evaluations,,eval_rmappo_MarineMicro_MvsM_4_dist_paper100,24,,Win,69.0,20.0,True,onpolicy/MarineMicro_MvsM_4_dist/rmappo/check/paper_train_v1/seed_1/evaluations/eval_rmappo_MarineMicro_MvsM_4_dist_paper100/bktree/node_log.txt,onpolicy/MarineMicro_MvsM_4_dist/rmappo/check/paper_train_v1/seed_1/evaluations/eval_rmappo_MarineMicro_MvsM_4_dist_paper100/bktree,C:\Users\Binich\PycharmProjects\PredictionRTS\output\learner_results\all_data\fused_bktree_web_batch_20260612_153602_top100_anchor_no_replay\MarineMicro_MvsM_4_dist\bktree,14,14,0,0,0 19 19 2 32 32 21 21 22 54 55 55 24 9,0 22 22 249 26 26 81 81 617 630 631 631 269 144,source_bktree source_bktree source_bktree source_bktree source_bktree source_bktree source_bktree source_bktree source_bktree source_bktree source_bktree source_bktree source_bktree source_bktree,0 19 19 2 32 32 21 21 22 54 55 55 24 9
604,MarineMicro_MvsM_4_dist,RMAPPO,OnPolicy,MarineMicro_MvsM_4_dist/rmappo/check/paper_train_v1/seed_1/evaluations,onpolicy,MarineMicro_MvsM_4_dist/rmappo/check/paper_train_v1/seed_1/evaluations,,eval_rmappo_MarineMicro_MvsM_4_dist_paper100,48,,Win,69.0,20.0,True,onpolicy/MarineMicro_MvsM_4_dist/rmappo/check/paper_train_v1/seed_1/evaluations/eval_rmappo_MarineMicro_MvsM_4_dist_paper100/bktree/node_log.txt,onpolicy/MarineMicro_MvsM_4_dist/rmappo/check/paper_train_v1/seed_1/evaluations/eval_rmappo_MarineMicro_MvsM_4_dist_paper100/bktree,C:\Users\Binich\PycharmProjects\PredictionRTS\output\learner_results\all_data\fused_bktree_web_batch_20260612_153602_top100_anchor_no_replay\MarineMicro_MvsM_4_dist\bktree,14,14,0,0,0 10 10 2 11 11 13 13 14 14 15 16 16 18,0 312 312 249 543 543 15 15 328 328 339 616 616 547,source_bktree source_bktree source_bktree source_bktree source_bktree source_bktree source_bktree source_bktree source_bktree source_bktree source_bktree source_bktree source_bktree source_bktree,0 10 10 2 11 11 13 13 14 14 15 16 16 18
605,MarineMicro_MvsM_4_dist,RMAPPO,OnPolicy,MarineMicro_MvsM_4_dist/rmappo/check/paper_train_v1/seed_1/evaluations,onpolicy,MarineMicro_MvsM_4_dist/rmappo/check/paper_train_v1/seed_1/evaluations,,eval_rmappo_MarineMicro_MvsM_4_dist_paper100,18,,Win,69.0,20.0,True,onpolicy/MarineMicro_MvsM_4_dist/rmappo/check/paper_train_v1/seed_1/evaluations/eval_rmappo_MarineMicro_MvsM_4_dist_paper100/bktree/node_log.txt,onpolicy/MarineMicro_MvsM_4_dist/rmappo/check/paper_train_v1/seed_1/evaluations/eval_rmappo_MarineMicro_MvsM_4_dist_paper100/bktree,C:\Users\Binich\PycharmProjects\PredictionRTS\output\learner_results\all_data\fused_bktree_web_batch_20260612_153602_top100_anchor_no_replay\MarineMicro_MvsM_4_dist\bktree,15,15,0,0,0 19 19 2 53 32 21 21 22 54 55 55 24 8 9,0 22 22 249 307 26 81 81 617 630 631 631 269 298 144,source_bktree source_bktree source_bktree source_bktree source_bktree source_bktree source_bktree source_bktree source_bktree source_bktree source_bktree source_bktree source_bktree source_bktree source_bktree,0 19 19 2 53 32 21 21 22 54 55 55 24 8 9
606,MarineMicro_MvsM_4_dist,RMAPPO,OnPolicy,MarineMicro_MvsM_4_dist/rmappo/check/paper_train_v1/seed_1/evaluations,onpolicy,MarineMicro_MvsM_4_dist/rmappo/check/paper_train_v1/seed_1/evaluations,,eval_rmappo_MarineMicro_MvsM_4_dist_paper100,73,,Win,69.0,20.0,True,onpolicy/MarineMicro_MvsM_4_dist/rmappo/check/paper_train_v1/seed_1/evaluations/eval_rmappo_MarineMicro_MvsM_4_dist_paper100/bktree/node_log.txt,onpolicy/MarineMicro_MvsM_4_dist/rmappo/check/paper_train_v1/seed_1/evaluations/eval_rmappo_MarineMicro_MvsM_4_dist_paper100/bktree,C:\Users\Binich\PycharmProjects\PredictionRTS\output\learner_results\all_data\fused_bktree_web_batch_20260612_153602_top100_anchor_no_replay\MarineMicro_MvsM_4_dist\bktree,15,15,0,0,0 38 38 2 3 3 40 40 50 50 42 42 43 44 45,0 323 323 249 613 613 15 15 627 627 622 622 623 624 350,source_bktree source_bktree source_bktree source_bktree source_bktree source_bktree source_bktree source_bktree source_bktree source_bktree source_bktree source_bktree source_bktree source_bktree source_bktree,0 38 38 2 3 3 40 40 50 50 42 42 43 44 45
607,MarineMicro_MvsM_4_dist,RMAPPO,OnPolicy,MarineMicro_MvsM_4_dist/rmappo/check/paper_train_v1/seed_1/evaluations,onpolicy,MarineMicro_MvsM_4_dist/rmappo/check/paper_train_v1/seed_1/evaluations,,eval_rmappo_MarineMicro_MvsM_4_dist_paper100,74,,Win,69.0,20.0,True,onpolicy/MarineMicro_MvsM_4_dist/rmappo/check/paper_train_v1/seed_1/evaluations/eval_rmappo_MarineMicro_MvsM_4_dist_paper100/bktree/node_log.txt,onpolicy/MarineMicro_MvsM_4_dist/rmappo/check/paper_train_v1/seed_1/evaluations/eval_rmappo_MarineMicro_MvsM_4_dist_paper100/bktree,C:\Users\Binich\PycharmProjects\PredictionRTS\output\learner_results\all_data\fused_bktree_web_batch_20260612_153602_top100_anchor_no_replay\MarineMicro_MvsM_4_dist\bktree,15,15,0,0,0 1 1 2 3 3 4 4 5 5 6 6 7 7 9,0 33 33 249 613 613 15 15 166 166 614 614 615 615 144,source_bktree source_bktree source_bktree source_bktree source_bktree source_bktree source_bktree source_bktree source_bktree source_bktree source_bktree source_bktree source_bktree source_bktree source_bktree,0 1 1 2 3 3 4 4 5 5 6 6 7 7 9
608,MarineMicro_MvsM_4_dist,RMAPPO,OnPolicy,MarineMicro_MvsM_4_dist/rmappo/check/paper_train_v1/seed_1/evaluations,onpolicy,MarineMicro_MvsM_4_dist/rmappo/check/paper_train_v1/seed_1/evaluations,,eval_rmappo_MarineMicro_MvsM_4_dist_paper100,98,,Win,69.0,20.0,True,onpolicy/MarineMicro_MvsM_4_dist/rmappo/check/paper_train_v1/seed_1/evaluations/eval_rmappo_MarineMicro_MvsM_4_dist_paper100/bktree/node_log.txt,onpolicy/MarineMicro_MvsM_4_dist/rmappo/check/paper_train_v1/seed_1/evaluations/eval_rmappo_MarineMicro_MvsM_4_dist_paper100/bktree,C:\Users\Binich\PycharmProjects\PredictionRTS\output\learner_results\all_data\fused_bktree_web_batch_20260612_153602_top100_anchor_no_replay\MarineMicro_MvsM_4_dist\bktree,15,15,0,0,0 38 38 2 2 3 40 40 41 41 42 42 43 72 45,0 323 323 249 249 613 15 15 621 621 622 622 623 549 350,source_bktree source_bktree source_bktree source_bktree source_bktree source_bktree source_bktree source_bktree source_bktree source_bktree source_bktree source_bktree source_bktree source_bktree source_bktree,0 38 38 2 2 3 40 40 41 41 42 42 43 72 45
609,MarineMicro_MvsM_4_dist,RMAPPO,OnPolicy,MarineMicro_MvsM_4_dist/rmappo/check/paper_train_v1/seed_1/evaluations,onpolicy,MarineMicro_MvsM_4_dist/rmappo/check/paper_train_v1/seed_1/evaluations,,eval_rmappo_MarineMicro_MvsM_4_dist_paper100,1,,Win,69.0,20.0,True,onpolicy/MarineMicro_MvsM_4_dist/rmappo/check/paper_train_v1/seed_1/evaluations/eval_rmappo_MarineMicro_MvsM_4_dist_paper100/bktree/node_log.txt,onpolicy/MarineMicro_MvsM_4_dist/rmappo/check/paper_train_v1/seed_1/evaluations/eval_rmappo_MarineMicro_MvsM_4_dist_paper100/bktree,C:\Users\Binich\PycharmProjects\PredictionRTS\output\learner_results\all_data\fused_bktree_web_batch_20260612_153602_top100_anchor_no_replay\MarineMicro_MvsM_4_dist\bktree,16,16,0,0,0 1 1 2 3 3 4 4 5 5 6 6 7 7 8 9,0 33 33 249 613 613 15 15 166 166 614 614 615 615 298 144,source_bktree_start_anchor source_bktree source_bktree source_bktree source_bktree source_bktree source_bktree source_bktree source_bktree source_bktree source_bktree source_bktree source_bktree source_bktree source_bktree source_bktree,0 1 1 2 3 3 4 4 5 5 6 6 7 7 8 9
610,MarineMicro_MvsM_4_dist,RMAPPO,OnPolicy,MarineMicro_MvsM_4_dist/rmappo/check/paper_train_v1/seed_1/evaluations,onpolicy,MarineMicro_MvsM_4_dist/rmappo/check/paper_train_v1/seed_1/evaluations,,eval_rmappo_MarineMicro_MvsM_4_dist_paper100,32,,Win,69.0,20.0,True,onpolicy/MarineMicro_MvsM_4_dist/rmappo/check/paper_train_v1/seed_1/evaluations/eval_rmappo_MarineMicro_MvsM_4_dist_paper100/bktree/node_log.txt,onpolicy/MarineMicro_MvsM_4_dist/rmappo/check/paper_train_v1/seed_1/evaluations/eval_rmappo_MarineMicro_MvsM_4_dist_paper100/bktree,C:\Users\Binich\PycharmProjects\PredictionRTS\output\learner_results\all_data\fused_bktree_web_batch_20260612_153602_top100_anchor_no_replay\MarineMicro_MvsM_4_dist\bktree,16,16,0,0,0 19 19 2 32 32 21 21 22 23 23 24 24 8 8 9,0 22 22 249 26 26 81 81 617 310 310 269 269 298 298 144,source_bktree source_bktree source_bktree source_bktree source_bktree source_bktree source_bktree source_bktree source_bktree source_bktree source_bktree source_bktree source_bktree source_bktree source_bktree source_bktree,0 19 19 2 32 32 21 21 22 23 23 24 24 8 8 9
611,MarineMicro_MvsM_4_dist,RMAPPO,OnPolicy,MarineMicro_MvsM_4_dist/rmappo/check/paper_train_v1/seed_1/evaluations,onpolicy,MarineMicro_MvsM_4_dist/rmappo/check/paper_train_v1/seed_1/evaluations,,eval_rmappo_MarineMicro_MvsM_4_dist_paper100,38,,Win,69.0,20.0,True,onpolicy/MarineMicro_MvsM_4_dist/rmappo/check/paper_train_v1/seed_1/evaluations/eval_rmappo_MarineMicro_MvsM_4_dist_paper100/bktree/node_log.txt,onpolicy/MarineMicro_MvsM_4_dist/rmappo/check/paper_train_v1/seed_1/evaluations/eval_rmappo_MarineMicro_MvsM_4_dist_paper100/bktree,C:\Users\Binich\PycharmProjects\PredictionRTS\output\learner_results\all_data\fused_bktree_web_batch_20260612_153602_top100_anchor_no_replay\MarineMicro_MvsM_4_dist\bktree,16,16,0,0,0 10 10 2 32 32 13 13 14 14 34 35 35 36 36 37,0 312 312 249 26 26 15 15 328 328 552 620 620 549 549 547,source_bktree source_bktree source_bktree source_bktree source_bktree source_bktree source_bktree source_bktree source_bktree source_bktree source_bktree source_bktree source_bktree source_bktree source_bktree source_bktree,0 10 10 2 32 32 13 13 14 14 34 35 35 36 36 37
612,MarineMicro_MvsM_4_dist,RMAPPO,OnPolicy,MarineMicro_MvsM_4_dist/rmappo/check/paper_train_v1/seed_1/evaluations,onpolicy,MarineMicro_MvsM_4_dist/rmappo/check/paper_train_v1/seed_1/evaluations,,eval_rmappo_MarineMicro_MvsM_4_dist_paper100,47,,Win,69.0,20.0,True,onpolicy/MarineMicro_MvsM_4_dist/rmappo/check/paper_train_v1/seed_1/evaluations/eval_rmappo_MarineMicro_MvsM_4_dist_paper100/bktree/node_log.txt,onpolicy/MarineMicro_MvsM_4_dist/rmappo/check/paper_train_v1/seed_1/evaluations/eval_rmappo_MarineMicro_MvsM_4_dist_paper100/bktree,C:\Users\Binich\PycharmProjects\PredictionRTS\output\learner_results\all_data\fused_bktree_web_batch_20260612_153602_top100_anchor_no_replay\MarineMicro_MvsM_4_dist\bktree,16,16,0,0,0 10 10 2 32 32 33 13 64 64 34 34 35 36 62 37,0 312 312 249 26 26 366 15 328 328 552 552 620 549 549 547,source_bktree source_bktree source_bktree source_bktree source_bktree source_bktree source_bktree source_bktree source_bktree source_bktree source_bktree source_bktree source_bktree source_bktree source_bktree source_bktree,0 10 10 2 32 32 33 13 64 64 34 34 35 36 62 37
613,MarineMicro_MvsM_4_dist,RMAPPO,OnPolicy,MarineMicro_MvsM_4_dist/rmappo/check/paper_train_v1/seed_1/evaluations,onpolicy,MarineMicro_MvsM_4_dist/rmappo/check/paper_train_v1/seed_1/evaluations,,eval_rmappo_MarineMicro_MvsM_4_dist_paper100,50,,Win,69.0,20.0,True,onpolicy/MarineMicro_MvsM_4_dist/rmappo/check/paper_train_v1/seed_1/evaluations/eval_rmappo_MarineMicro_MvsM_4_dist_paper100/bktree/node_log.txt,onpolicy/MarineMicro_MvsM_4_dist/rmappo/check/paper_train_v1/seed_1/evaluations/eval_rmappo_MarineMicro_MvsM_4_dist_paper100/bktree,C:\Users\Binich\PycharmProjects\PredictionRTS\output\learner_results\all_data\fused_bktree_web_batch_20260612_153602_top100_anchor_no_replay\MarineMicro_MvsM_4_dist\bktree,16,16,0,0,0 10 10 2 2 32 13 13 14 64 34 34 35 36 62 37,0 312 312 249 249 26 15 15 328 328 552 552 620 549 549 547,source_bktree source_bktree source_bktree source_bktree source_bktree source_bktree source_bktree source_bktree source_bktree source_bktree source_bktree source_bktree source_bktree source_bktree source_bktree source_bktree,0 10 10 2 2 32 13 13 14 64 34 34 35 36 62 37
614,MarineMicro_MvsM_4_dist,RMAPPO,OnPolicy,MarineMicro_MvsM_4_dist/rmappo/check/paper_train_v1/seed_1/evaluations,onpolicy,MarineMicro_MvsM_4_dist/rmappo/check/paper_train_v1/seed_1/evaluations,,eval_rmappo_MarineMicro_MvsM_4_dist_paper100,51,,Win,69.0,20.0,True,onpolicy/MarineMicro_MvsM_4_dist/rmappo/check/paper_train_v1/seed_1/evaluations/eval_rmappo_MarineMicro_MvsM_4_dist_paper100/bktree/node_log.txt,onpolicy/MarineMicro_MvsM_4_dist/rmappo/check/paper_train_v1/seed_1/evaluations/eval_rmappo_MarineMicro_MvsM_4_dist_paper100/bktree,C:\Users\Binich\PycharmProjects\PredictionRTS\output\learner_results\all_data\fused_bktree_web_batch_20260612_153602_top100_anchor_no_replay\MarineMicro_MvsM_4_dist\bktree,16,16,0,0,0 19 19 2 3 3 4 4 22 22 55 24 24 8 8 9,0 22 22 249 613 613 15 15 617 617 631 269 269 298 298 144,source_bktree source_bktree source_bktree source_bktree source_bktree source_bktree source_bktree source_bktree source_bktree source_bktree source_bktree source_bktree source_bktree source_bktree source_bktree source_bktree,0 19 19 2 3 3 4 4 22 22 55 24 24 8 8 9
615,MarineMicro_MvsM_4_dist,RMAPPO,OnPolicy,MarineMicro_MvsM_4_dist/rmappo/check/paper_train_v1/seed_1/evaluations,onpolicy,MarineMicro_MvsM_4_dist/rmappo/check/paper_train_v1/seed_1/evaluations,,eval_rmappo_MarineMicro_MvsM_4_dist_paper100,52,,Win,69.0,20.0,True,onpolicy/MarineMicro_MvsM_4_dist/rmappo/check/paper_train_v1/seed_1/evaluations/eval_rmappo_MarineMicro_MvsM_4_dist_paper100/bktree/node_log.txt,onpolicy/MarineMicro_MvsM_4_dist/rmappo/check/paper_train_v1/seed_1/evaluations/eval_rmappo_MarineMicro_MvsM_4_dist_paper100/bktree,C:\Users\Binich\PycharmProjects\PredictionRTS\output\learner_results\all_data\fused_bktree_web_batch_20260612_153602_top100_anchor_no_replay\MarineMicro_MvsM_4_dist\bktree,16,16,0,0,0 10 10 2 2 27 28 13 14 14 29 29 30 17 17 18,0 312 312 249 249 619 389 15 328 328 339 339 337 546 546 547,source_bktree source_bktree source_bktree source_bktree source_bktree source_bktree source_bktree source_bktree source_bktree source_bktree source_bktree source_bktree source_bktree source_bktree source_bktree source_bktree,0 10 10 2 2 27 28 13 14 14 29 29 30 17 17 18
616,MarineMicro_MvsM_4_dist,RMAPPO,OnPolicy,MarineMicro_MvsM_4_dist/rmappo/check/paper_train_v1/seed_1/evaluations,onpolicy,MarineMicro_MvsM_4_dist/rmappo/check/paper_train_v1/seed_1/evaluations,,eval_rmappo_MarineMicro_MvsM_4_dist_paper100,68,,Win,69.0,20.0,True,onpolicy/MarineMicro_MvsM_4_dist/rmappo/check/paper_train_v1/seed_1/evaluations/eval_rmappo_MarineMicro_MvsM_4_dist_paper100/bktree/node_log.txt,onpolicy/MarineMicro_MvsM_4_dist/rmappo/check/paper_train_v1/seed_1/evaluations/eval_rmappo_MarineMicro_MvsM_4_dist_paper100/bktree,C:\Users\Binich\PycharmProjects\PredictionRTS\output\learner_results\all_data\fused_bktree_web_batch_20260612_153602_top100_anchor_no_replay\MarineMicro_MvsM_4_dist\bktree,16,16,0,0,0 1 1 2 11 11 4 4 5 5 6 59 7 8 8 9,0 33 33 249 543 543 15 15 166 166 614 168 615 298 298 144,source_bktree source_bktree source_bktree source_bktree source_bktree source_bktree source_bktree source_bktree source_bktree source_bktree source_bktree source_bktree source_bktree source_bktree source_bktree source_bktree,0 1 1 2 11 11 4 4 5 5 6 59 7 8 8 9
617,MarineMicro_MvsM_4_dist,RMAPPO,OnPolicy,MarineMicro_MvsM_4_dist/rmappo/check/paper_train_v1/seed_1/evaluations,onpolicy,MarineMicro_MvsM_4_dist/rmappo/check/paper_train_v1/seed_1/evaluations,,eval_rmappo_MarineMicro_MvsM_4_dist_paper100,75,,Win,69.0,20.0,True,onpolicy/MarineMicro_MvsM_4_dist/rmappo/check/paper_train_v1/seed_1/evaluations/eval_rmappo_MarineMicro_MvsM_4_dist_paper100/bktree/node_log.txt,onpolicy/MarineMicro_MvsM_4_dist/rmappo/check/paper_train_v1/seed_1/evaluations/eval_rmappo_MarineMicro_MvsM_4_dist_paper100/bktree,C:\Users\Binich\PycharmProjects\PredictionRTS\output\learner_results\all_data\fused_bktree_web_batch_20260612_153602_top100_anchor_no_replay\MarineMicro_MvsM_4_dist\bktree,16,16,0,0,0 1 1 2 11 11 4 4 5 5 6 6 7 8 8 9,0 33 33 249 543 543 15 15 166 166 614 614 615 298 298 144,source_bktree source_bktree source_bktree source_bktree source_bktree source_bktree source_bktree source_bktree source_bktree source_bktree source_bktree source_bktree source_bktree source_bktree source_bktree source_bktree,0 1 1 2 11 11 4 4 5 5 6 6 7 8 8 9
618,MarineMicro_MvsM_4_dist,RMAPPO,OnPolicy,MarineMicro_MvsM_4_dist/rmappo/check/paper_train_v1/seed_1/evaluations,onpolicy,MarineMicro_MvsM_4_dist/rmappo/check/paper_train_v1/seed_1/evaluations,,eval_rmappo_MarineMicro_MvsM_4_dist_paper100,84,,Win,69.0,20.0,True,onpolicy/MarineMicro_MvsM_4_dist/rmappo/check/paper_train_v1/seed_1/evaluations/eval_rmappo_MarineMicro_MvsM_4_dist_paper100/bktree/node_log.txt,onpolicy/MarineMicro_MvsM_4_dist/rmappo/check/paper_train_v1/seed_1/evaluations/eval_rmappo_MarineMicro_MvsM_4_dist_paper100/bktree,C:\Users\Binich\PycharmProjects\PredictionRTS\output\learner_results\all_data\fused_bktree_web_batch_20260612_153602_top100_anchor_no_replay\MarineMicro_MvsM_4_dist\bktree,16,16,0,0,0 10 10 2 27 27 13 13 14 14 29 30 30 17 17 18,0 312 312 249 619 619 15 15 328 328 339 337 337 546 546 547,source_bktree source_bktree source_bktree source_bktree source_bktree source_bktree source_bktree source_bktree source_bktree source_bktree source_bktree source_bktree source_bktree source_bktree source_bktree source_bktree,0 10 10 2 27 27 13 13 14 14 29 30 30 17 17 18
619,MarineMicro_MvsM_4_dist,RMAPPO,OnPolicy,MarineMicro_MvsM_4_dist/rmappo/check/paper_train_v1/seed_1/evaluations,onpolicy,MarineMicro_MvsM_4_dist/rmappo/check/paper_train_v1/seed_1/evaluations,,eval_rmappo_MarineMicro_MvsM_4_dist_paper100,90,,Win,69.0,20.0,True,onpolicy/MarineMicro_MvsM_4_dist/rmappo/check/paper_train_v1/seed_1/evaluations/eval_rmappo_MarineMicro_MvsM_4_dist_paper100/bktree/node_log.txt,onpolicy/MarineMicro_MvsM_4_dist/rmappo/check/paper_train_v1/seed_1/evaluations/eval_rmappo_MarineMicro_MvsM_4_dist_paper100/bktree,C:\Users\Binich\PycharmProjects\PredictionRTS\output\learner_results\all_data\fused_bktree_web_batch_20260612_153602_top100_anchor_no_replay\MarineMicro_MvsM_4_dist\bktree,16,16,0,0,0 38 38 2 2 3 39 40 50 50 42 42 43 72 72 45,0 323 323 249 249 613 178 15 627 627 622 622 623 549 549 350,source_bktree source_bktree source_bktree source_bktree source_bktree source_bktree source_bktree source_bktree source_bktree source_bktree source_bktree source_bktree source_bktree source_bktree source_bktree source_bktree,0 38 38 2 2 3 39 40 50 50 42 42 43 72 72 45
620,MarineMicro_MvsM_4_dist,RMAPPO,OnPolicy,MarineMicro_MvsM_4_dist/rmappo/check/paper_train_v1/seed_1/evaluations,onpolicy,MarineMicro_MvsM_4_dist/rmappo/check/paper_train_v1/seed_1/evaluations,,eval_rmappo_MarineMicro_MvsM_4_dist_paper100,91,,Win,69.0,20.0,True,onpolicy/MarineMicro_MvsM_4_dist/rmappo/check/paper_train_v1/seed_1/evaluations/eval_rmappo_MarineMicro_MvsM_4_dist_paper100/bktree/node_log.txt,onpolicy/MarineMicro_MvsM_4_dist/rmappo/check/paper_train_v1/seed_1/evaluations/eval_rmappo_MarineMicro_MvsM_4_dist_paper100/bktree,C:\Users\Binich\PycharmProjects\PredictionRTS\output\learner_results\all_data\fused_bktree_web_batch_20260612_153602_top100_anchor_no_replay\MarineMicro_MvsM_4_dist\bktree,16,16,0,0,0 19 19 2 32 32 21 73 22 54 55 68 24 8 8 9,0 22 22 249 26 26 81 81 617 630 631 640 269 298 298 144,source_bktree source_bktree source_bktree source_bktree source_bktree source_bktree source_bktree source_bktree source_bktree source_bktree source_bktree source_bktree source_bktree source_bktree source_bktree source_bktree,0 19 19 2 32 32 21 73 22 54 55 68 24 8 8 9
621,MarineMicro_MvsM_4_dist,RMAPPO,OnPolicy,MarineMicro_MvsM_4_dist/rmappo/check/paper_train_v1/seed_1/evaluations,onpolicy,MarineMicro_MvsM_4_dist/rmappo/check/paper_train_v1/seed_1/evaluations,,eval_rmappo_MarineMicro_MvsM_4_dist_paper100,99,,Win,69.0,20.0,True,onpolicy/MarineMicro_MvsM_4_dist/rmappo/check/paper_train_v1/seed_1/evaluations/eval_rmappo_MarineMicro_MvsM_4_dist_paper100/bktree/node_log.txt,onpolicy/MarineMicro_MvsM_4_dist/rmappo/check/paper_train_v1/seed_1/evaluations/eval_rmappo_MarineMicro_MvsM_4_dist_paper100/bktree,C:\Users\Binich\PycharmProjects\PredictionRTS\output\learner_results\all_data\fused_bktree_web_batch_20260612_153602_top100_anchor_no_replay\MarineMicro_MvsM_4_dist\bktree,16,16,0,0,0 10 10 2 11 11 13 13 14 14 15 15 16 17 17 18,0 312 312 249 543 543 15 15 328 328 339 339 616 546 546 547,source_bktree source_bktree source_bktree source_bktree source_bktree source_bktree source_bktree source_bktree source_bktree source_bktree source_bktree source_bktree source_bktree source_bktree source_bktree source_bktree,0 10 10 2 11 11 13 13 14 14 15 15 16 17 17 18
622,MarineMicro_MvsM_4_dist,RMAPPO,OnPolicy,MarineMicro_MvsM_4_dist/rmappo/check/paper_train_v1/seed_1/evaluations,onpolicy,MarineMicro_MvsM_4_dist/rmappo/check/paper_train_v1/seed_1/evaluations,,eval_rmappo_MarineMicro_MvsM_4_dist_paper100,100,,Win,69.0,20.0,True,onpolicy/MarineMicro_MvsM_4_dist/rmappo/check/paper_train_v1/seed_1/evaluations/eval_rmappo_MarineMicro_MvsM_4_dist_paper100/bktree/node_log.txt,onpolicy/MarineMicro_MvsM_4_dist/rmappo/check/paper_train_v1/seed_1/evaluations/eval_rmappo_MarineMicro_MvsM_4_dist_paper100/bktree,C:\Users\Binich\PycharmProjects\PredictionRTS\output\learner_results\all_data\fused_bktree_web_batch_20260612_153602_top100_anchor_no_replay\MarineMicro_MvsM_4_dist\bktree,16,16,0,0,0 10 10 2 3 11 13 13 14 14 15 16 16 17 17 18,0 312 312 249 613 543 15 15 328 328 339 616 616 546 546 547,source_bktree source_bktree source_bktree source_bktree source_bktree source_bktree source_bktree source_bktree source_bktree source_bktree source_bktree source_bktree source_bktree source_bktree source_bktree source_bktree,0 10 10 2 3 11 13 13 14 14 15 16 16 17 17 18
623,MarineMicro_MvsM_4_dist,RMAPPO,OnPolicy,MarineMicro_MvsM_4_dist/rmappo/check/paper_train_v1/seed_1/evaluations,onpolicy,MarineMicro_MvsM_4_dist/rmappo/check/paper_train_v1/seed_1/evaluations,,eval_rmappo_MarineMicro_MvsM_4_dist_paper100,3,,Win,66.0,20.0,True,onpolicy/MarineMicro_MvsM_4_dist/rmappo/check/paper_train_v1/seed_1/evaluations/eval_rmappo_MarineMicro_MvsM_4_dist_paper100/bktree/node_log.txt,onpolicy/MarineMicro_MvsM_4_dist/rmappo/check/paper_train_v1/seed_1/evaluations/eval_rmappo_MarineMicro_MvsM_4_dist_paper100/bktree,C:\Users\Binich\PycharmProjects\PredictionRTS\output\learner_results\all_data\fused_bktree_web_batch_20260612_153602_top100_anchor_no_replay\MarineMicro_MvsM_4_dist\bktree,14,14,0,0,0 19 20 2 3 3 4 21 22 23 23 24 24 25,0 22 23 249 613 613 15 81 617 310 310 269 269 586,source_bktree source_bktree source_bktree source_bktree source_bktree source_bktree source_bktree source_bktree source_bktree source_bktree source_bktree source_bktree source_bktree source_bktree,0 19 20 2 3 3 4 21 22 23 23 24 24 25
624,MarineMicro_MvsM_4_dist,RMAPPO,OnPolicy,MarineMicro_MvsM_4_dist/rmappo/check/paper_train_v1/seed_1/evaluations,onpolicy,MarineMicro_MvsM_4_dist/rmappo/check/paper_train_v1/seed_1/evaluations,,eval_rmappo_MarineMicro_MvsM_4_dist_paper100,19,,Win,66.0,20.0,True,onpolicy/MarineMicro_MvsM_4_dist/rmappo/check/paper_train_v1/seed_1/evaluations/eval_rmappo_MarineMicro_MvsM_4_dist_paper100/bktree/node_log.txt,onpolicy/MarineMicro_MvsM_4_dist/rmappo/check/paper_train_v1/seed_1/evaluations/eval_rmappo_MarineMicro_MvsM_4_dist_paper100/bktree,C:\Users\Binich\PycharmProjects\PredictionRTS\output\learner_results\all_data\fused_bktree_web_batch_20260612_153602_top100_anchor_no_replay\MarineMicro_MvsM_4_dist\bktree,14,14,0,0,0 38 38 2 3 3 40 40 41 41 42 42 43 56,0 323 323 249 613 613 15 15 621 621 622 622 623 632,source_bktree source_bktree source_bktree source_bktree source_bktree source_bktree source_bktree source_bktree source_bktree source_bktree source_bktree source_bktree source_bktree source_bktree,0 38 38 2 3 3 40 40 41 41 42 42 43 56
625,MarineMicro_MvsM_4_dist,RMAPPO,OnPolicy,MarineMicro_MvsM_4_dist/rmappo/check/paper_train_v1/seed_1/evaluations,onpolicy,MarineMicro_MvsM_4_dist/rmappo/check/paper_train_v1/seed_1/evaluations,,eval_rmappo_MarineMicro_MvsM_4_dist_paper100,71,,Win,66.0,20.0,True,onpolicy/MarineMicro_MvsM_4_dist/rmappo/check/paper_train_v1/seed_1/evaluations/eval_rmappo_MarineMicro_MvsM_4_dist_paper100/bktree/node_log.txt,onpolicy/MarineMicro_MvsM_4_dist/rmappo/check/paper_train_v1/seed_1/evaluations/eval_rmappo_MarineMicro_MvsM_4_dist_paper100/bktree,C:\Users\Binich\PycharmProjects\PredictionRTS\output\learner_results\all_data\fused_bktree_web_batch_20260612_153602_top100_anchor_no_replay\MarineMicro_MvsM_4_dist\bktree,14,14,0,0,0 38 38 2 3 3 40 40 50 50 42 42 43 56,0 323 323 249 613 613 15 15 627 627 622 622 623 632,source_bktree source_bktree source_bktree source_bktree source_bktree source_bktree source_bktree source_bktree source_bktree source_bktree source_bktree source_bktree source_bktree source_bktree,0 38 38 2 3 3 40 40 50 50 42 42 43 56
626,MarineMicro_MvsM_4_dist,RMAPPO,OnPolicy,MarineMicro_MvsM_4_dist/rmappo/check/paper_train_v1/seed_1/evaluations,onpolicy,MarineMicro_MvsM_4_dist/rmappo/check/paper_train_v1/seed_1/evaluations,,eval_rmappo_MarineMicro_MvsM_4_dist_paper100,5,,Win,66.0,20.0,True,onpolicy/MarineMicro_MvsM_4_dist/rmappo/check/paper_train_v1/seed_1/evaluations/eval_rmappo_MarineMicro_MvsM_4_dist_paper100/bktree/node_log.txt,onpolicy/MarineMicro_MvsM_4_dist/rmappo/check/paper_train_v1/seed_1/evaluations/eval_rmappo_MarineMicro_MvsM_4_dist_paper100/bktree,C:\Users\Binich\PycharmProjects\PredictionRTS\output\learner_results\all_data\fused_bktree_web_batch_20260612_153602_top100_anchor_no_replay\MarineMicro_MvsM_4_dist\bktree,15,15,0,0,0 10 26 2 27 27 28 13 14 14 29 29 30 30 31,0 312 618 249 619 619 389 15 328 328 339 339 337 337 346,source_bktree source_bktree source_bktree source_bktree source_bktree source_bktree source_bktree source_bktree source_bktree source_bktree source_bktree source_bktree source_bktree source_bktree source_bktree,0 10 26 2 27 27 28 13 14 14 29 29 30 30 31
627,MarineMicro_MvsM_4_dist,RMAPPO,OnPolicy,MarineMicro_MvsM_4_dist/rmappo/check/paper_train_v1/seed_1/evaluations,onpolicy,MarineMicro_MvsM_4_dist/rmappo/check/paper_train_v1/seed_1/evaluations,,eval_rmappo_MarineMicro_MvsM_4_dist_paper100,17,,Win,66.0,20.0,True,onpolicy/MarineMicro_MvsM_4_dist/rmappo/check/paper_train_v1/seed_1/evaluations/eval_rmappo_MarineMicro_MvsM_4_dist_paper100/bktree/node_log.txt,onpolicy/MarineMicro_MvsM_4_dist/rmappo/check/paper_train_v1/seed_1/evaluations/eval_rmappo_MarineMicro_MvsM_4_dist_paper100/bktree,C:\Users\Binich\PycharmProjects\PredictionRTS\output\learner_results\all_data\fused_bktree_web_batch_20260612_153602_top100_anchor_no_replay\MarineMicro_MvsM_4_dist\bktree,15,15,0,0,0 10 10 2 27 27 28 13 51 51 29 29 30 52 31,0 312 312 249 619 619 389 15 628 628 339 339 337 629 346,source_bktree source_bktree source_bktree source_bktree source_bktree source_bktree source_bktree source_bktree source_bktree source_bktree source_bktree source_bktree source_bktree source_bktree source_bktree,0 10 10 2 27 27 28 13 51 51 29 29 30 52 31
628,MarineMicro_MvsM_4_dist,RMAPPO,OnPolicy,MarineMicro_MvsM_4_dist/rmappo/check/paper_train_v1/seed_1/evaluations,onpolicy,MarineMicro_MvsM_4_dist/rmappo/check/paper_train_v1/seed_1/evaluations,,eval_rmappo_MarineMicro_MvsM_4_dist_paper100,20,,Win,66.0,20.0,True,onpolicy/MarineMicro_MvsM_4_dist/rmappo/check/paper_train_v1/seed_1/evaluations/eval_rmappo_MarineMicro_MvsM_4_dist_paper100/bktree/node_log.txt,onpolicy/MarineMicro_MvsM_4_dist/rmappo/check/paper_train_v1/seed_1/evaluations/eval_rmappo_MarineMicro_MvsM_4_dist_paper100/bktree,C:\Users\Binich\PycharmProjects\PredictionRTS\output\learner_results\all_data\fused_bktree_web_batch_20260612_153602_top100_anchor_no_replay\MarineMicro_MvsM_4_dist\bktree,15,15,0,0,0 38 38 2 2 3 39 40 50 50 42 42 43 57 56,0 323 323 249 249 613 178 15 627 627 622 622 623 633 632,source_bktree source_bktree source_bktree source_bktree source_bktree source_bktree source_bktree source_bktree source_bktree source_bktree source_bktree source_bktree source_bktree source_bktree source_bktree,0 38 38 2 2 3 39 40 50 50 42 42 43 57 56
629,MarineMicro_MvsM_4_dist,RMAPPO,OnPolicy,MarineMicro_MvsM_4_dist/rmappo/check/paper_train_v1/seed_1/evaluations,onpolicy,MarineMicro_MvsM_4_dist/rmappo/check/paper_train_v1/seed_1/evaluations,,eval_rmappo_MarineMicro_MvsM_4_dist_paper100,35,,Win,66.0,20.0,True,onpolicy/MarineMicro_MvsM_4_dist/rmappo/check/paper_train_v1/seed_1/evaluations/eval_rmappo_MarineMicro_MvsM_4_dist_paper100/bktree/node_log.txt,onpolicy/MarineMicro_MvsM_4_dist/rmappo/check/paper_train_v1/seed_1/evaluations/eval_rmappo_MarineMicro_MvsM_4_dist_paper100/bktree,C:\Users\Binich\PycharmProjects\PredictionRTS\output\learner_results\all_data\fused_bktree_web_batch_20260612_153602_top100_anchor_no_replay\MarineMicro_MvsM_4_dist\bktree,15,15,0,0,0 38 38 2 2 3 39 40 50 50 42 42 43 57 56,0 323 323 249 249 613 178 15 627 627 622 622 623 633 632,source_bktree source_bktree source_bktree source_bktree source_bktree source_bktree source_bktree source_bktree source_bktree source_bktree source_bktree source_bktree source_bktree source_bktree source_bktree,0 38 38 2 2 3 39 40 50 50 42 42 43 57 56
630,MarineMicro_MvsM_4_dist,RMAPPO,OnPolicy,MarineMicro_MvsM_4_dist/rmappo/check/paper_train_v1/seed_1/evaluations,onpolicy,MarineMicro_MvsM_4_dist/rmappo/check/paper_train_v1/seed_1/evaluations,,eval_rmappo_MarineMicro_MvsM_4_dist_paper100,39,,Win,66.0,20.0,True,onpolicy/MarineMicro_MvsM_4_dist/rmappo/check/paper_train_v1/seed_1/evaluations/eval_rmappo_MarineMicro_MvsM_4_dist_paper100/bktree/node_log.txt,onpolicy/MarineMicro_MvsM_4_dist/rmappo/check/paper_train_v1/seed_1/evaluations/eval_rmappo_MarineMicro_MvsM_4_dist_paper100/bktree,C:\Users\Binich\PycharmProjects\PredictionRTS\output\learner_results\all_data\fused_bktree_web_batch_20260612_153602_top100_anchor_no_replay\MarineMicro_MvsM_4_dist\bktree,15,15,0,0,0 10 10 2 2 27 28 13 51 51 29 29 30 30 31,0 312 312 249 249 619 389 15 628 628 339 339 337 337 346,source_bktree source_bktree source_bktree source_bktree source_bktree source_bktree source_bktree source_bktree source_bktree source_bktree source_bktree source_bktree source_bktree source_bktree source_bktree,0 10 10 2 2 27 28 13 51 51 29 29 30 30 31
631,MarineMicro_MvsM_4_dist,RMAPPO,OnPolicy,MarineMicro_MvsM_4_dist/rmappo/check/paper_train_v1/seed_1/evaluations,onpolicy,MarineMicro_MvsM_4_dist/rmappo/check/paper_train_v1/seed_1/evaluations,,eval_rmappo_MarineMicro_MvsM_4_dist_paper100,60,,Win,66.0,20.0,True,onpolicy/MarineMicro_MvsM_4_dist/rmappo/check/paper_train_v1/seed_1/evaluations/eval_rmappo_MarineMicro_MvsM_4_dist_paper100/bktree/node_log.txt,onpolicy/MarineMicro_MvsM_4_dist/rmappo/check/paper_train_v1/seed_1/evaluations/eval_rmappo_MarineMicro_MvsM_4_dist_paper100/bktree,C:\Users\Binich\PycharmProjects\PredictionRTS\output\learner_results\all_data\fused_bktree_web_batch_20260612_153602_top100_anchor_no_replay\MarineMicro_MvsM_4_dist\bktree,15,15,0,0,0 1 1 2 3 3 4 4 5 5 6 6 7 66 69,0 33 33 249 613 613 15 15 166 166 614 614 615 638 641,source_bktree source_bktree source_bktree source_bktree source_bktree source_bktree source_bktree source_bktree source_bktree source_bktree source_bktree source_bktree source_bktree source_bktree source_bktree,0 1 1 2 3 3 4 4 5 5 6 6 7 66 69
632,MarineMicro_MvsM_4_dist,RMAPPO,OnPolicy,MarineMicro_MvsM_4_dist/rmappo/check/paper_train_v1/seed_1/evaluations,onpolicy,MarineMicro_MvsM_4_dist/rmappo/check/paper_train_v1/seed_1/evaluations,,eval_rmappo_MarineMicro_MvsM_4_dist_paper100,9,,Win,63.0,20.0,True,onpolicy/MarineMicro_MvsM_4_dist/rmappo/check/paper_train_v1/seed_1/evaluations/eval_rmappo_MarineMicro_MvsM_4_dist_paper100/bktree/node_log.txt,onpolicy/MarineMicro_MvsM_4_dist/rmappo/check/paper_train_v1/seed_1/evaluations/eval_rmappo_MarineMicro_MvsM_4_dist_paper100/bktree,C:\Users\Binich\PycharmProjects\PredictionRTS\output\learner_results\all_data\fused_bktree_web_batch_20260612_153602_top100_anchor_no_replay\MarineMicro_MvsM_4_dist\bktree,14,14,0,0,0 10 10 2 32 32 33 13 14 46 34 35 35 37,0 312 312 249 26 26 366 15 328 625 552 620 620 547,source_bktree source_bktree source_bktree source_bktree source_bktree source_bktree source_bktree source_bktree source_bktree source_bktree source_bktree source_bktree source_bktree source_bktree,0 10 10 2 32 32 33 13 14 46 34 35 35 37
633,MarineMicro_MvsM_4_dist,RMAPPO,OnPolicy,MarineMicro_MvsM_4_dist/rmappo/check/paper_train_v1/seed_1/evaluations,onpolicy,MarineMicro_MvsM_4_dist/rmappo/check/paper_train_v1/seed_1/evaluations,,eval_rmappo_MarineMicro_MvsM_4_dist_paper100,10,,Win,63.0,20.0,True,onpolicy/MarineMicro_MvsM_4_dist/rmappo/check/paper_train_v1/seed_1/evaluations/eval_rmappo_MarineMicro_MvsM_4_dist_paper100/bktree/node_log.txt,onpolicy/MarineMicro_MvsM_4_dist/rmappo/check/paper_train_v1/seed_1/evaluations/eval_rmappo_MarineMicro_MvsM_4_dist_paper100/bktree,C:\Users\Binich\PycharmProjects\PredictionRTS\output\learner_results\all_data\fused_bktree_web_batch_20260612_153602_top100_anchor_no_replay\MarineMicro_MvsM_4_dist\bktree,15,15,0,0,0 38 38 2 3 3 40 40 41 41 42 42 43 44 45,0 323 323 249 613 613 15 15 621 621 622 622 623 624 350,source_bktree source_bktree source_bktree source_bktree source_bktree source_bktree source_bktree source_bktree source_bktree source_bktree source_bktree source_bktree source_bktree source_bktree source_bktree,0 38 38 2 3 3 40 40 41 41 42 42 43 44 45
634,MarineMicro_MvsM_4_dist,RMAPPO,OnPolicy,MarineMicro_MvsM_4_dist/rmappo/check/paper_train_v1/seed_1/evaluations,onpolicy,MarineMicro_MvsM_4_dist/rmappo/check/paper_train_v1/seed_1/evaluations,,eval_rmappo_MarineMicro_MvsM_4_dist_paper100,22,,Win,63.0,20.0,True,onpolicy/MarineMicro_MvsM_4_dist/rmappo/check/paper_train_v1/seed_1/evaluations/eval_rmappo_MarineMicro_MvsM_4_dist_paper100/bktree/node_log.txt,onpolicy/MarineMicro_MvsM_4_dist/rmappo/check/paper_train_v1/seed_1/evaluations/eval_rmappo_MarineMicro_MvsM_4_dist_paper100/bktree,C:\Users\Binich\PycharmProjects\PredictionRTS\output\learner_results\all_data\fused_bktree_web_batch_20260612_153602_top100_anchor_no_replay\MarineMicro_MvsM_4_dist\bktree,15,15,0,0,0 38 38 2 27 3 39 40 41 41 42 42 43 44 45,0 323 323 249 619 613 178 15 621 621 622 622 623 624 350,source_bktree source_bktree source_bktree source_bktree source_bktree source_bktree source_bktree source_bktree source_bktree source_bktree source_bktree source_bktree source_bktree source_bktree source_bktree,0 38 38 2 27 3 39 40 41 41 42 42 43 44 45
635,MarineMicro_MvsM_4_dist,RMAPPO,OnPolicy,MarineMicro_MvsM_4_dist/rmappo/check/paper_train_v1/seed_1/evaluations,onpolicy,MarineMicro_MvsM_4_dist/rmappo/check/paper_train_v1/seed_1/evaluations,,eval_rmappo_MarineMicro_MvsM_4_dist_paper100,23,,Win,63.0,20.0,True,onpolicy/MarineMicro_MvsM_4_dist/rmappo/check/paper_train_v1/seed_1/evaluations/eval_rmappo_MarineMicro_MvsM_4_dist_paper100/bktree/node_log.txt,onpolicy/MarineMicro_MvsM_4_dist/rmappo/check/paper_train_v1/seed_1/evaluations/eval_rmappo_MarineMicro_MvsM_4_dist_paper100/bktree,C:\Users\Binich\PycharmProjects\PredictionRTS\output\learner_results\all_data\fused_bktree_web_batch_20260612_153602_top100_anchor_no_replay\MarineMicro_MvsM_4_dist\bktree,15,15,0,0,0 38 38 2 3 3 40 40 41 41 42 43 43 44 45,0 323 323 249 613 613 15 15 621 621 622 623 623 624 350,source_bktree source_bktree source_bktree source_bktree source_bktree source_bktree source_bktree source_bktree source_bktree source_bktree source_bktree source_bktree source_bktree source_bktree source_bktree,0 38 38 2 3 3 40 40 41 41 42 43 43 44 45
636,MarineMicro_MvsM_4_dist,RMAPPO,OnPolicy,MarineMicro_MvsM_4_dist/rmappo/check/paper_train_v1/seed_1/evaluations,onpolicy,MarineMicro_MvsM_4_dist/rmappo/check/paper_train_v1/seed_1/evaluations,,eval_rmappo_MarineMicro_MvsM_4_dist_paper100,30,,Win,63.0,20.0,True,onpolicy/MarineMicro_MvsM_4_dist/rmappo/check/paper_train_v1/seed_1/evaluations/eval_rmappo_MarineMicro_MvsM_4_dist_paper100/bktree/node_log.txt,onpolicy/MarineMicro_MvsM_4_dist/rmappo/check/paper_train_v1/seed_1/evaluations/eval_rmappo_MarineMicro_MvsM_4_dist_paper100/bktree,C:\Users\Binich\PycharmProjects\PredictionRTS\output\learner_results\all_data\fused_bktree_web_batch_20260612_153602_top100_anchor_no_replay\MarineMicro_MvsM_4_dist\bktree,15,15,0,0,0 10 10 2 2 27 28 13 14 14 29 29 30 30 18,0 312 312 249 249 619 389 15 328 328 339 339 337 337 547,source_bktree source_bktree source_bktree source_bktree source_bktree source_bktree source_bktree source_bktree source_bktree source_bktree source_bktree source_bktree source_bktree source_bktree source_bktree,0 10 10 2 2 27 28 13 14 14 29 29 30 30 18
637,MarineMicro_MvsM_4_dist,RMAPPO,OnPolicy,MarineMicro_MvsM_4_dist/rmappo/check/paper_train_v1/seed_1/evaluations,onpolicy,MarineMicro_MvsM_4_dist/rmappo/check/paper_train_v1/seed_1/evaluations,,eval_rmappo_MarineMicro_MvsM_4_dist_paper100,37,,Win,63.0,20.0,True,onpolicy/MarineMicro_MvsM_4_dist/rmappo/check/paper_train_v1/seed_1/evaluations/eval_rmappo_MarineMicro_MvsM_4_dist_paper100/bktree/node_log.txt,onpolicy/MarineMicro_MvsM_4_dist/rmappo/check/paper_train_v1/seed_1/evaluations/eval_rmappo_MarineMicro_MvsM_4_dist_paper100/bktree,C:\Users\Binich\PycharmProjects\PredictionRTS\output\learner_results\all_data\fused_bktree_web_batch_20260612_153602_top100_anchor_no_replay\MarineMicro_MvsM_4_dist\bktree,15,15,0,0,0 19 20 2 3 3 4 4 22 22 23 24 24 24 9,0 22 23 249 613 613 15 15 617 617 310 269 269 269 144,source_bktree source_bktree source_bktree source_bktree source_bktree source_bktree source_bktree source_bktree source_bktree source_bktree source_bktree source_bktree source_bktree source_bktree source_bktree,0 19 20 2 3 3 4 4 22 22 23 24 24 24 9
638,MarineMicro_MvsM_4_dist,RMAPPO,OnPolicy,MarineMicro_MvsM_4_dist/rmappo/check/paper_train_v1/seed_1/evaluations,onpolicy,MarineMicro_MvsM_4_dist/rmappo/check/paper_train_v1/seed_1/evaluations,,eval_rmappo_MarineMicro_MvsM_4_dist_paper100,54,,Win,63.0,20.0,True,onpolicy/MarineMicro_MvsM_4_dist/rmappo/check/paper_train_v1/seed_1/evaluations/eval_rmappo_MarineMicro_MvsM_4_dist_paper100/bktree/node_log.txt,onpolicy/MarineMicro_MvsM_4_dist/rmappo/check/paper_train_v1/seed_1/evaluations/eval_rmappo_MarineMicro_MvsM_4_dist_paper100/bktree,C:\Users\Binich\PycharmProjects\PredictionRTS\output\learner_results\all_data\fused_bktree_web_batch_20260612_153602_top100_anchor_no_replay\MarineMicro_MvsM_4_dist\bktree,15,15,0,0,0 1 1 2 3 3 4 4 5 5 6 7 7 66 9,0 33 33 249 613 613 15 15 166 166 614 615 615 638 144,source_bktree source_bktree source_bktree source_bktree source_bktree source_bktree source_bktree source_bktree source_bktree source_bktree source_bktree source_bktree source_bktree source_bktree source_bktree,0 1 1 2 3 3 4 4 5 5 6 7 7 66 9
639,MarineMicro_MvsM_4_dist,RMAPPO,OnPolicy,MarineMicro_MvsM_4_dist/rmappo/check/paper_train_v1/seed_1/evaluations,onpolicy,MarineMicro_MvsM_4_dist/rmappo/check/paper_train_v1/seed_1/evaluations,,eval_rmappo_MarineMicro_MvsM_4_dist_paper100,56,,Win,63.0,20.0,True,onpolicy/MarineMicro_MvsM_4_dist/rmappo/check/paper_train_v1/seed_1/evaluations/eval_rmappo_MarineMicro_MvsM_4_dist_paper100/bktree/node_log.txt,onpolicy/MarineMicro_MvsM_4_dist/rmappo/check/paper_train_v1/seed_1/evaluations/eval_rmappo_MarineMicro_MvsM_4_dist_paper100/bktree,C:\Users\Binich\PycharmProjects\PredictionRTS\output\learner_results\all_data\fused_bktree_web_batch_20260612_153602_top100_anchor_no_replay\MarineMicro_MvsM_4_dist\bktree,15,15,0,0,0 38 38 2 3 3 40 40 41 41 42 42 43 44 45,0 323 323 249 613 613 15 15 621 621 622 622 623 624 350,source_bktree source_bktree source_bktree source_bktree source_bktree source_bktree source_bktree source_bktree source_bktree source_bktree source_bktree source_bktree source_bktree source_bktree source_bktree,0 38 38 2 3 3 40 40 41 41 42 42 43 44 45
640,MarineMicro_MvsM_4_dist,RMAPPO,OnPolicy,MarineMicro_MvsM_4_dist/rmappo/check/paper_train_v1/seed_1/evaluations,onpolicy,MarineMicro_MvsM_4_dist/rmappo/check/paper_train_v1/seed_1/evaluations,,eval_rmappo_MarineMicro_MvsM_4_dist_paper100,64,,Win,63.0,20.0,True,onpolicy/MarineMicro_MvsM_4_dist/rmappo/check/paper_train_v1/seed_1/evaluations/eval_rmappo_MarineMicro_MvsM_4_dist_paper100/bktree/node_log.txt,onpolicy/MarineMicro_MvsM_4_dist/rmappo/check/paper_train_v1/seed_1/evaluations/eval_rmappo_MarineMicro_MvsM_4_dist_paper100/bktree,C:\Users\Binich\PycharmProjects\PredictionRTS\output\learner_results\all_data\fused_bktree_web_batch_20260612_153602_top100_anchor_no_replay\MarineMicro_MvsM_4_dist\bktree,15,15,0,0,0 19 20 2 3 3 4 4 22 22 55 24 24 8 9,0 22 23 249 613 613 15 15 617 617 631 269 269 298 144,source_bktree source_bktree source_bktree source_bktree source_bktree source_bktree source_bktree source_bktree source_bktree source_bktree source_bktree source_bktree source_bktree source_bktree source_bktree,0 19 20 2 3 3 4 4 22 22 55 24 24 8 9
641,MarineMicro_MvsM_4_dist,RMAPPO,OnPolicy,MarineMicro_MvsM_4_dist/rmappo/check/paper_train_v1/seed_1/evaluations,onpolicy,MarineMicro_MvsM_4_dist/rmappo/check/paper_train_v1/seed_1/evaluations,,eval_rmappo_MarineMicro_MvsM_4_dist_paper100,65,,Win,63.0,20.0,True,onpolicy/MarineMicro_MvsM_4_dist/rmappo/check/paper_train_v1/seed_1/evaluations/eval_rmappo_MarineMicro_MvsM_4_dist_paper100/bktree/node_log.txt,onpolicy/MarineMicro_MvsM_4_dist/rmappo/check/paper_train_v1/seed_1/evaluations/eval_rmappo_MarineMicro_MvsM_4_dist_paper100/bktree,C:\Users\Binich\PycharmProjects\PredictionRTS\output\learner_results\all_data\fused_bktree_web_batch_20260612_153602_top100_anchor_no_replay\MarineMicro_MvsM_4_dist\bktree,15,15,0,0,0 38 38 2 3 3 40 40 41 41 42 42 43 44 45,0 323 323 249 613 613 15 15 621 621 622 622 623 624 350,source_bktree source_bktree source_bktree source_bktree source_bktree source_bktree source_bktree source_bktree source_bktree source_bktree source_bktree source_bktree source_bktree source_bktree source_bktree,0 38 38 2 3 3 40 40 41 41 42 42 43 44 45
642,MarineMicro_MvsM_4_dist,RMAPPO,OnPolicy,MarineMicro_MvsM_4_dist/rmappo/check/paper_train_v1/seed_1/evaluations,onpolicy,MarineMicro_MvsM_4_dist/rmappo/check/paper_train_v1/seed_1/evaluations,,eval_rmappo_MarineMicro_MvsM_4_dist_paper100,70,,Win,63.0,20.0,True,onpolicy/MarineMicro_MvsM_4_dist/rmappo/check/paper_train_v1/seed_1/evaluations/eval_rmappo_MarineMicro_MvsM_4_dist_paper100/bktree/node_log.txt,onpolicy/MarineMicro_MvsM_4_dist/rmappo/check/paper_train_v1/seed_1/evaluations/eval_rmappo_MarineMicro_MvsM_4_dist_paper100/bktree,C:\Users\Binich\PycharmProjects\PredictionRTS\output\learner_results\all_data\fused_bktree_web_batch_20260612_153602_top100_anchor_no_replay\MarineMicro_MvsM_4_dist\bktree,15,15,0,0,0 38 38 2 2 3 40 40 50 50 60 42 43 44 70,0 323 323 249 249 613 15 15 627 627 635 622 623 624 350,source_bktree source_bktree source_bktree source_bktree source_bktree source_bktree source_bktree source_bktree source_bktree source_bktree source_bktree source_bktree source_bktree source_bktree source_bktree,0 38 38 2 2 3 40 40 50 50 60 42 43 44 70
643,MarineMicro_MvsM_4_dist,RMAPPO,OnPolicy,MarineMicro_MvsM_4_dist/rmappo/check/paper_train_v1/seed_1/evaluations,onpolicy,MarineMicro_MvsM_4_dist/rmappo/check/paper_train_v1/seed_1/evaluations,,eval_rmappo_MarineMicro_MvsM_4_dist_paper100,72,,Win,63.0,20.0,True,onpolicy/MarineMicro_MvsM_4_dist/rmappo/check/paper_train_v1/seed_1/evaluations/eval_rmappo_MarineMicro_MvsM_4_dist_paper100/bktree/node_log.txt,onpolicy/MarineMicro_MvsM_4_dist/rmappo/check/paper_train_v1/seed_1/evaluations/eval_rmappo_MarineMicro_MvsM_4_dist_paper100/bktree,C:\Users\Binich\PycharmProjects\PredictionRTS\output\learner_results\all_data\fused_bktree_web_batch_20260612_153602_top100_anchor_no_replay\MarineMicro_MvsM_4_dist\bktree,15,15,0,0,0 10 10 2 27 27 13 13 14 14 29 29 30 17 18,0 312 312 249 619 619 15 15 328 328 339 339 337 546 547,source_bktree source_bktree source_bktree source_bktree source_bktree source_bktree source_bktree source_bktree source_bktree source_bktree source_bktree source_bktree source_bktree source_bktree source_bktree,0 10 10 2 27 27 13 13 14 14 29 29 30 17 18
644,MarineMicro_MvsM_4_dist,RMAPPO,OnPolicy,MarineMicro_MvsM_4_dist/rmappo/check/paper_train_v1/seed_1/evaluations,onpolicy,MarineMicro_MvsM_4_dist/rmappo/check/paper_train_v1/seed_1/evaluations,,eval_rmappo_MarineMicro_MvsM_4_dist_paper100,78,,Win,63.0,20.0,True,onpolicy/MarineMicro_MvsM_4_dist/rmappo/check/paper_train_v1/seed_1/evaluations/eval_rmappo_MarineMicro_MvsM_4_dist_paper100/bktree/node_log.txt,onpolicy/MarineMicro_MvsM_4_dist/rmappo/check/paper_train_v1/seed_1/evaluations/eval_rmappo_MarineMicro_MvsM_4_dist_paper100/bktree,C:\Users\Binich\PycharmProjects\PredictionRTS\output\learner_results\all_data\fused_bktree_web_batch_20260612_153602_top100_anchor_no_replay\MarineMicro_MvsM_4_dist\bktree,15,15,0,0,0 10 10 2 27 27 28 13 51 51 29 29 30 52 37,0 312 312 249 619 619 389 15 628 628 339 339 337 629 547,source_bktree source_bktree source_bktree source_bktree source_bktree source_bktree source_bktree source_bktree source_bktree source_bktree source_bktree source_bktree source_bktree source_bktree source_bktree,0 10 10 2 27 27 28 13 51 51 29 29 30 52 37
645,MarineMicro_MvsM_4_dist,RMAPPO,OnPolicy,MarineMicro_MvsM_4_dist/rmappo/check/paper_train_v1/seed_1/evaluations,onpolicy,MarineMicro_MvsM_4_dist/rmappo/check/paper_train_v1/seed_1/evaluations,,eval_rmappo_MarineMicro_MvsM_4_dist_paper100,79,,Win,63.0,20.0,True,onpolicy/MarineMicro_MvsM_4_dist/rmappo/check/paper_train_v1/seed_1/evaluations/eval_rmappo_MarineMicro_MvsM_4_dist_paper100/bktree/node_log.txt,onpolicy/MarineMicro_MvsM_4_dist/rmappo/check/paper_train_v1/seed_1/evaluations/eval_rmappo_MarineMicro_MvsM_4_dist_paper100/bktree,C:\Users\Binich\PycharmProjects\PredictionRTS\output\learner_results\all_data\fused_bktree_web_batch_20260612_153602_top100_anchor_no_replay\MarineMicro_MvsM_4_dist\bktree,15,15,0,0,0 38 38 2 2 3 39 40 41 41 42 43 43 44 45,0 323 323 249 249 613 178 15 621 621 622 623 623 624 350,source_bktree source_bktree source_bktree source_bktree source_bktree source_bktree source_bktree source_bktree source_bktree source_bktree source_bktree source_bktree source_bktree source_bktree source_bktree,0 38 38 2 2 3 39 40 41 41 42 43 43 44 45
646,MarineMicro_MvsM_4_dist,RMAPPO,OnPolicy,MarineMicro_MvsM_4_dist/rmappo/check/paper_train_v1/seed_1/evaluations,onpolicy,MarineMicro_MvsM_4_dist/rmappo/check/paper_train_v1/seed_1/evaluations,,eval_rmappo_MarineMicro_MvsM_4_dist_paper100,80,,Win,63.0,20.0,True,onpolicy/MarineMicro_MvsM_4_dist/rmappo/check/paper_train_v1/seed_1/evaluations/eval_rmappo_MarineMicro_MvsM_4_dist_paper100/bktree/node_log.txt,onpolicy/MarineMicro_MvsM_4_dist/rmappo/check/paper_train_v1/seed_1/evaluations/eval_rmappo_MarineMicro_MvsM_4_dist_paper100/bktree,C:\Users\Binich\PycharmProjects\PredictionRTS\output\learner_results\all_data\fused_bktree_web_batch_20260612_153602_top100_anchor_no_replay\MarineMicro_MvsM_4_dist\bktree,15,15,0,0,0 10 10 2 11 11 13 13 14 14 15 16 16 17 18,0 312 312 249 543 543 15 15 328 328 339 616 616 546 547,source_bktree source_bktree source_bktree source_bktree source_bktree source_bktree source_bktree source_bktree source_bktree source_bktree source_bktree source_bktree source_bktree source_bktree source_bktree,0 10 10 2 11 11 13 13 14 14 15 16 16 17 18
647,MarineMicro_MvsM_4_dist,RMAPPO,OnPolicy,MarineMicro_MvsM_4_dist/rmappo/check/paper_train_v1/seed_1/evaluations,onpolicy,MarineMicro_MvsM_4_dist/rmappo/check/paper_train_v1/seed_1/evaluations,,eval_rmappo_MarineMicro_MvsM_4_dist_paper100,82,,Win,63.0,20.0,True,onpolicy/MarineMicro_MvsM_4_dist/rmappo/check/paper_train_v1/seed_1/evaluations/eval_rmappo_MarineMicro_MvsM_4_dist_paper100/bktree/node_log.txt,onpolicy/MarineMicro_MvsM_4_dist/rmappo/check/paper_train_v1/seed_1/evaluations/eval_rmappo_MarineMicro_MvsM_4_dist_paper100/bktree,C:\Users\Binich\PycharmProjects\PredictionRTS\output\learner_results\all_data\fused_bktree_web_batch_20260612_153602_top100_anchor_no_replay\MarineMicro_MvsM_4_dist\bktree,15,15,0,0,0 10 10 2 27 27 13 13 14 71 29 29 30 17 18,0 312 312 249 619 619 15 15 328 642 339 339 337 546 547,source_bktree source_bktree source_bktree source_bktree source_bktree source_bktree source_bktree source_bktree source_bktree source_bktree source_bktree source_bktree source_bktree source_bktree source_bktree,0 10 10 2 27 27 13 13 14 71 29 29 30 17 18
648,MarineMicro_MvsM_4_dist,RMAPPO,OnPolicy,MarineMicro_MvsM_4_dist/rmappo/check/paper_train_v1/seed_1/evaluations,onpolicy,MarineMicro_MvsM_4_dist/rmappo/check/paper_train_v1/seed_1/evaluations,,eval_rmappo_MarineMicro_MvsM_4_dist_paper100,85,,Win,63.0,20.0,True,onpolicy/MarineMicro_MvsM_4_dist/rmappo/check/paper_train_v1/seed_1/evaluations/eval_rmappo_MarineMicro_MvsM_4_dist_paper100/bktree/node_log.txt,onpolicy/MarineMicro_MvsM_4_dist/rmappo/check/paper_train_v1/seed_1/evaluations/eval_rmappo_MarineMicro_MvsM_4_dist_paper100/bktree,C:\Users\Binich\PycharmProjects\PredictionRTS\output\learner_results\all_data\fused_bktree_web_batch_20260612_153602_top100_anchor_no_replay\MarineMicro_MvsM_4_dist\bktree,15,15,0,0,0 38 38 2 2 3 39 40 50 50 42 42 43 44 70,0 323 323 249 249 613 178 15 627 627 622 622 623 624 350,source_bktree source_bktree source_bktree source_bktree source_bktree source_bktree source_bktree source_bktree source_bktree source_bktree source_bktree source_bktree source_bktree source_bktree source_bktree,0 38 38 2 2 3 39 40 50 50 42 42 43 44 70
649,MarineMicro_MvsM_4_dist,RMAPPO,OnPolicy,MarineMicro_MvsM_4_dist/rmappo/check/paper_train_v1/seed_1/evaluations,onpolicy,MarineMicro_MvsM_4_dist/rmappo/check/paper_train_v1/seed_1/evaluations,,eval_rmappo_MarineMicro_MvsM_4_dist_paper100,86,,Win,63.0,20.0,True,onpolicy/MarineMicro_MvsM_4_dist/rmappo/check/paper_train_v1/seed_1/evaluations/eval_rmappo_MarineMicro_MvsM_4_dist_paper100/bktree/node_log.txt,onpolicy/MarineMicro_MvsM_4_dist/rmappo/check/paper_train_v1/seed_1/evaluations/eval_rmappo_MarineMicro_MvsM_4_dist_paper100/bktree,C:\Users\Binich\PycharmProjects\PredictionRTS\output\learner_results\all_data\fused_bktree_web_batch_20260612_153602_top100_anchor_no_replay\MarineMicro_MvsM_4_dist\bktree,15,15,0,0,0 10 10 2 11 11 12 13 14 14 15 15 16 16 18,0 312 312 249 543 543 544 15 328 328 339 339 616 616 547,source_bktree source_bktree source_bktree source_bktree source_bktree source_bktree source_bktree source_bktree source_bktree source_bktree source_bktree source_bktree source_bktree source_bktree source_bktree,0 10 10 2 11 11 12 13 14 14 15 15 16 16 18
650,MarineMicro_MvsM_4_dist,RMAPPO,OnPolicy,MarineMicro_MvsM_4_dist/rmappo/check/paper_train_v1/seed_1/evaluations,onpolicy,MarineMicro_MvsM_4_dist/rmappo/check/paper_train_v1/seed_1/evaluations,,eval_rmappo_MarineMicro_MvsM_4_dist_paper100,93,,Win,63.0,20.0,True,onpolicy/MarineMicro_MvsM_4_dist/rmappo/check/paper_train_v1/seed_1/evaluations/eval_rmappo_MarineMicro_MvsM_4_dist_paper100/bktree/node_log.txt,onpolicy/MarineMicro_MvsM_4_dist/rmappo/check/paper_train_v1/seed_1/evaluations/eval_rmappo_MarineMicro_MvsM_4_dist_paper100/bktree,C:\Users\Binich\PycharmProjects\PredictionRTS\output\learner_results\all_data\fused_bktree_web_batch_20260612_153602_top100_anchor_no_replay\MarineMicro_MvsM_4_dist\bktree,15,15,0,0,0 10 10 2 27 27 13 13 51 51 29 29 30 36 37,0 312 312 249 619 619 15 15 628 628 339 339 337 549 547,source_bktree source_bktree source_bktree source_bktree source_bktree source_bktree source_bktree source_bktree source_bktree source_bktree source_bktree source_bktree source_bktree source_bktree source_bktree,0 10 10 2 27 27 13 13 51 51 29 29 30 36 37
651,MarineMicro_MvsM_4_dist,RMAPPO,OnPolicy,MarineMicro_MvsM_4_dist/rmappo/check/paper_train_v1/seed_1/evaluations,onpolicy,MarineMicro_MvsM_4_dist/rmappo/check/paper_train_v1/seed_1/evaluations,,eval_rmappo_MarineMicro_MvsM_4_dist_paper100,2,,Win,63.0,20.0,True,onpolicy/MarineMicro_MvsM_4_dist/rmappo/check/paper_train_v1/seed_1/evaluations/eval_rmappo_MarineMicro_MvsM_4_dist_paper100/bktree/node_log.txt,onpolicy/MarineMicro_MvsM_4_dist/rmappo/check/paper_train_v1/seed_1/evaluations/eval_rmappo_MarineMicro_MvsM_4_dist_paper100/bktree,C:\Users\Binich\PycharmProjects\PredictionRTS\output\learner_results\all_data\fused_bktree_web_batch_20260612_153602_top100_anchor_no_replay\MarineMicro_MvsM_4_dist\bktree,16,16,0,0,0 10 10 2 2 11 12 13 14 14 15 15 16 16 17 18,0 312 312 249 249 543 544 15 328 328 339 339 616 616 546 547,source_bktree source_bktree source_bktree source_bktree source_bktree source_bktree source_bktree source_bktree source_bktree source_bktree source_bktree source_bktree source_bktree source_bktree source_bktree source_bktree,0 10 10 2 2 11 12 13 14 14 15 15 16 16 17 18
652,MarineMicro_MvsM_4_dist,RMAPPO,OnPolicy,MarineMicro_MvsM_4_dist/rmappo/check/paper_train_v1/seed_1/evaluations,onpolicy,MarineMicro_MvsM_4_dist/rmappo/check/paper_train_v1/seed_1/evaluations,,eval_rmappo_MarineMicro_MvsM_4_dist_paper100,6,,Win,63.0,20.0,True,onpolicy/MarineMicro_MvsM_4_dist/rmappo/check/paper_train_v1/seed_1/evaluations/eval_rmappo_MarineMicro_MvsM_4_dist_paper100/bktree/node_log.txt,onpolicy/MarineMicro_MvsM_4_dist/rmappo/check/paper_train_v1/seed_1/evaluations/eval_rmappo_MarineMicro_MvsM_4_dist_paper100/bktree,C:\Users\Binich\PycharmProjects\PredictionRTS\output\learner_results\all_data\fused_bktree_web_batch_20260612_153602_top100_anchor_no_replay\MarineMicro_MvsM_4_dist\bktree,16,16,0,0,0 10 10 2 2 32 33 13 14 14 34 34 35 36 36 37,0 312 312 249 249 26 366 15 328 328 552 552 620 549 549 547,source_bktree source_bktree source_bktree source_bktree source_bktree source_bktree source_bktree source_bktree source_bktree source_bktree source_bktree source_bktree source_bktree source_bktree source_bktree source_bktree,0 10 10 2 2 32 33 13 14 14 34 34 35 36 36 37
653,MarineMicro_MvsM_4_dist,RMAPPO,OnPolicy,MarineMicro_MvsM_4_dist/rmappo/check/paper_train_v1/seed_1/evaluations,onpolicy,MarineMicro_MvsM_4_dist/rmappo/check/paper_train_v1/seed_1/evaluations,,eval_rmappo_MarineMicro_MvsM_4_dist_paper100,8,,Win,63.0,20.0,True,onpolicy/MarineMicro_MvsM_4_dist/rmappo/check/paper_train_v1/seed_1/evaluations/eval_rmappo_MarineMicro_MvsM_4_dist_paper100/bktree/node_log.txt,onpolicy/MarineMicro_MvsM_4_dist/rmappo/check/paper_train_v1/seed_1/evaluations/eval_rmappo_MarineMicro_MvsM_4_dist_paper100/bktree,C:\Users\Binich\PycharmProjects\PredictionRTS\output\learner_results\all_data\fused_bktree_web_batch_20260612_153602_top100_anchor_no_replay\MarineMicro_MvsM_4_dist\bktree,16,16,0,0,0 38 38 2 3 3 39 40 41 41 42 42 43 44 44 45,0 323 323 249 613 613 178 15 621 621 622 622 623 624 624 350,source_bktree source_bktree source_bktree source_bktree source_bktree source_bktree source_bktree source_bktree source_bktree source_bktree source_bktree source_bktree source_bktree source_bktree source_bktree source_bktree,0 38 38 2 3 3 39 40 41 41 42 42 43 44 44 45
654,MarineMicro_MvsM_4_dist,RMAPPO,OnPolicy,MarineMicro_MvsM_4_dist/rmappo/check/paper_train_v1/seed_1/evaluations,onpolicy,MarineMicro_MvsM_4_dist/rmappo/check/paper_train_v1/seed_1/evaluations,,eval_rmappo_MarineMicro_MvsM_4_dist_paper100,11,,Win,63.0,20.0,True,onpolicy/MarineMicro_MvsM_4_dist/rmappo/check/paper_train_v1/seed_1/evaluations/eval_rmappo_MarineMicro_MvsM_4_dist_paper100/bktree/node_log.txt,onpolicy/MarineMicro_MvsM_4_dist/rmappo/check/paper_train_v1/seed_1/evaluations/eval_rmappo_MarineMicro_MvsM_4_dist_paper100/bktree,C:\Users\Binich\PycharmProjects\PredictionRTS\output\learner_results\all_data\fused_bktree_web_batch_20260612_153602_top100_anchor_no_replay\MarineMicro_MvsM_4_dist\bktree,16,16,0,0,0 10 10 2 32 32 13 13 14 14 34 34 35 36 36 37,0 312 312 249 26 26 15 15 328 328 552 552 620 549 549 547,source_bktree source_bktree source_bktree source_bktree source_bktree source_bktree source_bktree source_bktree source_bktree source_bktree source_bktree source_bktree source_bktree source_bktree source_bktree source_bktree,0 10 10 2 32 32 13 13 14 14 34 34 35 36 36 37
655,MarineMicro_MvsM_4_dist,RMAPPO,OnPolicy,MarineMicro_MvsM_4_dist/rmappo/check/paper_train_v1/seed_1/evaluations,onpolicy,MarineMicro_MvsM_4_dist/rmappo/check/paper_train_v1/seed_1/evaluations,,eval_rmappo_MarineMicro_MvsM_4_dist_paper100,13,,Win,63.0,20.0,True,onpolicy/MarineMicro_MvsM_4_dist/rmappo/check/paper_train_v1/seed_1/evaluations/eval_rmappo_MarineMicro_MvsM_4_dist_paper100/bktree/node_log.txt,onpolicy/MarineMicro_MvsM_4_dist/rmappo/check/paper_train_v1/seed_1/evaluations/eval_rmappo_MarineMicro_MvsM_4_dist_paper100/bktree,C:\Users\Binich\PycharmProjects\PredictionRTS\output\learner_results\all_data\fused_bktree_web_batch_20260612_153602_top100_anchor_no_replay\MarineMicro_MvsM_4_dist\bktree,16,16,0,0,0 10 10 2 27 27 28 13 47 47 48 29 30 17 17 18,0 312 312 249 619 619 389 15 626 626 390 339 337 546 546 547,source_bktree source_bktree source_bktree source_bktree source_bktree source_bktree source_bktree source_bktree source_bktree source_bktree source_bktree source_bktree source_bktree source_bktree source_bktree source_bktree,0 10 10 2 27 27 28 13 47 47 48 29 30 17 17 18
656,MarineMicro_MvsM_4_dist,RMAPPO,OnPolicy,MarineMicro_MvsM_4_dist/rmappo/check/paper_train_v1/seed_1/evaluations,onpolicy,MarineMicro_MvsM_4_dist/rmappo/check/paper_train_v1/seed_1/evaluations,,eval_rmappo_MarineMicro_MvsM_4_dist_paper100,21,,Win,63.0,20.0,True,onpolicy/MarineMicro_MvsM_4_dist/rmappo/check/paper_train_v1/seed_1/evaluations/eval_rmappo_MarineMicro_MvsM_4_dist_paper100/bktree/node_log.txt,onpolicy/MarineMicro_MvsM_4_dist/rmappo/check/paper_train_v1/seed_1/evaluations/eval_rmappo_MarineMicro_MvsM_4_dist_paper100/bktree,C:\Users\Binich\PycharmProjects\PredictionRTS\output\learner_results\all_data\fused_bktree_web_batch_20260612_153602_top100_anchor_no_replay\MarineMicro_MvsM_4_dist\bktree,16,16,0,0,0 38 38 2 27 3 40 40 41 41 42 42 43 44 44 45,0 323 323 249 619 613 15 15 621 621 622 622 623 624 624 350,source_bktree source_bktree source_bktree source_bktree source_bktree source_bktree source_bktree source_bktree source_bktree source_bktree source_bktree source_bktree source_bktree source_bktree source_bktree source_bktree,0 38 38 2 27 3 40 40 41 41 42 42 43 44 44 45
657,MarineMicro_MvsM_4_dist,RMAPPO,OnPolicy,MarineMicro_MvsM_4_dist/rmappo/check/paper_train_v1/seed_1/evaluations,onpolicy,MarineMicro_MvsM_4_dist/rmappo/check/paper_train_v1/seed_1/evaluations,,eval_rmappo_MarineMicro_MvsM_4_dist_paper100,25,,Win,63.0,20.0,True,onpolicy/MarineMicro_MvsM_4_dist/rmappo/check/paper_train_v1/seed_1/evaluations/eval_rmappo_MarineMicro_MvsM_4_dist_paper100/bktree/node_log.txt,onpolicy/MarineMicro_MvsM_4_dist/rmappo/check/paper_train_v1/seed_1/evaluations/eval_rmappo_MarineMicro_MvsM_4_dist_paper100/bktree,C:\Users\Binich\PycharmProjects\PredictionRTS\output\learner_results\all_data\fused_bktree_web_batch_20260612_153602_top100_anchor_no_replay\MarineMicro_MvsM_4_dist\bktree,16,16,0,0,0 1 58 2 3 3 4 4 5 5 6 7 7 8 8 9,0 33 634 249 613 613 15 15 166 166 614 615 615 298 298 144,source_bktree source_bktree source_bktree source_bktree source_bktree source_bktree source_bktree source_bktree source_bktree source_bktree source_bktree source_bktree source_bktree source_bktree source_bktree source_bktree,0 1 58 2 3 3 4 4 5 5 6 7 7 8 8 9
658,MarineMicro_MvsM_4_dist,RMAPPO,OnPolicy,MarineMicro_MvsM_4_dist/rmappo/check/paper_train_v1/seed_1/evaluations,onpolicy,MarineMicro_MvsM_4_dist/rmappo/check/paper_train_v1/seed_1/evaluations,,eval_rmappo_MarineMicro_MvsM_4_dist_paper100,26,,Win,63.0,20.0,True,onpolicy/MarineMicro_MvsM_4_dist/rmappo/check/paper_train_v1/seed_1/evaluations/eval_rmappo_MarineMicro_MvsM_4_dist_paper100/bktree/node_log.txt,onpolicy/MarineMicro_MvsM_4_dist/rmappo/check/paper_train_v1/seed_1/evaluations/eval_rmappo_MarineMicro_MvsM_4_dist_paper100/bktree,C:\Users\Binich\PycharmProjects\PredictionRTS\output\learner_results\all_data\fused_bktree_web_batch_20260612_153602_top100_anchor_no_replay\MarineMicro_MvsM_4_dist\bktree,16,16,0,0,0 1 1 2 3 3 4 4 5 5 6 7 7 8 8 9,0 33 33 249 613 613 15 15 166 166 614 615 615 298 298 144,source_bktree source_bktree source_bktree source_bktree source_bktree source_bktree source_bktree source_bktree source_bktree source_bktree source_bktree source_bktree source_bktree source_bktree source_bktree source_bktree,0 1 1 2 3 3 4 4 5 5 6 7 7 8 8 9
659,MarineMicro_MvsM_4_dist,RMAPPO,OnPolicy,MarineMicro_MvsM_4_dist/rmappo/check/paper_train_v1/seed_1/evaluations,onpolicy,MarineMicro_MvsM_4_dist/rmappo/check/paper_train_v1/seed_1/evaluations,,eval_rmappo_MarineMicro_MvsM_4_dist_paper100,27,,Win,63.0,20.0,True,onpolicy/MarineMicro_MvsM_4_dist/rmappo/check/paper_train_v1/seed_1/evaluations/eval_rmappo_MarineMicro_MvsM_4_dist_paper100/bktree/node_log.txt,onpolicy/MarineMicro_MvsM_4_dist/rmappo/check/paper_train_v1/seed_1/evaluations/eval_rmappo_MarineMicro_MvsM_4_dist_paper100/bktree,C:\Users\Binich\PycharmProjects\PredictionRTS\output\learner_results\all_data\fused_bktree_web_batch_20260612_153602_top100_anchor_no_replay\MarineMicro_MvsM_4_dist\bktree,16,16,0,0,0 1 58 2 3 11 4 4 5 5 6 59 7 8 8 9,0 33 634 249 613 543 15 15 166 166 614 168 615 298 298 144,source_bktree source_bktree source_bktree source_bktree source_bktree source_bktree source_bktree source_bktree source_bktree source_bktree source_bktree source_bktree source_bktree source_bktree source_bktree source_bktree,0 1 58 2 3 11 4 4 5 5 6 59 7 8 8 9
660,MarineMicro_MvsM_4_dist,RMAPPO,OnPolicy,MarineMicro_MvsM_4_dist/rmappo/check/paper_train_v1/seed_1/evaluations,onpolicy,MarineMicro_MvsM_4_dist/rmappo/check/paper_train_v1/seed_1/evaluations,,eval_rmappo_MarineMicro_MvsM_4_dist_paper100,29,,Win,63.0,20.0,True,onpolicy/MarineMicro_MvsM_4_dist/rmappo/check/paper_train_v1/seed_1/evaluations/eval_rmappo_MarineMicro_MvsM_4_dist_paper100/bktree/node_log.txt,onpolicy/MarineMicro_MvsM_4_dist/rmappo/check/paper_train_v1/seed_1/evaluations/eval_rmappo_MarineMicro_MvsM_4_dist_paper100/bktree,C:\Users\Binich\PycharmProjects\PredictionRTS\output\learner_results\all_data\fused_bktree_web_batch_20260612_153602_top100_anchor_no_replay\MarineMicro_MvsM_4_dist\bktree,16,16,0,0,0 10 10 2 2 11 13 13 14 14 15 16 16 17 17 9,0 312 312 249 249 543 15 15 328 328 339 616 616 546 546 144,source_bktree source_bktree source_bktree source_bktree source_bktree source_bktree source_bktree source_bktree source_bktree source_bktree source_bktree source_bktree source_bktree source_bktree source_bktree source_bktree,0 10 10 2 2 11 13 13 14 14 15 16 16 17 17 9
661,MarineMicro_MvsM_4_dist,RMAPPO,OnPolicy,MarineMicro_MvsM_4_dist/rmappo/check/paper_train_v1/seed_1/evaluations,onpolicy,MarineMicro_MvsM_4_dist/rmappo/check/paper_train_v1/seed_1/evaluations,,eval_rmappo_MarineMicro_MvsM_4_dist_paper100,40,,Win,63.0,20.0,True,onpolicy/MarineMicro_MvsM_4_dist/rmappo/check/paper_train_v1/seed_1/evaluations/eval_rmappo_MarineMicro_MvsM_4_dist_paper100/bktree/node_log.txt,onpolicy/MarineMicro_MvsM_4_dist/rmappo/check/paper_train_v1/seed_1/evaluations/eval_rmappo_MarineMicro_MvsM_4_dist_paper100/bktree,C:\Users\Binich\PycharmProjects\PredictionRTS\output\learner_results\all_data\fused_bktree_web_batch_20260612_153602_top100_anchor_no_replay\MarineMicro_MvsM_4_dist\bktree,16,16,0,0,0 1 61 2 3 3 4 4 5 5 6 7 7 8 8 9,0 33 69 249 613 613 15 15 166 166 614 615 615 298 298 144,source_bktree source_bktree source_bktree source_bktree source_bktree source_bktree source_bktree source_bktree source_bktree source_bktree source_bktree source_bktree source_bktree source_bktree source_bktree source_bktree,0 1 61 2 3 3 4 4 5 5 6 7 7 8 8 9
662,MarineMicro_MvsM_4_dist,RMAPPO,OnPolicy,MarineMicro_MvsM_4_dist/rmappo/check/paper_train_v1/seed_1/evaluations,onpolicy,MarineMicro_MvsM_4_dist/rmappo/check/paper_train_v1/seed_1/evaluations,,eval_rmappo_MarineMicro_MvsM_4_dist_paper100,41,,Win,63.0,20.0,True,onpolicy/MarineMicro_MvsM_4_dist/rmappo/check/paper_train_v1/seed_1/evaluations/eval_rmappo_MarineMicro_MvsM_4_dist_paper100/bktree/node_log.txt,onpolicy/MarineMicro_MvsM_4_dist/rmappo/check/paper_train_v1/seed_1/evaluations/eval_rmappo_MarineMicro_MvsM_4_dist_paper100/bktree,C:\Users\Binich\PycharmProjects\PredictionRTS\output\learner_results\all_data\fused_bktree_web_batch_20260612_153602_top100_anchor_no_replay\MarineMicro_MvsM_4_dist\bktree,16,16,0,0,0 38 38 2 3 3 40 40 50 50 42 42 43 44 44 45,0 323 323 249 613 613 15 15 627 627 622 622 623 624 624 350,source_bktree source_bktree source_bktree source_bktree source_bktree source_bktree source_bktree source_bktree source_bktree source_bktree source_bktree source_bktree source_bktree source_bktree source_bktree source_bktree,0 38 38 2 3 3 40 40 50 50 42 42 43 44 44 45
663,MarineMicro_MvsM_4_dist,RMAPPO,OnPolicy,MarineMicro_MvsM_4_dist/rmappo/check/paper_train_v1/seed_1/evaluations,onpolicy,MarineMicro_MvsM_4_dist/rmappo/check/paper_train_v1/seed_1/evaluations,,eval_rmappo_MarineMicro_MvsM_4_dist_paper100,45,,Win,63.0,20.0,True,onpolicy/MarineMicro_MvsM_4_dist/rmappo/check/paper_train_v1/seed_1/evaluations/eval_rmappo_MarineMicro_MvsM_4_dist_paper100/bktree/node_log.txt,onpolicy/MarineMicro_MvsM_4_dist/rmappo/check/paper_train_v1/seed_1/evaluations/eval_rmappo_MarineMicro_MvsM_4_dist_paper100/bktree,C:\Users\Binich\PycharmProjects\PredictionRTS\output\learner_results\all_data\fused_bktree_web_batch_20260612_153602_top100_anchor_no_replay\MarineMicro_MvsM_4_dist\bktree,16,16,0,0,0 10 10 2 27 27 13 13 51 51 63 29 30 36 36 37,0 312 312 249 619 619 15 15 628 628 636 339 337 549 549 547,source_bktree source_bktree source_bktree source_bktree source_bktree source_bktree source_bktree source_bktree source_bktree source_bktree source_bktree source_bktree source_bktree source_bktree source_bktree source_bktree,0 10 10 2 27 27 13 13 51 51 63 29 30 36 36 37
664,MarineMicro_MvsM_4_dist,RMAPPO,OnPolicy,MarineMicro_MvsM_4_dist/rmappo/check/paper_train_v1/seed_1/evaluations,onpolicy,MarineMicro_MvsM_4_dist/rmappo/check/paper_train_v1/seed_1/evaluations,,eval_rmappo_MarineMicro_MvsM_4_dist_paper100,55,,Win,63.0,20.0,True,onpolicy/MarineMicro_MvsM_4_dist/rmappo/check/paper_train_v1/seed_1/evaluations/eval_rmappo_MarineMicro_MvsM_4_dist_paper100/bktree/node_log.txt,onpolicy/MarineMicro_MvsM_4_dist/rmappo/check/paper_train_v1/seed_1/evaluations/eval_rmappo_MarineMicro_MvsM_4_dist_paper100/bktree,C:\Users\Binich\PycharmProjects\PredictionRTS\output\learner_results\all_data\fused_bktree_web_batch_20260612_153602_top100_anchor_no_replay\MarineMicro_MvsM_4_dist\bktree,16,16,0,0,0 10 10 2 27 27 28 13 51 51 15 67 30 17 17 18,0 312 312 249 619 619 389 15 628 628 339 639 337 546 546 547,source_bktree source_bktree source_bktree source_bktree source_bktree source_bktree source_bktree source_bktree source_bktree source_bktree source_bktree source_bktree source_bktree source_bktree source_bktree source_bktree,0 10 10 2 27 27 28 13 51 51 15 67 30 17 17 18
665,MarineMicro_MvsM_4_dist,RMAPPO,OnPolicy,MarineMicro_MvsM_4_dist/rmappo/check/paper_train_v1/seed_1/evaluations,onpolicy,MarineMicro_MvsM_4_dist/rmappo/check/paper_train_v1/seed_1/evaluations,,eval_rmappo_MarineMicro_MvsM_4_dist_paper100,57,,Win,63.0,20.0,True,onpolicy/MarineMicro_MvsM_4_dist/rmappo/check/paper_train_v1/seed_1/evaluations/eval_rmappo_MarineMicro_MvsM_4_dist_paper100/bktree/node_log.txt,onpolicy/MarineMicro_MvsM_4_dist/rmappo/check/paper_train_v1/seed_1/evaluations/eval_rmappo_MarineMicro_MvsM_4_dist_paper100/bktree,C:\Users\Binich\PycharmProjects\PredictionRTS\output\learner_results\all_data\fused_bktree_web_batch_20260612_153602_top100_anchor_no_replay\MarineMicro_MvsM_4_dist\bktree,16,16,0,0,0 1 1 2 3 3 4 4 5 5 6 6 7 8 8 9,0 33 33 249 613 613 15 15 166 166 614 614 615 298 298 144,source_bktree source_bktree source_bktree source_bktree source_bktree source_bktree source_bktree source_bktree source_bktree source_bktree source_bktree source_bktree source_bktree source_bktree source_bktree source_bktree,0 1 1 2 3 3 4 4 5 5 6 6 7 8 8 9
666,MarineMicro_MvsM_4_dist,RMAPPO,OnPolicy,MarineMicro_MvsM_4_dist/rmappo/check/paper_train_v1/seed_1/evaluations,onpolicy,MarineMicro_MvsM_4_dist/rmappo/check/paper_train_v1/seed_1/evaluations,,eval_rmappo_MarineMicro_MvsM_4_dist_paper100,61,,Win,63.0,20.0,True,onpolicy/MarineMicro_MvsM_4_dist/rmappo/check/paper_train_v1/seed_1/evaluations/eval_rmappo_MarineMicro_MvsM_4_dist_paper100/bktree/node_log.txt,onpolicy/MarineMicro_MvsM_4_dist/rmappo/check/paper_train_v1/seed_1/evaluations/eval_rmappo_MarineMicro_MvsM_4_dist_paper100/bktree,C:\Users\Binich\PycharmProjects\PredictionRTS\output\learner_results\all_data\fused_bktree_web_batch_20260612_153602_top100_anchor_no_replay\MarineMicro_MvsM_4_dist\bktree,16,16,0,0,0 38 38 2 27 3 39 40 50 50 42 42 43 44 44 70,0 323 323 249 619 613 178 15 627 627 622 622 623 624 624 350,source_bktree source_bktree source_bktree source_bktree source_bktree source_bktree source_bktree source_bktree source_bktree source_bktree source_bktree source_bktree source_bktree source_bktree source_bktree source_bktree,0 38 38 2 27 3 39 40 50 50 42 42 43 44 44 70
667,MarineMicro_MvsM_4_dist,RMAPPO,OnPolicy,MarineMicro_MvsM_4_dist/rmappo/check/paper_train_v1/seed_1/evaluations,onpolicy,MarineMicro_MvsM_4_dist/rmappo/check/paper_train_v1/seed_1/evaluations,,eval_rmappo_MarineMicro_MvsM_4_dist_paper100,69,,Win,63.0,20.0,True,onpolicy/MarineMicro_MvsM_4_dist/rmappo/check/paper_train_v1/seed_1/evaluations/eval_rmappo_MarineMicro_MvsM_4_dist_paper100/bktree/node_log.txt,onpolicy/MarineMicro_MvsM_4_dist/rmappo/check/paper_train_v1/seed_1/evaluations/eval_rmappo_MarineMicro_MvsM_4_dist_paper100/bktree,C:\Users\Binich\PycharmProjects\PredictionRTS\output\learner_results\all_data\fused_bktree_web_batch_20260612_153602_top100_anchor_no_replay\MarineMicro_MvsM_4_dist\bktree,16,16,0,0,0 38 38 2 2 3 40 40 50 50 42 42 43 57 44 45,0 323 323 249 249 613 15 15 627 627 622 622 623 633 624 350,source_bktree source_bktree source_bktree source_bktree source_bktree source_bktree source_bktree source_bktree source_bktree source_bktree source_bktree source_bktree source_bktree source_bktree source_bktree source_bktree,0 38 38 2 2 3 40 40 50 50 42 42 43 57 44 45
668,MarineMicro_MvsM_4_dist,RMAPPO,OnPolicy,MarineMicro_MvsM_4_dist/rmappo/check/paper_train_v1/seed_1/evaluations,onpolicy,MarineMicro_MvsM_4_dist/rmappo/check/paper_train_v1/seed_1/evaluations,,eval_rmappo_MarineMicro_MvsM_4_dist_paper100,76,,Win,63.0,20.0,True,onpolicy/MarineMicro_MvsM_4_dist/rmappo/check/paper_train_v1/seed_1/evaluations/eval_rmappo_MarineMicro_MvsM_4_dist_paper100/bktree/node_log.txt,onpolicy/MarineMicro_MvsM_4_dist/rmappo/check/paper_train_v1/seed_1/evaluations/eval_rmappo_MarineMicro_MvsM_4_dist_paper100/bktree,C:\Users\Binich\PycharmProjects\PredictionRTS\output\learner_results\all_data\fused_bktree_web_batch_20260612_153602_top100_anchor_no_replay\MarineMicro_MvsM_4_dist\bktree,16,16,0,0,0 10 10 2 3 11 13 13 14 14 15 15 16 17 17 18,0 312 312 249 613 543 15 15 328 328 339 339 616 546 546 547,source_bktree source_bktree source_bktree source_bktree source_bktree source_bktree source_bktree source_bktree source_bktree source_bktree source_bktree source_bktree source_bktree source_bktree source_bktree source_bktree,0 10 10 2 3 11 13 13 14 14 15 15 16 17 17 18
669,MarineMicro_MvsM_4_dist,RMAPPO,OnPolicy,MarineMicro_MvsM_4_dist/rmappo/check/paper_train_v1/seed_1/evaluations,onpolicy,MarineMicro_MvsM_4_dist/rmappo/check/paper_train_v1/seed_1/evaluations,,eval_rmappo_MarineMicro_MvsM_4_dist_paper100,77,,Win,63.0,20.0,True,onpolicy/MarineMicro_MvsM_4_dist/rmappo/check/paper_train_v1/seed_1/evaluations/eval_rmappo_MarineMicro_MvsM_4_dist_paper100/bktree/node_log.txt,onpolicy/MarineMicro_MvsM_4_dist/rmappo/check/paper_train_v1/seed_1/evaluations/eval_rmappo_MarineMicro_MvsM_4_dist_paper100/bktree,C:\Users\Binich\PycharmProjects\PredictionRTS\output\learner_results\all_data\fused_bktree_web_batch_20260612_153602_top100_anchor_no_replay\MarineMicro_MvsM_4_dist\bktree,16,16,0,0,0 10 10 2 11 11 13 13 14 14 15 15 16 17 17 18,0 312 312 249 543 543 15 15 328 328 339 339 616 546 546 547,source_bktree source_bktree source_bktree source_bktree source_bktree source_bktree source_bktree source_bktree source_bktree source_bktree source_bktree source_bktree source_bktree source_bktree source_bktree source_bktree,0 10 10 2 11 11 13 13 14 14 15 15 16 17 17 18
670,MarineMicro_MvsM_4_dist,RMAPPO,OnPolicy,MarineMicro_MvsM_4_dist/rmappo/check/paper_train_v1/seed_1/evaluations,onpolicy,MarineMicro_MvsM_4_dist/rmappo/check/paper_train_v1/seed_1/evaluations,,eval_rmappo_MarineMicro_MvsM_4_dist_paper100,81,,Win,63.0,20.0,True,onpolicy/MarineMicro_MvsM_4_dist/rmappo/check/paper_train_v1/seed_1/evaluations/eval_rmappo_MarineMicro_MvsM_4_dist_paper100/bktree/node_log.txt,onpolicy/MarineMicro_MvsM_4_dist/rmappo/check/paper_train_v1/seed_1/evaluations/eval_rmappo_MarineMicro_MvsM_4_dist_paper100/bktree,C:\Users\Binich\PycharmProjects\PredictionRTS\output\learner_results\all_data\fused_bktree_web_batch_20260612_153602_top100_anchor_no_replay\MarineMicro_MvsM_4_dist\bktree,16,16,0,0,0 10 10 2 32 32 13 13 14 46 34 34 35 62 62 37,0 312 312 249 26 26 15 15 328 625 552 552 620 549 549 547,source_bktree source_bktree source_bktree source_bktree source_bktree source_bktree source_bktree source_bktree source_bktree source_bktree source_bktree source_bktree source_bktree source_bktree source_bktree source_bktree,0 10 10 2 32 32 13 13 14 46 34 34 35 62 62 37
671,MarineMicro_MvsM_4_dist,RMAPPO,OnPolicy,MarineMicro_MvsM_4_dist/rmappo/check/paper_train_v1/seed_1/evaluations,onpolicy,MarineMicro_MvsM_4_dist/rmappo/check/paper_train_v1/seed_1/evaluations,,eval_rmappo_MarineMicro_MvsM_4_dist_paper100,83,,Win,63.0,20.0,True,onpolicy/MarineMicro_MvsM_4_dist/rmappo/check/paper_train_v1/seed_1/evaluations/eval_rmappo_MarineMicro_MvsM_4_dist_paper100/bktree/node_log.txt,onpolicy/MarineMicro_MvsM_4_dist/rmappo/check/paper_train_v1/seed_1/evaluations/eval_rmappo_MarineMicro_MvsM_4_dist_paper100/bktree,C:\Users\Binich\PycharmProjects\PredictionRTS\output\learner_results\all_data\fused_bktree_web_batch_20260612_153602_top100_anchor_no_replay\MarineMicro_MvsM_4_dist\bktree,16,16,0,0,0 1 1 2 3 3 4 4 5 5 6 6 7 8 8 9,0 33 33 249 613 613 15 15 166 166 614 614 615 298 298 144,source_bktree source_bktree source_bktree source_bktree source_bktree source_bktree source_bktree source_bktree source_bktree source_bktree source_bktree source_bktree source_bktree source_bktree source_bktree source_bktree,0 1 1 2 3 3 4 4 5 5 6 6 7 8 8 9
672,MarineMicro_MvsM_4_dist,RMAPPO,OnPolicy,MarineMicro_MvsM_4_dist/rmappo/check/paper_train_v1/seed_1/evaluations,onpolicy,MarineMicro_MvsM_4_dist/rmappo/check/paper_train_v1/seed_1/evaluations,,eval_rmappo_MarineMicro_MvsM_4_dist_paper100,87,,Win,63.0,20.0,True,onpolicy/MarineMicro_MvsM_4_dist/rmappo/check/paper_train_v1/seed_1/evaluations/eval_rmappo_MarineMicro_MvsM_4_dist_paper100/bktree/node_log.txt,onpolicy/MarineMicro_MvsM_4_dist/rmappo/check/paper_train_v1/seed_1/evaluations/eval_rmappo_MarineMicro_MvsM_4_dist_paper100/bktree,C:\Users\Binich\PycharmProjects\PredictionRTS\output\learner_results\all_data\fused_bktree_web_batch_20260612_153602_top100_anchor_no_replay\MarineMicro_MvsM_4_dist\bktree,16,16,0,0,0 10 10 2 32 32 33 13 14 14 34 34 35 62 62 37,0 312 312 249 26 26 366 15 328 328 552 552 620 549 549 547,source_bktree source_bktree source_bktree source_bktree source_bktree source_bktree source_bktree source_bktree source_bktree source_bktree source_bktree source_bktree source_bktree source_bktree source_bktree source_bktree,0 10 10 2 32 32 33 13 14 14 34 34 35 62 62 37
673,MarineMicro_MvsM_4_dist,RMAPPO,OnPolicy,MarineMicro_MvsM_4_dist/rmappo/check/paper_train_v1/seed_1/evaluations,onpolicy,MarineMicro_MvsM_4_dist/rmappo/check/paper_train_v1/seed_1/evaluations,,eval_rmappo_MarineMicro_MvsM_4_dist_paper100,89,,Win,63.0,20.0,True,onpolicy/MarineMicro_MvsM_4_dist/rmappo/check/paper_train_v1/seed_1/evaluations/eval_rmappo_MarineMicro_MvsM_4_dist_paper100/bktree/node_log.txt,onpolicy/MarineMicro_MvsM_4_dist/rmappo/check/paper_train_v1/seed_1/evaluations/eval_rmappo_MarineMicro_MvsM_4_dist_paper100/bktree,C:\Users\Binich\PycharmProjects\PredictionRTS\output\learner_results\all_data\fused_bktree_web_batch_20260612_153602_top100_anchor_no_replay\MarineMicro_MvsM_4_dist\bktree,16,16,0,0,0 10 10 2 27 27 28 13 14 14 29 29 30 17 17 18,0 312 312 249 619 619 389 15 328 328 339 339 337 546 546 547,source_bktree source_bktree source_bktree source_bktree source_bktree source_bktree source_bktree source_bktree source_bktree source_bktree source_bktree source_bktree source_bktree source_bktree source_bktree source_bktree,0 10 10 2 27 27 28 13 14 14 29 29 30 17 17 18
674,MarineMicro_MvsM_4_dist,RMAPPO,OnPolicy,MarineMicro_MvsM_4_dist/rmappo/check/paper_train_v1/seed_1/evaluations,onpolicy,MarineMicro_MvsM_4_dist/rmappo/check/paper_train_v1/seed_1/evaluations,,eval_rmappo_MarineMicro_MvsM_4_dist_paper100,92,,Win,63.0,20.0,True,onpolicy/MarineMicro_MvsM_4_dist/rmappo/check/paper_train_v1/seed_1/evaluations/eval_rmappo_MarineMicro_MvsM_4_dist_paper100/bktree/node_log.txt,onpolicy/MarineMicro_MvsM_4_dist/rmappo/check/paper_train_v1/seed_1/evaluations/eval_rmappo_MarineMicro_MvsM_4_dist_paper100/bktree,C:\Users\Binich\PycharmProjects\PredictionRTS\output\learner_results\all_data\fused_bktree_web_batch_20260612_153602_top100_anchor_no_replay\MarineMicro_MvsM_4_dist\bktree,16,16,0,0,0 38 38 2 3 3 40 40 41 41 42 42 43 44 44 45,0 323 323 249 613 613 15 15 621 621 622 622 623 624 624 350,source_bktree source_bktree source_bktree source_bktree source_bktree source_bktree source_bktree source_bktree source_bktree source_bktree source_bktree source_bktree source_bktree source_bktree source_bktree source_bktree,0 38 38 2 3 3 40 40 41 41 42 42 43 44 44 45
675,MarineMicro_MvsM_4_dist,RMAPPO,OnPolicy,MarineMicro_MvsM_4_dist/rmappo/check/paper_train_v1/seed_1/evaluations,onpolicy,MarineMicro_MvsM_4_dist/rmappo/check/paper_train_v1/seed_1/evaluations,,eval_rmappo_MarineMicro_MvsM_4_dist_paper100,94,,Win,63.0,20.0,True,onpolicy/MarineMicro_MvsM_4_dist/rmappo/check/paper_train_v1/seed_1/evaluations/eval_rmappo_MarineMicro_MvsM_4_dist_paper100/bktree/node_log.txt,onpolicy/MarineMicro_MvsM_4_dist/rmappo/check/paper_train_v1/seed_1/evaluations/eval_rmappo_MarineMicro_MvsM_4_dist_paper100/bktree,C:\Users\Binich\PycharmProjects\PredictionRTS\output\learner_results\all_data\fused_bktree_web_batch_20260612_153602_top100_anchor_no_replay\MarineMicro_MvsM_4_dist\bktree,16,16,0,0,0 19 19 2 3 3 4 4 22 22 23 68 24 8 8 9,0 22 22 249 613 613 15 15 617 617 310 640 269 298 298 144,source_bktree source_bktree source_bktree source_bktree source_bktree source_bktree source_bktree source_bktree source_bktree source_bktree source_bktree source_bktree source_bktree source_bktree source_bktree source_bktree,0 19 19 2 3 3 4 4 22 22 23 68 24 8 8 9
676,MarineMicro_MvsM_4_dist,RMAPPO,OnPolicy,MarineMicro_MvsM_4_dist/rmappo/check/paper_train_v1/seed_1/evaluations,onpolicy,MarineMicro_MvsM_4_dist/rmappo/check/paper_train_v1/seed_1/evaluations,,eval_rmappo_MarineMicro_MvsM_4_dist_paper100,95,,Win,63.0,20.0,True,onpolicy/MarineMicro_MvsM_4_dist/rmappo/check/paper_train_v1/seed_1/evaluations/eval_rmappo_MarineMicro_MvsM_4_dist_paper100/bktree/node_log.txt,onpolicy/MarineMicro_MvsM_4_dist/rmappo/check/paper_train_v1/seed_1/evaluations/eval_rmappo_MarineMicro_MvsM_4_dist_paper100/bktree,C:\Users\Binich\PycharmProjects\PredictionRTS\output\learner_results\all_data\fused_bktree_web_batch_20260612_153602_top100_anchor_no_replay\MarineMicro_MvsM_4_dist\bktree,16,16,0,0,0 10 10 2 32 32 13 13 14 14 34 34 35 62 62 37,0 312 312 249 26 26 15 15 328 328 552 552 620 549 549 547,source_bktree source_bktree source_bktree source_bktree source_bktree source_bktree source_bktree source_bktree source_bktree source_bktree source_bktree source_bktree source_bktree source_bktree source_bktree source_bktree,0 10 10 2 32 32 13 13 14 14 34 34 35 62 62 37
677,MarineMicro_MvsM_4_dist,RMAPPO,OnPolicy,MarineMicro_MvsM_4_dist/rmappo/check/paper_train_v1/seed_1/evaluations,onpolicy,MarineMicro_MvsM_4_dist/rmappo/check/paper_train_v1/seed_1/evaluations,,eval_rmappo_MarineMicro_MvsM_4_dist_paper100,96,,Win,63.0,20.0,True,onpolicy/MarineMicro_MvsM_4_dist/rmappo/check/paper_train_v1/seed_1/evaluations/eval_rmappo_MarineMicro_MvsM_4_dist_paper100/bktree/node_log.txt,onpolicy/MarineMicro_MvsM_4_dist/rmappo/check/paper_train_v1/seed_1/evaluations/eval_rmappo_MarineMicro_MvsM_4_dist_paper100/bktree,C:\Users\Binich\PycharmProjects\PredictionRTS\output\learner_results\all_data\fused_bktree_web_batch_20260612_153602_top100_anchor_no_replay\MarineMicro_MvsM_4_dist\bktree,16,16,0,0,0 38 38 2 27 3 39 40 41 41 42 42 43 44 44 45,0 323 323 249 619 613 178 15 621 621 622 622 623 624 624 350,source_bktree source_bktree source_bktree source_bktree source_bktree source_bktree source_bktree source_bktree source_bktree source_bktree source_bktree source_bktree source_bktree source_bktree source_bktree source_bktree,0 38 38 2 27 3 39 40 41 41 42 42 43 44 44 45
678,MarineMicro_MvsM_4_dist,RMAPPO,OnPolicy,MarineMicro_MvsM_4_dist/rmappo/check/paper_train_v1/seed_1/evaluations,onpolicy,MarineMicro_MvsM_4_dist/rmappo/check/paper_train_v1/seed_1/evaluations,,eval_rmappo_MarineMicro_MvsM_4_dist_paper100,97,,Win,63.0,20.0,True,onpolicy/MarineMicro_MvsM_4_dist/rmappo/check/paper_train_v1/seed_1/evaluations/eval_rmappo_MarineMicro_MvsM_4_dist_paper100/bktree/node_log.txt,onpolicy/MarineMicro_MvsM_4_dist/rmappo/check/paper_train_v1/seed_1/evaluations/eval_rmappo_MarineMicro_MvsM_4_dist_paper100/bktree,C:\Users\Binich\PycharmProjects\PredictionRTS\output\learner_results\all_data\fused_bktree_web_batch_20260612_153602_top100_anchor_no_replay\MarineMicro_MvsM_4_dist\bktree,16,16,0,0,0 10 10 2 32 32 33 13 14 14 34 34 35 62 62 37,0 312 312 249 26 26 366 15 328 328 552 552 620 549 549 547,source_bktree source_bktree source_bktree source_bktree source_bktree source_bktree source_bktree source_bktree source_bktree source_bktree source_bktree source_bktree source_bktree source_bktree source_bktree source_bktree,0 10 10 2 32 32 33 13 14 14 34 34 35 62 62 37
679,MarineMicro_MvsM_4_dist,RMAPPO,OnPolicy,MarineMicro_MvsM_4_dist/rmappo/check/paper_train_v1/seed_1/evaluations,onpolicy,MarineMicro_MvsM_4_dist/rmappo/check/paper_train_v1/seed_1/evaluations,,eval_rmappo_MarineMicro_MvsM_4_dist_paper100,4,,Win,57.0,20.0,True,onpolicy/MarineMicro_MvsM_4_dist/rmappo/check/paper_train_v1/seed_1/evaluations/eval_rmappo_MarineMicro_MvsM_4_dist_paper100/bktree/node_log.txt,onpolicy/MarineMicro_MvsM_4_dist/rmappo/check/paper_train_v1/seed_1/evaluations/eval_rmappo_MarineMicro_MvsM_4_dist_paper100/bktree,C:\Users\Binich\PycharmProjects\PredictionRTS\output\learner_results\all_data\fused_bktree_web_batch_20260612_153602_top100_anchor_no_replay\MarineMicro_MvsM_4_dist\bktree,16,16,0,0,0 10 10 2 11 11 13 13 14 14 15 15 16 17 17 18,0 312 312 249 543 543 15 15 328 328 339 339 616 546 546 547,source_bktree source_bktree source_bktree source_bktree source_bktree source_bktree source_bktree source_bktree source_bktree source_bktree source_bktree source_bktree source_bktree source_bktree source_bktree source_bktree,0 10 10 2 11 11 13 13 14 14 15 15 16 17 17 18
680,MarineMicro_MvsM_4_dist,RMAPPO,OnPolicy,MarineMicro_MvsM_4_dist/rmappo/check/paper_train_v1/seed_1/evaluations,onpolicy,MarineMicro_MvsM_4_dist/rmappo/check/paper_train_v1/seed_1/evaluations,,eval_rmappo_MarineMicro_MvsM_4_dist_paper100,12,,Win,57.0,20.0,True,onpolicy/MarineMicro_MvsM_4_dist/rmappo/check/paper_train_v1/seed_1/evaluations/eval_rmappo_MarineMicro_MvsM_4_dist_paper100/bktree/node_log.txt,onpolicy/MarineMicro_MvsM_4_dist/rmappo/check/paper_train_v1/seed_1/evaluations/eval_rmappo_MarineMicro_MvsM_4_dist_paper100/bktree,C:\Users\Binich\PycharmProjects\PredictionRTS\output\learner_results\all_data\fused_bktree_web_batch_20260612_153602_top100_anchor_no_replay\MarineMicro_MvsM_4_dist\bktree,16,16,0,0,0 1 1 2 3 3 4 4 5 5 6 6 7 8 8 9,0 33 33 249 613 613 15 15 166 166 614 614 615 298 298 144,source_bktree source_bktree source_bktree source_bktree source_bktree source_bktree source_bktree source_bktree source_bktree source_bktree source_bktree source_bktree source_bktree source_bktree source_bktree source_bktree,0 1 1 2 3 3 4 4 5 5 6 6 7 8 8 9
681,MarineMicro_MvsM_4_dist,RMAPPO,OnPolicy,MarineMicro_MvsM_4_dist/rmappo/check/paper_train_v1/seed_1/evaluations,onpolicy,MarineMicro_MvsM_4_dist/rmappo/check/paper_train_v1/seed_1/evaluations,,eval_rmappo_MarineMicro_MvsM_4_dist_paper100,14,,Win,57.0,20.0,True,onpolicy/MarineMicro_MvsM_4_dist/rmappo/check/paper_train_v1/seed_1/evaluations/eval_rmappo_MarineMicro_MvsM_4_dist_paper100/bktree/node_log.txt,onpolicy/MarineMicro_MvsM_4_dist/rmappo/check/paper_train_v1/seed_1/evaluations/eval_rmappo_MarineMicro_MvsM_4_dist_paper100/bktree,C:\Users\Binich\PycharmProjects\PredictionRTS\output\learner_results\all_data\fused_bktree_web_batch_20260612_153602_top100_anchor_no_replay\MarineMicro_MvsM_4_dist\bktree,16,16,0,0,0 10 10 2 27 27 28 13 14 14 29 29 30 49 17 18,0 312 312 249 619 619 389 15 328 328 339 339 337 546 546 547,source_bktree source_bktree source_bktree source_bktree source_bktree source_bktree source_bktree source_bktree source_bktree source_bktree source_bktree source_bktree source_bktree source_bktree source_bktree source_bktree,0 10 10 2 27 27 28 13 14 14 29 29 30 49 17 18
682,MarineMicro_MvsM_4_dist,RMAPPO,OnPolicy,MarineMicro_MvsM_4_dist/rmappo/check/paper_train_v1/seed_1/evaluations,onpolicy,MarineMicro_MvsM_4_dist/rmappo/check/paper_train_v1/seed_1/evaluations,,eval_rmappo_MarineMicro_MvsM_4_dist_paper100,15,,Win,57.0,20.0,True,onpolicy/MarineMicro_MvsM_4_dist/rmappo/check/paper_train_v1/seed_1/evaluations/eval_rmappo_MarineMicro_MvsM_4_dist_paper100/bktree/node_log.txt,onpolicy/MarineMicro_MvsM_4_dist/rmappo/check/paper_train_v1/seed_1/evaluations/eval_rmappo_MarineMicro_MvsM_4_dist_paper100/bktree,C:\Users\Binich\PycharmProjects\PredictionRTS\output\learner_results\all_data\fused_bktree_web_batch_20260612_153602_top100_anchor_no_replay\MarineMicro_MvsM_4_dist\bktree,16,16,0,0,0 10 10 2 32 32 13 13 14 14 34 34 35 36 36 37,0 312 312 249 26 26 15 15 328 328 552 552 620 549 549 547,source_bktree source_bktree source_bktree source_bktree source_bktree source_bktree source_bktree source_bktree source_bktree source_bktree source_bktree source_bktree source_bktree source_bktree source_bktree source_bktree,0 10 10 2 32 32 13 13 14 14 34 34 35 36 36 37
683,MarineMicro_MvsM_4_dist,RMAPPO,OnPolicy,MarineMicro_MvsM_4_dist/rmappo/check/paper_train_v1/seed_1/evaluations,onpolicy,MarineMicro_MvsM_4_dist/rmappo/check/paper_train_v1/seed_1/evaluations,,eval_rmappo_MarineMicro_MvsM_4_dist_paper100,16,,Win,57.0,20.0,True,onpolicy/MarineMicro_MvsM_4_dist/rmappo/check/paper_train_v1/seed_1/evaluations/eval_rmappo_MarineMicro_MvsM_4_dist_paper100/bktree/node_log.txt,onpolicy/MarineMicro_MvsM_4_dist/rmappo/check/paper_train_v1/seed_1/evaluations/eval_rmappo_MarineMicro_MvsM_4_dist_paper100/bktree,C:\Users\Binich\PycharmProjects\PredictionRTS\output\learner_results\all_data\fused_bktree_web_batch_20260612_153602_top100_anchor_no_replay\MarineMicro_MvsM_4_dist\bktree,16,16,0,0,0 38 38 2 3 3 39 40 50 50 42 42 43 44 44 45,0 323 323 249 613 613 178 15 627 627 622 622 623 624 624 350,source_bktree source_bktree source_bktree source_bktree source_bktree source_bktree source_bktree source_bktree source_bktree source_bktree source_bktree source_bktree source_bktree source_bktree source_bktree source_bktree,0 38 38 2 3 3 39 40 50 50 42 42 43 44 44 45
684,MarineMicro_MvsM_4_dist,RMAPPO,OnPolicy,MarineMicro_MvsM_4_dist/rmappo/check/paper_train_v1/seed_1/evaluations,onpolicy,MarineMicro_MvsM_4_dist/rmappo/check/paper_train_v1/seed_1/evaluations,,eval_rmappo_MarineMicro_MvsM_4_dist_paper100,28,,Win,57.0,20.0,True,onpolicy/MarineMicro_MvsM_4_dist/rmappo/check/paper_train_v1/seed_1/evaluations/eval_rmappo_MarineMicro_MvsM_4_dist_paper100/bktree/node_log.txt,onpolicy/MarineMicro_MvsM_4_dist/rmappo/check/paper_train_v1/seed_1/evaluations/eval_rmappo_MarineMicro_MvsM_4_dist_paper100/bktree,C:\Users\Binich\PycharmProjects\PredictionRTS\output\learner_results\all_data\fused_bktree_web_batch_20260612_153602_top100_anchor_no_replay\MarineMicro_MvsM_4_dist\bktree,16,16,0,0,0 10 10 2 27 27 28 13 14 14 29 29 30 17 17 18,0 312 312 249 619 619 389 15 328 328 339 339 337 546 546 547,source_bktree source_bktree source_bktree source_bktree source_bktree source_bktree source_bktree source_bktree source_bktree source_bktree source_bktree source_bktree source_bktree source_bktree source_bktree source_bktree,0 10 10 2 27 27 28 13 14 14 29 29 30 17 17 18
685,MarineMicro_MvsM_4_dist,RMAPPO,OnPolicy,MarineMicro_MvsM_4_dist/rmappo/check/paper_train_v1/seed_1/evaluations,onpolicy,MarineMicro_MvsM_4_dist/rmappo/check/paper_train_v1/seed_1/evaluations,,eval_rmappo_MarineMicro_MvsM_4_dist_paper100,31,,Win,57.0,20.0,True,onpolicy/MarineMicro_MvsM_4_dist/rmappo/check/paper_train_v1/seed_1/evaluations/eval_rmappo_MarineMicro_MvsM_4_dist_paper100/bktree/node_log.txt,onpolicy/MarineMicro_MvsM_4_dist/rmappo/check/paper_train_v1/seed_1/evaluations/eval_rmappo_MarineMicro_MvsM_4_dist_paper100/bktree,C:\Users\Binich\PycharmProjects\PredictionRTS\output\learner_results\all_data\fused_bktree_web_batch_20260612_153602_top100_anchor_no_replay\MarineMicro_MvsM_4_dist\bktree,16,16,0,0,0 38 38 2 3 3 40 40 50 50 60 60 43 44 44 45,0 323 323 249 613 613 15 15 627 627 635 635 623 624 624 350,source_bktree source_bktree source_bktree source_bktree source_bktree source_bktree source_bktree source_bktree source_bktree source_bktree source_bktree source_bktree source_bktree source_bktree source_bktree source_bktree,0 38 38 2 3 3 40 40 50 50 60 60 43 44 44 45
686,MarineMicro_MvsM_4_dist,RMAPPO,OnPolicy,MarineMicro_MvsM_4_dist/rmappo/check/paper_train_v1/seed_1/evaluations,onpolicy,MarineMicro_MvsM_4_dist/rmappo/check/paper_train_v1/seed_1/evaluations,,eval_rmappo_MarineMicro_MvsM_4_dist_paper100,33,,Win,57.0,20.0,True,onpolicy/MarineMicro_MvsM_4_dist/rmappo/check/paper_train_v1/seed_1/evaluations/eval_rmappo_MarineMicro_MvsM_4_dist_paper100/bktree/node_log.txt,onpolicy/MarineMicro_MvsM_4_dist/rmappo/check/paper_train_v1/seed_1/evaluations/eval_rmappo_MarineMicro_MvsM_4_dist_paper100/bktree,C:\Users\Binich\PycharmProjects\PredictionRTS\output\learner_results\all_data\fused_bktree_web_batch_20260612_153602_top100_anchor_no_replay\MarineMicro_MvsM_4_dist\bktree,16,16,0,0,0 10 10 2 32 32 33 13 14 14 34 34 35 36 36 37,0 312 312 249 26 26 366 15 328 328 552 552 620 549 549 547,source_bktree source_bktree source_bktree source_bktree source_bktree source_bktree source_bktree source_bktree source_bktree source_bktree source_bktree source_bktree source_bktree source_bktree source_bktree source_bktree,0 10 10 2 32 32 33 13 14 14 34 34 35 36 36 37
687,MarineMicro_MvsM_4_dist,RMAPPO,OnPolicy,MarineMicro_MvsM_4_dist/rmappo/check/paper_train_v1/seed_1/evaluations,onpolicy,MarineMicro_MvsM_4_dist/rmappo/check/paper_train_v1/seed_1/evaluations,,eval_rmappo_MarineMicro_MvsM_4_dist_paper100,34,,Win,57.0,20.0,True,onpolicy/MarineMicro_MvsM_4_dist/rmappo/check/paper_train_v1/seed_1/evaluations/eval_rmappo_MarineMicro_MvsM_4_dist_paper100/bktree/node_log.txt,onpolicy/MarineMicro_MvsM_4_dist/rmappo/check/paper_train_v1/seed_1/evaluations/eval_rmappo_MarineMicro_MvsM_4_dist_paper100/bktree,C:\Users\Binich\PycharmProjects\PredictionRTS\output\learner_results\all_data\fused_bktree_web_batch_20260612_153602_top100_anchor_no_replay\MarineMicro_MvsM_4_dist\bktree,16,16,0,0,0 10 10 2 11 11 13 13 14 14 15 15 16 17 17 18,0 312 312 249 543 543 15 15 328 328 339 339 616 546 546 547,source_bktree source_bktree source_bktree source_bktree source_bktree source_bktree source_bktree source_bktree source_bktree source_bktree source_bktree source_bktree source_bktree source_bktree source_bktree source_bktree,0 10 10 2 11 11 13 13 14 14 15 15 16 17 17 18
688,MarineMicro_MvsM_4_dist,RMAPPO,OnPolicy,MarineMicro_MvsM_4_dist/rmappo/check/paper_train_v1/seed_1/evaluations,onpolicy,MarineMicro_MvsM_4_dist/rmappo/check/paper_train_v1/seed_1/evaluations,,eval_rmappo_MarineMicro_MvsM_4_dist_paper100,36,,Win,57.0,20.0,True,onpolicy/MarineMicro_MvsM_4_dist/rmappo/check/paper_train_v1/seed_1/evaluations/eval_rmappo_MarineMicro_MvsM_4_dist_paper100/bktree/node_log.txt,onpolicy/MarineMicro_MvsM_4_dist/rmappo/check/paper_train_v1/seed_1/evaluations/eval_rmappo_MarineMicro_MvsM_4_dist_paper100/bktree,C:\Users\Binich\PycharmProjects\PredictionRTS\output\learner_results\all_data\fused_bktree_web_batch_20260612_153602_top100_anchor_no_replay\MarineMicro_MvsM_4_dist\bktree,16,16,0,0,0 10 10 2 2 32 33 13 14 14 34 34 35 36 36 37,0 312 312 249 249 26 366 15 328 328 552 552 620 549 549 547,source_bktree source_bktree source_bktree source_bktree source_bktree source_bktree source_bktree source_bktree source_bktree source_bktree source_bktree source_bktree source_bktree source_bktree source_bktree source_bktree,0 10 10 2 2 32 33 13 14 14 34 34 35 36 36 37
689,MarineMicro_MvsM_4_dist,RMAPPO,OnPolicy,MarineMicro_MvsM_4_dist/rmappo/check/paper_train_v1/seed_1/evaluations,onpolicy,MarineMicro_MvsM_4_dist/rmappo/check/paper_train_v1/seed_1/evaluations,,eval_rmappo_MarineMicro_MvsM_4_dist_paper100,42,,Win,57.0,20.0,True,onpolicy/MarineMicro_MvsM_4_dist/rmappo/check/paper_train_v1/seed_1/evaluations/eval_rmappo_MarineMicro_MvsM_4_dist_paper100/bktree/node_log.txt,onpolicy/MarineMicro_MvsM_4_dist/rmappo/check/paper_train_v1/seed_1/evaluations/eval_rmappo_MarineMicro_MvsM_4_dist_paper100/bktree,C:\Users\Binich\PycharmProjects\PredictionRTS\output\learner_results\all_data\fused_bktree_web_batch_20260612_153602_top100_anchor_no_replay\MarineMicro_MvsM_4_dist\bktree,16,16,0,0,0 10 10 2 27 27 28 13 14 14 29 29 30 49 17 18,0 312 312 249 619 619 389 15 328 328 339 339 337 546 546 547,source_bktree source_bktree source_bktree source_bktree source_bktree source_bktree source_bktree source_bktree source_bktree source_bktree source_bktree source_bktree source_bktree source_bktree source_bktree source_bktree,0 10 10 2 27 27 28 13 14 14 29 29 30 49 17 18
690,MarineMicro_MvsM_4_dist,RMAPPO,OnPolicy,MarineMicro_MvsM_4_dist/rmappo/check/paper_train_v1/seed_1/evaluations,onpolicy,MarineMicro_MvsM_4_dist/rmappo/check/paper_train_v1/seed_1/evaluations,,eval_rmappo_MarineMicro_MvsM_4_dist_paper100,43,,Win,57.0,20.0,True,onpolicy/MarineMicro_MvsM_4_dist/rmappo/check/paper_train_v1/seed_1/evaluations/eval_rmappo_MarineMicro_MvsM_4_dist_paper100/bktree/node_log.txt,onpolicy/MarineMicro_MvsM_4_dist/rmappo/check/paper_train_v1/seed_1/evaluations/eval_rmappo_MarineMicro_MvsM_4_dist_paper100/bktree,C:\Users\Binich\PycharmProjects\PredictionRTS\output\learner_results\all_data\fused_bktree_web_batch_20260612_153602_top100_anchor_no_replay\MarineMicro_MvsM_4_dist\bktree,16,16,0,0,0 10 10 2 2 32 33 13 14 14 34 34 35 36 36 37,0 312 312 249 249 26 366 15 328 328 552 552 620 549 549 547,source_bktree source_bktree source_bktree source_bktree source_bktree source_bktree source_bktree source_bktree source_bktree source_bktree source_bktree source_bktree source_bktree source_bktree source_bktree source_bktree,0 10 10 2 2 32 33 13 14 14 34 34 35 36 36 37
691,MarineMicro_MvsM_4_dist,RMAPPO,OnPolicy,MarineMicro_MvsM_4_dist/rmappo/check/paper_train_v1/seed_1/evaluations,onpolicy,MarineMicro_MvsM_4_dist/rmappo/check/paper_train_v1/seed_1/evaluations,,eval_rmappo_MarineMicro_MvsM_4_dist_paper100,44,,Win,57.0,20.0,True,onpolicy/MarineMicro_MvsM_4_dist/rmappo/check/paper_train_v1/seed_1/evaluations/eval_rmappo_MarineMicro_MvsM_4_dist_paper100/bktree/node_log.txt,onpolicy/MarineMicro_MvsM_4_dist/rmappo/check/paper_train_v1/seed_1/evaluations/eval_rmappo_MarineMicro_MvsM_4_dist_paper100/bktree,C:\Users\Binich\PycharmProjects\PredictionRTS\output\learner_results\all_data\fused_bktree_web_batch_20260612_153602_top100_anchor_no_replay\MarineMicro_MvsM_4_dist\bktree,16,16,0,0,0 10 10 2 32 32 33 13 14 46 34 34 35 62 62 37,0 312 312 249 26 26 366 15 328 625 552 552 620 549 549 547,source_bktree source_bktree source_bktree source_bktree source_bktree source_bktree source_bktree source_bktree source_bktree source_bktree source_bktree source_bktree source_bktree source_bktree source_bktree source_bktree,0 10 10 2 32 32 33 13 14 46 34 34 35 62 62 37
692,MarineMicro_MvsM_4_dist,RMAPPO,OnPolicy,MarineMicro_MvsM_4_dist/rmappo/check/paper_train_v1/seed_1/evaluations,onpolicy,MarineMicro_MvsM_4_dist/rmappo/check/paper_train_v1/seed_1/evaluations,,eval_rmappo_MarineMicro_MvsM_4_dist_paper100,46,,Win,57.0,20.0,True,onpolicy/MarineMicro_MvsM_4_dist/rmappo/check/paper_train_v1/seed_1/evaluations/eval_rmappo_MarineMicro_MvsM_4_dist_paper100/bktree/node_log.txt,onpolicy/MarineMicro_MvsM_4_dist/rmappo/check/paper_train_v1/seed_1/evaluations/eval_rmappo_MarineMicro_MvsM_4_dist_paper100/bktree,C:\Users\Binich\PycharmProjects\PredictionRTS\output\learner_results\all_data\fused_bktree_web_batch_20260612_153602_top100_anchor_no_replay\MarineMicro_MvsM_4_dist\bktree,16,16,0,0,0 10 10 2 11 11 12 13 14 14 15 15 16 17 17 18,0 312 312 249 543 543 544 15 328 328 339 339 616 546 546 547,source_bktree source_bktree source_bktree source_bktree source_bktree source_bktree source_bktree source_bktree source_bktree source_bktree source_bktree source_bktree source_bktree source_bktree source_bktree source_bktree,0 10 10 2 11 11 12 13 14 14 15 15 16 17 17 18
693,MarineMicro_MvsM_4_dist,RMAPPO,OnPolicy,MarineMicro_MvsM_4_dist/rmappo/check/paper_train_v1/seed_1/evaluations,onpolicy,MarineMicro_MvsM_4_dist/rmappo/check/paper_train_v1/seed_1/evaluations,,eval_rmappo_MarineMicro_MvsM_4_dist_paper100,49,,Win,57.0,20.0,True,onpolicy/MarineMicro_MvsM_4_dist/rmappo/check/paper_train_v1/seed_1/evaluations/eval_rmappo_MarineMicro_MvsM_4_dist_paper100/bktree/node_log.txt,onpolicy/MarineMicro_MvsM_4_dist/rmappo/check/paper_train_v1/seed_1/evaluations/eval_rmappo_MarineMicro_MvsM_4_dist_paper100/bktree,C:\Users\Binich\PycharmProjects\PredictionRTS\output\learner_results\all_data\fused_bktree_web_batch_20260612_153602_top100_anchor_no_replay\MarineMicro_MvsM_4_dist\bktree,16,16,0,0,0 38 38 2 3 3 40 40 41 41 42 42 43 44 44 45,0 323 323 249 613 613 15 15 621 621 622 622 623 624 624 350,source_bktree source_bktree source_bktree source_bktree source_bktree source_bktree source_bktree source_bktree source_bktree source_bktree source_bktree source_bktree source_bktree source_bktree source_bktree source_bktree,0 38 38 2 3 3 40 40 41 41 42 42 43 44 44 45
694,MarineMicro_MvsM_4_dist,RMAPPO,OnPolicy,MarineMicro_MvsM_4_dist/rmappo/check/paper_train_v1/seed_1/evaluations,onpolicy,MarineMicro_MvsM_4_dist/rmappo/check/paper_train_v1/seed_1/evaluations,,eval_rmappo_MarineMicro_MvsM_4_dist_paper100,58,,Win,57.0,20.0,True,onpolicy/MarineMicro_MvsM_4_dist/rmappo/check/paper_train_v1/seed_1/evaluations/eval_rmappo_MarineMicro_MvsM_4_dist_paper100/bktree/node_log.txt,onpolicy/MarineMicro_MvsM_4_dist/rmappo/check/paper_train_v1/seed_1/evaluations/eval_rmappo_MarineMicro_MvsM_4_dist_paper100/bktree,C:\Users\Binich\PycharmProjects\PredictionRTS\output\learner_results\all_data\fused_bktree_web_batch_20260612_153602_top100_anchor_no_replay\MarineMicro_MvsM_4_dist\bktree,16,16,0,0,0 19 20 2 3 3 4 21 22 22 23 68 24 8 8 9,0 22 23 249 613 613 15 81 617 617 310 640 269 298 298 144,source_bktree source_bktree source_bktree source_bktree source_bktree source_bktree source_bktree source_bktree source_bktree source_bktree source_bktree source_bktree source_bktree source_bktree source_bktree source_bktree,0 19 20 2 3 3 4 21 22 22 23 68 24 8 8 9
695,MarineMicro_MvsM_4_dist,RMAPPO,OnPolicy,MarineMicro_MvsM_4_dist/rmappo/check/paper_train_v1/seed_1/evaluations,onpolicy,MarineMicro_MvsM_4_dist/rmappo/check/paper_train_v1/seed_1/evaluations,,eval_rmappo_MarineMicro_MvsM_4_dist_paper100,59,,Win,57.0,20.0,True,onpolicy/MarineMicro_MvsM_4_dist/rmappo/check/paper_train_v1/seed_1/evaluations/eval_rmappo_MarineMicro_MvsM_4_dist_paper100/bktree/node_log.txt,onpolicy/MarineMicro_MvsM_4_dist/rmappo/check/paper_train_v1/seed_1/evaluations/eval_rmappo_MarineMicro_MvsM_4_dist_paper100/bktree,C:\Users\Binich\PycharmProjects\PredictionRTS\output\learner_results\all_data\fused_bktree_web_batch_20260612_153602_top100_anchor_no_replay\MarineMicro_MvsM_4_dist\bktree,16,16,0,0,0 10 10 2 27 27 28 13 51 51 29 29 30 36 36 37,0 312 312 249 619 619 389 15 628 628 339 339 337 549 549 547,source_bktree source_bktree source_bktree source_bktree source_bktree source_bktree source_bktree source_bktree source_bktree source_bktree source_bktree source_bktree source_bktree source_bktree source_bktree source_bktree,0 10 10 2 27 27 28 13 51 51 29 29 30 36 36 37
696,MarineMicro_MvsM_4_dist,RMAPPO,OnPolicy,MarineMicro_MvsM_4_dist/rmappo/check/paper_train_v1/seed_1/evaluations,onpolicy,MarineMicro_MvsM_4_dist/rmappo/check/paper_train_v1/seed_1/evaluations,,eval_rmappo_MarineMicro_MvsM_4_dist_paper100,62,,Win,57.0,20.0,True,onpolicy/MarineMicro_MvsM_4_dist/rmappo/check/paper_train_v1/seed_1/evaluations/eval_rmappo_MarineMicro_MvsM_4_dist_paper100/bktree/node_log.txt,onpolicy/MarineMicro_MvsM_4_dist/rmappo/check/paper_train_v1/seed_1/evaluations/eval_rmappo_MarineMicro_MvsM_4_dist_paper100/bktree,C:\Users\Binich\PycharmProjects\PredictionRTS\output\learner_results\all_data\fused_bktree_web_batch_20260612_153602_top100_anchor_no_replay\MarineMicro_MvsM_4_dist\bktree,16,16,0,0,0 10 10 2 32 32 33 13 14 14 34 34 35 62 62 37,0 312 312 249 26 26 366 15 328 328 552 552 620 549 549 547,source_bktree source_bktree source_bktree source_bktree source_bktree source_bktree source_bktree source_bktree source_bktree source_bktree source_bktree source_bktree source_bktree source_bktree source_bktree source_bktree,0 10 10 2 32 32 33 13 14 14 34 34 35 62 62 37
697,MarineMicro_MvsM_4_dist,RMAPPO,OnPolicy,MarineMicro_MvsM_4_dist/rmappo/check/paper_train_v1/seed_1/evaluations,onpolicy,MarineMicro_MvsM_4_dist/rmappo/check/paper_train_v1/seed_1/evaluations,,eval_rmappo_MarineMicro_MvsM_4_dist_paper100,63,,Win,57.0,20.0,True,onpolicy/MarineMicro_MvsM_4_dist/rmappo/check/paper_train_v1/seed_1/evaluations/eval_rmappo_MarineMicro_MvsM_4_dist_paper100/bktree/node_log.txt,onpolicy/MarineMicro_MvsM_4_dist/rmappo/check/paper_train_v1/seed_1/evaluations/eval_rmappo_MarineMicro_MvsM_4_dist_paper100/bktree,C:\Users\Binich\PycharmProjects\PredictionRTS\output\learner_results\all_data\fused_bktree_web_batch_20260612_153602_top100_anchor_no_replay\MarineMicro_MvsM_4_dist\bktree,16,16,0,0,0 10 10 2 32 32 13 13 14 46 34 34 35 62 62 37,0 312 312 249 26 26 15 15 328 625 552 552 620 549 549 547,source_bktree source_bktree source_bktree source_bktree source_bktree source_bktree source_bktree source_bktree source_bktree source_bktree source_bktree source_bktree source_bktree source_bktree source_bktree source_bktree,0 10 10 2 32 32 13 13 14 46 34 34 35 62 62 37
698,MarineMicro_MvsM_4_dist,RMAPPO,OnPolicy,MarineMicro_MvsM_4_dist/rmappo/check/paper_train_v1/seed_1/evaluations,onpolicy,MarineMicro_MvsM_4_dist/rmappo/check/paper_train_v1/seed_1/evaluations,,eval_rmappo_MarineMicro_MvsM_4_dist_paper100,66,,Win,57.0,20.0,True,onpolicy/MarineMicro_MvsM_4_dist/rmappo/check/paper_train_v1/seed_1/evaluations/eval_rmappo_MarineMicro_MvsM_4_dist_paper100/bktree/node_log.txt,onpolicy/MarineMicro_MvsM_4_dist/rmappo/check/paper_train_v1/seed_1/evaluations/eval_rmappo_MarineMicro_MvsM_4_dist_paper100/bktree,C:\Users\Binich\PycharmProjects\PredictionRTS\output\learner_results\all_data\fused_bktree_web_batch_20260612_153602_top100_anchor_no_replay\MarineMicro_MvsM_4_dist\bktree,16,16,0,0,0 10 10 2 11 11 12 13 14 14 15 15 16 17 17 18,0 312 312 249 543 543 544 15 328 328 339 339 616 546 546 547,source_bktree source_bktree source_bktree source_bktree source_bktree source_bktree source_bktree source_bktree source_bktree source_bktree source_bktree source_bktree source_bktree source_bktree source_bktree source_bktree,0 10 10 2 11 11 12 13 14 14 15 15 16 17 17 18
699,MarineMicro_MvsM_4_dist,RMAPPO,OnPolicy,MarineMicro_MvsM_4_dist/rmappo/check/paper_train_v1/seed_1/evaluations,onpolicy,MarineMicro_MvsM_4_dist/rmappo/check/paper_train_v1/seed_1/evaluations,,eval_rmappo_MarineMicro_MvsM_4_dist_paper100,88,,Win,57.0,20.0,True,onpolicy/MarineMicro_MvsM_4_dist/rmappo/check/paper_train_v1/seed_1/evaluations/eval_rmappo_MarineMicro_MvsM_4_dist_paper100/bktree/node_log.txt,onpolicy/MarineMicro_MvsM_4_dist/rmappo/check/paper_train_v1/seed_1/evaluations/eval_rmappo_MarineMicro_MvsM_4_dist_paper100/bktree,C:\Users\Binich\PycharmProjects\PredictionRTS\output\learner_results\all_data\fused_bktree_web_batch_20260612_153602_top100_anchor_no_replay\MarineMicro_MvsM_4_dist\bktree,16,16,0,0,0 38 38 2 2 3 39 40 41 41 42 42 43 44 44 45,0 323 323 249 249 613 178 15 621 621 622 622 623 624 624 350,source_bktree source_bktree source_bktree source_bktree source_bktree source_bktree source_bktree source_bktree source_bktree source_bktree source_bktree source_bktree source_bktree source_bktree source_bktree source_bktree,0 38 38 2 2 3 39 40 41 41 42 42 43 44 44 45
700,MarineMicro_MvsM_4_dist,MAT,OnPolicy,MarineMicro_MvsM_4_dist/mat/check/paper_train_v1/seed_1/evaluations,onpolicy,MarineMicro_MvsM_4_dist/mat/check/paper_train_v1/seed_1/evaluations,,eval_mat_MarineMicro_MvsM_4_dist_paper100,55,,Win,66.0,20.0,True,onpolicy/MarineMicro_MvsM_4_dist/mat/check/paper_train_v1/seed_1/evaluations/eval_mat_MarineMicro_MvsM_4_dist_paper100/bktree/node_log.txt,onpolicy/MarineMicro_MvsM_4_dist/mat/check/paper_train_v1/seed_1/evaluations/eval_mat_MarineMicro_MvsM_4_dist_paper100/bktree,C:\Users\Binich\PycharmProjects\PredictionRTS\output\learner_results\all_data\fused_bktree_web_batch_20260612_153602_top100_anchor_no_replay\MarineMicro_MvsM_4_dist\bktree,14,14,0,0,0 30 43 44 45 45 4 52 141 53 35 142 54 155,0 33 69 138 578 578 292 175 538 555 196 562 540 557,source_bktree source_bktree source_bktree source_bktree source_bktree source_bktree source_bktree source_bktree source_bktree source_bktree source_bktree source_bktree source_bktree source_bktree,0 30 43 44 45 45 4 52 141 53 35 142 54 155
701,MarineMicro_MvsM_4_dist,MAT,OnPolicy,MarineMicro_MvsM_4_dist/mat/check/paper_train_v1/seed_1/evaluations,onpolicy,MarineMicro_MvsM_4_dist/mat/check/paper_train_v1/seed_1/evaluations,,eval_mat_MarineMicro_MvsM_4_dist_paper100,1,,Win,63.0,20.0,True,onpolicy/MarineMicro_MvsM_4_dist/mat/check/paper_train_v1/seed_1/evaluations/eval_mat_MarineMicro_MvsM_4_dist_paper100/bktree/node_log.txt,onpolicy/MarineMicro_MvsM_4_dist/mat/check/paper_train_v1/seed_1/evaluations/eval_mat_MarineMicro_MvsM_4_dist_paper100/bktree,C:\Users\Binich\PycharmProjects\PredictionRTS\output\learner_results\all_data\fused_bktree_web_batch_20260612_153602_top100_anchor_no_replay\MarineMicro_MvsM_4_dist\bktree,15,15,0,0,0 1 1 2 3 3 4 4 5 5 6 6 7 8 9,0 1 1 41 42 42 292 292 45 45 46 46 570 47 144,source_bktree_start_anchor source_bktree source_bktree source_bktree source_bktree source_bktree source_bktree source_bktree source_bktree source_bktree source_bktree source_bktree source_bktree source_bktree source_bktree,0 1 1 2 3 3 4 4 5 5 6 6 7 8 9
702,MarineMicro_MvsM_4_dist,MAT,OnPolicy,MarineMicro_MvsM_4_dist/mat/check/paper_train_v1/seed_1/evaluations,onpolicy,MarineMicro_MvsM_4_dist/mat/check/paper_train_v1/seed_1/evaluations,,eval_mat_MarineMicro_MvsM_4_dist_paper100,15,,Win,63.0,20.0,True,onpolicy/MarineMicro_MvsM_4_dist/mat/check/paper_train_v1/seed_1/evaluations/eval_mat_MarineMicro_MvsM_4_dist_paper100/bktree/node_log.txt,onpolicy/MarineMicro_MvsM_4_dist/mat/check/paper_train_v1/seed_1/evaluations/eval_mat_MarineMicro_MvsM_4_dist_paper100/bktree,C:\Users\Binich\PycharmProjects\PredictionRTS\output\learner_results\all_data\fused_bktree_web_batch_20260612_153602_top100_anchor_no_replay\MarineMicro_MvsM_4_dist\bktree,15,15,0,0,0 30 30 31 32 32 33 80 81 53 82 35 54 17 83,0 33 33 34 36 36 575 582 583 555 584 196 540 213 172,source_bktree source_bktree source_bktree source_bktree source_bktree source_bktree source_bktree source_bktree source_bktree source_bktree source_bktree source_bktree source_bktree source_bktree source_bktree,0 30 30 31 32 32 33 80 81 53 82 35 54 17 83
703,MarineMicro_MvsM_4_dist,MAT,OnPolicy,MarineMicro_MvsM_4_dist/mat/check/paper_train_v1/seed_1/evaluations,onpolicy,MarineMicro_MvsM_4_dist/mat/check/paper_train_v1/seed_1/evaluations,,eval_mat_MarineMicro_MvsM_4_dist_paper100,22,,Win,63.0,20.0,True,onpolicy/MarineMicro_MvsM_4_dist/mat/check/paper_train_v1/seed_1/evaluations/eval_mat_MarineMicro_MvsM_4_dist_paper100/bktree/node_log.txt,onpolicy/MarineMicro_MvsM_4_dist/mat/check/paper_train_v1/seed_1/evaluations/eval_mat_MarineMicro_MvsM_4_dist_paper100/bktree,C:\Users\Binich\PycharmProjects\PredictionRTS\output\learner_results\all_data\fused_bktree_web_batch_20260612_153602_top100_anchor_no_replay\MarineMicro_MvsM_4_dist\bktree,15,15,0,0,0 30 43 44 3 3 52 81 81 104 104 54 54 55 105,0 33 69 138 42 42 175 583 583 141 141 540 540 213 172,source_bktree source_bktree source_bktree source_bktree source_bktree source_bktree source_bktree source_bktree source_bktree source_bktree source_bktree source_bktree source_bktree source_bktree source_bktree,0 30 43 44 3 3 52 81 81 104 104 54 54 55 105
704,MarineMicro_MvsM_4_dist,MAT,OnPolicy,MarineMicro_MvsM_4_dist/mat/check/paper_train_v1/seed_1/evaluations,onpolicy,MarineMicro_MvsM_4_dist/mat/check/paper_train_v1/seed_1/evaluations,,eval_mat_MarineMicro_MvsM_4_dist_paper100,32,,Win,63.0,20.0,True,onpolicy/MarineMicro_MvsM_4_dist/mat/check/paper_train_v1/seed_1/evaluations/eval_mat_MarineMicro_MvsM_4_dist_paper100/bktree/node_log.txt,onpolicy/MarineMicro_MvsM_4_dist/mat/check/paper_train_v1/seed_1/evaluations/eval_mat_MarineMicro_MvsM_4_dist_paper100/bktree,C:\Users\Binich\PycharmProjects\PredictionRTS\output\learner_results\all_data\fused_bktree_web_batch_20260612_153602_top100_anchor_no_replay\MarineMicro_MvsM_4_dist\bktree,16,16,0,0,0 30 123 31 32 32 33 80 81 53 82 98 54 17 124 83,0 33 12 34 36 36 575 582 583 555 584 18 540 213 74 172,source_bktree source_bktree source_bktree source_bktree source_bktree source_bktree source_bktree source_bktree source_bktree source_bktree source_bktree source_bktree source_bktree source_bktree source_bktree source_bktree,0 30 123 31 32 32 33 80 81 53 82 98 54 17 124 83
705,MarineMicro_MvsM_4_dist,MAT,OnPolicy,MarineMicro_MvsM_4_dist/mat/check/paper_train_v1/seed_1/evaluations,onpolicy,MarineMicro_MvsM_4_dist/mat/check/paper_train_v1/seed_1/evaluations,,eval_mat_MarineMicro_MvsM_4_dist_paper100,68,,Win,63.0,20.0,True,onpolicy/MarineMicro_MvsM_4_dist/mat/check/paper_train_v1/seed_1/evaluations/eval_mat_MarineMicro_MvsM_4_dist_paper100/bktree/node_log.txt,onpolicy/MarineMicro_MvsM_4_dist/mat/check/paper_train_v1/seed_1/evaluations/eval_mat_MarineMicro_MvsM_4_dist_paper100/bktree,C:\Users\Binich\PycharmProjects\PredictionRTS\output\learner_results\all_data\fused_bktree_web_batch_20260612_153602_top100_anchor_no_replay\MarineMicro_MvsM_4_dist\bktree,16,16,0,0,0 1 1 2 3 3 4 47 5 5 103 6 7 8 8 9,0 1 1 41 42 42 292 139 45 45 266 46 570 47 47 144,source_bktree source_bktree source_bktree source_bktree source_bktree source_bktree source_bktree source_bktree source_bktree source_bktree source_bktree source_bktree source_bktree source_bktree source_bktree source_bktree,0 1 1 2 3 3 4 47 5 5 103 6 7 8 8 9
706,MarineMicro_MvsM_4_dist,MAT,OnPolicy,MarineMicro_MvsM_4_dist/mat/check/paper_train_v1/seed_1/evaluations,onpolicy,MarineMicro_MvsM_4_dist/mat/check/paper_train_v1/seed_1/evaluations,,eval_mat_MarineMicro_MvsM_4_dist_paper100,72,,Win,63.0,20.0,True,onpolicy/MarineMicro_MvsM_4_dist/mat/check/paper_train_v1/seed_1/evaluations/eval_mat_MarineMicro_MvsM_4_dist_paper100/bktree/node_log.txt,onpolicy/MarineMicro_MvsM_4_dist/mat/check/paper_train_v1/seed_1/evaluations/eval_mat_MarineMicro_MvsM_4_dist_paper100/bktree,C:\Users\Binich\PycharmProjects\PredictionRTS\output\learner_results\all_data\fused_bktree_web_batch_20260612_153602_top100_anchor_no_replay\MarineMicro_MvsM_4_dist\bktree,16,16,0,0,0 1 1 2 3 3 4 47 110 171 128 172 7 8 8 9,0 1 1 41 42 42 292 139 16 603 593 46 570 47 47 144,source_bktree source_bktree source_bktree source_bktree source_bktree source_bktree source_bktree source_bktree source_bktree source_bktree source_bktree source_bktree source_bktree source_bktree source_bktree source_bktree,0 1 1 2 3 3 4 47 110 171 128 172 7 8 8 9
707,MarineMicro_MvsM_4_dist,MAT,OnPolicy,MarineMicro_MvsM_4_dist/mat/check/paper_train_v1/seed_1/evaluations,onpolicy,MarineMicro_MvsM_4_dist/mat/check/paper_train_v1/seed_1/evaluations,,eval_mat_MarineMicro_MvsM_4_dist_paper100,96,,Win,63.0,20.0,True,onpolicy/MarineMicro_MvsM_4_dist/mat/check/paper_train_v1/seed_1/evaluations/eval_mat_MarineMicro_MvsM_4_dist_paper100/bktree/node_log.txt,onpolicy/MarineMicro_MvsM_4_dist/mat/check/paper_train_v1/seed_1/evaluations/eval_mat_MarineMicro_MvsM_4_dist_paper100/bktree,C:\Users\Binich\PycharmProjects\PredictionRTS\output\learner_results\all_data\fused_bktree_web_batch_20260612_153602_top100_anchor_no_replay\MarineMicro_MvsM_4_dist\bktree,16,16,0,0,0 30 30 31 32 32 80 80 48 81 82 35 54 17 124 83,0 33 33 34 36 36 582 582 5 583 584 196 540 213 74 172,source_bktree source_bktree source_bktree source_bktree source_bktree source_bktree source_bktree source_bktree source_bktree source_bktree source_bktree source_bktree source_bktree source_bktree source_bktree source_bktree,0 30 30 31 32 32 80 80 48 81 82 35 54 17 124 83
708,MarineMicro_MvsM_4_dist,MAT,OnPolicy,MarineMicro_MvsM_4_dist/mat/check/paper_train_v1/seed_1/evaluations,onpolicy,MarineMicro_MvsM_4_dist/mat/check/paper_train_v1/seed_1/evaluations,,eval_mat_MarineMicro_MvsM_4_dist_paper100,5,,Win,60.0,20.0,True,onpolicy/MarineMicro_MvsM_4_dist/mat/check/paper_train_v1/seed_1/evaluations/eval_mat_MarineMicro_MvsM_4_dist_paper100/bktree/node_log.txt,onpolicy/MarineMicro_MvsM_4_dist/mat/check/paper_train_v1/seed_1/evaluations/eval_mat_MarineMicro_MvsM_4_dist_paper100/bktree,C:\Users\Binich\PycharmProjects\PredictionRTS\output\learner_results\all_data\fused_bktree_web_batch_20260612_153602_top100_anchor_no_replay\MarineMicro_MvsM_4_dist\bktree,14,14,0,0,0 30 30 31 32 32 33 33 34 34 35 35 36 37,0 33 33 34 36 36 575 575 157 157 196 196 576 577,source_bktree source_bktree source_bktree source_bktree source_bktree source_bktree source_bktree source_bktree source_bktree source_bktree source_bktree source_bktree source_bktree source_bktree,0 30 30 31 32 32 33 33 34 34 35 35 36 37
709,MarineMicro_MvsM_4_dist,MAT,OnPolicy,MarineMicro_MvsM_4_dist/mat/check/paper_train_v1/seed_1/evaluations,onpolicy,MarineMicro_MvsM_4_dist/mat/check/paper_train_v1/seed_1/evaluations,,eval_mat_MarineMicro_MvsM_4_dist_paper100,20,,Win,60.0,20.0,True,onpolicy/MarineMicro_MvsM_4_dist/mat/check/paper_train_v1/seed_1/evaluations/eval_mat_MarineMicro_MvsM_4_dist_paper100/bktree/node_log.txt,onpolicy/MarineMicro_MvsM_4_dist/mat/check/paper_train_v1/seed_1/evaluations/eval_mat_MarineMicro_MvsM_4_dist_paper100/bktree,C:\Users\Binich\PycharmProjects\PredictionRTS\output\learner_results\all_data\fused_bktree_web_batch_20260612_153602_top100_anchor_no_replay\MarineMicro_MvsM_4_dist\bktree,15,15,0,0,0 30 30 31 38 32 19 19 34 34 94 98 36 99 37,0 33 33 34 14 36 544 544 157 157 17 18 576 587 577,source_bktree source_bktree source_bktree source_bktree source_bktree source_bktree source_bktree source_bktree source_bktree source_bktree source_bktree source_bktree source_bktree source_bktree source_bktree,0 30 30 31 38 32 19 19 34 34 94 98 36 99 37
710,MarineMicro_MvsM_4_dist,MAT,OnPolicy,MarineMicro_MvsM_4_dist/mat/check/paper_train_v1/seed_1/evaluations,onpolicy,MarineMicro_MvsM_4_dist/mat/check/paper_train_v1/seed_1/evaluations,,eval_mat_MarineMicro_MvsM_4_dist_paper100,66,,Win,57.0,20.0,True,onpolicy/MarineMicro_MvsM_4_dist/mat/check/paper_train_v1/seed_1/evaluations/eval_mat_MarineMicro_MvsM_4_dist_paper100/bktree/node_log.txt,onpolicy/MarineMicro_MvsM_4_dist/mat/check/paper_train_v1/seed_1/evaluations/eval_mat_MarineMicro_MvsM_4_dist_paper100/bktree,C:\Users\Binich\PycharmProjects\PredictionRTS\output\learner_results\all_data\fused_bktree_web_batch_20260612_153602_top100_anchor_no_replay\MarineMicro_MvsM_4_dist\bktree,14,14,0,0,0 30 43 44 3 97 47 47 48 104 126 166 54 51,0 33 69 138 42 42 139 139 5 141 39 300 540 11,source_bktree source_bktree source_bktree source_bktree source_bktree source_bktree source_bktree source_bktree source_bktree source_bktree source_bktree source_bktree source_bktree source_bktree,0 30 43 44 3 97 47 47 48 104 126 166 54 51
711,MarineMicro_MvsM_4_dist,MAT,OnPolicy,MarineMicro_MvsM_4_dist/mat/check/paper_train_v1/seed_1/evaluations,onpolicy,MarineMicro_MvsM_4_dist/mat/check/paper_train_v1/seed_1/evaluations,,eval_mat_MarineMicro_MvsM_4_dist_paper100,35,,Win,57.0,20.0,True,onpolicy/MarineMicro_MvsM_4_dist/mat/check/paper_train_v1/seed_1/evaluations/eval_mat_MarineMicro_MvsM_4_dist_paper100/bktree/node_log.txt,onpolicy/MarineMicro_MvsM_4_dist/mat/check/paper_train_v1/seed_1/evaluations/eval_mat_MarineMicro_MvsM_4_dist_paper100/bktree,C:\Users\Binich\PycharmProjects\PredictionRTS\output\learner_results\all_data\fused_bktree_web_batch_20260612_153602_top100_anchor_no_replay\MarineMicro_MvsM_4_dist\bktree,15,15,0,0,0 1 1 10 11 11 19 13 14 127 16 16 21 17 83,0 1 1 13 192 192 544 15 223 592 67 67 112 213 172,source_bktree source_bktree source_bktree source_bktree source_bktree source_bktree source_bktree source_bktree source_bktree source_bktree source_bktree source_bktree source_bktree source_bktree source_bktree,0 1 1 10 11 11 19 13 14 127 16 16 21 17 83
712,MarineMicro_MvsM_4_dist,MAT,OnPolicy,MarineMicro_MvsM_4_dist/mat/check/paper_train_v1/seed_1/evaluations,onpolicy,MarineMicro_MvsM_4_dist/mat/check/paper_train_v1/seed_1/evaluations,,eval_mat_MarineMicro_MvsM_4_dist_paper100,44,,Win,57.0,20.0,True,onpolicy/MarineMicro_MvsM_4_dist/mat/check/paper_train_v1/seed_1/evaluations/eval_mat_MarineMicro_MvsM_4_dist_paper100/bktree/node_log.txt,onpolicy/MarineMicro_MvsM_4_dist/mat/check/paper_train_v1/seed_1/evaluations/eval_mat_MarineMicro_MvsM_4_dist_paper100/bktree,C:\Users\Binich\PycharmProjects\PredictionRTS\output\learner_results\all_data\fused_bktree_web_batch_20260612_153602_top100_anchor_no_replay\MarineMicro_MvsM_4_dist\bktree,15,15,0,0,0 65 18 143 144 131 145 145 90 90 146 6 7 8 9,0 1 184 24 53 105 595 595 585 585 596 46 570 47 144,source_bktree source_bktree source_bktree source_bktree source_bktree source_bktree source_bktree source_bktree source_bktree source_bktree source_bktree source_bktree source_bktree source_bktree source_bktree,0 65 18 143 144 131 145 145 90 90 146 6 7 8 9
713,MarineMicro_MvsM_4_dist,MAT,OnPolicy,MarineMicro_MvsM_4_dist/mat/check/paper_train_v1/seed_1/evaluations,onpolicy,MarineMicro_MvsM_4_dist/mat/check/paper_train_v1/seed_1/evaluations,,eval_mat_MarineMicro_MvsM_4_dist_paper100,61,,Win,57.0,20.0,True,onpolicy/MarineMicro_MvsM_4_dist/mat/check/paper_train_v1/seed_1/evaluations/eval_mat_MarineMicro_MvsM_4_dist_paper100/bktree/node_log.txt,onpolicy/MarineMicro_MvsM_4_dist/mat/check/paper_train_v1/seed_1/evaluations/eval_mat_MarineMicro_MvsM_4_dist_paper100/bktree,C:\Users\Binich\PycharmProjects\PredictionRTS\output\learner_results\all_data\fused_bktree_web_batch_20260612_153602_top100_anchor_no_replay\MarineMicro_MvsM_4_dist\bktree,15,15,0,0,0 1 18 10 32 32 33 33 162 162 35 35 36 55 83,0 1 184 13 36 36 575 575 71 71 196 196 576 213 172,source_bktree source_bktree source_bktree source_bktree source_bktree source_bktree source_bktree source_bktree source_bktree source_bktree source_bktree source_bktree source_bktree source_bktree source_bktree,0 1 18 10 32 32 33 33 162 162 35 35 36 55 83
714,MarineMicro_MvsM_4_dist,MAT,OnPolicy,MarineMicro_MvsM_4_dist/mat/check/paper_train_v1/seed_1/evaluations,onpolicy,MarineMicro_MvsM_4_dist/mat/check/paper_train_v1/seed_1/evaluations,,eval_mat_MarineMicro_MvsM_4_dist_paper100,8,,Win,57.0,20.0,True,onpolicy/MarineMicro_MvsM_4_dist/mat/check/paper_train_v1/seed_1/evaluations/eval_mat_MarineMicro_MvsM_4_dist_paper100/bktree/node_log.txt,onpolicy/MarineMicro_MvsM_4_dist/mat/check/paper_train_v1/seed_1/evaluations/eval_mat_MarineMicro_MvsM_4_dist_paper100/bktree,C:\Users\Binich\PycharmProjects\PredictionRTS\output\learner_results\all_data\fused_bktree_web_batch_20260612_153602_top100_anchor_no_replay\MarineMicro_MvsM_4_dist\bktree,16,16,0,0,0 30 43 44 3 3 52 52 48 53 53 49 54 55 50 51,0 33 69 138 42 42 175 175 5 555 555 270 540 213 10 11,source_bktree source_bktree source_bktree source_bktree source_bktree source_bktree source_bktree source_bktree source_bktree source_bktree source_bktree source_bktree source_bktree source_bktree source_bktree source_bktree,0 30 43 44 3 3 52 52 48 53 53 49 54 55 50 51
715,MarineMicro_MvsM_4_dist,MAT,OnPolicy,MarineMicro_MvsM_4_dist/mat/check/paper_train_v1/seed_1/evaluations,onpolicy,MarineMicro_MvsM_4_dist/mat/check/paper_train_v1/seed_1/evaluations,,eval_mat_MarineMicro_MvsM_4_dist_paper100,27,,Win,57.0,20.0,True,onpolicy/MarineMicro_MvsM_4_dist/mat/check/paper_train_v1/seed_1/evaluations/eval_mat_MarineMicro_MvsM_4_dist_paper100/bktree/node_log.txt,onpolicy/MarineMicro_MvsM_4_dist/mat/check/paper_train_v1/seed_1/evaluations/eval_mat_MarineMicro_MvsM_4_dist_paper100/bktree,C:\Users\Binich\PycharmProjects\PredictionRTS\output\learner_results\all_data\fused_bktree_web_batch_20260612_153602_top100_anchor_no_replay\MarineMicro_MvsM_4_dist\bktree,16,16,0,0,0 1 1 2 3 3 4 4 5 5 103 6 7 8 8 9,0 1 1 41 42 42 292 292 45 45 266 46 570 47 47 144,source_bktree source_bktree source_bktree source_bktree source_bktree source_bktree source_bktree source_bktree source_bktree source_bktree source_bktree source_bktree source_bktree source_bktree source_bktree source_bktree,0 1 1 2 3 3 4 4 5 5 103 6 7 8 8 9
716,MarineMicro_MvsM_4_dist,MAT,OnPolicy,MarineMicro_MvsM_4_dist/mat/check/paper_train_v1/seed_1/evaluations,onpolicy,MarineMicro_MvsM_4_dist/mat/check/paper_train_v1/seed_1/evaluations,,eval_mat_MarineMicro_MvsM_4_dist_paper100,39,,Win,57.0,20.0,True,onpolicy/MarineMicro_MvsM_4_dist/mat/check/paper_train_v1/seed_1/evaluations/eval_mat_MarineMicro_MvsM_4_dist_paper100/bktree/node_log.txt,onpolicy/MarineMicro_MvsM_4_dist/mat/check/paper_train_v1/seed_1/evaluations/eval_mat_MarineMicro_MvsM_4_dist_paper100/bktree,C:\Users\Binich\PycharmProjects\PredictionRTS\output\learner_results\all_data\fused_bktree_web_batch_20260612_153602_top100_anchor_no_replay\MarineMicro_MvsM_4_dist\bktree,16,16,0,0,0 30 43 44 3 97 47 47 141 53 142 49 54 50 50 51,0 33 69 138 42 42 139 139 538 555 562 270 540 10 10 11,source_bktree source_bktree source_bktree source_bktree source_bktree source_bktree source_bktree source_bktree source_bktree source_bktree source_bktree source_bktree source_bktree source_bktree source_bktree source_bktree,0 30 43 44 3 97 47 47 141 53 142 49 54 50 50 51
717,MarineMicro_MvsM_4_dist,MAT,OnPolicy,MarineMicro_MvsM_4_dist/mat/check/paper_train_v1/seed_1/evaluations,onpolicy,MarineMicro_MvsM_4_dist/mat/check/paper_train_v1/seed_1/evaluations,,eval_mat_MarineMicro_MvsM_4_dist_paper100,51,,Win,57.0,20.0,True,onpolicy/MarineMicro_MvsM_4_dist/mat/check/paper_train_v1/seed_1/evaluations/eval_mat_MarineMicro_MvsM_4_dist_paper100/bktree/node_log.txt,onpolicy/MarineMicro_MvsM_4_dist/mat/check/paper_train_v1/seed_1/evaluations/eval_mat_MarineMicro_MvsM_4_dist_paper100/bktree,C:\Users\Binich\PycharmProjects\PredictionRTS\output\learner_results\all_data\fused_bktree_web_batch_20260612_153602_top100_anchor_no_replay\MarineMicro_MvsM_4_dist\bktree,16,16,0,0,0 30 30 31 32 32 19 80 81 53 16 98 98 17 17 83,0 33 33 34 36 36 544 582 583 555 67 18 18 213 213 172,source_bktree source_bktree source_bktree source_bktree source_bktree source_bktree source_bktree source_bktree source_bktree source_bktree source_bktree source_bktree source_bktree source_bktree source_bktree source_bktree,0 30 30 31 32 32 19 80 81 53 16 98 98 17 17 83
718,MarineMicro_MvsM_4_dist,MAT,OnPolicy,MarineMicro_MvsM_4_dist/mat/check/paper_train_v1/seed_1/evaluations,onpolicy,MarineMicro_MvsM_4_dist/mat/check/paper_train_v1/seed_1/evaluations,,eval_mat_MarineMicro_MvsM_4_dist_paper100,53,,Win,57.0,20.0,True,onpolicy/MarineMicro_MvsM_4_dist/mat/check/paper_train_v1/seed_1/evaluations/eval_mat_MarineMicro_MvsM_4_dist_paper100/bktree/node_log.txt,onpolicy/MarineMicro_MvsM_4_dist/mat/check/paper_train_v1/seed_1/evaluations/eval_mat_MarineMicro_MvsM_4_dist_paper100/bktree,C:\Users\Binich\PycharmProjects\PredictionRTS\output\learner_results\all_data\fused_bktree_web_batch_20260612_153602_top100_anchor_no_replay\MarineMicro_MvsM_4_dist\bktree,16,16,0,0,0 30 43 44 3 3 52 52 53 53 35 35 54 55 50 51,0 33 69 138 42 42 175 175 555 555 196 196 540 213 10 11,source_bktree source_bktree source_bktree source_bktree source_bktree source_bktree source_bktree source_bktree source_bktree source_bktree source_bktree source_bktree source_bktree source_bktree source_bktree source_bktree,0 30 43 44 3 3 52 52 53 53 35 35 54 55 50 51
719,MarineMicro_MvsM_4_dist,MAT,OnPolicy,MarineMicro_MvsM_4_dist/mat/check/paper_train_v1/seed_1/evaluations,onpolicy,MarineMicro_MvsM_4_dist/mat/check/paper_train_v1/seed_1/evaluations,,eval_mat_MarineMicro_MvsM_4_dist_paper100,58,,Win,57.0,20.0,True,onpolicy/MarineMicro_MvsM_4_dist/mat/check/paper_train_v1/seed_1/evaluations/eval_mat_MarineMicro_MvsM_4_dist_paper100/bktree/node_log.txt,onpolicy/MarineMicro_MvsM_4_dist/mat/check/paper_train_v1/seed_1/evaluations/eval_mat_MarineMicro_MvsM_4_dist_paper100/bktree,C:\Users\Binich\PycharmProjects\PredictionRTS\output\learner_results\all_data\fused_bktree_web_batch_20260612_153602_top100_anchor_no_replay\MarineMicro_MvsM_4_dist\bktree,16,16,0,0,0 30 159 31 32 32 19 19 48 48 82 60 98 17 17 83,0 33 12 34 36 36 544 544 5 5 584 215 18 213 213 172,source_bktree source_bktree source_bktree source_bktree source_bktree source_bktree source_bktree source_bktree source_bktree source_bktree source_bktree source_bktree source_bktree source_bktree source_bktree source_bktree,0 30 159 31 32 32 19 19 48 48 82 60 98 17 17 83
720,MarineMicro_MvsM_4_dist,MAT,OnPolicy,MarineMicro_MvsM_4_dist/mat/check/paper_train_v1/seed_1/evaluations,onpolicy,MarineMicro_MvsM_4_dist/mat/check/paper_train_v1/seed_1/evaluations,,eval_mat_MarineMicro_MvsM_4_dist_paper100,62,,Win,57.0,20.0,True,onpolicy/MarineMicro_MvsM_4_dist/mat/check/paper_train_v1/seed_1/evaluations/eval_mat_MarineMicro_MvsM_4_dist_paper100/bktree/node_log.txt,onpolicy/MarineMicro_MvsM_4_dist/mat/check/paper_train_v1/seed_1/evaluations/eval_mat_MarineMicro_MvsM_4_dist_paper100/bktree,C:\Users\Binich\PycharmProjects\PredictionRTS\output\learner_results\all_data\fused_bktree_web_batch_20260612_153602_top100_anchor_no_replay\MarineMicro_MvsM_4_dist\bktree,16,16,0,0,0 30 30 31 38 38 19 13 14 20 16 16 21 17 17 83,0 33 33 34 14 14 544 15 223 573 67 67 112 213 213 172,source_bktree source_bktree source_bktree source_bktree source_bktree source_bktree source_bktree source_bktree source_bktree source_bktree source_bktree source_bktree source_bktree source_bktree source_bktree source_bktree,0 30 30 31 38 38 19 13 14 20 16 16 21 17 17 83
721,MarineMicro_MvsM_4_dist,MAT,OnPolicy,MarineMicro_MvsM_4_dist/mat/check/paper_train_v1/seed_1/evaluations,onpolicy,MarineMicro_MvsM_4_dist/mat/check/paper_train_v1/seed_1/evaluations,,eval_mat_MarineMicro_MvsM_4_dist_paper100,71,,Win,57.0,20.0,True,onpolicy/MarineMicro_MvsM_4_dist/mat/check/paper_train_v1/seed_1/evaluations/eval_mat_MarineMicro_MvsM_4_dist_paper100/bktree/node_log.txt,onpolicy/MarineMicro_MvsM_4_dist/mat/check/paper_train_v1/seed_1/evaluations/eval_mat_MarineMicro_MvsM_4_dist_paper100/bktree,C:\Users\Binich\PycharmProjects\PredictionRTS\output\learner_results\all_data\fused_bktree_web_batch_20260612_153602_top100_anchor_no_replay\MarineMicro_MvsM_4_dist\bktree,16,16,0,0,0 30 30 31 38 32 19 19 14 34 15 21 21 17 17 83,0 33 33 34 14 36 544 544 223 157 572 112 112 213 213 172,source_bktree source_bktree source_bktree source_bktree source_bktree source_bktree source_bktree source_bktree source_bktree source_bktree source_bktree source_bktree source_bktree source_bktree source_bktree source_bktree,0 30 30 31 38 32 19 19 14 34 15 21 21 17 17 83
722,MarineMicro_MvsM_4_dist,MAT,OnPolicy,MarineMicro_MvsM_4_dist/mat/check/paper_train_v1/seed_1/evaluations,onpolicy,MarineMicro_MvsM_4_dist/mat/check/paper_train_v1/seed_1/evaluations,,eval_mat_MarineMicro_MvsM_4_dist_paper100,92,,Win,57.0,20.0,True,onpolicy/MarineMicro_MvsM_4_dist/mat/check/paper_train_v1/seed_1/evaluations/eval_mat_MarineMicro_MvsM_4_dist_paper100/bktree/node_log.txt,onpolicy/MarineMicro_MvsM_4_dist/mat/check/paper_train_v1/seed_1/evaluations/eval_mat_MarineMicro_MvsM_4_dist_paper100/bktree,C:\Users\Binich\PycharmProjects\PredictionRTS\output\learner_results\all_data\fused_bktree_web_batch_20260612_153602_top100_anchor_no_replay\MarineMicro_MvsM_4_dist\bktree,16,16,0,0,0 30 43 44 3 3 47 52 48 167 168 35 54 55 50 51,0 33 69 138 42 42 139 175 5 195 305 196 540 213 10 11,source_bktree source_bktree source_bktree source_bktree source_bktree source_bktree source_bktree source_bktree source_bktree source_bktree source_bktree source_bktree source_bktree source_bktree source_bktree source_bktree,0 30 43 44 3 3 47 52 48 167 168 35 54 55 50 51
723,MarineMicro_MvsM_4_dist,MAT,OnPolicy,MarineMicro_MvsM_4_dist/mat/check/paper_train_v1/seed_1/evaluations,onpolicy,MarineMicro_MvsM_4_dist/mat/check/paper_train_v1/seed_1/evaluations,,eval_mat_MarineMicro_MvsM_4_dist_paper100,93,,Win,57.0,20.0,True,onpolicy/MarineMicro_MvsM_4_dist/mat/check/paper_train_v1/seed_1/evaluations/eval_mat_MarineMicro_MvsM_4_dist_paper100/bktree/node_log.txt,onpolicy/MarineMicro_MvsM_4_dist/mat/check/paper_train_v1/seed_1/evaluations/eval_mat_MarineMicro_MvsM_4_dist_paper100/bktree,C:\Users\Binich\PycharmProjects\PredictionRTS\output\learner_results\all_data\fused_bktree_web_batch_20260612_153602_top100_anchor_no_replay\MarineMicro_MvsM_4_dist\bktree,16,16,0,0,0 1 1 2 3 3 4 4 5 5 103 172 7 8 8 9,0 1 1 41 42 42 292 292 45 45 266 46 570 47 47 144,source_bktree source_bktree source_bktree source_bktree source_bktree source_bktree source_bktree source_bktree source_bktree source_bktree source_bktree source_bktree source_bktree source_bktree source_bktree source_bktree,0 1 1 2 3 3 4 4 5 5 103 172 7 8 8 9
724,MarineMicro_MvsM_4_dist,MAT,OnPolicy,MarineMicro_MvsM_4_dist/mat/check/paper_train_v1/seed_1/evaluations,onpolicy,MarineMicro_MvsM_4_dist/mat/check/paper_train_v1/seed_1/evaluations,,eval_mat_MarineMicro_MvsM_4_dist_paper100,17,,Win,54.0,20.0,True,onpolicy/MarineMicro_MvsM_4_dist/mat/check/paper_train_v1/seed_1/evaluations/eval_mat_MarineMicro_MvsM_4_dist_paper100/bktree/node_log.txt,onpolicy/MarineMicro_MvsM_4_dist/mat/check/paper_train_v1/seed_1/evaluations/eval_mat_MarineMicro_MvsM_4_dist_paper100/bktree,C:\Users\Binich\PycharmProjects\PredictionRTS\output\learner_results\all_data\fused_bktree_web_batch_20260612_153602_top100_anchor_no_replay\MarineMicro_MvsM_4_dist\bktree,14,14,0,0,0 65 86 87 88 88 89 89 90 90 75 76 91 92,0 1 411 84 85 85 27 27 585 585 78 427 269 586,source_bktree source_bktree source_bktree source_bktree source_bktree source_bktree source_bktree source_bktree source_bktree source_bktree source_bktree source_bktree source_bktree source_bktree,0 65 86 87 88 88 89 89 90 90 75 76 91 92
725,MarineMicro_MvsM_4_dist,MAT,OnPolicy,MarineMicro_MvsM_4_dist/mat/check/paper_train_v1/seed_1/evaluations,onpolicy,MarineMicro_MvsM_4_dist/mat/check/paper_train_v1/seed_1/evaluations,,eval_mat_MarineMicro_MvsM_4_dist_paper100,21,,Win,51.0,20.0,True,onpolicy/MarineMicro_MvsM_4_dist/mat/check/paper_train_v1/seed_1/evaluations/eval_mat_MarineMicro_MvsM_4_dist_paper100/bktree/node_log.txt,onpolicy/MarineMicro_MvsM_4_dist/mat/check/paper_train_v1/seed_1/evaluations/eval_mat_MarineMicro_MvsM_4_dist_paper100/bktree,C:\Users\Binich\PycharmProjects\PredictionRTS\output\learner_results\all_data\fused_bktree_web_batch_20260612_153602_top100_anchor_no_replay\MarineMicro_MvsM_4_dist\bktree,14,14,0,0,0 1 100 2 3 3 101 101 102 103 6 60 7 9,0 1 588 41 42 42 43 43 589 266 46 215 570 144,source_bktree source_bktree source_bktree source_bktree source_bktree source_bktree source_bktree source_bktree source_bktree source_bktree source_bktree source_bktree source_bktree source_bktree,0 1 100 2 3 3 101 101 102 103 6 60 7 9
726,MarineMicro_MvsM_4_dist,MAT,OnPolicy,MarineMicro_MvsM_4_dist/mat/check/paper_train_v1/seed_1/evaluations,onpolicy,MarineMicro_MvsM_4_dist/mat/check/paper_train_v1/seed_1/evaluations,,eval_mat_MarineMicro_MvsM_4_dist_paper100,34,,Win,51.0,20.0,True,onpolicy/MarineMicro_MvsM_4_dist/mat/check/paper_train_v1/seed_1/evaluations/eval_mat_MarineMicro_MvsM_4_dist_paper100/bktree/node_log.txt,onpolicy/MarineMicro_MvsM_4_dist/mat/check/paper_train_v1/seed_1/evaluations/eval_mat_MarineMicro_MvsM_4_dist_paper100/bktree,C:\Users\Binich\PycharmProjects\PredictionRTS\output\learner_results\all_data\fused_bktree_web_batch_20260612_153602_top100_anchor_no_replay\MarineMicro_MvsM_4_dist\bktree,15,15,0,0,0 30 30 31 38 32 19 19 14 34 94 98 21 17 83,0 33 33 34 14 36 544 544 223 157 17 18 112 213 172,source_bktree source_bktree source_bktree source_bktree source_bktree source_bktree source_bktree source_bktree source_bktree source_bktree source_bktree source_bktree source_bktree source_bktree source_bktree,0 30 30 31 38 32 19 19 14 34 94 98 21 17 83
727,MarineMicro_MvsM_4_dist,MAT,OnPolicy,MarineMicro_MvsM_4_dist/mat/check/paper_train_v1/seed_1/evaluations,onpolicy,MarineMicro_MvsM_4_dist/mat/check/paper_train_v1/seed_1/evaluations,,eval_mat_MarineMicro_MvsM_4_dist_paper100,75,,Win,51.0,20.0,True,onpolicy/MarineMicro_MvsM_4_dist/mat/check/paper_train_v1/seed_1/evaluations/eval_mat_MarineMicro_MvsM_4_dist_paper100/bktree/node_log.txt,onpolicy/MarineMicro_MvsM_4_dist/mat/check/paper_train_v1/seed_1/evaluations/eval_mat_MarineMicro_MvsM_4_dist_paper100/bktree,C:\Users\Binich\PycharmProjects\PredictionRTS\output\learner_results\all_data\fused_bktree_web_batch_20260612_153602_top100_anchor_no_replay\MarineMicro_MvsM_4_dist\bktree,15,15,0,0,0 1 18 10 32 32 33 113 162 162 16 36 21 50 83,0 1 184 13 36 36 575 70 71 71 67 576 112 10 172,source_bktree source_bktree source_bktree source_bktree source_bktree source_bktree source_bktree source_bktree source_bktree source_bktree source_bktree source_bktree source_bktree source_bktree source_bktree,0 1 18 10 32 32 33 113 162 162 16 36 21 50 83
728,MarineMicro_MvsM_4_dist,MAT,OnPolicy,MarineMicro_MvsM_4_dist/mat/check/paper_train_v1/seed_1/evaluations,onpolicy,MarineMicro_MvsM_4_dist/mat/check/paper_train_v1/seed_1/evaluations,,eval_mat_MarineMicro_MvsM_4_dist_paper100,86,,Win,51.0,20.0,True,onpolicy/MarineMicro_MvsM_4_dist/mat/check/paper_train_v1/seed_1/evaluations/eval_mat_MarineMicro_MvsM_4_dist_paper100/bktree/node_log.txt,onpolicy/MarineMicro_MvsM_4_dist/mat/check/paper_train_v1/seed_1/evaluations/eval_mat_MarineMicro_MvsM_4_dist_paper100/bktree,C:\Users\Binich\PycharmProjects\PredictionRTS\output\learner_results\all_data\fused_bktree_web_batch_20260612_153602_top100_anchor_no_replay\MarineMicro_MvsM_4_dist\bktree,15,15,0,0,0 30 44 44 3 3 52 52 125 187 35 35 54 55 83,0 33 138 138 42 42 175 175 214 610 196 196 540 213 172,source_bktree source_bktree source_bktree source_bktree source_bktree source_bktree source_bktree source_bktree source_bktree source_bktree source_bktree source_bktree source_bktree source_bktree source_bktree,0 30 44 44 3 3 52 52 125 187 35 35 54 55 83
729,MarineMicro_MvsM_4_dist,MAT,OnPolicy,MarineMicro_MvsM_4_dist/mat/check/paper_train_v1/seed_1/evaluations,onpolicy,MarineMicro_MvsM_4_dist/mat/check/paper_train_v1/seed_1/evaluations,,eval_mat_MarineMicro_MvsM_4_dist_paper100,25,,Win,51.0,20.0,True,onpolicy/MarineMicro_MvsM_4_dist/mat/check/paper_train_v1/seed_1/evaluations/eval_mat_MarineMicro_MvsM_4_dist_paper100/bktree/node_log.txt,onpolicy/MarineMicro_MvsM_4_dist/mat/check/paper_train_v1/seed_1/evaluations/eval_mat_MarineMicro_MvsM_4_dist_paper100/bktree,C:\Users\Binich\PycharmProjects\PredictionRTS\output\learner_results\all_data\fused_bktree_web_batch_20260612_153602_top100_anchor_no_replay\MarineMicro_MvsM_4_dist\bktree,16,16,0,0,0 1 18 10 11 11 113 113 5 5 75 76 21 8 8 9,0 1 184 13 192 192 70 70 45 45 78 427 112 47 47 144,source_bktree source_bktree source_bktree source_bktree source_bktree source_bktree source_bktree source_bktree source_bktree source_bktree source_bktree source_bktree source_bktree source_bktree source_bktree source_bktree,0 1 18 10 11 11 113 113 5 5 75 76 21 8 8 9
730,MarineMicro_MvsM_4_dist,MAT,OnPolicy,MarineMicro_MvsM_4_dist/mat/check/paper_train_v1/seed_1/evaluations,onpolicy,MarineMicro_MvsM_4_dist/mat/check/paper_train_v1/seed_1/evaluations,,eval_mat_MarineMicro_MvsM_4_dist_paper100,33,,Win,51.0,20.0,True,onpolicy/MarineMicro_MvsM_4_dist/mat/check/paper_train_v1/seed_1/evaluations/eval_mat_MarineMicro_MvsM_4_dist_paper100/bktree/node_log.txt,onpolicy/MarineMicro_MvsM_4_dist/mat/check/paper_train_v1/seed_1/evaluations/eval_mat_MarineMicro_MvsM_4_dist_paper100/bktree,C:\Users\Binich\PycharmProjects\PredictionRTS\output\learner_results\all_data\fused_bktree_web_batch_20260612_153602_top100_anchor_no_replay\MarineMicro_MvsM_4_dist\bktree,16,16,0,0,0 30 43 44 45 97 52 52 125 125 126 49 54 50 50 51,0 33 69 138 578 42 175 175 214 214 39 270 540 10 10 11,source_bktree source_bktree source_bktree source_bktree source_bktree source_bktree source_bktree source_bktree source_bktree source_bktree source_bktree source_bktree source_bktree source_bktree source_bktree source_bktree,0 30 43 44 45 97 52 52 125 125 126 49 54 50 50 51
731,MarineMicro_MvsM_4_dist,MAT,OnPolicy,MarineMicro_MvsM_4_dist/mat/check/paper_train_v1/seed_1/evaluations,onpolicy,MarineMicro_MvsM_4_dist/mat/check/paper_train_v1/seed_1/evaluations,,eval_mat_MarineMicro_MvsM_4_dist_paper100,36,,Win,51.0,20.0,True,onpolicy/MarineMicro_MvsM_4_dist/mat/check/paper_train_v1/seed_1/evaluations/eval_mat_MarineMicro_MvsM_4_dist_paper100/bktree/node_log.txt,onpolicy/MarineMicro_MvsM_4_dist/mat/check/paper_train_v1/seed_1/evaluations/eval_mat_MarineMicro_MvsM_4_dist_paper100/bktree,C:\Users\Binich\PycharmProjects\PredictionRTS\output\learner_results\all_data\fused_bktree_web_batch_20260612_153602_top100_anchor_no_replay\MarineMicro_MvsM_4_dist\bktree,16,16,0,0,0 1 1 2 3 3 4 101 102 102 103 128 7 7 8 9,0 1 1 41 42 42 292 43 589 589 266 593 570 570 47 144,source_bktree source_bktree source_bktree source_bktree source_bktree source_bktree source_bktree source_bktree source_bktree source_bktree source_bktree source_bktree source_bktree source_bktree source_bktree source_bktree,0 1 1 2 3 3 4 101 102 102 103 128 7 7 8 9
732,MarineMicro_MvsM_4_dist,MAT,OnPolicy,MarineMicro_MvsM_4_dist/mat/check/paper_train_v1/seed_1/evaluations,onpolicy,MarineMicro_MvsM_4_dist/mat/check/paper_train_v1/seed_1/evaluations,,eval_mat_MarineMicro_MvsM_4_dist_paper100,41,,Win,51.0,20.0,True,onpolicy/MarineMicro_MvsM_4_dist/mat/check/paper_train_v1/seed_1/evaluations/eval_mat_MarineMicro_MvsM_4_dist_paper100/bktree/node_log.txt,onpolicy/MarineMicro_MvsM_4_dist/mat/check/paper_train_v1/seed_1/evaluations/eval_mat_MarineMicro_MvsM_4_dist_paper100/bktree,C:\Users\Binich\PycharmProjects\PredictionRTS\output\learner_results\all_data\fused_bktree_web_batch_20260612_153602_top100_anchor_no_replay\MarineMicro_MvsM_4_dist\bktree,16,16,0,0,0 1 18 10 11 11 19 13 14 34 16 21 21 17 17 83,0 1 184 13 192 192 544 15 223 157 67 112 112 213 213 172,source_bktree source_bktree source_bktree source_bktree source_bktree source_bktree source_bktree source_bktree source_bktree source_bktree source_bktree source_bktree source_bktree source_bktree source_bktree source_bktree,0 1 18 10 11 11 19 13 14 34 16 21 21 17 17 83
733,MarineMicro_MvsM_4_dist,MAT,OnPolicy,MarineMicro_MvsM_4_dist/mat/check/paper_train_v1/seed_1/evaluations,onpolicy,MarineMicro_MvsM_4_dist/mat/check/paper_train_v1/seed_1/evaluations,,eval_mat_MarineMicro_MvsM_4_dist_paper100,42,,Win,51.0,20.0,True,onpolicy/MarineMicro_MvsM_4_dist/mat/check/paper_train_v1/seed_1/evaluations/eval_mat_MarineMicro_MvsM_4_dist_paper100/bktree/node_log.txt,onpolicy/MarineMicro_MvsM_4_dist/mat/check/paper_train_v1/seed_1/evaluations/eval_mat_MarineMicro_MvsM_4_dist_paper100/bktree,C:\Users\Binich\PycharmProjects\PredictionRTS\output\learner_results\all_data\fused_bktree_web_batch_20260612_153602_top100_anchor_no_replay\MarineMicro_MvsM_4_dist\bktree,16,16,0,0,0 30 30 31 38 38 33 33 74 74 15 36 21 17 50 83,0 33 33 34 14 14 575 575 581 581 572 576 112 213 10 172,source_bktree source_bktree source_bktree source_bktree source_bktree source_bktree source_bktree source_bktree source_bktree source_bktree source_bktree source_bktree source_bktree source_bktree source_bktree source_bktree,0 30 30 31 38 38 33 33 74 74 15 36 21 17 50 83
734,MarineMicro_MvsM_4_dist,MAT,OnPolicy,MarineMicro_MvsM_4_dist/mat/check/paper_train_v1/seed_1/evaluations,onpolicy,MarineMicro_MvsM_4_dist/mat/check/paper_train_v1/seed_1/evaluations,,eval_mat_MarineMicro_MvsM_4_dist_paper100,49,,Win,51.0,20.0,True,onpolicy/MarineMicro_MvsM_4_dist/mat/check/paper_train_v1/seed_1/evaluations/eval_mat_MarineMicro_MvsM_4_dist_paper100/bktree/node_log.txt,onpolicy/MarineMicro_MvsM_4_dist/mat/check/paper_train_v1/seed_1/evaluations/eval_mat_MarineMicro_MvsM_4_dist_paper100/bktree,C:\Users\Binich\PycharmProjects\PredictionRTS\output\learner_results\all_data\fused_bktree_web_batch_20260612_153602_top100_anchor_no_replay\MarineMicro_MvsM_4_dist\bktree,16,16,0,0,0 1 18 10 11 38 59 80 48 81 16 98 98 17 17 83,0 1 184 13 192 14 63 582 5 583 67 18 18 213 213 172,source_bktree source_bktree source_bktree source_bktree source_bktree source_bktree source_bktree source_bktree source_bktree source_bktree source_bktree source_bktree source_bktree source_bktree source_bktree source_bktree,0 1 18 10 11 38 59 80 48 81 16 98 98 17 17 83
735,MarineMicro_MvsM_4_dist,MAT,OnPolicy,MarineMicro_MvsM_4_dist/mat/check/paper_train_v1/seed_1/evaluations,onpolicy,MarineMicro_MvsM_4_dist/mat/check/paper_train_v1/seed_1/evaluations,,eval_mat_MarineMicro_MvsM_4_dist_paper100,63,,Win,51.0,20.0,True,onpolicy/MarineMicro_MvsM_4_dist/mat/check/paper_train_v1/seed_1/evaluations/eval_mat_MarineMicro_MvsM_4_dist_paper100/bktree/node_log.txt,onpolicy/MarineMicro_MvsM_4_dist/mat/check/paper_train_v1/seed_1/evaluations/eval_mat_MarineMicro_MvsM_4_dist_paper100/bktree,C:\Users\Binich\PycharmProjects\PredictionRTS\output\learner_results\all_data\fused_bktree_web_batch_20260612_153602_top100_anchor_no_replay\MarineMicro_MvsM_4_dist\bktree,16,16,0,0,0 1 1 2 3 3 4 47 5 5 103 128 7 8 8 9,0 1 1 41 42 42 292 139 45 45 266 593 570 47 47 144,source_bktree source_bktree source_bktree source_bktree source_bktree source_bktree source_bktree source_bktree source_bktree source_bktree source_bktree source_bktree source_bktree source_bktree source_bktree source_bktree,0 1 1 2 3 3 4 47 5 5 103 128 7 8 8 9
736,MarineMicro_MvsM_4_dist,MAT,OnPolicy,MarineMicro_MvsM_4_dist/mat/check/paper_train_v1/seed_1/evaluations,onpolicy,MarineMicro_MvsM_4_dist/mat/check/paper_train_v1/seed_1/evaluations,,eval_mat_MarineMicro_MvsM_4_dist_paper100,73,,Win,51.0,20.0,True,onpolicy/MarineMicro_MvsM_4_dist/mat/check/paper_train_v1/seed_1/evaluations/eval_mat_MarineMicro_MvsM_4_dist_paper100/bktree/node_log.txt,onpolicy/MarineMicro_MvsM_4_dist/mat/check/paper_train_v1/seed_1/evaluations/eval_mat_MarineMicro_MvsM_4_dist_paper100/bktree,C:\Users\Binich\PycharmProjects\PredictionRTS\output\learner_results\all_data\fused_bktree_web_batch_20260612_153602_top100_anchor_no_replay\MarineMicro_MvsM_4_dist\bktree,16,16,0,0,0 1 18 10 38 38 13 13 14 20 15 16 21 17 122 83,0 1 184 13 14 14 15 15 223 573 572 67 112 213 10 172,source_bktree source_bktree source_bktree source_bktree source_bktree source_bktree source_bktree source_bktree source_bktree source_bktree source_bktree source_bktree source_bktree source_bktree source_bktree source_bktree,0 1 18 10 38 38 13 13 14 20 15 16 21 17 122 83
737,MarineMicro_MvsM_4_dist,MAT,OnPolicy,MarineMicro_MvsM_4_dist/mat/check/paper_train_v1/seed_1/evaluations,onpolicy,MarineMicro_MvsM_4_dist/mat/check/paper_train_v1/seed_1/evaluations,,eval_mat_MarineMicro_MvsM_4_dist_paper100,89,,Win,51.0,20.0,True,onpolicy/MarineMicro_MvsM_4_dist/mat/check/paper_train_v1/seed_1/evaluations/eval_mat_MarineMicro_MvsM_4_dist_paper100/bktree/node_log.txt,onpolicy/MarineMicro_MvsM_4_dist/mat/check/paper_train_v1/seed_1/evaluations/eval_mat_MarineMicro_MvsM_4_dist_paper100/bktree,C:\Users\Binich\PycharmProjects\PredictionRTS\output\learner_results\all_data\fused_bktree_web_batch_20260612_153602_top100_anchor_no_replay\MarineMicro_MvsM_4_dist\bktree,16,16,0,0,0 1 1 2 3 3 101 101 102 5 6 6 7 8 8 9,0 1 1 41 42 42 43 43 589 45 46 46 570 47 47 144,source_bktree source_bktree source_bktree source_bktree source_bktree source_bktree source_bktree source_bktree source_bktree source_bktree source_bktree source_bktree source_bktree source_bktree source_bktree source_bktree,0 1 1 2 3 3 101 101 102 5 6 6 7 8 8 9
738,MarineMicro_MvsM_4_dist,MAT,OnPolicy,MarineMicro_MvsM_4_dist/mat/check/paper_train_v1/seed_1/evaluations,onpolicy,MarineMicro_MvsM_4_dist/mat/check/paper_train_v1/seed_1/evaluations,,eval_mat_MarineMicro_MvsM_4_dist_paper100,99,,Win,51.0,20.0,True,onpolicy/MarineMicro_MvsM_4_dist/mat/check/paper_train_v1/seed_1/evaluations/eval_mat_MarineMicro_MvsM_4_dist_paper100/bktree/node_log.txt,onpolicy/MarineMicro_MvsM_4_dist/mat/check/paper_train_v1/seed_1/evaluations/eval_mat_MarineMicro_MvsM_4_dist_paper100/bktree,C:\Users\Binich\PycharmProjects\PredictionRTS\output\learner_results\all_data\fused_bktree_web_batch_20260612_153602_top100_anchor_no_replay\MarineMicro_MvsM_4_dist\bktree,16,16,0,0,0 1 10 10 38 38 19 19 14 15 16 21 21 17 122 83,0 1 13 13 14 14 544 544 223 572 67 112 112 213 10 172,source_bktree source_bktree source_bktree source_bktree source_bktree source_bktree source_bktree source_bktree source_bktree source_bktree source_bktree source_bktree source_bktree source_bktree source_bktree source_bktree,0 1 10 10 38 38 19 19 14 15 16 21 21 17 122 83
739,MarineMicro_MvsM_4_dist,MAT,OnPolicy,MarineMicro_MvsM_4_dist/mat/check/paper_train_v1/seed_1/evaluations,onpolicy,MarineMicro_MvsM_4_dist/mat/check/paper_train_v1/seed_1/evaluations,,eval_mat_MarineMicro_MvsM_4_dist_paper100,76,,Win,48.0,20.0,True,onpolicy/MarineMicro_MvsM_4_dist/mat/check/paper_train_v1/seed_1/evaluations/eval_mat_MarineMicro_MvsM_4_dist_paper100/bktree/node_log.txt,onpolicy/MarineMicro_MvsM_4_dist/mat/check/paper_train_v1/seed_1/evaluations/eval_mat_MarineMicro_MvsM_4_dist_paper100/bktree,C:\Users\Binich\PycharmProjects\PredictionRTS\output\learner_results\all_data\fused_bktree_web_batch_20260612_153602_top100_anchor_no_replay\MarineMicro_MvsM_4_dist\bktree,14,14,0,0,0 30 43 44 45 45 52 47 167 167 173 173 54 150,0 33 69 138 578 578 175 139 195 195 299 299 540 209,source_bktree source_bktree source_bktree source_bktree source_bktree source_bktree source_bktree source_bktree source_bktree source_bktree source_bktree source_bktree source_bktree source_bktree,0 30 43 44 45 45 52 47 167 167 173 173 54 150
740,MarineMicro_MvsM_4_dist,MAT,OnPolicy,MarineMicro_MvsM_4_dist/mat/check/paper_train_v1/seed_1/evaluations,onpolicy,MarineMicro_MvsM_4_dist/mat/check/paper_train_v1/seed_1/evaluations,,eval_mat_MarineMicro_MvsM_4_dist_paper100,28,,Win,48.0,20.0,True,onpolicy/MarineMicro_MvsM_4_dist/mat/check/paper_train_v1/seed_1/evaluations/eval_mat_MarineMicro_MvsM_4_dist_paper100/bktree/node_log.txt,onpolicy/MarineMicro_MvsM_4_dist/mat/check/paper_train_v1/seed_1/evaluations/eval_mat_MarineMicro_MvsM_4_dist_paper100/bktree,C:\Users\Binich\PycharmProjects\PredictionRTS\output\learner_results\all_data\fused_bktree_web_batch_20260612_153602_top100_anchor_no_replay\MarineMicro_MvsM_4_dist\bktree,16,16,0,0,0 30 30 31 115 38 116 13 14 14 94 94 40 117 42 96,0 33 33 34 14 14 590 15 223 223 17 17 125 591 20 21,source_bktree source_bktree source_bktree source_bktree source_bktree source_bktree source_bktree source_bktree source_bktree source_bktree source_bktree source_bktree source_bktree source_bktree source_bktree source_bktree,0 30 30 31 115 38 116 13 14 14 94 94 40 117 42 96
741,MarineMicro_MvsM_4_dist,MAT,OnPolicy,MarineMicro_MvsM_4_dist/mat/check/paper_train_v1/seed_1/evaluations,onpolicy,MarineMicro_MvsM_4_dist/mat/check/paper_train_v1/seed_1/evaluations,,eval_mat_MarineMicro_MvsM_4_dist_paper100,30,,Win,48.0,20.0,True,onpolicy/MarineMicro_MvsM_4_dist/mat/check/paper_train_v1/seed_1/evaluations/eval_mat_MarineMicro_MvsM_4_dist_paper100/bktree/node_log.txt,onpolicy/MarineMicro_MvsM_4_dist/mat/check/paper_train_v1/seed_1/evaluations/eval_mat_MarineMicro_MvsM_4_dist_paper100/bktree,C:\Users\Binich\PycharmProjects\PredictionRTS\output\learner_results\all_data\fused_bktree_web_batch_20260612_153602_top100_anchor_no_replay\MarineMicro_MvsM_4_dist\bktree,16,16,0,0,0 30 18 10 115 11 19 19 14 20 15 98 21 17 42 96,0 33 184 13 14 192 544 544 223 573 572 18 112 213 20 21,source_bktree source_bktree source_bktree source_bktree source_bktree source_bktree source_bktree source_bktree source_bktree source_bktree source_bktree source_bktree source_bktree source_bktree source_bktree source_bktree,0 30 18 10 115 11 19 19 14 20 15 98 21 17 42 96
742,MarineMicro_MvsM_4_dist,MAT,OnPolicy,MarineMicro_MvsM_4_dist/mat/check/paper_train_v1/seed_1/evaluations,onpolicy,MarineMicro_MvsM_4_dist/mat/check/paper_train_v1/seed_1/evaluations,,eval_mat_MarineMicro_MvsM_4_dist_paper100,43,,Win,48.0,20.0,True,onpolicy/MarineMicro_MvsM_4_dist/mat/check/paper_train_v1/seed_1/evaluations/eval_mat_MarineMicro_MvsM_4_dist_paper100/bktree/node_log.txt,onpolicy/MarineMicro_MvsM_4_dist/mat/check/paper_train_v1/seed_1/evaluations/eval_mat_MarineMicro_MvsM_4_dist_paper100/bktree,C:\Users\Binich\PycharmProjects\PredictionRTS\output\learner_results\all_data\fused_bktree_web_batch_20260612_153602_top100_anchor_no_replay\MarineMicro_MvsM_4_dist\bktree,16,16,0,0,0 30 30 10 11 11 19 19 48 39 39 95 40 17 122 96,0 33 33 13 192 192 544 544 5 82 82 72 125 213 10 21,source_bktree source_bktree source_bktree source_bktree source_bktree source_bktree source_bktree source_bktree source_bktree source_bktree source_bktree source_bktree source_bktree source_bktree source_bktree source_bktree,0 30 30 10 11 11 19 19 48 39 39 95 40 17 122 96
743,MarineMicro_MvsM_4_dist,MAT,OnPolicy,MarineMicro_MvsM_4_dist/mat/check/paper_train_v1/seed_1/evaluations,onpolicy,MarineMicro_MvsM_4_dist/mat/check/paper_train_v1/seed_1/evaluations,,eval_mat_MarineMicro_MvsM_4_dist_paper100,70,,Win,48.0,20.0,True,onpolicy/MarineMicro_MvsM_4_dist/mat/check/paper_train_v1/seed_1/evaluations/eval_mat_MarineMicro_MvsM_4_dist_paper100/bktree/node_log.txt,onpolicy/MarineMicro_MvsM_4_dist/mat/check/paper_train_v1/seed_1/evaluations/eval_mat_MarineMicro_MvsM_4_dist_paper100/bktree,C:\Users\Binich\PycharmProjects\PredictionRTS\output\learner_results\all_data\fused_bktree_web_batch_20260612_153602_top100_anchor_no_replay\MarineMicro_MvsM_4_dist\bktree,16,16,0,0,0 1 18 10 11 11 19 13 14 14 15 16 21 17 122 96,0 1 184 13 192 192 544 15 223 223 572 67 112 213 10 21,source_bktree source_bktree source_bktree source_bktree source_bktree source_bktree source_bktree source_bktree source_bktree source_bktree source_bktree source_bktree source_bktree source_bktree source_bktree source_bktree,0 1 18 10 11 11 19 13 14 14 15 16 21 17 122 96
744,MarineMicro_MvsM_4_dist,MAT,OnPolicy,MarineMicro_MvsM_4_dist/mat/check/paper_train_v1/seed_1/evaluations,onpolicy,MarineMicro_MvsM_4_dist/mat/check/paper_train_v1/seed_1/evaluations,,eval_mat_MarineMicro_MvsM_4_dist_paper100,85,,Win,48.0,20.0,True,onpolicy/MarineMicro_MvsM_4_dist/mat/check/paper_train_v1/seed_1/evaluations/eval_mat_MarineMicro_MvsM_4_dist_paper100/bktree/node_log.txt,onpolicy/MarineMicro_MvsM_4_dist/mat/check/paper_train_v1/seed_1/evaluations/eval_mat_MarineMicro_MvsM_4_dist_paper100/bktree,C:\Users\Binich\PycharmProjects\PredictionRTS\output\learner_results\all_data\fused_bktree_web_batch_20260612_153602_top100_anchor_no_replay\MarineMicro_MvsM_4_dist\bktree,16,16,0,0,0 30 30 31 38 32 19 19 14 93 94 94 21 17 42 96,0 33 33 34 14 36 544 544 223 145 17 17 112 213 20 21,source_bktree source_bktree source_bktree source_bktree source_bktree source_bktree source_bktree source_bktree source_bktree source_bktree source_bktree source_bktree source_bktree source_bktree source_bktree source_bktree,0 30 30 31 38 32 19 19 14 93 94 94 21 17 42 96
745,MarineMicro_MvsM_4_dist,MAT,OnPolicy,MarineMicro_MvsM_4_dist/mat/check/paper_train_v1/seed_1/evaluations,onpolicy,MarineMicro_MvsM_4_dist/mat/check/paper_train_v1/seed_1/evaluations,,eval_mat_MarineMicro_MvsM_4_dist_paper100,23,,Win,45.0,20.0,True,onpolicy/MarineMicro_MvsM_4_dist/mat/check/paper_train_v1/seed_1/evaluations/eval_mat_MarineMicro_MvsM_4_dist_paper100/bktree/node_log.txt,onpolicy/MarineMicro_MvsM_4_dist/mat/check/paper_train_v1/seed_1/evaluations/eval_mat_MarineMicro_MvsM_4_dist_paper100/bktree,C:\Users\Binich\PycharmProjects\PredictionRTS\output\learner_results\all_data\fused_bktree_web_batch_20260612_153602_top100_anchor_no_replay\MarineMicro_MvsM_4_dist\bktree,15,15,0,0,0 30 31 31 38 38 59 59 48 106 16 107 78 17 51,0 33 34 34 14 14 63 63 5 195 67 18 79 213 11,source_bktree source_bktree source_bktree source_bktree source_bktree source_bktree source_bktree source_bktree source_bktree source_bktree source_bktree source_bktree source_bktree source_bktree source_bktree,0 30 31 31 38 38 59 59 48 106 16 107 78 17 51
746,MarineMicro_MvsM_4_dist,MAT,OnPolicy,MarineMicro_MvsM_4_dist/mat/check/paper_train_v1/seed_1/evaluations,onpolicy,MarineMicro_MvsM_4_dist/mat/check/paper_train_v1/seed_1/evaluations,,eval_mat_MarineMicro_MvsM_4_dist_paper100,37,,Win,45.0,20.0,True,onpolicy/MarineMicro_MvsM_4_dist/mat/check/paper_train_v1/seed_1/evaluations/eval_mat_MarineMicro_MvsM_4_dist_paper100/bktree/node_log.txt,onpolicy/MarineMicro_MvsM_4_dist/mat/check/paper_train_v1/seed_1/evaluations/eval_mat_MarineMicro_MvsM_4_dist_paper100/bktree,C:\Users\Binich\PycharmProjects\PredictionRTS\output\learner_results\all_data\fused_bktree_web_batch_20260612_153602_top100_anchor_no_replay\MarineMicro_MvsM_4_dist\bktree,15,15,0,0,0 30 30 129 130 131 132 132 133 133 134 135 72 50 51,0 33 33 34 594 105 27 27 169 169 158 168 40 10 11,source_bktree source_bktree source_bktree source_bktree source_bktree source_bktree source_bktree source_bktree source_bktree source_bktree source_bktree source_bktree source_bktree source_bktree source_bktree,0 30 30 129 130 131 132 132 133 133 134 135 72 50 51
747,MarineMicro_MvsM_4_dist,MAT,OnPolicy,MarineMicro_MvsM_4_dist/mat/check/paper_train_v1/seed_1/evaluations,onpolicy,MarineMicro_MvsM_4_dist/mat/check/paper_train_v1/seed_1/evaluations,,eval_mat_MarineMicro_MvsM_4_dist_paper100,52,,Win,45.0,20.0,True,onpolicy/MarineMicro_MvsM_4_dist/mat/check/paper_train_v1/seed_1/evaluations/eval_mat_MarineMicro_MvsM_4_dist_paper100/bktree/node_log.txt,onpolicy/MarineMicro_MvsM_4_dist/mat/check/paper_train_v1/seed_1/evaluations/eval_mat_MarineMicro_MvsM_4_dist_paper100/bktree,C:\Users\Binich\PycharmProjects\PredictionRTS\output\learner_results\all_data\fused_bktree_web_batch_20260612_153602_top100_anchor_no_replay\MarineMicro_MvsM_4_dist\bktree,15,15,0,0,0 30 30 129 131 131 52 153 133 154 134 98 54 124 51,0 33 33 34 105 105 175 217 169 598 158 18 540 74 11,source_bktree source_bktree source_bktree source_bktree source_bktree source_bktree source_bktree source_bktree source_bktree source_bktree source_bktree source_bktree source_bktree source_bktree source_bktree,0 30 30 129 131 131 52 153 133 154 134 98 54 124 51
748,MarineMicro_MvsM_4_dist,MAT,OnPolicy,MarineMicro_MvsM_4_dist/mat/check/paper_train_v1/seed_1/evaluations,onpolicy,MarineMicro_MvsM_4_dist/mat/check/paper_train_v1/seed_1/evaluations,,eval_mat_MarineMicro_MvsM_4_dist_paper100,100,,Win,45.0,20.0,True,onpolicy/MarineMicro_MvsM_4_dist/mat/check/paper_train_v1/seed_1/evaluations/eval_mat_MarineMicro_MvsM_4_dist_paper100/bktree/node_log.txt,onpolicy/MarineMicro_MvsM_4_dist/mat/check/paper_train_v1/seed_1/evaluations/eval_mat_MarineMicro_MvsM_4_dist_paper100/bktree,C:\Users\Binich\PycharmProjects\PredictionRTS\output\learner_results\all_data\fused_bktree_web_batch_20260612_153602_top100_anchor_no_replay\MarineMicro_MvsM_4_dist\bktree,15,15,0,0,0 65 176 118 108 108 120 120 181 196 196 184 197 198 9,0 1 22 402 420 420 414 414 16 252 252 608 612 47 144,source_bktree source_bktree source_bktree source_bktree source_bktree source_bktree source_bktree source_bktree source_bktree source_bktree source_bktree source_bktree source_bktree source_bktree source_bktree,0 65 176 118 108 108 120 120 181 196 196 184 197 198 9
749,MarineMicro_MvsM_4_dist,MAT,OnPolicy,MarineMicro_MvsM_4_dist/mat/check/paper_train_v1/seed_1/evaluations,onpolicy,MarineMicro_MvsM_4_dist/mat/check/paper_train_v1/seed_1/evaluations,,eval_mat_MarineMicro_MvsM_4_dist_paper100,2,,Win,45.0,20.0,True,onpolicy/MarineMicro_MvsM_4_dist/mat/check/paper_train_v1/seed_1/evaluations/eval_mat_MarineMicro_MvsM_4_dist_paper100/bktree/node_log.txt,onpolicy/MarineMicro_MvsM_4_dist/mat/check/paper_train_v1/seed_1/evaluations/eval_mat_MarineMicro_MvsM_4_dist_paper100/bktree,C:\Users\Binich\PycharmProjects\PredictionRTS\output\learner_results\all_data\fused_bktree_web_batch_20260612_153602_top100_anchor_no_replay\MarineMicro_MvsM_4_dist\bktree,16,16,0,0,0 1 1 10 11 11 12 13 14 14 15 16 16 17 17 9,0 1 1 13 192 192 571 15 223 223 572 67 67 213 213 144,source_bktree source_bktree source_bktree source_bktree source_bktree source_bktree source_bktree source_bktree source_bktree source_bktree source_bktree source_bktree source_bktree source_bktree source_bktree source_bktree,0 1 1 10 11 11 12 13 14 14 15 16 16 17 17 9
750,MarineMicro_MvsM_4_dist,MAT,OnPolicy,MarineMicro_MvsM_4_dist/mat/check/paper_train_v1/seed_1/evaluations,onpolicy,MarineMicro_MvsM_4_dist/mat/check/paper_train_v1/seed_1/evaluations,,eval_mat_MarineMicro_MvsM_4_dist_paper100,3,,Win,45.0,20.0,True,onpolicy/MarineMicro_MvsM_4_dist/mat/check/paper_train_v1/seed_1/evaluations/eval_mat_MarineMicro_MvsM_4_dist_paper100/bktree/node_log.txt,onpolicy/MarineMicro_MvsM_4_dist/mat/check/paper_train_v1/seed_1/evaluations/eval_mat_MarineMicro_MvsM_4_dist_paper100/bktree,C:\Users\Binich\PycharmProjects\PredictionRTS\output\learner_results\all_data\fused_bktree_web_batch_20260612_153602_top100_anchor_no_replay\MarineMicro_MvsM_4_dist\bktree,16,16,0,0,0 1 18 10 11 11 19 19 14 20 6 16 21 8 17 9,0 1 184 13 192 192 544 544 223 573 46 67 112 47 213 144,source_bktree source_bktree source_bktree source_bktree source_bktree source_bktree source_bktree source_bktree source_bktree source_bktree source_bktree source_bktree source_bktree source_bktree source_bktree source_bktree,0 1 18 10 11 11 19 19 14 20 6 16 21 8 17 9
751,MarineMicro_MvsM_4_dist,MAT,OnPolicy,MarineMicro_MvsM_4_dist/mat/check/paper_train_v1/seed_1/evaluations,onpolicy,MarineMicro_MvsM_4_dist/mat/check/paper_train_v1/seed_1/evaluations,,eval_mat_MarineMicro_MvsM_4_dist_paper100,10,,Win,45.0,20.0,True,onpolicy/MarineMicro_MvsM_4_dist/mat/check/paper_train_v1/seed_1/evaluations/eval_mat_MarineMicro_MvsM_4_dist_paper100/bktree/node_log.txt,onpolicy/MarineMicro_MvsM_4_dist/mat/check/paper_train_v1/seed_1/evaluations/eval_mat_MarineMicro_MvsM_4_dist_paper100/bktree,C:\Users\Binich\PycharmProjects\PredictionRTS\output\learner_results\all_data\fused_bktree_web_batch_20260612_153602_top100_anchor_no_replay\MarineMicro_MvsM_4_dist\bktree,16,16,0,0,0 1 18 10 32 32 59 59 5 5 6 60 7 8 17 9,0 1 184 13 36 36 63 63 45 45 46 215 570 47 213 144,source_bktree source_bktree source_bktree source_bktree source_bktree source_bktree source_bktree source_bktree source_bktree source_bktree source_bktree source_bktree source_bktree source_bktree source_bktree source_bktree,0 1 18 10 32 32 59 59 5 5 6 60 7 8 17 9
752,MarineMicro_MvsM_4_dist,MAT,OnPolicy,MarineMicro_MvsM_4_dist/mat/check/paper_train_v1/seed_1/evaluations,onpolicy,MarineMicro_MvsM_4_dist/mat/check/paper_train_v1/seed_1/evaluations,,eval_mat_MarineMicro_MvsM_4_dist_paper100,19,,Win,45.0,20.0,True,onpolicy/MarineMicro_MvsM_4_dist/mat/check/paper_train_v1/seed_1/evaluations/eval_mat_MarineMicro_MvsM_4_dist_paper100/bktree/node_log.txt,onpolicy/MarineMicro_MvsM_4_dist/mat/check/paper_train_v1/seed_1/evaluations/eval_mat_MarineMicro_MvsM_4_dist_paper100/bktree,C:\Users\Binich\PycharmProjects\PredictionRTS\output\learner_results\all_data\fused_bktree_web_batch_20260612_153602_top100_anchor_no_replay\MarineMicro_MvsM_4_dist\bktree,16,16,0,0,0 30 43 44 45 97 52 4 48 53 35 49 54 50 50 51,0 33 69 138 578 42 175 292 5 555 196 270 540 10 10 11,source_bktree source_bktree source_bktree source_bktree source_bktree source_bktree source_bktree source_bktree source_bktree source_bktree source_bktree source_bktree source_bktree source_bktree source_bktree source_bktree,0 30 43 44 45 97 52 4 48 53 35 49 54 50 50 51
753,MarineMicro_MvsM_4_dist,MAT,OnPolicy,MarineMicro_MvsM_4_dist/mat/check/paper_train_v1/seed_1/evaluations,onpolicy,MarineMicro_MvsM_4_dist/mat/check/paper_train_v1/seed_1/evaluations,,eval_mat_MarineMicro_MvsM_4_dist_paper100,26,,Win,45.0,20.0,True,onpolicy/MarineMicro_MvsM_4_dist/mat/check/paper_train_v1/seed_1/evaluations/eval_mat_MarineMicro_MvsM_4_dist_paper100/bktree/node_log.txt,onpolicy/MarineMicro_MvsM_4_dist/mat/check/paper_train_v1/seed_1/evaluations/eval_mat_MarineMicro_MvsM_4_dist_paper100/bktree,C:\Users\Binich\PycharmProjects\PredictionRTS\output\learner_results\all_data\fused_bktree_web_batch_20260612_153602_top100_anchor_no_replay\MarineMicro_MvsM_4_dist\bktree,16,16,0,0,0 1 18 10 114 114 59 59 102 102 6 60 7 8 8 9,0 1 184 13 36 36 63 63 589 589 46 215 570 47 47 144,source_bktree source_bktree source_bktree source_bktree source_bktree source_bktree source_bktree source_bktree source_bktree source_bktree source_bktree source_bktree source_bktree source_bktree source_bktree source_bktree,0 1 18 10 114 114 59 59 102 102 6 60 7 8 8 9
754,MarineMicro_MvsM_4_dist,MAT,OnPolicy,MarineMicro_MvsM_4_dist/mat/check/paper_train_v1/seed_1/evaluations,onpolicy,MarineMicro_MvsM_4_dist/mat/check/paper_train_v1/seed_1/evaluations,,eval_mat_MarineMicro_MvsM_4_dist_paper100,29,,Win,45.0,20.0,True,onpolicy/MarineMicro_MvsM_4_dist/mat/check/paper_train_v1/seed_1/evaluations/eval_mat_MarineMicro_MvsM_4_dist_paper100/bktree/node_log.txt,onpolicy/MarineMicro_MvsM_4_dist/mat/check/paper_train_v1/seed_1/evaluations/eval_mat_MarineMicro_MvsM_4_dist_paper100/bktree,C:\Users\Binich\PycharmProjects\PredictionRTS\output\learner_results\all_data\fused_bktree_web_batch_20260612_153602_top100_anchor_no_replay\MarineMicro_MvsM_4_dist\bktree,16,16,0,0,0 30 30 31 38 32 19 19 14 34 15 16 36 17 50 51,0 33 33 34 14 36 544 544 223 157 572 67 576 213 10 11,source_bktree source_bktree source_bktree source_bktree source_bktree source_bktree source_bktree source_bktree source_bktree source_bktree source_bktree source_bktree source_bktree source_bktree source_bktree source_bktree,0 30 30 31 38 32 19 19 14 34 15 16 36 17 50 51
755,MarineMicro_MvsM_4_dist,MAT,OnPolicy,MarineMicro_MvsM_4_dist/mat/check/paper_train_v1/seed_1/evaluations,onpolicy,MarineMicro_MvsM_4_dist/mat/check/paper_train_v1/seed_1/evaluations,,eval_mat_MarineMicro_MvsM_4_dist_paper100,38,,Win,45.0,20.0,True,onpolicy/MarineMicro_MvsM_4_dist/mat/check/paper_train_v1/seed_1/evaluations/eval_mat_MarineMicro_MvsM_4_dist_paper100/bktree/node_log.txt,onpolicy/MarineMicro_MvsM_4_dist/mat/check/paper_train_v1/seed_1/evaluations/eval_mat_MarineMicro_MvsM_4_dist_paper100/bktree,C:\Users\Binich\PycharmProjects\PredictionRTS\output\learner_results\all_data\fused_bktree_web_batch_20260612_153602_top100_anchor_no_replay\MarineMicro_MvsM_4_dist\bktree,16,16,0,0,0 30 136 137 138 138 19 19 48 110 139 49 140 50 50 51,0 33 94 155 118 118 544 544 5 16 296 270 8 10 10 11,source_bktree source_bktree source_bktree source_bktree source_bktree source_bktree source_bktree source_bktree source_bktree source_bktree source_bktree source_bktree source_bktree source_bktree source_bktree source_bktree,0 30 136 137 138 138 19 19 48 110 139 49 140 50 50 51
756,MarineMicro_MvsM_4_dist,MAT,OnPolicy,MarineMicro_MvsM_4_dist/mat/check/paper_train_v1/seed_1/evaluations,onpolicy,MarineMicro_MvsM_4_dist/mat/check/paper_train_v1/seed_1/evaluations,,eval_mat_MarineMicro_MvsM_4_dist_paper100,54,,Win,45.0,20.0,True,onpolicy/MarineMicro_MvsM_4_dist/mat/check/paper_train_v1/seed_1/evaluations/eval_mat_MarineMicro_MvsM_4_dist_paper100/bktree/node_log.txt,onpolicy/MarineMicro_MvsM_4_dist/mat/check/paper_train_v1/seed_1/evaluations/eval_mat_MarineMicro_MvsM_4_dist_paper100/bktree,C:\Users\Binich\PycharmProjects\PredictionRTS\output\learner_results\all_data\fused_bktree_web_batch_20260612_153602_top100_anchor_no_replay\MarineMicro_MvsM_4_dist\bktree,16,16,0,0,0 30 30 10 11 11 19 19 14 20 15 95 21 17 17 83,0 33 33 13 192 192 544 544 223 573 572 72 112 213 213 172,source_bktree source_bktree source_bktree source_bktree source_bktree source_bktree source_bktree source_bktree source_bktree source_bktree source_bktree source_bktree source_bktree source_bktree source_bktree source_bktree,0 30 30 10 11 11 19 19 14 20 15 95 21 17 17 83
757,MarineMicro_MvsM_4_dist,MAT,OnPolicy,MarineMicro_MvsM_4_dist/mat/check/paper_train_v1/seed_1/evaluations,onpolicy,MarineMicro_MvsM_4_dist/mat/check/paper_train_v1/seed_1/evaluations,,eval_mat_MarineMicro_MvsM_4_dist_paper100,57,,Win,45.0,20.0,True,onpolicy/MarineMicro_MvsM_4_dist/mat/check/paper_train_v1/seed_1/evaluations/eval_mat_MarineMicro_MvsM_4_dist_paper100/bktree/node_log.txt,onpolicy/MarineMicro_MvsM_4_dist/mat/check/paper_train_v1/seed_1/evaluations/eval_mat_MarineMicro_MvsM_4_dist_paper100/bktree,C:\Users\Binich\PycharmProjects\PredictionRTS\output\learner_results\all_data\fused_bktree_web_batch_20260612_153602_top100_anchor_no_replay\MarineMicro_MvsM_4_dist\bktree,16,16,0,0,0 1 136 156 157 157 158 158 48 53 49 54 54 50 50 51,0 1 94 2 599 599 600 600 5 555 270 540 540 10 10 11,source_bktree source_bktree source_bktree source_bktree source_bktree source_bktree source_bktree source_bktree source_bktree source_bktree source_bktree source_bktree source_bktree source_bktree source_bktree source_bktree,0 1 136 156 157 157 158 158 48 53 49 54 54 50 50 51
758,MarineMicro_MvsM_4_dist,MAT,OnPolicy,MarineMicro_MvsM_4_dist/mat/check/paper_train_v1/seed_1/evaluations,onpolicy,MarineMicro_MvsM_4_dist/mat/check/paper_train_v1/seed_1/evaluations,,eval_mat_MarineMicro_MvsM_4_dist_paper100,67,,Win,45.0,20.0,True,onpolicy/MarineMicro_MvsM_4_dist/mat/check/paper_train_v1/seed_1/evaluations/eval_mat_MarineMicro_MvsM_4_dist_paper100/bktree/node_log.txt,onpolicy/MarineMicro_MvsM_4_dist/mat/check/paper_train_v1/seed_1/evaluations/eval_mat_MarineMicro_MvsM_4_dist_paper100/bktree,C:\Users\Binich\PycharmProjects\PredictionRTS\output\learner_results\all_data\fused_bktree_web_batch_20260612_153602_top100_anchor_no_replay\MarineMicro_MvsM_4_dist\bktree,16,16,0,0,0 30 43 44 3 3 52 47 53 167 126 168 54 55 50 51,0 33 69 138 42 42 175 139 555 195 39 305 540 213 10 11,source_bktree source_bktree source_bktree source_bktree source_bktree source_bktree source_bktree source_bktree source_bktree source_bktree source_bktree source_bktree source_bktree source_bktree source_bktree source_bktree,0 30 43 44 3 3 52 47 53 167 126 168 54 55 50 51
759,MarineMicro_MvsM_4_dist,MAT,OnPolicy,MarineMicro_MvsM_4_dist/mat/check/paper_train_v1/seed_1/evaluations,onpolicy,MarineMicro_MvsM_4_dist/mat/check/paper_train_v1/seed_1/evaluations,,eval_mat_MarineMicro_MvsM_4_dist_paper100,81,,Win,45.0,20.0,True,onpolicy/MarineMicro_MvsM_4_dist/mat/check/paper_train_v1/seed_1/evaluations/eval_mat_MarineMicro_MvsM_4_dist_paper100/bktree/node_log.txt,onpolicy/MarineMicro_MvsM_4_dist/mat/check/paper_train_v1/seed_1/evaluations/eval_mat_MarineMicro_MvsM_4_dist_paper100/bktree,C:\Users\Binich\PycharmProjects\PredictionRTS\output\learner_results\all_data\fused_bktree_web_batch_20260612_153602_top100_anchor_no_replay\MarineMicro_MvsM_4_dist\bktree,16,16,0,0,0 1 1 2 97 97 52 101 102 102 6 6 7 8 8 9,0 1 1 41 42 42 175 43 589 589 46 46 570 47 47 144,source_bktree source_bktree source_bktree source_bktree source_bktree source_bktree source_bktree source_bktree source_bktree source_bktree source_bktree source_bktree source_bktree source_bktree source_bktree source_bktree,0 1 1 2 97 97 52 101 102 102 6 6 7 8 8 9
760,MarineMicro_MvsM_4_dist,MAT,OnPolicy,MarineMicro_MvsM_4_dist/mat/check/paper_train_v1/seed_1/evaluations,onpolicy,MarineMicro_MvsM_4_dist/mat/check/paper_train_v1/seed_1/evaluations,,eval_mat_MarineMicro_MvsM_4_dist_paper100,84,,Win,45.0,20.0,True,onpolicy/MarineMicro_MvsM_4_dist/mat/check/paper_train_v1/seed_1/evaluations/eval_mat_MarineMicro_MvsM_4_dist_paper100/bktree/node_log.txt,onpolicy/MarineMicro_MvsM_4_dist/mat/check/paper_train_v1/seed_1/evaluations/eval_mat_MarineMicro_MvsM_4_dist_paper100/bktree,C:\Users\Binich\PycharmProjects\PredictionRTS\output\learner_results\all_data\fused_bktree_web_batch_20260612_153602_top100_anchor_no_replay\MarineMicro_MvsM_4_dist\bktree,16,16,0,0,0 1 10 10 22 131 113 113 185 186 6 21 21 8 165 9,0 1 13 13 574 105 70 70 268 609 46 112 112 47 31 144,source_bktree source_bktree source_bktree source_bktree source_bktree source_bktree source_bktree source_bktree source_bktree source_bktree source_bktree source_bktree source_bktree source_bktree source_bktree source_bktree,0 1 10 10 22 131 113 113 185 186 6 21 21 8 165 9
761,MarineMicro_MvsM_4_dist,MAT,OnPolicy,MarineMicro_MvsM_4_dist/mat/check/paper_train_v1/seed_1/evaluations,onpolicy,MarineMicro_MvsM_4_dist/mat/check/paper_train_v1/seed_1/evaluations,,eval_mat_MarineMicro_MvsM_4_dist_paper100,91,,Win,45.0,20.0,True,onpolicy/MarineMicro_MvsM_4_dist/mat/check/paper_train_v1/seed_1/evaluations/eval_mat_MarineMicro_MvsM_4_dist_paper100/bktree/node_log.txt,onpolicy/MarineMicro_MvsM_4_dist/mat/check/paper_train_v1/seed_1/evaluations/eval_mat_MarineMicro_MvsM_4_dist_paper100/bktree,C:\Users\Binich\PycharmProjects\PredictionRTS\output\learner_results\all_data\fused_bktree_web_batch_20260612_153602_top100_anchor_no_replay\MarineMicro_MvsM_4_dist\bktree,16,16,0,0,0 30 43 44 3 97 52 52 125 125 82 49 54 50 50 51,0 33 69 138 42 42 175 175 214 214 584 270 540 10 10 11,source_bktree source_bktree source_bktree source_bktree source_bktree source_bktree source_bktree source_bktree source_bktree source_bktree source_bktree source_bktree source_bktree source_bktree source_bktree source_bktree,0 30 43 44 3 97 52 52 125 125 82 49 54 50 50 51
762,MarineMicro_MvsM_4_dist,MAT,OnPolicy,MarineMicro_MvsM_4_dist/mat/check/paper_train_v1/seed_1/evaluations,onpolicy,MarineMicro_MvsM_4_dist/mat/check/paper_train_v1/seed_1/evaluations,,eval_mat_MarineMicro_MvsM_4_dist_paper100,94,,Win,45.0,20.0,True,onpolicy/MarineMicro_MvsM_4_dist/mat/check/paper_train_v1/seed_1/evaluations/eval_mat_MarineMicro_MvsM_4_dist_paper100/bktree/node_log.txt,onpolicy/MarineMicro_MvsM_4_dist/mat/check/paper_train_v1/seed_1/evaluations/eval_mat_MarineMicro_MvsM_4_dist_paper100/bktree,C:\Users\Binich\PycharmProjects\PredictionRTS\output\learner_results\all_data\fused_bktree_web_batch_20260612_153602_top100_anchor_no_replay\MarineMicro_MvsM_4_dist\bktree,16,16,0,0,0 30 123 31 38 32 19 19 14 15 15 16 21 17 50 83,0 33 12 34 14 36 544 544 223 572 572 67 112 213 10 172,source_bktree source_bktree source_bktree source_bktree source_bktree source_bktree source_bktree source_bktree source_bktree source_bktree source_bktree source_bktree source_bktree source_bktree source_bktree source_bktree,0 30 123 31 38 32 19 19 14 15 15 16 21 17 50 83
763,MarineMicro_MvsM_4_dist,MAT,OnPolicy,MarineMicro_MvsM_4_dist/mat/check/paper_train_v1/seed_1/evaluations,onpolicy,MarineMicro_MvsM_4_dist/mat/check/paper_train_v1/seed_1/evaluations,,eval_mat_MarineMicro_MvsM_4_dist_paper100,18,,Win,42.0,20.0,True,onpolicy/MarineMicro_MvsM_4_dist/mat/check/paper_train_v1/seed_1/evaluations/eval_mat_MarineMicro_MvsM_4_dist_paper100/bktree/node_log.txt,onpolicy/MarineMicro_MvsM_4_dist/mat/check/paper_train_v1/seed_1/evaluations/eval_mat_MarineMicro_MvsM_4_dist_paper100/bktree,C:\Users\Binich\PycharmProjects\PredictionRTS\output\learner_results\all_data\fused_bktree_web_batch_20260612_153602_top100_anchor_no_replay\MarineMicro_MvsM_4_dist\bktree,16,16,0,0,0 30 43 31 38 38 19 19 14 93 94 95 40 41 42 96,0 33 69 34 14 14 544 544 223 145 17 72 125 51 20 21,source_bktree source_bktree source_bktree source_bktree source_bktree source_bktree source_bktree source_bktree source_bktree source_bktree source_bktree source_bktree source_bktree source_bktree source_bktree source_bktree,0 30 43 31 38 38 19 19 14 93 94 95 40 41 42 96
764,MarineMicro_MvsM_4_dist,MAT,OnPolicy,MarineMicro_MvsM_4_dist/mat/check/paper_train_v1/seed_1/evaluations,onpolicy,MarineMicro_MvsM_4_dist/mat/check/paper_train_v1/seed_1/evaluations,,eval_mat_MarineMicro_MvsM_4_dist_paper100,60,,Win,42.0,20.0,True,onpolicy/MarineMicro_MvsM_4_dist/mat/check/paper_train_v1/seed_1/evaluations/eval_mat_MarineMicro_MvsM_4_dist_paper100/bktree/node_log.txt,onpolicy/MarineMicro_MvsM_4_dist/mat/check/paper_train_v1/seed_1/evaluations/eval_mat_MarineMicro_MvsM_4_dist_paper100/bktree,C:\Users\Binich\PycharmProjects\PredictionRTS\output\learner_results\all_data\fused_bktree_web_batch_20260612_153602_top100_anchor_no_replay\MarineMicro_MvsM_4_dist\bktree,17,17,0,0,0 30 30 31 38 38 13 13 14 20 94 95 40 41 42 42 96,0 33 33 34 14 14 15 15 223 573 17 72 125 51 20 20 21,source_bktree source_bktree source_bktree source_bktree source_bktree source_bktree source_bktree source_bktree source_bktree source_bktree source_bktree source_bktree source_bktree source_bktree source_bktree source_bktree source_bktree,0 30 30 31 38 38 13 13 14 20 94 95 40 41 42 42 96
765,MarineMicro_MvsM_4_dist,MAT,OnPolicy,MarineMicro_MvsM_4_dist/mat/check/paper_train_v1/seed_1/evaluations,onpolicy,MarineMicro_MvsM_4_dist/mat/check/paper_train_v1/seed_1/evaluations,,eval_mat_MarineMicro_MvsM_4_dist_paper100,64,,Win,39.0,20.0,True,onpolicy/MarineMicro_MvsM_4_dist/mat/check/paper_train_v1/seed_1/evaluations/eval_mat_MarineMicro_MvsM_4_dist_paper100/bktree/node_log.txt,onpolicy/MarineMicro_MvsM_4_dist/mat/check/paper_train_v1/seed_1/evaluations/eval_mat_MarineMicro_MvsM_4_dist_paper100/bktree,C:\Users\Binich\PycharmProjects\PredictionRTS\output\learner_results\all_data\fused_bktree_web_batch_20260612_153602_top100_anchor_no_replay\MarineMicro_MvsM_4_dist\bktree,15,15,0,0,0 1 18 10 61 61 62 62 63 163 49 49 54 50 51,0 1 184 13 147 147 76 76 579 77 270 270 540 10 11,source_bktree source_bktree source_bktree source_bktree source_bktree source_bktree source_bktree source_bktree source_bktree source_bktree source_bktree source_bktree source_bktree source_bktree source_bktree,0 1 18 10 61 61 62 62 63 163 49 49 54 50 51
766,MarineMicro_MvsM_4_dist,MAT,OnPolicy,MarineMicro_MvsM_4_dist/mat/check/paper_train_v1/seed_1/evaluations,onpolicy,MarineMicro_MvsM_4_dist/mat/check/paper_train_v1/seed_1/evaluations,,eval_mat_MarineMicro_MvsM_4_dist_paper100,7,,Win,39.0,20.0,True,onpolicy/MarineMicro_MvsM_4_dist/mat/check/paper_train_v1/seed_1/evaluations/eval_mat_MarineMicro_MvsM_4_dist_paper100/bktree/node_log.txt,onpolicy/MarineMicro_MvsM_4_dist/mat/check/paper_train_v1/seed_1/evaluations/eval_mat_MarineMicro_MvsM_4_dist_paper100/bktree,C:\Users\Binich\PycharmProjects\PredictionRTS\output\learner_results\all_data\fused_bktree_web_batch_20260612_153602_top100_anchor_no_replay\MarineMicro_MvsM_4_dist\bktree,16,16,0,0,0 30 43 44 45 45 46 47 48 48 25 49 49 17 50 51,0 33 69 138 578 578 254 139 5 5 6 270 270 213 10 11,source_bktree source_bktree source_bktree source_bktree source_bktree source_bktree source_bktree source_bktree source_bktree source_bktree source_bktree source_bktree source_bktree source_bktree source_bktree source_bktree,0 30 43 44 45 45 46 47 48 48 25 49 49 17 50 51
767,MarineMicro_MvsM_4_dist,MAT,OnPolicy,MarineMicro_MvsM_4_dist/mat/check/paper_train_v1/seed_1/evaluations,onpolicy,MarineMicro_MvsM_4_dist/mat/check/paper_train_v1/seed_1/evaluations,,eval_mat_MarineMicro_MvsM_4_dist_paper100,13,,Win,39.0,20.0,True,onpolicy/MarineMicro_MvsM_4_dist/mat/check/paper_train_v1/seed_1/evaluations/eval_mat_MarineMicro_MvsM_4_dist_paper100/bktree/node_log.txt,onpolicy/MarineMicro_MvsM_4_dist/mat/check/paper_train_v1/seed_1/evaluations/eval_mat_MarineMicro_MvsM_4_dist_paper100/bktree,C:\Users\Binich\PycharmProjects\PredictionRTS\output\learner_results\all_data\fused_bktree_web_batch_20260612_153602_top100_anchor_no_replay\MarineMicro_MvsM_4_dist\bktree,16,16,0,0,0 30 31 31 38 38 12 12 74 74 75 76 21 50 50 58,0 33 34 34 14 14 571 571 581 581 78 427 112 10 10 11,source_bktree source_bktree source_bktree source_bktree source_bktree source_bktree source_bktree source_bktree source_bktree source_bktree source_bktree source_bktree source_bktree source_bktree source_bktree source_bktree,0 30 31 31 38 38 12 12 74 74 75 76 21 50 50 58
768,MarineMicro_MvsM_4_dist,MAT,OnPolicy,MarineMicro_MvsM_4_dist/mat/check/paper_train_v1/seed_1/evaluations,onpolicy,MarineMicro_MvsM_4_dist/mat/check/paper_train_v1/seed_1/evaluations,,eval_mat_MarineMicro_MvsM_4_dist_paper100,14,,Win,39.0,20.0,True,onpolicy/MarineMicro_MvsM_4_dist/mat/check/paper_train_v1/seed_1/evaluations/eval_mat_MarineMicro_MvsM_4_dist_paper100/bktree/node_log.txt,onpolicy/MarineMicro_MvsM_4_dist/mat/check/paper_train_v1/seed_1/evaluations/eval_mat_MarineMicro_MvsM_4_dist_paper100/bktree,C:\Users\Binich\PycharmProjects\PredictionRTS\output\learner_results\all_data\fused_bktree_web_batch_20260612_153602_top100_anchor_no_replay\MarineMicro_MvsM_4_dist\bktree,16,16,0,0,0 1 18 10 11 61 62 62 5 77 75 49 78 79 79 58,0 1 184 13 192 147 76 76 45 5 78 270 79 9 9 11,source_bktree source_bktree source_bktree source_bktree source_bktree source_bktree source_bktree source_bktree source_bktree source_bktree source_bktree source_bktree source_bktree source_bktree source_bktree source_bktree,0 1 18 10 11 61 62 62 5 77 75 49 78 79 79 58
769,MarineMicro_MvsM_4_dist,MAT,OnPolicy,MarineMicro_MvsM_4_dist/mat/check/paper_train_v1/seed_1/evaluations,onpolicy,MarineMicro_MvsM_4_dist/mat/check/paper_train_v1/seed_1/evaluations,,eval_mat_MarineMicro_MvsM_4_dist_paper100,31,,Win,39.0,19.999999999999996,True,onpolicy/MarineMicro_MvsM_4_dist/mat/check/paper_train_v1/seed_1/evaluations/eval_mat_MarineMicro_MvsM_4_dist_paper100/bktree/node_log.txt,onpolicy/MarineMicro_MvsM_4_dist/mat/check/paper_train_v1/seed_1/evaluations/eval_mat_MarineMicro_MvsM_4_dist_paper100/bktree,C:\Users\Binich\PycharmProjects\PredictionRTS\output\learner_results\all_data\fused_bktree_web_batch_20260612_153602_top100_anchor_no_replay\MarineMicro_MvsM_4_dist\bktree,16,16,0,0,0 65 86 118 108 119 109 120 110 110 111 111 121 17 122 58,0 1 411 402 420 417 505 414 16 16 484 484 435 213 10 11,source_bktree source_bktree source_bktree source_bktree source_bktree source_bktree source_bktree source_bktree source_bktree source_bktree source_bktree source_bktree source_bktree source_bktree source_bktree source_bktree,0 65 86 118 108 119 109 120 110 110 111 111 121 17 122 58
770,MarineMicro_MvsM_4_dist,MAT,OnPolicy,MarineMicro_MvsM_4_dist/mat/check/paper_train_v1/seed_1/evaluations,onpolicy,MarineMicro_MvsM_4_dist/mat/check/paper_train_v1/seed_1/evaluations,,eval_mat_MarineMicro_MvsM_4_dist_paper100,40,,Win,39.0,20.0,True,onpolicy/MarineMicro_MvsM_4_dist/mat/check/paper_train_v1/seed_1/evaluations/eval_mat_MarineMicro_MvsM_4_dist_paper100/bktree/node_log.txt,onpolicy/MarineMicro_MvsM_4_dist/mat/check/paper_train_v1/seed_1/evaluations/eval_mat_MarineMicro_MvsM_4_dist_paper100/bktree,C:\Users\Binich\PycharmProjects\PredictionRTS\output\learner_results\all_data\fused_bktree_web_batch_20260612_153602_top100_anchor_no_replay\MarineMicro_MvsM_4_dist\bktree,16,16,0,0,0 1 18 10 11 11 23 23 74 74 75 76 21 50 50 51,0 1 184 13 192 192 531 531 581 581 78 427 112 10 10 11,source_bktree source_bktree source_bktree source_bktree source_bktree source_bktree source_bktree source_bktree source_bktree source_bktree source_bktree source_bktree source_bktree source_bktree source_bktree source_bktree,0 1 18 10 11 11 23 23 74 74 75 76 21 50 50 51
771,MarineMicro_MvsM_4_dist,MAT,OnPolicy,MarineMicro_MvsM_4_dist/mat/check/paper_train_v1/seed_1/evaluations,onpolicy,MarineMicro_MvsM_4_dist/mat/check/paper_train_v1/seed_1/evaluations,,eval_mat_MarineMicro_MvsM_4_dist_paper100,45,,Win,39.0,20.0,True,onpolicy/MarineMicro_MvsM_4_dist/mat/check/paper_train_v1/seed_1/evaluations/eval_mat_MarineMicro_MvsM_4_dist_paper100/bktree/node_log.txt,onpolicy/MarineMicro_MvsM_4_dist/mat/check/paper_train_v1/seed_1/evaluations/eval_mat_MarineMicro_MvsM_4_dist_paper100/bktree,C:\Users\Binich\PycharmProjects\PredictionRTS\output\learner_results\all_data\fused_bktree_web_batch_20260612_153602_top100_anchor_no_replay\MarineMicro_MvsM_4_dist\bktree,16,16,0,0,0 30 30 31 115 38 12 19 48 48 82 16 21 17 17 58,0 33 33 34 14 14 571 544 5 5 584 67 112 213 213 11,source_bktree source_bktree source_bktree source_bktree source_bktree source_bktree source_bktree source_bktree source_bktree source_bktree source_bktree source_bktree source_bktree source_bktree source_bktree source_bktree,0 30 30 31 115 38 12 19 48 48 82 16 21 17 17 58
772,MarineMicro_MvsM_4_dist,MAT,OnPolicy,MarineMicro_MvsM_4_dist/mat/check/paper_train_v1/seed_1/evaluations,onpolicy,MarineMicro_MvsM_4_dist/mat/check/paper_train_v1/seed_1/evaluations,,eval_mat_MarineMicro_MvsM_4_dist_paper100,48,,Win,39.0,20.0,True,onpolicy/MarineMicro_MvsM_4_dist/mat/check/paper_train_v1/seed_1/evaluations/eval_mat_MarineMicro_MvsM_4_dist_paper100/bktree/node_log.txt,onpolicy/MarineMicro_MvsM_4_dist/mat/check/paper_train_v1/seed_1/evaluations/eval_mat_MarineMicro_MvsM_4_dist_paper100/bktree,C:\Users\Binich\PycharmProjects\PredictionRTS\output\learner_results\all_data\fused_bktree_web_batch_20260612_153602_top100_anchor_no_replay\MarineMicro_MvsM_4_dist\bktree,16,16,0,0,0 1 30 10 151 11 23 113 14 20 20 152 21 17 122 58,0 1 33 13 198 192 531 70 223 573 573 530 112 213 10 11,source_bktree source_bktree source_bktree source_bktree source_bktree source_bktree source_bktree source_bktree source_bktree source_bktree source_bktree source_bktree source_bktree source_bktree source_bktree source_bktree,0 1 30 10 151 11 23 113 14 20 20 152 21 17 122 58
773,MarineMicro_MvsM_4_dist,MAT,OnPolicy,MarineMicro_MvsM_4_dist/mat/check/paper_train_v1/seed_1/evaluations,onpolicy,MarineMicro_MvsM_4_dist/mat/check/paper_train_v1/seed_1/evaluations,,eval_mat_MarineMicro_MvsM_4_dist_paper100,56,,Win,39.0,20.0,True,onpolicy/MarineMicro_MvsM_4_dist/mat/check/paper_train_v1/seed_1/evaluations/eval_mat_MarineMicro_MvsM_4_dist_paper100/bktree/node_log.txt,onpolicy/MarineMicro_MvsM_4_dist/mat/check/paper_train_v1/seed_1/evaluations/eval_mat_MarineMicro_MvsM_4_dist_paper100/bktree,C:\Users\Binich\PycharmProjects\PredictionRTS\output\learner_results\all_data\fused_bktree_web_batch_20260612_153602_top100_anchor_no_replay\MarineMicro_MvsM_4_dist\bktree,16,16,0,0,0 30 30 129 130 131 132 132 133 133 134 134 54 55 124 51,0 33 33 34 594 105 27 27 169 169 158 158 540 213 74 11,source_bktree source_bktree source_bktree source_bktree source_bktree source_bktree source_bktree source_bktree source_bktree source_bktree source_bktree source_bktree source_bktree source_bktree source_bktree source_bktree,0 30 30 129 130 131 132 132 133 133 134 134 54 55 124 51
774,MarineMicro_MvsM_4_dist,MAT,OnPolicy,MarineMicro_MvsM_4_dist/mat/check/paper_train_v1/seed_1/evaluations,onpolicy,MarineMicro_MvsM_4_dist/mat/check/paper_train_v1/seed_1/evaluations,,eval_mat_MarineMicro_MvsM_4_dist_paper100,65,,Win,39.0,20.0,True,onpolicy/MarineMicro_MvsM_4_dist/mat/check/paper_train_v1/seed_1/evaluations/eval_mat_MarineMicro_MvsM_4_dist_paper100/bktree/node_log.txt,onpolicy/MarineMicro_MvsM_4_dist/mat/check/paper_train_v1/seed_1/evaluations/eval_mat_MarineMicro_MvsM_4_dist_paper100/bktree,C:\Users\Binich\PycharmProjects\PredictionRTS\output\learner_results\all_data\fused_bktree_web_batch_20260612_153602_top100_anchor_no_replay\MarineMicro_MvsM_4_dist\bktree,16,16,0,0,0 1 1 2 61 97 59 101 102 164 103 60 60 165 8 58,0 1 1 41 147 42 63 43 589 153 266 215 215 31 47 11,source_bktree source_bktree source_bktree source_bktree source_bktree source_bktree source_bktree source_bktree source_bktree source_bktree source_bktree source_bktree source_bktree source_bktree source_bktree source_bktree,0 1 1 2 61 97 59 101 102 164 103 60 60 165 8 58
775,MarineMicro_MvsM_4_dist,MAT,OnPolicy,MarineMicro_MvsM_4_dist/mat/check/paper_train_v1/seed_1/evaluations,onpolicy,MarineMicro_MvsM_4_dist/mat/check/paper_train_v1/seed_1/evaluations,,eval_mat_MarineMicro_MvsM_4_dist_paper100,78,,Win,39.0,20.0,True,onpolicy/MarineMicro_MvsM_4_dist/mat/check/paper_train_v1/seed_1/evaluations/eval_mat_MarineMicro_MvsM_4_dist_paper100/bktree/node_log.txt,onpolicy/MarineMicro_MvsM_4_dist/mat/check/paper_train_v1/seed_1/evaluations/eval_mat_MarineMicro_MvsM_4_dist_paper100/bktree,C:\Users\Binich\PycharmProjects\PredictionRTS\output\learner_results\all_data\fused_bktree_web_batch_20260612_153602_top100_anchor_no_replay\MarineMicro_MvsM_4_dist\bktree,16,16,0,0,0 1 176 177 178 179 120 180 181 110 161 146 182 182 8 58,0 1 22 465 604 605 414 606 16 16 408 596 46 46 47 11,source_bktree source_bktree source_bktree source_bktree source_bktree source_bktree source_bktree source_bktree source_bktree source_bktree source_bktree source_bktree source_bktree source_bktree source_bktree source_bktree,0 1 176 177 178 179 120 180 181 110 161 146 182 182 8 58
776,MarineMicro_MvsM_4_dist,MAT,OnPolicy,MarineMicro_MvsM_4_dist/mat/check/paper_train_v1/seed_1/evaluations,onpolicy,MarineMicro_MvsM_4_dist/mat/check/paper_train_v1/seed_1/evaluations,,eval_mat_MarineMicro_MvsM_4_dist_paper100,79,,Win,39.0,20.0,True,onpolicy/MarineMicro_MvsM_4_dist/mat/check/paper_train_v1/seed_1/evaluations/eval_mat_MarineMicro_MvsM_4_dist_paper100/bktree/node_log.txt,onpolicy/MarineMicro_MvsM_4_dist/mat/check/paper_train_v1/seed_1/evaluations/eval_mat_MarineMicro_MvsM_4_dist_paper100/bktree,C:\Users\Binich\PycharmProjects\PredictionRTS\output\learner_results\all_data\fused_bktree_web_batch_20260612_153602_top100_anchor_no_replay\MarineMicro_MvsM_4_dist\bktree,16,16,0,0,0 30 43 44 45 97 4 52 125 125 82 49 54 17 50 51,0 33 69 138 578 42 292 175 214 214 584 270 540 213 10 11,source_bktree source_bktree source_bktree source_bktree source_bktree source_bktree source_bktree source_bktree source_bktree source_bktree source_bktree source_bktree source_bktree source_bktree source_bktree source_bktree,0 30 43 44 45 97 4 52 125 125 82 49 54 17 50 51
777,MarineMicro_MvsM_4_dist,MAT,OnPolicy,MarineMicro_MvsM_4_dist/mat/check/paper_train_v1/seed_1/evaluations,onpolicy,MarineMicro_MvsM_4_dist/mat/check/paper_train_v1/seed_1/evaluations,,eval_mat_MarineMicro_MvsM_4_dist_paper100,80,,Win,39.0,20.0,True,onpolicy/MarineMicro_MvsM_4_dist/mat/check/paper_train_v1/seed_1/evaluations/eval_mat_MarineMicro_MvsM_4_dist_paper100/bktree/node_log.txt,onpolicy/MarineMicro_MvsM_4_dist/mat/check/paper_train_v1/seed_1/evaluations/eval_mat_MarineMicro_MvsM_4_dist_paper100/bktree,C:\Users\Binich\PycharmProjects\PredictionRTS\output\learner_results\all_data\fused_bktree_web_batch_20260612_153602_top100_anchor_no_replay\MarineMicro_MvsM_4_dist\bktree,16,16,0,0,0 65 65 87 183 88 89 120 175 14 161 146 182 78 8 58,0 1 1 84 607 85 27 414 423 223 408 596 46 79 47 11,source_bktree source_bktree source_bktree source_bktree source_bktree source_bktree source_bktree source_bktree source_bktree source_bktree source_bktree source_bktree source_bktree source_bktree source_bktree source_bktree,0 65 65 87 183 88 89 120 175 14 161 146 182 78 8 58
778,MarineMicro_MvsM_4_dist,MAT,OnPolicy,MarineMicro_MvsM_4_dist/mat/check/paper_train_v1/seed_1/evaluations,onpolicy,MarineMicro_MvsM_4_dist/mat/check/paper_train_v1/seed_1/evaluations,,eval_mat_MarineMicro_MvsM_4_dist_paper100,97,,Win,39.0,20.0,True,onpolicy/MarineMicro_MvsM_4_dist/mat/check/paper_train_v1/seed_1/evaluations/eval_mat_MarineMicro_MvsM_4_dist_paper100/bktree/node_log.txt,onpolicy/MarineMicro_MvsM_4_dist/mat/check/paper_train_v1/seed_1/evaluations/eval_mat_MarineMicro_MvsM_4_dist_paper100/bktree,C:\Users\Binich\PycharmProjects\PredictionRTS\output\learner_results\all_data\fused_bktree_web_batch_20260612_153602_top100_anchor_no_replay\MarineMicro_MvsM_4_dist\bktree,16,16,0,0,0 1 18 10 193 193 158 158 163 194 16 57 54 17 50 51,0 1 184 13 192 192 600 600 77 153 67 7 540 213 10 11,source_bktree source_bktree source_bktree source_bktree source_bktree source_bktree source_bktree source_bktree source_bktree source_bktree source_bktree source_bktree source_bktree source_bktree source_bktree source_bktree,0 1 18 10 193 193 158 158 163 194 16 57 54 17 50 51
779,MarineMicro_MvsM_4_dist,MAT,OnPolicy,MarineMicro_MvsM_4_dist/mat/check/paper_train_v1/seed_1/evaluations,onpolicy,MarineMicro_MvsM_4_dist/mat/check/paper_train_v1/seed_1/evaluations,,eval_mat_MarineMicro_MvsM_4_dist_paper100,47,,Win,36.0,20.0,True,onpolicy/MarineMicro_MvsM_4_dist/mat/check/paper_train_v1/seed_1/evaluations/eval_mat_MarineMicro_MvsM_4_dist_paper100/bktree/node_log.txt,onpolicy/MarineMicro_MvsM_4_dist/mat/check/paper_train_v1/seed_1/evaluations/eval_mat_MarineMicro_MvsM_4_dist_paper100/bktree,C:\Users\Binich\PycharmProjects\PredictionRTS\output\learner_results\all_data\fused_bktree_web_batch_20260612_153602_top100_anchor_no_replay\MarineMicro_MvsM_4_dist\bktree,14,14,0,0,0 65 65 66 67 67 68 68 69 69 148 149 149 150,0 1 1 480 185 185 37 37 169 169 322 597 597 209,source_bktree source_bktree source_bktree source_bktree source_bktree source_bktree source_bktree source_bktree source_bktree source_bktree source_bktree source_bktree source_bktree source_bktree,0 65 65 66 67 67 68 68 69 69 148 149 149 150
780,MarineMicro_MvsM_4_dist,MAT,OnPolicy,MarineMicro_MvsM_4_dist/mat/check/paper_train_v1/seed_1/evaluations,onpolicy,MarineMicro_MvsM_4_dist/mat/check/paper_train_v1/seed_1/evaluations,,eval_mat_MarineMicro_MvsM_4_dist_paper100,6,,Win,36.0,20.0,True,onpolicy/MarineMicro_MvsM_4_dist/mat/check/paper_train_v1/seed_1/evaluations/eval_mat_MarineMicro_MvsM_4_dist_paper100/bktree/node_log.txt,onpolicy/MarineMicro_MvsM_4_dist/mat/check/paper_train_v1/seed_1/evaluations/eval_mat_MarineMicro_MvsM_4_dist_paper100/bktree,C:\Users\Binich\PycharmProjects\PredictionRTS\output\learner_results\all_data\fused_bktree_web_batch_20260612_153602_top100_anchor_no_replay\MarineMicro_MvsM_4_dist\bktree,16,16,0,0,0 30 30 31 38 38 19 13 14 14 39 39 40 41 42 29,0 33 33 34 14 14 544 15 223 223 82 82 125 51 20 151,source_bktree source_bktree source_bktree source_bktree source_bktree source_bktree source_bktree source_bktree source_bktree source_bktree source_bktree source_bktree source_bktree source_bktree source_bktree source_bktree,0 30 30 31 38 38 19 13 14 14 39 39 40 41 42 29
781,MarineMicro_MvsM_4_dist,MAT,OnPolicy,MarineMicro_MvsM_4_dist/mat/check/paper_train_v1/seed_1/evaluations,onpolicy,MarineMicro_MvsM_4_dist/mat/check/paper_train_v1/seed_1/evaluations,,eval_mat_MarineMicro_MvsM_4_dist_paper100,24,,Win,36.0,20.0,True,onpolicy/MarineMicro_MvsM_4_dist/mat/check/paper_train_v1/seed_1/evaluations/eval_mat_MarineMicro_MvsM_4_dist_paper100/bktree/node_log.txt,onpolicy/MarineMicro_MvsM_4_dist/mat/check/paper_train_v1/seed_1/evaluations/eval_mat_MarineMicro_MvsM_4_dist_paper100/bktree,C:\Users\Binich\PycharmProjects\PredictionRTS\output\learner_results\all_data\fused_bktree_web_batch_20260612_153602_top100_anchor_no_replay\MarineMicro_MvsM_4_dist\bktree,16,16,0,0,0 65 1 87 108 108 109 109 110 110 111 112 112 42 42 29,0 1 1 84 420 420 505 505 16 16 484 485 485 20 20 151,source_bktree source_bktree source_bktree source_bktree source_bktree source_bktree source_bktree source_bktree source_bktree source_bktree source_bktree source_bktree source_bktree source_bktree source_bktree source_bktree,0 65 1 87 108 108 109 109 110 110 111 112 112 42 42 29
782,MarineMicro_MvsM_4_dist,MAT,OnPolicy,MarineMicro_MvsM_4_dist/mat/check/paper_train_v1/seed_1/evaluations,onpolicy,MarineMicro_MvsM_4_dist/mat/check/paper_train_v1/seed_1/evaluations,,eval_mat_MarineMicro_MvsM_4_dist_paper100,74,,Win,36.0,20.0,True,onpolicy/MarineMicro_MvsM_4_dist/mat/check/paper_train_v1/seed_1/evaluations/eval_mat_MarineMicro_MvsM_4_dist_paper100/bktree/node_log.txt,onpolicy/MarineMicro_MvsM_4_dist/mat/check/paper_train_v1/seed_1/evaluations/eval_mat_MarineMicro_MvsM_4_dist_paper100/bktree,C:\Users\Binich\PycharmProjects\PredictionRTS\output\learner_results\all_data\fused_bktree_web_batch_20260612_153602_top100_anchor_no_replay\MarineMicro_MvsM_4_dist\bktree,16,16,0,0,0 1 18 10 11 11 19 19 74 74 15 16 21 17 122 29,0 1 184 13 192 192 544 544 581 581 572 67 112 213 10 151,source_bktree source_bktree source_bktree source_bktree source_bktree source_bktree source_bktree source_bktree source_bktree source_bktree source_bktree source_bktree source_bktree source_bktree source_bktree source_bktree,0 1 18 10 11 11 19 19 74 74 15 16 21 17 122 29
783,MarineMicro_MvsM_4_dist,MAT,OnPolicy,MarineMicro_MvsM_4_dist/mat/check/paper_train_v1/seed_1/evaluations,onpolicy,MarineMicro_MvsM_4_dist/mat/check/paper_train_v1/seed_1/evaluations,,eval_mat_MarineMicro_MvsM_4_dist_paper100,98,,Win,36.0,20.0,True,onpolicy/MarineMicro_MvsM_4_dist/mat/check/paper_train_v1/seed_1/evaluations/eval_mat_MarineMicro_MvsM_4_dist_paper100/bktree/node_log.txt,onpolicy/MarineMicro_MvsM_4_dist/mat/check/paper_train_v1/seed_1/evaluations/eval_mat_MarineMicro_MvsM_4_dist_paper100/bktree,C:\Users\Binich\PycharmProjects\PredictionRTS\output\learner_results\all_data\fused_bktree_web_batch_20260612_153602_top100_anchor_no_replay\MarineMicro_MvsM_4_dist\bktree,16,16,0,0,0 65 18 156 108 108 109 195 14 90 161 121 121 28 28 29,0 1 184 2 420 420 505 455 223 585 408 435 435 150 150 151,source_bktree source_bktree source_bktree source_bktree source_bktree source_bktree source_bktree source_bktree source_bktree source_bktree source_bktree source_bktree source_bktree source_bktree source_bktree source_bktree,0 65 18 156 108 108 109 195 14 90 161 121 121 28 28 29
784,MarineMicro_MvsM_4_dist,MAT,OnPolicy,MarineMicro_MvsM_4_dist/mat/check/paper_train_v1/seed_1/evaluations,onpolicy,MarineMicro_MvsM_4_dist/mat/check/paper_train_v1/seed_1/evaluations,,eval_mat_MarineMicro_MvsM_4_dist_paper100,77,,Win,33.0,20.0,True,onpolicy/MarineMicro_MvsM_4_dist/mat/check/paper_train_v1/seed_1/evaluations/eval_mat_MarineMicro_MvsM_4_dist_paper100/bktree/node_log.txt,onpolicy/MarineMicro_MvsM_4_dist/mat/check/paper_train_v1/seed_1/evaluations/eval_mat_MarineMicro_MvsM_4_dist_paper100/bktree,C:\Users\Binich\PycharmProjects\PredictionRTS\output\learner_results\all_data\fused_bktree_web_batch_20260612_153602_top100_anchor_no_replay\MarineMicro_MvsM_4_dist\bktree,15,15,0,0,0 65 65 118 108 108 174 109 175 160 161 161 78 78 58,0 1 1 402 420 420 455 505 423 295 408 408 79 79 11,source_bktree source_bktree source_bktree source_bktree source_bktree source_bktree source_bktree source_bktree source_bktree source_bktree source_bktree source_bktree source_bktree source_bktree source_bktree,0 65 65 118 108 108 174 109 175 160 161 161 78 78 58
785,MarineMicro_MvsM_4_dist,MAT,OnPolicy,MarineMicro_MvsM_4_dist/mat/check/paper_train_v1/seed_1/evaluations,onpolicy,MarineMicro_MvsM_4_dist/mat/check/paper_train_v1/seed_1/evaluations,,eval_mat_MarineMicro_MvsM_4_dist_paper100,88,,Win,33.0,20.0,True,onpolicy/MarineMicro_MvsM_4_dist/mat/check/paper_train_v1/seed_1/evaluations/eval_mat_MarineMicro_MvsM_4_dist_paper100/bktree/node_log.txt,onpolicy/MarineMicro_MvsM_4_dist/mat/check/paper_train_v1/seed_1/evaluations/eval_mat_MarineMicro_MvsM_4_dist_paper100/bktree,C:\Users\Binich\PycharmProjects\PredictionRTS\output\learner_results\all_data\fused_bktree_web_batch_20260612_153602_top100_anchor_no_replay\MarineMicro_MvsM_4_dist\bktree,15,15,0,0,0 65 65 66 67 67 68 68 189 69 70 149 72 72 51,0 1 1 480 185 185 37 37 486 169 170 597 40 40 11,source_bktree source_bktree source_bktree source_bktree source_bktree source_bktree source_bktree source_bktree source_bktree source_bktree source_bktree source_bktree source_bktree source_bktree source_bktree,0 65 65 66 67 67 68 68 189 69 70 149 72 72 51
786,MarineMicro_MvsM_4_dist,MAT,OnPolicy,MarineMicro_MvsM_4_dist/mat/check/paper_train_v1/seed_1/evaluations,onpolicy,MarineMicro_MvsM_4_dist/mat/check/paper_train_v1/seed_1/evaluations,,eval_mat_MarineMicro_MvsM_4_dist_paper100,83,,Win,30.0,20.0,True,onpolicy/MarineMicro_MvsM_4_dist/mat/check/paper_train_v1/seed_1/evaluations/eval_mat_MarineMicro_MvsM_4_dist_paper100/bktree/node_log.txt,onpolicy/MarineMicro_MvsM_4_dist/mat/check/paper_train_v1/seed_1/evaluations/eval_mat_MarineMicro_MvsM_4_dist_paper100/bktree,C:\Users\Binich\PycharmProjects\PredictionRTS\output\learner_results\all_data\fused_bktree_web_batch_20260612_153602_top100_anchor_no_replay\MarineMicro_MvsM_4_dist\bktree,16,16,0,0,0 65 18 156 108 108 174 109 14 90 111 184 184 41 41 29,0 1 184 2 420 420 455 505 223 585 484 608 608 51 51 151,source_bktree source_bktree source_bktree source_bktree source_bktree source_bktree source_bktree source_bktree source_bktree source_bktree source_bktree source_bktree source_bktree source_bktree source_bktree source_bktree,0 65 18 156 108 108 174 109 14 90 111 184 184 41 41 29
787,MarineMicro_MvsM_4_dist,MAT,OnPolicy,MarineMicro_MvsM_4_dist/mat/check/paper_train_v1/seed_1/evaluations,onpolicy,MarineMicro_MvsM_4_dist/mat/check/paper_train_v1/seed_1/evaluations,,eval_mat_MarineMicro_MvsM_4_dist_paper100,82,,Win,27.0,20.0,True,onpolicy/MarineMicro_MvsM_4_dist/mat/check/paper_train_v1/seed_1/evaluations/eval_mat_MarineMicro_MvsM_4_dist_paper100/bktree/node_log.txt,onpolicy/MarineMicro_MvsM_4_dist/mat/check/paper_train_v1/seed_1/evaluations/eval_mat_MarineMicro_MvsM_4_dist_paper100/bktree,C:\Users\Binich\PycharmProjects\PredictionRTS\output\learner_results\all_data\fused_bktree_web_batch_20260612_153602_top100_anchor_no_replay\MarineMicro_MvsM_4_dist\bktree,15,15,0,0,0 1 18 10 22 61 62 62 63 63 25 57 26 79 58,0 1 184 13 574 147 76 76 579 579 6 7 8 9 11,source_bktree source_bktree source_bktree source_bktree source_bktree source_bktree source_bktree source_bktree source_bktree source_bktree source_bktree source_bktree source_bktree source_bktree source_bktree,0 1 18 10 22 61 62 62 63 63 25 57 26 79 58
788,MarineMicro_MvsM_4_dist,MAT,OnPolicy,MarineMicro_MvsM_4_dist/mat/check/paper_train_v1/seed_1/evaluations,onpolicy,MarineMicro_MvsM_4_dist/mat/check/paper_train_v1/seed_1/evaluations,,eval_mat_MarineMicro_MvsM_4_dist_paper100,11,,Win,27.0,20.0,True,onpolicy/MarineMicro_MvsM_4_dist/mat/check/paper_train_v1/seed_1/evaluations/eval_mat_MarineMicro_MvsM_4_dist_paper100/bktree/node_log.txt,onpolicy/MarineMicro_MvsM_4_dist/mat/check/paper_train_v1/seed_1/evaluations/eval_mat_MarineMicro_MvsM_4_dist_paper100/bktree,C:\Users\Binich\PycharmProjects\PredictionRTS\output\learner_results\all_data\fused_bktree_web_batch_20260612_153602_top100_anchor_no_replay\MarineMicro_MvsM_4_dist\bktree,16,16,0,0,0 1 18 10 61 61 62 62 63 63 25 57 26 64 50 58,0 1 184 13 147 147 76 76 579 579 6 7 8 432 10 11,source_bktree source_bktree source_bktree source_bktree source_bktree source_bktree source_bktree source_bktree source_bktree source_bktree source_bktree source_bktree source_bktree source_bktree source_bktree source_bktree,0 1 18 10 61 61 62 62 63 63 25 57 26 64 50 58
789,MarineMicro_MvsM_4_dist,MAT,OnPolicy,MarineMicro_MvsM_4_dist/mat/check/paper_train_v1/seed_1/evaluations,onpolicy,MarineMicro_MvsM_4_dist/mat/check/paper_train_v1/seed_1/evaluations,,eval_mat_MarineMicro_MvsM_4_dist_paper100,12,,Win,27.0,20.0,True,onpolicy/MarineMicro_MvsM_4_dist/mat/check/paper_train_v1/seed_1/evaluations/eval_mat_MarineMicro_MvsM_4_dist_paper100/bktree/node_log.txt,onpolicy/MarineMicro_MvsM_4_dist/mat/check/paper_train_v1/seed_1/evaluations/eval_mat_MarineMicro_MvsM_4_dist_paper100/bktree,C:\Users\Binich\PycharmProjects\PredictionRTS\output\learner_results\all_data\fused_bktree_web_batch_20260612_153602_top100_anchor_no_replay\MarineMicro_MvsM_4_dist\bktree,16,16,0,0,0 65 18 66 67 67 68 68 69 69 70 71 72 73 73 51,0 1 184 480 185 185 37 37 169 169 170 580 40 19 19 11,source_bktree source_bktree source_bktree source_bktree source_bktree source_bktree source_bktree source_bktree source_bktree source_bktree source_bktree source_bktree source_bktree source_bktree source_bktree source_bktree,0 65 18 66 67 67 68 68 69 69 70 71 72 73 73 51
790,MarineMicro_MvsM_4_dist,MAT,OnPolicy,MarineMicro_MvsM_4_dist/mat/check/paper_train_v1/seed_1/evaluations,onpolicy,MarineMicro_MvsM_4_dist/mat/check/paper_train_v1/seed_1/evaluations,,eval_mat_MarineMicro_MvsM_4_dist_paper100,16,,Win,27.0,20.0,True,onpolicy/MarineMicro_MvsM_4_dist/mat/check/paper_train_v1/seed_1/evaluations/eval_mat_MarineMicro_MvsM_4_dist_paper100/bktree/node_log.txt,onpolicy/MarineMicro_MvsM_4_dist/mat/check/paper_train_v1/seed_1/evaluations/eval_mat_MarineMicro_MvsM_4_dist_paper100/bktree,C:\Users\Binich\PycharmProjects\PredictionRTS\output\learner_results\all_data\fused_bktree_web_batch_20260612_153602_top100_anchor_no_replay\MarineMicro_MvsM_4_dist\bktree,16,16,0,0,0 1 18 66 84 84 23 23 24 85 56 56 26 79 79 58,0 1 184 480 185 185 531 531 532 268 6 6 8 9 9 11,source_bktree source_bktree source_bktree source_bktree source_bktree source_bktree source_bktree source_bktree source_bktree source_bktree source_bktree source_bktree source_bktree source_bktree source_bktree source_bktree,0 1 18 66 84 84 23 23 24 85 56 56 26 79 79 58
791,MarineMicro_MvsM_4_dist,MAT,OnPolicy,MarineMicro_MvsM_4_dist/mat/check/paper_train_v1/seed_1/evaluations,onpolicy,MarineMicro_MvsM_4_dist/mat/check/paper_train_v1/seed_1/evaluations,,eval_mat_MarineMicro_MvsM_4_dist_paper100,46,,Win,27.0,20.0,True,onpolicy/MarineMicro_MvsM_4_dist/mat/check/paper_train_v1/seed_1/evaluations/eval_mat_MarineMicro_MvsM_4_dist_paper100/bktree/node_log.txt,onpolicy/MarineMicro_MvsM_4_dist/mat/check/paper_train_v1/seed_1/evaluations/eval_mat_MarineMicro_MvsM_4_dist_paper100/bktree,C:\Users\Binich\PycharmProjects\PredictionRTS\output\learner_results\all_data\fused_bktree_web_batch_20260612_153602_top100_anchor_no_replay\MarineMicro_MvsM_4_dist\bktree,16,16,0,0,0 1 18 10 11 11 23 23 24 24 56 57 26 147 50 51,0 1 184 13 192 192 531 531 532 532 6 7 8 8 10 11,source_bktree source_bktree source_bktree source_bktree source_bktree source_bktree source_bktree source_bktree source_bktree source_bktree source_bktree source_bktree source_bktree source_bktree source_bktree source_bktree,0 1 18 10 11 11 23 23 24 24 56 57 26 147 50 51
792,MarineMicro_MvsM_4_dist,MAT,OnPolicy,MarineMicro_MvsM_4_dist/mat/check/paper_train_v1/seed_1/evaluations,onpolicy,MarineMicro_MvsM_4_dist/mat/check/paper_train_v1/seed_1/evaluations,,eval_mat_MarineMicro_MvsM_4_dist_paper100,59,,Win,27.0,19.999999999999996,True,onpolicy/MarineMicro_MvsM_4_dist/mat/check/paper_train_v1/seed_1/evaluations/eval_mat_MarineMicro_MvsM_4_dist_paper100/bktree/node_log.txt,onpolicy/MarineMicro_MvsM_4_dist/mat/check/paper_train_v1/seed_1/evaluations/eval_mat_MarineMicro_MvsM_4_dist_paper100/bktree,C:\Users\Binich\PycharmProjects\PredictionRTS\output\learner_results\all_data\fused_bktree_web_batch_20260612_153602_top100_anchor_no_replay\MarineMicro_MvsM_4_dist\bktree,16,16,0,0,0 65 65 118 108 108 109 109 14 160 161 161 78 17 79 58,0 1 1 402 420 420 505 505 223 295 408 408 79 213 9 11,source_bktree source_bktree source_bktree source_bktree source_bktree source_bktree source_bktree source_bktree source_bktree source_bktree source_bktree source_bktree source_bktree source_bktree source_bktree source_bktree,0 65 65 118 108 108 109 109 14 160 161 161 78 17 79 58
793,MarineMicro_MvsM_4_dist,MAT,OnPolicy,MarineMicro_MvsM_4_dist/mat/check/paper_train_v1/seed_1/evaluations,onpolicy,MarineMicro_MvsM_4_dist/mat/check/paper_train_v1/seed_1/evaluations,,eval_mat_MarineMicro_MvsM_4_dist_paper100,95,,Win,27.0,20.0,True,onpolicy/MarineMicro_MvsM_4_dist/mat/check/paper_train_v1/seed_1/evaluations/eval_mat_MarineMicro_MvsM_4_dist_paper100/bktree/node_log.txt,onpolicy/MarineMicro_MvsM_4_dist/mat/check/paper_train_v1/seed_1/evaluations/eval_mat_MarineMicro_MvsM_4_dist_paper100/bktree,C:\Users\Binich\PycharmProjects\PredictionRTS\output\learner_results\all_data\fused_bktree_web_batch_20260612_153602_top100_anchor_no_replay\MarineMicro_MvsM_4_dist\bktree,16,16,0,0,0 1 10 10 22 61 62 62 63 163 192 192 78 79 122 58,0 1 13 13 574 147 76 76 579 77 611 611 79 9 10 11,source_bktree source_bktree source_bktree source_bktree source_bktree source_bktree source_bktree source_bktree source_bktree source_bktree source_bktree source_bktree source_bktree source_bktree source_bktree source_bktree,0 1 10 10 22 61 62 62 63 163 192 192 78 79 122 58
794,MarineMicro_MvsM_4_dist,MAT,OnPolicy,MarineMicro_MvsM_4_dist/mat/check/paper_train_v1/seed_1/evaluations,onpolicy,MarineMicro_MvsM_4_dist/mat/check/paper_train_v1/seed_1/evaluations,,eval_mat_MarineMicro_MvsM_4_dist_paper100,87,,Win,24.0,20.0,True,onpolicy/MarineMicro_MvsM_4_dist/mat/check/paper_train_v1/seed_1/evaluations/eval_mat_MarineMicro_MvsM_4_dist_paper100/bktree/node_log.txt,onpolicy/MarineMicro_MvsM_4_dist/mat/check/paper_train_v1/seed_1/evaluations/eval_mat_MarineMicro_MvsM_4_dist_paper100/bktree,C:\Users\Binich\PycharmProjects\PredictionRTS\output\learner_results\all_data\fused_bktree_web_batch_20260612_153602_top100_anchor_no_replay\MarineMicro_MvsM_4_dist\bktree,16,16,0,0,0 65 65 87 108 108 109 109 48 110 111 111 188 28 28 29,0 1 1 84 420 420 505 505 5 16 484 484 431 150 150 151,source_bktree source_bktree source_bktree source_bktree source_bktree source_bktree source_bktree source_bktree source_bktree source_bktree source_bktree source_bktree source_bktree source_bktree source_bktree source_bktree,0 65 65 87 108 108 109 109 48 110 111 111 188 28 28 29
795,MarineMicro_MvsM_4_dist,MAT,OnPolicy,MarineMicro_MvsM_4_dist/mat/check/paper_train_v1/seed_1/evaluations,onpolicy,MarineMicro_MvsM_4_dist/mat/check/paper_train_v1/seed_1/evaluations,,eval_mat_MarineMicro_MvsM_4_dist_paper100,9,,Win,21.0,20.0,True,onpolicy/MarineMicro_MvsM_4_dist/mat/check/paper_train_v1/seed_1/evaluations/eval_mat_MarineMicro_MvsM_4_dist_paper100/bktree/node_log.txt,onpolicy/MarineMicro_MvsM_4_dist/mat/check/paper_train_v1/seed_1/evaluations/eval_mat_MarineMicro_MvsM_4_dist_paper100/bktree,C:\Users\Binich\PycharmProjects\PredictionRTS\output\learner_results\all_data\fused_bktree_web_batch_20260612_153602_top100_anchor_no_replay\MarineMicro_MvsM_4_dist\bktree,16,16,0,0,0 1 18 10 11 11 23 23 24 24 56 57 57 27 50 58,0 1 184 13 192 192 531 531 532 532 6 7 7 9 10 11,source_bktree source_bktree source_bktree source_bktree source_bktree source_bktree source_bktree source_bktree source_bktree source_bktree source_bktree source_bktree source_bktree source_bktree source_bktree source_bktree,0 1 18 10 11 11 23 23 24 24 56 57 57 27 50 58
796,MarineMicro_MvsM_4_dist,MAT,OnPolicy,MarineMicro_MvsM_4_dist/mat/check/paper_train_v1/seed_1/evaluations,onpolicy,MarineMicro_MvsM_4_dist/mat/check/paper_train_v1/seed_1/evaluations,,eval_mat_MarineMicro_MvsM_4_dist_paper100,50,,Win,21.0,20.0,True,onpolicy/MarineMicro_MvsM_4_dist/mat/check/paper_train_v1/seed_1/evaluations/eval_mat_MarineMicro_MvsM_4_dist_paper100/bktree/node_log.txt,onpolicy/MarineMicro_MvsM_4_dist/mat/check/paper_train_v1/seed_1/evaluations/eval_mat_MarineMicro_MvsM_4_dist_paper100/bktree,C:\Users\Binich\PycharmProjects\PredictionRTS\output\learner_results\all_data\fused_bktree_web_batch_20260612_153602_top100_anchor_no_replay\MarineMicro_MvsM_4_dist\bktree,16,16,0,0,0 1 18 10 61 61 62 62 63 63 25 49 140 73 50 51,0 1 184 13 147 147 76 76 579 579 6 270 8 19 10 11,source_bktree source_bktree source_bktree source_bktree source_bktree source_bktree source_bktree source_bktree source_bktree source_bktree source_bktree source_bktree source_bktree source_bktree source_bktree source_bktree,0 1 18 10 61 61 62 62 63 63 25 49 140 73 50 51
797,MarineMicro_MvsM_4_dist,MAT,OnPolicy,MarineMicro_MvsM_4_dist/mat/check/paper_train_v1/seed_1/evaluations,onpolicy,MarineMicro_MvsM_4_dist/mat/check/paper_train_v1/seed_1/evaluations,,eval_mat_MarineMicro_MvsM_4_dist_paper100,69,,Win,21.0,20.0,True,onpolicy/MarineMicro_MvsM_4_dist/mat/check/paper_train_v1/seed_1/evaluations/eval_mat_MarineMicro_MvsM_4_dist_paper100/bktree/node_log.txt,onpolicy/MarineMicro_MvsM_4_dist/mat/check/paper_train_v1/seed_1/evaluations/eval_mat_MarineMicro_MvsM_4_dist_paper100/bktree,C:\Users\Binich\PycharmProjects\PredictionRTS\output\learner_results\all_data\fused_bktree_web_batch_20260612_153602_top100_anchor_no_replay\MarineMicro_MvsM_4_dist\bktree,16,16,0,0,0 1 18 10 11 61 62 62 63 169 170 170 78 79 122 51,0 1 184 13 192 147 76 76 579 601 602 602 79 9 10 11,source_bktree source_bktree source_bktree source_bktree source_bktree source_bktree source_bktree source_bktree source_bktree source_bktree source_bktree source_bktree source_bktree source_bktree source_bktree source_bktree,0 1 18 10 11 61 62 62 63 169 170 170 78 79 122 51
798,MarineMicro_MvsM_4_dist,MAT,OnPolicy,MarineMicro_MvsM_4_dist/mat/check/paper_train_v1/seed_1/evaluations,onpolicy,MarineMicro_MvsM_4_dist/mat/check/paper_train_v1/seed_1/evaluations,,eval_mat_MarineMicro_MvsM_4_dist_paper100,90,,Win,21.0,20.0,True,onpolicy/MarineMicro_MvsM_4_dist/mat/check/paper_train_v1/seed_1/evaluations/eval_mat_MarineMicro_MvsM_4_dist_paper100/bktree/node_log.txt,onpolicy/MarineMicro_MvsM_4_dist/mat/check/paper_train_v1/seed_1/evaluations/eval_mat_MarineMicro_MvsM_4_dist_paper100/bktree,C:\Users\Binich\PycharmProjects\PredictionRTS\output\learner_results\all_data\fused_bktree_web_batch_20260612_153602_top100_anchor_no_replay\MarineMicro_MvsM_4_dist\bktree,16,16,0,0,0 65 65 66 190 190 191 191 69 69 70 148 72 72 122 51,0 1 1 480 185 185 499 499 169 169 170 322 40 40 10 11,source_bktree source_bktree source_bktree source_bktree source_bktree source_bktree source_bktree source_bktree source_bktree source_bktree source_bktree source_bktree source_bktree source_bktree source_bktree source_bktree,0 65 65 66 190 190 191 191 69 69 70 148 72 72 122 51
799,MarineMicro_MvsM_4_dist,MAT,OnPolicy,MarineMicro_MvsM_4_dist/mat/check/paper_train_v1/seed_1/evaluations,onpolicy,MarineMicro_MvsM_4_dist/mat/check/paper_train_v1/seed_1/evaluations,,eval_mat_MarineMicro_MvsM_4_dist_paper100,4,,Win,18.0,20.0,True,onpolicy/MarineMicro_MvsM_4_dist/mat/check/paper_train_v1/seed_1/evaluations/eval_mat_MarineMicro_MvsM_4_dist_paper100/bktree/node_log.txt,onpolicy/MarineMicro_MvsM_4_dist/mat/check/paper_train_v1/seed_1/evaluations/eval_mat_MarineMicro_MvsM_4_dist_paper100/bktree,C:\Users\Binich\PycharmProjects\PredictionRTS\output\learner_results\all_data\fused_bktree_web_batch_20260612_153602_top100_anchor_no_replay\MarineMicro_MvsM_4_dist\bktree,17,17,0,0,0 1 18 10 22 22 23 23 24 24 25 25 26 27 27 28 29,0 1 184 13 574 574 531 531 532 532 6 6 8 9 9 150 151,source_bktree source_bktree source_bktree source_bktree source_bktree source_bktree source_bktree source_bktree source_bktree source_bktree source_bktree source_bktree source_bktree source_bktree source_bktree source_bktree source_bktree,0 1 18 10 22 22 23 23 24 24 25 25 26 27 27 28 29
