selected,selection_key,method,scenario,experiment_id,eval_name,repeat,episode_id,line_no,result,win,score,terminal_hp_margin,final_hp_delta,final_hp_my,final_hp_enemy,final_game_loop,frame_count,state_seq_len,unique_state_count,ood_frames,ood_ratio,mechanism_changed_frames,mechanism_changed_ratio,switch_frames,tuning_frames,tuning_ratio,gate_frames,gate_ratio,gate_A_mean,gate_A_max,gate_A_positive_ratio,gate_A_pass_ratio,gate_C_mean,gate_C_max,gate_C_pass_ratio,gate_v_mean,gate_v_max,gate_v_support_mean,gate_v_support_max,gate_supported_frames,gate_supported_ratio,gate_validated_frames,gate_validated_ratio,gate_joint_pass_ratio,gate_changed_ratio,gate_mean_evidence_score,gate_peak_evidence_score,gate_mean_gate_pass_score,gate_peak_gate_pass_score,gate_mean_rectification_score,gate_peak_rectification_score,gate_mean_support_score,gate_peak_support_score,avg_decision_ms,first_state_key,last_state_key,eval_dir,batch_tag,score_numeric,score_bin,etg_subset_mean_score,etg_subset_std_score,counterpart_rule,synergy_selected_mean_score,synergy_selected_median_score,synergy_selected_std_score,target_mean_score,target_median_score,counterpart_rank
False,repeat_001::ep_178::line_178,ETG-only,sce-1,sce1_etg_run_0068,eval_run_0068_web_batch_20260622_141137,repeat_001,178,178,Win,True,87.0,87.0,3.0,87.0,0.0,30834,17,17,14,5,0.2941176470588235,0,0.0,0,9,0.5294117647058824,0,0.0,0.0,0.0,0.0,0.0,0.0,0.0,0.0,0.0,0.0,0.0,0.0,0,0.0,0,0.0,0.0,0.0,0.0,0.0,0.0,0.0,0.0,0.0,0.0,0.0,0.1902444444428713,0,5136,C:\Users\Binich\PycharmProjects\PredictionRTS\output\learner_results\all_data\ETG-only\sce1_etg_run_0068\final_eval\eval_run_0068_web_batch_20260622_141137,web_batch_20260622_141137,87.0,9,52.02,15.563477059507573,original_final_eval_subset_lower_mean_high_variation,61.23,61.5,12.233300305462805,58.73,59.5,1
False,repeat_001::ep_47::line_47,ETG-only,sce-1,sce1_etg_run_0068,eval_run_0068_web_batch_20260622_141137,repeat_001,47,47,Win,True,84.0,84.0,9.0,84.0,0.0,7822,17,17,14,5,0.2941176470588235,0,0.0,1,3,0.1764705882352941,0,0.0,0.0,0.0,0.0,0.0,0.0,0.0,0.0,0.0,0.0,0.0,0.0,0,0.0,0,0.0,0.0,0.0,0.0,0.0,0.0,0.0,0.0,0.0,0.0,0.0,0.1771333333344671,0,3814,C:\Users\Binich\PycharmProjects\PredictionRTS\output\learner_results\all_data\ETG-only\sce1_etg_run_0068\final_eval\eval_run_0068_web_batch_20260622_141137,web_batch_20260622_141137,84.0,9,52.02,15.563477059507573,original_final_eval_subset_lower_mean_high_variation,61.23,61.5,12.233300305462805,58.73,59.5,2
False,repeat_001::ep_10::line_10,ETG-only,sce-1,sce1_etg_run_0068,eval_run_0068_web_batch_20260622_141137,repeat_001,10,10,Win,True,81.0,81.0,6.0,81.0,0.0,1788,13,13,12,4,0.3076923076923077,0,0.0,1,4,0.3076923076923077,0,0.0,0.0,0.0,0.0,0.0,0.0,0.0,0.0,0.0,0.0,0.0,0.0,0,0.0,0,0.0,0.0,0.0,0.0,0.0,0.0,0.0,0.0,0.0,0.0,0.0,0.2007250000000127,0,3074,C:\Users\Binich\PycharmProjects\PredictionRTS\output\learner_results\all_data\ETG-only\sce1_etg_run_0068\final_eval\eval_run_0068_web_batch_20260622_141137,web_batch_20260622_141137,81.0,9,52.02,15.563477059507573,original_final_eval_subset_lower_mean_high_variation,61.23,61.5,12.233300305462805,58.73,59.5,3
False,repeat_001::ep_26::line_26,ETG-only,sce-1,sce1_etg_run_0068,eval_run_0068_web_batch_20260622_141137,repeat_001,26,26,Win,True,81.0,81.0,15.0,81.0,0.0,4350,15,15,14,4,0.2666666666666666,0,0.0,0,3,0.2,0,0.0,0.0,0.0,0.0,0.0,0.0,0.0,0.0,0.0,0.0,0.0,0.0,0,0.0,0,0.0,0.0,0.0,0.0,0.0,0.0,0.0,0.0,0.0,0.0,0.0,0.2196333333325621,0,3975,C:\Users\Binich\PycharmProjects\PredictionRTS\output\learner_results\all_data\ETG-only\sce1_etg_run_0068\final_eval\eval_run_0068_web_batch_20260622_141137,web_batch_20260622_141137,81.0,9,52.02,15.563477059507573,original_final_eval_subset_lower_mean_high_variation,61.23,61.5,12.233300305462805,58.73,59.5,4
False,repeat_001::ep_58::line_58,ETG-only,sce-1,sce1_etg_run_0068,eval_run_0068_web_batch_20260622_141137,repeat_001,58,58,Win,True,81.0,81.0,15.0,81.0,0.0,9734,15,15,13,5,0.3333333333333333,0,0.0,0,3,0.2,0,0.0,0.0,0.0,0.0,0.0,0.0,0.0,0.0,0.0,0.0,0.0,0.0,0,0.0,0,0.0,0.0,0.0,0.0,0.0,0.0,0.0,0.0,0.0,0.0,0.0,0.2311666666668562,0,2026,C:\Users\Binich\PycharmProjects\PredictionRTS\output\learner_results\all_data\ETG-only\sce1_etg_run_0068\final_eval\eval_run_0068_web_batch_20260622_141137,web_batch_20260622_141137,81.0,9,52.02,15.563477059507573,original_final_eval_subset_lower_mean_high_variation,61.23,61.5,12.233300305462805,58.73,59.5,5
False,repeat_001::ep_256::line_256,ETG-only,sce-1,sce1_etg_run_0068,eval_run_0068_web_batch_20260622_141137,repeat_001,256,256,Win,True,81.0,81.0,3.0,81.0,0.0,44270,16,16,15,6,0.375,0,0.0,0,8,0.5,0,0.0,0.0,0.0,0.0,0.0,0.0,0.0,0.0,0.0,0.0,0.0,0.0,0,0.0,0,0.0,0.0,0.0,0.0,0.0,0.0,0.0,0.0,0.0,0.0,0.0,0.3009624999990024,0,4999,C:\Users\Binich\PycharmProjects\PredictionRTS\output\learner_results\all_data\ETG-only\sce1_etg_run_0068\final_eval\eval_run_0068_web_batch_20260622_141137,web_batch_20260622_141137,81.0,9,52.02,15.563477059507573,original_final_eval_subset_lower_mean_high_variation,61.23,61.5,12.233300305462805,58.73,59.5,6
False,repeat_001::ep_169::line_169,ETG-only,sce-1,sce1_etg_run_0068,eval_run_0068_web_batch_20260622_141137,repeat_001,169,169,Win,True,78.0,78.0,9.0,78.0,0.0,29206,16,16,12,3,0.1875,0,0.0,1,3,0.1875,0,0.0,0.0,0.0,0.0,0.0,0.0,0.0,0.0,0.0,0.0,0.0,0.0,0,0.0,0,0.0,0.0,0.0,0.0,0.0,0.0,0.0,0.0,0.0,0.0,0.0,0.2324333333329301,0,477,C:\Users\Binich\PycharmProjects\PredictionRTS\output\learner_results\all_data\ETG-only\sce1_etg_run_0068\final_eval\eval_run_0068_web_batch_20260622_141137,web_batch_20260622_141137,78.0,9,52.02,15.563477059507573,original_final_eval_subset_lower_mean_high_variation,61.23,61.5,12.233300305462805,58.73,59.5,7
False,repeat_001::ep_291::line_291,ETG-only,sce-1,sce1_etg_run_0068,eval_run_0068_web_batch_20260622_141137,repeat_001,291,291,Win,True,78.0,78.0,3.0,78.0,0.0,50270,18,18,15,4,0.2222222222222222,0,0.0,0,4,0.2222222222222222,0,0.0,0.0,0.0,0.0,0.0,0.0,0.0,0.0,0.0,0.0,0.0,0.0,0,0.0,0,0.0,0.0,0.0,0.0,0.0,0.0,0.0,0.0,0.0,0.0,0.0,0.2028499999973121,0,477,C:\Users\Binich\PycharmProjects\PredictionRTS\output\learner_results\all_data\ETG-only\sce1_etg_run_0068\final_eval\eval_run_0068_web_batch_20260622_141137,web_batch_20260622_141137,78.0,9,52.02,15.563477059507573,original_final_eval_subset_lower_mean_high_variation,61.23,61.5,12.233300305462805,58.73,59.5,8
False,repeat_001::ep_240::line_240,ETG-only,sce-1,sce1_etg_run_0068,eval_run_0068_web_batch_20260622_141137,repeat_001,240,240,Win,True,75.0,75.0,15.0,75.0,0.0,41398,13,13,13,3,0.2307692307692307,0,0.0,1,4,0.3076923076923077,0,0.0,0.0,0.0,0.0,0.0,0.0,0.0,0.0,0.0,0.0,0.0,0.0,0,0.0,0,0.0,0.0,0.0,0.0,0.0,0.0,0.0,0.0,0.0,0.0,0.0,0.2278249999996262,0,5186,C:\Users\Binich\PycharmProjects\PredictionRTS\output\learner_results\all_data\ETG-only\sce1_etg_run_0068\final_eval\eval_run_0068_web_batch_20260622_141137,web_batch_20260622_141137,75.0,9,52.02,15.563477059507573,original_final_eval_subset_lower_mean_high_variation,61.23,61.5,12.233300305462805,58.73,59.5,9
False,repeat_001::ep_265::line_265,ETG-only,sce-1,sce1_etg_run_0068,eval_run_0068_web_batch_20260622_141137,repeat_001,265,265,Win,True,75.0,75.0,9.0,75.0,0.0,45768,16,16,14,4,0.25,0,0.0,0,3,0.1875,0,0.0,0.0,0.0,0.0,0.0,0.0,0.0,0.0,0.0,0.0,0.0,0.0,0,0.0,0,0.0,0.0,0.0,0.0,0.0,0.0,0.0,0.0,0.0,0.0,0.0,0.2324000000015758,0,3495,C:\Users\Binich\PycharmProjects\PredictionRTS\output\learner_results\all_data\ETG-only\sce1_etg_run_0068\final_eval\eval_run_0068_web_batch_20260622_141137,web_batch_20260622_141137,75.0,9,52.02,15.563477059507573,original_final_eval_subset_lower_mean_high_variation,61.23,61.5,12.233300305462805,58.73,59.5,10
False,repeat_001::ep_157::line_157,ETG-only,sce-1,sce1_etg_run_0068,eval_run_0068_web_batch_20260622_141137,repeat_001,157,157,Win,True,72.0,72.0,0.0,72.0,0.0,27082,14,14,13,3,0.2142857142857142,0,0.0,0,5,0.3571428571428571,0,0.0,0.0,0.0,0.0,0.0,0.0,0.0,0.0,0.0,0.0,0.0,0.0,0,0.0,0,0.0,0.0,0.0,0.0,0.0,0.0,0.0,0.0,0.0,0.0,0.0,0.2544400000019209,0,477,C:\Users\Binich\PycharmProjects\PredictionRTS\output\learner_results\all_data\ETG-only\sce1_etg_run_0068\final_eval\eval_run_0068_web_batch_20260622_141137,web_batch_20260622_141137,72.0,8,52.02,15.563477059507573,original_final_eval_subset_lower_mean_high_variation,61.23,61.5,12.233300305462805,58.73,59.5,11
False,repeat_001::ep_17::line_17,ETG-only,sce-1,sce1_etg_run_0068,eval_run_0068_web_batch_20260622_141137,repeat_001,17,17,Win,True,69.0,69.0,3.0,69.0,0.0,2942,14,14,12,7,0.5,0,0.0,0,4,0.2857142857142857,0,0.0,0.0,0.0,0.0,0.0,0.0,0.0,0.0,0.0,0.0,0.0,0.0,0,0.0,0,0.0,0.0,0.0,0.0,0.0,0.0,0.0,0.0,0.0,0.0,0.0,0.2529750000004327,0,3541,C:\Users\Binich\PycharmProjects\PredictionRTS\output\learner_results\all_data\ETG-only\sce1_etg_run_0068\final_eval\eval_run_0068_web_batch_20260622_141137,web_batch_20260622_141137,69.0,8,52.02,15.563477059507573,original_final_eval_subset_lower_mean_high_variation,61.23,61.5,12.233300305462805,58.73,59.5,12
False,repeat_001::ep_39::line_39,ETG-only,sce-1,sce1_etg_run_0068,eval_run_0068_web_batch_20260622_141137,repeat_001,39,39,Win,True,69.0,69.0,-3.0,69.0,0.0,6526,18,18,15,3,0.1666666666666666,0,0.0,0,6,0.3333333333333333,0,0.0,0.0,0.0,0.0,0.0,0.0,0.0,0.0,0.0,0.0,0.0,0.0,0,0.0,0,0.0,0.0,0.0,0.0,0.0,0.0,0.0,0.0,0.0,0.0,0.0,0.2159000000006017,0,2193,C:\Users\Binich\PycharmProjects\PredictionRTS\output\learner_results\all_data\ETG-only\sce1_etg_run_0068\final_eval\eval_run_0068_web_batch_20260622_141137,web_batch_20260622_141137,69.0,8,52.02,15.563477059507573,original_final_eval_subset_lower_mean_high_variation,61.23,61.5,12.233300305462805,58.73,59.5,13
False,repeat_001::ep_46::line_46,ETG-only,sce-1,sce1_etg_run_0068,eval_run_0068_web_batch_20260622_141137,repeat_001,46,46,Win,True,69.0,69.0,3.0,69.0,0.0,7660,18,18,14,5,0.2777777777777778,0,0.0,0,8,0.4444444444444444,0,0.0,0.0,0.0,0.0,0.0,0.0,0.0,0.0,0.0,0.0,0.0,0.0,0,0.0,0,0.0,0.0,0.0,0.0,0.0,0.0,0.0,0.0,0.0,0.0,0.0,0.21228750000013,0,4999,C:\Users\Binich\PycharmProjects\PredictionRTS\output\learner_results\all_data\ETG-only\sce1_etg_run_0068\final_eval\eval_run_0068_web_batch_20260622_141137,web_batch_20260622_141137,69.0,8,52.02,15.563477059507573,original_final_eval_subset_lower_mean_high_variation,61.23,61.5,12.233300305462805,58.73,59.5,14
False,repeat_001::ep_48::line_48,ETG-only,sce-1,sce1_etg_run_0068,eval_run_0068_web_batch_20260622_141137,repeat_001,48,48,Win,True,69.0,69.0,3.0,69.0,0.0,7954,14,14,14,3,0.2142857142857142,0,0.0,0,5,0.3571428571428571,0,0.0,0.0,0.0,0.0,0.0,0.0,0.0,0.0,0.0,0.0,0.0,0.0,0,0.0,0,0.0,0.0,0.0,0.0,0.0,0.0,0.0,0.0,0.0,0.0,0.0,0.2250999999994007,0,2905,C:\Users\Binich\PycharmProjects\PredictionRTS\output\learner_results\all_data\ETG-only\sce1_etg_run_0068\final_eval\eval_run_0068_web_batch_20260622_141137,web_batch_20260622_141137,69.0,8,52.02,15.563477059507573,original_final_eval_subset_lower_mean_high_variation,61.23,61.5,12.233300305462805,58.73,59.5,15
False,repeat_001::ep_55::line_55,ETG-only,sce-1,sce1_etg_run_0068,eval_run_0068_web_batch_20260622_141137,repeat_001,55,55,Win,True,69.0,69.0,9.0,69.0,0.0,9258,14,14,13,5,0.3571428571428571,0,0.0,0,7,0.5,0,0.0,0.0,0.0,0.0,0.0,0.0,0.0,0.0,0.0,0.0,0.0,0.0,0,0.0,0,0.0,0.0,0.0,0.0,0.0,0.0,0.0,0.0,0.0,0.0,0.0,0.2331571428574161,0,4999,C:\Users\Binich\PycharmProjects\PredictionRTS\output\learner_results\all_data\ETG-only\sce1_etg_run_0068\final_eval\eval_run_0068_web_batch_20260622_141137,web_batch_20260622_141137,69.0,8,52.02,15.563477059507573,original_final_eval_subset_lower_mean_high_variation,61.23,61.5,12.233300305462805,58.73,59.5,16
False,repeat_001::ep_228::line_228,ETG-only,sce-1,sce1_etg_run_0068,eval_run_0068_web_batch_20260622_141137,repeat_001,228,228,Win,True,69.0,69.0,3.0,69.0,0.0,39494,14,14,13,7,0.5,0,0.0,0,5,0.3571428571428571,0,0.0,0.0,0.0,0.0,0.0,0.0,0.0,0.0,0.0,0.0,0.0,0.0,0,0.0,0,0.0,0.0,0.0,0.0,0.0,0.0,0.0,0.0,0.0,0.0,0.0,0.2105200000016793,0,3541,C:\Users\Binich\PycharmProjects\PredictionRTS\output\learner_results\all_data\ETG-only\sce1_etg_run_0068\final_eval\eval_run_0068_web_batch_20260622_141137,web_batch_20260622_141137,69.0,8,52.02,15.563477059507573,original_final_eval_subset_lower_mean_high_variation,61.23,61.5,12.233300305462805,58.73,59.5,17
False,repeat_001::ep_40::line_40,ETG-only,sce-1,sce1_etg_run_0068,eval_run_0068_web_batch_20260622_141137,repeat_001,40,40,Win,True,66.0,66.0,3.0,66.0,0.0,6708,19,19,13,3,0.1578947368421052,0,0.0,0,4,0.2105263157894736,0,0.0,0.0,0.0,0.0,0.0,0.0,0.0,0.0,0.0,0.0,0.0,0.0,0,0.0,0,0.0,0.0,0.0,0.0,0.0,0.0,0.0,0.0,0.0,0.0,0.0,0.4229249999996298,0,477,C:\Users\Binich\PycharmProjects\PredictionRTS\output\learner_results\all_data\ETG-only\sce1_etg_run_0068\final_eval\eval_run_0068_web_batch_20260622_141137,web_batch_20260622_141137,66.0,7,52.02,15.563477059507573,original_final_eval_subset_lower_mean_high_variation,61.23,61.5,12.233300305462805,58.73,59.5,18
False,repeat_001::ep_113::line_113,ETG-only,sce-1,sce1_etg_run_0068,eval_run_0068_web_batch_20260622_141137,repeat_001,113,113,Win,True,66.0,66.0,-3.0,66.0,0.0,19104,16,16,12,0,0.0,0,0.0,1,6,0.375,0,0.0,0.0,0.0,0.0,0.0,0.0,0.0,0.0,0.0,0.0,0.0,0.0,0,0.0,0,0.0,0.0,0.0,0.0,0.0,0.0,0.0,0.0,0.0,0.0,0.0,0.2059833333341032,0,1770,C:\Users\Binich\PycharmProjects\PredictionRTS\output\learner_results\all_data\ETG-only\sce1_etg_run_0068\final_eval\eval_run_0068_web_batch_20260622_141137,web_batch_20260622_141137,66.0,7,52.02,15.563477059507573,original_final_eval_subset_lower_mean_high_variation,61.23,61.5,12.233300305462805,58.73,59.5,19
False,repeat_001::ep_198::line_198,ETG-only,sce-1,sce1_etg_run_0068,eval_run_0068_web_batch_20260622_141137,repeat_001,198,198,Win,True,66.0,66.0,3.0,66.0,0.0,34274,17,17,13,1,0.0588235294117647,0,0.0,3,5,0.2941176470588235,0,0.0,0.0,0.0,0.0,0.0,0.0,0.0,0.0,0.0,0.0,0.0,0.0,0,0.0,0,0.0,0.0,0.0,0.0,0.0,0.0,0.0,0.0,0.0,0.0,0.0,0.2017000000009261,0,477,C:\Users\Binich\PycharmProjects\PredictionRTS\output\learner_results\all_data\ETG-only\sce1_etg_run_0068\final_eval\eval_run_0068_web_batch_20260622_141137,web_batch_20260622_141137,66.0,8,52.02,15.563477059507573,original_final_eval_subset_lower_mean_high_variation,61.23,61.5,12.233300305462805,58.73,59.5,20
False,repeat_001::ep_251::line_251,ETG-only,sce-1,sce1_etg_run_0068,eval_run_0068_web_batch_20260622_141137,repeat_001,251,251,Win,True,66.0,66.0,3.0,66.0,0.0,43410,20,20,14,3,0.15,0,0.0,0,4,0.2,0,0.0,0.0,0.0,0.0,0.0,0.0,0.0,0.0,0.0,0.0,0.0,0.0,0,0.0,0,0.0,0.0,0.0,0.0,0.0,0.0,0.0,0.0,0.0,0.0,0.0,0.1964000000000965,0,1770,C:\Users\Binich\PycharmProjects\PredictionRTS\output\learner_results\all_data\ETG-only\sce1_etg_run_0068\final_eval\eval_run_0068_web_batch_20260622_141137,web_batch_20260622_141137,66.0,8,52.02,15.563477059507573,original_final_eval_subset_lower_mean_high_variation,61.23,61.5,12.233300305462805,58.73,59.5,21
False,repeat_001::ep_294::line_294,ETG-only,sce-1,sce1_etg_run_0068,eval_run_0068_web_batch_20260622_141137,repeat_001,294,294,Win,True,66.0,66.0,9.0,66.0,0.0,50806,17,17,13,2,0.1176470588235294,0,0.0,1,6,0.3529411764705882,0,0.0,0.0,0.0,0.0,0.0,0.0,0.0,0.0,0.0,0.0,0.0,0.0,0,0.0,0,0.0,0.0,0.0,0.0,0.0,0.0,0.0,0.0,0.0,0.0,0.0,0.3096666666664305,0,477,C:\Users\Binich\PycharmProjects\PredictionRTS\output\learner_results\all_data\ETG-only\sce1_etg_run_0068\final_eval\eval_run_0068_web_batch_20260622_141137,web_batch_20260622_141137,66.0,8,52.02,15.563477059507573,original_final_eval_subset_lower_mean_high_variation,61.23,61.5,12.233300305462805,58.73,59.5,22
False,repeat_001::ep_68::line_68,ETG-only,sce-1,sce1_etg_run_0068,eval_run_0068_web_batch_20260622_141137,repeat_001,68,68,Win,True,63.0,63.0,3.0,63.0,0.0,11454,18,18,15,5,0.2777777777777778,0,0.0,1,5,0.2777777777777778,0,0.0,0.0,0.0,0.0,0.0,0.0,0.0,0.0,0.0,0.0,0.0,0.0,0,0.0,0,0.0,0.0,0.0,0.0,0.0,0.0,0.0,0.0,0.0,0.0,0.0,0.1920399999988831,0,3541,C:\Users\Binich\PycharmProjects\PredictionRTS\output\learner_results\all_data\ETG-only\sce1_etg_run_0068\final_eval\eval_run_0068_web_batch_20260622_141137,web_batch_20260622_141137,63.0,7,52.02,15.563477059507573,original_final_eval_subset_lower_mean_high_variation,61.23,61.5,12.233300305462805,58.73,59.5,23
False,repeat_001::ep_87::line_87,ETG-only,sce-1,sce1_etg_run_0068,eval_run_0068_web_batch_20260622_141137,repeat_001,87,87,Win,True,63.0,63.0,3.0,63.0,0.0,14652,14,14,12,5,0.3571428571428571,0,0.0,0,7,0.5,0,0.0,0.0,0.0,0.0,0.0,0.0,0.0,0.0,0.0,0.0,0.0,0.0,0,0.0,0,0.0,0.0,0.0,0.0,0.0,0.0,0.0,0.0,0.0,0.0,0.0,0.2317571428562814,0,1784,C:\Users\Binich\PycharmProjects\PredictionRTS\output\learner_results\all_data\ETG-only\sce1_etg_run_0068\final_eval\eval_run_0068_web_batch_20260622_141137,web_batch_20260622_141137,63.0,7,52.02,15.563477059507573,original_final_eval_subset_lower_mean_high_variation,61.23,61.5,12.233300305462805,58.73,59.5,24
False,repeat_001::ep_156::line_156,ETG-only,sce-1,sce1_etg_run_0068,eval_run_0068_web_batch_20260622_141137,repeat_001,156,156,Win,True,63.0,63.0,3.0,63.0,0.0,26950,14,14,13,2,0.1428571428571428,0,0.0,0,5,0.3571428571428571,0,0.0,0.0,0.0,0.0,0.0,0.0,0.0,0.0,0.0,0.0,0.0,0.0,0,0.0,0,0.0,0.0,0.0,0.0,0.0,0.0,0.0,0.0,0.0,0.0,0.0,0.1754800000014711,0,5186,C:\Users\Binich\PycharmProjects\PredictionRTS\output\learner_results\all_data\ETG-only\sce1_etg_run_0068\final_eval\eval_run_0068_web_batch_20260622_141137,web_batch_20260622_141137,63.0,7,52.02,15.563477059507573,original_final_eval_subset_lower_mean_high_variation,61.23,61.5,12.233300305462805,58.73,59.5,25
False,repeat_001::ep_231::line_231,ETG-only,sce-1,sce1_etg_run_0068,eval_run_0068_web_batch_20260622_141137,repeat_001,231,231,Win,True,63.0,63.0,9.0,63.0,0.0,39970,17,17,11,6,0.3529411764705882,0,0.0,0,8,0.4705882352941176,0,0.0,0.0,0.0,0.0,0.0,0.0,0.0,0.0,0.0,0.0,0.0,0.0,0,0.0,0,0.0,0.0,0.0,0.0,0.0,0.0,0.0,0.0,0.0,0.0,0.0,0.1912624999995671,0,3074,C:\Users\Binich\PycharmProjects\PredictionRTS\output\learner_results\all_data\ETG-only\sce1_etg_run_0068\final_eval\eval_run_0068_web_batch_20260622_141137,web_batch_20260622_141137,63.0,7,52.02,15.563477059507573,original_final_eval_subset_lower_mean_high_variation,61.23,61.5,12.233300305462805,58.73,59.5,26
False,repeat_001::ep_4::line_4,ETG-only,sce-1,sce1_etg_run_0068,eval_run_0068_web_batch_20260622_141137,repeat_001,4,4,Win,True,60.0,60.0,3.0,60.0,0.0,716,18,18,14,0,0.0,0,0.0,2,6,0.3333333333333333,0,0.0,0.0,0.0,0.0,0.0,0.0,0.0,0.0,0.0,0.0,0.0,0.0,0,0.0,0,0.0,0.0,0.0,0.0,0.0,0.0,0.0,0.0,0.0,0.0,0.0,0.2189000000013171,0,477,C:\Users\Binich\PycharmProjects\PredictionRTS\output\learner_results\all_data\ETG-only\sce1_etg_run_0068\final_eval\eval_run_0068_web_batch_20260622_141137,web_batch_20260622_141137,60.0,6,52.02,15.563477059507573,original_final_eval_subset_lower_mean_high_variation,61.23,61.5,12.233300305462805,58.73,59.5,27
False,repeat_001::ep_35::line_35,ETG-only,sce-1,sce1_etg_run_0068,eval_run_0068_web_batch_20260622_141137,repeat_001,35,35,Win,True,60.0,60.0,9.0,60.0,0.0,5808,16,16,13,0,0.0,0,0.0,1,6,0.375,0,0.0,0.0,0.0,0.0,0.0,0.0,0.0,0.0,0.0,0.0,0.0,0.0,0,0.0,0,0.0,0.0,0.0,0.0,0.0,0.0,0.0,0.0,0.0,0.0,0.0,0.1839333333328122,0,2207,C:\Users\Binich\PycharmProjects\PredictionRTS\output\learner_results\all_data\ETG-only\sce1_etg_run_0068\final_eval\eval_run_0068_web_batch_20260622_141137,web_batch_20260622_141137,60.0,6,52.02,15.563477059507573,original_final_eval_subset_lower_mean_high_variation,61.23,61.5,12.233300305462805,58.73,59.5,28
False,repeat_001::ep_78::line_78,ETG-only,sce-1,sce1_etg_run_0068,eval_run_0068_web_batch_20260622_141137,repeat_001,78,78,Win,True,60.0,60.0,9.0,60.0,0.0,13194,16,16,12,0,0.0,0,0.0,1,6,0.375,0,0.0,0.0,0.0,0.0,0.0,0.0,0.0,0.0,0.0,0.0,0.0,0.0,0,0.0,0,0.0,0.0,0.0,0.0,0.0,0.0,0.0,0.0,0.0,0.0,0.0,0.1684499999979512,0,2207,C:\Users\Binich\PycharmProjects\PredictionRTS\output\learner_results\all_data\ETG-only\sce1_etg_run_0068\final_eval\eval_run_0068_web_batch_20260622_141137,web_batch_20260622_141137,60.0,6,52.02,15.563477059507573,original_final_eval_subset_lower_mean_high_variation,61.23,61.5,12.233300305462805,58.73,59.5,29
False,repeat_001::ep_237::line_237,ETG-only,sce-1,sce1_etg_run_0068,eval_run_0068_web_batch_20260622_141137,repeat_001,237,237,Win,True,60.0,60.0,3.0,60.0,0.0,41002,17,17,14,0,0.0,0,0.0,1,6,0.3529411764705882,0,0.0,0.0,0.0,0.0,0.0,0.0,0.0,0.0,0.0,0.0,0.0,0.0,0,0.0,0,0.0,0.0,0.0,0.0,0.0,0.0,0.0,0.0,0.0,0.0,0.0,0.1998500000013336,0,1770,C:\Users\Binich\PycharmProjects\PredictionRTS\output\learner_results\all_data\ETG-only\sce1_etg_run_0068\final_eval\eval_run_0068_web_batch_20260622_141137,web_batch_20260622_141137,60.0,7,52.02,15.563477059507573,original_final_eval_subset_lower_mean_high_variation,61.23,61.5,12.233300305462805,58.73,59.5,30
False,repeat_001::ep_243::line_243,ETG-only,sce-1,sce1_etg_run_0068,eval_run_0068_web_batch_20260622_141137,repeat_001,243,243,Win,True,60.0,60.0,3.0,60.0,0.0,41874,20,20,14,3,0.15,0,0.0,0,6,0.3,0,0.0,0.0,0.0,0.0,0.0,0.0,0.0,0.0,0.0,0.0,0.0,0.0,0,0.0,0,0.0,0.0,0.0,0.0,0.0,0.0,0.0,0.0,0.0,0.0,0.0,0.2456500000036499,0,1770,C:\Users\Binich\PycharmProjects\PredictionRTS\output\learner_results\all_data\ETG-only\sce1_etg_run_0068\final_eval\eval_run_0068_web_batch_20260622_141137,web_batch_20260622_141137,60.0,7,52.02,15.563477059507573,original_final_eval_subset_lower_mean_high_variation,61.23,61.5,12.233300305462805,58.73,59.5,31
False,repeat_001::ep_269::line_269,ETG-only,sce-1,sce1_etg_run_0068,eval_run_0068_web_batch_20260622_141137,repeat_001,269,269,Win,True,60.0,60.0,3.0,60.0,0.0,46506,18,18,15,1,0.0555555555555555,0,0.0,0,6,0.3333333333333333,0,0.0,0.0,0.0,0.0,0.0,0.0,0.0,0.0,0.0,0.0,0.0,0.0,0,0.0,0,0.0,0.0,0.0,0.0,0.0,0.0,0.0,0.0,0.0,0.0,0.0,0.222033333332187,0,477,C:\Users\Binich\PycharmProjects\PredictionRTS\output\learner_results\all_data\ETG-only\sce1_etg_run_0068\final_eval\eval_run_0068_web_batch_20260622_141137,web_batch_20260622_141137,60.0,7,52.02,15.563477059507573,original_final_eval_subset_lower_mean_high_variation,61.23,61.5,12.233300305462805,58.73,59.5,32
False,repeat_001::ep_275::line_275,ETG-only,sce-1,sce1_etg_run_0068,eval_run_0068_web_batch_20260622_141137,repeat_001,275,275,Win,True,60.0,60.0,9.0,60.0,0.0,47458,16,16,11,0,0.0,0,0.0,1,6,0.375,0,0.0,0.0,0.0,0.0,0.0,0.0,0.0,0.0,0.0,0.0,0.0,0.0,0,0.0,0,0.0,0.0,0.0,0.0,0.0,0.0,0.0,0.0,0.0,0.0,0.0,0.2578833333354661,0,2207,C:\Users\Binich\PycharmProjects\PredictionRTS\output\learner_results\all_data\ETG-only\sce1_etg_run_0068\final_eval\eval_run_0068_web_batch_20260622_141137,web_batch_20260622_141137,60.0,7,52.02,15.563477059507573,original_final_eval_subset_lower_mean_high_variation,61.23,61.5,12.233300305462805,58.73,59.5,33
False,repeat_001::ep_25::line_25,ETG-only,sce-1,sce1_etg_run_0068,eval_run_0068_web_batch_20260622_141137,repeat_001,25,25,Win,True,57.0,57.0,3.0,57.0,0.0,4208,14,14,13,2,0.1428571428571428,0,0.0,0,4,0.2857142857142857,0,0.0,0.0,0.0,0.0,0.0,0.0,0.0,0.0,0.0,0.0,0.0,0.0,0,0.0,0,0.0,0.0,0.0,0.0,0.0,0.0,0.0,0.0,0.0,0.0,0.0,0.219675000001196,0,1784,C:\Users\Binich\PycharmProjects\PredictionRTS\output\learner_results\all_data\ETG-only\sce1_etg_run_0068\final_eval\eval_run_0068_web_batch_20260622_141137,web_batch_20260622_141137,57.0,6,52.02,15.563477059507573,original_final_eval_subset_lower_mean_high_variation,61.23,61.5,12.233300305462805,58.73,59.5,34
False,repeat_001::ep_32::line_32,ETG-only,sce-1,sce1_etg_run_0068,eval_run_0068_web_batch_20260622_141137,repeat_001,32,32,Win,True,57.0,57.0,9.0,57.0,0.0,5322,14,14,12,4,0.2857142857142857,0,0.0,0,6,0.4285714285714285,0,0.0,0.0,0.0,0.0,0.0,0.0,0.0,0.0,0.0,0.0,0.0,0.0,0,0.0,0,0.0,0.0,0.0,0.0,0.0,0.0,0.0,0.0,0.0,0.0,0.0,0.2501666666662553,0,2905,C:\Users\Binich\PycharmProjects\PredictionRTS\output\learner_results\all_data\ETG-only\sce1_etg_run_0068\final_eval\eval_run_0068_web_batch_20260622_141137,web_batch_20260622_141137,57.0,6,52.02,15.563477059507573,original_final_eval_subset_lower_mean_high_variation,61.23,61.5,12.233300305462805,58.73,59.5,35
False,repeat_001::ep_81::line_81,ETG-only,sce-1,sce1_etg_run_0068,eval_run_0068_web_batch_20260622_141137,repeat_001,81,81,Win,True,57.0,57.0,3.0,57.0,0.0,13680,15,15,13,4,0.2666666666666666,0,0.0,1,6,0.4,0,0.0,0.0,0.0,0.0,0.0,0.0,0.0,0.0,0.0,0.0,0.0,0.0,0,0.0,0,0.0,0.0,0.0,0.0,0.0,0.0,0.0,0.0,0.0,0.0,0.0,0.1966499999994653,0,3495,C:\Users\Binich\PycharmProjects\PredictionRTS\output\learner_results\all_data\ETG-only\sce1_etg_run_0068\final_eval\eval_run_0068_web_batch_20260622_141137,web_batch_20260622_141137,57.0,6,52.02,15.563477059507573,original_final_eval_subset_lower_mean_high_variation,61.23,61.5,12.233300305462805,58.73,59.5,36
False,repeat_001::ep_179::line_179,ETG-only,sce-1,sce1_etg_run_0068,eval_run_0068_web_batch_20260622_141137,repeat_001,179,179,Win,True,57.0,57.0,3.0,57.0,0.0,30996,17,17,13,6,0.3529411764705882,0,0.0,1,6,0.3529411764705882,0,0.0,0.0,0.0,0.0,0.0,0.0,0.0,0.0,0.0,0.0,0.0,0.0,0,0.0,0,0.0,0.0,0.0,0.0,0.0,0.0,0.0,0.0,0.0,0.0,0.0,0.1930166666651208,0,4968,C:\Users\Binich\PycharmProjects\PredictionRTS\output\learner_results\all_data\ETG-only\sce1_etg_run_0068\final_eval\eval_run_0068_web_batch_20260622_141137,web_batch_20260622_141137,57.0,6,52.02,15.563477059507573,original_final_eval_subset_lower_mean_high_variation,61.23,61.5,12.233300305462805,58.73,59.5,37
False,repeat_001::ep_180::line_180,ETG-only,sce-1,sce1_etg_run_0068,eval_run_0068_web_batch_20260622_141137,repeat_001,180,180,Win,True,57.0,57.0,3.0,57.0,0.0,31138,15,15,12,3,0.2,0,0.0,1,7,0.4666666666666667,0,0.0,0.0,0.0,0.0,0.0,0.0,0.0,0.0,0.0,0.0,0.0,0.0,0,0.0,0,0.0,0.0,0.0,0.0,0.0,0.0,0.0,0.0,0.0,0.0,0.0,0.2027571428584451,0,1702,C:\Users\Binich\PycharmProjects\PredictionRTS\output\learner_results\all_data\ETG-only\sce1_etg_run_0068\final_eval\eval_run_0068_web_batch_20260622_141137,web_batch_20260622_141137,57.0,6,52.02,15.563477059507573,original_final_eval_subset_lower_mean_high_variation,61.23,61.5,12.233300305462805,58.73,59.5,38
False,repeat_001::ep_221::line_221,ETG-only,sce-1,sce1_etg_run_0068,eval_run_0068_web_batch_20260622_141137,repeat_001,221,221,Win,True,57.0,57.0,3.0,57.0,0.0,38330,17,17,15,6,0.3529411764705882,0,0.0,0,9,0.5294117647058824,0,0.0,0.0,0.0,0.0,0.0,0.0,0.0,0.0,0.0,0.0,0.0,0.0,0,0.0,0,0.0,0.0,0.0,0.0,0.0,0.0,0.0,0.0,0.0,0.0,0.0,0.2135666666684225,0,1784,C:\Users\Binich\PycharmProjects\PredictionRTS\output\learner_results\all_data\ETG-only\sce1_etg_run_0068\final_eval\eval_run_0068_web_batch_20260622_141137,web_batch_20260622_141137,57.0,6,52.02,15.563477059507573,original_final_eval_subset_lower_mean_high_variation,61.23,61.5,12.233300305462805,58.73,59.5,39
False,repeat_001::ep_2::line_2,ETG-only,sce-1,sce1_etg_run_0068,eval_run_0068_web_batch_20260622_141137,repeat_001,2,2,Win,True,54.0,54.0,3.0,54.0,0.0,372,20,20,14,0,0.0,0,0.0,0,7,0.35,0,0.0,0.0,0.0,0.0,0.0,0.0,0.0,0.0,0.0,0.0,0.0,0.0,0,0.0,0,0.0,0.0,0.0,0.0,0.0,0.0,0.0,0.0,0.0,0.0,0.0,0.2234571428567327,0,2207,C:\Users\Binich\PycharmProjects\PredictionRTS\output\learner_results\all_data\ETG-only\sce1_etg_run_0068\final_eval\eval_run_0068_web_batch_20260622_141137,web_batch_20260622_141137,54.0,4,52.02,15.563477059507573,original_final_eval_subset_lower_mean_high_variation,61.23,61.5,12.233300305462805,58.73,59.5,40
False,repeat_001::ep_38::line_38,ETG-only,sce-1,sce1_etg_run_0068,eval_run_0068_web_batch_20260622_141137,repeat_001,38,38,Win,True,54.0,54.0,3.0,54.0,0.0,6354,16,16,13,4,0.25,0,0.0,0,8,0.5,0,0.0,0.0,0.0,0.0,0.0,0.0,0.0,0.0,0.0,0.0,0.0,0.0,0,0.0,0,0.0,0.0,0.0,0.0,0.0,0.0,0.0,0.0,0.0,0.0,0.0,0.2051125000002152,0,1019,C:\Users\Binich\PycharmProjects\PredictionRTS\output\learner_results\all_data\ETG-only\sce1_etg_run_0068\final_eval\eval_run_0068_web_batch_20260622_141137,web_batch_20260622_141137,54.0,5,52.02,15.563477059507573,original_final_eval_subset_lower_mean_high_variation,61.23,61.5,12.233300305462805,58.73,59.5,41
False,repeat_001::ep_63::line_63,ETG-only,sce-1,sce1_etg_run_0068,eval_run_0068_web_batch_20260622_141137,repeat_001,63,63,Win,True,54.0,54.0,3.0,54.0,0.0,10624,18,18,14,3,0.1666666666666666,0,0.0,0,3,0.1666666666666666,0,0.0,0.0,0.0,0.0,0.0,0.0,0.0,0.0,0.0,0.0,0.0,0.0,0,0.0,0,0.0,0.0,0.0,0.0,0.0,0.0,0.0,0.0,0.0,0.0,0.0,0.196466666666358,0,2207,C:\Users\Binich\PycharmProjects\PredictionRTS\output\learner_results\all_data\ETG-only\sce1_etg_run_0068\final_eval\eval_run_0068_web_batch_20260622_141137,web_batch_20260622_141137,54.0,5,52.02,15.563477059507573,original_final_eval_subset_lower_mean_high_variation,61.23,61.5,12.233300305462805,58.73,59.5,42
False,repeat_001::ep_105::line_105,ETG-only,sce-1,sce1_etg_run_0068,eval_run_0068_web_batch_20260622_141137,repeat_001,105,105,Win,True,54.0,54.0,3.0,54.0,0.0,17708,20,20,14,0,0.0,0,0.0,0,7,0.35,0,0.0,0.0,0.0,0.0,0.0,0.0,0.0,0.0,0.0,0.0,0.0,0.0,0,0.0,0,0.0,0.0,0.0,0.0,0.0,0.0,0.0,0.0,0.0,0.0,0.0,0.207114285716768,0,2207,C:\Users\Binich\PycharmProjects\PredictionRTS\output\learner_results\all_data\ETG-only\sce1_etg_run_0068\final_eval\eval_run_0068_web_batch_20260622_141137,web_batch_20260622_141137,54.0,5,52.02,15.563477059507573,original_final_eval_subset_lower_mean_high_variation,61.23,61.5,12.233300305462805,58.73,59.5,43
False,repeat_001::ep_128::line_128,ETG-only,sce-1,sce1_etg_run_0068,eval_run_0068_web_batch_20260622_141137,repeat_001,128,128,Win,True,54.0,54.0,3.0,54.0,0.0,21664,19,19,14,1,0.0526315789473684,0,0.0,0,8,0.4210526315789473,0,0.0,0.0,0.0,0.0,0.0,0.0,0.0,0.0,0.0,0.0,0.0,0.0,0,0.0,0,0.0,0.0,0.0,0.0,0.0,0.0,0.0,0.0,0.0,0.0,0.0,0.1899749999996203,0,1770,C:\Users\Binich\PycharmProjects\PredictionRTS\output\learner_results\all_data\ETG-only\sce1_etg_run_0068\final_eval\eval_run_0068_web_batch_20260622_141137,web_batch_20260622_141137,54.0,5,52.02,15.563477059507573,original_final_eval_subset_lower_mean_high_variation,61.23,61.5,12.233300305462805,58.73,59.5,44
False,repeat_001::ep_136::line_136,ETG-only,sce-1,sce1_etg_run_0068,eval_run_0068_web_batch_20260622_141137,repeat_001,136,136,Win,True,54.0,54.0,3.0,54.0,0.0,23140,20,20,15,2,0.1,0,0.0,0,4,0.2,0,0.0,0.0,0.0,0.0,0.0,0.0,0.0,0.0,0.0,0.0,0.0,0.0,0,0.0,0,0.0,0.0,0.0,0.0,0.0,0.0,0.0,0.0,0.0,0.0,0.0,0.2005000000018242,0,2207,C:\Users\Binich\PycharmProjects\PredictionRTS\output\learner_results\all_data\ETG-only\sce1_etg_run_0068\final_eval\eval_run_0068_web_batch_20260622_141137,web_batch_20260622_141137,54.0,5,52.02,15.563477059507573,original_final_eval_subset_lower_mean_high_variation,61.23,61.5,12.233300305462805,58.73,59.5,45
False,repeat_001::ep_147::line_147,ETG-only,sce-1,sce1_etg_run_0068,eval_run_0068_web_batch_20260622_141137,repeat_001,147,147,Win,True,54.0,54.0,3.0,54.0,0.0,25372,18,18,13,0,0.0,0,0.0,1,6,0.3333333333333333,0,0.0,0.0,0.0,0.0,0.0,0.0,0.0,0.0,0.0,0.0,0.0,0.0,0,0.0,0,0.0,0.0,0.0,0.0,0.0,0.0,0.0,0.0,0.0,0.0,0.0,0.1837999999985129,0,1770,C:\Users\Binich\PycharmProjects\PredictionRTS\output\learner_results\all_data\ETG-only\sce1_etg_run_0068\final_eval\eval_run_0068_web_batch_20260622_141137,web_batch_20260622_141137,54.0,5,52.02,15.563477059507573,original_final_eval_subset_lower_mean_high_variation,61.23,61.5,12.233300305462805,58.73,59.5,46
False,repeat_001::ep_154::line_154,ETG-only,sce-1,sce1_etg_run_0068,eval_run_0068_web_batch_20260622_141137,repeat_001,154,154,Win,True,54.0,54.0,9.0,54.0,0.0,26646,19,19,16,1,0.0526315789473684,0,0.0,0,9,0.4736842105263157,0,0.0,0.0,0.0,0.0,0.0,0.0,0.0,0.0,0.0,0.0,0.0,0.0,0,0.0,0,0.0,0.0,0.0,0.0,0.0,0.0,0.0,0.0,0.0,0.0,0.0,0.2834333333328547,0,2207,C:\Users\Binich\PycharmProjects\PredictionRTS\output\learner_results\all_data\ETG-only\sce1_etg_run_0068\final_eval\eval_run_0068_web_batch_20260622_141137,web_batch_20260622_141137,54.0,5,52.02,15.563477059507573,original_final_eval_subset_lower_mean_high_variation,61.23,61.5,12.233300305462805,58.73,59.5,47
False,repeat_001::ep_167::line_167,ETG-only,sce-1,sce1_etg_run_0068,eval_run_0068_web_batch_20260622_141137,repeat_001,167,167,Win,True,54.0,54.0,3.0,54.0,0.0,28902,19,19,14,3,0.1578947368421052,0,0.0,0,10,0.5263157894736842,0,0.0,0.0,0.0,0.0,0.0,0.0,0.0,0.0,0.0,0.0,0.0,0.0,0,0.0,0,0.0,0.0,0.0,0.0,0.0,0.0,0.0,0.0,0.0,0.0,0.0,0.1975700000002689,0,2978,C:\Users\Binich\PycharmProjects\PredictionRTS\output\learner_results\all_data\ETG-only\sce1_etg_run_0068\final_eval\eval_run_0068_web_batch_20260622_141137,web_batch_20260622_141137,54.0,5,52.02,15.563477059507573,original_final_eval_subset_lower_mean_high_variation,61.23,61.5,12.233300305462805,58.73,59.5,48
False,repeat_001::ep_204::line_204,ETG-only,sce-1,sce1_etg_run_0068,eval_run_0068_web_batch_20260622_141137,repeat_001,204,204,Win,True,54.0,54.0,3.0,54.0,0.0,35286,16,16,15,3,0.1875,0,0.0,0,5,0.3125,0,0.0,0.0,0.0,0.0,0.0,0.0,0.0,0.0,0.0,0.0,0.0,0.0,0,0.0,0,0.0,0.0,0.0,0.0,0.0,0.0,0.0,0.0,0.0,0.0,0.0,0.1992799999982253,0,1019,C:\Users\Binich\PycharmProjects\PredictionRTS\output\learner_results\all_data\ETG-only\sce1_etg_run_0068\final_eval\eval_run_0068_web_batch_20260622_141137,web_batch_20260622_141137,54.0,5,52.02,15.563477059507573,original_final_eval_subset_lower_mean_high_variation,61.23,61.5,12.233300305462805,58.73,59.5,49
False,repeat_001::ep_241::line_241,ETG-only,sce-1,sce1_etg_run_0068,eval_run_0068_web_batch_20260622_141137,repeat_001,241,241,Win,True,54.0,54.0,3.0,54.0,0.0,41560,17,17,14,0,0.0,0,0.0,2,7,0.4117647058823529,0,0.0,0.0,0.0,0.0,0.0,0.0,0.0,0.0,0.0,0.0,0.0,0.0,0,0.0,0,0.0,0.0,0.0,0.0,0.0,0.0,0.0,0.0,0.0,0.0,0.0,0.1734285714271826,0,2207,C:\Users\Binich\PycharmProjects\PredictionRTS\output\learner_results\all_data\ETG-only\sce1_etg_run_0068\final_eval\eval_run_0068_web_batch_20260622_141137,web_batch_20260622_141137,54.0,5,52.02,15.563477059507573,original_final_eval_subset_lower_mean_high_variation,61.23,61.5,12.233300305462805,58.73,59.5,50
False,repeat_001::ep_300::line_300,ETG-only,sce-1,sce1_etg_run_0068,eval_run_0068_web_batch_20260622_141137,repeat_001,300,300,Win,True,54.0,54.0,9.0,54.0,0.0,51888,19,19,16,1,0.0526315789473684,0,0.0,0,8,0.4210526315789473,0,0.0,0.0,0.0,0.0,0.0,0.0,0.0,0.0,0.0,0.0,0.0,0.0,0,0.0,0,0.0,0.0,0.0,0.0,0.0,0.0,0.0,0.0,0.0,0.0,0.0,0.1810500000001269,0,2207,C:\Users\Binich\PycharmProjects\PredictionRTS\output\learner_results\all_data\ETG-only\sce1_etg_run_0068\final_eval\eval_run_0068_web_batch_20260622_141137,web_batch_20260622_141137,54.0,6,52.02,15.563477059507573,original_final_eval_subset_lower_mean_high_variation,61.23,61.5,12.233300305462805,58.73,59.5,51
False,repeat_001::ep_15::line_15,ETG-only,sce-1,sce1_etg_run_0068,eval_run_0068_web_batch_20260622_141137,repeat_001,15,15,Win,True,51.0,51.0,9.0,51.0,0.0,2628,15,15,11,4,0.2666666666666666,0,0.0,0,7,0.4666666666666667,0,0.0,0.0,0.0,0.0,0.0,0.0,0.0,0.0,0.0,0.0,0.0,0.0,0,0.0,0,0.0,0.0,0.0,0.0,0.0,0.0,0.0,0.0,0.0,0.0,0.0,0.2197857142855395,0,2905,C:\Users\Binich\PycharmProjects\PredictionRTS\output\learner_results\all_data\ETG-only\sce1_etg_run_0068\final_eval\eval_run_0068_web_batch_20260622_141137,web_batch_20260622_141137,51.0,4,52.02,15.563477059507573,original_final_eval_subset_lower_mean_high_variation,61.23,61.5,12.233300305462805,58.73,59.5,52
False,repeat_001::ep_257::line_257,ETG-only,sce-1,sce1_etg_run_0068,eval_run_0068_web_batch_20260622_141137,repeat_001,257,257,Win,True,51.0,51.0,15.0,51.0,0.0,44402,14,14,12,5,0.3571428571428571,0,0.0,0,4,0.2857142857142857,0,0.0,0.0,0.0,0.0,0.0,0.0,0.0,0.0,0.0,0.0,0.0,0.0,0,0.0,0,0.0,0.0,0.0,0.0,0.0,0.0,0.0,0.0,0.0,0.0,0.0,0.2402500000009411,0,4929,C:\Users\Binich\PycharmProjects\PredictionRTS\output\learner_results\all_data\ETG-only\sce1_etg_run_0068\final_eval\eval_run_0068_web_batch_20260622_141137,web_batch_20260622_141137,51.0,4,52.02,15.563477059507573,original_final_eval_subset_lower_mean_high_variation,61.23,61.5,12.233300305462805,58.73,59.5,53
False,repeat_001::ep_271::line_271,ETG-only,sce-1,sce1_etg_run_0068,eval_run_0068_web_batch_20260622_141137,repeat_001,271,271,Win,True,51.0,51.0,9.0,51.0,0.0,46760,13,13,11,3,0.2307692307692307,0,0.0,0,4,0.3076923076923077,0,0.0,0.0,0.0,0.0,0.0,0.0,0.0,0.0,0.0,0.0,0.0,0.0,0,0.0,0,0.0,0.0,0.0,0.0,0.0,0.0,0.0,0.0,0.0,0.0,0.0,0.1892999999917322,0,1702,C:\Users\Binich\PycharmProjects\PredictionRTS\output\learner_results\all_data\ETG-only\sce1_etg_run_0068\final_eval\eval_run_0068_web_batch_20260622_141137,web_batch_20260622_141137,51.0,4,52.02,15.563477059507573,original_final_eval_subset_lower_mean_high_variation,61.23,61.5,12.233300305462805,58.73,59.5,54
False,repeat_001::ep_28::line_28,ETG-only,sce-1,sce1_etg_run_0068,eval_run_0068_web_batch_20260622_141137,repeat_001,28,28,Win,True,48.0,48.0,-3.0,48.0,0.0,4674,20,20,18,1,0.05,0,0.0,0,5,0.25,0,0.0,0.0,0.0,0.0,0.0,0.0,0.0,0.0,0.0,0.0,0.0,0.0,0,0.0,0,0.0,0.0,0.0,0.0,0.0,0.0,0.0,0.0,0.0,0.0,0.0,0.1939400000011915,0,2207,C:\Users\Binich\PycharmProjects\PredictionRTS\output\learner_results\all_data\ETG-only\sce1_etg_run_0068\final_eval\eval_run_0068_web_batch_20260622_141137,web_batch_20260622_141137,48.0,3,52.02,15.563477059507573,original_final_eval_subset_lower_mean_high_variation,61.23,61.5,12.233300305462805,58.73,59.5,55
False,repeat_001::ep_34::line_34,ETG-only,sce-1,sce1_etg_run_0068,eval_run_0068_web_batch_20260622_141137,repeat_001,34,34,Win,True,48.0,48.0,3.0,48.0,0.0,5656,17,17,16,3,0.1764705882352941,0,0.0,0,5,0.2941176470588235,0,0.0,0.0,0.0,0.0,0.0,0.0,0.0,0.0,0.0,0.0,0.0,0.0,0,0.0,0,0.0,0.0,0.0,0.0,0.0,0.0,0.0,0.0,0.0,0.0,0.0,0.2128000000006125,0,1019,C:\Users\Binich\PycharmProjects\PredictionRTS\output\learner_results\all_data\ETG-only\sce1_etg_run_0068\final_eval\eval_run_0068_web_batch_20260622_141137,web_batch_20260622_141137,48.0,3,52.02,15.563477059507573,original_final_eval_subset_lower_mean_high_variation,61.23,61.5,12.233300305462805,58.73,59.5,56
False,repeat_001::ep_84::line_84,ETG-only,sce-1,sce1_etg_run_0068,eval_run_0068_web_batch_20260622_141137,repeat_001,84,84,Win,True,48.0,48.0,9.0,48.0,0.0,14226,19,19,17,1,0.0526315789473684,0,0.0,0,9,0.4736842105263157,0,0.0,0.0,0.0,0.0,0.0,0.0,0.0,0.0,0.0,0.0,0.0,0.0,0,0.0,0,0.0,0.0,0.0,0.0,0.0,0.0,0.0,0.0,0.0,0.0,0.0,0.188466666668003,0,2207,C:\Users\Binich\PycharmProjects\PredictionRTS\output\learner_results\all_data\ETG-only\sce1_etg_run_0068\final_eval\eval_run_0068_web_batch_20260622_141137,web_batch_20260622_141137,48.0,3,52.02,15.563477059507573,original_final_eval_subset_lower_mean_high_variation,61.23,61.5,12.233300305462805,58.73,59.5,57
False,repeat_001::ep_91::line_91,ETG-only,sce-1,sce1_etg_run_0068,eval_run_0068_web_batch_20260622_141137,repeat_001,91,91,Win,True,48.0,48.0,9.0,48.0,0.0,15360,17,17,15,2,0.1176470588235294,0,0.0,0,5,0.2941176470588235,0,0.0,0.0,0.0,0.0,0.0,0.0,0.0,0.0,0.0,0.0,0.0,0.0,0,0.0,0,0.0,0.0,0.0,0.0,0.0,0.0,0.0,0.0,0.0,0.0,0.0,0.2718599999980142,0,1019,C:\Users\Binich\PycharmProjects\PredictionRTS\output\learner_results\all_data\ETG-only\sce1_etg_run_0068\final_eval\eval_run_0068_web_batch_20260622_141137,web_batch_20260622_141137,48.0,3,52.02,15.563477059507573,original_final_eval_subset_lower_mean_high_variation,61.23,61.5,12.233300305462805,58.73,59.5,58
False,repeat_001::ep_129::line_129,ETG-only,sce-1,sce1_etg_run_0068,eval_run_0068_web_batch_20260622_141137,repeat_001,129,129,Win,True,48.0,48.0,3.0,48.0,0.0,21836,18,18,17,0,0.0,0,0.0,0,9,0.5,0,0.0,0.0,0.0,0.0,0.0,0.0,0.0,0.0,0.0,0.0,0.0,0.0,0,0.0,0,0.0,0.0,0.0,0.0,0.0,0.0,0.0,0.0,0.0,0.0,0.0,0.208411111111041,0,2207,C:\Users\Binich\PycharmProjects\PredictionRTS\output\learner_results\all_data\ETG-only\sce1_etg_run_0068\final_eval\eval_run_0068_web_batch_20260622_141137,web_batch_20260622_141137,48.0,3,52.02,15.563477059507573,original_final_eval_subset_lower_mean_high_variation,61.23,61.5,12.233300305462805,58.73,59.5,59
False,repeat_001::ep_138::line_138,ETG-only,sce-1,sce1_etg_run_0068,eval_run_0068_web_batch_20260622_141137,repeat_001,138,138,Win,True,48.0,48.0,3.0,48.0,0.0,23524,20,20,14,2,0.1,0,0.0,0,5,0.25,0,0.0,0.0,0.0,0.0,0.0,0.0,0.0,0.0,0.0,0.0,0.0,0.0,0,0.0,0,0.0,0.0,0.0,0.0,0.0,0.0,0.0,0.0,0.0,0.0,0.0,0.1910399999999867,0,2207,C:\Users\Binich\PycharmProjects\PredictionRTS\output\learner_results\all_data\ETG-only\sce1_etg_run_0068\final_eval\eval_run_0068_web_batch_20260622_141137,web_batch_20260622_141137,48.0,4,52.02,15.563477059507573,original_final_eval_subset_lower_mean_high_variation,61.23,61.5,12.233300305462805,58.73,59.5,60
False,repeat_001::ep_146::line_146,ETG-only,sce-1,sce1_etg_run_0068,eval_run_0068_web_batch_20260622_141137,repeat_001,146,146,Win,True,48.0,48.0,9.0,48.0,0.0,25200,18,18,16,0,0.0,0,0.0,0,10,0.5555555555555556,0,0.0,0.0,0.0,0.0,0.0,0.0,0.0,0.0,0.0,0.0,0.0,0.0,0,0.0,0,0.0,0.0,0.0,0.0,0.0,0.0,0.0,0.0,0.0,0.0,0.0,0.1793100000014647,0,2188,C:\Users\Binich\PycharmProjects\PredictionRTS\output\learner_results\all_data\ETG-only\sce1_etg_run_0068\final_eval\eval_run_0068_web_batch_20260622_141137,web_batch_20260622_141137,48.0,4,52.02,15.563477059507573,original_final_eval_subset_lower_mean_high_variation,61.23,61.5,12.233300305462805,58.73,59.5,61
False,repeat_001::ep_148::line_148,ETG-only,sce-1,sce1_etg_run_0068,eval_run_0068_web_batch_20260622_141137,repeat_001,148,148,Win,True,48.0,48.0,3.0,48.0,0.0,25564,20,20,14,0,0.0,0,0.0,0,7,0.35,0,0.0,0.0,0.0,0.0,0.0,0.0,0.0,0.0,0.0,0.0,0.0,0.0,0,0.0,0,0.0,0.0,0.0,0.0,0.0,0.0,0.0,0.0,0.0,0.0,0.0,0.186257142856456,0,2207,C:\Users\Binich\PycharmProjects\PredictionRTS\output\learner_results\all_data\ETG-only\sce1_etg_run_0068\final_eval\eval_run_0068_web_batch_20260622_141137,web_batch_20260622_141137,48.0,4,52.02,15.563477059507573,original_final_eval_subset_lower_mean_high_variation,61.23,61.5,12.233300305462805,58.73,59.5,62
False,repeat_001::ep_162::line_162,ETG-only,sce-1,sce1_etg_run_0068,eval_run_0068_web_batch_20260622_141137,repeat_001,162,162,Win,True,48.0,48.0,3.0,48.0,0.0,27982,19,19,17,2,0.1052631578947368,0,0.0,0,9,0.4736842105263157,0,0.0,0.0,0.0,0.0,0.0,0.0,0.0,0.0,0.0,0.0,0.0,0.0,0,0.0,0,0.0,0.0,0.0,0.0,0.0,0.0,0.0,0.0,0.0,0.0,0.0,0.2341555555539621,0,2207,C:\Users\Binich\PycharmProjects\PredictionRTS\output\learner_results\all_data\ETG-only\sce1_etg_run_0068\final_eval\eval_run_0068_web_batch_20260622_141137,web_batch_20260622_141137,48.0,4,52.02,15.563477059507573,original_final_eval_subset_lower_mean_high_variation,61.23,61.5,12.233300305462805,58.73,59.5,63
False,repeat_001::ep_215::line_215,ETG-only,sce-1,sce1_etg_run_0068,eval_run_0068_web_batch_20260622_141137,repeat_001,215,215,Win,True,48.0,48.0,3.0,48.0,0.0,37228,20,20,13,1,0.05,0,0.0,0,8,0.4,0,0.0,0.0,0.0,0.0,0.0,0.0,0.0,0.0,0.0,0.0,0.0,0.0,0,0.0,0,0.0,0.0,0.0,0.0,0.0,0.0,0.0,0.0,0.0,0.0,0.0,0.2430125000012495,0,2207,C:\Users\Binich\PycharmProjects\PredictionRTS\output\learner_results\all_data\ETG-only\sce1_etg_run_0068\final_eval\eval_run_0068_web_batch_20260622_141137,web_batch_20260622_141137,48.0,4,52.02,15.563477059507573,original_final_eval_subset_lower_mean_high_variation,61.23,61.5,12.233300305462805,58.73,59.5,64
False,repeat_001::ep_219::line_219,ETG-only,sce-1,sce1_etg_run_0068,eval_run_0068_web_batch_20260622_141137,repeat_001,219,219,Win,True,48.0,48.0,9.0,48.0,0.0,37976,17,17,15,0,0.0,0,0.0,0,8,0.4705882352941176,0,0.0,0.0,0.0,0.0,0.0,0.0,0.0,0.0,0.0,0.0,0.0,0.0,0,0.0,0,0.0,0.0,0.0,0.0,0.0,0.0,0.0,0.0,0.0,0.0,0.0,0.1896250000017474,0,2585,C:\Users\Binich\PycharmProjects\PredictionRTS\output\learner_results\all_data\ETG-only\sce1_etg_run_0068\final_eval\eval_run_0068_web_batch_20260622_141137,web_batch_20260622_141137,48.0,4,52.02,15.563477059507573,original_final_eval_subset_lower_mean_high_variation,61.23,61.5,12.233300305462805,58.73,59.5,65
False,repeat_001::ep_151::line_151,ETG-only,sce-1,sce1_etg_run_0068,eval_run_0068_web_batch_20260622_141137,repeat_001,151,151,Win,True,45.0,45.0,3.0,45.0,0.0,26120,19,19,16,1,0.0526315789473684,0,0.0,0,7,0.3684210526315789,0,0.0,0.0,0.0,0.0,0.0,0.0,0.0,0.0,0.0,0.0,0.0,0.0,0,0.0,0,0.0,0.0,0.0,0.0,0.0,0.0,0.0,0.0,0.0,0.0,0.0,0.1713142857135657,0,378,C:\Users\Binich\PycharmProjects\PredictionRTS\output\learner_results\all_data\ETG-only\sce1_etg_run_0068\final_eval\eval_run_0068_web_batch_20260622_141137,web_batch_20260622_141137,45.0,3,52.02,15.563477059507573,original_final_eval_subset_lower_mean_high_variation,61.23,61.5,12.233300305462805,58.73,59.5,66
False,repeat_001::ep_7::line_7,ETG-only,sce-1,sce1_etg_run_0068,eval_run_0068_web_batch_20260622_141137,repeat_001,7,7,Win,True,42.0,42.0,9.0,42.0,0.0,1292,20,20,14,0,0.0,0,0.0,1,8,0.4,0,0.0,0.0,0.0,0.0,0.0,0.0,0.0,0.0,0.0,0.0,0.0,0.0,0,0.0,0,0.0,0.0,0.0,0.0,0.0,0.0,0.0,0.0,0.0,0.0,0.0,0.1790000000001512,0,2188,C:\Users\Binich\PycharmProjects\PredictionRTS\output\learner_results\all_data\ETG-only\sce1_etg_run_0068\final_eval\eval_run_0068_web_batch_20260622_141137,web_batch_20260622_141137,42.0,2,52.02,15.563477059507573,original_final_eval_subset_lower_mean_high_variation,61.23,61.5,12.233300305462805,58.73,59.5,67
False,repeat_001::ep_62::line_62,ETG-only,sce-1,sce1_etg_run_0068,eval_run_0068_web_batch_20260622_141137,repeat_001,62,62,Win,True,42.0,42.0,3.0,42.0,0.0,10452,19,19,15,0,0.0,0,0.0,0,9,0.4736842105263157,0,0.0,0.0,0.0,0.0,0.0,0.0,0.0,0.0,0.0,0.0,0.0,0.0,0,0.0,0,0.0,0.0,0.0,0.0,0.0,0.0,0.0,0.0,0.0,0.0,0.0,0.1903999999994552,0,234,C:\Users\Binich\PycharmProjects\PredictionRTS\output\learner_results\all_data\ETG-only\sce1_etg_run_0068\final_eval\eval_run_0068_web_batch_20260622_141137,web_batch_20260622_141137,42.0,2,52.02,15.563477059507573,original_final_eval_subset_lower_mean_high_variation,61.23,61.5,12.233300305462805,58.73,59.5,68
False,repeat_001::ep_65::line_65,ETG-only,sce-1,sce1_etg_run_0068,eval_run_0068_web_batch_20260622_141137,repeat_001,65,65,Win,True,42.0,42.0,3.0,42.0,0.0,10998,18,18,16,1,0.0555555555555555,0,0.0,0,9,0.5,0,0.0,0.0,0.0,0.0,0.0,0.0,0.0,0.0,0.0,0.0,0.0,0.0,0,0.0,0,0.0,0.0,0.0,0.0,0.0,0.0,0.0,0.0,0.0,0.0,0.0,0.2465666666664232,0,234,C:\Users\Binich\PycharmProjects\PredictionRTS\output\learner_results\all_data\ETG-only\sce1_etg_run_0068\final_eval\eval_run_0068_web_batch_20260622_141137,web_batch_20260622_141137,42.0,2,52.02,15.563477059507573,original_final_eval_subset_lower_mean_high_variation,61.23,61.5,12.233300305462805,58.73,59.5,69
False,repeat_001::ep_95::line_95,ETG-only,sce-1,sce1_etg_run_0068,eval_run_0068_web_batch_20260622_141137,repeat_001,95,95,Win,True,42.0,42.0,3.0,42.0,0.0,16008,20,20,17,0,0.0,0,0.0,0,6,0.3,0,0.0,0.0,0.0,0.0,0.0,0.0,0.0,0.0,0.0,0.0,0.0,0.0,0,0.0,0,0.0,0.0,0.0,0.0,0.0,0.0,0.0,0.0,0.0,0.0,0.0,0.2761666666657447,0,234,C:\Users\Binich\PycharmProjects\PredictionRTS\output\learner_results\all_data\ETG-only\sce1_etg_run_0068\final_eval\eval_run_0068_web_batch_20260622_141137,web_batch_20260622_141137,42.0,2,52.02,15.563477059507573,original_final_eval_subset_lower_mean_high_variation,61.23,61.5,12.233300305462805,58.73,59.5,70
False,repeat_001::ep_97::line_97,ETG-only,sce-1,sce1_etg_run_0068,eval_run_0068_web_batch_20260622_141137,repeat_001,97,97,Win,True,42.0,42.0,3.0,42.0,0.0,16322,19,19,14,1,0.0526315789473684,0,0.0,0,9,0.4736842105263157,0,0.0,0.0,0.0,0.0,0.0,0.0,0.0,0.0,0.0,0.0,0.0,0.0,0,0.0,0,0.0,0.0,0.0,0.0,0.0,0.0,0.0,0.0,0.0,0.0,0.0,0.1726666666681037,0,234,C:\Users\Binich\PycharmProjects\PredictionRTS\output\learner_results\all_data\ETG-only\sce1_etg_run_0068\final_eval\eval_run_0068_web_batch_20260622_141137,web_batch_20260622_141137,42.0,2,52.02,15.563477059507573,original_final_eval_subset_lower_mean_high_variation,61.23,61.5,12.233300305462805,58.73,59.5,71
False,repeat_001::ep_107::line_107,ETG-only,sce-1,sce1_etg_run_0068,eval_run_0068_web_batch_20260622_141137,repeat_001,107,107,Win,True,42.0,42.0,3.0,42.0,0.0,18082,19,19,15,2,0.1052631578947368,0,0.0,0,9,0.4736842105263157,0,0.0,0.0,0.0,0.0,0.0,0.0,0.0,0.0,0.0,0.0,0.0,0.0,0,0.0,0,0.0,0.0,0.0,0.0,0.0,0.0,0.0,0.0,0.0,0.0,0.0,0.1867444444446025,0,234,C:\Users\Binich\PycharmProjects\PredictionRTS\output\learner_results\all_data\ETG-only\sce1_etg_run_0068\final_eval\eval_run_0068_web_batch_20260622_141137,web_batch_20260622_141137,42.0,2,52.02,15.563477059507573,original_final_eval_subset_lower_mean_high_variation,61.23,61.5,12.233300305462805,58.73,59.5,72
False,repeat_001::ep_117::line_117,ETG-only,sce-1,sce1_etg_run_0068,eval_run_0068_web_batch_20260622_141137,repeat_001,117,117,Win,True,42.0,42.0,9.0,42.0,0.0,19842,19,19,13,1,0.0526315789473684,0,0.0,1,8,0.4210526315789473,0,0.0,0.0,0.0,0.0,0.0,0.0,0.0,0.0,0.0,0.0,0.0,0.0,0,0.0,0,0.0,0.0,0.0,0.0,0.0,0.0,0.0,0.0,0.0,0.0,0.0,0.2856874999990211,0,2188,C:\Users\Binich\PycharmProjects\PredictionRTS\output\learner_results\all_data\ETG-only\sce1_etg_run_0068\final_eval\eval_run_0068_web_batch_20260622_141137,web_batch_20260622_141137,42.0,2,52.02,15.563477059507573,original_final_eval_subset_lower_mean_high_variation,61.23,61.5,12.233300305462805,58.73,59.5,73
False,repeat_001::ep_143::line_143,ETG-only,sce-1,sce1_etg_run_0068,eval_run_0068_web_batch_20260622_141137,repeat_001,143,143,Win,True,42.0,42.0,3.0,42.0,0.0,24654,17,17,15,3,0.1764705882352941,0,0.0,0,6,0.3529411764705882,0,0.0,0.0,0.0,0.0,0.0,0.0,0.0,0.0,0.0,0.0,0.0,0.0,0,0.0,0,0.0,0.0,0.0,0.0,0.0,0.0,0.0,0.0,0.0,0.0,0.0,0.2157333333343558,0,2585,C:\Users\Binich\PycharmProjects\PredictionRTS\output\learner_results\all_data\ETG-only\sce1_etg_run_0068\final_eval\eval_run_0068_web_batch_20260622_141137,web_batch_20260622_141137,42.0,2,52.02,15.563477059507573,original_final_eval_subset_lower_mean_high_variation,61.23,61.5,12.233300305462805,58.73,59.5,74
False,repeat_001::ep_165::line_165,ETG-only,sce-1,sce1_etg_run_0068,eval_run_0068_web_batch_20260622_141137,repeat_001,165,165,Win,True,42.0,42.0,3.0,42.0,0.0,28528,19,19,16,0,0.0,0,0.0,0,11,0.5789473684210527,0,0.0,0.0,0.0,0.0,0.0,0.0,0.0,0.0,0.0,0.0,0.0,0.0,0,0.0,0,0.0,0.0,0.0,0.0,0.0,0.0,0.0,0.0,0.0,0.0,0.0,0.1964818181809329,0,2188,C:\Users\Binich\PycharmProjects\PredictionRTS\output\learner_results\all_data\ETG-only\sce1_etg_run_0068\final_eval\eval_run_0068_web_batch_20260622_141137,web_batch_20260622_141137,42.0,2,52.02,15.563477059507573,original_final_eval_subset_lower_mean_high_variation,61.23,61.5,12.233300305462805,58.73,59.5,75
False,repeat_001::ep_186::line_186,ETG-only,sce-1,sce1_etg_run_0068,eval_run_0068_web_batch_20260622_141137,repeat_001,186,186,Win,True,42.0,42.0,-3.0,42.0,0.0,32130,20,20,13,3,0.15,0,0.0,0,6,0.3,0,0.0,0.0,0.0,0.0,0.0,0.0,0.0,0.0,0.0,0.0,0.0,0.0,0,0.0,0,0.0,0.0,0.0,0.0,0.0,0.0,0.0,0.0,0.0,0.0,0.0,0.232133333332977,0,234,C:\Users\Binich\PycharmProjects\PredictionRTS\output\learner_results\all_data\ETG-only\sce1_etg_run_0068\final_eval\eval_run_0068_web_batch_20260622_141137,web_batch_20260622_141137,42.0,2,52.02,15.563477059507573,original_final_eval_subset_lower_mean_high_variation,61.23,61.5,12.233300305462805,58.73,59.5,76
False,repeat_001::ep_200::line_200,ETG-only,sce-1,sce1_etg_run_0068,eval_run_0068_web_batch_20260622_141137,repeat_001,200,200,Win,True,42.0,42.0,3.0,42.0,0.0,34628,19,19,16,0,0.0,0,0.0,0,6,0.3157894736842105,0,0.0,0.0,0.0,0.0,0.0,0.0,0.0,0.0,0.0,0.0,0.0,0.0,0,0.0,0,0.0,0.0,0.0,0.0,0.0,0.0,0.0,0.0,0.0,0.0,0.0,0.2007166666662859,0,234,C:\Users\Binich\PycharmProjects\PredictionRTS\output\learner_results\all_data\ETG-only\sce1_etg_run_0068\final_eval\eval_run_0068_web_batch_20260622_141137,web_batch_20260622_141137,42.0,3,52.02,15.563477059507573,original_final_eval_subset_lower_mean_high_variation,61.23,61.5,12.233300305462805,58.73,59.5,77
False,repeat_001::ep_210::line_210,ETG-only,sce-1,sce1_etg_run_0068,eval_run_0068_web_batch_20260622_141137,repeat_001,210,210,Win,True,42.0,42.0,3.0,42.0,0.0,36378,19,19,17,1,0.0526315789473684,0,0.0,1,8,0.4210526315789473,0,0.0,0.0,0.0,0.0,0.0,0.0,0.0,0.0,0.0,0.0,0.0,0.0,0,0.0,0,0.0,0.0,0.0,0.0,0.0,0.0,0.0,0.0,0.0,0.0,0.0,0.2221375000015513,0,234,C:\Users\Binich\PycharmProjects\PredictionRTS\output\learner_results\all_data\ETG-only\sce1_etg_run_0068\final_eval\eval_run_0068_web_batch_20260622_141137,web_batch_20260622_141137,42.0,3,52.02,15.563477059507573,original_final_eval_subset_lower_mean_high_variation,61.23,61.5,12.233300305462805,58.73,59.5,78
False,repeat_001::ep_227::line_227,ETG-only,sce-1,sce1_etg_run_0068,eval_run_0068_web_batch_20260622_141137,repeat_001,227,227,Win,True,42.0,42.0,3.0,42.0,0.0,39362,19,19,16,0,0.0,0,0.0,0,8,0.4210526315789473,0,0.0,0.0,0.0,0.0,0.0,0.0,0.0,0.0,0.0,0.0,0.0,0.0,0,0.0,0,0.0,0.0,0.0,0.0,0.0,0.0,0.0,0.0,0.0,0.0,0.0,0.1792374999975976,0,234,C:\Users\Binich\PycharmProjects\PredictionRTS\output\learner_results\all_data\ETG-only\sce1_etg_run_0068\final_eval\eval_run_0068_web_batch_20260622_141137,web_batch_20260622_141137,42.0,3,52.02,15.563477059507573,original_final_eval_subset_lower_mean_high_variation,61.23,61.5,12.233300305462805,58.73,59.5,79
False,repeat_001::ep_283::line_283,ETG-only,sce-1,sce1_etg_run_0068,eval_run_0068_web_batch_20260622_141137,repeat_001,283,283,Win,True,42.0,42.0,-3.0,42.0,0.0,48934,18,18,15,1,0.0555555555555555,0,0.0,0,9,0.5,0,0.0,0.0,0.0,0.0,0.0,0.0,0.0,0.0,0.0,0.0,0.0,0.0,0,0.0,0,0.0,0.0,0.0,0.0,0.0,0.0,0.0,0.0,0.0,0.0,0.0,0.1848111111068343,0,234,C:\Users\Binich\PycharmProjects\PredictionRTS\output\learner_results\all_data\ETG-only\sce1_etg_run_0068\final_eval\eval_run_0068_web_batch_20260622_141137,web_batch_20260622_141137,42.0,3,52.02,15.563477059507573,original_final_eval_subset_lower_mean_high_variation,61.23,61.5,12.233300305462805,58.73,59.5,80
False,repeat_001::ep_16::line_16,ETG-only,sce-1,sce1_etg_run_0068,eval_run_0068_web_batch_20260622_141137,repeat_001,16,16,Win,True,36.0,36.0,3.0,36.0,0.0,2810,19,19,14,0,0.0,0,0.0,2,7,0.3684210526315789,0,0.0,0.0,0.0,0.0,0.0,0.0,0.0,0.0,0.0,0.0,0.0,0.0,0,0.0,0,0.0,0.0,0.0,0.0,0.0,0.0,0.0,0.0,0.0,0.0,0.0,0.1807428571421862,0,234,C:\Users\Binich\PycharmProjects\PredictionRTS\output\learner_results\all_data\ETG-only\sce1_etg_run_0068\final_eval\eval_run_0068_web_batch_20260622_141137,web_batch_20260622_141137,36.0,1,52.02,15.563477059507573,original_final_eval_subset_lower_mean_high_variation,61.23,61.5,12.233300305462805,58.73,59.5,81
False,repeat_001::ep_116::line_116,ETG-only,sce-1,sce1_etg_run_0068,eval_run_0068_web_batch_20260622_141137,repeat_001,116,116,Win,True,36.0,36.0,3.0,36.0,0.0,19660,19,19,14,1,0.0526315789473684,0,0.0,1,8,0.4210526315789473,0,0.0,0.0,0.0,0.0,0.0,0.0,0.0,0.0,0.0,0.0,0.0,0.0,0,0.0,0,0.0,0.0,0.0,0.0,0.0,0.0,0.0,0.0,0.0,0.0,0.0,0.3466874999977776,0,2188,C:\Users\Binich\PycharmProjects\PredictionRTS\output\learner_results\all_data\ETG-only\sce1_etg_run_0068\final_eval\eval_run_0068_web_batch_20260622_141137,web_batch_20260622_141137,36.0,1,52.02,15.563477059507573,original_final_eval_subset_lower_mean_high_variation,61.23,61.5,12.233300305462805,58.73,59.5,82
False,repeat_001::ep_144::line_144,ETG-only,sce-1,sce1_etg_run_0068,eval_run_0068_web_batch_20260622_141137,repeat_001,144,144,Win,True,36.0,36.0,-3.0,36.0,0.0,24836,19,19,16,0,0.0,0,0.0,0,10,0.5263157894736842,0,0.0,0.0,0.0,0.0,0.0,0.0,0.0,0.0,0.0,0.0,0.0,0.0,0,0.0,0,0.0,0.0,0.0,0.0,0.0,0.0,0.0,0.0,0.0,0.0,0.0,0.2206300000011651,0,234,C:\Users\Binich\PycharmProjects\PredictionRTS\output\learner_results\all_data\ETG-only\sce1_etg_run_0068\final_eval\eval_run_0068_web_batch_20260622_141137,web_batch_20260622_141137,36.0,1,52.02,15.563477059507573,original_final_eval_subset_lower_mean_high_variation,61.23,61.5,12.233300305462805,58.73,59.5,83
False,repeat_001::ep_161::line_161,ETG-only,sce-1,sce1_etg_run_0068,eval_run_0068_web_batch_20260622_141137,repeat_001,161,161,Win,True,36.0,36.0,3.0,36.0,0.0,27800,19,19,14,0,0.0,0,0.0,1,6,0.3157894736842105,0,0.0,0.0,0.0,0.0,0.0,0.0,0.0,0.0,0.0,0.0,0.0,0.0,0,0.0,0,0.0,0.0,0.0,0.0,0.0,0.0,0.0,0.0,0.0,0.0,0.0,0.2439166666690084,0,2188,C:\Users\Binich\PycharmProjects\PredictionRTS\output\learner_results\all_data\ETG-only\sce1_etg_run_0068\final_eval\eval_run_0068_web_batch_20260622_141137,web_batch_20260622_141137,36.0,1,52.02,15.563477059507573,original_final_eval_subset_lower_mean_high_variation,61.23,61.5,12.233300305462805,58.73,59.5,84
False,repeat_001::ep_192::line_192,ETG-only,sce-1,sce1_etg_run_0068,eval_run_0068_web_batch_20260622_141137,repeat_001,192,192,Win,True,36.0,36.0,-3.0,36.0,0.0,33212,20,20,16,1,0.05,0,0.0,0,10,0.5,0,0.0,0.0,0.0,0.0,0.0,0.0,0.0,0.0,0.0,0.0,0.0,0.0,0,0.0,0,0.0,0.0,0.0,0.0,0.0,0.0,0.0,0.0,0.0,0.0,0.0,0.1996800000007681,0,234,C:\Users\Binich\PycharmProjects\PredictionRTS\output\learner_results\all_data\ETG-only\sce1_etg_run_0068\final_eval\eval_run_0068_web_batch_20260622_141137,web_batch_20260622_141137,36.0,1,52.02,15.563477059507573,original_final_eval_subset_lower_mean_high_variation,61.23,61.5,12.233300305462805,58.73,59.5,85
False,repeat_001::ep_234::line_234,ETG-only,sce-1,sce1_etg_run_0068,eval_run_0068_web_batch_20260622_141137,repeat_001,234,234,Win,True,36.0,36.0,-3.0,36.0,0.0,40476,20,20,17,0,0.0,0,0.0,0,10,0.5,0,0.0,0.0,0.0,0.0,0.0,0.0,0.0,0.0,0.0,0.0,0.0,0.0,0,0.0,0,0.0,0.0,0.0,0.0,0.0,0.0,0.0,0.0,0.0,0.0,0.0,0.1778700000016897,0,1950,C:\Users\Binich\PycharmProjects\PredictionRTS\output\learner_results\all_data\ETG-only\sce1_etg_run_0068\final_eval\eval_run_0068_web_batch_20260622_141137,web_batch_20260622_141137,36.0,1,52.02,15.563477059507573,original_final_eval_subset_lower_mean_high_variation,61.23,61.5,12.233300305462805,58.73,59.5,86
False,repeat_001::ep_279::line_279,ETG-only,sce-1,sce1_etg_run_0068,eval_run_0068_web_batch_20260622_141137,repeat_001,279,279,Win,True,36.0,36.0,3.0,36.0,0.0,48196,20,20,14,3,0.15,0,0.0,0,7,0.35,0,0.0,0.0,0.0,0.0,0.0,0.0,0.0,0.0,0.0,0.0,0.0,0.0,0,0.0,0,0.0,0.0,0.0,0.0,0.0,0.0,0.0,0.0,0.0,0.0,0.0,0.1927285714304259,0,234,C:\Users\Binich\PycharmProjects\PredictionRTS\output\learner_results\all_data\ETG-only\sce1_etg_run_0068\final_eval\eval_run_0068_web_batch_20260622_141137,web_batch_20260622_141137,36.0,1,52.02,15.563477059507573,original_final_eval_subset_lower_mean_high_variation,61.23,61.5,12.233300305462805,58.73,59.5,87
False,repeat_001::ep_280::line_280,ETG-only,sce-1,sce1_etg_run_0068,eval_run_0068_web_batch_20260622_141137,repeat_001,280,280,Win,True,36.0,36.0,9.0,36.0,0.0,48388,20,20,15,0,0.0,0,0.0,1,8,0.4,0,0.0,0.0,0.0,0.0,0.0,0.0,0.0,0.0,0.0,0.0,0.0,0.0,0,0.0,0,0.0,0.0,0.0,0.0,0.0,0.0,0.0,0.0,0.0,0.0,0.0,0.1867374999999782,0,2188,C:\Users\Binich\PycharmProjects\PredictionRTS\output\learner_results\all_data\ETG-only\sce1_etg_run_0068\final_eval\eval_run_0068_web_batch_20260622_141137,web_batch_20260622_141137,36.0,1,52.02,15.563477059507573,original_final_eval_subset_lower_mean_high_variation,61.23,61.5,12.233300305462805,58.73,59.5,88
False,repeat_001::ep_286::line_286,ETG-only,sce-1,sce1_etg_run_0068,eval_run_0068_web_batch_20260622_141137,repeat_001,286,286,Win,True,36.0,36.0,9.0,36.0,0.0,49470,19,19,16,1,0.0526315789473684,0,0.0,1,7,0.3684210526315789,0,0.0,0.0,0.0,0.0,0.0,0.0,0.0,0.0,0.0,0.0,0.0,0.0,0,0.0,0,0.0,0.0,0.0,0.0,0.0,0.0,0.0,0.0,0.0,0.0,0.0,0.1932428571426011,0,2188,C:\Users\Binich\PycharmProjects\PredictionRTS\output\learner_results\all_data\ETG-only\sce1_etg_run_0068\final_eval\eval_run_0068_web_batch_20260622_141137,web_batch_20260622_141137,36.0,1,52.02,15.563477059507573,original_final_eval_subset_lower_mean_high_variation,61.23,61.5,12.233300305462805,58.73,59.5,89
False,repeat_001::ep_121::line_121,ETG-only,sce-1,sce1_etg_run_0068,eval_run_0068_web_batch_20260622_141137,repeat_001,121,121,Win,True,33.0,33.0,-3.0,33.0,0.0,20480,20,20,16,0,0.0,0,0.0,1,6,0.3,0,0.0,0.0,0.0,0.0,0.0,0.0,0.0,0.0,0.0,0.0,0.0,0.0,0,0.0,0,0.0,0.0,0.0,0.0,0.0,0.0,0.0,0.0,0.0,0.0,0.0,0.2110833333333062,0,378,C:\Users\Binich\PycharmProjects\PredictionRTS\output\learner_results\all_data\ETG-only\sce1_etg_run_0068\final_eval\eval_run_0068_web_batch_20260622_141137,web_batch_20260622_141137,33.0,1,52.02,15.563477059507573,original_final_eval_subset_lower_mean_high_variation,61.23,61.5,12.233300305462805,58.73,59.5,90
False,repeat_001::ep_30::line_30,ETG-only,sce-1,sce1_etg_run_0068,eval_run_0068_web_batch_20260622_141137,repeat_001,30,30,Win,True,30.0,30.0,3.0,30.0,0.0,5038,18,18,13,0,0.0,0,0.0,0,11,0.6111111111111112,0,0.0,0.0,0.0,0.0,0.0,0.0,0.0,0.0,0.0,0.0,0.0,0.0,0,0.0,0,0.0,0.0,0.0,0.0,0.0,0.0,0.0,0.0,0.0,0.0,0.0,0.2094999999994487,0,2188,C:\Users\Binich\PycharmProjects\PredictionRTS\output\learner_results\all_data\ETG-only\sce1_etg_run_0068\final_eval\eval_run_0068_web_batch_20260622_141137,web_batch_20260622_141137,30.0,0,52.02,15.563477059507573,original_final_eval_subset_lower_mean_high_variation,61.23,61.5,12.233300305462805,58.73,59.5,91
False,repeat_001::ep_75::line_75,ETG-only,sce-1,sce1_etg_run_0068,eval_run_0068_web_batch_20260622_141137,repeat_001,75,75,Win,True,30.0,30.0,3.0,30.0,0.0,12698,20,20,17,0,0.0,0,0.0,1,8,0.4,0,0.0,0.0,0.0,0.0,0.0,0.0,0.0,0.0,0.0,0.0,0.0,0.0,0,0.0,0,0.0,0.0,0.0,0.0,0.0,0.0,0.0,0.0,0.0,0.0,0.0,0.2430124999994731,0,2020,C:\Users\Binich\PycharmProjects\PredictionRTS\output\learner_results\all_data\ETG-only\sce1_etg_run_0068\final_eval\eval_run_0068_web_batch_20260622_141137,web_batch_20260622_141137,30.0,0,52.02,15.563477059507573,original_final_eval_subset_lower_mean_high_variation,61.23,61.5,12.233300305462805,58.73,59.5,92
False,repeat_001::ep_246::line_246,ETG-only,sce-1,sce1_etg_run_0068,eval_run_0068_web_batch_20260622_141137,repeat_001,246,246,Win,True,30.0,30.0,3.0,30.0,0.0,42490,20,20,18,0,0.0,0,0.0,0,8,0.4,0,0.0,0.0,0.0,0.0,0.0,0.0,0.0,0.0,0.0,0.0,0.0,0.0,0,0.0,0,0.0,0.0,0.0,0.0,0.0,0.0,0.0,0.0,0.0,0.0,0.0,0.2343624999987525,0,2188,C:\Users\Binich\PycharmProjects\PredictionRTS\output\learner_results\all_data\ETG-only\sce1_etg_run_0068\final_eval\eval_run_0068_web_batch_20260622_141137,web_batch_20260622_141137,30.0,0,52.02,15.563477059507573,original_final_eval_subset_lower_mean_high_variation,61.23,61.5,12.233300305462805,58.73,59.5,93
False,repeat_001::ep_253::line_253,ETG-only,sce-1,sce1_etg_run_0068,eval_run_0068_web_batch_20260622_141137,repeat_001,253,253,Win,True,30.0,30.0,3.0,30.0,0.0,43774,20,20,17,1,0.05,0,0.0,1,9,0.45,0,0.0,0.0,0.0,0.0,0.0,0.0,0.0,0.0,0.0,0.0,0.0,0.0,0,0.0,0,0.0,0.0,0.0,0.0,0.0,0.0,0.0,0.0,0.0,0.0,0.0,0.1844666666686281,0,2188,C:\Users\Binich\PycharmProjects\PredictionRTS\output\learner_results\all_data\ETG-only\sce1_etg_run_0068\final_eval\eval_run_0068_web_batch_20260622_141137,web_batch_20260622_141137,30.0,0,52.02,15.563477059507573,original_final_eval_subset_lower_mean_high_variation,61.23,61.5,12.233300305462805,58.73,59.5,94
False,repeat_001::ep_170::line_170,ETG-only,sce-1,sce1_etg_run_0068,eval_run_0068_web_batch_20260622_141137,repeat_001,170,170,Win,True,27.0,27.0,3.0,27.0,0.0,29398,20,20,14,1,0.05,0,0.0,0,10,0.5,0,0.0,0.0,0.0,0.0,0.0,0.0,0.0,0.0,0.0,0.0,0.0,0.0,0,0.0,0,0.0,0.0,0.0,0.0,0.0,0.0,0.0,0.0,0.0,0.0,0.0,0.1762700000021766,0,221,C:\Users\Binich\PycharmProjects\PredictionRTS\output\learner_results\all_data\ETG-only\sce1_etg_run_0068\final_eval\eval_run_0068_web_batch_20260622_141137,web_batch_20260622_141137,27.0,0,52.02,15.563477059507573,original_final_eval_subset_lower_mean_high_variation,61.23,61.5,12.233300305462805,58.73,59.5,95
False,repeat_001::ep_24::line_24,ETG-only,sce-1,sce1_etg_run_0068,eval_run_0068_web_batch_20260622_141137,repeat_001,24,24,Win,True,24.0,24.0,-3.0,24.0,0.0,4076,20,20,17,2,0.1,0,0.0,0,5,0.25,0,0.0,0.0,0.0,0.0,0.0,0.0,0.0,0.0,0.0,0.0,0.0,0.0,0,0.0,0,0.0,0.0,0.0,0.0,0.0,0.0,0.0,0.0,0.0,0.0,0.0,0.2279199999996706,0,2188,C:\Users\Binich\PycharmProjects\PredictionRTS\output\learner_results\all_data\ETG-only\sce1_etg_run_0068\final_eval\eval_run_0068_web_batch_20260622_141137,web_batch_20260622_141137,24.0,0,52.02,15.563477059507573,original_final_eval_subset_lower_mean_high_variation,61.23,61.5,12.233300305462805,58.73,59.5,96
False,repeat_001::ep_130::line_130,ETG-only,sce-1,sce1_etg_run_0068,eval_run_0068_web_batch_20260622_141137,repeat_001,130,130,Win,True,24.0,24.0,-3.0,24.0,0.0,22028,20,20,18,1,0.05,0,0.0,0,8,0.4,0,0.0,0.0,0.0,0.0,0.0,0.0,0.0,0.0,0.0,0.0,0.0,0.0,0,0.0,0,0.0,0.0,0.0,0.0,0.0,0.0,0.0,0.0,0.0,0.0,0.0,0.1869249999977285,0,2188,C:\Users\Binich\PycharmProjects\PredictionRTS\output\learner_results\all_data\ETG-only\sce1_etg_run_0068\final_eval\eval_run_0068_web_batch_20260622_141137,web_batch_20260622_141137,24.0,0,52.02,15.563477059507573,original_final_eval_subset_lower_mean_high_variation,61.23,61.5,12.233300305462805,58.73,59.5,97
False,repeat_001::ep_71::line_71,ETG-only,sce-1,sce1_etg_run_0068,eval_run_0068_web_batch_20260622_141137,repeat_001,71,71,Win,True,21.0,21.0,3.0,21.0,0.0,11930,20,20,15,1,0.05,0,0.0,0,10,0.5,0,0.0,0.0,0.0,0.0,0.0,0.0,0.0,0.0,0.0,0.0,0.0,0.0,0,0.0,0,0.0,0.0,0.0,0.0,0.0,0.0,0.0,0.0,0.0,0.0,0.0,0.1860199999992318,0,221,C:\Users\Binich\PycharmProjects\PredictionRTS\output\learner_results\all_data\ETG-only\sce1_etg_run_0068\final_eval\eval_run_0068_web_batch_20260622_141137,web_batch_20260622_141137,21.0,0,52.02,15.563477059507573,original_final_eval_subset_lower_mean_high_variation,61.23,61.5,12.233300305462805,58.73,59.5,98
False,repeat_001::ep_103::line_103,ETG-only,sce-1,sce1_etg_run_0068,eval_run_0068_web_batch_20260622_141137,repeat_001,103,103,Win,True,21.0,21.0,-3.0,21.0,0.0,17344,20,20,15,1,0.05,0,0.0,0,9,0.45,0,0.0,0.0,0.0,0.0,0.0,0.0,0.0,0.0,0.0,0.0,0.0,0.0,0,0.0,0,0.0,0.0,0.0,0.0,0.0,0.0,0.0,0.0,0.0,0.0,0.0,0.192833333332803,0,221,C:\Users\Binich\PycharmProjects\PredictionRTS\output\learner_results\all_data\ETG-only\sce1_etg_run_0068\final_eval\eval_run_0068_web_batch_20260622_141137,web_batch_20260622_141137,21.0,0,52.02,15.563477059507573,original_final_eval_subset_lower_mean_high_variation,61.23,61.5,12.233300305462805,58.73,59.5,99
False,repeat_001::ep_50::line_50,ETG-only,sce-1,sce1_etg_run_0068,eval_run_0068_web_batch_20260622_141137,repeat_001,50,50,Win,True,15.0,15.0,3.0,15.0,0.0,8378,22,22,14,1,0.0454545454545454,0,0.0,0,11,0.5,0,0.0,0.0,0.0,0.0,0.0,0.0,0.0,0.0,0.0,0.0,0.0,0.0,0,0.0,0,0.0,0.0,0.0,0.0,0.0,0.0,0.0,0.0,0.0,0.0,0.0,0.187036363635878,0,221,C:\Users\Binich\PycharmProjects\PredictionRTS\output\learner_results\all_data\ETG-only\sce1_etg_run_0068\final_eval\eval_run_0068_web_batch_20260622_141137,web_batch_20260622_141137,15.0,0,52.02,15.563477059507573,original_final_eval_subset_lower_mean_high_variation,61.23,61.5,12.233300305462805,58.73,59.5,100
False,repeat_001::ep_175::line_175,ETG-only,sce-1m,sce1m_etg_run_0071,eval_run_0071_web_batch_20260622_141137,repeat_001,175,175,Win,True,63.0,63.0,3.0,63.0,0.0,28618,14,14,14,9,0.6428571428571429,0,0.0,0,4,0.2857142857142857,0,0.0,0.0,0.0,0.0,0.0,0.0,0.0,0.0,0.0,0.0,0.0,0.0,0,0.0,0,0.0,0.0,0.0,0.0,0.0,0.0,0.0,0.0,0.0,0.0,0.0,0.2647000000006727,0,2980,C:\Users\Binich\PycharmProjects\PredictionRTS\output\learner_results\all_data\ETG-only\sce1m_etg_run_0071\final_eval\eval_run_0071_web_batch_20260622_141137,web_batch_20260622_141137,63.0,9,23.43,23.812506263420797,original_final_eval_subset_lower_mean_high_variation,42.3,42.0,8.670744961179409,39.8,40.0,1
False,repeat_001::ep_18::line_18,ETG-only,sce-1m,sce1m_etg_run_0071,eval_run_0071_web_batch_20260622_141137,repeat_001,18,18,Win,True,57.0,57.0,3.0,57.0,0.0,3014,13,13,11,9,0.6923076923076923,0,0.0,0,4,0.3076923076923077,0,0.0,0.0,0.0,0.0,0.0,0.0,0.0,0.0,0.0,0.0,0.0,0.0,0,0.0,0,0.0,0.0,0.0,0.0,0.0,0.0,0.0,0.0,0.0,0.0,0.0,0.2113749999996805,0,2980,C:\Users\Binich\PycharmProjects\PredictionRTS\output\learner_results\all_data\ETG-only\sce1m_etg_run_0071\final_eval\eval_run_0071_web_batch_20260622_141137,web_batch_20260622_141137,57.0,9,23.43,23.812506263420797,original_final_eval_subset_lower_mean_high_variation,42.3,42.0,8.670744961179409,39.8,40.0,2
False,repeat_001::ep_41::line_41,ETG-only,sce-1m,sce1m_etg_run_0071,eval_run_0071_web_batch_20260622_141137,repeat_001,41,41,Win,True,57.0,57.0,3.0,57.0,0.0,6670,13,13,13,8,0.6153846153846154,0,0.0,0,5,0.3846153846153846,0,0.0,0.0,0.0,0.0,0.0,0.0,0.0,0.0,0.0,0.0,0.0,0.0,0,0.0,0,0.0,0.0,0.0,0.0,0.0,0.0,0.0,0.0,0.0,0.0,0.0,0.2370200000001432,0,2980,C:\Users\Binich\PycharmProjects\PredictionRTS\output\learner_results\all_data\ETG-only\sce1m_etg_run_0071\final_eval\eval_run_0071_web_batch_20260622_141137,web_batch_20260622_141137,57.0,9,23.43,23.812506263420797,original_final_eval_subset_lower_mean_high_variation,42.3,42.0,8.670744961179409,39.8,40.0,3
False,repeat_001::ep_46::line_46,ETG-only,sce-1m,sce1m_etg_run_0071,eval_run_0071_web_batch_20260622_141137,repeat_001,46,46,Win,True,57.0,57.0,3.0,57.0,0.0,7450,14,14,11,9,0.6428571428571429,0,0.0,0,5,0.3571428571428571,0,0.0,0.0,0.0,0.0,0.0,0.0,0.0,0.0,0.0,0.0,0.0,0.0,0,0.0,0,0.0,0.0,0.0,0.0,0.0,0.0,0.0,0.0,0.0,0.0,0.0,0.232280000000884,0,1172,C:\Users\Binich\PycharmProjects\PredictionRTS\output\learner_results\all_data\ETG-only\sce1m_etg_run_0071\final_eval\eval_run_0071_web_batch_20260622_141137,web_batch_20260622_141137,57.0,9,23.43,23.812506263420797,original_final_eval_subset_lower_mean_high_variation,42.3,42.0,8.670744961179409,39.8,40.0,4
False,repeat_001::ep_73::line_73,ETG-only,sce-1m,sce1m_etg_run_0071,eval_run_0071_web_batch_20260622_141137,repeat_001,73,73,Win,True,57.0,57.0,15.0,57.0,0.0,11944,13,13,11,9,0.6923076923076923,0,0.0,0,3,0.2307692307692307,0,0.0,0.0,0.0,0.0,0.0,0.0,0.0,0.0,0.0,0.0,0.0,0.0,0,0.0,0,0.0,0.0,0.0,0.0,0.0,0.0,0.0,0.0,0.0,0.0,0.0,0.2232333333331837,0,2980,C:\Users\Binich\PycharmProjects\PredictionRTS\output\learner_results\all_data\ETG-only\sce1m_etg_run_0071\final_eval\eval_run_0071_web_batch_20260622_141137,web_batch_20260622_141137,57.0,9,23.43,23.812506263420797,original_final_eval_subset_lower_mean_high_variation,42.3,42.0,8.670744961179409,39.8,40.0,5
False,repeat_001::ep_76::line_76,ETG-only,sce-1m,sce1m_etg_run_0071,eval_run_0071_web_batch_20260622_141137,repeat_001,76,76,Win,True,57.0,57.0,3.0,57.0,0.0,12400,14,14,13,9,0.6428571428571429,0,0.0,0,4,0.2857142857142857,0,0.0,0.0,0.0,0.0,0.0,0.0,0.0,0.0,0.0,0.0,0.0,0.0,0,0.0,0,0.0,0.0,0.0,0.0,0.0,0.0,0.0,0.0,0.0,0.0,0.0,0.1784250000014253,0,2980,C:\Users\Binich\PycharmProjects\PredictionRTS\output\learner_results\all_data\ETG-only\sce1m_etg_run_0071\final_eval\eval_run_0071_web_batch_20260622_141137,web_batch_20260622_141137,57.0,9,23.43,23.812506263420797,original_final_eval_subset_lower_mean_high_variation,42.3,42.0,8.670744961179409,39.8,40.0,6
False,repeat_001::ep_116::line_116,ETG-only,sce-1m,sce1m_etg_run_0071,eval_run_0071_web_batch_20260622_141137,repeat_001,116,116,Win,True,57.0,57.0,3.0,57.0,0.0,19000,14,14,13,9,0.6428571428571429,0,0.0,0,4,0.2857142857142857,0,0.0,0.0,0.0,0.0,0.0,0.0,0.0,0.0,0.0,0.0,0.0,0.0,0,0.0,0,0.0,0.0,0.0,0.0,0.0,0.0,0.0,0.0,0.0,0.0,0.0,0.2490749999992658,0,2980,C:\Users\Binich\PycharmProjects\PredictionRTS\output\learner_results\all_data\ETG-only\sce1m_etg_run_0071\final_eval\eval_run_0071_web_batch_20260622_141137,web_batch_20260622_141137,57.0,9,23.43,23.812506263420797,original_final_eval_subset_lower_mean_high_variation,42.3,42.0,8.670744961179409,39.8,40.0,7
False,repeat_001::ep_290::line_290,ETG-only,sce-1m,sce1m_etg_run_0071,eval_run_0071_web_batch_20260622_141137,repeat_001,290,290,Win,True,57.0,57.0,3.0,57.0,0.0,47528,14,14,11,9,0.6428571428571429,0,0.0,0,5,0.3571428571428571,0,0.0,0.0,0.0,0.0,0.0,0.0,0.0,0.0,0.0,0.0,0.0,0.0,0,0.0,0,0.0,0.0,0.0,0.0,0.0,0.0,0.0,0.0,0.0,0.0,0.0,0.262639999999692,0,1172,C:\Users\Binich\PycharmProjects\PredictionRTS\output\learner_results\all_data\ETG-only\sce1m_etg_run_0071\final_eval\eval_run_0071_web_batch_20260622_141137,web_batch_20260622_141137,57.0,9,23.43,23.812506263420797,original_final_eval_subset_lower_mean_high_variation,42.3,42.0,8.670744961179409,39.8,40.0,8
False,repeat_001::ep_296::line_296,ETG-only,sce-1m,sce1m_etg_run_0071,eval_run_0071_web_batch_20260622_141137,repeat_001,296,296,Win,True,57.0,57.0,3.0,57.0,0.0,48540,15,15,13,6,0.4,0,0.0,0,8,0.5333333333333333,0,0.0,0.0,0.0,0.0,0.0,0.0,0.0,0.0,0.0,0.0,0.0,0.0,0,0.0,0,0.0,0.0,0.0,0.0,0.0,0.0,0.0,0.0,0.0,0.0,0.0,0.1971500000017556,0,2628,C:\Users\Binich\PycharmProjects\PredictionRTS\output\learner_results\all_data\ETG-only\sce1m_etg_run_0071\final_eval\eval_run_0071_web_batch_20260622_141137,web_batch_20260622_141137,57.0,9,23.43,23.812506263420797,original_final_eval_subset_lower_mean_high_variation,42.3,42.0,8.670744961179409,39.8,40.0,9
False,repeat_001::ep_103::line_103,ETG-only,sce-1m,sce1m_etg_run_0071,eval_run_0071_web_batch_20260622_141137,repeat_001,103,103,Win,True,54.0,54.0,9.0,54.0,0.0,16894,15,15,14,8,0.5333333333333333,0,0.0,0,6,0.4,0,0.0,0.0,0.0,0.0,0.0,0.0,0.0,0.0,0.0,0.0,0.0,0.0,0,0.0,0,0.0,0.0,0.0,0.0,0.0,0.0,0.0,0.0,0.0,0.0,0.0,0.2050499999993368,0,2194,C:\Users\Binich\PycharmProjects\PredictionRTS\output\learner_results\all_data\ETG-only\sce1m_etg_run_0071\final_eval\eval_run_0071_web_batch_20260622_141137,web_batch_20260622_141137,54.0,8,23.43,23.812506263420797,original_final_eval_subset_lower_mean_high_variation,42.3,42.0,8.670744961179409,39.8,40.0,10
False,repeat_001::ep_254::line_254,ETG-only,sce-1m,sce1m_etg_run_0071,eval_run_0071_web_batch_20260622_141137,repeat_001,254,254,Win,True,54.0,54.0,3.0,54.0,0.0,41576,14,14,13,9,0.6428571428571429,0,0.0,0,4,0.2857142857142857,0,0.0,0.0,0.0,0.0,0.0,0.0,0.0,0.0,0.0,0.0,0.0,0.0,0,0.0,0,0.0,0.0,0.0,0.0,0.0,0.0,0.0,0.0,0.0,0.0,0.0,0.1986000000044896,0,3131,C:\Users\Binich\PycharmProjects\PredictionRTS\output\learner_results\all_data\ETG-only\sce1m_etg_run_0071\final_eval\eval_run_0071_web_batch_20260622_141137,web_batch_20260622_141137,54.0,9,23.43,23.812506263420797,original_final_eval_subset_lower_mean_high_variation,42.3,42.0,8.670744961179409,39.8,40.0,11
False,repeat_001::ep_33::line_33,ETG-only,sce-1m,sce1m_etg_run_0071,eval_run_0071_web_batch_20260622_141137,repeat_001,33,33,Win,True,51.0,51.0,3.0,51.0,0.0,5384,14,14,10,9,0.6428571428571429,0,0.0,0,5,0.3571428571428571,0,0.0,0.0,0.0,0.0,0.0,0.0,0.0,0.0,0.0,0.0,0.0,0.0,0,0.0,0,0.0,0.0,0.0,0.0,0.0,0.0,0.0,0.0,0.0,0.0,0.0,0.2183399999999835,0,2275,C:\Users\Binich\PycharmProjects\PredictionRTS\output\learner_results\all_data\ETG-only\sce1m_etg_run_0071\final_eval\eval_run_0071_web_batch_20260622_141137,web_batch_20260622_141137,51.0,8,23.43,23.812506263420797,original_final_eval_subset_lower_mean_high_variation,42.3,42.0,8.670744961179409,39.8,40.0,12
False,repeat_001::ep_140::line_140,ETG-only,sce-1m,sce1m_etg_run_0071,eval_run_0071_web_batch_20260622_141137,repeat_001,140,140,Win,True,51.0,51.0,9.0,51.0,0.0,22858,13,13,12,10,0.7692307692307693,0,0.0,0,3,0.2307692307692307,0,0.0,0.0,0.0,0.0,0.0,0.0,0.0,0.0,0.0,0.0,0.0,0.0,0,0.0,0,0.0,0.0,0.0,0.0,0.0,0.0,0.0,0.0,0.0,0.0,0.0,0.2026666666689417,0,1172,C:\Users\Binich\PycharmProjects\PredictionRTS\output\learner_results\all_data\ETG-only\sce1m_etg_run_0071\final_eval\eval_run_0071_web_batch_20260622_141137,web_batch_20260622_141137,51.0,8,23.43,23.812506263420797,original_final_eval_subset_lower_mean_high_variation,42.3,42.0,8.670744961179409,39.8,40.0,13
False,repeat_001::ep_178::line_178,ETG-only,sce-1m,sce1m_etg_run_0071,eval_run_0071_web_batch_20260622_141137,repeat_001,178,178,Win,True,51.0,51.0,9.0,51.0,0.0,29074,14,14,13,7,0.5,0,0.0,0,3,0.2142857142857142,0,0.0,0.0,0.0,0.0,0.0,0.0,0.0,0.0,0.0,0.0,0.0,0.0,0,0.0,0,0.0,0.0,0.0,0.0,0.0,0.0,0.0,0.0,0.0,0.0,0.0,0.2801666666674881,0,5232,C:\Users\Binich\PycharmProjects\PredictionRTS\output\learner_results\all_data\ETG-only\sce1m_etg_run_0071\final_eval\eval_run_0071_web_batch_20260622_141137,web_batch_20260622_141137,51.0,8,23.43,23.812506263420797,original_final_eval_subset_lower_mean_high_variation,42.3,42.0,8.670744961179409,39.8,40.0,14
False,repeat_001::ep_222::line_222,ETG-only,sce-1m,sce1m_etg_run_0071,eval_run_0071_web_batch_20260622_141137,repeat_001,222,222,Win,True,51.0,51.0,3.0,51.0,0.0,36192,14,14,13,10,0.7142857142857143,0,0.0,0,3,0.2142857142857142,0,0.0,0.0,0.0,0.0,0.0,0.0,0.0,0.0,0.0,0.0,0.0,0.0,0,0.0,0,0.0,0.0,0.0,0.0,0.0,0.0,0.0,0.0,0.0,0.0,0.0,0.2112999999989521,0,3307,C:\Users\Binich\PycharmProjects\PredictionRTS\output\learner_results\all_data\ETG-only\sce1m_etg_run_0071\final_eval\eval_run_0071_web_batch_20260622_141137,web_batch_20260622_141137,51.0,8,23.43,23.812506263420797,original_final_eval_subset_lower_mean_high_variation,42.3,42.0,8.670744961179409,39.8,40.0,15
False,repeat_001::ep_270::line_270,ETG-only,sce-1m,sce1m_etg_run_0071,eval_run_0071_web_batch_20260622_141137,repeat_001,270,270,Win,True,51.0,51.0,15.0,51.0,0.0,44228,14,14,12,6,0.4285714285714285,0,0.0,0,5,0.3571428571428571,0,0.0,0.0,0.0,0.0,0.0,0.0,0.0,0.0,0.0,0.0,0.0,0.0,0,0.0,0,0.0,0.0,0.0,0.0,0.0,0.0,0.0,0.0,0.0,0.0,0.0,0.2266399999996338,0,2628,C:\Users\Binich\PycharmProjects\PredictionRTS\output\learner_results\all_data\ETG-only\sce1m_etg_run_0071\final_eval\eval_run_0071_web_batch_20260622_141137,web_batch_20260622_141137,51.0,8,23.43,23.812506263420797,original_final_eval_subset_lower_mean_high_variation,42.3,42.0,8.670744961179409,39.8,40.0,16
False,repeat_001::ep_297::line_297,ETG-only,sce-1m,sce1m_etg_run_0071,eval_run_0071_web_batch_20260622_141137,repeat_001,297,297,Win,True,51.0,51.0,9.0,51.0,0.0,48672,14,14,14,9,0.6428571428571429,0,0.0,0,4,0.2857142857142857,0,0.0,0.0,0.0,0.0,0.0,0.0,0.0,0.0,0.0,0.0,0.0,0.0,0,0.0,0,0.0,0.0,0.0,0.0,0.0,0.0,0.0,0.0,0.0,0.0,0.0,0.2329000000003134,0,2628,C:\Users\Binich\PycharmProjects\PredictionRTS\output\learner_results\all_data\ETG-only\sce1m_etg_run_0071\final_eval\eval_run_0071_web_batch_20260622_141137,web_batch_20260622_141137,51.0,8,23.43,23.812506263420797,original_final_eval_subset_lower_mean_high_variation,42.3,42.0,8.670744961179409,39.8,40.0,17
False,repeat_001::ep_64::line_64,ETG-only,sce-1m,sce1m_etg_run_0071,eval_run_0071_web_batch_20260622_141137,repeat_001,64,64,Win,True,48.0,48.0,-3.0,48.0,0.0,10506,15,15,11,9,0.6,0,0.0,0,3,0.2,0,0.0,0.0,0.0,0.0,0.0,0.0,0.0,0.0,0.0,0.0,0.0,0.0,0,0.0,0,0.0,0.0,0.0,0.0,0.0,0.0,0.0,0.0,0.0,0.0,0.0,0.218266666667688,0,4367,C:\Users\Binich\PycharmProjects\PredictionRTS\output\learner_results\all_data\ETG-only\sce1m_etg_run_0071\final_eval\eval_run_0071_web_batch_20260622_141137,web_batch_20260622_141137,48.0,8,23.43,23.812506263420797,original_final_eval_subset_lower_mean_high_variation,42.3,42.0,8.670744961179409,39.8,40.0,18
False,repeat_001::ep_138::line_138,ETG-only,sce-1m,sce1m_etg_run_0071,eval_run_0071_web_batch_20260622_141137,repeat_001,138,138,Win,True,48.0,48.0,3.0,48.0,0.0,22554,14,14,12,9,0.6428571428571429,0,0.0,0,5,0.3571428571428571,0,0.0,0.0,0.0,0.0,0.0,0.0,0.0,0.0,0.0,0.0,0.0,0.0,0,0.0,0,0.0,0.0,0.0,0.0,0.0,0.0,0.0,0.0,0.0,0.0,0.0,0.2961000000013314,0,3131,C:\Users\Binich\PycharmProjects\PredictionRTS\output\learner_results\all_data\ETG-only\sce1m_etg_run_0071\final_eval\eval_run_0071_web_batch_20260622_141137,web_batch_20260622_141137,48.0,8,23.43,23.812506263420797,original_final_eval_subset_lower_mean_high_variation,42.3,42.0,8.670744961179409,39.8,40.0,19
False,repeat_001::ep_192::line_192,ETG-only,sce-1m,sce1m_etg_run_0071,eval_run_0071_web_batch_20260622_141137,repeat_001,192,192,Win,True,48.0,48.0,3.0,48.0,0.0,31392,16,16,13,7,0.4375,0,0.0,0,6,0.375,0,0.0,0.0,0.0,0.0,0.0,0.0,0.0,0.0,0.0,0.0,0.0,0.0,0,0.0,0,0.0,0.0,0.0,0.0,0.0,0.0,0.0,0.0,0.0,0.0,0.0,0.2046666666638922,0,2194,C:\Users\Binich\PycharmProjects\PredictionRTS\output\learner_results\all_data\ETG-only\sce1m_etg_run_0071\final_eval\eval_run_0071_web_batch_20260622_141137,web_batch_20260622_141137,48.0,8,23.43,23.812506263420797,original_final_eval_subset_lower_mean_high_variation,42.3,42.0,8.670744961179409,39.8,40.0,20
False,repeat_001::ep_114::line_114,ETG-only,sce-1m,sce1m_etg_run_0071,eval_run_0071_web_batch_20260622_141137,repeat_001,114,114,Win,True,45.0,45.0,-3.0,45.0,0.0,18696,14,14,13,9,0.6428571428571429,0,0.0,0,5,0.3571428571428571,0,0.0,0.0,0.0,0.0,0.0,0.0,0.0,0.0,0.0,0.0,0.0,0.0,0,0.0,0,0.0,0.0,0.0,0.0,0.0,0.0,0.0,0.0,0.0,0.0,0.0,0.2039199999998686,0,2980,C:\Users\Binich\PycharmProjects\PredictionRTS\output\learner_results\all_data\ETG-only\sce1m_etg_run_0071\final_eval\eval_run_0071_web_batch_20260622_141137,web_batch_20260622_141137,45.0,7,23.43,23.812506263420797,original_final_eval_subset_lower_mean_high_variation,42.3,42.0,8.670744961179409,39.8,40.0,21
False,repeat_001::ep_201::line_201,ETG-only,sce-1m,sce1m_etg_run_0071,eval_run_0071_web_batch_20260622_141137,repeat_001,201,201,Win,True,45.0,45.0,9.0,45.0,0.0,32760,14,14,13,5,0.3571428571428571,0,0.0,0,5,0.3571428571428571,0,0.0,0.0,0.0,0.0,0.0,0.0,0.0,0.0,0.0,0.0,0.0,0.0,0,0.0,0,0.0,0.0,0.0,0.0,0.0,0.0,0.0,0.0,0.0,0.0,0.0,0.2168499999974926,0,584,C:\Users\Binich\PycharmProjects\PredictionRTS\output\learner_results\all_data\ETG-only\sce1m_etg_run_0071\final_eval\eval_run_0071_web_batch_20260622_141137,web_batch_20260622_141137,45.0,7,23.43,23.812506263420797,original_final_eval_subset_lower_mean_high_variation,42.3,42.0,8.670744961179409,39.8,40.0,22
False,repeat_001::ep_26::line_26,ETG-only,sce-1m,sce1m_etg_run_0071,eval_run_0071_web_batch_20260622_141137,repeat_001,26,26,Win,True,42.0,42.0,3.0,42.0,0.0,4310,16,16,13,8,0.5,0,0.0,0,8,0.5,0,0.0,0.0,0.0,0.0,0.0,0.0,0.0,0.0,0.0,0.0,0.0,0.0,0,0.0,0,0.0,0.0,0.0,0.0,0.0,0.0,0.0,0.0,0.0,0.0,0.0,0.1915749999996663,0,3131,C:\Users\Binich\PycharmProjects\PredictionRTS\output\learner_results\all_data\ETG-only\sce1m_etg_run_0071\final_eval\eval_run_0071_web_batch_20260622_141137,web_batch_20260622_141137,42.0,7,23.43,23.812506263420797,original_final_eval_subset_lower_mean_high_variation,42.3,42.0,8.670744961179409,39.8,40.0,23
False,repeat_001::ep_163::line_163,ETG-only,sce-1m,sce1m_etg_run_0071,eval_run_0071_web_batch_20260622_141137,repeat_001,163,163,Win,True,42.0,42.0,9.0,42.0,0.0,26674,16,16,15,1,0.0625,0,0.0,0,8,0.5,0,0.0,0.0,0.0,0.0,0.0,0.0,0.0,0.0,0.0,0.0,0.0,0.0,0,0.0,0,0.0,0.0,0.0,0.0,0.0,0.0,0.0,0.0,0.0,0.0,0.0,0.1778249999988546,0,358,C:\Users\Binich\PycharmProjects\PredictionRTS\output\learner_results\all_data\ETG-only\sce1m_etg_run_0071\final_eval\eval_run_0071_web_batch_20260622_141137,web_batch_20260622_141137,42.0,7,23.43,23.812506263420797,original_final_eval_subset_lower_mean_high_variation,42.3,42.0,8.670744961179409,39.8,40.0,24
False,repeat_001::ep_177::line_177,ETG-only,sce-1m,sce1m_etg_run_0071,eval_run_0071_web_batch_20260622_141137,repeat_001,177,177,Win,True,42.0,42.0,3.0,42.0,0.0,28942,16,16,15,6,0.375,0,0.0,0,5,0.3125,0,0.0,0.0,0.0,0.0,0.0,0.0,0.0,0.0,0.0,0.0,0.0,0.0,0,0.0,0,0.0,0.0,0.0,0.0,0.0,0.0,0.0,0.0,0.0,0.0,0.0,0.2357599999996296,0,358,C:\Users\Binich\PycharmProjects\PredictionRTS\output\learner_results\all_data\ETG-only\sce1m_etg_run_0071\final_eval\eval_run_0071_web_batch_20260622_141137,web_batch_20260622_141137,42.0,7,23.43,23.812506263420797,original_final_eval_subset_lower_mean_high_variation,42.3,42.0,8.670744961179409,39.8,40.0,25
False,repeat_001::ep_229::line_229,ETG-only,sce-1m,sce1m_etg_run_0071,eval_run_0071_web_batch_20260622_141137,repeat_001,229,229,Win,True,42.0,42.0,3.0,42.0,0.0,37446,16,16,15,4,0.25,0,0.0,0,4,0.25,0,0.0,0.0,0.0,0.0,0.0,0.0,0.0,0.0,0.0,0.0,0.0,0.0,0,0.0,0,0.0,0.0,0.0,0.0,0.0,0.0,0.0,0.0,0.0,0.0,0.0,0.3097750000016219,0,358,C:\Users\Binich\PycharmProjects\PredictionRTS\output\learner_results\all_data\ETG-only\sce1m_etg_run_0071\final_eval\eval_run_0071_web_batch_20260622_141137,web_batch_20260622_141137,42.0,7,23.43,23.812506263420797,original_final_eval_subset_lower_mean_high_variation,42.3,42.0,8.670744961179409,39.8,40.0,26
False,repeat_001::ep_250::line_250,ETG-only,sce-1m,sce1m_etg_run_0071,eval_run_0071_web_batch_20260622_141137,repeat_001,250,250,Win,True,42.0,42.0,-3.0,42.0,0.0,40958,15,15,13,6,0.4,0,0.0,0,6,0.4,0,0.0,0.0,0.0,0.0,0.0,0.0,0.0,0.0,0.0,0.0,0.0,0.0,0,0.0,0,0.0,0.0,0.0,0.0,0.0,0.0,0.0,0.0,0.0,0.0,0.0,0.1780000000006036,0,3131,C:\Users\Binich\PycharmProjects\PredictionRTS\output\learner_results\all_data\ETG-only\sce1m_etg_run_0071\final_eval\eval_run_0071_web_batch_20260622_141137,web_batch_20260622_141137,42.0,7,23.43,23.812506263420797,original_final_eval_subset_lower_mean_high_variation,42.3,42.0,8.670744961179409,39.8,40.0,27
False,repeat_001::ep_279::line_279,ETG-only,sce-1m,sce1m_etg_run_0071,eval_run_0071_web_batch_20260622_141137,repeat_001,279,279,Win,True,42.0,42.0,3.0,42.0,0.0,45746,15,15,12,3,0.2,0,0.0,0,7,0.4666666666666667,0,0.0,0.0,0.0,0.0,0.0,0.0,0.0,0.0,0.0,0.0,0.0,0.0,0,0.0,0,0.0,0.0,0.0,0.0,0.0,0.0,0.0,0.0,0.0,0.0,0.0,0.2249857142869262,0,358,C:\Users\Binich\PycharmProjects\PredictionRTS\output\learner_results\all_data\ETG-only\sce1m_etg_run_0071\final_eval\eval_run_0071_web_batch_20260622_141137,web_batch_20260622_141137,42.0,7,23.43,23.812506263420797,original_final_eval_subset_lower_mean_high_variation,42.3,42.0,8.670744961179409,39.8,40.0,28
False,repeat_001::ep_280::line_280,ETG-only,sce-1m,sce1m_etg_run_0071,eval_run_0071_web_batch_20260622_141137,repeat_001,280,280,Win,True,39.0,39.0,3.0,39.0,0.0,45898,16,16,14,1,0.0625,0,0.0,0,5,0.3125,0,0.0,0.0,0.0,0.0,0.0,0.0,0.0,0.0,0.0,0.0,0.0,0.0,0,0.0,0,0.0,0.0,0.0,0.0,0.0,0.0,0.0,0.0,0.0,0.0,0.0,0.2546599999988075,0,1403,C:\Users\Binich\PycharmProjects\PredictionRTS\output\learner_results\all_data\ETG-only\sce1m_etg_run_0071\final_eval\eval_run_0071_web_batch_20260622_141137,web_batch_20260622_141137,39.0,7,23.43,23.812506263420797,original_final_eval_subset_lower_mean_high_variation,42.3,42.0,8.670744961179409,39.8,40.0,29
False,repeat_001::ep_3::line_3,ETG-only,sce-1m,sce1m_etg_run_0071,eval_run_0071_web_batch_20260622_141137,repeat_001,3,3,Win,True,36.0,36.0,9.0,36.0,0.0,544,16,16,16,4,0.25,0,0.0,0,6,0.375,0,0.0,0.0,0.0,0.0,0.0,0.0,0.0,0.0,0.0,0.0,0.0,0.0,0,0.0,0,0.0,0.0,0.0,0.0,0.0,0.0,0.0,0.0,0.0,0.0,0.0,0.2292833333337185,0,1727,C:\Users\Binich\PycharmProjects\PredictionRTS\output\learner_results\all_data\ETG-only\sce1m_etg_run_0071\final_eval\eval_run_0071_web_batch_20260622_141137,web_batch_20260622_141137,36.0,6,23.43,23.812506263420797,original_final_eval_subset_lower_mean_high_variation,42.3,42.0,8.670744961179409,39.8,40.0,30
False,repeat_001::ep_17::line_17,ETG-only,sce-1m,sce1m_etg_run_0071,eval_run_0071_web_batch_20260622_141137,repeat_001,17,17,Win,True,36.0,36.0,9.0,36.0,0.0,2892,17,17,15,1,0.0588235294117647,0,0.0,0,9,0.5294117647058824,0,0.0,0.0,0.0,0.0,0.0,0.0,0.0,0.0,0.0,0.0,0.0,0.0,0,0.0,0,0.0,0.0,0.0,0.0,0.0,0.0,0.0,0.0,0.0,0.0,0.0,0.2140444444440861,0,358,C:\Users\Binich\PycharmProjects\PredictionRTS\output\learner_results\all_data\ETG-only\sce1m_etg_run_0071\final_eval\eval_run_0071_web_batch_20260622_141137,web_batch_20260622_141137,36.0,6,23.43,23.812506263420797,original_final_eval_subset_lower_mean_high_variation,42.3,42.0,8.670744961179409,39.8,40.0,31
False,repeat_001::ep_72::line_72,ETG-only,sce-1m,sce1m_etg_run_0071,eval_run_0071_web_batch_20260622_141137,repeat_001,72,72,Win,True,36.0,36.0,3.0,36.0,0.0,11822,17,17,15,3,0.1764705882352941,0,0.0,0,7,0.4117647058823529,0,0.0,0.0,0.0,0.0,0.0,0.0,0.0,0.0,0.0,0.0,0.0,0.0,0,0.0,0,0.0,0.0,0.0,0.0,0.0,0.0,0.0,0.0,0.0,0.0,0.0,0.2258714285713178,0,622,C:\Users\Binich\PycharmProjects\PredictionRTS\output\learner_results\all_data\ETG-only\sce1m_etg_run_0071\final_eval\eval_run_0071_web_batch_20260622_141137,web_batch_20260622_141137,36.0,6,23.43,23.812506263420797,original_final_eval_subset_lower_mean_high_variation,42.3,42.0,8.670744961179409,39.8,40.0,32
False,repeat_001::ep_120::line_120,ETG-only,sce-1m,sce1m_etg_run_0071,eval_run_0071_web_batch_20260622_141137,repeat_001,120,120,Win,True,36.0,36.0,-3.0,36.0,0.0,19678,18,18,14,0,0.0,0,0.0,0,7,0.3888888888888889,0,0.0,0.0,0.0,0.0,0.0,0.0,0.0,0.0,0.0,0.0,0.0,0.0,0,0.0,0,0.0,0.0,0.0,0.0,0.0,0.0,0.0,0.0,0.0,0.0,0.0,0.2152857142862428,0,1727,C:\Users\Binich\PycharmProjects\PredictionRTS\output\learner_results\all_data\ETG-only\sce1m_etg_run_0071\final_eval\eval_run_0071_web_batch_20260622_141137,web_batch_20260622_141137,36.0,6,23.43,23.812506263420797,original_final_eval_subset_lower_mean_high_variation,42.3,42.0,8.670744961179409,39.8,40.0,33
False,repeat_001::ep_300::line_300,ETG-only,sce-1m,sce1m_etg_run_0071,eval_run_0071_web_batch_20260622_141137,repeat_001,300,300,Win,True,36.0,36.0,9.0,36.0,0.0,49138,15,15,13,5,0.3333333333333333,0,0.0,0,4,0.2666666666666666,0,0.0,0.0,0.0,0.0,0.0,0.0,0.0,0.0,0.0,0.0,0.0,0.0,0,0.0,0,0.0,0.0,0.0,0.0,0.0,0.0,0.0,0.0,0.0,0.0,0.0,0.201149999998762,0,572,C:\Users\Binich\PycharmProjects\PredictionRTS\output\learner_results\all_data\ETG-only\sce1m_etg_run_0071\final_eval\eval_run_0071_web_batch_20260622_141137,web_batch_20260622_141137,36.0,7,23.43,23.812506263420797,original_final_eval_subset_lower_mean_high_variation,42.3,42.0,8.670744961179409,39.8,40.0,34
False,repeat_001::ep_59::line_59,ETG-only,sce-1m,sce1m_etg_run_0071,eval_run_0071_web_batch_20260622_141137,repeat_001,59,59,Win,True,33.0,33.0,9.0,33.0,0.0,9626,15,15,14,5,0.3333333333333333,0,0.0,0,4,0.2666666666666666,0,0.0,0.0,0.0,0.0,0.0,0.0,0.0,0.0,0.0,0.0,0.0,0.0,0,0.0,0,0.0,0.0,0.0,0.0,0.0,0.0,0.0,0.0,0.0,0.0,0.0,0.2018499999989487,0,491,C:\Users\Binich\PycharmProjects\PredictionRTS\output\learner_results\all_data\ETG-only\sce1m_etg_run_0071\final_eval\eval_run_0071_web_batch_20260622_141137,web_batch_20260622_141137,33.0,6,23.43,23.812506263420797,original_final_eval_subset_lower_mean_high_variation,42.3,42.0,8.670744961179409,39.8,40.0,35
False,repeat_001::ep_102::line_102,ETG-only,sce-1m,sce1m_etg_run_0071,eval_run_0071_web_batch_20260622_141137,repeat_001,102,102,Win,True,33.0,33.0,3.0,33.0,0.0,16752,16,16,14,0,0.0,0,0.0,0,6,0.375,0,0.0,0.0,0.0,0.0,0.0,0.0,0.0,0.0,0.0,0.0,0.0,0.0,0,0.0,0,0.0,0.0,0.0,0.0,0.0,0.0,0.0,0.0,0.0,0.0,0.0,0.2187999999989642,0,1403,C:\Users\Binich\PycharmProjects\PredictionRTS\output\learner_results\all_data\ETG-only\sce1m_etg_run_0071\final_eval\eval_run_0071_web_batch_20260622_141137,web_batch_20260622_141137,33.0,6,23.43,23.812506263420797,original_final_eval_subset_lower_mean_high_variation,42.3,42.0,8.670744961179409,39.8,40.0,36
False,repeat_001::ep_253::line_253,ETG-only,sce-1m,sce1m_etg_run_0071,eval_run_0071_web_batch_20260622_141137,repeat_001,253,253,Win,True,33.0,33.0,3.0,33.0,0.0,41444,16,16,16,2,0.125,0,0.0,0,6,0.375,0,0.0,0.0,0.0,0.0,0.0,0.0,0.0,0.0,0.0,0.0,0.0,0.0,0,0.0,0,0.0,0.0,0.0,0.0,0.0,0.0,0.0,0.0,0.0,0.0,0.0,0.2435500000051623,0,1418,C:\Users\Binich\PycharmProjects\PredictionRTS\output\learner_results\all_data\ETG-only\sce1m_etg_run_0071\final_eval\eval_run_0071_web_batch_20260622_141137,web_batch_20260622_141137,33.0,6,23.43,23.812506263420797,original_final_eval_subset_lower_mean_high_variation,42.3,42.0,8.670744961179409,39.8,40.0,37
False,repeat_001::ep_50::line_50,ETG-only,sce-1m,sce1m_etg_run_0071,eval_run_0071_web_batch_20260622_141137,repeat_001,50,50,Win,True,30.0,30.0,3.0,30.0,0.0,8138,17,17,14,2,0.1176470588235294,0,0.0,0,4,0.2352941176470588,0,0.0,0.0,0.0,0.0,0.0,0.0,0.0,0.0,0.0,0.0,0.0,0.0,0,0.0,0,0.0,0.0,0.0,0.0,0.0,0.0,0.0,0.0,0.0,0.0,0.0,0.3364000000010136,0,358,C:\Users\Binich\PycharmProjects\PredictionRTS\output\learner_results\all_data\ETG-only\sce1m_etg_run_0071\final_eval\eval_run_0071_web_batch_20260622_141137,web_batch_20260622_141137,30.0,5,23.43,23.812506263420797,original_final_eval_subset_lower_mean_high_variation,42.3,42.0,8.670744961179409,39.8,40.0,38
False,repeat_001::ep_56::line_56,ETG-only,sce-1m,sce1m_etg_run_0071,eval_run_0071_web_batch_20260622_141137,repeat_001,56,56,Win,True,30.0,30.0,3.0,30.0,0.0,9150,18,18,17,3,0.1666666666666666,0,0.0,0,3,0.1666666666666666,0,0.0,0.0,0.0,0.0,0.0,0.0,0.0,0.0,0.0,0.0,0.0,0.0,0,0.0,0,0.0,0.0,0.0,0.0,0.0,0.0,0.0,0.0,0.0,0.0,0.0,0.2145333333321749,0,572,C:\Users\Binich\PycharmProjects\PredictionRTS\output\learner_results\all_data\ETG-only\sce1m_etg_run_0071\final_eval\eval_run_0071_web_batch_20260622_141137,web_batch_20260622_141137,30.0,5,23.43,23.812506263420797,original_final_eval_subset_lower_mean_high_variation,42.3,42.0,8.670744961179409,39.8,40.0,39
False,repeat_001::ep_92::line_92,ETG-only,sce-1m,sce1m_etg_run_0071,eval_run_0071_web_batch_20260622_141137,repeat_001,92,92,Win,True,30.0,30.0,9.0,30.0,0.0,15042,18,18,16,4,0.2222222222222222,0,0.0,0,4,0.2222222222222222,0,0.0,0.0,0.0,0.0,0.0,0.0,0.0,0.0,0.0,0.0,0.0,0.0,0,0.0,0,0.0,0.0,0.0,0.0,0.0,0.0,0.0,0.0,0.0,0.0,0.0,0.204000000000093,0,358,C:\Users\Binich\PycharmProjects\PredictionRTS\output\learner_results\all_data\ETG-only\sce1m_etg_run_0071\final_eval\eval_run_0071_web_batch_20260622_141137,web_batch_20260622_141137,30.0,5,23.43,23.812506263420797,original_final_eval_subset_lower_mean_high_variation,42.3,42.0,8.670744961179409,39.8,40.0,40
False,repeat_001::ep_128::line_128,ETG-only,sce-1m,sce1m_etg_run_0071,eval_run_0071_web_batch_20260622_141137,repeat_001,128,128,Win,True,30.0,30.0,3.0,30.0,0.0,20954,17,17,17,2,0.1176470588235294,0,0.0,0,5,0.2941176470588235,0,0.0,0.0,0.0,0.0,0.0,0.0,0.0,0.0,0.0,0.0,0.0,0.0,0,0.0,0,0.0,0.0,0.0,0.0,0.0,0.0,0.0,0.0,0.0,0.0,0.0,0.2617599999993558,0,358,C:\Users\Binich\PycharmProjects\PredictionRTS\output\learner_results\all_data\ETG-only\sce1m_etg_run_0071\final_eval\eval_run_0071_web_batch_20260622_141137,web_batch_20260622_141137,30.0,6,23.43,23.812506263420797,original_final_eval_subset_lower_mean_high_variation,42.3,42.0,8.670744961179409,39.8,40.0,41
False,repeat_001::ep_181::line_181,ETG-only,sce-1m,sce1m_etg_run_0071,eval_run_0071_web_batch_20260622_141137,repeat_001,181,181,Win,True,30.0,30.0,3.0,30.0,0.0,29580,16,16,13,1,0.0625,0,0.0,0,7,0.4375,0,0.0,0.0,0.0,0.0,0.0,0.0,0.0,0.0,0.0,0.0,0.0,0.0,0,0.0,0,0.0,0.0,0.0,0.0,0.0,0.0,0.0,0.0,0.0,0.0,0.0,0.2215714285713131,0,358,C:\Users\Binich\PycharmProjects\PredictionRTS\output\learner_results\all_data\ETG-only\sce1m_etg_run_0071\final_eval\eval_run_0071_web_batch_20260622_141137,web_batch_20260622_141137,30.0,6,23.43,23.812506263420797,original_final_eval_subset_lower_mean_high_variation,42.3,42.0,8.670744961179409,39.8,40.0,42
False,repeat_001::ep_278::line_278,ETG-only,sce-1m,sce1m_etg_run_0071,eval_run_0071_web_batch_20260622_141137,repeat_001,278,278,Win,True,30.0,30.0,-3.0,30.0,0.0,45604,16,16,14,6,0.375,0,0.0,0,3,0.1875,0,0.0,0.0,0.0,0.0,0.0,0.0,0.0,0.0,0.0,0.0,0.0,0.0,0,0.0,0,0.0,0.0,0.0,0.0,0.0,0.0,0.0,0.0,0.0,0.0,0.0,0.1984333333335068,0,358,C:\Users\Binich\PycharmProjects\PredictionRTS\output\learner_results\all_data\ETG-only\sce1m_etg_run_0071\final_eval\eval_run_0071_web_batch_20260622_141137,web_batch_20260622_141137,30.0,6,23.43,23.812506263420797,original_final_eval_subset_lower_mean_high_variation,42.3,42.0,8.670744961179409,39.8,40.0,43
False,repeat_001::ep_14::line_14,ETG-only,sce-1m,sce1m_etg_run_0071,eval_run_0071_web_batch_20260622_141137,repeat_001,14,14,Win,True,27.0,27.0,3.0,27.0,0.0,2416,16,16,16,1,0.0625,0,0.0,0,6,0.375,0,0.0,0.0,0.0,0.0,0.0,0.0,0.0,0.0,0.0,0.0,0.0,0.0,0,0.0,0,0.0,0.0,0.0,0.0,0.0,0.0,0.0,0.0,0.0,0.0,0.0,0.221266666666627,0,1403,C:\Users\Binich\PycharmProjects\PredictionRTS\output\learner_results\all_data\ETG-only\sce1m_etg_run_0071\final_eval\eval_run_0071_web_batch_20260622_141137,web_batch_20260622_141137,27.0,5,23.43,23.812506263420797,original_final_eval_subset_lower_mean_high_variation,42.3,42.0,8.670744961179409,39.8,40.0,44
False,repeat_001::ep_24::line_24,ETG-only,sce-1m,sce1m_etg_run_0071,eval_run_0071_web_batch_20260622_141137,repeat_001,24,24,Win,True,27.0,27.0,3.0,27.0,0.0,3986,16,16,12,0,0.0,0,0.0,0,5,0.3125,0,0.0,0.0,0.0,0.0,0.0,0.0,0.0,0.0,0.0,0.0,0.0,0.0,0,0.0,0,0.0,0.0,0.0,0.0,0.0,0.0,0.0,0.0,0.0,0.0,0.0,0.1916200000003698,0,1403,C:\Users\Binich\PycharmProjects\PredictionRTS\output\learner_results\all_data\ETG-only\sce1m_etg_run_0071\final_eval\eval_run_0071_web_batch_20260622_141137,web_batch_20260622_141137,27.0,5,23.43,23.812506263420797,original_final_eval_subset_lower_mean_high_variation,42.3,42.0,8.670744961179409,39.8,40.0,45
False,repeat_001::ep_110::line_110,ETG-only,sce-1m,sce1m_etg_run_0071,eval_run_0071_web_batch_20260622_141137,repeat_001,110,110,Win,True,27.0,27.0,9.0,27.0,0.0,18068,16,16,14,0,0.0,0,0.0,0,6,0.375,0,0.0,0.0,0.0,0.0,0.0,0.0,0.0,0.0,0.0,0.0,0.0,0.0,0,0.0,0,0.0,0.0,0.0,0.0,0.0,0.0,0.0,0.0,0.0,0.0,0.0,0.2768666666668196,0,1403,C:\Users\Binich\PycharmProjects\PredictionRTS\output\learner_results\all_data\ETG-only\sce1m_etg_run_0071\final_eval\eval_run_0071_web_batch_20260622_141137,web_batch_20260622_141137,27.0,5,23.43,23.812506263420797,original_final_eval_subset_lower_mean_high_variation,42.3,42.0,8.670744961179409,39.8,40.0,46
False,repeat_001::ep_126::line_126,ETG-only,sce-1m,sce1m_etg_run_0071,eval_run_0071_web_batch_20260622_141137,repeat_001,126,126,Win,True,27.0,27.0,0.0,27.0,0.0,20620,17,17,13,0,0.0,0,0.0,0,6,0.3529411764705882,0,0.0,0.0,0.0,0.0,0.0,0.0,0.0,0.0,0.0,0.0,0.0,0.0,0,0.0,0,0.0,0.0,0.0,0.0,0.0,0.0,0.0,0.0,0.0,0.0,0.0,0.1881000000002094,0,1418,C:\Users\Binich\PycharmProjects\PredictionRTS\output\learner_results\all_data\ETG-only\sce1m_etg_run_0071\final_eval\eval_run_0071_web_batch_20260622_141137,web_batch_20260622_141137,27.0,5,23.43,23.812506263420797,original_final_eval_subset_lower_mean_high_variation,42.3,42.0,8.670744961179409,39.8,40.0,47
False,repeat_001::ep_134::line_134,ETG-only,sce-1m,sce1m_etg_run_0071,eval_run_0071_web_batch_20260622_141137,repeat_001,134,134,Win,True,27.0,27.0,3.0,27.0,0.0,21936,17,17,16,2,0.1176470588235294,0,0.0,0,6,0.3529411764705882,0,0.0,0.0,0.0,0.0,0.0,0.0,0.0,0.0,0.0,0.0,0.0,0.0,0,0.0,0,0.0,0.0,0.0,0.0,0.0,0.0,0.0,0.0,0.0,0.0,0.0,0.1815666666675023,0,1418,C:\Users\Binich\PycharmProjects\PredictionRTS\output\learner_results\all_data\ETG-only\sce1m_etg_run_0071\final_eval\eval_run_0071_web_batch_20260622_141137,web_batch_20260622_141137,27.0,5,23.43,23.812506263420797,original_final_eval_subset_lower_mean_high_variation,42.3,42.0,8.670744961179409,39.8,40.0,48
False,repeat_001::ep_227::line_227,ETG-only,sce-1m,sce1m_etg_run_0071,eval_run_0071_web_batch_20260622_141137,repeat_001,227,227,Win,True,27.0,27.0,3.0,27.0,0.0,37102,20,20,16,4,0.2,0,0.0,0,4,0.2,0,0.0,0.0,0.0,0.0,0.0,0.0,0.0,0.0,0.0,0.0,0.0,0.0,0,0.0,0,0.0,0.0,0.0,0.0,0.0,0.0,0.0,0.0,0.0,0.0,0.0,0.2385749999973541,0,1418,C:\Users\Binich\PycharmProjects\PredictionRTS\output\learner_results\all_data\ETG-only\sce1m_etg_run_0071\final_eval\eval_run_0071_web_batch_20260622_141137,web_batch_20260622_141137,27.0,5,23.43,23.812506263420797,original_final_eval_subset_lower_mean_high_variation,42.3,42.0,8.670744961179409,39.8,40.0,49
False,repeat_001::ep_9::line_9,ETG-only,sce-1m,sce1m_etg_run_0071,eval_run_0071_web_batch_20260622_141137,repeat_001,9,9,Win,True,24.0,24.0,3.0,24.0,0.0,1586,18,18,14,2,0.1111111111111111,0,0.0,0,7,0.3888888888888889,0,0.0,0.0,0.0,0.0,0.0,0.0,0.0,0.0,0.0,0.0,0.0,0.0,0,0.0,0,0.0,0.0,0.0,0.0,0.0,0.0,0.0,0.0,0.0,0.0,0.0,0.2460857142855742,0,40,C:\Users\Binich\PycharmProjects\PredictionRTS\output\learner_results\all_data\ETG-only\sce1m_etg_run_0071\final_eval\eval_run_0071_web_batch_20260622_141137,web_batch_20260622_141137,24.0,4,23.43,23.812506263420797,original_final_eval_subset_lower_mean_high_variation,42.3,42.0,8.670744961179409,39.8,40.0,50
False,repeat_001::ep_44::line_44,ETG-only,sce-1m,sce1m_etg_run_0071,eval_run_0071_web_batch_20260622_141137,repeat_001,44,44,Win,True,24.0,24.0,3.0,24.0,0.0,7146,17,17,16,1,0.0588235294117647,0,0.0,0,6,0.3529411764705882,0,0.0,0.0,0.0,0.0,0.0,0.0,0.0,0.0,0.0,0.0,0.0,0.0,0,0.0,0,0.0,0.0,0.0,0.0,0.0,0.0,0.0,0.0,0.0,0.0,0.0,0.2704500000009583,0,40,C:\Users\Binich\PycharmProjects\PredictionRTS\output\learner_results\all_data\ETG-only\sce1m_etg_run_0071\final_eval\eval_run_0071_web_batch_20260622_141137,web_batch_20260622_141137,24.0,4,23.43,23.812506263420797,original_final_eval_subset_lower_mean_high_variation,42.3,42.0,8.670744961179409,39.8,40.0,51
False,repeat_001::ep_65::line_65,ETG-only,sce-1m,sce1m_etg_run_0071,eval_run_0071_web_batch_20260622_141137,repeat_001,65,65,Win,True,24.0,24.0,3.0,24.0,0.0,10688,19,19,14,3,0.1578947368421052,0,0.0,0,4,0.2105263157894736,0,0.0,0.0,0.0,0.0,0.0,0.0,0.0,0.0,0.0,0.0,0.0,0.0,0,0.0,0,0.0,0.0,0.0,0.0,0.0,0.0,0.0,0.0,0.0,0.0,0.0,0.2178999999991049,0,40,C:\Users\Binich\PycharmProjects\PredictionRTS\output\learner_results\all_data\ETG-only\sce1m_etg_run_0071\final_eval\eval_run_0071_web_batch_20260622_141137,web_batch_20260622_141137,24.0,4,23.43,23.812506263420797,original_final_eval_subset_lower_mean_high_variation,42.3,42.0,8.670744961179409,39.8,40.0,52
False,repeat_001::ep_75::line_75,ETG-only,sce-1m,sce1m_etg_run_0071,eval_run_0071_web_batch_20260622_141137,repeat_001,75,75,Win,True,24.0,24.0,3.0,24.0,0.0,12268,18,18,15,4,0.2222222222222222,0,0.0,0,3,0.1666666666666666,0,0.0,0.0,0.0,0.0,0.0,0.0,0.0,0.0,0.0,0.0,0.0,0.0,0,0.0,0,0.0,0.0,0.0,0.0,0.0,0.0,0.0,0.0,0.0,0.0,0.0,0.2094666666666948,0,1727,C:\Users\Binich\PycharmProjects\PredictionRTS\output\learner_results\all_data\ETG-only\sce1m_etg_run_0071\final_eval\eval_run_0071_web_batch_20260622_141137,web_batch_20260622_141137,24.0,4,23.43,23.812506263420797,original_final_eval_subset_lower_mean_high_variation,42.3,42.0,8.670744961179409,39.8,40.0,53
False,repeat_001::ep_77::line_77,ETG-only,sce-1m,sce1m_etg_run_0071,eval_run_0071_web_batch_20260622_141137,repeat_001,77,77,Win,True,24.0,24.0,3.0,24.0,0.0,12562,17,17,16,4,0.2352941176470588,0,0.0,0,7,0.4117647058823529,0,0.0,0.0,0.0,0.0,0.0,0.0,0.0,0.0,0.0,0.0,0.0,0.0,0,0.0,0,0.0,0.0,0.0,0.0,0.0,0.0,0.0,0.0,0.0,0.0,0.0,0.2041142857146992,0,1727,C:\Users\Binich\PycharmProjects\PredictionRTS\output\learner_results\all_data\ETG-only\sce1m_etg_run_0071\final_eval\eval_run_0071_web_batch_20260622_141137,web_batch_20260622_141137,24.0,4,23.43,23.812506263420797,original_final_eval_subset_lower_mean_high_variation,42.3,42.0,8.670744961179409,39.8,40.0,54
False,repeat_001::ep_88::line_88,ETG-only,sce-1m,sce1m_etg_run_0071,eval_run_0071_web_batch_20260622_141137,repeat_001,88,88,Win,True,24.0,24.0,3.0,24.0,0.0,14394,19,19,16,2,0.1052631578947368,0,0.0,0,3,0.1578947368421052,0,0.0,0.0,0.0,0.0,0.0,0.0,0.0,0.0,0.0,0.0,0.0,0.0,0,0.0,0,0.0,0.0,0.0,0.0,0.0,0.0,0.0,0.0,0.0,0.0,0.0,0.2381333333332236,0,40,C:\Users\Binich\PycharmProjects\PredictionRTS\output\learner_results\all_data\ETG-only\sce1m_etg_run_0071\final_eval\eval_run_0071_web_batch_20260622_141137,web_batch_20260622_141137,24.0,4,23.43,23.812506263420797,original_final_eval_subset_lower_mean_high_variation,42.3,42.0,8.670744961179409,39.8,40.0,55
False,repeat_001::ep_94::line_94,ETG-only,sce-1m,sce1m_etg_run_0071,eval_run_0071_web_batch_20260622_141137,repeat_001,94,94,Win,True,24.0,24.0,3.0,24.0,0.0,15386,17,17,14,3,0.1764705882352941,0,0.0,0,7,0.4117647058823529,0,0.0,0.0,0.0,0.0,0.0,0.0,0.0,0.0,0.0,0.0,0.0,0.0,0,0.0,0,0.0,0.0,0.0,0.0,0.0,0.0,0.0,0.0,0.0,0.0,0.0,0.2899000000005409,0,1727,C:\Users\Binich\PycharmProjects\PredictionRTS\output\learner_results\all_data\ETG-only\sce1m_etg_run_0071\final_eval\eval_run_0071_web_batch_20260622_141137,web_batch_20260622_141137,24.0,4,23.43,23.812506263420797,original_final_eval_subset_lower_mean_high_variation,42.3,42.0,8.670744961179409,39.8,40.0,56
False,repeat_001::ep_168::line_168,ETG-only,sce-1m,sce1m_etg_run_0071,eval_run_0071_web_batch_20260622_141137,repeat_001,168,168,Win,True,24.0,24.0,-3.0,24.0,0.0,27484,18,18,16,1,0.0555555555555555,0,0.0,0,5,0.2777777777777778,0,0.0,0.0,0.0,0.0,0.0,0.0,0.0,0.0,0.0,0.0,0.0,0.0,0,0.0,0,0.0,0.0,0.0,0.0,0.0,0.0,0.0,0.0,0.0,0.0,0.0,0.1957000000004427,0,40,C:\Users\Binich\PycharmProjects\PredictionRTS\output\learner_results\all_data\ETG-only\sce1m_etg_run_0071\final_eval\eval_run_0071_web_batch_20260622_141137,web_batch_20260622_141137,24.0,4,23.43,23.812506263420797,original_final_eval_subset_lower_mean_high_variation,42.3,42.0,8.670744961179409,39.8,40.0,57
False,repeat_001::ep_184::line_184,ETG-only,sce-1m,sce1m_etg_run_0071,eval_run_0071_web_batch_20260622_141137,repeat_001,184,184,Win,True,24.0,24.0,3.0,24.0,0.0,30096,19,19,16,2,0.1052631578947368,0,0.0,0,3,0.1578947368421052,0,0.0,0.0,0.0,0.0,0.0,0.0,0.0,0.0,0.0,0.0,0.0,0.0,0,0.0,0,0.0,0.0,0.0,0.0,0.0,0.0,0.0,0.0,0.0,0.0,0.0,0.2036999999977714,0,40,C:\Users\Binich\PycharmProjects\PredictionRTS\output\learner_results\all_data\ETG-only\sce1m_etg_run_0071\final_eval\eval_run_0071_web_batch_20260622_141137,web_batch_20260622_141137,24.0,4,23.43,23.812506263420797,original_final_eval_subset_lower_mean_high_variation,42.3,42.0,8.670744961179409,39.8,40.0,58
False,repeat_001::ep_238::line_238,ETG-only,sce-1m,sce1m_etg_run_0071,eval_run_0071_web_batch_20260622_141137,repeat_001,238,238,Win,True,24.0,24.0,-3.0,24.0,0.0,38974,18,18,15,2,0.1111111111111111,0,0.0,0,5,0.2777777777777778,0,0.0,0.0,0.0,0.0,0.0,0.0,0.0,0.0,0.0,0.0,0.0,0.0,0,0.0,0,0.0,0.0,0.0,0.0,0.0,0.0,0.0,0.0,0.0,0.0,0.0,0.2821400000044605,0,622,C:\Users\Binich\PycharmProjects\PredictionRTS\output\learner_results\all_data\ETG-only\sce1m_etg_run_0071\final_eval\eval_run_0071_web_batch_20260622_141137,web_batch_20260622_141137,24.0,4,23.43,23.812506263420797,original_final_eval_subset_lower_mean_high_variation,42.3,42.0,8.670744961179409,39.8,40.0,59
False,repeat_001::ep_288::line_288,ETG-only,sce-1m,sce1m_etg_run_0071,eval_run_0071_web_batch_20260622_141137,repeat_001,288,288,Win,True,24.0,24.0,6.0,24.0,0.0,47224,16,16,16,1,0.0625,0,0.0,0,7,0.4375,0,0.0,0.0,0.0,0.0,0.0,0.0,0.0,0.0,0.0,0.0,0.0,0.0,0,0.0,0,0.0,0.0,0.0,0.0,0.0,0.0,0.0,0.0,0.0,0.0,0.0,0.2073285714305127,0,40,C:\Users\Binich\PycharmProjects\PredictionRTS\output\learner_results\all_data\ETG-only\sce1m_etg_run_0071\final_eval\eval_run_0071_web_batch_20260622_141137,web_batch_20260622_141137,24.0,5,23.43,23.812506263420797,original_final_eval_subset_lower_mean_high_variation,42.3,42.0,8.670744961179409,39.8,40.0,60
False,repeat_001::ep_7::line_7,ETG-only,sce-1m,sce1m_etg_run_0071,eval_run_0071_web_batch_20260622_141137,repeat_001,7,7,Win,True,21.0,21.0,-3.0,21.0,0.0,1242,19,19,17,3,0.1578947368421052,0,0.0,0,6,0.3157894736842105,0,0.0,0.0,0.0,0.0,0.0,0.0,0.0,0.0,0.0,0.0,0.0,0.0,0,0.0,0,0.0,0.0,0.0,0.0,0.0,0.0,0.0,0.0,0.0,0.0,0.0,0.3034999999999381,0,1418,C:\Users\Binich\PycharmProjects\PredictionRTS\output\learner_results\all_data\ETG-only\sce1m_etg_run_0071\final_eval\eval_run_0071_web_batch_20260622_141137,web_batch_20260622_141137,21.0,3,23.43,23.812506263420797,original_final_eval_subset_lower_mean_high_variation,42.3,42.0,8.670744961179409,39.8,40.0,61
False,repeat_001::ep_39::line_39,ETG-only,sce-1m,sce1m_etg_run_0071,eval_run_0071_web_batch_20260622_141137,repeat_001,39,39,Win,True,18.0,18.0,3.0,18.0,0.0,6386,18,18,17,5,0.2777777777777778,0,0.0,0,4,0.2222222222222222,0,0.0,0.0,0.0,0.0,0.0,0.0,0.0,0.0,0.0,0.0,0.0,0.0,0,0.0,0,0.0,0.0,0.0,0.0,0.0,0.0,0.0,0.0,0.0,0.0,0.0,0.2217000000008795,0,40,C:\Users\Binich\PycharmProjects\PredictionRTS\output\learner_results\all_data\ETG-only\sce1m_etg_run_0071\final_eval\eval_run_0071_web_batch_20260622_141137,web_batch_20260622_141137,18.0,3,23.43,23.812506263420797,original_final_eval_subset_lower_mean_high_variation,42.3,42.0,8.670744961179409,39.8,40.0,62
False,repeat_001::ep_40::line_40,ETG-only,sce-1m,sce1m_etg_run_0071,eval_run_0071_web_batch_20260622_141137,repeat_001,40,40,Win,True,18.0,18.0,3.0,18.0,0.0,6548,17,17,16,0,0.0,0,0.0,0,7,0.4117647058823529,0,0.0,0.0,0.0,0.0,0.0,0.0,0.0,0.0,0.0,0.0,0.0,0.0,0,0.0,0,0.0,0.0,0.0,0.0,0.0,0.0,0.0,0.0,0.0,0.0,0.0,0.1870142857143264,0,40,C:\Users\Binich\PycharmProjects\PredictionRTS\output\learner_results\all_data\ETG-only\sce1m_etg_run_0071\final_eval\eval_run_0071_web_batch_20260622_141137,web_batch_20260622_141137,18.0,3,23.43,23.812506263420797,original_final_eval_subset_lower_mean_high_variation,42.3,42.0,8.670744961179409,39.8,40.0,63
False,repeat_001::ep_105::line_105,ETG-only,sce-1m,sce1m_etg_run_0071,eval_run_0071_web_batch_20260622_141137,repeat_001,105,105,Win,True,18.0,18.0,3.0,18.0,0.0,17238,19,19,16,2,0.1052631578947368,0,0.0,0,4,0.2105263157894736,0,0.0,0.0,0.0,0.0,0.0,0.0,0.0,0.0,0.0,0.0,0.0,0.0,0,0.0,0,0.0,0.0,0.0,0.0,0.0,0.0,0.0,0.0,0.0,0.0,0.0,0.1887249999992235,0,40,C:\Users\Binich\PycharmProjects\PredictionRTS\output\learner_results\all_data\ETG-only\sce1m_etg_run_0071\final_eval\eval_run_0071_web_batch_20260622_141137,web_batch_20260622_141137,18.0,3,23.43,23.812506263420797,original_final_eval_subset_lower_mean_high_variation,42.3,42.0,8.670744961179409,39.8,40.0,64
False,repeat_001::ep_123::line_123,ETG-only,sce-1m,sce1m_etg_run_0071,eval_run_0071_web_batch_20260622_141137,repeat_001,123,123,Win,True,18.0,18.0,-3.0,18.0,0.0,20144,19,19,15,2,0.1052631578947368,0,0.0,0,3,0.1578947368421052,0,0.0,0.0,0.0,0.0,0.0,0.0,0.0,0.0,0.0,0.0,0.0,0.0,0,0.0,0,0.0,0.0,0.0,0.0,0.0,0.0,0.0,0.0,0.0,0.0,0.0,0.22889999999857,0,40,C:\Users\Binich\PycharmProjects\PredictionRTS\output\learner_results\all_data\ETG-only\sce1m_etg_run_0071\final_eval\eval_run_0071_web_batch_20260622_141137,web_batch_20260622_141137,18.0,3,23.43,23.812506263420797,original_final_eval_subset_lower_mean_high_variation,42.3,42.0,8.670744961179409,39.8,40.0,65
False,repeat_001::ep_141::line_141,ETG-only,sce-1m,sce1m_etg_run_0071,eval_run_0071_web_batch_20260622_141137,repeat_001,141,141,Win,True,18.0,18.0,3.0,18.0,0.0,23030,18,18,17,2,0.1111111111111111,0,0.0,0,4,0.2222222222222222,0,0.0,0.0,0.0,0.0,0.0,0.0,0.0,0.0,0.0,0.0,0.0,0.0,0,0.0,0,0.0,0.0,0.0,0.0,0.0,0.0,0.0,0.0,0.0,0.0,0.0,0.2145000000020047,0,622,C:\Users\Binich\PycharmProjects\PredictionRTS\output\learner_results\all_data\ETG-only\sce1m_etg_run_0071\final_eval\eval_run_0071_web_batch_20260622_141137,web_batch_20260622_141137,18.0,3,23.43,23.812506263420797,original_final_eval_subset_lower_mean_high_variation,42.3,42.0,8.670744961179409,39.8,40.0,66
False,repeat_001::ep_153::line_153,ETG-only,sce-1m,sce1m_etg_run_0071,eval_run_0071_web_batch_20260622_141137,repeat_001,153,153,Win,True,18.0,18.0,3.0,18.0,0.0,25054,18,18,14,2,0.1111111111111111,0,0.0,0,3,0.1666666666666666,0,0.0,0.0,0.0,0.0,0.0,0.0,0.0,0.0,0.0,0.0,0.0,0.0,0,0.0,0,0.0,0.0,0.0,0.0,0.0,0.0,0.0,0.0,0.0,0.0,0.0,0.2136666666672226,0,40,C:\Users\Binich\PycharmProjects\PredictionRTS\output\learner_results\all_data\ETG-only\sce1m_etg_run_0071\final_eval\eval_run_0071_web_batch_20260622_141137,web_batch_20260622_141137,18.0,3,23.43,23.812506263420797,original_final_eval_subset_lower_mean_high_variation,42.3,42.0,8.670744961179409,39.8,40.0,67
False,repeat_001::ep_179::line_179,ETG-only,sce-1m,sce1m_etg_run_0071,eval_run_0071_web_batch_20260622_141137,repeat_001,179,179,Win,True,18.0,18.0,-3.0,18.0,0.0,29256,19,19,17,2,0.1052631578947368,0,0.0,0,4,0.2105263157894736,0,0.0,0.0,0.0,0.0,0.0,0.0,0.0,0.0,0.0,0.0,0.0,0.0,0,0.0,0,0.0,0.0,0.0,0.0,0.0,0.0,0.0,0.0,0.0,0.0,0.0,0.2544500000016825,0,40,C:\Users\Binich\PycharmProjects\PredictionRTS\output\learner_results\all_data\ETG-only\sce1m_etg_run_0071\final_eval\eval_run_0071_web_batch_20260622_141137,web_batch_20260622_141137,18.0,3,23.43,23.812506263420797,original_final_eval_subset_lower_mean_high_variation,42.3,42.0,8.670744961179409,39.8,40.0,68
False,repeat_001::ep_199::line_199,ETG-only,sce-1m,sce1m_etg_run_0071,eval_run_0071_web_batch_20260622_141137,repeat_001,199,199,Win,True,18.0,18.0,-3.0,18.0,0.0,32456,19,19,17,1,0.0526315789473684,0,0.0,0,5,0.2631578947368421,0,0.0,0.0,0.0,0.0,0.0,0.0,0.0,0.0,0.0,0.0,0.0,0.0,0,0.0,0,0.0,0.0,0.0,0.0,0.0,0.0,0.0,0.0,0.0,0.0,0.0,0.1795600000036756,0,40,C:\Users\Binich\PycharmProjects\PredictionRTS\output\learner_results\all_data\ETG-only\sce1m_etg_run_0071\final_eval\eval_run_0071_web_batch_20260622_141137,web_batch_20260622_141137,18.0,3,23.43,23.812506263420797,original_final_eval_subset_lower_mean_high_variation,42.3,42.0,8.670744961179409,39.8,40.0,69
False,repeat_001::ep_255::line_255,ETG-only,sce-1m,sce1m_etg_run_0071,eval_run_0071_web_batch_20260622_141137,repeat_001,255,255,Win,True,18.0,18.0,3.0,18.0,0.0,41748,18,18,16,2,0.1111111111111111,0,0.0,0,4,0.2222222222222222,0,0.0,0.0,0.0,0.0,0.0,0.0,0.0,0.0,0.0,0.0,0.0,0.0,0,0.0,0,0.0,0.0,0.0,0.0,0.0,0.0,0.0,0.0,0.0,0.0,0.0,0.2078999999994835,0,40,C:\Users\Binich\PycharmProjects\PredictionRTS\output\learner_results\all_data\ETG-only\sce1m_etg_run_0071\final_eval\eval_run_0071_web_batch_20260622_141137,web_batch_20260622_141137,18.0,3,23.43,23.812506263420797,original_final_eval_subset_lower_mean_high_variation,42.3,42.0,8.670744961179409,39.8,40.0,70
False,repeat_001::ep_6::line_6,ETG-only,sce-1m,sce1m_etg_run_0071,eval_run_0071_web_batch_20260622_141137,repeat_001,6,6,Win,True,15.0,15.0,0.0,15.0,0.0,1060,18,18,16,1,0.0555555555555555,0,0.0,0,8,0.4444444444444444,0,0.0,0.0,0.0,0.0,0.0,0.0,0.0,0.0,0.0,0.0,0.0,0.0,0,0.0,0,0.0,0.0,0.0,0.0,0.0,0.0,0.0,0.0,0.0,0.0,0.0,0.2387249999999952,0,65,C:\Users\Binich\PycharmProjects\PredictionRTS\output\learner_results\all_data\ETG-only\sce1m_etg_run_0071\final_eval\eval_run_0071_web_batch_20260622_141137,web_batch_20260622_141137,15.0,2,23.43,23.812506263420797,original_final_eval_subset_lower_mean_high_variation,42.3,42.0,8.670744961179409,39.8,40.0,71
False,repeat_001::ep_55::line_55,ETG-only,sce-1m,sce1m_etg_run_0071,eval_run_0071_web_batch_20260622_141137,repeat_001,55,55,Win,True,15.0,15.0,-3.0,15.0,0.0,8978,18,18,17,4,0.2222222222222222,0,0.0,0,7,0.3888888888888889,0,0.0,0.0,0.0,0.0,0.0,0.0,0.0,0.0,0.0,0.0,0.0,0.0,0,0.0,0,0.0,0.0,0.0,0.0,0.0,0.0,0.0,0.0,0.0,0.0,0.0,0.2124428571426457,0,65,C:\Users\Binich\PycharmProjects\PredictionRTS\output\learner_results\all_data\ETG-only\sce1m_etg_run_0071\final_eval\eval_run_0071_web_batch_20260622_141137,web_batch_20260622_141137,15.0,2,23.43,23.812506263420797,original_final_eval_subset_lower_mean_high_variation,42.3,42.0,8.670744961179409,39.8,40.0,72
False,repeat_001::ep_48::line_48,ETG-only,sce-1m,sce1m_etg_run_0071,eval_run_0071_web_batch_20260622_141137,repeat_001,48,48,Win,True,12.0,12.0,3.0,12.0,0.0,7814,19,19,17,1,0.0526315789473684,0,0.0,0,5,0.2631578947368421,0,0.0,0.0,0.0,0.0,0.0,0.0,0.0,0.0,0.0,0.0,0.0,0.0,0,0.0,0,0.0,0.0,0.0,0.0,0.0,0.0,0.0,0.0,0.0,0.0,0.0,0.188139999998782,0,40,C:\Users\Binich\PycharmProjects\PredictionRTS\output\learner_results\all_data\ETG-only\sce1m_etg_run_0071\final_eval\eval_run_0071_web_batch_20260622_141137,web_batch_20260622_141137,12.0,2,23.43,23.812506263420797,original_final_eval_subset_lower_mean_high_variation,42.3,42.0,8.670744961179409,39.8,40.0,73
False,repeat_001::ep_70::line_70,ETG-only,sce-1m,sce1m_etg_run_0071,eval_run_0071_web_batch_20260622_141137,repeat_001,70,70,Win,True,12.0,12.0,3.0,12.0,0.0,11508,20,20,18,4,0.2,0,0.0,0,9,0.45,0,0.0,0.0,0.0,0.0,0.0,0.0,0.0,0.0,0.0,0.0,0.0,0.0,0,0.0,0,0.0,0.0,0.0,0.0,0.0,0.0,0.0,0.0,0.0,0.0,0.0,0.1829444444451964,0,40,C:\Users\Binich\PycharmProjects\PredictionRTS\output\learner_results\all_data\ETG-only\sce1m_etg_run_0071\final_eval\eval_run_0071_web_batch_20260622_141137,web_batch_20260622_141137,12.0,2,23.43,23.812506263420797,original_final_eval_subset_lower_mean_high_variation,42.3,42.0,8.670744961179409,39.8,40.0,74
False,repeat_001::ep_197::line_197,ETG-only,sce-1m,sce1m_etg_run_0071,eval_run_0071_web_batch_20260622_141137,repeat_001,197,197,Win,True,12.0,12.0,3.0,12.0,0.0,32142,17,17,14,2,0.1176470588235294,0,0.0,0,9,0.5294117647058824,0,0.0,0.0,0.0,0.0,0.0,0.0,0.0,0.0,0.0,0.0,0.0,0.0,0,0.0,0,0.0,0.0,0.0,0.0,0.0,0.0,0.0,0.0,0.0,0.0,0.0,0.2043333333329794,0,40,C:\Users\Binich\PycharmProjects\PredictionRTS\output\learner_results\all_data\ETG-only\sce1m_etg_run_0071\final_eval\eval_run_0071_web_batch_20260622_141137,web_batch_20260622_141137,12.0,2,23.43,23.812506263420797,original_final_eval_subset_lower_mean_high_variation,42.3,42.0,8.670744961179409,39.8,40.0,75
False,repeat_001::ep_231::line_231,ETG-only,sce-1m,sce1m_etg_run_0071,eval_run_0071_web_batch_20260622_141137,repeat_001,231,231,Win,True,12.0,12.0,3.0,12.0,0.0,37790,19,19,18,2,0.1052631578947368,0,0.0,0,4,0.2105263157894736,0,0.0,0.0,0.0,0.0,0.0,0.0,0.0,0.0,0.0,0.0,0.0,0.0,0,0.0,0,0.0,0.0,0.0,0.0,0.0,0.0,0.0,0.0,0.0,0.0,0.0,0.2837500000012483,0,40,C:\Users\Binich\PycharmProjects\PredictionRTS\output\learner_results\all_data\ETG-only\sce1m_etg_run_0071\final_eval\eval_run_0071_web_batch_20260622_141137,web_batch_20260622_141137,12.0,2,23.43,23.812506263420797,original_final_eval_subset_lower_mean_high_variation,42.3,42.0,8.670744961179409,39.8,40.0,76
False,repeat_001::ep_266::line_266,ETG-only,sce-1m,sce1m_etg_run_0071,eval_run_0071_web_batch_20260622_141137,repeat_001,266,266,Win,True,12.0,12.0,-3.0,12.0,0.0,43640,19,19,17,2,0.1052631578947368,0,0.0,0,4,0.2105263157894736,0,0.0,0.0,0.0,0.0,0.0,0.0,0.0,0.0,0.0,0.0,0.0,0.0,0,0.0,0,0.0,0.0,0.0,0.0,0.0,0.0,0.0,0.0,0.0,0.0,0.0,0.1924500000036744,0,40,C:\Users\Binich\PycharmProjects\PredictionRTS\output\learner_results\all_data\ETG-only\sce1m_etg_run_0071\final_eval\eval_run_0071_web_batch_20260622_141137,web_batch_20260622_141137,12.0,2,23.43,23.812506263420797,original_final_eval_subset_lower_mean_high_variation,42.3,42.0,8.670744961179409,39.8,40.0,77
False,repeat_001::ep_242::line_242,ETG-only,sce-1m,sce1m_etg_run_0071,eval_run_0071_web_batch_20260622_141137,repeat_001,242,242,Win,True,9.0,9.0,3.0,9.0,0.0,39672,21,21,18,3,0.1428571428571428,0,0.0,0,3,0.1428571428571428,0,0.0,0.0,0.0,0.0,0.0,0.0,0.0,0.0,0.0,0.0,0.0,0.0,0,0.0,0,0.0,0.0,0.0,0.0,0.0,0.0,0.0,0.0,0.0,0.0,0.0,0.2202999999999141,0,65,C:\Users\Binich\PycharmProjects\PredictionRTS\output\learner_results\all_data\ETG-only\sce1m_etg_run_0071\final_eval\eval_run_0071_web_batch_20260622_141137,web_batch_20260622_141137,9.0,2,23.43,23.812506263420797,original_final_eval_subset_lower_mean_high_variation,42.3,42.0,8.670744961179409,39.8,40.0,78
False,repeat_001::ep_15::line_15,ETG-only,sce-1m,sce1m_etg_run_0071,eval_run_0071_web_batch_20260622_141137,repeat_001,15,15,Win,True,3.0,3.0,-3.0,3.0,0.0,2598,19,19,18,3,0.1578947368421052,0,0.0,0,5,0.2631578947368421,0,0.0,0.0,0.0,0.0,0.0,0.0,0.0,0.0,0.0,0.0,0.0,0.0,0,0.0,0,0.0,0.0,0.0,0.0,0.0,0.0,0.0,0.0,0.0,0.0,0.0,0.2230400000001964,0,65,C:\Users\Binich\PycharmProjects\PredictionRTS\output\learner_results\all_data\ETG-only\sce1m_etg_run_0071\final_eval\eval_run_0071_web_batch_20260622_141137,web_batch_20260622_141137,3.0,1,23.43,23.812506263420797,original_final_eval_subset_lower_mean_high_variation,42.3,42.0,8.670744961179409,39.8,40.0,79
False,repeat_001::ep_86::line_86,ETG-only,sce-1m,sce1m_etg_run_0071,eval_run_0071_web_batch_20260622_141137,repeat_001,86,86,Win,True,3.0,3.0,3.0,3.0,0.0,14040,20,20,18,3,0.15,0,0.0,0,3,0.15,0,0.0,0.0,0.0,0.0,0.0,0.0,0.0,0.0,0.0,0.0,0.0,0.0,0,0.0,0,0.0,0.0,0.0,0.0,0.0,0.0,0.0,0.0,0.0,0.0,0.0,0.2233000000006294,0,65,C:\Users\Binich\PycharmProjects\PredictionRTS\output\learner_results\all_data\ETG-only\sce1m_etg_run_0071\final_eval\eval_run_0071_web_batch_20260622_141137,web_batch_20260622_141137,3.0,2,23.43,23.812506263420797,original_final_eval_subset_lower_mean_high_variation,42.3,42.0,8.670744961179409,39.8,40.0,80
False,repeat_001::ep_96::line_96,ETG-only,sce-1m,sce1m_etg_run_0071,eval_run_0071_web_batch_20260622_141137,repeat_001,96,96,Win,True,3.0,3.0,3.0,3.0,0.0,15770,25,25,19,1,0.04,0,0.0,0,5,0.2,0,0.0,0.0,0.0,0.0,0.0,0.0,0.0,0.0,0.0,0.0,0.0,0.0,0,0.0,0,0.0,0.0,0.0,0.0,0.0,0.0,0.0,0.0,0.0,0.0,0.0,0.2045399999985875,0,65,C:\Users\Binich\PycharmProjects\PredictionRTS\output\learner_results\all_data\ETG-only\sce1m_etg_run_0071\final_eval\eval_run_0071_web_batch_20260622_141137,web_batch_20260622_141137,3.0,2,23.43,23.812506263420797,original_final_eval_subset_lower_mean_high_variation,42.3,42.0,8.670744961179409,39.8,40.0,81
False,repeat_001::ep_84::line_84,ETG-only,sce-1m,sce1m_etg_run_0071,eval_run_0071_web_batch_20260622_141137,repeat_001,84,84,Loss,False,-3.0,-3.0,-3.0,0.0,3.0,13706,21,21,17,3,0.1428571428571428,0,0.0,0,4,0.1904761904761904,0,0.0,0.0,0.0,0.0,0.0,0.0,0.0,0.0,0.0,0.0,0.0,0.0,0,0.0,0,0.0,0.0,0.0,0.0,0.0,0.0,0.0,0.0,0.0,0.0,0.0,0.2228500000001076,0,14,C:\Users\Binich\PycharmProjects\PredictionRTS\output\learner_results\all_data\ETG-only\sce1m_etg_run_0071\final_eval\eval_run_0071_web_batch_20260622_141137,web_batch_20260622_141137,-3.0,1,23.43,23.812506263420797,original_final_eval_subset_lower_mean_high_variation,42.3,42.0,8.670744961179409,39.8,40.0,82
False,repeat_001::ep_161::line_161,ETG-only,sce-1m,sce1m_etg_run_0071,eval_run_0071_web_batch_20260622_141137,repeat_001,161,161,Loss,False,-3.0,-3.0,-3.0,0.0,3.0,26340,19,19,17,3,0.1578947368421052,0,0.0,0,3,0.1578947368421052,0,0.0,0.0,0.0,0.0,0.0,0.0,0.0,0.0,0.0,0.0,0.0,0.0,0,0.0,0,0.0,0.0,0.0,0.0,0.0,0.0,0.0,0.0,0.0,0.0,0.0,0.2001000000030709,0,14,C:\Users\Binich\PycharmProjects\PredictionRTS\output\learner_results\all_data\ETG-only\sce1m_etg_run_0071\final_eval\eval_run_0071_web_batch_20260622_141137,web_batch_20260622_141137,-3.0,1,23.43,23.812506263420797,original_final_eval_subset_lower_mean_high_variation,42.3,42.0,8.670744961179409,39.8,40.0,83
False,repeat_001::ep_236::line_236,ETG-only,sce-1m,sce1m_etg_run_0071,eval_run_0071_web_batch_20260622_141137,repeat_001,236,236,Loss,False,-3.0,-3.0,-3.0,0.0,3.0,38650,20,20,17,3,0.15,0,0.0,0,3,0.15,0,0.0,0.0,0.0,0.0,0.0,0.0,0.0,0.0,0.0,0.0,0.0,0.0,0,0.0,0,0.0,0.0,0.0,0.0,0.0,0.0,0.0,0.0,0.0,0.0,0.0,0.2014666666667608,0,14,C:\Users\Binich\PycharmProjects\PredictionRTS\output\learner_results\all_data\ETG-only\sce1m_etg_run_0071\final_eval\eval_run_0071_web_batch_20260622_141137,web_batch_20260622_141137,-3.0,1,23.43,23.812506263420797,original_final_eval_subset_lower_mean_high_variation,42.3,42.0,8.670744961179409,39.8,40.0,84
False,repeat_001::ep_272::line_272,ETG-only,sce-1m,sce1m_etg_run_0071,eval_run_0071_web_batch_20260622_141137,repeat_001,272,272,Loss,False,-3.0,-3.0,3.0,0.0,3.0,44582,20,20,16,3,0.15,0,0.0,0,3,0.15,0,0.0,0.0,0.0,0.0,0.0,0.0,0.0,0.0,0.0,0.0,0.0,0.0,0,0.0,0,0.0,0.0,0.0,0.0,0.0,0.0,0.0,0.0,0.0,0.0,0.0,0.2211333333358804,0,14,C:\Users\Binich\PycharmProjects\PredictionRTS\output\learner_results\all_data\ETG-only\sce1m_etg_run_0071\final_eval\eval_run_0071_web_batch_20260622_141137,web_batch_20260622_141137,-3.0,1,23.43,23.812506263420797,original_final_eval_subset_lower_mean_high_variation,42.3,42.0,8.670744961179409,39.8,40.0,85
False,repeat_001::ep_146::line_146,ETG-only,sce-1m,sce1m_etg_run_0071,eval_run_0071_web_batch_20260622_141137,repeat_001,146,146,Loss,False,-9.0,-9.0,-3.0,0.0,9.0,23880,20,20,17,3,0.15,0,0.0,0,4,0.2,0,0.0,0.0,0.0,0.0,0.0,0.0,0.0,0.0,0.0,0.0,0.0,0.0,0,0.0,0,0.0,0.0,0.0,0.0,0.0,0.0,0.0,0.0,0.0,0.0,0.0,0.1964500000024571,0,14,C:\Users\Binich\PycharmProjects\PredictionRTS\output\learner_results\all_data\ETG-only\sce1m_etg_run_0071\final_eval\eval_run_0071_web_batch_20260622_141137,web_batch_20260622_141137,-9.0,1,23.43,23.812506263420797,original_final_eval_subset_lower_mean_high_variation,42.3,42.0,8.670744961179409,39.8,40.0,86
False,repeat_001::ep_156::line_156,ETG-only,sce-1m,sce1m_etg_run_0071,eval_run_0071_web_batch_20260622_141137,repeat_001,156,156,Loss,False,-9.0,-9.0,-3.0,0.0,9.0,25540,22,22,16,1,0.0454545454545454,0,0.0,0,7,0.3181818181818182,0,0.0,0.0,0.0,0.0,0.0,0.0,0.0,0.0,0.0,0.0,0.0,0.0,0,0.0,0,0.0,0.0,0.0,0.0,0.0,0.0,0.0,0.0,0.0,0.0,0.0,0.1943142857153848,0,14,C:\Users\Binich\PycharmProjects\PredictionRTS\output\learner_results\all_data\ETG-only\sce1m_etg_run_0071\final_eval\eval_run_0071_web_batch_20260622_141137,web_batch_20260622_141137,-9.0,1,23.43,23.812506263420797,original_final_eval_subset_lower_mean_high_variation,42.3,42.0,8.670744961179409,39.8,40.0,87
False,repeat_001::ep_294::line_294,ETG-only,sce-1m,sce1m_etg_run_0071,eval_run_0071_web_batch_20260622_141137,repeat_001,294,294,Loss,False,-9.0,-9.0,-3.0,0.0,9.0,48206,20,20,17,3,0.15,0,0.0,0,6,0.3,0,0.0,0.0,0.0,0.0,0.0,0.0,0.0,0.0,0.0,0.0,0.0,0.0,0,0.0,0,0.0,0.0,0.0,0.0,0.0,0.0,0.0,0.0,0.0,0.0,0.0,0.1903666666696798,0,14,C:\Users\Binich\PycharmProjects\PredictionRTS\output\learner_results\all_data\ETG-only\sce1m_etg_run_0071\final_eval\eval_run_0071_web_batch_20260622_141137,web_batch_20260622_141137,-9.0,1,23.43,23.812506263420797,original_final_eval_subset_lower_mean_high_variation,42.3,42.0,8.670744961179409,39.8,40.0,88
False,repeat_001::ep_69::line_69,ETG-only,sce-1m,sce1m_etg_run_0071,eval_run_0071_web_batch_20260622_141137,repeat_001,69,69,Loss,False,-12.0,-12.0,-9.0,0.0,12.0,11316,18,18,13,5,0.2777777777777778,0,0.0,0,4,0.2222222222222222,0,0.0,0.0,0.0,0.0,0.0,0.0,0.0,0.0,0.0,0.0,0.0,0.0,0,0.0,0,0.0,0.0,0.0,0.0,0.0,0.0,0.0,0.0,0.0,0.0,0.0,0.2079249999988874,0,132,C:\Users\Binich\PycharmProjects\PredictionRTS\output\learner_results\all_data\ETG-only\sce1m_etg_run_0071\final_eval\eval_run_0071_web_batch_20260622_141137,web_batch_20260622_141137,-12.0,1,23.43,23.812506263420797,original_final_eval_subset_lower_mean_high_variation,42.3,42.0,8.670744961179409,39.8,40.0,89
False,repeat_001::ep_289::line_289,ETG-only,sce-1m,sce1m_etg_run_0071,eval_run_0071_web_batch_20260622_141137,repeat_001,289,289,Loss,False,-12.0,-12.0,-3.0,0.0,12.0,47396,18,18,16,3,0.1666666666666666,0,0.0,0,7,0.3888888888888889,0,0.0,0.0,0.0,0.0,0.0,0.0,0.0,0.0,0.0,0.0,0.0,0.0,0,0.0,0,0.0,0.0,0.0,0.0,0.0,0.0,0.0,0.0,0.0,0.0,0.0,0.2306285714317774,0,132,C:\Users\Binich\PycharmProjects\PredictionRTS\output\learner_results\all_data\ETG-only\sce1m_etg_run_0071\final_eval\eval_run_0071_web_batch_20260622_141137,web_batch_20260622_141137,-12.0,1,23.43,23.812506263420797,original_final_eval_subset_lower_mean_high_variation,42.3,42.0,8.670744961179409,39.8,40.0,90
False,repeat_001::ep_111::line_111,ETG-only,sce-1m,sce1m_etg_run_0071,eval_run_0071_web_batch_20260622_141137,repeat_001,111,111,Loss,False,-18.0,-18.0,-9.0,0.0,18.0,18220,16,16,15,0,0.0,0,0.0,0,10,0.625,0,0.0,0.0,0.0,0.0,0.0,0.0,0.0,0.0,0.0,0.0,0.0,0.0,0,0.0,0,0.0,0.0,0.0,0.0,0.0,0.0,0.0,0.0,0.0,0.0,0.0,0.2069399999996335,0,132,C:\Users\Binich\PycharmProjects\PredictionRTS\output\learner_results\all_data\ETG-only\sce1m_etg_run_0071\final_eval\eval_run_0071_web_batch_20260622_141137,web_batch_20260622_141137,-18.0,0,23.43,23.812506263420797,original_final_eval_subset_lower_mean_high_variation,42.3,42.0,8.670744961179409,39.8,40.0,91
False,repeat_001::ep_117::line_117,ETG-only,sce-1m,sce1m_etg_run_0071,eval_run_0071_web_batch_20260622_141137,repeat_001,117,117,Loss,False,-18.0,-18.0,-3.0,0.0,18.0,19182,19,19,16,3,0.1578947368421052,0,0.0,0,3,0.1578947368421052,0,0.0,0.0,0.0,0.0,0.0,0.0,0.0,0.0,0.0,0.0,0.0,0.0,0,0.0,0,0.0,0.0,0.0,0.0,0.0,0.0,0.0,0.0,0.0,0.0,0.0,0.199700000000765,0,87,C:\Users\Binich\PycharmProjects\PredictionRTS\output\learner_results\all_data\ETG-only\sce1m_etg_run_0071\final_eval\eval_run_0071_web_batch_20260622_141137,web_batch_20260622_141137,-18.0,0,23.43,23.812506263420797,original_final_eval_subset_lower_mean_high_variation,42.3,42.0,8.670744961179409,39.8,40.0,92
False,repeat_001::ep_209::line_209,ETG-only,sce-1m,sce1m_etg_run_0071,eval_run_0071_web_batch_20260622_141137,repeat_001,209,209,Loss,False,-18.0,-18.0,-9.0,0.0,18.0,34046,19,19,14,3,0.1578947368421052,0,0.0,0,3,0.1578947368421052,0,0.0,0.0,0.0,0.0,0.0,0.0,0.0,0.0,0.0,0.0,0.0,0.0,0,0.0,0,0.0,0.0,0.0,0.0,0.0,0.0,0.0,0.0,0.0,0.0,0.0,0.1981333333323694,0,132,C:\Users\Binich\PycharmProjects\PredictionRTS\output\learner_results\all_data\ETG-only\sce1m_etg_run_0071\final_eval\eval_run_0071_web_batch_20260622_141137,web_batch_20260622_141137,-18.0,0,23.43,23.812506263420797,original_final_eval_subset_lower_mean_high_variation,42.3,42.0,8.670744961179409,39.8,40.0,93
False,repeat_001::ep_226::line_226,ETG-only,sce-1m,sce1m_etg_run_0071,eval_run_0071_web_batch_20260622_141137,repeat_001,226,226,Loss,False,-18.0,-18.0,-3.0,0.0,18.0,36910,19,19,16,3,0.1578947368421052,0,0.0,0,3,0.1578947368421052,0,0.0,0.0,0.0,0.0,0.0,0.0,0.0,0.0,0.0,0.0,0.0,0.0,0,0.0,0,0.0,0.0,0.0,0.0,0.0,0.0,0.0,0.0,0.0,0.0,0.0,0.2754999999983927,0,87,C:\Users\Binich\PycharmProjects\PredictionRTS\output\learner_results\all_data\ETG-only\sce1m_etg_run_0071\final_eval\eval_run_0071_web_batch_20260622_141137,web_batch_20260622_141137,-18.0,0,23.43,23.812506263420797,original_final_eval_subset_lower_mean_high_variation,42.3,42.0,8.670744961179409,39.8,40.0,94
False,repeat_001::ep_62::line_62,ETG-only,sce-1m,sce1m_etg_run_0071,eval_run_0071_web_batch_20260622_141137,repeat_001,62,62,Loss,False,-21.0,-21.0,-3.0,0.0,21.0,10192,23,23,17,3,0.1304347826086956,0,0.0,0,4,0.1739130434782608,0,0.0,0.0,0.0,0.0,0.0,0.0,0.0,0.0,0.0,0.0,0.0,0.0,0,0.0,0,0.0,0.0,0.0,0.0,0.0,0.0,0.0,0.0,0.0,0.0,0.0,0.1987749999994292,0,14,C:\Users\Binich\PycharmProjects\PredictionRTS\output\learner_results\all_data\ETG-only\sce1m_etg_run_0071\final_eval\eval_run_0071_web_batch_20260622_141137,web_batch_20260622_141137,-21.0,0,23.43,23.812506263420797,original_final_eval_subset_lower_mean_high_variation,42.3,42.0,8.670744961179409,39.8,40.0,95
False,repeat_001::ep_299::line_299,ETG-only,sce-1m,sce1m_etg_run_0071,eval_run_0071_web_batch_20260622_141137,repeat_001,299,299,Loss,False,-21.0,-21.0,-3.0,0.0,21.0,48996,19,19,16,1,0.0526315789473684,0,0.0,0,6,0.3157894736842105,0,0.0,0.0,0.0,0.0,0.0,0.0,0.0,0.0,0.0,0.0,0.0,0.0,0,0.0,0,0.0,0.0,0.0,0.0,0.0,0.0,0.0,0.0,0.0,0.0,0.0,0.2008833333325318,0,14,C:\Users\Binich\PycharmProjects\PredictionRTS\output\learner_results\all_data\ETG-only\sce1m_etg_run_0071\final_eval\eval_run_0071_web_batch_20260622_141137,web_batch_20260622_141137,-21.0,0,23.43,23.812506263420797,original_final_eval_subset_lower_mean_high_variation,42.3,42.0,8.670744961179409,39.8,40.0,96
False,repeat_001::ep_57::line_57,ETG-only,sce-1m,sce1m_etg_run_0071,eval_run_0071_web_batch_20260622_141137,repeat_001,57,57,Loss,False,-24.0,-24.0,3.0,0.0,24.0,9322,18,18,15,3,0.1666666666666666,0,0.0,0,4,0.2222222222222222,0,0.0,0.0,0.0,0.0,0.0,0.0,0.0,0.0,0.0,0.0,0.0,0.0,0,0.0,0,0.0,0.0,0.0,0.0,0.0,0.0,0.0,0.0,0.0,0.0,0.0,0.2887999999998669,0,87,C:\Users\Binich\PycharmProjects\PredictionRTS\output\learner_results\all_data\ETG-only\sce1m_etg_run_0071\final_eval\eval_run_0071_web_batch_20260622_141137,web_batch_20260622_141137,-24.0,0,23.43,23.812506263420797,original_final_eval_subset_lower_mean_high_variation,42.3,42.0,8.670744961179409,39.8,40.0,97
False,repeat_001::ep_61::line_61,ETG-only,sce-1m,sce1m_etg_run_0071,eval_run_0071_web_batch_20260622_141137,repeat_001,61,61,Loss,False,-24.0,-24.0,-3.0,0.0,24.0,9970,17,17,14,3,0.1764705882352941,0,0.0,0,5,0.2941176470588235,0,0.0,0.0,0.0,0.0,0.0,0.0,0.0,0.0,0.0,0.0,0.0,0.0,0,0.0,0,0.0,0.0,0.0,0.0,0.0,0.0,0.0,0.0,0.0,0.0,0.0,0.2027200000007667,0,87,C:\Users\Binich\PycharmProjects\PredictionRTS\output\learner_results\all_data\ETG-only\sce1m_etg_run_0071\final_eval\eval_run_0071_web_batch_20260622_141137,web_batch_20260622_141137,-24.0,0,23.43,23.812506263420797,original_final_eval_subset_lower_mean_high_variation,42.3,42.0,8.670744961179409,39.8,40.0,98
False,repeat_001::ep_130::line_130,ETG-only,sce-1m,sce1m_etg_run_0071,eval_run_0071_web_batch_20260622_141137,repeat_001,130,130,Loss,False,-33.0,-33.0,-9.0,0.0,33.0,21278,15,15,14,2,0.1333333333333333,0,0.0,0,7,0.4666666666666667,0,0.0,0.0,0.0,0.0,0.0,0.0,0.0,0.0,0.0,0.0,0.0,0.0,0,0.0,0,0.0,0.0,0.0,0.0,0.0,0.0,0.0,0.0,0.0,0.0,0.0,0.2062166666666106,0,776,C:\Users\Binich\PycharmProjects\PredictionRTS\output\learner_results\all_data\ETG-only\sce1m_etg_run_0071\final_eval\eval_run_0071_web_batch_20260622_141137,web_batch_20260622_141137,-33.0,0,23.43,23.812506263420797,original_final_eval_subset_lower_mean_high_variation,42.3,42.0,8.670744961179409,39.8,40.0,99
False,repeat_001::ep_195::line_195,ETG-only,sce-1m,sce1m_etg_run_0071,eval_run_0071_web_batch_20260622_141137,repeat_001,195,195,Loss,False,-33.0,-33.0,-3.0,0.0,33.0,31838,18,18,16,1,0.0555555555555555,0,0.0,0,6,0.3333333333333333,0,0.0,0.0,0.0,0.0,0.0,0.0,0.0,0.0,0.0,0.0,0.0,0.0,0,0.0,0,0.0,0.0,0.0,0.0,0.0,0.0,0.0,0.0,0.0,0.0,0.0,0.2037833333332628,0,213,C:\Users\Binich\PycharmProjects\PredictionRTS\output\learner_results\all_data\ETG-only\sce1m_etg_run_0071\final_eval\eval_run_0071_web_batch_20260622_141137,web_batch_20260622_141137,-33.0,0,23.43,23.812506263420797,original_final_eval_subset_lower_mean_high_variation,42.3,42.0,8.670744961179409,39.8,40.0,100
False,repeat_001::ep_4::line_4,ETG-only,sce-2,sce2_etg_run_0069,eval_run_0069_web_batch_20260622_141137,repeat_001,4,4,Win,True,84.0,84.0,21.0,84.0,0.0,466,12,12,12,0,0.0,0,0.0,0,2,0.1666666666666666,0,0.0,0.0,0.0,0.0,0.0,0.0,0.0,0.0,0.0,0.0,0.0,0.0,0,0.0,0,0.0,0.0,0.0,0.0,0.0,0.0,0.0,0.0,0.0,0.0,0.0,0.2262999999995685,0,2365,C:\Users\Binich\PycharmProjects\PredictionRTS\output\learner_results\all_data\ETG-only\sce2_etg_run_0069\final_eval\eval_run_0069_web_batch_20260622_141137,web_batch_20260622_141137,84.0,8,73.11,7.870023680223126,original_final_eval_subset_lower_mean_high_variation,77.46,78.0,3.7508786849338285,76.33473639451985,76.87473639451986,1
False,repeat_001::ep_22::line_22,ETG-only,sce-2,sce2_etg_run_0069,eval_run_0069_web_batch_20260622_141137,repeat_001,22,22,Win,True,84.0,84.0,21.0,84.0,0.0,2602,12,12,11,0,0.0,0,0.0,0,3,0.25,0,0.0,0.0,0.0,0.0,0.0,0.0,0.0,0.0,0.0,0.0,0.0,0.0,0,0.0,0,0.0,0.0,0.0,0.0,0.0,0.0,0.0,0.0,0.0,0.0,0.0,0.2570999999977156,0,9033,C:\Users\Binich\PycharmProjects\PredictionRTS\output\learner_results\all_data\ETG-only\sce2_etg_run_0069\final_eval\eval_run_0069_web_batch_20260622_141137,web_batch_20260622_141137,84.0,8,73.11,7.870023680223126,original_final_eval_subset_lower_mean_high_variation,77.46,78.0,3.7508786849338285,76.33473639451985,76.87473639451986,2
False,repeat_001::ep_96::line_96,ETG-only,sce-2,sce2_etg_run_0069,eval_run_0069_web_batch_20260622_141137,repeat_001,96,96,Win,True,84.0,84.0,21.0,84.0,0.0,11450,12,12,12,1,0.0833333333333333,0,0.0,0,0,0.0,0,0.0,0.0,0.0,0.0,0.0,0.0,0.0,0.0,0.0,0.0,0.0,0.0,0,0.0,0,0.0,0.0,0.0,0.0,0.0,0.0,0.0,0.0,0.0,0.0,0.0,,0,ood:1666:24-9:agg:d0.500,C:\Users\Binich\PycharmProjects\PredictionRTS\output\learner_results\all_data\ETG-only\sce2_etg_run_0069\final_eval\eval_run_0069_web_batch_20260622_141137,web_batch_20260622_141137,84.0,8,73.11,7.870023680223126,original_final_eval_subset_lower_mean_high_variation,77.46,78.0,3.7508786849338285,76.33473639451985,76.87473639451986,3
False,repeat_001::ep_103::line_103,ETG-only,sce-2,sce2_etg_run_0069,eval_run_0069_web_batch_20260622_141137,repeat_001,103,103,Win,True,84.0,84.0,9.0,84.0,0.0,12244,12,12,12,0,0.0,0,0.0,0,3,0.25,0,0.0,0.0,0.0,0.0,0.0,0.0,0.0,0.0,0.0,0.0,0.0,0.0,0,0.0,0,0.0,0.0,0.0,0.0,0.0,0.0,0.0,0.0,0.0,0.0,0.0,0.1926000000006903,0,2365,C:\Users\Binich\PycharmProjects\PredictionRTS\output\learner_results\all_data\ETG-only\sce2_etg_run_0069\final_eval\eval_run_0069_web_batch_20260622_141137,web_batch_20260622_141137,84.0,8,73.11,7.870023680223126,original_final_eval_subset_lower_mean_high_variation,77.46,78.0,3.7508786849338285,76.33473639451985,76.87473639451986,4
False,repeat_001::ep_128::line_128,ETG-only,sce-2,sce2_etg_run_0069,eval_run_0069_web_batch_20260622_141137,repeat_001,128,128,Win,True,84.0,84.0,15.0,84.0,0.0,15244,12,12,12,2,0.1666666666666666,0,0.0,0,1,0.0833333333333333,0,0.0,0.0,0.0,0.0,0.0,0.0,0.0,0.0,0.0,0.0,0.0,0.0,0,0.0,0,0.0,0.0,0.0,0.0,0.0,0.0,0.0,0.0,0.0,0.0,0.0,0.1584999999977299,0,ood:1518:24-7:agg:d0.500,C:\Users\Binich\PycharmProjects\PredictionRTS\output\learner_results\all_data\ETG-only\sce2_etg_run_0069\final_eval\eval_run_0069_web_batch_20260622_141137,web_batch_20260622_141137,84.0,8,73.11,7.870023680223126,original_final_eval_subset_lower_mean_high_variation,77.46,78.0,3.7508786849338285,76.33473639451985,76.87473639451986,5
False,repeat_001::ep_150::line_150,ETG-only,sce-2,sce2_etg_run_0069,eval_run_0069_web_batch_20260622_141137,repeat_001,150,150,Win,True,84.0,84.0,15.0,84.0,0.0,17818,12,12,12,0,0.0,0,0.0,0,2,0.1666666666666666,0,0.0,0.0,0.0,0.0,0.0,0.0,0.0,0.0,0.0,0.0,0.0,0.0,0,0.0,0,0.0,0.0,0.0,0.0,0.0,0.0,0.0,0.0,0.0,0.0,0.0,0.3122500000003469,0,9033,C:\Users\Binich\PycharmProjects\PredictionRTS\output\learner_results\all_data\ETG-only\sce2_etg_run_0069\final_eval\eval_run_0069_web_batch_20260622_141137,web_batch_20260622_141137,84.0,8,73.11,7.870023680223126,original_final_eval_subset_lower_mean_high_variation,77.46,78.0,3.7508786849338285,76.33473639451985,76.87473639451986,6
False,repeat_001::ep_166::line_166,ETG-only,sce-2,sce2_etg_run_0069,eval_run_0069_web_batch_20260622_141137,repeat_001,166,166,Win,True,84.0,84.0,21.0,84.0,0.0,19650,12,12,12,0,0.0,0,0.0,0,2,0.1666666666666666,0,0.0,0.0,0.0,0.0,0.0,0.0,0.0,0.0,0.0,0.0,0.0,0.0,0,0.0,0,0.0,0.0,0.0,0.0,0.0,0.0,0.0,0.0,0.0,0.0,0.0,0.2412999999990006,0,2437,C:\Users\Binich\PycharmProjects\PredictionRTS\output\learner_results\all_data\ETG-only\sce2_etg_run_0069\final_eval\eval_run_0069_web_batch_20260622_141137,web_batch_20260622_141137,84.0,9,73.11,7.870023680223126,original_final_eval_subset_lower_mean_high_variation,77.46,78.0,3.7508786849338285,76.33473639451985,76.87473639451986,7
False,repeat_001::ep_180::line_180,ETG-only,sce-2,sce2_etg_run_0069,eval_run_0069_web_batch_20260622_141137,repeat_001,180,180,Win,True,84.0,84.0,15.0,84.0,0.0,21258,12,12,11,0,0.0,0,0.0,0,1,0.0833333333333333,0,0.0,0.0,0.0,0.0,0.0,0.0,0.0,0.0,0.0,0.0,0.0,0.0,0,0.0,0,0.0,0.0,0.0,0.0,0.0,0.0,0.0,0.0,0.0,0.0,0.0,0.1498000000026422,0,9033,C:\Users\Binich\PycharmProjects\PredictionRTS\output\learner_results\all_data\ETG-only\sce2_etg_run_0069\final_eval\eval_run_0069_web_batch_20260622_141137,web_batch_20260622_141137,84.0,9,73.11,7.870023680223126,original_final_eval_subset_lower_mean_high_variation,77.46,78.0,3.7508786849338285,76.33473639451985,76.87473639451986,8
False,repeat_001::ep_182::line_182,ETG-only,sce-2,sce2_etg_run_0069,eval_run_0069_web_batch_20260622_141137,repeat_001,182,182,Win,True,84.0,84.0,15.0,84.0,0.0,21482,12,12,12,0,0.0,0,0.0,0,1,0.0833333333333333,0,0.0,0.0,0.0,0.0,0.0,0.0,0.0,0.0,0.0,0.0,0.0,0.0,0,0.0,0,0.0,0.0,0.0,0.0,0.0,0.0,0.0,0.0,0.0,0.0,0.0,0.2276000000023259,0,9033,C:\Users\Binich\PycharmProjects\PredictionRTS\output\learner_results\all_data\ETG-only\sce2_etg_run_0069\final_eval\eval_run_0069_web_batch_20260622_141137,web_batch_20260622_141137,84.0,9,73.11,7.870023680223126,original_final_eval_subset_lower_mean_high_variation,77.46,78.0,3.7508786849338285,76.33473639451985,76.87473639451986,9
False,repeat_001::ep_196::line_196,ETG-only,sce-2,sce2_etg_run_0069,eval_run_0069_web_batch_20260622_141137,repeat_001,196,196,Win,True,84.0,84.0,21.0,84.0,0.0,23090,12,12,12,1,0.0833333333333333,0,0.0,0,1,0.0833333333333333,0,0.0,0.0,0.0,0.0,0.0,0.0,0.0,0.0,0.0,0.0,0.0,0.0,0,0.0,0,0.0,0.0,0.0,0.0,0.0,0.0,0.0,0.0,0.0,0.0,0.0,0.2449999999996066,0,ood:3929:24-35:agg:d0.500,C:\Users\Binich\PycharmProjects\PredictionRTS\output\learner_results\all_data\ETG-only\sce2_etg_run_0069\final_eval\eval_run_0069_web_batch_20260622_141137,web_batch_20260622_141137,84.0,9,73.11,7.870023680223126,original_final_eval_subset_lower_mean_high_variation,77.46,78.0,3.7508786849338285,76.33473639451985,76.87473639451986,10
False,repeat_001::ep_225::line_225,ETG-only,sce-2,sce2_etg_run_0069,eval_run_0069_web_batch_20260622_141137,repeat_001,225,225,Win,True,84.0,84.0,9.0,84.0,0.0,26518,12,12,12,2,0.1666666666666666,0,0.0,0,2,0.1666666666666666,0,0.0,0.0,0.0,0.0,0.0,0.0,0.0,0.0,0.0,0.0,0.0,0.0,0,0.0,0,0.0,0.0,0.0,0.0,0.0,0.0,0.0,0.0,0.0,0.0,0.0,0.3165999999978908,0,ood:2975:24-26:agg:d0.500,C:\Users\Binich\PycharmProjects\PredictionRTS\output\learner_results\all_data\ETG-only\sce2_etg_run_0069\final_eval\eval_run_0069_web_batch_20260622_141137,web_batch_20260622_141137,84.0,9,73.11,7.870023680223126,original_final_eval_subset_lower_mean_high_variation,77.46,78.0,3.7508786849338285,76.33473639451985,76.87473639451986,11
False,repeat_001::ep_230::line_230,ETG-only,sce-2,sce2_etg_run_0069,eval_run_0069_web_batch_20260622_141137,repeat_001,230,230,Win,True,84.0,84.0,21.0,84.0,0.0,27098,12,12,11,0,0.0,0,0.0,0,2,0.1666666666666666,0,0.0,0.0,0.0,0.0,0.0,0.0,0.0,0.0,0.0,0.0,0.0,0.0,0,0.0,0,0.0,0.0,0.0,0.0,0.0,0.0,0.0,0.0,0.0,0.0,0.0,0.197899999999862,0,9033,C:\Users\Binich\PycharmProjects\PredictionRTS\output\learner_results\all_data\ETG-only\sce2_etg_run_0069\final_eval\eval_run_0069_web_batch_20260622_141137,web_batch_20260622_141137,84.0,9,73.11,7.870023680223126,original_final_eval_subset_lower_mean_high_variation,77.46,78.0,3.7508786849338285,76.33473639451985,76.87473639451986,12
False,repeat_001::ep_235::line_235,ETG-only,sce-2,sce2_etg_run_0069,eval_run_0069_web_batch_20260622_141137,repeat_001,235,235,Win,True,84.0,84.0,21.0,84.0,0.0,27658,12,12,12,1,0.0833333333333333,0,0.0,0,1,0.0833333333333333,0,0.0,0.0,0.0,0.0,0.0,0.0,0.0,0.0,0.0,0.0,0.0,0.0,0,0.0,0,0.0,0.0,0.0,0.0,0.0,0.0,0.0,0.0,0.0,0.0,0.0,0.1802999999966914,0,ood:1518:24-7:agg:d0.500,C:\Users\Binich\PycharmProjects\PredictionRTS\output\learner_results\all_data\ETG-only\sce2_etg_run_0069\final_eval\eval_run_0069_web_batch_20260622_141137,web_batch_20260622_141137,84.0,9,73.11,7.870023680223126,original_final_eval_subset_lower_mean_high_variation,77.46,78.0,3.7508786849338285,76.33473639451985,76.87473639451986,13
False,repeat_001::ep_250::line_250,ETG-only,sce-2,sce2_etg_run_0069,eval_run_0069_web_batch_20260622_141137,repeat_001,250,250,Win,True,84.0,84.0,15.0,84.0,0.0,29488,12,12,11,1,0.0833333333333333,0,0.0,0,2,0.1666666666666666,0,0.0,0.0,0.0,0.0,0.0,0.0,0.0,0.0,0.0,0.0,0.0,0.0,0,0.0,0,0.0,0.0,0.0,0.0,0.0,0.0,0.0,0.0,0.0,0.0,0.0,0.2242000000052257,0,4961,C:\Users\Binich\PycharmProjects\PredictionRTS\output\learner_results\all_data\ETG-only\sce2_etg_run_0069\final_eval\eval_run_0069_web_batch_20260622_141137,web_batch_20260622_141137,84.0,9,73.11,7.870023680223126,original_final_eval_subset_lower_mean_high_variation,77.46,78.0,3.7508786849338285,76.33473639451985,76.87473639451986,14
False,repeat_001::ep_263::line_263,ETG-only,sce-2,sce2_etg_run_0069,eval_run_0069_web_batch_20260622_141137,repeat_001,263,263,Win,True,84.0,84.0,9.0,84.0,0.0,31004,12,12,12,1,0.0833333333333333,0,0.0,0,3,0.25,0,0.0,0.0,0.0,0.0,0.0,0.0,0.0,0.0,0.0,0.0,0.0,0.0,0,0.0,0,0.0,0.0,0.0,0.0,0.0,0.0,0.0,0.0,0.0,0.0,0.0,0.2447333333321921,0,4961,C:\Users\Binich\PycharmProjects\PredictionRTS\output\learner_results\all_data\ETG-only\sce2_etg_run_0069\final_eval\eval_run_0069_web_batch_20260622_141137,web_batch_20260622_141137,84.0,9,73.11,7.870023680223126,original_final_eval_subset_lower_mean_high_variation,77.46,78.0,3.7508786849338285,76.33473639451985,76.87473639451986,15
False,repeat_001::ep_279::line_279,ETG-only,sce-2,sce2_etg_run_0069,eval_run_0069_web_batch_20260622_141137,repeat_001,279,279,Win,True,84.0,84.0,21.0,84.0,0.0,32866,12,12,11,0,0.0,0,0.0,0,2,0.1666666666666666,0,0.0,0.0,0.0,0.0,0.0,0.0,0.0,0.0,0.0,0.0,0.0,0.0,0,0.0,0,0.0,0.0,0.0,0.0,0.0,0.0,0.0,0.0,0.0,0.0,0.0,0.1748999999975353,0,2365,C:\Users\Binich\PycharmProjects\PredictionRTS\output\learner_results\all_data\ETG-only\sce2_etg_run_0069\final_eval\eval_run_0069_web_batch_20260622_141137,web_batch_20260622_141137,84.0,9,73.11,7.870023680223126,original_final_eval_subset_lower_mean_high_variation,77.46,78.0,3.7508786849338285,76.33473639451985,76.87473639451986,16
False,repeat_001::ep_140::line_140,ETG-only,sce-2,sce2_etg_run_0069,eval_run_0069_web_batch_20260622_141137,repeat_001,140,140,Win,True,81.0,81.0,3.0,81.0,0.0,16628,13,13,12,0,0.0,0,0.0,0,3,0.2307692307692307,0,0.0,0.0,0.0,0.0,0.0,0.0,0.0,0.0,0.0,0.0,0.0,0.0,0,0.0,0,0.0,0.0,0.0,0.0,0.0,0.0,0.0,0.0,0.0,0.0,0.0,0.1879999999978565,0,6241,C:\Users\Binich\PycharmProjects\PredictionRTS\output\learner_results\all_data\ETG-only\sce2_etg_run_0069\final_eval\eval_run_0069_web_batch_20260622_141137,web_batch_20260622_141137,81.0,8,73.11,7.870023680223126,original_final_eval_subset_lower_mean_high_variation,77.46,78.0,3.7508786849338285,76.33473639451985,76.87473639451986,17
False,repeat_001::ep_193::line_193,ETG-only,sce-2,sce2_etg_run_0069,eval_run_0069_web_batch_20260622_141137,repeat_001,193,193,Win,True,81.0,81.0,3.0,81.0,0.0,22754,13,13,13,0,0.0,0,0.0,0,3,0.2307692307692307,0,0.0,0.0,0.0,0.0,0.0,0.0,0.0,0.0,0.0,0.0,0.0,0.0,0,0.0,0,0.0,0.0,0.0,0.0,0.0,0.0,0.0,0.0,0.0,0.0,0.0,0.2007666666680544,0,4629,C:\Users\Binich\PycharmProjects\PredictionRTS\output\learner_results\all_data\ETG-only\sce2_etg_run_0069\final_eval\eval_run_0069_web_batch_20260622_141137,web_batch_20260622_141137,81.0,8,73.11,7.870023680223126,original_final_eval_subset_lower_mean_high_variation,77.46,78.0,3.7508786849338285,76.33473639451985,76.87473639451986,18
False,repeat_001::ep_214::line_214,ETG-only,sce-2,sce2_etg_run_0069,eval_run_0069_web_batch_20260622_141137,repeat_001,214,214,Win,True,81.0,81.0,-3.0,81.0,0.0,25196,13,13,13,0,0.0,0,0.0,0,3,0.2307692307692307,0,0.0,0.0,0.0,0.0,0.0,0.0,0.0,0.0,0.0,0.0,0.0,0.0,0,0.0,0,0.0,0.0,0.0,0.0,0.0,0.0,0.0,0.0,0.0,0.0,0.0,0.1980666666672922,0,9662,C:\Users\Binich\PycharmProjects\PredictionRTS\output\learner_results\all_data\ETG-only\sce2_etg_run_0069\final_eval\eval_run_0069_web_batch_20260622_141137,web_batch_20260622_141137,81.0,8,73.11,7.870023680223126,original_final_eval_subset_lower_mean_high_variation,77.46,78.0,3.7508786849338285,76.33473639451985,76.87473639451986,19
False,repeat_001::ep_248::line_248,ETG-only,sce-2,sce2_etg_run_0069,eval_run_0069_web_batch_20260622_141137,repeat_001,248,248,Win,True,81.0,81.0,3.0,81.0,0.0,29254,13,13,12,2,0.1538461538461538,0,0.0,0,2,0.1538461538461538,0,0.0,0.0,0.0,0.0,0.0,0.0,0.0,0.0,0.0,0.0,0.0,0.0,0,0.0,0,0.0,0.0,0.0,0.0,0.0,0.0,0.0,0.0,0.0,0.0,0.0,0.1944999999992092,0,4433,C:\Users\Binich\PycharmProjects\PredictionRTS\output\learner_results\all_data\ETG-only\sce2_etg_run_0069\final_eval\eval_run_0069_web_batch_20260622_141137,web_batch_20260622_141137,81.0,8,73.11,7.870023680223126,original_final_eval_subset_lower_mean_high_variation,77.46,78.0,3.7508786849338285,76.33473639451985,76.87473639451986,20
False,repeat_001::ep_11::line_11,ETG-only,sce-2,sce2_etg_run_0069,eval_run_0069_web_batch_20260622_141137,repeat_001,11,11,Win,True,78.0,78.0,15.0,78.0,0.0,1290,12,12,11,1,0.0833333333333333,0,0.0,0,3,0.25,0,0.0,0.0,0.0,0.0,0.0,0.0,0.0,0.0,0.0,0.0,0.0,0.0,0,0.0,0,0.0,0.0,0.0,0.0,0.0,0.0,0.0,0.0,0.0,0.0,0.0,0.2191000000001016,0,2437,C:\Users\Binich\PycharmProjects\PredictionRTS\output\learner_results\all_data\ETG-only\sce2_etg_run_0069\final_eval\eval_run_0069_web_batch_20260622_141137,web_batch_20260622_141137,78.0,6,73.11,7.870023680223126,original_final_eval_subset_lower_mean_high_variation,77.46,78.0,3.7508786849338285,76.33473639451985,76.87473639451986,21
False,repeat_001::ep_15::line_15,ETG-only,sce-2,sce2_etg_run_0069,eval_run_0069_web_batch_20260622_141137,repeat_001,15,15,Win,True,78.0,78.0,21.0,78.0,0.0,1748,12,12,11,0,0.0,0,0.0,0,3,0.25,0,0.0,0.0,0.0,0.0,0.0,0.0,0.0,0.0,0.0,0.0,0.0,0.0,0,0.0,0,0.0,0.0,0.0,0.0,0.0,0.0,0.0,0.0,0.0,0.0,0.0,0.1842666666670804,0,2956,C:\Users\Binich\PycharmProjects\PredictionRTS\output\learner_results\all_data\ETG-only\sce2_etg_run_0069\final_eval\eval_run_0069_web_batch_20260622_141137,web_batch_20260622_141137,78.0,6,73.11,7.870023680223126,original_final_eval_subset_lower_mean_high_variation,77.46,78.0,3.7508786849338285,76.33473639451985,76.87473639451986,22
False,repeat_001::ep_89::line_89,ETG-only,sce-2,sce2_etg_run_0069,eval_run_0069_web_batch_20260622_141137,repeat_001,89,89,Win,True,78.0,78.0,21.0,78.0,0.0,10656,12,12,12,0,0.0,0,0.0,0,4,0.3333333333333333,0,0.0,0.0,0.0,0.0,0.0,0.0,0.0,0.0,0.0,0.0,0.0,0.0,0,0.0,0,0.0,0.0,0.0,0.0,0.0,0.0,0.0,0.0,0.0,0.0,0.0,0.2815000000015999,0,2365,C:\Users\Binich\PycharmProjects\PredictionRTS\output\learner_results\all_data\ETG-only\sce2_etg_run_0069\final_eval\eval_run_0069_web_batch_20260622_141137,web_batch_20260622_141137,78.0,6,73.11,7.870023680223126,original_final_eval_subset_lower_mean_high_variation,77.46,78.0,3.7508786849338285,76.33473639451985,76.87473639451986,23
False,repeat_001::ep_90::line_90,ETG-only,sce-2,sce2_etg_run_0069,eval_run_0069_web_batch_20260622_141137,repeat_001,90,90,Win,True,78.0,78.0,9.0,78.0,0.0,10768,12,12,11,3,0.25,0,0.0,0,1,0.0833333333333333,0,0.0,0.0,0.0,0.0,0.0,0.0,0.0,0.0,0.0,0.0,0.0,0.0,0,0.0,0,0.0,0.0,0.0,0.0,0.0,0.0,0.0,0.0,0.0,0.0,0.0,0.2392000000028815,0,2390,C:\Users\Binich\PycharmProjects\PredictionRTS\output\learner_results\all_data\ETG-only\sce2_etg_run_0069\final_eval\eval_run_0069_web_batch_20260622_141137,web_batch_20260622_141137,78.0,6,73.11,7.870023680223126,original_final_eval_subset_lower_mean_high_variation,77.46,78.0,3.7508786849338285,76.33473639451985,76.87473639451986,24
False,repeat_001::ep_92::line_92,ETG-only,sce-2,sce2_etg_run_0069,eval_run_0069_web_batch_20260622_141137,repeat_001,92,92,Win,True,78.0,78.0,15.0,78.0,0.0,11002,12,12,12,0,0.0,0,0.0,0,1,0.0833333333333333,0,0.0,0.0,0.0,0.0,0.0,0.0,0.0,0.0,0.0,0.0,0.0,0.0,0,0.0,0,0.0,0.0,0.0,0.0,0.0,0.0,0.0,0.0,0.0,0.0,0.0,0.2199999999987767,0,1518,C:\Users\Binich\PycharmProjects\PredictionRTS\output\learner_results\all_data\ETG-only\sce2_etg_run_0069\final_eval\eval_run_0069_web_batch_20260622_141137,web_batch_20260622_141137,78.0,6,73.11,7.870023680223126,original_final_eval_subset_lower_mean_high_variation,77.46,78.0,3.7508786849338285,76.33473639451985,76.87473639451986,25
False,repeat_001::ep_94::line_94,ETG-only,sce-2,sce2_etg_run_0069,eval_run_0069_web_batch_20260622_141137,repeat_001,94,94,Win,True,78.0,78.0,9.0,78.0,0.0,11226,12,12,11,0,0.0,0,0.0,0,3,0.25,0,0.0,0.0,0.0,0.0,0.0,0.0,0.0,0.0,0.0,0.0,0.0,0.0,0,0.0,0,0.0,0.0,0.0,0.0,0.0,0.0,0.0,0.0,0.0,0.0,0.0,0.2437666666660713,0,10079,C:\Users\Binich\PycharmProjects\PredictionRTS\output\learner_results\all_data\ETG-only\sce2_etg_run_0069\final_eval\eval_run_0069_web_batch_20260622_141137,web_batch_20260622_141137,78.0,6,73.11,7.870023680223126,original_final_eval_subset_lower_mean_high_variation,77.46,78.0,3.7508786849338285,76.33473639451985,76.87473639451986,26
False,repeat_001::ep_112::line_112,ETG-only,sce-2,sce2_etg_run_0069,eval_run_0069_web_batch_20260622_141137,repeat_001,112,112,Win,True,78.0,78.0,9.0,78.0,0.0,13332,12,12,12,0,0.0,0,0.0,0,4,0.3333333333333333,0,0.0,0.0,0.0,0.0,0.0,0.0,0.0,0.0,0.0,0.0,0.0,0.0,0,0.0,0,0.0,0.0,0.0,0.0,0.0,0.0,0.0,0.0,0.0,0.0,0.0,0.2374000000031628,0,9033,C:\Users\Binich\PycharmProjects\PredictionRTS\output\learner_results\all_data\ETG-only\sce2_etg_run_0069\final_eval\eval_run_0069_web_batch_20260622_141137,web_batch_20260622_141137,78.0,6,73.11,7.870023680223126,original_final_eval_subset_lower_mean_high_variation,77.46,78.0,3.7508786849338285,76.33473639451985,76.87473639451986,27
False,repeat_001::ep_116::line_116,ETG-only,sce-2,sce2_etg_run_0069,eval_run_0069_web_batch_20260622_141137,repeat_001,116,116,Win,True,78.0,78.0,21.0,78.0,0.0,13780,12,12,12,0,0.0,0,0.0,0,2,0.1666666666666666,0,0.0,0.0,0.0,0.0,0.0,0.0,0.0,0.0,0.0,0.0,0.0,0.0,0,0.0,0,0.0,0.0,0.0,0.0,0.0,0.0,0.0,0.0,0.0,0.0,0.0,0.1770500000013442,0,3506,C:\Users\Binich\PycharmProjects\PredictionRTS\output\learner_results\all_data\ETG-only\sce2_etg_run_0069\final_eval\eval_run_0069_web_batch_20260622_141137,web_batch_20260622_141137,78.0,6,73.11,7.870023680223126,original_final_eval_subset_lower_mean_high_variation,77.46,78.0,3.7508786849338285,76.33473639451985,76.87473639451986,28
False,repeat_001::ep_143::line_143,ETG-only,sce-2,sce2_etg_run_0069,eval_run_0069_web_batch_20260622_141137,repeat_001,143,143,Win,True,78.0,78.0,15.0,78.0,0.0,16984,12,12,11,0,0.0,0,0.0,0,2,0.1666666666666666,0,0.0,0.0,0.0,0.0,0.0,0.0,0.0,0.0,0.0,0.0,0.0,0.0,0,0.0,0,0.0,0.0,0.0,0.0,0.0,0.0,0.0,0.0,0.0,0.0,0.0,0.2135000000009768,0,2390,C:\Users\Binich\PycharmProjects\PredictionRTS\output\learner_results\all_data\ETG-only\sce2_etg_run_0069\final_eval\eval_run_0069_web_batch_20260622_141137,web_batch_20260622_141137,78.0,6,73.11,7.870023680223126,original_final_eval_subset_lower_mean_high_variation,77.46,78.0,3.7508786849338285,76.33473639451985,76.87473639451986,29
False,repeat_001::ep_148::line_148,ETG-only,sce-2,sce2_etg_run_0069,eval_run_0069_web_batch_20260622_141137,repeat_001,148,148,Win,True,78.0,78.0,15.0,78.0,0.0,17584,12,12,12,0,0.0,0,0.0,0,2,0.1666666666666666,0,0.0,0.0,0.0,0.0,0.0,0.0,0.0,0.0,0.0,0.0,0.0,0.0,0,0.0,0,0.0,0.0,0.0,0.0,0.0,0.0,0.0,0.0,0.0,0.0,0.0,0.3319000000026051,0,2365,C:\Users\Binich\PycharmProjects\PredictionRTS\output\learner_results\all_data\ETG-only\sce2_etg_run_0069\final_eval\eval_run_0069_web_batch_20260622_141137,web_batch_20260622_141137,78.0,6,73.11,7.870023680223126,original_final_eval_subset_lower_mean_high_variation,77.46,78.0,3.7508786849338285,76.33473639451985,76.87473639451986,30
False,repeat_001::ep_153::line_153,ETG-only,sce-2,sce2_etg_run_0069,eval_run_0069_web_batch_20260622_141137,repeat_001,153,153,Win,True,78.0,78.0,21.0,78.0,0.0,18154,12,12,12,0,0.0,0,0.0,0,2,0.1666666666666666,0,0.0,0.0,0.0,0.0,0.0,0.0,0.0,0.0,0.0,0.0,0.0,0.0,0,0.0,0,0.0,0.0,0.0,0.0,0.0,0.0,0.0,0.0,0.0,0.0,0.0,0.1996999999995807,0,3506,C:\Users\Binich\PycharmProjects\PredictionRTS\output\learner_results\all_data\ETG-only\sce2_etg_run_0069\final_eval\eval_run_0069_web_batch_20260622_141137,web_batch_20260622_141137,78.0,7,73.11,7.870023680223126,original_final_eval_subset_lower_mean_high_variation,77.46,78.0,3.7508786849338285,76.33473639451985,76.87473639451986,31
False,repeat_001::ep_155::line_155,ETG-only,sce-2,sce2_etg_run_0069,eval_run_0069_web_batch_20260622_141137,repeat_001,155,155,Win,True,78.0,78.0,15.0,78.0,0.0,18378,12,12,11,0,0.0,0,0.0,0,1,0.0833333333333333,0,0.0,0.0,0.0,0.0,0.0,0.0,0.0,0.0,0.0,0.0,0.0,0.0,0,0.0,0,0.0,0.0,0.0,0.0,0.0,0.0,0.0,0.0,0.0,0.0,0.0,0.2679999999983806,0,3506,C:\Users\Binich\PycharmProjects\PredictionRTS\output\learner_results\all_data\ETG-only\sce2_etg_run_0069\final_eval\eval_run_0069_web_batch_20260622_141137,web_batch_20260622_141137,78.0,7,73.11,7.870023680223126,original_final_eval_subset_lower_mean_high_variation,77.46,78.0,3.7508786849338285,76.33473639451985,76.87473639451986,32
False,repeat_001::ep_168::line_168,ETG-only,sce-2,sce2_etg_run_0069,eval_run_0069_web_batch_20260622_141137,repeat_001,168,168,Win,True,78.0,78.0,21.0,78.0,0.0,19884,12,12,12,0,0.0,0,0.0,0,3,0.25,0,0.0,0.0,0.0,0.0,0.0,0.0,0.0,0.0,0.0,0.0,0.0,0.0,0,0.0,0,0.0,0.0,0.0,0.0,0.0,0.0,0.0,0.0,0.0,0.0,0.0,0.2132333333335623,0,2390,C:\Users\Binich\PycharmProjects\PredictionRTS\output\learner_results\all_data\ETG-only\sce2_etg_run_0069\final_eval\eval_run_0069_web_batch_20260622_141137,web_batch_20260622_141137,78.0,7,73.11,7.870023680223126,original_final_eval_subset_lower_mean_high_variation,77.46,78.0,3.7508786849338285,76.33473639451985,76.87473639451986,33
False,repeat_001::ep_186::line_186,ETG-only,sce-2,sce2_etg_run_0069,eval_run_0069_web_batch_20260622_141137,repeat_001,186,186,Win,True,78.0,78.0,21.0,78.0,0.0,21930,12,12,12,0,0.0,0,0.0,0,1,0.0833333333333333,0,0.0,0.0,0.0,0.0,0.0,0.0,0.0,0.0,0.0,0.0,0.0,0.0,0,0.0,0,0.0,0.0,0.0,0.0,0.0,0.0,0.0,0.0,0.0,0.0,0.0,0.1730000000037534,0,3506,C:\Users\Binich\PycharmProjects\PredictionRTS\output\learner_results\all_data\ETG-only\sce2_etg_run_0069\final_eval\eval_run_0069_web_batch_20260622_141137,web_batch_20260622_141137,78.0,7,73.11,7.870023680223126,original_final_eval_subset_lower_mean_high_variation,77.46,78.0,3.7508786849338285,76.33473639451985,76.87473639451986,34
False,repeat_001::ep_204::line_204,ETG-only,sce-2,sce2_etg_run_0069,eval_run_0069_web_batch_20260622_141137,repeat_001,204,204,Win,True,78.0,78.0,21.0,78.0,0.0,24026,12,12,11,0,0.0,0,0.0,0,1,0.0833333333333333,0,0.0,0.0,0.0,0.0,0.0,0.0,0.0,0.0,0.0,0.0,0.0,0.0,0,0.0,0,0.0,0.0,0.0,0.0,0.0,0.0,0.0,0.0,0.0,0.0,0.0,0.2540999999993687,0,2211,C:\Users\Binich\PycharmProjects\PredictionRTS\output\learner_results\all_data\ETG-only\sce2_etg_run_0069\final_eval\eval_run_0069_web_batch_20260622_141137,web_batch_20260622_141137,78.0,7,73.11,7.870023680223126,original_final_eval_subset_lower_mean_high_variation,77.46,78.0,3.7508786849338285,76.33473639451985,76.87473639451986,35
False,repeat_001::ep_228::line_228,ETG-only,sce-2,sce2_etg_run_0069,eval_run_0069_web_batch_20260622_141137,repeat_001,228,228,Win,True,78.0,78.0,21.0,78.0,0.0,26874,12,12,11,0,0.0,0,0.0,0,2,0.1666666666666666,0,0.0,0.0,0.0,0.0,0.0,0.0,0.0,0.0,0.0,0.0,0.0,0.0,0,0.0,0,0.0,0.0,0.0,0.0,0.0,0.0,0.0,0.0,0.0,0.0,0.0,0.1991000000032272,0,3506,C:\Users\Binich\PycharmProjects\PredictionRTS\output\learner_results\all_data\ETG-only\sce2_etg_run_0069\final_eval\eval_run_0069_web_batch_20260622_141137,web_batch_20260622_141137,78.0,7,73.11,7.870023680223126,original_final_eval_subset_lower_mean_high_variation,77.46,78.0,3.7508786849338285,76.33473639451985,76.87473639451986,36
False,repeat_001::ep_255::line_255,ETG-only,sce-2,sce2_etg_run_0069,eval_run_0069_web_batch_20260622_141137,repeat_001,255,255,Win,True,78.0,78.0,21.0,78.0,0.0,30088,12,12,12,0,0.0,0,0.0,0,4,0.3333333333333333,0,0.0,0.0,0.0,0.0,0.0,0.0,0.0,0.0,0.0,0.0,0.0,0.0,0,0.0,0,0.0,0.0,0.0,0.0,0.0,0.0,0.0,0.0,0.0,0.0,0.0,0.229575000005866,0,2956,C:\Users\Binich\PycharmProjects\PredictionRTS\output\learner_results\all_data\ETG-only\sce2_etg_run_0069\final_eval\eval_run_0069_web_batch_20260622_141137,web_batch_20260622_141137,78.0,7,73.11,7.870023680223126,original_final_eval_subset_lower_mean_high_variation,77.46,78.0,3.7508786849338285,76.33473639451985,76.87473639451986,37
False,repeat_001::ep_256::line_256,ETG-only,sce-2,sce2_etg_run_0069,eval_run_0069_web_batch_20260622_141137,repeat_001,256,256,Win,True,78.0,78.0,21.0,78.0,0.0,30200,12,12,9,0,0.0,0,0.0,0,2,0.1666666666666666,0,0.0,0.0,0.0,0.0,0.0,0.0,0.0,0.0,0.0,0.0,0.0,0.0,0,0.0,0,0.0,0.0,0.0,0.0,0.0,0.0,0.0,0.0,0.0,0.0,0.0,0.2014499999987151,0,3617,C:\Users\Binich\PycharmProjects\PredictionRTS\output\learner_results\all_data\ETG-only\sce2_etg_run_0069\final_eval\eval_run_0069_web_batch_20260622_141137,web_batch_20260622_141137,78.0,7,73.11,7.870023680223126,original_final_eval_subset_lower_mean_high_variation,77.46,78.0,3.7508786849338285,76.33473639451985,76.87473639451986,38
False,repeat_001::ep_261::line_261,ETG-only,sce-2,sce2_etg_run_0069,eval_run_0069_web_batch_20260622_141137,repeat_001,261,261,Win,True,78.0,78.0,3.0,78.0,0.0,30780,13,13,12,1,0.0769230769230769,0,0.0,0,3,0.2307692307692307,0,0.0,0.0,0.0,0.0,0.0,0.0,0.0,0.0,0.0,0.0,0.0,0.0,0,0.0,0,0.0,0.0,0.0,0.0,0.0,0.0,0.0,0.0,0.0,0.0,0.0,0.1841333333298204,0,2390,C:\Users\Binich\PycharmProjects\PredictionRTS\output\learner_results\all_data\ETG-only\sce2_etg_run_0069\final_eval\eval_run_0069_web_batch_20260622_141137,web_batch_20260622_141137,78.0,7,73.11,7.870023680223126,original_final_eval_subset_lower_mean_high_variation,77.46,78.0,3.7508786849338285,76.33473639451985,76.87473639451986,39
False,repeat_001::ep_266::line_266,ETG-only,sce-2,sce2_etg_run_0069,eval_run_0069_web_batch_20260622_141137,repeat_001,266,266,Win,True,78.0,78.0,21.0,78.0,0.0,31340,12,12,11,0,0.0,0,0.0,0,5,0.4166666666666667,0,0.0,0.0,0.0,0.0,0.0,0.0,0.0,0.0,0.0,0.0,0.0,0.0,0,0.0,0,0.0,0.0,0.0,0.0,0.0,0.0,0.0,0.0,0.0,0.0,0.0,0.1825999999965688,0,10079,C:\Users\Binich\PycharmProjects\PredictionRTS\output\learner_results\all_data\ETG-only\sce2_etg_run_0069\final_eval\eval_run_0069_web_batch_20260622_141137,web_batch_20260622_141137,78.0,7,73.11,7.870023680223126,original_final_eval_subset_lower_mean_high_variation,77.46,78.0,3.7508786849338285,76.33473639451985,76.87473639451986,40
False,repeat_001::ep_12::line_12,ETG-only,sce-2,sce2_etg_run_0069,eval_run_0069_web_batch_20260622_141137,repeat_001,12,12,Win,True,75.0,75.0,3.0,75.0,0.0,1412,13,13,11,0,0.0,0,0.0,0,4,0.3076923076923077,0,0.0,0.0,0.0,0.0,0.0,0.0,0.0,0.0,0.0,0.0,0.0,0.0,0,0.0,0,0.0,0.0,0.0,0.0,0.0,0.0,0.0,0.0,0.0,0.0,0.0,0.2121499999998555,0,6241,C:\Users\Binich\PycharmProjects\PredictionRTS\output\learner_results\all_data\ETG-only\sce2_etg_run_0069\final_eval\eval_run_0069_web_batch_20260622_141137,web_batch_20260622_141137,75.0,4,73.11,7.870023680223126,original_final_eval_subset_lower_mean_high_variation,77.46,78.0,3.7508786849338285,76.33473639451985,76.87473639451986,41
False,repeat_001::ep_88::line_88,ETG-only,sce-2,sce2_etg_run_0069,eval_run_0069_web_batch_20260622_141137,repeat_001,88,88,Win,True,75.0,75.0,18.0,75.0,0.0,10544,12,12,11,1,0.0833333333333333,0,0.0,0,3,0.25,0,0.0,0.0,0.0,0.0,0.0,0.0,0.0,0.0,0.0,0.0,0.0,0.0,0,0.0,0,0.0,0.0,0.0,0.0,0.0,0.0,0.0,0.0,0.0,0.0,0.0,0.2037000000001398,0,3023,C:\Users\Binich\PycharmProjects\PredictionRTS\output\learner_results\all_data\ETG-only\sce2_etg_run_0069\final_eval\eval_run_0069_web_batch_20260622_141137,web_batch_20260622_141137,75.0,5,73.11,7.870023680223126,original_final_eval_subset_lower_mean_high_variation,77.46,78.0,3.7508786849338285,76.33473639451985,76.87473639451986,42
False,repeat_001::ep_91::line_91,ETG-only,sce-2,sce2_etg_run_0069,eval_run_0069_web_batch_20260622_141137,repeat_001,91,91,Win,True,75.0,75.0,9.0,75.0,0.0,10890,13,13,13,2,0.1538461538461538,0,0.0,0,1,0.0769230769230769,0,0.0,0.0,0.0,0.0,0.0,0.0,0.0,0.0,0.0,0.0,0.0,0.0,0,0.0,0,0.0,0.0,0.0,0.0,0.0,0.0,0.0,0.0,0.0,0.0,0.0,0.2825999999984674,0,2423,C:\Users\Binich\PycharmProjects\PredictionRTS\output\learner_results\all_data\ETG-only\sce2_etg_run_0069\final_eval\eval_run_0069_web_batch_20260622_141137,web_batch_20260622_141137,75.0,5,73.11,7.870023680223126,original_final_eval_subset_lower_mean_high_variation,77.46,78.0,3.7508786849338285,76.33473639451985,76.87473639451986,43
False,repeat_001::ep_127::line_127,ETG-only,sce-2,sce2_etg_run_0069,eval_run_0069_web_batch_20260622_141137,repeat_001,127,127,Win,True,75.0,75.0,3.0,75.0,0.0,15132,13,13,12,1,0.0769230769230769,0,0.0,0,3,0.2307692307692307,0,0.0,0.0,0.0,0.0,0.0,0.0,0.0,0.0,0.0,0.0,0.0,0.0,0,0.0,0,0.0,0.0,0.0,0.0,0.0,0.0,0.0,0.0,0.0,0.0,0.0,0.2224666666682158,0,2423,C:\Users\Binich\PycharmProjects\PredictionRTS\output\learner_results\all_data\ETG-only\sce2_etg_run_0069\final_eval\eval_run_0069_web_batch_20260622_141137,web_batch_20260622_141137,75.0,5,73.11,7.870023680223126,original_final_eval_subset_lower_mean_high_variation,77.46,78.0,3.7508786849338285,76.33473639451985,76.87473639451986,44
False,repeat_001::ep_129::line_129,ETG-only,sce-2,sce2_etg_run_0069,eval_run_0069_web_batch_20260622_141137,repeat_001,129,129,Win,True,75.0,75.0,18.0,75.0,0.0,15356,12,12,11,0,0.0,0,0.0,0,4,0.3333333333333333,0,0.0,0.0,0.0,0.0,0.0,0.0,0.0,0.0,0.0,0.0,0.0,0.0,0,0.0,0,0.0,0.0,0.0,0.0,0.0,0.0,0.0,0.0,0.0,0.0,0.0,0.1996499999989964,0,1371,C:\Users\Binich\PycharmProjects\PredictionRTS\output\learner_results\all_data\ETG-only\sce2_etg_run_0069\final_eval\eval_run_0069_web_batch_20260622_141137,web_batch_20260622_141137,75.0,5,73.11,7.870023680223126,original_final_eval_subset_lower_mean_high_variation,77.46,78.0,3.7508786849338285,76.33473639451985,76.87473639451986,45
False,repeat_001::ep_160::line_160,ETG-only,sce-2,sce2_etg_run_0069,eval_run_0069_web_batch_20260622_141137,repeat_001,160,160,Win,True,75.0,75.0,12.0,75.0,0.0,18978,12,12,11,1,0.0833333333333333,0,0.0,0,4,0.3333333333333333,0,0.0,0.0,0.0,0.0,0.0,0.0,0.0,0.0,0.0,0.0,0.0,0.0,0,0.0,0,0.0,0.0,0.0,0.0,0.0,0.0,0.0,0.0,0.0,0.0,0.0,0.2685999999959184,0,2238,C:\Users\Binich\PycharmProjects\PredictionRTS\output\learner_results\all_data\ETG-only\sce2_etg_run_0069\final_eval\eval_run_0069_web_batch_20260622_141137,web_batch_20260622_141137,75.0,5,73.11,7.870023680223126,original_final_eval_subset_lower_mean_high_variation,77.46,78.0,3.7508786849338285,76.33473639451985,76.87473639451986,46
False,repeat_001::ep_189::line_189,ETG-only,sce-2,sce2_etg_run_0069,eval_run_0069_web_batch_20260622_141137,repeat_001,189,189,Win,True,75.0,75.0,3.0,75.0,0.0,22286,13,13,13,0,0.0,0,0.0,0,3,0.2307692307692307,0,0.0,0.0,0.0,0.0,0.0,0.0,0.0,0.0,0.0,0.0,0.0,0.0,0,0.0,0,0.0,0.0,0.0,0.0,0.0,0.0,0.0,0.0,0.0,0.0,0.0,0.2051333333312754,0,2121,C:\Users\Binich\PycharmProjects\PredictionRTS\output\learner_results\all_data\ETG-only\sce2_etg_run_0069\final_eval\eval_run_0069_web_batch_20260622_141137,web_batch_20260622_141137,75.0,5,73.11,7.870023680223126,original_final_eval_subset_lower_mean_high_variation,77.46,78.0,3.7508786849338285,76.33473639451985,76.87473639451986,47
False,repeat_001::ep_218::line_218,ETG-only,sce-2,sce2_etg_run_0069,eval_run_0069_web_batch_20260622_141137,repeat_001,218,218,Win,True,75.0,75.0,-3.0,75.0,0.0,25654,13,13,13,0,0.0,0,0.0,0,3,0.2307692307692307,0,0.0,0.0,0.0,0.0,0.0,0.0,0.0,0.0,0.0,0.0,0.0,0.0,0,0.0,0,0.0,0.0,0.0,0.0,0.0,0.0,0.0,0.0,0.0,0.0,0.0,0.2052000000010897,0,4433,C:\Users\Binich\PycharmProjects\PredictionRTS\output\learner_results\all_data\ETG-only\sce2_etg_run_0069\final_eval\eval_run_0069_web_batch_20260622_141137,web_batch_20260622_141137,75.0,5,73.11,7.870023680223126,original_final_eval_subset_lower_mean_high_variation,77.46,78.0,3.7508786849338285,76.33473639451985,76.87473639451986,48
False,repeat_001::ep_251::line_251,ETG-only,sce-2,sce2_etg_run_0069,eval_run_0069_web_batch_20260622_141137,repeat_001,251,251,Win,True,75.0,75.0,3.0,75.0,0.0,29610,13,13,13,0,0.0,0,0.0,0,6,0.4615384615384615,0,0.0,0.0,0.0,0.0,0.0,0.0,0.0,0.0,0.0,0.0,0.0,0.0,0,0.0,0,0.0,0.0,0.0,0.0,0.0,0.0,0.0,0.0,0.0,0.0,0.0,0.1891999999988532,0,2286,C:\Users\Binich\PycharmProjects\PredictionRTS\output\learner_results\all_data\ETG-only\sce2_etg_run_0069\final_eval\eval_run_0069_web_batch_20260622_141137,web_batch_20260622_141137,75.0,5,73.11,7.870023680223126,original_final_eval_subset_lower_mean_high_variation,77.46,78.0,3.7508786849338285,76.33473639451985,76.87473639451986,49
False,repeat_001::ep_273::line_273,ETG-only,sce-2,sce2_etg_run_0069,eval_run_0069_web_batch_20260622_141137,repeat_001,273,273,Win,True,75.0,75.0,-3.0,75.0,0.0,32154,13,13,13,0,0.0,0,0.0,0,2,0.1538461538461538,0,0.0,0.0,0.0,0.0,0.0,0.0,0.0,0.0,0.0,0.0,0.0,0.0,0,0.0,0,0.0,0.0,0.0,0.0,0.0,0.0,0.0,0.0,0.0,0.0,0.0,0.1920000000055211,0,9662,C:\Users\Binich\PycharmProjects\PredictionRTS\output\learner_results\all_data\ETG-only\sce2_etg_run_0069\final_eval\eval_run_0069_web_batch_20260622_141137,web_batch_20260622_141137,75.0,5,73.11,7.870023680223126,original_final_eval_subset_lower_mean_high_variation,77.46,78.0,3.7508786849338285,76.33473639451985,76.87473639451986,50
False,repeat_001::ep_293::line_293,ETG-only,sce-2,sce2_etg_run_0069,eval_run_0069_web_batch_20260622_141137,repeat_001,293,293,Win,True,75.0,75.0,3.0,75.0,0.0,34564,13,13,13,0,0.0,0,0.0,0,4,0.3076923076923077,0,0.0,0.0,0.0,0.0,0.0,0.0,0.0,0.0,0.0,0.0,0.0,0.0,0,0.0,0,0.0,0.0,0.0,0.0,0.0,0.0,0.0,0.0,0.0,0.0,0.0,0.209225000002533,0,3023,C:\Users\Binich\PycharmProjects\PredictionRTS\output\learner_results\all_data\ETG-only\sce2_etg_run_0069\final_eval\eval_run_0069_web_batch_20260622_141137,web_batch_20260622_141137,75.0,5,73.11,7.870023680223126,original_final_eval_subset_lower_mean_high_variation,77.46,78.0,3.7508786849338285,76.33473639451985,76.87473639451986,51
False,repeat_001::ep_24::line_24,ETG-only,sce-2,sce2_etg_run_0069,eval_run_0069_web_batch_20260622_141137,repeat_001,24,24,Win,True,72.0,72.0,21.0,72.0,0.0,2826,12,12,12,1,0.0833333333333333,0,0.0,0,3,0.25,0,0.0,0.0,0.0,0.0,0.0,0.0,0.0,0.0,0.0,0.0,0.0,0.0,0,0.0,0,0.0,0.0,0.0,0.0,0.0,0.0,0.0,0.0,0.0,0.0,0.0,0.2198999999987923,0,6845,C:\Users\Binich\PycharmProjects\PredictionRTS\output\learner_results\all_data\ETG-only\sce2_etg_run_0069\final_eval\eval_run_0069_web_batch_20260622_141137,web_batch_20260622_141137,72.0,3,73.11,7.870023680223126,original_final_eval_subset_lower_mean_high_variation,77.46,78.0,3.7508786849338285,76.33473639451985,76.87473639451986,52
False,repeat_001::ep_27::line_27,ETG-only,sce-2,sce2_etg_run_0069,eval_run_0069_web_batch_20260622_141137,repeat_001,27,27,Win,True,72.0,72.0,3.0,72.0,0.0,3212,14,14,13,0,0.0,0,0.0,0,5,0.3571428571428571,0,0.0,0.0,0.0,0.0,0.0,0.0,0.0,0.0,0.0,0.0,0.0,0.0,0,0.0,0,0.0,0.0,0.0,0.0,0.0,0.0,0.0,0.0,0.0,0.0,0.0,0.2307000000012493,0,2184,C:\Users\Binich\PycharmProjects\PredictionRTS\output\learner_results\all_data\ETG-only\sce2_etg_run_0069\final_eval\eval_run_0069_web_batch_20260622_141137,web_batch_20260622_141137,72.0,3,73.11,7.870023680223126,original_final_eval_subset_lower_mean_high_variation,77.46,78.0,3.7508786849338285,76.33473639451985,76.87473639451986,53
False,repeat_001::ep_43::line_43,ETG-only,sce-2,sce2_etg_run_0069,eval_run_0069_web_batch_20260622_141137,repeat_001,43,43,Win,True,72.0,72.0,21.0,72.0,0.0,5194,12,12,11,0,0.0,0,0.0,0,1,0.0833333333333333,0,0.0,0.0,0.0,0.0,0.0,0.0,0.0,0.0,0.0,0.0,0.0,0.0,0,0.0,0,0.0,0.0,0.0,0.0,0.0,0.0,0.0,0.0,0.0,0.0,0.0,0.1917000000020152,0,6845,C:\Users\Binich\PycharmProjects\PredictionRTS\output\learner_results\all_data\ETG-only\sce2_etg_run_0069\final_eval\eval_run_0069_web_batch_20260622_141137,web_batch_20260622_141137,72.0,3,73.11,7.870023680223126,original_final_eval_subset_lower_mean_high_variation,77.46,78.0,3.7508786849338285,76.33473639451985,76.87473639451986,54
False,repeat_001::ep_47::line_47,ETG-only,sce-2,sce2_etg_run_0069,eval_run_0069_web_batch_20260622_141137,repeat_001,47,47,Win,True,72.0,72.0,21.0,72.0,0.0,5672,12,12,12,0,0.0,0,0.0,0,2,0.1666666666666666,0,0.0,0.0,0.0,0.0,0.0,0.0,0.0,0.0,0.0,0.0,0.0,0.0,0,0.0,0,0.0,0.0,0.0,0.0,0.0,0.0,0.0,0.0,0.0,0.0,0.0,0.1929000000000513,0,10175,C:\Users\Binich\PycharmProjects\PredictionRTS\output\learner_results\all_data\ETG-only\sce2_etg_run_0069\final_eval\eval_run_0069_web_batch_20260622_141137,web_batch_20260622_141137,72.0,3,73.11,7.870023680223126,original_final_eval_subset_lower_mean_high_variation,77.46,78.0,3.7508786849338285,76.33473639451985,76.87473639451986,55
False,repeat_001::ep_49::line_49,ETG-only,sce-2,sce2_etg_run_0069,eval_run_0069_web_batch_20260622_141137,repeat_001,49,49,Win,True,72.0,72.0,15.0,72.0,0.0,5906,12,12,11,0,0.0,0,0.0,0,3,0.25,0,0.0,0.0,0.0,0.0,0.0,0.0,0.0,0.0,0.0,0.0,0.0,0.0,0,0.0,0,0.0,0.0,0.0,0.0,0.0,0.0,0.0,0.0,0.0,0.0,0.0,0.2047666666662451,0,1518,C:\Users\Binich\PycharmProjects\PredictionRTS\output\learner_results\all_data\ETG-only\sce2_etg_run_0069\final_eval\eval_run_0069_web_batch_20260622_141137,web_batch_20260622_141137,72.0,3,73.11,7.870023680223126,original_final_eval_subset_lower_mean_high_variation,77.46,78.0,3.7508786849338285,76.33473639451985,76.87473639451986,56
False,repeat_001::ep_54::line_54,ETG-only,sce-2,sce2_etg_run_0069,eval_run_0069_web_batch_20260622_141137,repeat_001,54,54,Win,True,72.0,72.0,15.0,72.0,0.0,6476,12,12,12,0,0.0,0,0.0,0,2,0.1666666666666666,0,0.0,0.0,0.0,0.0,0.0,0.0,0.0,0.0,0.0,0.0,0.0,0.0,0,0.0,0,0.0,0.0,0.0,0.0,0.0,0.0,0.0,0.0,0.0,0.0,0.0,0.1613000000002529,0,8114,C:\Users\Binich\PycharmProjects\PredictionRTS\output\learner_results\all_data\ETG-only\sce2_etg_run_0069\final_eval\eval_run_0069_web_batch_20260622_141137,web_batch_20260622_141137,72.0,3,73.11,7.870023680223126,original_final_eval_subset_lower_mean_high_variation,77.46,78.0,3.7508786849338285,76.33473639451985,76.87473639451986,57
False,repeat_001::ep_58::line_58,ETG-only,sce-2,sce2_etg_run_0069,eval_run_0069_web_batch_20260622_141137,repeat_001,58,58,Win,True,72.0,72.0,21.0,72.0,0.0,6944,12,12,11,0,0.0,0,0.0,0,3,0.25,0,0.0,0.0,0.0,0.0,0.0,0.0,0.0,0.0,0.0,0.0,0.0,0.0,0,0.0,0,0.0,0.0,0.0,0.0,0.0,0.0,0.0,0.0,0.0,0.0,0.0,0.245433333333267,0,4690,C:\Users\Binich\PycharmProjects\PredictionRTS\output\learner_results\all_data\ETG-only\sce2_etg_run_0069\final_eval\eval_run_0069_web_batch_20260622_141137,web_batch_20260622_141137,72.0,3,73.11,7.870023680223126,original_final_eval_subset_lower_mean_high_variation,77.46,78.0,3.7508786849338285,76.33473639451985,76.87473639451986,58
False,repeat_001::ep_98::line_98,ETG-only,sce-2,sce2_etg_run_0069,eval_run_0069_web_batch_20260622_141137,repeat_001,98,98,Win,True,72.0,72.0,21.0,72.0,0.0,11684,12,12,11,0,0.0,0,0.0,0,3,0.25,0,0.0,0.0,0.0,0.0,0.0,0.0,0.0,0.0,0.0,0.0,0.0,0.0,0,0.0,0,0.0,0.0,0.0,0.0,0.0,0.0,0.0,0.0,0.0,0.0,0.0,0.2022333333329129,0,8801,C:\Users\Binich\PycharmProjects\PredictionRTS\output\learner_results\all_data\ETG-only\sce2_etg_run_0069\final_eval\eval_run_0069_web_batch_20260622_141137,web_batch_20260622_141137,72.0,4,73.11,7.870023680223126,original_final_eval_subset_lower_mean_high_variation,77.46,78.0,3.7508786849338285,76.33473639451985,76.87473639451986,59
False,repeat_001::ep_111::line_111,ETG-only,sce-2,sce2_etg_run_0069,eval_run_0069_web_batch_20260622_141137,repeat_001,111,111,Win,True,72.0,72.0,15.0,72.0,0.0,13220,12,12,12,0,0.0,0,0.0,0,2,0.1666666666666666,0,0.0,0.0,0.0,0.0,0.0,0.0,0.0,0.0,0.0,0.0,0.0,0.0,0,0.0,0,0.0,0.0,0.0,0.0,0.0,0.0,0.0,0.0,0.0,0.0,0.0,0.211799999998874,0,10175,C:\Users\Binich\PycharmProjects\PredictionRTS\output\learner_results\all_data\ETG-only\sce2_etg_run_0069\final_eval\eval_run_0069_web_batch_20260622_141137,web_batch_20260622_141137,72.0,4,73.11,7.870023680223126,original_final_eval_subset_lower_mean_high_variation,77.46,78.0,3.7508786849338285,76.33473639451985,76.87473639451986,60
False,repeat_001::ep_161::line_161,ETG-only,sce-2,sce2_etg_run_0069,eval_run_0069_web_batch_20260622_141137,repeat_001,161,161,Win,True,72.0,72.0,18.0,72.0,0.0,19090,12,12,11,1,0.0833333333333333,0,0.0,0,2,0.1666666666666666,0,0.0,0.0,0.0,0.0,0.0,0.0,0.0,0.0,0.0,0.0,0.0,0.0,0,0.0,0,0.0,0.0,0.0,0.0,0.0,0.0,0.0,0.0,0.0,0.0,0.0,0.2621000000004869,0,ood:1666:24-9:agg:d0.500,C:\Users\Binich\PycharmProjects\PredictionRTS\output\learner_results\all_data\ETG-only\sce2_etg_run_0069\final_eval\eval_run_0069_web_batch_20260622_141137,web_batch_20260622_141137,72.0,4,73.11,7.870023680223126,original_final_eval_subset_lower_mean_high_variation,77.46,78.0,3.7508786849338285,76.33473639451985,76.87473639451986,61
False,repeat_001::ep_194::line_194,ETG-only,sce-2,sce2_etg_run_0069,eval_run_0069_web_batch_20260622_141137,repeat_001,194,194,Win,True,72.0,72.0,15.0,72.0,0.0,22866,12,12,12,1,0.0833333333333333,0,0.0,0,3,0.25,0,0.0,0.0,0.0,0.0,0.0,0.0,0.0,0.0,0.0,0.0,0.0,0.0,0,0.0,0,0.0,0.0,0.0,0.0,0.0,0.0,0.0,0.0,0.0,0.0,0.0,0.3428666666659789,0,2390,C:\Users\Binich\PycharmProjects\PredictionRTS\output\learner_results\all_data\ETG-only\sce2_etg_run_0069\final_eval\eval_run_0069_web_batch_20260622_141137,web_batch_20260622_141137,72.0,4,73.11,7.870023680223126,original_final_eval_subset_lower_mean_high_variation,77.46,78.0,3.7508786849338285,76.33473639451985,76.87473639451986,62
False,repeat_001::ep_205::line_205,ETG-only,sce-2,sce2_etg_run_0069,eval_run_0069_web_batch_20260622_141137,repeat_001,205,205,Win,True,72.0,72.0,21.0,72.0,0.0,24138,12,12,11,0,0.0,0,0.0,0,2,0.1666666666666666,0,0.0,0.0,0.0,0.0,0.0,0.0,0.0,0.0,0.0,0.0,0.0,0.0,0,0.0,0,0.0,0.0,0.0,0.0,0.0,0.0,0.0,0.0,0.0,0.0,0.0,0.2211999999985892,0,3506,C:\Users\Binich\PycharmProjects\PredictionRTS\output\learner_results\all_data\ETG-only\sce2_etg_run_0069\final_eval\eval_run_0069_web_batch_20260622_141137,web_batch_20260622_141137,72.0,4,73.11,7.870023680223126,original_final_eval_subset_lower_mean_high_variation,77.46,78.0,3.7508786849338285,76.33473639451985,76.87473639451986,63
False,repeat_001::ep_238::line_238,ETG-only,sce-2,sce2_etg_run_0069,eval_run_0069_web_batch_20260622_141137,repeat_001,238,238,Win,True,72.0,72.0,3.0,72.0,0.0,28034,13,13,12,1,0.0769230769230769,0,0.0,0,3,0.2307692307692307,0,0.0,0.0,0.0,0.0,0.0,0.0,0.0,0.0,0.0,0.0,0.0,0.0,0,0.0,0,0.0,0.0,0.0,0.0,0.0,0.0,0.0,0.0,0.0,0.0,0.0,0.1927666666621993,0,1566,C:\Users\Binich\PycharmProjects\PredictionRTS\output\learner_results\all_data\ETG-only\sce2_etg_run_0069\final_eval\eval_run_0069_web_batch_20260622_141137,web_batch_20260622_141137,72.0,4,73.11,7.870023680223126,original_final_eval_subset_lower_mean_high_variation,77.46,78.0,3.7508786849338285,76.33473639451985,76.87473639451986,64
False,repeat_001::ep_244::line_244,ETG-only,sce-2,sce2_etg_run_0069,eval_run_0069_web_batch_20260622_141137,repeat_001,244,244,Win,True,72.0,72.0,21.0,72.0,0.0,28716,12,12,11,0,0.0,0,0.0,0,2,0.1666666666666666,0,0.0,0.0,0.0,0.0,0.0,0.0,0.0,0.0,0.0,0.0,0.0,0.0,0,0.0,0,0.0,0.0,0.0,0.0,0.0,0.0,0.0,0.0,0.0,0.0,0.0,0.2889000000010355,0,10175,C:\Users\Binich\PycharmProjects\PredictionRTS\output\learner_results\all_data\ETG-only\sce2_etg_run_0069\final_eval\eval_run_0069_web_batch_20260622_141137,web_batch_20260622_141137,72.0,4,73.11,7.870023680223126,original_final_eval_subset_lower_mean_high_variation,77.46,78.0,3.7508786849338285,76.33473639451985,76.87473639451986,65
False,repeat_001::ep_259::line_259,ETG-only,sce-2,sce2_etg_run_0069,eval_run_0069_web_batch_20260622_141137,repeat_001,259,259,Win,True,72.0,72.0,15.0,72.0,0.0,30546,12,12,11,1,0.0833333333333333,0,0.0,0,1,0.0833333333333333,0,0.0,0.0,0.0,0.0,0.0,0.0,0.0,0.0,0.0,0.0,0.0,0.0,0,0.0,0,0.0,0.0,0.0,0.0,0.0,0.0,0.0,0.0,0.0,0.0,0.0,0.1847999999995409,0,2365,C:\Users\Binich\PycharmProjects\PredictionRTS\output\learner_results\all_data\ETG-only\sce2_etg_run_0069\final_eval\eval_run_0069_web_batch_20260622_141137,web_batch_20260622_141137,72.0,4,73.11,7.870023680223126,original_final_eval_subset_lower_mean_high_variation,77.46,78.0,3.7508786849338285,76.33473639451985,76.87473639451986,66
False,repeat_001::ep_262::line_262,ETG-only,sce-2,sce2_etg_run_0069,eval_run_0069_web_batch_20260622_141137,repeat_001,262,262,Win,True,72.0,72.0,21.0,72.0,0.0,30892,12,12,12,1,0.0833333333333333,0,0.0,0,2,0.1666666666666666,0,0.0,0.0,0.0,0.0,0.0,0.0,0.0,0.0,0.0,0.0,0.0,0.0,0,0.0,0,0.0,0.0,0.0,0.0,0.0,0.0,0.0,0.0,0.0,0.0,0.0,0.2221000000020012,0,1521,C:\Users\Binich\PycharmProjects\PredictionRTS\output\learner_results\all_data\ETG-only\sce2_etg_run_0069\final_eval\eval_run_0069_web_batch_20260622_141137,web_batch_20260622_141137,72.0,4,73.11,7.870023680223126,original_final_eval_subset_lower_mean_high_variation,77.46,78.0,3.7508786849338285,76.33473639451985,76.87473639451986,67
False,repeat_001::ep_30::line_30,ETG-only,sce-2,sce2_etg_run_0069,eval_run_0069_web_batch_20260622_141137,repeat_001,30,30,Win,True,69.0,69.0,-3.0,69.0,0.0,3608,13,13,13,0,0.0,0,0.0,0,3,0.2307692307692307,0,0.0,0.0,0.0,0.0,0.0,0.0,0.0,0.0,0.0,0.0,0.0,0.0,0,0.0,0,0.0,0.0,0.0,0.0,0.0,0.0,0.0,0.0,0.0,0.0,0.0,0.2099333333328938,0,1371,C:\Users\Binich\PycharmProjects\PredictionRTS\output\learner_results\all_data\ETG-only\sce2_etg_run_0069\final_eval\eval_run_0069_web_batch_20260622_141137,web_batch_20260622_141137,69.0,2,73.11,7.870023680223126,original_final_eval_subset_lower_mean_high_variation,77.46,78.0,3.7508786849338285,76.33473639451985,76.87473639451986,68
False,repeat_001::ep_44::line_44,ETG-only,sce-2,sce2_etg_run_0069,eval_run_0069_web_batch_20260622_141137,repeat_001,44,44,Win,True,69.0,69.0,3.0,69.0,0.0,5316,13,13,12,0,0.0,0,0.0,0,2,0.1538461538461538,0,0.0,0.0,0.0,0.0,0.0,0.0,0.0,0.0,0.0,0.0,0.0,0.0,0,0.0,0,0.0,0.0,0.0,0.0,0.0,0.0,0.0,0.0,0.0,0.0,0.0,0.1708499999999446,0,4438,C:\Users\Binich\PycharmProjects\PredictionRTS\output\learner_results\all_data\ETG-only\sce2_etg_run_0069\final_eval\eval_run_0069_web_batch_20260622_141137,web_batch_20260622_141137,69.0,2,73.11,7.870023680223126,original_final_eval_subset_lower_mean_high_variation,77.46,78.0,3.7508786849338285,76.33473639451985,76.87473639451986,69
False,repeat_001::ep_82::line_82,ETG-only,sce-2,sce2_etg_run_0069,eval_run_0069_web_batch_20260622_141137,repeat_001,82,82,Win,True,69.0,69.0,3.0,69.0,0.0,9862,13,13,13,0,0.0,0,0.0,0,5,0.3846153846153846,0,0.0,0.0,0.0,0.0,0.0,0.0,0.0,0.0,0.0,0.0,0.0,0.0,0,0.0,0,0.0,0.0,0.0,0.0,0.0,0.0,0.0,0.0,0.0,0.0,0.0,0.277600000000433,0,1371,C:\Users\Binich\PycharmProjects\PredictionRTS\output\learner_results\all_data\ETG-only\sce2_etg_run_0069\final_eval\eval_run_0069_web_batch_20260622_141137,web_batch_20260622_141137,69.0,2,73.11,7.870023680223126,original_final_eval_subset_lower_mean_high_variation,77.46,78.0,3.7508786849338285,76.33473639451985,76.87473639451986,70
False,repeat_001::ep_83::line_83,ETG-only,sce-2,sce2_etg_run_0069,eval_run_0069_web_batch_20260622_141137,repeat_001,83,83,Win,True,69.0,69.0,18.0,69.0,0.0,9974,12,12,10,0,0.0,0,0.0,0,2,0.1666666666666666,0,0.0,0.0,0.0,0.0,0.0,0.0,0.0,0.0,0.0,0.0,0.0,0.0,0,0.0,0,0.0,0.0,0.0,0.0,0.0,0.0,0.0,0.0,0.0,0.0,0.0,0.223249999999453,0,2375,C:\Users\Binich\PycharmProjects\PredictionRTS\output\learner_results\all_data\ETG-only\sce2_etg_run_0069\final_eval\eval_run_0069_web_batch_20260622_141137,web_batch_20260622_141137,69.0,2,73.11,7.870023680223126,original_final_eval_subset_lower_mean_high_variation,77.46,78.0,3.7508786849338285,76.33473639451985,76.87473639451986,71
False,repeat_001::ep_85::line_85,ETG-only,sce-2,sce2_etg_run_0069,eval_run_0069_web_batch_20260622_141137,repeat_001,85,85,Win,True,69.0,69.0,3.0,69.0,0.0,10208,13,13,13,0,0.0,0,0.0,0,3,0.2307692307692307,0,0.0,0.0,0.0,0.0,0.0,0.0,0.0,0.0,0.0,0.0,0.0,0.0,0,0.0,0,0.0,0.0,0.0,0.0,0.0,0.0,0.0,0.0,0.0,0.0,0.0,0.1706333333331144,0,1681,C:\Users\Binich\PycharmProjects\PredictionRTS\output\learner_results\all_data\ETG-only\sce2_etg_run_0069\final_eval\eval_run_0069_web_batch_20260622_141137,web_batch_20260622_141137,69.0,2,73.11,7.870023680223126,original_final_eval_subset_lower_mean_high_variation,77.46,78.0,3.7508786849338285,76.33473639451985,76.87473639451986,72
False,repeat_001::ep_133::line_133,ETG-only,sce-2,sce2_etg_run_0069,eval_run_0069_web_batch_20260622_141137,repeat_001,133,133,Win,True,69.0,69.0,3.0,69.0,0.0,15824,13,13,12,0,0.0,0,0.0,0,3,0.2307692307692307,0,0.0,0.0,0.0,0.0,0.0,0.0,0.0,0.0,0.0,0.0,0.0,0.0,0,0.0,0,0.0,0.0,0.0,0.0,0.0,0.0,0.0,0.0,0.0,0.0,0.0,0.2471333333341855,0,2286,C:\Users\Binich\PycharmProjects\PredictionRTS\output\learner_results\all_data\ETG-only\sce2_etg_run_0069\final_eval\eval_run_0069_web_batch_20260622_141137,web_batch_20260622_141137,69.0,2,73.11,7.870023680223126,original_final_eval_subset_lower_mean_high_variation,77.46,78.0,3.7508786849338285,76.33473639451985,76.87473639451986,73
False,repeat_001::ep_145::line_145,ETG-only,sce-2,sce2_etg_run_0069,eval_run_0069_web_batch_20260622_141137,repeat_001,145,145,Win,True,69.0,69.0,12.0,69.0,0.0,17228,12,12,12,0,0.0,0,0.0,0,3,0.25,0,0.0,0.0,0.0,0.0,0.0,0.0,0.0,0.0,0.0,0.0,0.0,0.0,0,0.0,0,0.0,0.0,0.0,0.0,0.0,0.0,0.0,0.0,0.0,0.0,0.0,0.2072333333321315,0,2286,C:\Users\Binich\PycharmProjects\PredictionRTS\output\learner_results\all_data\ETG-only\sce2_etg_run_0069\final_eval\eval_run_0069_web_batch_20260622_141137,web_batch_20260622_141137,69.0,3,73.11,7.870023680223126,original_final_eval_subset_lower_mean_high_variation,77.46,78.0,3.7508786849338285,76.33473639451985,76.87473639451986,74
False,repeat_001::ep_208::line_208,ETG-only,sce-2,sce2_etg_run_0069,eval_run_0069_web_batch_20260622_141137,repeat_001,208,208,Win,True,69.0,69.0,3.0,69.0,0.0,24484,13,13,13,0,0.0,0,0.0,0,2,0.1538461538461538,0,0.0,0.0,0.0,0.0,0.0,0.0,0.0,0.0,0.0,0.0,0.0,0.0,0,0.0,0,0.0,0.0,0.0,0.0,0.0,0.0,0.0,0.0,0.0,0.0,0.0,0.298299999997198,0,1371,C:\Users\Binich\PycharmProjects\PredictionRTS\output\learner_results\all_data\ETG-only\sce2_etg_run_0069\final_eval\eval_run_0069_web_batch_20260622_141137,web_batch_20260622_141137,69.0,3,73.11,7.870023680223126,original_final_eval_subset_lower_mean_high_variation,77.46,78.0,3.7508786849338285,76.33473639451985,76.87473639451986,75
False,repeat_001::ep_296::line_296,ETG-only,sce-2,sce2_etg_run_0069,eval_run_0069_web_batch_20260622_141137,repeat_001,296,296,Win,True,69.0,69.0,3.0,69.0,0.0,34920,13,13,12,1,0.0769230769230769,0,0.0,0,3,0.2307692307692307,0,0.0,0.0,0.0,0.0,0.0,0.0,0.0,0.0,0.0,0.0,0.0,0.0,0,0.0,0,0.0,0.0,0.0,0.0,0.0,0.0,0.0,0.0,0.0,0.0,0.0,0.2189333333338557,0,2834,C:\Users\Binich\PycharmProjects\PredictionRTS\output\learner_results\all_data\ETG-only\sce2_etg_run_0069\final_eval\eval_run_0069_web_batch_20260622_141137,web_batch_20260622_141137,69.0,3,73.11,7.870023680223126,original_final_eval_subset_lower_mean_high_variation,77.46,78.0,3.7508786849338285,76.33473639451985,76.87473639451986,76
False,repeat_001::ep_7::line_7,ETG-only,sce-2,sce2_etg_run_0069,eval_run_0069_web_batch_20260622_141137,repeat_001,7,7,Win,True,66.0,66.0,3.0,66.0,0.0,832,15,15,13,0,0.0,0,0.0,0,5,0.3333333333333333,0,0.0,0.0,0.0,0.0,0.0,0.0,0.0,0.0,0.0,0.0,0.0,0.0,0,0.0,0,0.0,0.0,0.0,0.0,0.0,0.0,0.0,0.0,0.0,0.0,0.0,0.1985749999997565,0,1566,C:\Users\Binich\PycharmProjects\PredictionRTS\output\learner_results\all_data\ETG-only\sce2_etg_run_0069\final_eval\eval_run_0069_web_batch_20260622_141137,web_batch_20260622_141137,66.0,1,73.11,7.870023680223126,original_final_eval_subset_lower_mean_high_variation,77.46,78.0,3.7508786849338285,76.33473639451985,76.87473639451986,77
False,repeat_001::ep_33::line_33,ETG-only,sce-2,sce2_etg_run_0069,eval_run_0069_web_batch_20260622_141137,repeat_001,33,33,Win,True,66.0,66.0,6.0,66.0,0.0,3984,13,13,13,1,0.0769230769230769,0,0.0,0,3,0.2307692307692307,0,0.0,0.0,0.0,0.0,0.0,0.0,0.0,0.0,0.0,0.0,0.0,0.0,0,0.0,0,0.0,0.0,0.0,0.0,0.0,0.0,0.0,0.0,0.0,0.0,0.0,0.2188999999989486,0,1566,C:\Users\Binich\PycharmProjects\PredictionRTS\output\learner_results\all_data\ETG-only\sce2_etg_run_0069\final_eval\eval_run_0069_web_batch_20260622_141137,web_batch_20260622_141137,66.0,1,73.11,7.870023680223126,original_final_eval_subset_lower_mean_high_variation,77.46,78.0,3.7508786849338285,76.33473639451985,76.87473639451986,78
False,repeat_001::ep_40::line_40,ETG-only,sce-2,sce2_etg_run_0069,eval_run_0069_web_batch_20260622_141137,repeat_001,40,40,Win,True,66.0,66.0,9.0,66.0,0.0,4838,13,13,12,2,0.1538461538461538,0,0.0,0,1,0.0769230769230769,0,0.0,0.0,0.0,0.0,0.0,0.0,0.0,0.0,0.0,0.0,0.0,0.0,0,0.0,0,0.0,0.0,0.0,0.0,0.0,0.0,0.0,0.0,0.0,0.0,0.0,0.1761000000009005,0,1566,C:\Users\Binich\PycharmProjects\PredictionRTS\output\learner_results\all_data\ETG-only\sce2_etg_run_0069\final_eval\eval_run_0069_web_batch_20260622_141137,web_batch_20260622_141137,66.0,2,73.11,7.870023680223126,original_final_eval_subset_lower_mean_high_variation,77.46,78.0,3.7508786849338285,76.33473639451985,76.87473639451986,79
False,repeat_001::ep_65::line_65,ETG-only,sce-2,sce2_etg_run_0069,eval_run_0069_web_batch_20260622_141137,repeat_001,65,65,Win,True,66.0,66.0,9.0,66.0,0.0,7808,12,12,11,0,0.0,0,0.0,0,3,0.25,0,0.0,0.0,0.0,0.0,0.0,0.0,0.0,0.0,0.0,0.0,0.0,0.0,0,0.0,0,0.0,0.0,0.0,0.0,0.0,0.0,0.0,0.0,0.0,0.0,0.0,0.2490333333338886,0,3506,C:\Users\Binich\PycharmProjects\PredictionRTS\output\learner_results\all_data\ETG-only\sce2_etg_run_0069\final_eval\eval_run_0069_web_batch_20260622_141137,web_batch_20260622_141137,66.0,2,73.11,7.870023680223126,original_final_eval_subset_lower_mean_high_variation,77.46,78.0,3.7508786849338285,76.33473639451985,76.87473639451986,80
False,repeat_001::ep_287::line_287,ETG-only,sce-2,sce2_etg_run_0069,eval_run_0069_web_batch_20260622_141137,repeat_001,287,287,Win,True,66.0,66.0,3.0,66.0,0.0,33832,15,15,15,0,0.0,0,0.0,0,2,0.1333333333333333,0,0.0,0.0,0.0,0.0,0.0,0.0,0.0,0.0,0.0,0.0,0.0,0.0,0,0.0,0,0.0,0.0,0.0,0.0,0.0,0.0,0.0,0.0,0.0,0.0,0.0,0.2221499999990328,0,1566,C:\Users\Binich\PycharmProjects\PredictionRTS\output\learner_results\all_data\ETG-only\sce2_etg_run_0069\final_eval\eval_run_0069_web_batch_20260622_141137,web_batch_20260622_141137,66.0,2,73.11,7.870023680223126,original_final_eval_subset_lower_mean_high_variation,77.46,78.0,3.7508786849338285,76.33473639451985,76.87473639451986,81
False,repeat_001::ep_295::line_295,ETG-only,sce-2,sce2_etg_run_0069,eval_run_0069_web_batch_20260622_141137,repeat_001,295,295,Win,True,66.0,66.0,9.0,66.0,0.0,34798,12,12,10,0,0.0,0,0.0,0,4,0.3333333333333333,0,0.0,0.0,0.0,0.0,0.0,0.0,0.0,0.0,0.0,0.0,0.0,0.0,0,0.0,0,0.0,0.0,0.0,0.0,0.0,0.0,0.0,0.0,0.0,0.0,0.0,0.1760499999967635,0,2211,C:\Users\Binich\PycharmProjects\PredictionRTS\output\learner_results\all_data\ETG-only\sce2_etg_run_0069\final_eval\eval_run_0069_web_batch_20260622_141137,web_batch_20260622_141137,66.0,2,73.11,7.870023680223126,original_final_eval_subset_lower_mean_high_variation,77.46,78.0,3.7508786849338285,76.33473639451985,76.87473639451986,82
False,repeat_001::ep_1::line_1,ETG-only,sce-2,sce2_etg_run_0069,eval_run_0069_web_batch_20260622_141137,repeat_001,1,1,Win,True,63.0,63.0,3.0,63.0,0.0,120,13,13,11,0,0.0,0,0.0,0,4,0.3076923076923077,0,0.0,0.0,0.0,0.0,0.0,0.0,0.0,0.0,0.0,0.0,0.0,0.0,0,0.0,0,0.0,0.0,0.0,0.0,0.0,0.0,0.0,0.0,0.0,0.0,0.0,0.2255000000004337,0,1371,C:\Users\Binich\PycharmProjects\PredictionRTS\output\learner_results\all_data\ETG-only\sce2_etg_run_0069\final_eval\eval_run_0069_web_batch_20260622_141137,web_batch_20260622_141137,63.0,1,73.11,7.870023680223126,original_final_eval_subset_lower_mean_high_variation,77.46,78.0,3.7508786849338285,76.33473639451985,76.87473639451986,83
False,repeat_001::ep_18::line_18,ETG-only,sce-2,sce2_etg_run_0069,eval_run_0069_web_batch_20260622_141137,repeat_001,18,18,Win,True,63.0,63.0,18.0,63.0,0.0,2124,12,12,12,0,0.0,0,0.0,0,3,0.25,0,0.0,0.0,0.0,0.0,0.0,0.0,0.0,0.0,0.0,0.0,0.0,0.0,0,0.0,0,0.0,0.0,0.0,0.0,0.0,0.0,0.0,0.0,0.0,0.0,0.0,0.2813999999998391,0,2121,C:\Users\Binich\PycharmProjects\PredictionRTS\output\learner_results\all_data\ETG-only\sce2_etg_run_0069\final_eval\eval_run_0069_web_batch_20260622_141137,web_batch_20260622_141137,63.0,1,73.11,7.870023680223126,original_final_eval_subset_lower_mean_high_variation,77.46,78.0,3.7508786849338285,76.33473639451985,76.87473639451986,84
False,repeat_001::ep_107::line_107,ETG-only,sce-2,sce2_etg_run_0069,eval_run_0069_web_batch_20260622_141137,repeat_001,107,107,Win,True,63.0,63.0,3.0,63.0,0.0,12752,14,14,13,0,0.0,0,0.0,0,3,0.2142857142857142,0,0.0,0.0,0.0,0.0,0.0,0.0,0.0,0.0,0.0,0.0,0.0,0.0,0,0.0,0,0.0,0.0,0.0,0.0,0.0,0.0,0.0,0.0,0.0,0.0,0.0,0.2120333333290129,0,3459,C:\Users\Binich\PycharmProjects\PredictionRTS\output\learner_results\all_data\ETG-only\sce2_etg_run_0069\final_eval\eval_run_0069_web_batch_20260622_141137,web_batch_20260622_141137,63.0,1,73.11,7.870023680223126,original_final_eval_subset_lower_mean_high_variation,77.46,78.0,3.7508786849338285,76.33473639451985,76.87473639451986,85
False,repeat_001::ep_142::line_142,ETG-only,sce-2,sce2_etg_run_0069,eval_run_0069_web_batch_20260622_141137,repeat_001,142,142,Win,True,63.0,63.0,3.0,63.0,0.0,16872,13,13,12,0,0.0,0,0.0,0,1,0.0769230769230769,0,0.0,0.0,0.0,0.0,0.0,0.0,0.0,0.0,0.0,0.0,0.0,0.0,0,0.0,0,0.0,0.0,0.0,0.0,0.0,0.0,0.0,0.0,0.0,0.0,0.0,0.1493000000039046,0,8084,C:\Users\Binich\PycharmProjects\PredictionRTS\output\learner_results\all_data\ETG-only\sce2_etg_run_0069\final_eval\eval_run_0069_web_batch_20260622_141137,web_batch_20260622_141137,63.0,1,73.11,7.870023680223126,original_final_eval_subset_lower_mean_high_variation,77.46,78.0,3.7508786849338285,76.33473639451985,76.87473639451986,86
False,repeat_001::ep_199::line_199,ETG-only,sce-2,sce2_etg_run_0069,eval_run_0069_web_batch_20260622_141137,repeat_001,199,199,Win,True,63.0,63.0,3.0,63.0,0.0,23456,13,13,12,0,0.0,0,0.0,0,5,0.3846153846153846,0,0.0,0.0,0.0,0.0,0.0,0.0,0.0,0.0,0.0,0.0,0.0,0.0,0,0.0,0,0.0,0.0,0.0,0.0,0.0,0.0,0.0,0.0,0.0,0.0,0.0,0.1766399999979739,0,2095,C:\Users\Binich\PycharmProjects\PredictionRTS\output\learner_results\all_data\ETG-only\sce2_etg_run_0069\final_eval\eval_run_0069_web_batch_20260622_141137,web_batch_20260622_141137,63.0,1,73.11,7.870023680223126,original_final_eval_subset_lower_mean_high_variation,77.46,78.0,3.7508786849338285,76.33473639451985,76.87473639451986,87
False,repeat_001::ep_223::line_223,ETG-only,sce-2,sce2_etg_run_0069,eval_run_0069_web_batch_20260622_141137,repeat_001,223,223,Win,True,63.0,63.0,3.0,63.0,0.0,26264,13,13,12,0,0.0,0,0.0,0,3,0.2307692307692307,0,0.0,0.0,0.0,0.0,0.0,0.0,0.0,0.0,0.0,0.0,0.0,0.0,0,0.0,0,0.0,0.0,0.0,0.0,0.0,0.0,0.0,0.0,0.0,0.0,0.0,0.2055999999962902,0,2121,C:\Users\Binich\PycharmProjects\PredictionRTS\output\learner_results\all_data\ETG-only\sce2_etg_run_0069\final_eval\eval_run_0069_web_batch_20260622_141137,web_batch_20260622_141137,63.0,1,73.11,7.870023680223126,original_final_eval_subset_lower_mean_high_variation,77.46,78.0,3.7508786849338285,76.33473639451985,76.87473639451986,88
False,repeat_001::ep_276::line_276,ETG-only,sce-2,sce2_etg_run_0069,eval_run_0069_web_batch_20260622_141137,repeat_001,276,276,Win,True,63.0,63.0,3.0,63.0,0.0,32520,13,13,12,0,0.0,0,0.0,0,4,0.3076923076923077,0,0.0,0.0,0.0,0.0,0.0,0.0,0.0,0.0,0.0,0.0,0.0,0.0,0,0.0,0,0.0,0.0,0.0,0.0,0.0,0.0,0.0,0.0,0.0,0.0,0.0,0.2549666666690579,0,4160,C:\Users\Binich\PycharmProjects\PredictionRTS\output\learner_results\all_data\ETG-only\sce2_etg_run_0069\final_eval\eval_run_0069_web_batch_20260622_141137,web_batch_20260622_141137,63.0,1,73.11,7.870023680223126,original_final_eval_subset_lower_mean_high_variation,77.46,78.0,3.7508786849338285,76.33473639451985,76.87473639451986,89
False,repeat_001::ep_284::line_284,ETG-only,sce-2,sce2_etg_run_0069,eval_run_0069_web_batch_20260622_141137,repeat_001,284,284,Win,True,63.0,63.0,18.0,63.0,0.0,33446,12,12,11,1,0.0833333333333333,0,0.0,0,6,0.5,0,0.0,0.0,0.0,0.0,0.0,0.0,0.0,0.0,0.0,0.0,0.0,0.0,0,0.0,0,0.0,0.0,0.0,0.0,0.0,0.0,0.0,0.0,0.0,0.0,0.0,0.1937166666673798,0,2095,C:\Users\Binich\PycharmProjects\PredictionRTS\output\learner_results\all_data\ETG-only\sce2_etg_run_0069\final_eval\eval_run_0069_web_batch_20260622_141137,web_batch_20260622_141137,63.0,1,73.11,7.870023680223126,original_final_eval_subset_lower_mean_high_variation,77.46,78.0,3.7508786849338285,76.33473639451985,76.87473639451986,90
False,repeat_001::ep_31::line_31,ETG-only,sce-2,sce2_etg_run_0069,eval_run_0069_web_batch_20260622_141137,repeat_001,31,31,Win,True,60.0,60.0,3.0,60.0,0.0,3750,15,15,14,0,0.0,0,0.0,0,2,0.1333333333333333,0,0.0,0.0,0.0,0.0,0.0,0.0,0.0,0.0,0.0,0.0,0.0,0.0,0,0.0,0,0.0,0.0,0.0,0.0,0.0,0.0,0.0,0.0,0.0,0.0,0.0,0.2105999999990615,0,1221,C:\Users\Binich\PycharmProjects\PredictionRTS\output\learner_results\all_data\ETG-only\sce2_etg_run_0069\final_eval\eval_run_0069_web_batch_20260622_141137,web_batch_20260622_141137,60.0,0,73.11,7.870023680223126,original_final_eval_subset_lower_mean_high_variation,77.46,78.0,3.7508786849338285,76.33473639451985,76.87473639451986,91
False,repeat_001::ep_61::line_61,ETG-only,sce-2,sce2_etg_run_0069,eval_run_0069_web_batch_20260622_141137,repeat_001,61,61,Win,True,60.0,60.0,9.0,60.0,0.0,7350,15,15,14,0,0.0,0,0.0,0,3,0.2,0,0.0,0.0,0.0,0.0,0.0,0.0,0.0,0.0,0.0,0.0,0.0,0.0,0,0.0,0,0.0,0.0,0.0,0.0,0.0,0.0,0.0,0.0,0.0,0.0,0.0,0.2188333333326871,0,3780,C:\Users\Binich\PycharmProjects\PredictionRTS\output\learner_results\all_data\ETG-only\sce2_etg_run_0069\final_eval\eval_run_0069_web_batch_20260622_141137,web_batch_20260622_141137,60.0,0,73.11,7.870023680223126,original_final_eval_subset_lower_mean_high_variation,77.46,78.0,3.7508786849338285,76.33473639451985,76.87473639451986,92
False,repeat_001::ep_76::line_76,ETG-only,sce-2,sce2_etg_run_0069,eval_run_0069_web_batch_20260622_141137,repeat_001,76,76,Win,True,60.0,60.0,3.0,60.0,0.0,9140,14,14,12,1,0.0714285714285714,0,0.0,0,3,0.2142857142857142,0,0.0,0.0,0.0,0.0,0.0,0.0,0.0,0.0,0.0,0.0,0.0,0.0,0,0.0,0,0.0,0.0,0.0,0.0,0.0,0.0,0.0,0.0,0.0,0.0,0.0,0.2173333333341058,0,1600,C:\Users\Binich\PycharmProjects\PredictionRTS\output\learner_results\all_data\ETG-only\sce2_etg_run_0069\final_eval\eval_run_0069_web_batch_20260622_141137,web_batch_20260622_141137,60.0,0,73.11,7.870023680223126,original_final_eval_subset_lower_mean_high_variation,77.46,78.0,3.7508786849338285,76.33473639451985,76.87473639451986,93
False,repeat_001::ep_120::line_120,ETG-only,sce-2,sce2_etg_run_0069,eval_run_0069_web_batch_20260622_141137,repeat_001,120,120,Win,True,60.0,60.0,3.0,60.0,0.0,14278,13,13,12,0,0.0,0,0.0,0,4,0.3076923076923077,0,0.0,0.0,0.0,0.0,0.0,0.0,0.0,0.0,0.0,0.0,0.0,0.0,0,0.0,0,0.0,0.0,0.0,0.0,0.0,0.0,0.0,0.0,0.0,0.0,0.0,0.2183499999990346,0,1600,C:\Users\Binich\PycharmProjects\PredictionRTS\output\learner_results\all_data\ETG-only\sce2_etg_run_0069\final_eval\eval_run_0069_web_batch_20260622_141137,web_batch_20260622_141137,60.0,0,73.11,7.870023680223126,original_final_eval_subset_lower_mean_high_variation,77.46,78.0,3.7508786849338285,76.33473639451985,76.87473639451986,94
False,repeat_001::ep_122::line_122,ETG-only,sce-2,sce2_etg_run_0069,eval_run_0069_web_batch_20260622_141137,repeat_001,122,122,Win,True,60.0,60.0,3.0,60.0,0.0,14542,15,15,13,0,0.0,0,0.0,0,4,0.2666666666666666,0,0.0,0.0,0.0,0.0,0.0,0.0,0.0,0.0,0.0,0.0,0.0,0.0,0,0.0,0,0.0,0.0,0.0,0.0,0.0,0.0,0.0,0.0,0.0,0.0,0.0,0.1902749999995734,0,1566,C:\Users\Binich\PycharmProjects\PredictionRTS\output\learner_results\all_data\ETG-only\sce2_etg_run_0069\final_eval\eval_run_0069_web_batch_20260622_141137,web_batch_20260622_141137,60.0,0,73.11,7.870023680223126,original_final_eval_subset_lower_mean_high_variation,77.46,78.0,3.7508786849338285,76.33473639451985,76.87473639451986,95
False,repeat_001::ep_159::line_159,ETG-only,sce-2,sce2_etg_run_0069,eval_run_0069_web_batch_20260622_141137,repeat_001,159,159,Win,True,60.0,60.0,3.0,60.0,0.0,18866,14,14,13,1,0.0714285714285714,0,0.0,0,2,0.1428571428571428,0,0.0,0.0,0.0,0.0,0.0,0.0,0.0,0.0,0.0,0.0,0.0,0.0,0,0.0,0,0.0,0.0,0.0,0.0,0.0,0.0,0.0,0.0,0.0,0.0,0.0,0.3105999999988285,0,2824,C:\Users\Binich\PycharmProjects\PredictionRTS\output\learner_results\all_data\ETG-only\sce2_etg_run_0069\final_eval\eval_run_0069_web_batch_20260622_141137,web_batch_20260622_141137,60.0,0,73.11,7.870023680223126,original_final_eval_subset_lower_mean_high_variation,77.46,78.0,3.7508786849338285,76.33473639451985,76.87473639451986,96
False,repeat_001::ep_13::line_13,ETG-only,sce-2,sce2_etg_run_0069,eval_run_0069_web_batch_20260622_141137,repeat_001,13,13,Win,True,57.0,57.0,18.0,57.0,0.0,1524,12,12,12,0,0.0,0,0.0,0,4,0.3333333333333333,0,0.0,0.0,0.0,0.0,0.0,0.0,0.0,0.0,0.0,0.0,0.0,0.0,0,0.0,0,0.0,0.0,0.0,0.0,0.0,0.0,0.0,0.0,0.0,0.0,0.0,0.1833749999997636,0,3023,C:\Users\Binich\PycharmProjects\PredictionRTS\output\learner_results\all_data\ETG-only\sce2_etg_run_0069\final_eval\eval_run_0069_web_batch_20260622_141137,web_batch_20260622_141137,57.0,0,73.11,7.870023680223126,original_final_eval_subset_lower_mean_high_variation,77.46,78.0,3.7508786849338285,76.33473639451985,76.87473639451986,97
False,repeat_001::ep_45::line_45,ETG-only,sce-2,sce2_etg_run_0069,eval_run_0069_web_batch_20260622_141137,repeat_001,45,45,Win,True,57.0,57.0,-3.0,57.0,0.0,5438,13,13,12,0,0.0,0,0.0,0,4,0.3076923076923077,0,0.0,0.0,0.0,0.0,0.0,0.0,0.0,0.0,0.0,0.0,0.0,0.0,0,0.0,0,0.0,0.0,0.0,0.0,0.0,0.0,0.0,0.0,0.0,0.0,0.0,0.1881000000016897,0,1707,C:\Users\Binich\PycharmProjects\PredictionRTS\output\learner_results\all_data\ETG-only\sce2_etg_run_0069\final_eval\eval_run_0069_web_batch_20260622_141137,web_batch_20260622_141137,57.0,0,73.11,7.870023680223126,original_final_eval_subset_lower_mean_high_variation,77.46,78.0,3.7508786849338285,76.33473639451985,76.87473639451986,98
False,repeat_001::ep_123::line_123,ETG-only,sce-2,sce2_etg_run_0069,eval_run_0069_web_batch_20260622_141137,repeat_001,123,123,Win,True,57.0,57.0,3.0,57.0,0.0,14664,13,13,12,0,0.0,0,0.0,0,3,0.2307692307692307,0,0.0,0.0,0.0,0.0,0.0,0.0,0.0,0.0,0.0,0.0,0.0,0.0,0,0.0,0,0.0,0.0,0.0,0.0,0.0,0.0,0.0,0.0,0.0,0.0,0.0,0.2032000000014022,0,8084,C:\Users\Binich\PycharmProjects\PredictionRTS\output\learner_results\all_data\ETG-only\sce2_etg_run_0069\final_eval\eval_run_0069_web_batch_20260622_141137,web_batch_20260622_141137,57.0,0,73.11,7.870023680223126,original_final_eval_subset_lower_mean_high_variation,77.46,78.0,3.7508786849338285,76.33473639451985,76.87473639451986,99
False,repeat_001::ep_60::line_60,ETG-only,sce-2,sce2_etg_run_0069,eval_run_0069_web_batch_20260622_141137,repeat_001,60,60,Win,True,54.0,54.0,3.0,54.0,0.0,7208,14,14,13,0,0.0,0,0.0,0,3,0.2142857142857142,0,0.0,0.0,0.0,0.0,0.0,0.0,0.0,0.0,0.0,0.0,0.0,0.0,0,0.0,0,0.0,0.0,0.0,0.0,0.0,0.0,0.0,0.0,0.0,0.0,0.0,0.2344333333326176,0,1221,C:\Users\Binich\PycharmProjects\PredictionRTS\output\learner_results\all_data\ETG-only\sce2_etg_run_0069\final_eval\eval_run_0069_web_batch_20260622_141137,web_batch_20260622_141137,54.0,0,73.11,7.870023680223126,original_final_eval_subset_lower_mean_high_variation,77.46,78.0,3.7508786849338285,76.33473639451985,76.87473639451986,100
False,repeat_001::ep_45::line_45,ETG-only,sce-2m,sce2m_etg_run_0072,eval_run_0072_web_batch_20260622_141137,repeat_001,45,45,Win,True,66.0,66.0,21.0,66.0,0.0,5898,13,13,12,1,0.0769230769230769,0,0.0,0,4,0.3076923076923077,0,0.0,0.0,0.0,0.0,0.0,0.0,0.0,0.0,0.0,0.0,0.0,0.0,0,0.0,0,0.0,0.0,0.0,0.0,0.0,0.0,0.0,0.0,0.0,0.0,0.0,0.2178249999991166,0,4332,C:\Users\Binich\PycharmProjects\PredictionRTS\output\learner_results\all_data\ETG-only\sce2m_etg_run_0072\final_eval\eval_run_0072_web_batch_20260622_141137,web_batch_20260622_141137,66.0,9,44.7,13.654835973183472,original_final_eval_subset_lower_mean_high_variation,57.0,57.0,4.69041575982343,55.59287527205297,55.59287527205297,1
False,repeat_001::ep_3::line_3,ETG-only,sce-2m,sce2m_etg_run_0072,eval_run_0072_web_batch_20260622_141137,repeat_001,3,3,Win,True,63.0,63.0,18.0,63.0,0.0,384,13,13,13,1,0.0769230769230769,0,0.0,0,4,0.3076923076923077,0,0.0,0.0,0.0,0.0,0.0,0.0,0.0,0.0,0.0,0.0,0.0,0.0,0,0.0,0,0.0,0.0,0.0,0.0,0.0,0.0,0.0,0.0,0.0,0.0,0.0,0.2177000000003204,0,10062,C:\Users\Binich\PycharmProjects\PredictionRTS\output\learner_results\all_data\ETG-only\sce2m_etg_run_0072\final_eval\eval_run_0072_web_batch_20260622_141137,web_batch_20260622_141137,63.0,9,44.7,13.654835973183472,original_final_eval_subset_lower_mean_high_variation,57.0,57.0,4.69041575982343,55.59287527205297,55.59287527205297,2
False,repeat_001::ep_20::line_20,ETG-only,sce-2m,sce2m_etg_run_0072,eval_run_0072_web_batch_20260622_141137,repeat_001,20,20,Win,True,63.0,63.0,3.0,63.0,0.0,2608,14,14,14,2,0.1428571428571428,0,0.0,0,4,0.2857142857142857,0,0.0,0.0,0.0,0.0,0.0,0.0,0.0,0.0,0.0,0.0,0.0,0.0,0,0.0,0,0.0,0.0,0.0,0.0,0.0,0.0,0.0,0.0,0.0,0.0,0.0,0.2082500000009091,0,10062,C:\Users\Binich\PycharmProjects\PredictionRTS\output\learner_results\all_data\ETG-only\sce2m_etg_run_0072\final_eval\eval_run_0072_web_batch_20260622_141137,web_batch_20260622_141137,63.0,9,44.7,13.654835973183472,original_final_eval_subset_lower_mean_high_variation,57.0,57.0,4.69041575982343,55.59287527205297,55.59287527205297,3
False,repeat_001::ep_36::line_36,ETG-only,sce-2m,sce2m_etg_run_0072,eval_run_0072_web_batch_20260622_141137,repeat_001,36,36,Win,True,63.0,63.0,3.0,63.0,0.0,4710,14,14,13,0,0.0,0,0.0,0,4,0.2857142857142857,0,0.0,0.0,0.0,0.0,0.0,0.0,0.0,0.0,0.0,0.0,0.0,0.0,0,0.0,0,0.0,0.0,0.0,0.0,0.0,0.0,0.0,0.0,0.0,0.0,0.0,0.2634249999999838,0,10062,C:\Users\Binich\PycharmProjects\PredictionRTS\output\learner_results\all_data\ETG-only\sce2m_etg_run_0072\final_eval\eval_run_0072_web_batch_20260622_141137,web_batch_20260622_141137,63.0,9,44.7,13.654835973183472,original_final_eval_subset_lower_mean_high_variation,57.0,57.0,4.69041575982343,55.59287527205297,55.59287527205297,4
False,repeat_001::ep_169::line_169,ETG-only,sce-2m,sce2m_etg_run_0072,eval_run_0072_web_batch_20260622_141137,repeat_001,169,169,Win,True,63.0,63.0,15.0,63.0,0.0,22356,13,13,12,0,0.0,0,0.0,0,3,0.2307692307692307,0,0.0,0.0,0.0,0.0,0.0,0.0,0.0,0.0,0.0,0.0,0.0,0.0,0,0.0,0,0.0,0.0,0.0,0.0,0.0,0.0,0.0,0.0,0.0,0.0,0.0,0.1931333333331508,0,10062,C:\Users\Binich\PycharmProjects\PredictionRTS\output\learner_results\all_data\ETG-only\sce2m_etg_run_0072\final_eval\eval_run_0072_web_batch_20260622_141137,web_batch_20260622_141137,63.0,9,44.7,13.654835973183472,original_final_eval_subset_lower_mean_high_variation,57.0,57.0,4.69041575982343,55.59287527205297,55.59287527205297,5
False,repeat_001::ep_223::line_223,ETG-only,sce-2m,sce2m_etg_run_0072,eval_run_0072_web_batch_20260622_141137,repeat_001,223,223,Win,True,63.0,63.0,3.0,63.0,0.0,29534,14,14,13,1,0.0714285714285714,0,0.0,0,3,0.2142857142857142,0,0.0,0.0,0.0,0.0,0.0,0.0,0.0,0.0,0.0,0.0,0.0,0.0,0,0.0,0,0.0,0.0,0.0,0.0,0.0,0.0,0.0,0.0,0.0,0.0,0.0,0.1967333333349567,0,1624,C:\Users\Binich\PycharmProjects\PredictionRTS\output\learner_results\all_data\ETG-only\sce2m_etg_run_0072\final_eval\eval_run_0072_web_batch_20260622_141137,web_batch_20260622_141137,63.0,9,44.7,13.654835973183472,original_final_eval_subset_lower_mean_high_variation,57.0,57.0,4.69041575982343,55.59287527205297,55.59287527205297,6
False,repeat_001::ep_270::line_270,ETG-only,sce-2m,sce2m_etg_run_0072,eval_run_0072_web_batch_20260622_141137,repeat_001,270,270,Win,True,63.0,63.0,3.0,63.0,0.0,35758,14,14,14,0,0.0,0,0.0,0,3,0.2142857142857142,0,0.0,0.0,0.0,0.0,0.0,0.0,0.0,0.0,0.0,0.0,0.0,0.0,0,0.0,0,0.0,0.0,0.0,0.0,0.0,0.0,0.0,0.0,0.0,0.0,0.0,0.1954333333363441,0,10062,C:\Users\Binich\PycharmProjects\PredictionRTS\output\learner_results\all_data\ETG-only\sce2m_etg_run_0072\final_eval\eval_run_0072_web_batch_20260622_141137,web_batch_20260622_141137,63.0,9,44.7,13.654835973183472,original_final_eval_subset_lower_mean_high_variation,57.0,57.0,4.69041575982343,55.59287527205297,55.59287527205297,7
False,repeat_001::ep_294::line_294,ETG-only,sce-2m,sce2m_etg_run_0072,eval_run_0072_web_batch_20260622_141137,repeat_001,294,294,Win,True,63.0,63.0,9.0,63.0,0.0,38916,13,13,13,0,0.0,0,0.0,0,4,0.3076923076923077,0,0.0,0.0,0.0,0.0,0.0,0.0,0.0,0.0,0.0,0.0,0.0,0.0,0,0.0,0,0.0,0.0,0.0,0.0,0.0,0.0,0.0,0.0,0.0,0.0,0.0,0.2130500000028234,0,10062,C:\Users\Binich\PycharmProjects\PredictionRTS\output\learner_results\all_data\ETG-only\sce2m_etg_run_0072\final_eval\eval_run_0072_web_batch_20260622_141137,web_batch_20260622_141137,63.0,9,44.7,13.654835973183472,original_final_eval_subset_lower_mean_high_variation,57.0,57.0,4.69041575982343,55.59287527205297,55.59287527205297,8
False,repeat_001::ep_5::line_5,ETG-only,sce-2m,sce2m_etg_run_0072,eval_run_0072_web_batch_20260622_141137,repeat_001,5,5,Win,True,57.0,57.0,3.0,57.0,0.0,648,14,14,14,1,0.0714285714285714,0,0.0,0,5,0.3571428571428571,0,0.0,0.0,0.0,0.0,0.0,0.0,0.0,0.0,0.0,0.0,0.0,0.0,0,0.0,0,0.0,0.0,0.0,0.0,0.0,0.0,0.0,0.0,0.0,0.0,0.0,0.2267199999995028,0,5340,C:\Users\Binich\PycharmProjects\PredictionRTS\output\learner_results\all_data\ETG-only\sce2m_etg_run_0072\final_eval\eval_run_0072_web_batch_20260622_141137,web_batch_20260622_141137,57.0,6,44.7,13.654835973183472,original_final_eval_subset_lower_mean_high_variation,57.0,57.0,4.69041575982343,55.59287527205297,55.59287527205297,9
False,repeat_001::ep_9::line_9,ETG-only,sce-2m,sce2m_etg_run_0072,eval_run_0072_web_batch_20260622_141137,repeat_001,9,9,Win,True,57.0,57.0,-3.0,57.0,0.0,1176,14,14,13,1,0.0714285714285714,0,0.0,0,3,0.2142857142857142,0,0.0,0.0,0.0,0.0,0.0,0.0,0.0,0.0,0.0,0.0,0.0,0.0,0,0.0,0,0.0,0.0,0.0,0.0,0.0,0.0,0.0,0.0,0.0,0.0,0.0,0.1914000000002857,0,3173,C:\Users\Binich\PycharmProjects\PredictionRTS\output\learner_results\all_data\ETG-only\sce2m_etg_run_0072\final_eval\eval_run_0072_web_batch_20260622_141137,web_batch_20260622_141137,57.0,6,44.7,13.654835973183472,original_final_eval_subset_lower_mean_high_variation,57.0,57.0,4.69041575982343,55.59287527205297,55.59287527205297,10
False,repeat_001::ep_19::line_19,ETG-only,sce-2m,sce2m_etg_run_0072,eval_run_0072_web_batch_20260622_141137,repeat_001,19,19,Win,True,57.0,57.0,12.0,57.0,0.0,2476,13,13,13,0,0.0,0,0.0,0,3,0.2307692307692307,0,0.0,0.0,0.0,0.0,0.0,0.0,0.0,0.0,0.0,0.0,0.0,0.0,0,0.0,0,0.0,0.0,0.0,0.0,0.0,0.0,0.0,0.0,0.0,0.0,0.0,0.1999666666669952,0,5340,C:\Users\Binich\PycharmProjects\PredictionRTS\output\learner_results\all_data\ETG-only\sce2m_etg_run_0072\final_eval\eval_run_0072_web_batch_20260622_141137,web_batch_20260622_141137,57.0,7,44.7,13.654835973183472,original_final_eval_subset_lower_mean_high_variation,57.0,57.0,4.69041575982343,55.59287527205297,55.59287527205297,11
False,repeat_001::ep_28::line_28,ETG-only,sce-2m,sce2m_etg_run_0072,eval_run_0072_web_batch_20260622_141137,repeat_001,28,28,Win,True,57.0,57.0,3.0,57.0,0.0,3664,14,14,14,1,0.0714285714285714,0,0.0,0,4,0.2857142857142857,0,0.0,0.0,0.0,0.0,0.0,0.0,0.0,0.0,0.0,0.0,0.0,0.0,0,0.0,0,0.0,0.0,0.0,0.0,0.0,0.0,0.0,0.0,0.0,0.0,0.0,0.2071499999987125,0,5340,C:\Users\Binich\PycharmProjects\PredictionRTS\output\learner_results\all_data\ETG-only\sce2m_etg_run_0072\final_eval\eval_run_0072_web_batch_20260622_141137,web_batch_20260622_141137,57.0,7,44.7,13.654835973183472,original_final_eval_subset_lower_mean_high_variation,57.0,57.0,4.69041575982343,55.59287527205297,55.59287527205297,12
False,repeat_001::ep_55::line_55,ETG-only,sce-2m,sce2m_etg_run_0072,eval_run_0072_web_batch_20260622_141137,repeat_001,55,55,Win,True,57.0,57.0,-3.0,57.0,0.0,7238,14,14,14,1,0.0714285714285714,0,0.0,0,5,0.3571428571428571,0,0.0,0.0,0.0,0.0,0.0,0.0,0.0,0.0,0.0,0.0,0.0,0.0,0,0.0,0,0.0,0.0,0.0,0.0,0.0,0.0,0.0,0.0,0.0,0.0,0.0,0.1705800000003421,0,5340,C:\Users\Binich\PycharmProjects\PredictionRTS\output\learner_results\all_data\ETG-only\sce2m_etg_run_0072\final_eval\eval_run_0072_web_batch_20260622_141137,web_batch_20260622_141137,57.0,7,44.7,13.654835973183472,original_final_eval_subset_lower_mean_high_variation,57.0,57.0,4.69041575982343,55.59287527205297,55.59287527205297,13
False,repeat_001::ep_65::line_65,ETG-only,sce-2m,sce2m_etg_run_0072,eval_run_0072_web_batch_20260622_141137,repeat_001,65,65,Win,True,57.0,57.0,3.0,57.0,0.0,8558,14,14,13,1,0.0714285714285714,0,0.0,0,3,0.2142857142857142,0,0.0,0.0,0.0,0.0,0.0,0.0,0.0,0.0,0.0,0.0,0.0,0.0,0,0.0,0,0.0,0.0,0.0,0.0,0.0,0.0,0.0,0.0,0.0,0.0,0.0,0.184500000000772,0,3173,C:\Users\Binich\PycharmProjects\PredictionRTS\output\learner_results\all_data\ETG-only\sce2m_etg_run_0072\final_eval\eval_run_0072_web_batch_20260622_141137,web_batch_20260622_141137,57.0,7,44.7,13.654835973183472,original_final_eval_subset_lower_mean_high_variation,57.0,57.0,4.69041575982343,55.59287527205297,55.59287527205297,14
False,repeat_001::ep_69::line_69,ETG-only,sce-2m,sce2m_etg_run_0072,eval_run_0072_web_batch_20260622_141137,repeat_001,69,69,Win,True,57.0,57.0,3.0,57.0,0.0,9086,14,14,12,0,0.0,0,0.0,0,5,0.3571428571428571,0,0.0,0.0,0.0,0.0,0.0,0.0,0.0,0.0,0.0,0.0,0.0,0.0,0,0.0,0,0.0,0.0,0.0,0.0,0.0,0.0,0.0,0.0,0.0,0.0,0.0,0.1771799999993106,0,5340,C:\Users\Binich\PycharmProjects\PredictionRTS\output\learner_results\all_data\ETG-only\sce2m_etg_run_0072\final_eval\eval_run_0072_web_batch_20260622_141137,web_batch_20260622_141137,57.0,7,44.7,13.654835973183472,original_final_eval_subset_lower_mean_high_variation,57.0,57.0,4.69041575982343,55.59287527205297,55.59287527205297,15
False,repeat_001::ep_80::line_80,ETG-only,sce-2m,sce2m_etg_run_0072,eval_run_0072_web_batch_20260622_141137,repeat_001,80,80,Win,True,57.0,57.0,-3.0,57.0,0.0,10548,14,14,14,0,0.0,0,0.0,0,3,0.2142857142857142,0,0.0,0.0,0.0,0.0,0.0,0.0,0.0,0.0,0.0,0.0,0.0,0.0,0,0.0,0,0.0,0.0,0.0,0.0,0.0,0.0,0.0,0.0,0.0,0.0,0.0,0.1906333333323573,0,5340,C:\Users\Binich\PycharmProjects\PredictionRTS\output\learner_results\all_data\ETG-only\sce2m_etg_run_0072\final_eval\eval_run_0072_web_batch_20260622_141137,web_batch_20260622_141137,57.0,7,44.7,13.654835973183472,original_final_eval_subset_lower_mean_high_variation,57.0,57.0,4.69041575982343,55.59287527205297,55.59287527205297,16
False,repeat_001::ep_81::line_81,ETG-only,sce-2m,sce2m_etg_run_0072,eval_run_0072_web_batch_20260622_141137,repeat_001,81,81,Win,True,57.0,57.0,-3.0,57.0,0.0,10680,14,14,14,1,0.0714285714285714,0,0.0,0,6,0.4285714285714285,0,0.0,0.0,0.0,0.0,0.0,0.0,0.0,0.0,0.0,0.0,0.0,0.0,0,0.0,0,0.0,0.0,0.0,0.0,0.0,0.0,0.0,0.0,0.0,0.0,0.0,0.1780833333343186,0,5340,C:\Users\Binich\PycharmProjects\PredictionRTS\output\learner_results\all_data\ETG-only\sce2m_etg_run_0072\final_eval\eval_run_0072_web_batch_20260622_141137,web_batch_20260622_141137,57.0,7,44.7,13.654835973183472,original_final_eval_subset_lower_mean_high_variation,57.0,57.0,4.69041575982343,55.59287527205297,55.59287527205297,17
False,repeat_001::ep_95::line_95,ETG-only,sce-2m,sce2m_etg_run_0072,eval_run_0072_web_batch_20260622_141137,repeat_001,95,95,Win,True,57.0,57.0,12.0,57.0,0.0,12528,13,13,13,1,0.0769230769230769,0,0.0,0,6,0.4615384615384615,0,0.0,0.0,0.0,0.0,0.0,0.0,0.0,0.0,0.0,0.0,0.0,0.0,0,0.0,0,0.0,0.0,0.0,0.0,0.0,0.0,0.0,0.0,0.0,0.0,0.0,0.1950666666665768,0,2299,C:\Users\Binich\PycharmProjects\PredictionRTS\output\learner_results\all_data\ETG-only\sce2m_etg_run_0072\final_eval\eval_run_0072_web_batch_20260622_141137,web_batch_20260622_141137,57.0,7,44.7,13.654835973183472,original_final_eval_subset_lower_mean_high_variation,57.0,57.0,4.69041575982343,55.59287527205297,55.59287527205297,18
False,repeat_001::ep_121::line_121,ETG-only,sce-2m,sce2m_etg_run_0072,eval_run_0072_web_batch_20260622_141137,repeat_001,121,121,Win,True,57.0,57.0,-3.0,57.0,0.0,15990,14,14,14,0,0.0,0,0.0,0,4,0.2857142857142857,0,0.0,0.0,0.0,0.0,0.0,0.0,0.0,0.0,0.0,0.0,0.0,0.0,0,0.0,0,0.0,0.0,0.0,0.0,0.0,0.0,0.0,0.0,0.0,0.0,0.0,0.2412749999987085,0,5340,C:\Users\Binich\PycharmProjects\PredictionRTS\output\learner_results\all_data\ETG-only\sce2m_etg_run_0072\final_eval\eval_run_0072_web_batch_20260622_141137,web_batch_20260622_141137,57.0,7,44.7,13.654835973183472,original_final_eval_subset_lower_mean_high_variation,57.0,57.0,4.69041575982343,55.59287527205297,55.59287527205297,19
False,repeat_001::ep_138::line_138,ETG-only,sce-2m,sce2m_etg_run_0072,eval_run_0072_web_batch_20260622_141137,repeat_001,138,138,Win,True,57.0,57.0,-3.0,57.0,0.0,18254,14,14,13,1,0.0714285714285714,0,0.0,0,2,0.1428571428571428,0,0.0,0.0,0.0,0.0,0.0,0.0,0.0,0.0,0.0,0.0,0.0,0.0,0,0.0,0,0.0,0.0,0.0,0.0,0.0,0.0,0.0,0.0,0.0,0.0,0.0,0.2991500000000258,0,3173,C:\Users\Binich\PycharmProjects\PredictionRTS\output\learner_results\all_data\ETG-only\sce2m_etg_run_0072\final_eval\eval_run_0072_web_batch_20260622_141137,web_batch_20260622_141137,57.0,7,44.7,13.654835973183472,original_final_eval_subset_lower_mean_high_variation,57.0,57.0,4.69041575982343,55.59287527205297,55.59287527205297,20
False,repeat_001::ep_140::line_140,ETG-only,sce-2m,sce2m_etg_run_0072,eval_run_0072_web_batch_20260622_141137,repeat_001,140,140,Win,True,57.0,57.0,3.0,57.0,0.0,18518,14,14,14,0,0.0,0,0.0,0,5,0.3571428571428571,0,0.0,0.0,0.0,0.0,0.0,0.0,0.0,0.0,0.0,0.0,0.0,0.0,0,0.0,0,0.0,0.0,0.0,0.0,0.0,0.0,0.0,0.0,0.0,0.0,0.0,0.2746000000001913,0,5340,C:\Users\Binich\PycharmProjects\PredictionRTS\output\learner_results\all_data\ETG-only\sce2m_etg_run_0072\final_eval\eval_run_0072_web_batch_20260622_141137,web_batch_20260622_141137,57.0,8,44.7,13.654835973183472,original_final_eval_subset_lower_mean_high_variation,57.0,57.0,4.69041575982343,55.59287527205297,55.59287527205297,21
False,repeat_001::ep_144::line_144,ETG-only,sce-2m,sce2m_etg_run_0072,eval_run_0072_web_batch_20260622_141137,repeat_001,144,144,Win,True,57.0,57.0,9.0,57.0,0.0,19036,13,13,13,1,0.0769230769230769,0,0.0,0,6,0.4615384615384615,0,0.0,0.0,0.0,0.0,0.0,0.0,0.0,0.0,0.0,0.0,0.0,0.0,0,0.0,0,0.0,0.0,0.0,0.0,0.0,0.0,0.0,0.0,0.0,0.0,0.0,0.2152833333326498,0,2299,C:\Users\Binich\PycharmProjects\PredictionRTS\output\learner_results\all_data\ETG-only\sce2m_etg_run_0072\final_eval\eval_run_0072_web_batch_20260622_141137,web_batch_20260622_141137,57.0,8,44.7,13.654835973183472,original_final_eval_subset_lower_mean_high_variation,57.0,57.0,4.69041575982343,55.59287527205297,55.59287527205297,22
False,repeat_001::ep_157::line_157,ETG-only,sce-2m,sce2m_etg_run_0072,eval_run_0072_web_batch_20260622_141137,repeat_001,157,157,Win,True,57.0,57.0,-3.0,57.0,0.0,20782,14,14,14,2,0.1428571428571428,0,0.0,0,4,0.2857142857142857,0,0.0,0.0,0.0,0.0,0.0,0.0,0.0,0.0,0.0,0.0,0.0,0.0,0,0.0,0,0.0,0.0,0.0,0.0,0.0,0.0,0.0,0.0,0.0,0.0,0.0,0.2752500000013924,0,3173,C:\Users\Binich\PycharmProjects\PredictionRTS\output\learner_results\all_data\ETG-only\sce2m_etg_run_0072\final_eval\eval_run_0072_web_batch_20260622_141137,web_batch_20260622_141137,57.0,8,44.7,13.654835973183472,original_final_eval_subset_lower_mean_high_variation,57.0,57.0,4.69041575982343,55.59287527205297,55.59287527205297,23
False,repeat_001::ep_158::line_158,ETG-only,sce-2m,sce2m_etg_run_0072,eval_run_0072_web_batch_20260622_141137,repeat_001,158,158,Win,True,57.0,57.0,3.0,57.0,0.0,20914,14,14,12,1,0.0714285714285714,0,0.0,0,2,0.1428571428571428,0,0.0,0.0,0.0,0.0,0.0,0.0,0.0,0.0,0.0,0.0,0.0,0.0,0,0.0,0,0.0,0.0,0.0,0.0,0.0,0.0,0.0,0.0,0.0,0.0,0.0,0.3431999999996549,0,3173,C:\Users\Binich\PycharmProjects\PredictionRTS\output\learner_results\all_data\ETG-only\sce2m_etg_run_0072\final_eval\eval_run_0072_web_batch_20260622_141137,web_batch_20260622_141137,57.0,8,44.7,13.654835973183472,original_final_eval_subset_lower_mean_high_variation,57.0,57.0,4.69041575982343,55.59287527205297,55.59287527205297,24
False,repeat_001::ep_192::line_192,ETG-only,sce-2m,sce2m_etg_run_0072,eval_run_0072_web_batch_20260622_141137,repeat_001,192,192,Win,True,57.0,57.0,3.0,57.0,0.0,25422,14,14,12,0,0.0,0,0.0,0,6,0.4285714285714285,0,0.0,0.0,0.0,0.0,0.0,0.0,0.0,0.0,0.0,0.0,0.0,0.0,0,0.0,0,0.0,0.0,0.0,0.0,0.0,0.0,0.0,0.0,0.0,0.0,0.0,0.2421333333325984,0,5340,C:\Users\Binich\PycharmProjects\PredictionRTS\output\learner_results\all_data\ETG-only\sce2m_etg_run_0072\final_eval\eval_run_0072_web_batch_20260622_141137,web_batch_20260622_141137,57.0,8,44.7,13.654835973183472,original_final_eval_subset_lower_mean_high_variation,57.0,57.0,4.69041575982343,55.59287527205297,55.59287527205297,25
False,repeat_001::ep_202::line_202,ETG-only,sce-2m,sce2m_etg_run_0072,eval_run_0072_web_batch_20260622_141137,repeat_001,202,202,Win,True,57.0,57.0,-3.0,57.0,0.0,26742,14,14,14,2,0.1428571428571428,0,0.0,0,3,0.2142857142857142,0,0.0,0.0,0.0,0.0,0.0,0.0,0.0,0.0,0.0,0.0,0.0,0.0,0,0.0,0,0.0,0.0,0.0,0.0,0.0,0.0,0.0,0.0,0.0,0.0,0.0,0.2126666666673789,0,5340,C:\Users\Binich\PycharmProjects\PredictionRTS\output\learner_results\all_data\ETG-only\sce2m_etg_run_0072\final_eval\eval_run_0072_web_batch_20260622_141137,web_batch_20260622_141137,57.0,8,44.7,13.654835973183472,original_final_eval_subset_lower_mean_high_variation,57.0,57.0,4.69041575982343,55.59287527205297,55.59287527205297,26
False,repeat_001::ep_203::line_203,ETG-only,sce-2m,sce2m_etg_run_0072,eval_run_0072_web_batch_20260622_141137,repeat_001,203,203,Win,True,57.0,57.0,3.0,57.0,0.0,26874,14,14,13,1,0.0714285714285714,0,0.0,0,2,0.1428571428571428,0,0.0,0.0,0.0,0.0,0.0,0.0,0.0,0.0,0.0,0.0,0.0,0.0,0,0.0,0,0.0,0.0,0.0,0.0,0.0,0.0,0.0,0.0,0.0,0.0,0.0,0.1742500000005975,0,3173,C:\Users\Binich\PycharmProjects\PredictionRTS\output\learner_results\all_data\ETG-only\sce2m_etg_run_0072\final_eval\eval_run_0072_web_batch_20260622_141137,web_batch_20260622_141137,57.0,8,44.7,13.654835973183472,original_final_eval_subset_lower_mean_high_variation,57.0,57.0,4.69041575982343,55.59287527205297,55.59287527205297,27
False,repeat_001::ep_210::line_210,ETG-only,sce-2m,sce2m_etg_run_0072,eval_run_0072_web_batch_20260622_141137,repeat_001,210,210,Win,True,57.0,57.0,3.0,57.0,0.0,27808,14,14,13,1,0.0714285714285714,0,0.0,0,3,0.2142857142857142,0,0.0,0.0,0.0,0.0,0.0,0.0,0.0,0.0,0.0,0.0,0.0,0.0,0,0.0,0,0.0,0.0,0.0,0.0,0.0,0.0,0.0,0.0,0.0,0.0,0.0,0.2132666666672852,0,3173,C:\Users\Binich\PycharmProjects\PredictionRTS\output\learner_results\all_data\ETG-only\sce2m_etg_run_0072\final_eval\eval_run_0072_web_batch_20260622_141137,web_batch_20260622_141137,57.0,8,44.7,13.654835973183472,original_final_eval_subset_lower_mean_high_variation,57.0,57.0,4.69041575982343,55.59287527205297,55.59287527205297,28
False,repeat_001::ep_236::line_236,ETG-only,sce-2m,sce2m_etg_run_0072,eval_run_0072_web_batch_20260622_141137,repeat_001,236,236,Win,True,57.0,57.0,3.0,57.0,0.0,31270,14,14,14,2,0.1428571428571428,0,0.0,0,4,0.2857142857142857,0,0.0,0.0,0.0,0.0,0.0,0.0,0.0,0.0,0.0,0.0,0.0,0.0,0,0.0,0,0.0,0.0,0.0,0.0,0.0,0.0,0.0,0.0,0.0,0.0,0.0,0.1759500000009239,0,5340,C:\Users\Binich\PycharmProjects\PredictionRTS\output\learner_results\all_data\ETG-only\sce2m_etg_run_0072\final_eval\eval_run_0072_web_batch_20260622_141137,web_batch_20260622_141137,57.0,8,44.7,13.654835973183472,original_final_eval_subset_lower_mean_high_variation,57.0,57.0,4.69041575982343,55.59287527205297,55.59287527205297,29
False,repeat_001::ep_244::line_244,ETG-only,sce-2m,sce2m_etg_run_0072,eval_run_0072_web_batch_20260622_141137,repeat_001,244,244,Win,True,57.0,57.0,-3.0,57.0,0.0,32326,14,14,14,0,0.0,0,0.0,0,4,0.2857142857142857,0,0.0,0.0,0.0,0.0,0.0,0.0,0.0,0.0,0.0,0.0,0.0,0.0,0,0.0,0,0.0,0.0,0.0,0.0,0.0,0.0,0.0,0.0,0.0,0.0,0.0,0.2157000000018172,0,5340,C:\Users\Binich\PycharmProjects\PredictionRTS\output\learner_results\all_data\ETG-only\sce2m_etg_run_0072\final_eval\eval_run_0072_web_batch_20260622_141137,web_batch_20260622_141137,57.0,8,44.7,13.654835973183472,original_final_eval_subset_lower_mean_high_variation,57.0,57.0,4.69041575982343,55.59287527205297,55.59287527205297,30
False,repeat_001::ep_274::line_274,ETG-only,sce-2m,sce2m_etg_run_0072,eval_run_0072_web_batch_20260622_141137,repeat_001,274,274,Win,True,57.0,57.0,-3.0,57.0,0.0,36286,14,14,14,0,0.0,0,0.0,0,4,0.2857142857142857,0,0.0,0.0,0.0,0.0,0.0,0.0,0.0,0.0,0.0,0.0,0.0,0.0,0,0.0,0,0.0,0.0,0.0,0.0,0.0,0.0,0.0,0.0,0.0,0.0,0.0,0.1771999999995444,0,5340,C:\Users\Binich\PycharmProjects\PredictionRTS\output\learner_results\all_data\ETG-only\sce2m_etg_run_0072\final_eval\eval_run_0072_web_batch_20260622_141137,web_batch_20260622_141137,57.0,9,44.7,13.654835973183472,original_final_eval_subset_lower_mean_high_variation,57.0,57.0,4.69041575982343,55.59287527205297,55.59287527205297,31
False,repeat_001::ep_292::line_292,ETG-only,sce-2m,sce2m_etg_run_0072,eval_run_0072_web_batch_20260622_141137,repeat_001,292,292,Win,True,57.0,57.0,3.0,57.0,0.0,38662,14,14,13,0,0.0,0,0.0,0,5,0.3571428571428571,0,0.0,0.0,0.0,0.0,0.0,0.0,0.0,0.0,0.0,0.0,0.0,0.0,0,0.0,0,0.0,0.0,0.0,0.0,0.0,0.0,0.0,0.0,0.0,0.0,0.0,0.2099000000015394,0,5340,C:\Users\Binich\PycharmProjects\PredictionRTS\output\learner_results\all_data\ETG-only\sce2m_etg_run_0072\final_eval\eval_run_0072_web_batch_20260622_141137,web_batch_20260622_141137,57.0,9,44.7,13.654835973183472,original_final_eval_subset_lower_mean_high_variation,57.0,57.0,4.69041575982343,55.59287527205297,55.59287527205297,32
False,repeat_001::ep_103::line_103,ETG-only,sce-2m,sce2m_etg_run_0072,eval_run_0072_web_batch_20260622_141137,repeat_001,103,103,Win,True,54.0,54.0,0.0,54.0,0.0,13574,14,14,14,1,0.0714285714285714,0,0.0,0,6,0.4285714285714285,0,0.0,0.0,0.0,0.0,0.0,0.0,0.0,0.0,0.0,0.0,0.0,0.0,0,0.0,0,0.0,0.0,0.0,0.0,0.0,0.0,0.0,0.0,0.0,0.0,0.0,0.2013666666655922,0,2220,C:\Users\Binich\PycharmProjects\PredictionRTS\output\learner_results\all_data\ETG-only\sce2m_etg_run_0072\final_eval\eval_run_0072_web_batch_20260622_141137,web_batch_20260622_141137,54.0,6,44.7,13.654835973183472,original_final_eval_subset_lower_mean_high_variation,57.0,57.0,4.69041575982343,55.59287527205297,55.59287527205297,33
False,repeat_001::ep_23::line_23,ETG-only,sce-2m,sce2m_etg_run_0072,eval_run_0072_web_batch_20260622_141137,repeat_001,23,23,Win,True,51.0,51.0,-3.0,51.0,0.0,3014,14,14,14,1,0.0714285714285714,0,0.0,0,4,0.2857142857142857,0,0.0,0.0,0.0,0.0,0.0,0.0,0.0,0.0,0.0,0.0,0.0,0.0,0,0.0,0,0.0,0.0,0.0,0.0,0.0,0.0,0.0,0.0,0.0,0.0,0.0,0.2121249999991192,0,11,C:\Users\Binich\PycharmProjects\PredictionRTS\output\learner_results\all_data\ETG-only\sce2m_etg_run_0072\final_eval\eval_run_0072_web_batch_20260622_141137,web_batch_20260622_141137,51.0,4,44.7,13.654835973183472,original_final_eval_subset_lower_mean_high_variation,57.0,57.0,4.69041575982343,55.59287527205297,55.59287527205297,34
False,repeat_001::ep_49::line_49,ETG-only,sce-2m,sce2m_etg_run_0072,eval_run_0072_web_batch_20260622_141137,repeat_001,49,49,Win,True,51.0,51.0,9.0,51.0,0.0,6446,14,14,14,1,0.0714285714285714,0,0.0,0,7,0.5,0,0.0,0.0,0.0,0.0,0.0,0.0,0.0,0.0,0.0,0.0,0.0,0.0,0,0.0,0,0.0,0.0,0.0,0.0,0.0,0.0,0.0,0.0,0.0,0.0,0.0,0.2080142857151047,0,11,C:\Users\Binich\PycharmProjects\PredictionRTS\output\learner_results\all_data\ETG-only\sce2m_etg_run_0072\final_eval\eval_run_0072_web_batch_20260622_141137,web_batch_20260622_141137,51.0,4,44.7,13.654835973183472,original_final_eval_subset_lower_mean_high_variation,57.0,57.0,4.69041575982343,55.59287527205297,55.59287527205297,35
False,repeat_001::ep_67::line_67,ETG-only,sce-2m,sce2m_etg_run_0072,eval_run_0072_web_batch_20260622_141137,repeat_001,67,67,Win,True,51.0,51.0,3.0,51.0,0.0,8822,14,14,13,0,0.0,0,0.0,0,6,0.4285714285714285,0,0.0,0.0,0.0,0.0,0.0,0.0,0.0,0.0,0.0,0.0,0.0,0.0,0,0.0,0,0.0,0.0,0.0,0.0,0.0,0.0,0.0,0.0,0.0,0.0,0.0,0.1991833333327974,0,5340,C:\Users\Binich\PycharmProjects\PredictionRTS\output\learner_results\all_data\ETG-only\sce2m_etg_run_0072\final_eval\eval_run_0072_web_batch_20260622_141137,web_batch_20260622_141137,51.0,5,44.7,13.654835973183472,original_final_eval_subset_lower_mean_high_variation,57.0,57.0,4.69041575982343,55.59287527205297,55.59287527205297,36
False,repeat_001::ep_77::line_77,ETG-only,sce-2m,sce2m_etg_run_0072,eval_run_0072_web_batch_20260622_141137,repeat_001,77,77,Win,True,51.0,51.0,3.0,51.0,0.0,10142,14,14,13,0,0.0,0,0.0,0,6,0.4285714285714285,0,0.0,0.0,0.0,0.0,0.0,0.0,0.0,0.0,0.0,0.0,0.0,0.0,0,0.0,0,0.0,0.0,0.0,0.0,0.0,0.0,0.0,0.0,0.0,0.0,0.0,0.2132000000004315,0,5340,C:\Users\Binich\PycharmProjects\PredictionRTS\output\learner_results\all_data\ETG-only\sce2m_etg_run_0072\final_eval\eval_run_0072_web_batch_20260622_141137,web_batch_20260622_141137,51.0,5,44.7,13.654835973183472,original_final_eval_subset_lower_mean_high_variation,57.0,57.0,4.69041575982343,55.59287527205297,55.59287527205297,37
False,repeat_001::ep_114::line_114,ETG-only,sce-2m,sce2m_etg_run_0072,eval_run_0072_web_batch_20260622_141137,repeat_001,114,114,Win,True,51.0,51.0,3.0,51.0,0.0,15066,14,14,14,0,0.0,0,0.0,0,3,0.2142857142857142,0,0.0,0.0,0.0,0.0,0.0,0.0,0.0,0.0,0.0,0.0,0.0,0.0,0,0.0,0,0.0,0.0,0.0,0.0,0.0,0.0,0.0,0.0,0.0,0.0,0.0,0.1962333333314821,0,11,C:\Users\Binich\PycharmProjects\PredictionRTS\output\learner_results\all_data\ETG-only\sce2m_etg_run_0072\final_eval\eval_run_0072_web_batch_20260622_141137,web_batch_20260622_141137,51.0,5,44.7,13.654835973183472,original_final_eval_subset_lower_mean_high_variation,57.0,57.0,4.69041575982343,55.59287527205297,55.59287527205297,38
False,repeat_001::ep_116::line_116,ETG-only,sce-2m,sce2m_etg_run_0072,eval_run_0072_web_batch_20260622_141137,repeat_001,116,116,Win,True,51.0,51.0,-3.0,51.0,0.0,15330,14,14,14,2,0.1428571428571428,0,0.0,0,5,0.3571428571428571,0,0.0,0.0,0.0,0.0,0.0,0.0,0.0,0.0,0.0,0.0,0.0,0.0,0,0.0,0,0.0,0.0,0.0,0.0,0.0,0.0,0.0,0.0,0.0,0.0,0.0,0.2435399999981768,0,11,C:\Users\Binich\PycharmProjects\PredictionRTS\output\learner_results\all_data\ETG-only\sce2m_etg_run_0072\final_eval\eval_run_0072_web_batch_20260622_141137,web_batch_20260622_141137,51.0,5,44.7,13.654835973183472,original_final_eval_subset_lower_mean_high_variation,57.0,57.0,4.69041575982343,55.59287527205297,55.59287527205297,39
False,repeat_001::ep_123::line_123,ETG-only,sce-2m,sce2m_etg_run_0072,eval_run_0072_web_batch_20260622_141137,repeat_001,123,123,Win,True,51.0,51.0,3.0,51.0,0.0,16254,14,14,14,1,0.0714285714285714,0,0.0,0,6,0.4285714285714285,0,0.0,0.0,0.0,0.0,0.0,0.0,0.0,0.0,0.0,0.0,0.0,0.0,0,0.0,0,0.0,0.0,0.0,0.0,0.0,0.0,0.0,0.0,0.0,0.0,0.0,0.2242500000022573,0,11,C:\Users\Binich\PycharmProjects\PredictionRTS\output\learner_results\all_data\ETG-only\sce2m_etg_run_0072\final_eval\eval_run_0072_web_batch_20260622_141137,web_batch_20260622_141137,51.0,5,44.7,13.654835973183472,original_final_eval_subset_lower_mean_high_variation,57.0,57.0,4.69041575982343,55.59287527205297,55.59287527205297,40
False,repeat_001::ep_133::line_133,ETG-only,sce-2m,sce2m_etg_run_0072,eval_run_0072_web_batch_20260622_141137,repeat_001,133,133,Win,True,51.0,51.0,-3.0,51.0,0.0,17574,14,14,14,2,0.1428571428571428,0,0.0,0,5,0.3571428571428571,0,0.0,0.0,0.0,0.0,0.0,0.0,0.0,0.0,0.0,0.0,0.0,0.0,0,0.0,0,0.0,0.0,0.0,0.0,0.0,0.0,0.0,0.0,0.0,0.0,0.0,0.188619999998707,0,11,C:\Users\Binich\PycharmProjects\PredictionRTS\output\learner_results\all_data\ETG-only\sce2m_etg_run_0072\final_eval\eval_run_0072_web_batch_20260622_141137,web_batch_20260622_141137,51.0,5,44.7,13.654835973183472,original_final_eval_subset_lower_mean_high_variation,57.0,57.0,4.69041575982343,55.59287527205297,55.59287527205297,41
False,repeat_001::ep_168::line_168,ETG-only,sce-2m,sce2m_etg_run_0072,eval_run_0072_web_batch_20260622_141137,repeat_001,168,168,Win,True,51.0,51.0,3.0,51.0,0.0,22234,14,14,13,0,0.0,0,0.0,0,6,0.4285714285714285,0,0.0,0.0,0.0,0.0,0.0,0.0,0.0,0.0,0.0,0.0,0.0,0.0,0,0.0,0,0.0,0.0,0.0,0.0,0.0,0.0,0.0,0.0,0.0,0.0,0.0,0.2250999999991639,0,5340,C:\Users\Binich\PycharmProjects\PredictionRTS\output\learner_results\all_data\ETG-only\sce2m_etg_run_0072\final_eval\eval_run_0072_web_batch_20260622_141137,web_batch_20260622_141137,51.0,5,44.7,13.654835973183472,original_final_eval_subset_lower_mean_high_variation,57.0,57.0,4.69041575982343,55.59287527205297,55.59287527205297,42
False,repeat_001::ep_194::line_194,ETG-only,sce-2m,sce2m_etg_run_0072,eval_run_0072_web_batch_20260622_141137,repeat_001,194,194,Win,True,51.0,51.0,3.0,51.0,0.0,25686,14,14,14,2,0.1428571428571428,0,0.0,0,5,0.3571428571428571,0,0.0,0.0,0.0,0.0,0.0,0.0,0.0,0.0,0.0,0.0,0.0,0.0,0,0.0,0,0.0,0.0,0.0,0.0,0.0,0.0,0.0,0.0,0.0,0.0,0.0,0.2093199999990247,0,11,C:\Users\Binich\PycharmProjects\PredictionRTS\output\learner_results\all_data\ETG-only\sce2m_etg_run_0072\final_eval\eval_run_0072_web_batch_20260622_141137,web_batch_20260622_141137,51.0,5,44.7,13.654835973183472,original_final_eval_subset_lower_mean_high_variation,57.0,57.0,4.69041575982343,55.59287527205297,55.59287527205297,43
False,repeat_001::ep_198::line_198,ETG-only,sce-2m,sce2m_etg_run_0072,eval_run_0072_web_batch_20260622_141137,repeat_001,198,198,Win,True,51.0,51.0,-3.0,51.0,0.0,26214,14,14,14,1,0.0714285714285714,0,0.0,0,6,0.4285714285714285,0,0.0,0.0,0.0,0.0,0.0,0.0,0.0,0.0,0.0,0.0,0.0,0.0,0,0.0,0,0.0,0.0,0.0,0.0,0.0,0.0,0.0,0.0,0.0,0.0,0.0,0.1825500000004846,0,11,C:\Users\Binich\PycharmProjects\PredictionRTS\output\learner_results\all_data\ETG-only\sce2m_etg_run_0072\final_eval\eval_run_0072_web_batch_20260622_141137,web_batch_20260622_141137,51.0,5,44.7,13.654835973183472,original_final_eval_subset_lower_mean_high_variation,57.0,57.0,4.69041575982343,55.59287527205297,55.59287527205297,44
False,repeat_001::ep_207::line_207,ETG-only,sce-2m,sce2m_etg_run_0072,eval_run_0072_web_batch_20260622_141137,repeat_001,207,207,Win,True,51.0,51.0,3.0,51.0,0.0,27402,14,14,13,0,0.0,0,0.0,0,6,0.4285714285714285,0,0.0,0.0,0.0,0.0,0.0,0.0,0.0,0.0,0.0,0.0,0.0,0.0,0,0.0,0,0.0,0.0,0.0,0.0,0.0,0.0,0.0,0.0,0.0,0.0,0.0,0.200016666669948,0,11,C:\Users\Binich\PycharmProjects\PredictionRTS\output\learner_results\all_data\ETG-only\sce2m_etg_run_0072\final_eval\eval_run_0072_web_batch_20260622_141137,web_batch_20260622_141137,51.0,5,44.7,13.654835973183472,original_final_eval_subset_lower_mean_high_variation,57.0,57.0,4.69041575982343,55.59287527205297,55.59287527205297,45
False,repeat_001::ep_219::line_219,ETG-only,sce-2m,sce2m_etg_run_0072,eval_run_0072_web_batch_20260622_141137,repeat_001,219,219,Win,True,51.0,51.0,-3.0,51.0,0.0,29006,14,14,14,1,0.0714285714285714,0,0.0,0,7,0.5,0,0.0,0.0,0.0,0.0,0.0,0.0,0.0,0.0,0.0,0.0,0.0,0.0,0,0.0,0,0.0,0.0,0.0,0.0,0.0,0.0,0.0,0.0,0.0,0.0,0.0,0.2174142857132973,0,11,C:\Users\Binich\PycharmProjects\PredictionRTS\output\learner_results\all_data\ETG-only\sce2m_etg_run_0072\final_eval\eval_run_0072_web_batch_20260622_141137,web_batch_20260622_141137,51.0,6,44.7,13.654835973183472,original_final_eval_subset_lower_mean_high_variation,57.0,57.0,4.69041575982343,55.59287527205297,55.59287527205297,46
False,repeat_001::ep_227::line_227,ETG-only,sce-2m,sce2m_etg_run_0072,eval_run_0072_web_batch_20260622_141137,repeat_001,227,227,Win,True,51.0,51.0,-3.0,51.0,0.0,30062,14,14,14,0,0.0,0,0.0,0,5,0.3571428571428571,0,0.0,0.0,0.0,0.0,0.0,0.0,0.0,0.0,0.0,0.0,0.0,0.0,0,0.0,0,0.0,0.0,0.0,0.0,0.0,0.0,0.0,0.0,0.0,0.0,0.0,0.2628000000015618,0,5340,C:\Users\Binich\PycharmProjects\PredictionRTS\output\learner_results\all_data\ETG-only\sce2m_etg_run_0072\final_eval\eval_run_0072_web_batch_20260622_141137,web_batch_20260622_141137,51.0,6,44.7,13.654835973183472,original_final_eval_subset_lower_mean_high_variation,57.0,57.0,4.69041575982343,55.59287527205297,55.59287527205297,47
False,repeat_001::ep_234::line_234,ETG-only,sce-2m,sce2m_etg_run_0072,eval_run_0072_web_batch_20260622_141137,repeat_001,234,234,Win,True,51.0,51.0,3.0,51.0,0.0,31006,14,14,13,0,0.0,0,0.0,0,5,0.3571428571428571,0,0.0,0.0,0.0,0.0,0.0,0.0,0.0,0.0,0.0,0.0,0.0,0.0,0,0.0,0,0.0,0.0,0.0,0.0,0.0,0.0,0.0,0.0,0.0,0.0,0.0,0.2092599999997446,0,5340,C:\Users\Binich\PycharmProjects\PredictionRTS\output\learner_results\all_data\ETG-only\sce2m_etg_run_0072\final_eval\eval_run_0072_web_batch_20260622_141137,web_batch_20260622_141137,51.0,6,44.7,13.654835973183472,original_final_eval_subset_lower_mean_high_variation,57.0,57.0,4.69041575982343,55.59287527205297,55.59287527205297,48
False,repeat_001::ep_248::line_248,ETG-only,sce-2m,sce2m_etg_run_0072,eval_run_0072_web_batch_20260622_141137,repeat_001,248,248,Win,True,51.0,51.0,3.0,51.0,0.0,32854,14,14,14,1,0.0714285714285714,0,0.0,0,5,0.3571428571428571,0,0.0,0.0,0.0,0.0,0.0,0.0,0.0,0.0,0.0,0.0,0.0,0.0,0,0.0,0,0.0,0.0,0.0,0.0,0.0,0.0,0.0,0.0,0.0,0.0,0.0,0.1988600000018436,0,11,C:\Users\Binich\PycharmProjects\PredictionRTS\output\learner_results\all_data\ETG-only\sce2m_etg_run_0072\final_eval\eval_run_0072_web_batch_20260622_141137,web_batch_20260622_141137,51.0,6,44.7,13.654835973183472,original_final_eval_subset_lower_mean_high_variation,57.0,57.0,4.69041575982343,55.59287527205297,55.59287527205297,49
False,repeat_001::ep_264::line_264,ETG-only,sce-2m,sce2m_etg_run_0072,eval_run_0072_web_batch_20260622_141137,repeat_001,264,264,Win,True,51.0,51.0,-3.0,51.0,0.0,34966,14,14,14,1,0.0714285714285714,0,0.0,0,3,0.2142857142857142,0,0.0,0.0,0.0,0.0,0.0,0.0,0.0,0.0,0.0,0.0,0.0,0.0,0,0.0,0,0.0,0.0,0.0,0.0,0.0,0.0,0.0,0.0,0.0,0.0,0.0,0.2378666666658091,0,11,C:\Users\Binich\PycharmProjects\PredictionRTS\output\learner_results\all_data\ETG-only\sce2m_etg_run_0072\final_eval\eval_run_0072_web_batch_20260622_141137,web_batch_20260622_141137,51.0,6,44.7,13.654835973183472,original_final_eval_subset_lower_mean_high_variation,57.0,57.0,4.69041575982343,55.59287527205297,55.59287527205297,50
False,repeat_001::ep_271::line_271,ETG-only,sce-2m,sce2m_etg_run_0072,eval_run_0072_web_batch_20260622_141137,repeat_001,271,271,Win,True,51.0,51.0,3.0,51.0,0.0,35890,14,14,14,1,0.0714285714285714,0,0.0,0,5,0.3571428571428571,0,0.0,0.0,0.0,0.0,0.0,0.0,0.0,0.0,0.0,0.0,0.0,0.0,0,0.0,0,0.0,0.0,0.0,0.0,0.0,0.0,0.0,0.0,0.0,0.0,0.0,0.1768199999986563,0,11,C:\Users\Binich\PycharmProjects\PredictionRTS\output\learner_results\all_data\ETG-only\sce2m_etg_run_0072\final_eval\eval_run_0072_web_batch_20260622_141137,web_batch_20260622_141137,51.0,6,44.7,13.654835973183472,original_final_eval_subset_lower_mean_high_variation,57.0,57.0,4.69041575982343,55.59287527205297,55.59287527205297,51
False,repeat_001::ep_287::line_287,ETG-only,sce-2m,sce2m_etg_run_0072,eval_run_0072_web_batch_20260622_141137,repeat_001,287,287,Win,True,51.0,51.0,-3.0,51.0,0.0,38002,14,14,14,0,0.0,0,0.0,0,5,0.3571428571428571,0,0.0,0.0,0.0,0.0,0.0,0.0,0.0,0.0,0.0,0.0,0.0,0.0,0,0.0,0,0.0,0.0,0.0,0.0,0.0,0.0,0.0,0.0,0.0,0.0,0.0,0.1747800000032384,0,5340,C:\Users\Binich\PycharmProjects\PredictionRTS\output\learner_results\all_data\ETG-only\sce2m_etg_run_0072\final_eval\eval_run_0072_web_batch_20260622_141137,web_batch_20260622_141137,51.0,6,44.7,13.654835973183472,original_final_eval_subset_lower_mean_high_variation,57.0,57.0,4.69041575982343,55.59287527205297,55.59287527205297,52
False,repeat_001::ep_75::line_75,ETG-only,sce-2m,sce2m_etg_run_0072,eval_run_0072_web_batch_20260622_141137,repeat_001,75,75,Win,True,48.0,48.0,0.0,48.0,0.0,9868,14,14,13,1,0.0714285714285714,0,0.0,0,5,0.3571428571428571,0,0.0,0.0,0.0,0.0,0.0,0.0,0.0,0.0,0.0,0.0,0.0,0.0,0,0.0,0,0.0,0.0,0.0,0.0,0.0,0.0,0.0,0.0,0.0,0.0,0.0,0.2116799999996033,0,1978,C:\Users\Binich\PycharmProjects\PredictionRTS\output\learner_results\all_data\ETG-only\sce2m_etg_run_0072\final_eval\eval_run_0072_web_batch_20260622_141137,web_batch_20260622_141137,48.0,4,44.7,13.654835973183472,original_final_eval_subset_lower_mean_high_variation,57.0,57.0,4.69041575982343,55.59287527205297,55.59287527205297,53
False,repeat_001::ep_101::line_101,ETG-only,sce-2m,sce2m_etg_run_0072,eval_run_0072_web_batch_20260622_141137,repeat_001,101,101,Win,True,48.0,48.0,0.0,48.0,0.0,13310,14,14,14,0,0.0,0,0.0,0,6,0.4285714285714285,0,0.0,0.0,0.0,0.0,0.0,0.0,0.0,0.0,0.0,0.0,0.0,0.0,0,0.0,0,0.0,0.0,0.0,0.0,0.0,0.0,0.0,0.0,0.0,0.0,0.0,0.2078000000006833,0,1978,C:\Users\Binich\PycharmProjects\PredictionRTS\output\learner_results\all_data\ETG-only\sce2m_etg_run_0072\final_eval\eval_run_0072_web_batch_20260622_141137,web_batch_20260622_141137,48.0,4,44.7,13.654835973183472,original_final_eval_subset_lower_mean_high_variation,57.0,57.0,4.69041575982343,55.59287527205297,55.59287527205297,54
False,repeat_001::ep_115::line_115,ETG-only,sce-2m,sce2m_etg_run_0072,eval_run_0072_web_batch_20260622_141137,repeat_001,115,115,Win,True,48.0,48.0,0.0,48.0,0.0,15198,14,14,14,1,0.0714285714285714,0,0.0,0,5,0.3571428571428571,0,0.0,0.0,0.0,0.0,0.0,0.0,0.0,0.0,0.0,0.0,0.0,0.0,0,0.0,0,0.0,0.0,0.0,0.0,0.0,0.0,0.0,0.0,0.0,0.0,0.0,0.2732799999975555,0,1978,C:\Users\Binich\PycharmProjects\PredictionRTS\output\learner_results\all_data\ETG-only\sce2m_etg_run_0072\final_eval\eval_run_0072_web_batch_20260622_141137,web_batch_20260622_141137,48.0,4,44.7,13.654835973183472,original_final_eval_subset_lower_mean_high_variation,57.0,57.0,4.69041575982343,55.59287527205297,55.59287527205297,55
False,repeat_001::ep_126::line_126,ETG-only,sce-2m,sce2m_etg_run_0072,eval_run_0072_web_batch_20260622_141137,repeat_001,126,126,Win,True,48.0,48.0,3.0,48.0,0.0,16650,14,14,13,1,0.0714285714285714,0,0.0,0,3,0.2142857142857142,0,0.0,0.0,0.0,0.0,0.0,0.0,0.0,0.0,0.0,0.0,0.0,0.0,0,0.0,0,0.0,0.0,0.0,0.0,0.0,0.0,0.0,0.0,0.0,0.0,0.0,0.1974666666673859,0,1978,C:\Users\Binich\PycharmProjects\PredictionRTS\output\learner_results\all_data\ETG-only\sce2m_etg_run_0072\final_eval\eval_run_0072_web_batch_20260622_141137,web_batch_20260622_141137,48.0,4,44.7,13.654835973183472,original_final_eval_subset_lower_mean_high_variation,57.0,57.0,4.69041575982343,55.59287527205297,55.59287527205297,56
False,repeat_001::ep_127::line_127,ETG-only,sce-2m,sce2m_etg_run_0072,eval_run_0072_web_batch_20260622_141137,repeat_001,127,127,Win,True,48.0,48.0,0.0,48.0,0.0,16782,14,14,14,0,0.0,0,0.0,0,5,0.3571428571428571,0,0.0,0.0,0.0,0.0,0.0,0.0,0.0,0.0,0.0,0.0,0.0,0.0,0,0.0,0,0.0,0.0,0.0,0.0,0.0,0.0,0.0,0.0,0.0,0.0,0.0,0.2285400000019422,0,1978,C:\Users\Binich\PycharmProjects\PredictionRTS\output\learner_results\all_data\ETG-only\sce2m_etg_run_0072\final_eval\eval_run_0072_web_batch_20260622_141137,web_batch_20260622_141137,48.0,4,44.7,13.654835973183472,original_final_eval_subset_lower_mean_high_variation,57.0,57.0,4.69041575982343,55.59287527205297,55.59287527205297,57
False,repeat_001::ep_13::line_13,ETG-only,sce-2m,sce2m_etg_run_0072,eval_run_0072_web_batch_20260622_141137,repeat_001,13,13,Win,True,45.0,45.0,-3.0,45.0,0.0,1704,14,14,14,1,0.0714285714285714,0,0.0,0,4,0.2857142857142857,0,0.0,0.0,0.0,0.0,0.0,0.0,0.0,0.0,0.0,0.0,0.0,0.0,0,0.0,0,0.0,0.0,0.0,0.0,0.0,0.0,0.0,0.0,0.0,0.0,0.0,0.1974750000002245,0,11,C:\Users\Binich\PycharmProjects\PredictionRTS\output\learner_results\all_data\ETG-only\sce2m_etg_run_0072\final_eval\eval_run_0072_web_batch_20260622_141137,web_batch_20260622_141137,45.0,3,44.7,13.654835973183472,original_final_eval_subset_lower_mean_high_variation,57.0,57.0,4.69041575982343,55.59287527205297,55.59287527205297,58
False,repeat_001::ep_46::line_46,ETG-only,sce-2m,sce2m_etg_run_0072,eval_run_0072_web_batch_20260622_141137,repeat_001,46,46,Win,True,45.0,45.0,3.0,45.0,0.0,6030,14,14,14,1,0.0714285714285714,0,0.0,0,4,0.2857142857142857,0,0.0,0.0,0.0,0.0,0.0,0.0,0.0,0.0,0.0,0.0,0.0,0.0,0,0.0,0,0.0,0.0,0.0,0.0,0.0,0.0,0.0,0.0,0.0,0.0,0.0,0.1899249999999241,0,11,C:\Users\Binich\PycharmProjects\PredictionRTS\output\learner_results\all_data\ETG-only\sce2m_etg_run_0072\final_eval\eval_run_0072_web_batch_20260622_141137,web_batch_20260622_141137,45.0,4,44.7,13.654835973183472,original_final_eval_subset_lower_mean_high_variation,57.0,57.0,4.69041575982343,55.59287527205297,55.59287527205297,59
False,repeat_001::ep_108::line_108,ETG-only,sce-2m,sce2m_etg_run_0072,eval_run_0072_web_batch_20260622_141137,repeat_001,108,108,Win,True,45.0,45.0,-3.0,45.0,0.0,14254,14,14,13,1,0.0714285714285714,0,0.0,0,5,0.3571428571428571,0,0.0,0.0,0.0,0.0,0.0,0.0,0.0,0.0,0.0,0.0,0.0,0.0,0,0.0,0,0.0,0.0,0.0,0.0,0.0,0.0,0.0,0.0,0.0,0.0,0.0,0.2241999999981203,0,11,C:\Users\Binich\PycharmProjects\PredictionRTS\output\learner_results\all_data\ETG-only\sce2m_etg_run_0072\final_eval\eval_run_0072_web_batch_20260622_141137,web_batch_20260622_141137,45.0,4,44.7,13.654835973183472,original_final_eval_subset_lower_mean_high_variation,57.0,57.0,4.69041575982343,55.59287527205297,55.59287527205297,60
False,repeat_001::ep_216::line_216,ETG-only,sce-2m,sce2m_etg_run_0072,eval_run_0072_web_batch_20260622_141137,repeat_001,216,216,Win,True,45.0,45.0,-3.0,45.0,0.0,28600,14,14,13,1,0.0714285714285714,0,0.0,0,3,0.2142857142857142,0,0.0,0.0,0.0,0.0,0.0,0.0,0.0,0.0,0.0,0.0,0.0,0.0,0,0.0,0,0.0,0.0,0.0,0.0,0.0,0.0,0.0,0.0,0.0,0.0,0.0,0.2103666666665541,0,11,C:\Users\Binich\PycharmProjects\PredictionRTS\output\learner_results\all_data\ETG-only\sce2m_etg_run_0072\final_eval\eval_run_0072_web_batch_20260622_141137,web_batch_20260622_141137,45.0,4,44.7,13.654835973183472,original_final_eval_subset_lower_mean_high_variation,57.0,57.0,4.69041575982343,55.59287527205297,55.59287527205297,61
False,repeat_001::ep_14::line_14,ETG-only,sce-2m,sce2m_etg_run_0072,eval_run_0072_web_batch_20260622_141137,repeat_001,14,14,Win,True,42.0,42.0,0.0,42.0,0.0,1836,14,14,13,0,0.0,0,0.0,0,7,0.5,0,0.0,0.0,0.0,0.0,0.0,0.0,0.0,0.0,0.0,0.0,0.0,0.0,0,0.0,0,0.0,0.0,0.0,0.0,0.0,0.0,0.0,0.0,0.0,0.0,0.0,0.1983571428567643,0,5282,C:\Users\Binich\PycharmProjects\PredictionRTS\output\learner_results\all_data\ETG-only\sce2m_etg_run_0072\final_eval\eval_run_0072_web_batch_20260622_141137,web_batch_20260622_141137,42.0,3,44.7,13.654835973183472,original_final_eval_subset_lower_mean_high_variation,57.0,57.0,4.69041575982343,55.59287527205297,55.59287527205297,62
False,repeat_001::ep_39::line_39,ETG-only,sce-2m,sce2m_etg_run_0072,eval_run_0072_web_batch_20260622_141137,repeat_001,39,39,Win,True,42.0,42.0,9.0,42.0,0.0,5106,14,14,14,1,0.0714285714285714,0,0.0,0,4,0.2857142857142857,0,0.0,0.0,0.0,0.0,0.0,0.0,0.0,0.0,0.0,0.0,0.0,0.0,0,0.0,0,0.0,0.0,0.0,0.0,0.0,0.0,0.0,0.0,0.0,0.0,0.0,0.2010249999999658,0,1978,C:\Users\Binich\PycharmProjects\PredictionRTS\output\learner_results\all_data\ETG-only\sce2m_etg_run_0072\final_eval\eval_run_0072_web_batch_20260622_141137,web_batch_20260622_141137,42.0,3,44.7,13.654835973183472,original_final_eval_subset_lower_mean_high_variation,57.0,57.0,4.69041575982343,55.59287527205297,55.59287527205297,63
False,repeat_001::ep_111::line_111,ETG-only,sce-2m,sce2m_etg_run_0072,eval_run_0072_web_batch_20260622_141137,repeat_001,111,111,Win,True,42.0,42.0,3.0,42.0,0.0,14670,16,16,15,0,0.0,0,0.0,0,6,0.375,0,0.0,0.0,0.0,0.0,0.0,0.0,0.0,0.0,0.0,0.0,0.0,0.0,0,0.0,0,0.0,0.0,0.0,0.0,0.0,0.0,0.0,0.0,0.0,0.0,0.0,0.2093333333341718,0,1978,C:\Users\Binich\PycharmProjects\PredictionRTS\output\learner_results\all_data\ETG-only\sce2m_etg_run_0072\final_eval\eval_run_0072_web_batch_20260622_141137,web_batch_20260622_141137,42.0,3,44.7,13.654835973183472,original_final_eval_subset_lower_mean_high_variation,57.0,57.0,4.69041575982343,55.59287527205297,55.59287527205297,64
False,repeat_001::ep_213::line_213,ETG-only,sce-2m,sce2m_etg_run_0072,eval_run_0072_web_batch_20260622_141137,repeat_001,213,213,Win,True,42.0,42.0,3.0,42.0,0.0,28214,15,15,13,1,0.0666666666666666,0,0.0,0,6,0.4,0,0.0,0.0,0.0,0.0,0.0,0.0,0.0,0.0,0.0,0.0,0.0,0.0,0,0.0,0,0.0,0.0,0.0,0.0,0.0,0.0,0.0,0.0,0.0,0.0,0.0,0.1857000000005844,0,5282,C:\Users\Binich\PycharmProjects\PredictionRTS\output\learner_results\all_data\ETG-only\sce2m_etg_run_0072\final_eval\eval_run_0072_web_batch_20260622_141137,web_batch_20260622_141137,42.0,3,44.7,13.654835973183472,original_final_eval_subset_lower_mean_high_variation,57.0,57.0,4.69041575982343,55.59287527205297,55.59287527205297,65
False,repeat_001::ep_250::line_250,ETG-only,sce-2m,sce2m_etg_run_0072,eval_run_0072_web_batch_20260622_141137,repeat_001,250,250,Win,True,42.0,42.0,3.0,42.0,0.0,33128,15,15,15,0,0.0,0,0.0,0,6,0.4,0,0.0,0.0,0.0,0.0,0.0,0.0,0.0,0.0,0.0,0.0,0.0,0.0,0,0.0,0,0.0,0.0,0.0,0.0,0.0,0.0,0.0,0.0,0.0,0.0,0.0,0.18548333333257,0,5282,C:\Users\Binich\PycharmProjects\PredictionRTS\output\learner_results\all_data\ETG-only\sce2m_etg_run_0072\final_eval\eval_run_0072_web_batch_20260622_141137,web_batch_20260622_141137,42.0,3,44.7,13.654835973183472,original_final_eval_subset_lower_mean_high_variation,57.0,57.0,4.69041575982343,55.59287527205297,55.59287527205297,66
False,repeat_001::ep_88::line_88,ETG-only,sce-2m,sce2m_etg_run_0072,eval_run_0072_web_batch_20260622_141137,repeat_001,88,88,Win,True,39.0,39.0,-3.0,39.0,0.0,11604,14,14,13,3,0.2142857142857142,0,0.0,0,3,0.2142857142857142,0,0.0,0.0,0.0,0.0,0.0,0.0,0.0,0.0,0.0,0.0,0.0,0.0,0,0.0,0,0.0,0.0,0.0,0.0,0.0,0.0,0.0,0.0,0.0,0.0,0.0,0.2136666666660384,0,5340,C:\Users\Binich\PycharmProjects\PredictionRTS\output\learner_results\all_data\ETG-only\sce2m_etg_run_0072\final_eval\eval_run_0072_web_batch_20260622_141137,web_batch_20260622_141137,39.0,3,44.7,13.654835973183472,original_final_eval_subset_lower_mean_high_variation,57.0,57.0,4.69041575982343,55.59287527205297,55.59287527205297,67
False,repeat_001::ep_193::line_193,ETG-only,sce-2m,sce2m_etg_run_0072,eval_run_0072_web_batch_20260622_141137,repeat_001,193,193,Win,True,39.0,39.0,-3.0,39.0,0.0,25554,14,14,14,1,0.0714285714285714,0,0.0,0,6,0.4285714285714285,0,0.0,0.0,0.0,0.0,0.0,0.0,0.0,0.0,0.0,0.0,0.0,0.0,0,0.0,0,0.0,0.0,0.0,0.0,0.0,0.0,0.0,0.0,0.0,0.0,0.0,0.1899333333324667,0,11,C:\Users\Binich\PycharmProjects\PredictionRTS\output\learner_results\all_data\ETG-only\sce2m_etg_run_0072\final_eval\eval_run_0072_web_batch_20260622_141137,web_batch_20260622_141137,39.0,3,44.7,13.654835973183472,original_final_eval_subset_lower_mean_high_variation,57.0,57.0,4.69041575982343,55.59287527205297,55.59287527205297,68
False,repeat_001::ep_30::line_30,ETG-only,sce-2m,sce2m_etg_run_0072,eval_run_0072_web_batch_20260622_141137,repeat_001,30,30,Win,True,36.0,36.0,3.0,36.0,0.0,3928,14,14,14,2,0.1428571428571428,0,0.0,0,5,0.3571428571428571,0,0.0,0.0,0.0,0.0,0.0,0.0,0.0,0.0,0.0,0.0,0.0,0.0,0,0.0,0,0.0,0.0,0.0,0.0,0.0,0.0,0.0,0.0,0.0,0.0,0.0,0.2895999999999787,0,5282,C:\Users\Binich\PycharmProjects\PredictionRTS\output\learner_results\all_data\ETG-only\sce2m_etg_run_0072\final_eval\eval_run_0072_web_batch_20260622_141137,web_batch_20260622_141137,36.0,2,44.7,13.654835973183472,original_final_eval_subset_lower_mean_high_variation,57.0,57.0,4.69041575982343,55.59287527205297,55.59287527205297,69
False,repeat_001::ep_50::line_50,ETG-only,sce-2m,sce2m_etg_run_0072,eval_run_0072_web_batch_20260622_141137,repeat_001,50,50,Win,True,36.0,36.0,3.0,36.0,0.0,6578,14,14,13,1,0.0714285714285714,0,0.0,0,5,0.3571428571428571,0,0.0,0.0,0.0,0.0,0.0,0.0,0.0,0.0,0.0,0.0,0.0,0.0,0,0.0,0,0.0,0.0,0.0,0.0,0.0,0.0,0.0,0.0,0.0,0.0,0.0,0.1928599999999392,0,5282,C:\Users\Binich\PycharmProjects\PredictionRTS\output\learner_results\all_data\ETG-only\sce2m_etg_run_0072\final_eval\eval_run_0072_web_batch_20260622_141137,web_batch_20260622_141137,36.0,2,44.7,13.654835973183472,original_final_eval_subset_lower_mean_high_variation,57.0,57.0,4.69041575982343,55.59287527205297,55.59287527205297,70
False,repeat_001::ep_79::line_79,ETG-only,sce-2m,sce2m_etg_run_0072,eval_run_0072_web_batch_20260622_141137,repeat_001,79,79,Win,True,36.0,36.0,3.0,36.0,0.0,10416,14,14,14,0,0.0,0,0.0,0,6,0.4285714285714285,0,0.0,0.0,0.0,0.0,0.0,0.0,0.0,0.0,0.0,0.0,0.0,0.0,0,0.0,0,0.0,0.0,0.0,0.0,0.0,0.0,0.0,0.0,0.0,0.0,0.0,0.2440333333340779,0,5282,C:\Users\Binich\PycharmProjects\PredictionRTS\output\learner_results\all_data\ETG-only\sce2m_etg_run_0072\final_eval\eval_run_0072_web_batch_20260622_141137,web_batch_20260622_141137,36.0,3,44.7,13.654835973183472,original_final_eval_subset_lower_mean_high_variation,57.0,57.0,4.69041575982343,55.59287527205297,55.59287527205297,71
False,repeat_001::ep_275::line_275,ETG-only,sce-2m,sce2m_etg_run_0072,eval_run_0072_web_batch_20260622_141137,repeat_001,275,275,Win,True,36.0,36.0,3.0,36.0,0.0,36418,14,14,13,0,0.0,0,0.0,0,6,0.4285714285714285,0,0.0,0.0,0.0,0.0,0.0,0.0,0.0,0.0,0.0,0.0,0.0,0.0,0,0.0,0,0.0,0.0,0.0,0.0,0.0,0.0,0.0,0.0,0.0,0.0,0.0,0.2428166666679961,0,5282,C:\Users\Binich\PycharmProjects\PredictionRTS\output\learner_results\all_data\ETG-only\sce2m_etg_run_0072\final_eval\eval_run_0072_web_batch_20260622_141137,web_batch_20260622_141137,36.0,3,44.7,13.654835973183472,original_final_eval_subset_lower_mean_high_variation,57.0,57.0,4.69041575982343,55.59287527205297,55.59287527205297,72
False,repeat_001::ep_83::line_83,ETG-only,sce-2m,sce2m_etg_run_0072,eval_run_0072_web_batch_20260622_141137,repeat_001,83,83,Win,True,33.0,33.0,-3.0,33.0,0.0,10944,14,14,14,1,0.0714285714285714,0,0.0,0,6,0.4285714285714285,0,0.0,0.0,0.0,0.0,0.0,0.0,0.0,0.0,0.0,0.0,0.0,0.0,0,0.0,0,0.0,0.0,0.0,0.0,0.0,0.0,0.0,0.0,0.0,0.0,0.0,0.2062833333328721,0,11,C:\Users\Binich\PycharmProjects\PredictionRTS\output\learner_results\all_data\ETG-only\sce2m_etg_run_0072\final_eval\eval_run_0072_web_batch_20260622_141137,web_batch_20260622_141137,33.0,2,44.7,13.654835973183472,original_final_eval_subset_lower_mean_high_variation,57.0,57.0,4.69041575982343,55.59287527205297,55.59287527205297,73
False,repeat_001::ep_92::line_92,ETG-only,sce-2m,sce2m_etg_run_0072,eval_run_0072_web_batch_20260622_141137,repeat_001,92,92,Win,True,33.0,33.0,-3.0,33.0,0.0,12152,14,14,14,1,0.0714285714285714,0,0.0,0,5,0.3571428571428571,0,0.0,0.0,0.0,0.0,0.0,0.0,0.0,0.0,0.0,0.0,0.0,0.0,0,0.0,0,0.0,0.0,0.0,0.0,0.0,0.0,0.0,0.0,0.0,0.0,0.0,0.1843400000005601,0,11,C:\Users\Binich\PycharmProjects\PredictionRTS\output\learner_results\all_data\ETG-only\sce2m_etg_run_0072\final_eval\eval_run_0072_web_batch_20260622_141137,web_batch_20260622_141137,33.0,2,44.7,13.654835973183472,original_final_eval_subset_lower_mean_high_variation,57.0,57.0,4.69041575982343,55.59287527205297,55.59287527205297,74
False,repeat_001::ep_237::line_237,ETG-only,sce-2m,sce2m_etg_run_0072,eval_run_0072_web_batch_20260622_141137,repeat_001,237,237,Win,True,33.0,33.0,3.0,33.0,0.0,31402,14,14,14,0,0.0,0,0.0,0,8,0.5714285714285714,0,0.0,0.0,0.0,0.0,0.0,0.0,0.0,0.0,0.0,0.0,0.0,0.0,0,0.0,0,0.0,0.0,0.0,0.0,0.0,0.0,0.0,0.0,0.0,0.0,0.0,0.1960999999992552,0,11,C:\Users\Binich\PycharmProjects\PredictionRTS\output\learner_results\all_data\ETG-only\sce2m_etg_run_0072\final_eval\eval_run_0072_web_batch_20260622_141137,web_batch_20260622_141137,33.0,2,44.7,13.654835973183472,original_final_eval_subset_lower_mean_high_variation,57.0,57.0,4.69041575982343,55.59287527205297,55.59287527205297,75
False,repeat_001::ep_283::line_283,ETG-only,sce-2m,sce2m_etg_run_0072,eval_run_0072_web_batch_20260622_141137,repeat_001,283,283,Win,True,33.0,33.0,3.0,33.0,0.0,37474,14,14,14,2,0.1428571428571428,0,0.0,0,7,0.5,0,0.0,0.0,0.0,0.0,0.0,0.0,0.0,0.0,0.0,0.0,0.0,0.0,0,0.0,0,0.0,0.0,0.0,0.0,0.0,0.0,0.0,0.0,0.0,0.0,0.0,0.2071428571436432,0,11,C:\Users\Binich\PycharmProjects\PredictionRTS\output\learner_results\all_data\ETG-only\sce2m_etg_run_0072\final_eval\eval_run_0072_web_batch_20260622_141137,web_batch_20260622_141137,33.0,2,44.7,13.654835973183472,original_final_eval_subset_lower_mean_high_variation,57.0,57.0,4.69041575982343,55.59287527205297,55.59287527205297,76
False,repeat_001::ep_300::line_300,ETG-only,sce-2m,sce2m_etg_run_0072,eval_run_0072_web_batch_20260622_141137,repeat_001,300,300,Win,True,33.0,33.0,3.0,33.0,0.0,39698,14,14,14,1,0.0714285714285714,0,0.0,0,8,0.5714285714285714,0,0.0,0.0,0.0,0.0,0.0,0.0,0.0,0.0,0.0,0.0,0.0,0.0,0,0.0,0,0.0,0.0,0.0,0.0,0.0,0.0,0.0,0.0,0.0,0.0,0.0,0.2088999999987351,0,2254,C:\Users\Binich\PycharmProjects\PredictionRTS\output\learner_results\all_data\ETG-only\sce2m_etg_run_0072\final_eval\eval_run_0072_web_batch_20260622_141137,web_batch_20260622_141137,33.0,2,44.7,13.654835973183472,original_final_eval_subset_lower_mean_high_variation,57.0,57.0,4.69041575982343,55.59287527205297,55.59287527205297,77
False,repeat_001::ep_178::line_178,ETG-only,sce-2m,sce2m_etg_run_0072,eval_run_0072_web_batch_20260622_141137,repeat_001,178,178,Win,True,30.0,30.0,3.0,30.0,0.0,23554,14,14,14,0,0.0,0,0.0,0,8,0.5714285714285714,0,0.0,0.0,0.0,0.0,0.0,0.0,0.0,0.0,0.0,0.0,0.0,0.0,0,0.0,0,0.0,0.0,0.0,0.0,0.0,0.0,0.0,0.0,0.0,0.0,0.0,0.2459249999997581,0,5282,C:\Users\Binich\PycharmProjects\PredictionRTS\output\learner_results\all_data\ETG-only\sce2m_etg_run_0072\final_eval\eval_run_0072_web_batch_20260622_141137,web_batch_20260622_141137,30.0,2,44.7,13.654835973183472,original_final_eval_subset_lower_mean_high_variation,57.0,57.0,4.69041575982343,55.59287527205297,55.59287527205297,78
False,repeat_001::ep_222::line_222,ETG-only,sce-2m,sce2m_etg_run_0072,eval_run_0072_web_batch_20260622_141137,repeat_001,222,222,Win,True,30.0,30.0,3.0,30.0,0.0,29402,14,14,14,0,0.0,0,0.0,0,9,0.6428571428571429,0,0.0,0.0,0.0,0.0,0.0,0.0,0.0,0.0,0.0,0.0,0.0,0.0,0,0.0,0,0.0,0.0,0.0,0.0,0.0,0.0,0.0,0.0,0.0,0.0,0.0,0.2198444444445613,0,5282,C:\Users\Binich\PycharmProjects\PredictionRTS\output\learner_results\all_data\ETG-only\sce2m_etg_run_0072\final_eval\eval_run_0072_web_batch_20260622_141137,web_batch_20260622_141137,30.0,2,44.7,13.654835973183472,original_final_eval_subset_lower_mean_high_variation,57.0,57.0,4.69041575982343,55.59287527205297,55.59287527205297,79
False,repeat_001::ep_289::line_289,ETG-only,sce-2m,sce2m_etg_run_0072,eval_run_0072_web_batch_20260622_141137,repeat_001,289,289,Win,True,30.0,30.0,3.0,30.0,0.0,38266,14,14,14,0,0.0,0,0.0,0,8,0.5714285714285714,0,0.0,0.0,0.0,0.0,0.0,0.0,0.0,0.0,0.0,0.0,0.0,0.0,0,0.0,0,0.0,0.0,0.0,0.0,0.0,0.0,0.0,0.0,0.0,0.0,0.0,0.1722125000025443,0,5282,C:\Users\Binich\PycharmProjects\PredictionRTS\output\learner_results\all_data\ETG-only\sce2m_etg_run_0072\final_eval\eval_run_0072_web_batch_20260622_141137,web_batch_20260622_141137,30.0,2,44.7,13.654835973183472,original_final_eval_subset_lower_mean_high_variation,57.0,57.0,4.69041575982343,55.59287527205297,55.59287527205297,80
False,repeat_001::ep_33::line_33,ETG-only,sce-2m,sce2m_etg_run_0072,eval_run_0072_web_batch_20260622_141137,repeat_001,33,33,Win,True,27.0,27.0,12.0,27.0,0.0,4314,13,13,13,2,0.1538461538461538,0,0.0,0,6,0.4615384615384615,0,0.0,0.0,0.0,0.0,0.0,0.0,0.0,0.0,0.0,0.0,0.0,0.0,0,0.0,0,0.0,0.0,0.0,0.0,0.0,0.0,0.0,0.0,0.0,0.0,0.0,0.1960500000001512,0,11,C:\Users\Binich\PycharmProjects\PredictionRTS\output\learner_results\all_data\ETG-only\sce2m_etg_run_0072\final_eval\eval_run_0072_web_batch_20260622_141137,web_batch_20260622_141137,27.0,1,44.7,13.654835973183472,original_final_eval_subset_lower_mean_high_variation,57.0,57.0,4.69041575982343,55.59287527205297,55.59287527205297,81
False,repeat_001::ep_73::line_73,ETG-only,sce-2m,sce2m_etg_run_0072,eval_run_0072_web_batch_20260622_141137,repeat_001,73,73,Win,True,27.0,27.0,15.0,27.0,0.0,9604,13,13,13,1,0.0769230769230769,0,0.0,0,8,0.6153846153846154,0,0.0,0.0,0.0,0.0,0.0,0.0,0.0,0.0,0.0,0.0,0.0,0.0,0,0.0,0,0.0,0.0,0.0,0.0,0.0,0.0,0.0,0.0,0.0,0.0,0.0,0.2062499999992972,0,11,C:\Users\Binich\PycharmProjects\PredictionRTS\output\learner_results\all_data\ETG-only\sce2m_etg_run_0072\final_eval\eval_run_0072_web_batch_20260622_141137,web_batch_20260622_141137,27.0,1,44.7,13.654835973183472,original_final_eval_subset_lower_mean_high_variation,57.0,57.0,4.69041575982343,55.59287527205297,55.59287527205297,82
False,repeat_001::ep_122::line_122,ETG-only,sce-2m,sce2m_etg_run_0072,eval_run_0072_web_batch_20260622_141137,repeat_001,122,122,Win,True,27.0,27.0,3.0,27.0,0.0,16122,14,14,13,1,0.0714285714285714,0,0.0,0,8,0.5714285714285714,0,0.0,0.0,0.0,0.0,0.0,0.0,0.0,0.0,0.0,0.0,0.0,0.0,0,0.0,0,0.0,0.0,0.0,0.0,0.0,0.0,0.0,0.0,0.0,0.0,0.0,0.26937499999935,0,11,C:\Users\Binich\PycharmProjects\PredictionRTS\output\learner_results\all_data\ETG-only\sce2m_etg_run_0072\final_eval\eval_run_0072_web_batch_20260622_141137,web_batch_20260622_141137,27.0,1,44.7,13.654835973183472,original_final_eval_subset_lower_mean_high_variation,57.0,57.0,4.69041575982343,55.59287527205297,55.59287527205297,83
False,repeat_001::ep_150::line_150,ETG-only,sce-2m,sce2m_etg_run_0072,eval_run_0072_web_batch_20260622_141137,repeat_001,150,150,Win,True,27.0,27.0,3.0,27.0,0.0,19838,14,14,13,2,0.1428571428571428,0,0.0,0,7,0.5,0,0.0,0.0,0.0,0.0,0.0,0.0,0.0,0.0,0.0,0.0,0.0,0.0,0,0.0,0,0.0,0.0,0.0,0.0,0.0,0.0,0.0,0.0,0.0,0.0,0.0,0.2126999999987333,0,11,C:\Users\Binich\PycharmProjects\PredictionRTS\output\learner_results\all_data\ETG-only\sce2m_etg_run_0072\final_eval\eval_run_0072_web_batch_20260622_141137,web_batch_20260622_141137,27.0,1,44.7,13.654835973183472,original_final_eval_subset_lower_mean_high_variation,57.0,57.0,4.69041575982343,55.59287527205297,55.59287527205297,84
False,repeat_001::ep_154::line_154,ETG-only,sce-2m,sce2m_etg_run_0072,eval_run_0072_web_batch_20260622_141137,repeat_001,154,154,Win,True,27.0,27.0,3.0,27.0,0.0,20376,14,14,14,1,0.0714285714285714,0,0.0,0,8,0.5714285714285714,0,0.0,0.0,0.0,0.0,0.0,0.0,0.0,0.0,0.0,0.0,0.0,0.0,0,0.0,0,0.0,0.0,0.0,0.0,0.0,0.0,0.0,0.0,0.0,0.0,0.0,0.2315374999994901,0,2254,C:\Users\Binich\PycharmProjects\PredictionRTS\output\learner_results\all_data\ETG-only\sce2m_etg_run_0072\final_eval\eval_run_0072_web_batch_20260622_141137,web_batch_20260622_141137,27.0,1,44.7,13.654835973183472,original_final_eval_subset_lower_mean_high_variation,57.0,57.0,4.69041575982343,55.59287527205297,55.59287527205297,85
False,repeat_001::ep_2::line_2,ETG-only,sce-2m,sce2m_etg_run_0072,eval_run_0072_web_batch_20260622_141137,repeat_001,2,2,Win,True,24.0,24.0,0.0,24.0,0.0,262,14,14,14,0,0.0,0,0.0,0,9,0.6428571428571429,0,0.0,0.0,0.0,0.0,0.0,0.0,0.0,0.0,0.0,0.0,0.0,0.0,0,0.0,0,0.0,0.0,0.0,0.0,0.0,0.0,0.0,0.0,0.0,0.0,0.0,0.2058111111114474,0,33,C:\Users\Binich\PycharmProjects\PredictionRTS\output\learner_results\all_data\ETG-only\sce2m_etg_run_0072\final_eval\eval_run_0072_web_batch_20260622_141137,web_batch_20260622_141137,24.0,0,44.7,13.654835973183472,original_final_eval_subset_lower_mean_high_variation,57.0,57.0,4.69041575982343,55.59287527205297,55.59287527205297,86
False,repeat_001::ep_15::line_15,ETG-only,sce-2m,sce2m_etg_run_0072,eval_run_0072_web_batch_20260622_141137,repeat_001,15,15,Win,True,24.0,24.0,9.0,24.0,0.0,1968,14,14,14,0,0.0,0,0.0,0,9,0.6428571428571429,0,0.0,0.0,0.0,0.0,0.0,0.0,0.0,0.0,0.0,0.0,0.0,0.0,0,0.0,0,0.0,0.0,0.0,0.0,0.0,0.0,0.0,0.0,0.0,0.0,0.0,0.2002888888886408,0,5282,C:\Users\Binich\PycharmProjects\PredictionRTS\output\learner_results\all_data\ETG-only\sce2m_etg_run_0072\final_eval\eval_run_0072_web_batch_20260622_141137,web_batch_20260622_141137,24.0,0,44.7,13.654835973183472,original_final_eval_subset_lower_mean_high_variation,57.0,57.0,4.69041575982343,55.59287527205297,55.59287527205297,87
False,repeat_001::ep_48::line_48,ETG-only,sce-2m,sce2m_etg_run_0072,eval_run_0072_web_batch_20260622_141137,repeat_001,48,48,Win,True,24.0,24.0,3.0,24.0,0.0,6314,14,14,13,0,0.0,0,0.0,0,9,0.6428571428571429,0,0.0,0.0,0.0,0.0,0.0,0.0,0.0,0.0,0.0,0.0,0.0,0.0,0,0.0,0,0.0,0.0,0.0,0.0,0.0,0.0,0.0,0.0,0.0,0.0,0.0,0.1831888888889447,0,1066,C:\Users\Binich\PycharmProjects\PredictionRTS\output\learner_results\all_data\ETG-only\sce2m_etg_run_0072\final_eval\eval_run_0072_web_batch_20260622_141137,web_batch_20260622_141137,24.0,0,44.7,13.654835973183472,original_final_eval_subset_lower_mean_high_variation,57.0,57.0,4.69041575982343,55.59287527205297,55.59287527205297,88
False,repeat_001::ep_54::line_54,ETG-only,sce-2m,sce2m_etg_run_0072,eval_run_0072_web_batch_20260622_141137,repeat_001,54,54,Win,True,24.0,24.0,3.0,24.0,0.0,7106,14,14,14,0,0.0,0,0.0,0,9,0.6428571428571429,0,0.0,0.0,0.0,0.0,0.0,0.0,0.0,0.0,0.0,0.0,0.0,0.0,0,0.0,0,0.0,0.0,0.0,0.0,0.0,0.0,0.0,0.0,0.0,0.0,0.0,0.2136111111106231,0,1066,C:\Users\Binich\PycharmProjects\PredictionRTS\output\learner_results\all_data\ETG-only\sce2m_etg_run_0072\final_eval\eval_run_0072_web_batch_20260622_141137,web_batch_20260622_141137,24.0,0,44.7,13.654835973183472,original_final_eval_subset_lower_mean_high_variation,57.0,57.0,4.69041575982343,55.59287527205297,55.59287527205297,89
False,repeat_001::ep_188::line_188,ETG-only,sce-2m,sce2m_etg_run_0072,eval_run_0072_web_batch_20260622_141137,repeat_001,188,188,Win,True,24.0,24.0,9.0,24.0,0.0,24864,14,14,14,0,0.0,0,0.0,0,9,0.6428571428571429,0,0.0,0.0,0.0,0.0,0.0,0.0,0.0,0.0,0.0,0.0,0.0,0.0,0,0.0,0,0.0,0.0,0.0,0.0,0.0,0.0,0.0,0.0,0.0,0.0,0.0,0.2265777777776318,0,5282,C:\Users\Binich\PycharmProjects\PredictionRTS\output\learner_results\all_data\ETG-only\sce2m_etg_run_0072\final_eval\eval_run_0072_web_batch_20260622_141137,web_batch_20260622_141137,24.0,1,44.7,13.654835973183472,original_final_eval_subset_lower_mean_high_variation,57.0,57.0,4.69041575982343,55.59287527205297,55.59287527205297,90
False,repeat_001::ep_239::line_239,ETG-only,sce-2m,sce2m_etg_run_0072,eval_run_0072_web_batch_20260622_141137,repeat_001,239,239,Win,True,24.0,24.0,3.0,24.0,0.0,31656,14,14,14,0,0.0,0,0.0,0,6,0.4285714285714285,0,0.0,0.0,0.0,0.0,0.0,0.0,0.0,0.0,0.0,0.0,0.0,0.0,0,0.0,0,0.0,0.0,0.0,0.0,0.0,0.0,0.0,0.0,0.0,0.0,0.0,0.2337666666664498,0,33,C:\Users\Binich\PycharmProjects\PredictionRTS\output\learner_results\all_data\ETG-only\sce2m_etg_run_0072\final_eval\eval_run_0072_web_batch_20260622_141137,web_batch_20260622_141137,24.0,1,44.7,13.654835973183472,original_final_eval_subset_lower_mean_high_variation,57.0,57.0,4.69041575982343,55.59287527205297,55.59287527205297,91
False,repeat_001::ep_245::line_245,ETG-only,sce-2m,sce2m_etg_run_0072,eval_run_0072_web_batch_20260622_141137,repeat_001,245,245,Win,True,24.0,24.0,0.0,24.0,0.0,32458,14,14,14,0,0.0,0,0.0,0,8,0.5714285714285714,0,0.0,0.0,0.0,0.0,0.0,0.0,0.0,0.0,0.0,0.0,0.0,0.0,0,0.0,0,0.0,0.0,0.0,0.0,0.0,0.0,0.0,0.0,0.0,0.0,0.0,0.2394875000018004,0,33,C:\Users\Binich\PycharmProjects\PredictionRTS\output\learner_results\all_data\ETG-only\sce2m_etg_run_0072\final_eval\eval_run_0072_web_batch_20260622_141137,web_batch_20260622_141137,24.0,1,44.7,13.654835973183472,original_final_eval_subset_lower_mean_high_variation,57.0,57.0,4.69041575982343,55.59287527205297,55.59287527205297,92
False,repeat_001::ep_258::line_258,ETG-only,sce-2m,sce2m_etg_run_0072,eval_run_0072_web_batch_20260622_141137,repeat_001,258,258,Win,True,24.0,24.0,9.0,24.0,0.0,34184,14,14,14,0,0.0,0,0.0,0,9,0.6428571428571429,0,0.0,0.0,0.0,0.0,0.0,0.0,0.0,0.0,0.0,0.0,0.0,0.0,0,0.0,0,0.0,0.0,0.0,0.0,0.0,0.0,0.0,0.0,0.0,0.0,0.0,0.2153777777770137,0,5282,C:\Users\Binich\PycharmProjects\PredictionRTS\output\learner_results\all_data\ETG-only\sce2m_etg_run_0072\final_eval\eval_run_0072_web_batch_20260622_141137,web_batch_20260622_141137,24.0,1,44.7,13.654835973183472,original_final_eval_subset_lower_mean_high_variation,57.0,57.0,4.69041575982343,55.59287527205297,55.59287527205297,93
False,repeat_001::ep_267::line_267,ETG-only,sce-2m,sce2m_etg_run_0072,eval_run_0072_web_batch_20260622_141137,repeat_001,267,267,Win,True,24.0,24.0,0.0,24.0,0.0,35362,14,14,14,0,0.0,0,0.0,0,8,0.5714285714285714,0,0.0,0.0,0.0,0.0,0.0,0.0,0.0,0.0,0.0,0.0,0.0,0.0,0,0.0,0,0.0,0.0,0.0,0.0,0.0,0.0,0.0,0.0,0.0,0.0,0.0,0.1960000000007511,0,33,C:\Users\Binich\PycharmProjects\PredictionRTS\output\learner_results\all_data\ETG-only\sce2m_etg_run_0072\final_eval\eval_run_0072_web_batch_20260622_141137,web_batch_20260622_141137,24.0,1,44.7,13.654835973183472,original_final_eval_subset_lower_mean_high_variation,57.0,57.0,4.69041575982343,55.59287527205297,55.59287527205297,94
False,repeat_001::ep_35::line_35,ETG-only,sce-2m,sce2m_etg_run_0072,eval_run_0072_web_batch_20260622_141137,repeat_001,35,35,Win,True,21.0,21.0,-3.0,21.0,0.0,4578,14,14,14,0,0.0,0,0.0,0,7,0.5,0,0.0,0.0,0.0,0.0,0.0,0.0,0.0,0.0,0.0,0.0,0.0,0.0,0,0.0,0,0.0,0.0,0.0,0.0,0.0,0.0,0.0,0.0,0.0,0.0,0.0,0.1937285714284087,0,11,C:\Users\Binich\PycharmProjects\PredictionRTS\output\learner_results\all_data\ETG-only\sce2m_etg_run_0072\final_eval\eval_run_0072_web_batch_20260622_141137,web_batch_20260622_141137,21.0,0,44.7,13.654835973183472,original_final_eval_subset_lower_mean_high_variation,57.0,57.0,4.69041575982343,55.59287527205297,55.59287527205297,95
False,repeat_001::ep_134::line_134,ETG-only,sce-2m,sce2m_etg_run_0072,eval_run_0072_web_batch_20260622_141137,repeat_001,134,134,Win,True,21.0,21.0,-3.0,21.0,0.0,17706,14,14,14,1,0.0714285714285714,0,0.0,0,7,0.5,0,0.0,0.0,0.0,0.0,0.0,0.0,0.0,0.0,0.0,0.0,0.0,0.0,0,0.0,0,0.0,0.0,0.0,0.0,0.0,0.0,0.0,0.0,0.0,0.0,0.0,0.2117285714291483,0,11,C:\Users\Binich\PycharmProjects\PredictionRTS\output\learner_results\all_data\ETG-only\sce2m_etg_run_0072\final_eval\eval_run_0072_web_batch_20260622_141137,web_batch_20260622_141137,21.0,0,44.7,13.654835973183472,original_final_eval_subset_lower_mean_high_variation,57.0,57.0,4.69041575982343,55.59287527205297,55.59287527205297,96
False,repeat_001::ep_41::line_41,ETG-only,sce-2m,sce2m_etg_run_0072,eval_run_0072_web_batch_20260622_141137,repeat_001,41,41,Win,True,18.0,18.0,9.0,18.0,0.0,5370,14,14,14,0,0.0,0,0.0,0,7,0.5,0,0.0,0.0,0.0,0.0,0.0,0.0,0.0,0.0,0.0,0.0,0.0,0.0,0,0.0,0,0.0,0.0,0.0,0.0,0.0,0.0,0.0,0.0,0.0,0.0,0.0,0.1904571428568147,0,33,C:\Users\Binich\PycharmProjects\PredictionRTS\output\learner_results\all_data\ETG-only\sce2m_etg_run_0072\final_eval\eval_run_0072_web_batch_20260622_141137,web_batch_20260622_141137,18.0,0,44.7,13.654835973183472,original_final_eval_subset_lower_mean_high_variation,57.0,57.0,4.69041575982343,55.59287527205297,55.59287527205297,97
False,repeat_001::ep_218::line_218,ETG-only,sce-2m,sce2m_etg_run_0072,eval_run_0072_web_batch_20260622_141137,repeat_001,218,218,Win,True,18.0,18.0,3.0,18.0,0.0,28874,15,15,15,1,0.0666666666666666,0,0.0,0,6,0.4,0,0.0,0.0,0.0,0.0,0.0,0.0,0.0,0.0,0.0,0.0,0.0,0.0,0,0.0,0,0.0,0.0,0.0,0.0,0.0,0.0,0.0,0.0,0.0,0.0,0.0,0.1849500000001095,0,33,C:\Users\Binich\PycharmProjects\PredictionRTS\output\learner_results\all_data\ETG-only\sce2m_etg_run_0072\final_eval\eval_run_0072_web_batch_20260622_141137,web_batch_20260622_141137,18.0,0,44.7,13.654835973183472,original_final_eval_subset_lower_mean_high_variation,57.0,57.0,4.69041575982343,55.59287527205297,55.59287527205297,98
False,repeat_001::ep_249::line_249,ETG-only,sce-2m,sce2m_etg_run_0072,eval_run_0072_web_batch_20260622_141137,repeat_001,249,249,Win,True,18.0,18.0,9.0,18.0,0.0,32986,14,14,14,0,0.0,0,0.0,0,7,0.5,0,0.0,0.0,0.0,0.0,0.0,0.0,0.0,0.0,0.0,0.0,0.0,0.0,0,0.0,0,0.0,0.0,0.0,0.0,0.0,0.0,0.0,0.0,0.0,0.0,0.0,0.2324428571429036,0,33,C:\Users\Binich\PycharmProjects\PredictionRTS\output\learner_results\all_data\ETG-only\sce2m_etg_run_0072\final_eval\eval_run_0072_web_batch_20260622_141137,web_batch_20260622_141137,18.0,0,44.7,13.654835973183472,original_final_eval_subset_lower_mean_high_variation,57.0,57.0,4.69041575982343,55.59287527205297,55.59287527205297,99
False,repeat_001::ep_254::line_254,ETG-only,sce-2m,sce2m_etg_run_0072,eval_run_0072_web_batch_20260622_141137,repeat_001,254,254,Win,True,18.0,18.0,9.0,18.0,0.0,33656,14,14,14,0,0.0,0,0.0,0,8,0.5714285714285714,0,0.0,0.0,0.0,0.0,0.0,0.0,0.0,0.0,0.0,0.0,0.0,0.0,0,0.0,0,0.0,0.0,0.0,0.0,0.0,0.0,0.0,0.0,0.0,0.0,0.0,0.1996625000000307,0,33,C:\Users\Binich\PycharmProjects\PredictionRTS\output\learner_results\all_data\ETG-only\sce2m_etg_run_0072\final_eval\eval_run_0072_web_batch_20260622_141137,web_batch_20260622_141137,18.0,0,44.7,13.654835973183472,original_final_eval_subset_lower_mean_high_variation,57.0,57.0,4.69041575982343,55.59287527205297,55.59287527205297,100
False,repeat_001::ep_127::line_127,ETG-only,sce-3,sce3_etg_run_0070,eval_run_0070_web_batch_20260622_141137,repeat_001,127,127,Win,True,96.0,96.0,15.0,96.0,0.0,32242,29,29,28,27,0.9310344827586208,0,0.0,0,0,0.0,0,0.0,0.0,0.0,0.0,0.0,0.0,0.0,0.0,0.0,0.0,0.0,0.0,0,0.0,0,0.0,0.0,0.0,0.0,0.0,0.0,0.0,0.0,0.0,0.0,0.0,,0,ood:184563:79-63:agg:d0.500,C:\Users\Binich\PycharmProjects\PredictionRTS\output\learner_results\all_data\ETG-only\sce3_etg_run_0070\final_eval\eval_run_0070_web_batch_20260622_141137,web_batch_20260622_141137,96.0,9,55.02,17.980898956190355,original_final_eval_subset_lower_mean_high_variation,66.9,66.0,8.702141847112854,64.4,64.0,1
False,repeat_001::ep_133::line_133,ETG-only,sce-3,sce3_etg_run_0070,eval_run_0070_web_batch_20260622_141137,repeat_001,133,133,Win,True,87.0,87.0,9.0,87.0,0.0,34084,29,29,28,25,0.8620689655172413,0,0.0,0,0,0.0,0,0.0,0.0,0.0,0.0,0.0,0.0,0.0,0.0,0.0,0.0,0.0,0.0,0,0.0,0,0.0,0.0,0.0,0.0,0.0,0.0,0.0,0.0,0.0,0.0,0.0,,0,ood:200399:89-174:agg:d0.500,C:\Users\Binich\PycharmProjects\PredictionRTS\output\learner_results\all_data\ETG-only\sce3_etg_run_0070\final_eval\eval_run_0070_web_batch_20260622_141137,web_batch_20260622_141137,87.0,9,55.02,17.980898956190355,original_final_eval_subset_lower_mean_high_variation,66.9,66.0,8.702141847112854,64.4,64.0,2
False,repeat_001::ep_164::line_164,ETG-only,sce-3,sce3_etg_run_0070,eval_run_0070_web_batch_20260622_141137,repeat_001,164,164,Win,True,84.0,84.0,9.0,84.0,0.0,41706,25,25,24,21,0.84,0,0.0,0,1,0.04,0,0.0,0.0,0.0,0.0,0.0,0.0,0.0,0.0,0.0,0.0,0.0,0.0,0,0.0,0,0.0,0.0,0.0,0.0,0.0,0.0,0.0,0.0,0.0,0.0,0.0,0.2431999999998879,0,126067,C:\Users\Binich\PycharmProjects\PredictionRTS\output\learner_results\all_data\ETG-only\sce3_etg_run_0070\final_eval\eval_run_0070_web_batch_20260622_141137,web_batch_20260622_141137,84.0,9,55.02,17.980898956190355,original_final_eval_subset_lower_mean_high_variation,66.9,66.0,8.702141847112854,64.4,64.0,3
False,repeat_001::ep_299::line_299,ETG-only,sce-3,sce3_etg_run_0070,eval_run_0070_web_batch_20260622_141137,repeat_001,299,299,Win,True,84.0,84.0,3.0,84.0,0.0,76816,28,28,24,24,0.8571428571428571,0,0.0,0,0,0.0,0,0.0,0.0,0.0,0.0,0.0,0.0,0.0,0.0,0.0,0.0,0.0,0.0,0,0.0,0,0.0,0.0,0.0,0.0,0.0,0.0,0.0,0.0,0.0,0.0,0.0,,0,ood:167473:103-7:agg:d1.000,C:\Users\Binich\PycharmProjects\PredictionRTS\output\learner_results\all_data\ETG-only\sce3_etg_run_0070\final_eval\eval_run_0070_web_batch_20260622_141137,web_batch_20260622_141137,84.0,9,55.02,17.980898956190355,original_final_eval_subset_lower_mean_high_variation,66.9,66.0,8.702141847112854,64.4,64.0,4
False,repeat_001::ep_24::line_24,ETG-only,sce-3,sce3_etg_run_0070,eval_run_0070_web_batch_20260622_141137,repeat_001,24,24,Win,True,81.0,81.0,21.0,81.0,0.0,6336,25,25,24,22,0.88,0,0.0,0,0,0.0,0,0.0,0.0,0.0,0.0,0.0,0.0,0.0,0.0,0.0,0.0,0.0,0.0,0,0.0,0,0.0,0.0,0.0,0.0,0.0,0.0,0.0,0.0,0.0,0.0,0.0,,0,ood:136960:89-34:agg:d0.500,C:\Users\Binich\PycharmProjects\PredictionRTS\output\learner_results\all_data\ETG-only\sce3_etg_run_0070\final_eval\eval_run_0070_web_batch_20260622_141137,web_batch_20260622_141137,81.0,9,55.02,17.980898956190355,original_final_eval_subset_lower_mean_high_variation,66.9,66.0,8.702141847112854,64.4,64.0,5
False,repeat_001::ep_222::line_222,ETG-only,sce-3,sce3_etg_run_0070,eval_run_0070_web_batch_20260622_141137,repeat_001,222,222,Win,True,81.0,81.0,15.0,81.0,0.0,57242,25,25,22,23,0.92,0,0.0,0,0,0.0,0,0.0,0.0,0.0,0.0,0.0,0.0,0.0,0.0,0.0,0.0,0.0,0.0,0,0.0,0,0.0,0.0,0.0,0.0,0.0,0.0,0.0,0.0,0.0,0.0,0.0,,0,ood:204214:89-184:agg:d0.500,C:\Users\Binich\PycharmProjects\PredictionRTS\output\learner_results\all_data\ETG-only\sce3_etg_run_0070\final_eval\eval_run_0070_web_batch_20260622_141137,web_batch_20260622_141137,81.0,9,55.02,17.980898956190355,original_final_eval_subset_lower_mean_high_variation,66.9,66.0,8.702141847112854,64.4,64.0,6
False,repeat_001::ep_28::line_28,ETG-only,sce-3,sce3_etg_run_0070,eval_run_0070_web_batch_20260622_141137,repeat_001,28,28,Win,True,78.0,78.0,15.0,78.0,0.0,7324,25,25,22,23,0.92,0,0.0,0,1,0.04,0,0.0,0.0,0.0,0.0,0.0,0.0,0.0,0.0,0.0,0.0,0.0,0.0,0,0.0,0,0.0,0.0,0.0,0.0,0.0,0.0,0.0,0.0,0.0,0.0,0.0,0.2322999999933017,0,183488,C:\Users\Binich\PycharmProjects\PredictionRTS\output\learner_results\all_data\ETG-only\sce3_etg_run_0070\final_eval\eval_run_0070_web_batch_20260622_141137,web_batch_20260622_141137,78.0,9,55.02,17.980898956190355,original_final_eval_subset_lower_mean_high_variation,66.9,66.0,8.702141847112854,64.4,64.0,7
False,repeat_001::ep_231::line_231,ETG-only,sce-3,sce3_etg_run_0070,eval_run_0070_web_batch_20260622_141137,repeat_001,231,231,Win,True,78.0,78.0,3.0,78.0,0.0,59480,25,25,23,23,0.92,0,0.0,0,0,0.0,0,0.0,0.0,0.0,0.0,0.0,0.0,0.0,0.0,0.0,0.0,0.0,0.0,0,0.0,0,0.0,0.0,0.0,0.0,0.0,0.0,0.0,0.0,0.0,0.0,0.0,,0,ood:28653:103-2:agg:d0.500,C:\Users\Binich\PycharmProjects\PredictionRTS\output\learner_results\all_data\ETG-only\sce3_etg_run_0070\final_eval\eval_run_0070_web_batch_20260622_141137,web_batch_20260622_141137,78.0,9,55.02,17.980898956190355,original_final_eval_subset_lower_mean_high_variation,66.9,66.0,8.702141847112854,64.4,64.0,8
False,repeat_001::ep_58::line_58,ETG-only,sce-3,sce3_etg_run_0070,eval_run_0070_web_batch_20260622_141137,repeat_001,58,58,Win,True,75.0,75.0,9.0,75.0,0.0,14774,26,26,25,22,0.8461538461538461,0,0.0,0,1,0.0384615384615384,0,0.0,0.0,0.0,0.0,0.0,0.0,0.0,0.0,0.0,0.0,0.0,0.0,0,0.0,0,0.0,0.0,0.0,0.0,0.0,0.0,0.0,0.0,0.0,0.0,0.0,0.3707999999988942,0,197040,C:\Users\Binich\PycharmProjects\PredictionRTS\output\learner_results\all_data\ETG-only\sce3_etg_run_0070\final_eval\eval_run_0070_web_batch_20260622_141137,web_batch_20260622_141137,75.0,8,55.02,17.980898956190355,original_final_eval_subset_lower_mean_high_variation,66.9,66.0,8.702141847112854,64.4,64.0,9
False,repeat_001::ep_72::line_72,ETG-only,sce-3,sce3_etg_run_0070,eval_run_0070_web_batch_20260622_141137,repeat_001,72,72,Win,True,75.0,75.0,24.0,75.0,0.0,18182,23,23,22,20,0.8695652173913043,0,0.0,0,1,0.0434782608695652,0,0.0,0.0,0.0,0.0,0.0,0.0,0.0,0.0,0.0,0.0,0.0,0.0,0,0.0,0,0.0,0.0,0.0,0.0,0.0,0.0,0.0,0.0,0.0,0.0,0.0,0.3377000000028829,0,183670,C:\Users\Binich\PycharmProjects\PredictionRTS\output\learner_results\all_data\ETG-only\sce3_etg_run_0070\final_eval\eval_run_0070_web_batch_20260622_141137,web_batch_20260622_141137,75.0,8,55.02,17.980898956190355,original_final_eval_subset_lower_mean_high_variation,66.9,66.0,8.702141847112854,64.4,64.0,10
False,repeat_001::ep_134::line_134,ETG-only,sce-3,sce3_etg_run_0070,eval_run_0070_web_batch_20260622_141137,repeat_001,134,134,Win,True,75.0,75.0,27.0,75.0,0.0,34316,24,24,21,20,0.8333333333333334,0,0.0,0,1,0.0416666666666666,0,0.0,0.0,0.0,0.0,0.0,0.0,0.0,0.0,0.0,0.0,0.0,0.0,0,0.0,0,0.0,0.0,0.0,0.0,0.0,0.0,0.0,0.0,0.0,0.0,0.0,0.1967999999976655,0,172891,C:\Users\Binich\PycharmProjects\PredictionRTS\output\learner_results\all_data\ETG-only\sce3_etg_run_0070\final_eval\eval_run_0070_web_batch_20260622_141137,web_batch_20260622_141137,75.0,8,55.02,17.980898956190355,original_final_eval_subset_lower_mean_high_variation,66.9,66.0,8.702141847112854,64.4,64.0,11
False,repeat_001::ep_254::line_254,ETG-only,sce-3,sce3_etg_run_0070,eval_run_0070_web_batch_20260622_141137,repeat_001,254,254,Win,True,75.0,75.0,9.0,75.0,0.0,65146,25,25,23,19,0.76,0,0.0,0,1,0.04,0,0.0,0.0,0.0,0.0,0.0,0.0,0.0,0.0,0.0,0.0,0.0,0.0,0,0.0,0,0.0,0.0,0.0,0.0,0.0,0.0,0.0,0.0,0.0,0.0,0.0,0.195700000006127,0,99373,C:\Users\Binich\PycharmProjects\PredictionRTS\output\learner_results\all_data\ETG-only\sce3_etg_run_0070\final_eval\eval_run_0070_web_batch_20260622_141137,web_batch_20260622_141137,75.0,8,55.02,17.980898956190355,original_final_eval_subset_lower_mean_high_variation,66.9,66.0,8.702141847112854,64.4,64.0,12
False,repeat_001::ep_286::line_286,ETG-only,sce-3,sce3_etg_run_0070,eval_run_0070_web_batch_20260622_141137,repeat_001,286,286,Win,True,75.0,75.0,3.0,75.0,0.0,73280,25,25,24,21,0.84,0,0.0,0,1,0.04,0,0.0,0.0,0.0,0.0,0.0,0.0,0.0,0.0,0.0,0.0,0.0,0.0,0,0.0,0,0.0,0.0,0.0,0.0,0.0,0.0,0.0,0.0,0.0,0.0,0.0,0.1761999999985164,0,172373,C:\Users\Binich\PycharmProjects\PredictionRTS\output\learner_results\all_data\ETG-only\sce3_etg_run_0070\final_eval\eval_run_0070_web_batch_20260622_141137,web_batch_20260622_141137,75.0,8,55.02,17.980898956190355,original_final_eval_subset_lower_mean_high_variation,66.9,66.0,8.702141847112854,64.4,64.0,13
False,repeat_001::ep_287::line_287,ETG-only,sce-3,sce3_etg_run_0070,eval_run_0070_web_batch_20260622_141137,repeat_001,287,287,Win,True,75.0,75.0,3.0,75.0,0.0,73522,25,25,21,24,0.96,0,0.0,0,0,0.0,0,0.0,0.0,0.0,0.0,0.0,0.0,0.0,0.0,0.0,0.0,0.0,0.0,0,0.0,0,0.0,0.0,0.0,0.0,0.0,0.0,0.0,0.0,0.0,0.0,0.0,,0,ood:196131:332-1:agg:d1.500,C:\Users\Binich\PycharmProjects\PredictionRTS\output\learner_results\all_data\ETG-only\sce3_etg_run_0070\final_eval\eval_run_0070_web_batch_20260622_141137,web_batch_20260622_141137,75.0,9,55.02,17.980898956190355,original_final_eval_subset_lower_mean_high_variation,66.9,66.0,8.702141847112854,64.4,64.0,14
False,repeat_001::ep_297::line_297,ETG-only,sce-3,sce3_etg_run_0070,eval_run_0070_web_batch_20260622_141137,repeat_001,297,297,Win,True,75.0,75.0,9.0,75.0,0.0,76262,25,25,23,21,0.84,0,0.0,0,1,0.04,0,0.0,0.0,0.0,0.0,0.0,0.0,0.0,0.0,0.0,0.0,0.0,0.0,0,0.0,0,0.0,0.0,0.0,0.0,0.0,0.0,0.0,0.0,0.0,0.0,0.0,0.1956000000404856,0,182763,C:\Users\Binich\PycharmProjects\PredictionRTS\output\learner_results\all_data\ETG-only\sce3_etg_run_0070\final_eval\eval_run_0070_web_batch_20260622_141137,web_batch_20260622_141137,75.0,9,55.02,17.980898956190355,original_final_eval_subset_lower_mean_high_variation,66.9,66.0,8.702141847112854,64.4,64.0,15
False,repeat_001::ep_45::line_45,ETG-only,sce-3,sce3_etg_run_0070,eval_run_0070_web_batch_20260622_141137,repeat_001,45,45,Win,True,72.0,72.0,3.0,72.0,0.0,11568,25,25,25,22,0.88,0,0.0,0,1,0.04,0,0.0,0.0,0.0,0.0,0.0,0.0,0.0,0.0,0.0,0.0,0.0,0.0,0,0.0,0,0.0,0.0,0.0,0.0,0.0,0.0,0.0,0.0,0.0,0.0,0.0,0.2690999999970245,0,201378,C:\Users\Binich\PycharmProjects\PredictionRTS\output\learner_results\all_data\ETG-only\sce3_etg_run_0070\final_eval\eval_run_0070_web_batch_20260622_141137,web_batch_20260622_141137,72.0,7,55.02,17.980898956190355,original_final_eval_subset_lower_mean_high_variation,66.9,66.0,8.702141847112854,64.4,64.0,16
False,repeat_001::ep_115::line_115,ETG-only,sce-3,sce3_etg_run_0070,eval_run_0070_web_batch_20260622_141137,repeat_001,115,115,Win,True,72.0,72.0,3.0,72.0,0.0,28988,25,25,25,20,0.8,0,0.0,0,1,0.04,0,0.0,0.0,0.0,0.0,0.0,0.0,0.0,0.0,0.0,0.0,0.0,0.0,0,0.0,0,0.0,0.0,0.0,0.0,0.0,0.0,0.0,0.0,0.0,0.0,0.0,0.2728999999987991,0,18336,C:\Users\Binich\PycharmProjects\PredictionRTS\output\learner_results\all_data\ETG-only\sce3_etg_run_0070\final_eval\eval_run_0070_web_batch_20260622_141137,web_batch_20260622_141137,72.0,8,55.02,17.980898956190355,original_final_eval_subset_lower_mean_high_variation,66.9,66.0,8.702141847112854,64.4,64.0,17
False,repeat_001::ep_160::line_160,ETG-only,sce-3,sce3_etg_run_0070,eval_run_0070_web_batch_20260622_141137,repeat_001,160,160,Win,True,72.0,72.0,9.0,72.0,0.0,40748,22,22,20,20,0.9090909090909092,0,0.0,0,0,0.0,0,0.0,0.0,0.0,0.0,0.0,0.0,0.0,0.0,0.0,0.0,0.0,0.0,0,0.0,0,0.0,0.0,0.0,0.0,0.0,0.0,0.0,0.0,0.0,0.0,0.0,,0,ood:167473:103-7:agg:d0.500,C:\Users\Binich\PycharmProjects\PredictionRTS\output\learner_results\all_data\ETG-only\sce3_etg_run_0070\final_eval\eval_run_0070_web_batch_20260622_141137,web_batch_20260622_141137,72.0,8,55.02,17.980898956190355,original_final_eval_subset_lower_mean_high_variation,66.9,66.0,8.702141847112854,64.4,64.0,18
False,repeat_001::ep_174::line_174,ETG-only,sce-3,sce3_etg_run_0070,eval_run_0070_web_batch_20260622_141137,repeat_001,174,174,Win,True,72.0,72.0,15.0,72.0,0.0,44336,25,25,24,15,0.6,0,0.0,0,2,0.08,0,0.0,0.0,0.0,0.0,0.0,0.0,0.0,0.0,0.0,0.0,0.0,0.0,0,0.0,0,0.0,0.0,0.0,0.0,0.0,0.0,0.0,0.0,0.0,0.0,0.0,0.2542000000005373,0,187107,C:\Users\Binich\PycharmProjects\PredictionRTS\output\learner_results\all_data\ETG-only\sce3_etg_run_0070\final_eval\eval_run_0070_web_batch_20260622_141137,web_batch_20260622_141137,72.0,8,55.02,17.980898956190355,original_final_eval_subset_lower_mean_high_variation,66.9,66.0,8.702141847112854,64.4,64.0,19
False,repeat_001::ep_271::line_271,ETG-only,sce-3,sce3_etg_run_0070,eval_run_0070_web_batch_20260622_141137,repeat_001,271,271,Win,True,72.0,72.0,9.0,72.0,0.0,69380,26,26,24,17,0.6538461538461539,0,0.0,0,1,0.0384615384615384,0,0.0,0.0,0.0,0.0,0.0,0.0,0.0,0.0,0.0,0.0,0.0,0.0,0,0.0,0,0.0,0.0,0.0,0.0,0.0,0.0,0.0,0.0,0.0,0.0,0.0,0.2012999999578824,0,185273,C:\Users\Binich\PycharmProjects\PredictionRTS\output\learner_results\all_data\ETG-only\sce3_etg_run_0070\final_eval\eval_run_0070_web_batch_20260622_141137,web_batch_20260622_141137,72.0,8,55.02,17.980898956190355,original_final_eval_subset_lower_mean_high_variation,66.9,66.0,8.702141847112854,64.4,64.0,20
False,repeat_001::ep_280::line_280,ETG-only,sce-3,sce3_etg_run_0070,eval_run_0070_web_batch_20260622_141137,repeat_001,280,280,Win,True,72.0,72.0,15.0,72.0,0.0,71748,25,25,24,23,0.92,0,0.0,0,0,0.0,0,0.0,0.0,0.0,0.0,0.0,0.0,0.0,0.0,0.0,0.0,0.0,0.0,0,0.0,0,0.0,0.0,0.0,0.0,0.0,0.0,0.0,0.0,0.0,0.0,0.0,,0,ood:49800:103-4:agg:d1.000,C:\Users\Binich\PycharmProjects\PredictionRTS\output\learner_results\all_data\ETG-only\sce3_etg_run_0070\final_eval\eval_run_0070_web_batch_20260622_141137,web_batch_20260622_141137,72.0,8,55.02,17.980898956190355,original_final_eval_subset_lower_mean_high_variation,66.9,66.0,8.702141847112854,64.4,64.0,21
False,repeat_001::ep_14::line_14,ETG-only,sce-3,sce3_etg_run_0070,eval_run_0070_web_batch_20260622_141137,repeat_001,14,14,Win,True,69.0,69.0,15.0,69.0,0.0,3726,24,24,23,18,0.75,0,0.0,0,1,0.0416666666666666,0,0.0,0.0,0.0,0.0,0.0,0.0,0.0,0.0,0.0,0.0,0.0,0.0,0,0.0,0,0.0,0.0,0.0,0.0,0.0,0.0,0.0,0.0,0.0,0.0,0.0,0.1983999999950469,0,172645,C:\Users\Binich\PycharmProjects\PredictionRTS\output\learner_results\all_data\ETG-only\sce3_etg_run_0070\final_eval\eval_run_0070_web_batch_20260622_141137,web_batch_20260622_141137,69.0,7,55.02,17.980898956190355,original_final_eval_subset_lower_mean_high_variation,66.9,66.0,8.702141847112854,64.4,64.0,22
False,repeat_001::ep_30::line_30,ETG-only,sce-3,sce3_etg_run_0070,eval_run_0070_web_batch_20260622_141137,repeat_001,30,30,Win,True,69.0,69.0,9.0,69.0,0.0,7738,22,22,21,21,0.9545454545454546,0,0.0,0,0,0.0,0,0.0,0.0,0.0,0.0,0.0,0.0,0.0,0.0,0.0,0.0,0.0,0.0,0,0.0,0,0.0,0.0,0.0,0.0,0.0,0.0,0.0,0.0,0.0,0.0,0.0,,0,ood:180835:89-104:agg:d0.500,C:\Users\Binich\PycharmProjects\PredictionRTS\output\learner_results\all_data\ETG-only\sce3_etg_run_0070\final_eval\eval_run_0070_web_batch_20260622_141137,web_batch_20260622_141137,69.0,7,55.02,17.980898956190355,original_final_eval_subset_lower_mean_high_variation,66.9,66.0,8.702141847112854,64.4,64.0,23
False,repeat_001::ep_106::line_106,ETG-only,sce-3,sce3_etg_run_0070,eval_run_0070_web_batch_20260622_141137,repeat_001,106,106,Win,True,69.0,69.0,15.0,69.0,0.0,26710,19,19,18,16,0.8421052631578947,0,0.0,0,1,0.0526315789473684,0,0.0,0.0,0.0,0.0,0.0,0.0,0.0,0.0,0.0,0.0,0.0,0.0,0,0.0,0,0.0,0.0,0.0,0.0,0.0,0.0,0.0,0.0,0.0,0.0,0.0,0.2606000000184849,0,176739,C:\Users\Binich\PycharmProjects\PredictionRTS\output\learner_results\all_data\ETG-only\sce3_etg_run_0070\final_eval\eval_run_0070_web_batch_20260622_141137,web_batch_20260622_141137,69.0,7,55.02,17.980898956190355,original_final_eval_subset_lower_mean_high_variation,66.9,66.0,8.702141847112854,64.4,64.0,24
False,repeat_001::ep_139::line_139,ETG-only,sce-3,sce3_etg_run_0070,eval_run_0070_web_batch_20260622_141137,repeat_001,139,139,Win,True,69.0,69.0,9.0,69.0,0.0,35546,26,26,24,21,0.8076923076923077,0,0.0,0,1,0.0384615384615384,0,0.0,0.0,0.0,0.0,0.0,0.0,0.0,0.0,0.0,0.0,0.0,0.0,0,0.0,0,0.0,0.0,0.0,0.0,0.0,0.0,0.0,0.0,0.0,0.0,0.0,0.2518999999949756,0,181684,C:\Users\Binich\PycharmProjects\PredictionRTS\output\learner_results\all_data\ETG-only\sce3_etg_run_0070\final_eval\eval_run_0070_web_batch_20260622_141137,web_batch_20260622_141137,69.0,7,55.02,17.980898956190355,original_final_eval_subset_lower_mean_high_variation,66.9,66.0,8.702141847112854,64.4,64.0,25
False,repeat_001::ep_149::line_149,ETG-only,sce-3,sce3_etg_run_0070,eval_run_0070_web_batch_20260622_141137,repeat_001,149,149,Win,True,69.0,69.0,9.0,69.0,0.0,38066,24,24,22,17,0.7083333333333334,0,0.0,0,1,0.0416666666666666,0,0.0,0.0,0.0,0.0,0.0,0.0,0.0,0.0,0.0,0.0,0.0,0.0,0,0.0,0,0.0,0.0,0.0,0.0,0.0,0.0,0.0,0.0,0.0,0.0,0.0,0.2735999999856631,0,172346,C:\Users\Binich\PycharmProjects\PredictionRTS\output\learner_results\all_data\ETG-only\sce3_etg_run_0070\final_eval\eval_run_0070_web_batch_20260622_141137,web_batch_20260622_141137,69.0,7,55.02,17.980898956190355,original_final_eval_subset_lower_mean_high_variation,66.9,66.0,8.702141847112854,64.4,64.0,26
False,repeat_001::ep_193::line_193,ETG-only,sce-3,sce3_etg_run_0070,eval_run_0070_web_batch_20260622_141137,repeat_001,193,193,Win,True,69.0,69.0,9.0,69.0,0.0,49864,27,27,27,18,0.6666666666666666,0,0.0,0,1,0.037037037037037,0,0.0,0.0,0.0,0.0,0.0,0.0,0.0,0.0,0.0,0.0,0.0,0.0,0,0.0,0,0.0,0.0,0.0,0.0,0.0,0.0,0.0,0.0,0.0,0.0,0.0,0.160300000004554,0,141160,C:\Users\Binich\PycharmProjects\PredictionRTS\output\learner_results\all_data\ETG-only\sce3_etg_run_0070\final_eval\eval_run_0070_web_batch_20260622_141137,web_batch_20260622_141137,69.0,7,55.02,17.980898956190355,original_final_eval_subset_lower_mean_high_variation,66.9,66.0,8.702141847112854,64.4,64.0,27
False,repeat_001::ep_204::line_204,ETG-only,sce-3,sce3_etg_run_0070,eval_run_0070_web_batch_20260622_141137,repeat_001,204,204,Win,True,69.0,69.0,3.0,69.0,0.0,52626,25,25,24,20,0.8,0,0.0,0,1,0.04,0,0.0,0.0,0.0,0.0,0.0,0.0,0.0,0.0,0.0,0.0,0.0,0.0,0,0.0,0,0.0,0.0,0.0,0.0,0.0,0.0,0.0,0.0,0.0,0.0,0.0,0.1656000000025415,0,179433,C:\Users\Binich\PycharmProjects\PredictionRTS\output\learner_results\all_data\ETG-only\sce3_etg_run_0070\final_eval\eval_run_0070_web_batch_20260622_141137,web_batch_20260622_141137,69.0,7,55.02,17.980898956190355,original_final_eval_subset_lower_mean_high_variation,66.9,66.0,8.702141847112854,64.4,64.0,28
False,repeat_001::ep_218::line_218,ETG-only,sce-3,sce3_etg_run_0070,eval_run_0070_web_batch_20260622_141137,repeat_001,218,218,Win,True,69.0,69.0,3.0,69.0,0.0,56244,28,28,20,25,0.8928571428571429,0,0.0,0,1,0.0357142857142857,0,0.0,0.0,0.0,0.0,0.0,0.0,0.0,0.0,0.0,0.0,0.0,0.0,0,0.0,0,0.0,0.0,0.0,0.0,0.0,0.0,0.0,0.0,0.0,0.0,0.0,0.2397000000087246,0,197234,C:\Users\Binich\PycharmProjects\PredictionRTS\output\learner_results\all_data\ETG-only\sce3_etg_run_0070\final_eval\eval_run_0070_web_batch_20260622_141137,web_batch_20260622_141137,69.0,7,55.02,17.980898956190355,original_final_eval_subset_lower_mean_high_variation,66.9,66.0,8.702141847112854,64.4,64.0,29
False,repeat_001::ep_284::line_284,ETG-only,sce-3,sce3_etg_run_0070,eval_run_0070_web_batch_20260622_141137,repeat_001,284,284,Win,True,69.0,69.0,9.0,69.0,0.0,72786,27,27,22,23,0.8518518518518519,0,0.0,0,1,0.037037037037037,0,0.0,0.0,0.0,0.0,0.0,0.0,0.0,0.0,0.0,0.0,0.0,0.0,0,0.0,0,0.0,0.0,0.0,0.0,0.0,0.0,0.0,0.0,0.0,0.0,0.0,0.1770000000078653,0,196161,C:\Users\Binich\PycharmProjects\PredictionRTS\output\learner_results\all_data\ETG-only\sce3_etg_run_0070\final_eval\eval_run_0070_web_batch_20260622_141137,web_batch_20260622_141137,69.0,7,55.02,17.980898956190355,original_final_eval_subset_lower_mean_high_variation,66.9,66.0,8.702141847112854,64.4,64.0,30
False,repeat_001::ep_27::line_27,ETG-only,sce-3,sce3_etg_run_0070,eval_run_0070_web_batch_20260622_141137,repeat_001,27,27,Win,True,66.0,66.0,3.0,66.0,0.0,7082,25,25,23,23,0.92,0,0.0,0,0,0.0,0,0.0,0.0,0.0,0.0,0.0,0.0,0.0,0.0,0.0,0.0,0.0,0.0,0,0.0,0,0.0,0.0,0.0,0.0,0.0,0.0,0.0,0.0,0.0,0.0,0.0,,0,ood:28653:103-2:agg:d0.500,C:\Users\Binich\PycharmProjects\PredictionRTS\output\learner_results\all_data\ETG-only\sce3_etg_run_0070\final_eval\eval_run_0070_web_batch_20260622_141137,web_batch_20260622_141137,66.0,6,55.02,17.980898956190355,original_final_eval_subset_lower_mean_high_variation,66.9,66.0,8.702141847112854,64.4,64.0,31
False,repeat_001::ep_43::line_43,ETG-only,sce-3,sce3_etg_run_0070,eval_run_0070_web_batch_20260622_141137,repeat_001,43,43,Win,True,66.0,66.0,9.0,66.0,0.0,11094,22,22,21,19,0.8636363636363636,0,0.0,0,1,0.0454545454545454,0,0.0,0.0,0.0,0.0,0.0,0.0,0.0,0.0,0.0,0.0,0.0,0.0,0,0.0,0,0.0,0.0,0.0,0.0,0.0,0.0,0.0,0.0,0.0,0.0,0.0,0.2673999999984744,0,200056,C:\Users\Binich\PycharmProjects\PredictionRTS\output\learner_results\all_data\ETG-only\sce3_etg_run_0070\final_eval\eval_run_0070_web_batch_20260622_141137,web_batch_20260622_141137,66.0,6,55.02,17.980898956190355,original_final_eval_subset_lower_mean_high_variation,66.9,66.0,8.702141847112854,64.4,64.0,32
False,repeat_001::ep_99::line_99,ETG-only,sce-3,sce3_etg_run_0070,eval_run_0070_web_batch_20260622_141137,repeat_001,99,99,Win,True,66.0,66.0,9.0,66.0,0.0,25036,25,25,25,17,0.68,0,0.0,0,1,0.04,0,0.0,0.0,0.0,0.0,0.0,0.0,0.0,0.0,0.0,0.0,0.0,0.0,0,0.0,0,0.0,0.0,0.0,0.0,0.0,0.0,0.0,0.0,0.0,0.0,0.0,0.3421000000116692,0,65801,C:\Users\Binich\PycharmProjects\PredictionRTS\output\learner_results\all_data\ETG-only\sce3_etg_run_0070\final_eval\eval_run_0070_web_batch_20260622_141137,web_batch_20260622_141137,66.0,6,55.02,17.980898956190355,original_final_eval_subset_lower_mean_high_variation,66.9,66.0,8.702141847112854,64.4,64.0,33
False,repeat_001::ep_111::line_111,ETG-only,sce-3,sce3_etg_run_0070,eval_run_0070_web_batch_20260622_141137,repeat_001,111,111,Win,True,66.0,66.0,3.0,66.0,0.0,27990,26,26,26,20,0.7692307692307693,0,0.0,0,2,0.0769230769230769,0,0.0,0.0,0.0,0.0,0.0,0.0,0.0,0.0,0.0,0.0,0.0,0.0,0,0.0,0,0.0,0.0,0.0,0.0,0.0,0.0,0.0,0.0,0.0,0.0,0.0,0.2338999999835778,0,177199,C:\Users\Binich\PycharmProjects\PredictionRTS\output\learner_results\all_data\ETG-only\sce3_etg_run_0070\final_eval\eval_run_0070_web_batch_20260622_141137,web_batch_20260622_141137,66.0,6,55.02,17.980898956190355,original_final_eval_subset_lower_mean_high_variation,66.9,66.0,8.702141847112854,64.4,64.0,34
False,repeat_001::ep_187::line_187,ETG-only,sce-3,sce3_etg_run_0070,eval_run_0070_web_batch_20260622_141137,repeat_001,187,187,Win,True,66.0,66.0,15.0,66.0,0.0,48342,27,27,27,19,0.7037037037037037,0,0.0,0,1,0.037037037037037,0,0.0,0.0,0.0,0.0,0.0,0.0,0.0,0.0,0.0,0.0,0.0,0.0,0,0.0,0,0.0,0.0,0.0,0.0,0.0,0.0,0.0,0.0,0.0,0.0,0.0,0.2250000000003638,0,108753,C:\Users\Binich\PycharmProjects\PredictionRTS\output\learner_results\all_data\ETG-only\sce3_etg_run_0070\final_eval\eval_run_0070_web_batch_20260622_141137,web_batch_20260622_141137,66.0,6,55.02,17.980898956190355,original_final_eval_subset_lower_mean_high_variation,66.9,66.0,8.702141847112854,64.4,64.0,35
False,repeat_001::ep_192::line_192,ETG-only,sce-3,sce3_etg_run_0070,eval_run_0070_web_batch_20260622_141137,repeat_001,192,192,Win,True,66.0,66.0,9.0,66.0,0.0,49602,22,22,22,17,0.7727272727272727,0,0.0,0,1,0.0454545454545454,0,0.0,0.0,0.0,0.0,0.0,0.0,0.0,0.0,0.0,0.0,0.0,0.0,0,0.0,0,0.0,0.0,0.0,0.0,0.0,0.0,0.0,0.0,0.0,0.0,0.0,0.2724999999941246,0,118168,C:\Users\Binich\PycharmProjects\PredictionRTS\output\learner_results\all_data\ETG-only\sce3_etg_run_0070\final_eval\eval_run_0070_web_batch_20260622_141137,web_batch_20260622_141137,66.0,6,55.02,17.980898956190355,original_final_eval_subset_lower_mean_high_variation,66.9,66.0,8.702141847112854,64.4,64.0,36
False,repeat_001::ep_217::line_217,ETG-only,sce-3,sce3_etg_run_0070,eval_run_0070_web_batch_20260622_141137,repeat_001,217,217,Win,True,66.0,66.0,-3.0,66.0,0.0,55972,27,27,26,20,0.7407407407407407,0,0.0,0,1,0.037037037037037,0,0.0,0.0,0.0,0.0,0.0,0.0,0.0,0.0,0.0,0.0,0.0,0.0,0,0.0,0,0.0,0.0,0.0,0.0,0.0,0.0,0.0,0.0,0.0,0.0,0.0,0.2875000000130967,0,34853,C:\Users\Binich\PycharmProjects\PredictionRTS\output\learner_results\all_data\ETG-only\sce3_etg_run_0070\final_eval\eval_run_0070_web_batch_20260622_141137,web_batch_20260622_141137,66.0,6,55.02,17.980898956190355,original_final_eval_subset_lower_mean_high_variation,66.9,66.0,8.702141847112854,64.4,64.0,37
False,repeat_001::ep_31::line_31,ETG-only,sce-3,sce3_etg_run_0070,eval_run_0070_web_batch_20260622_141137,repeat_001,31,31,Win,True,63.0,63.0,9.0,63.0,0.0,7980,25,25,23,18,0.72,0,0.0,0,1,0.04,0,0.0,0.0,0.0,0.0,0.0,0.0,0.0,0.0,0.0,0.0,0.0,0.0,0,0.0,0,0.0,0.0,0.0,0.0,0.0,0.0,0.0,0.0,0.0,0.0,0.0,0.1934999999946285,0,7455,C:\Users\Binich\PycharmProjects\PredictionRTS\output\learner_results\all_data\ETG-only\sce3_etg_run_0070\final_eval\eval_run_0070_web_batch_20260622_141137,web_batch_20260622_141137,63.0,6,55.02,17.980898956190355,original_final_eval_subset_lower_mean_high_variation,66.9,66.0,8.702141847112854,64.4,64.0,38
False,repeat_001::ep_233::line_233,ETG-only,sce-3,sce3_etg_run_0070,eval_run_0070_web_batch_20260622_141137,repeat_001,233,233,Win,True,63.0,63.0,15.0,63.0,0.0,59924,25,25,24,17,0.68,0,0.0,0,1,0.04,0,0.0,0.0,0.0,0.0,0.0,0.0,0.0,0.0,0.0,0.0,0.0,0.0,0,0.0,0,0.0,0.0,0.0,0.0,0.0,0.0,0.0,0.0,0.0,0.0,0.0,0.1595999999608466,0,69258,C:\Users\Binich\PycharmProjects\PredictionRTS\output\learner_results\all_data\ETG-only\sce3_etg_run_0070\final_eval\eval_run_0070_web_batch_20260622_141137,web_batch_20260622_141137,63.0,6,55.02,17.980898956190355,original_final_eval_subset_lower_mean_high_variation,66.9,66.0,8.702141847112854,64.4,64.0,39
False,repeat_001::ep_275::line_275,ETG-only,sce-3,sce3_etg_run_0070,eval_run_0070_web_batch_20260622_141137,repeat_001,275,275,Win,True,63.0,63.0,3.0,63.0,0.0,70358,27,27,24,18,0.6666666666666666,0,0.0,0,1,0.037037037037037,0,0.0,0.0,0.0,0.0,0.0,0.0,0.0,0.0,0.0,0.0,0.0,0.0,0,0.0,0,0.0,0.0,0.0,0.0,0.0,0.0,0.0,0.0,0.0,0.0,0.0,0.1608999999689331,0,158621,C:\Users\Binich\PycharmProjects\PredictionRTS\output\learner_results\all_data\ETG-only\sce3_etg_run_0070\final_eval\eval_run_0070_web_batch_20260622_141137,web_batch_20260622_141137,63.0,6,55.02,17.980898956190355,original_final_eval_subset_lower_mean_high_variation,66.9,66.0,8.702141847112854,64.4,64.0,40
False,repeat_001::ep_64::line_64,ETG-only,sce-3,sce3_etg_run_0070,eval_run_0070_web_batch_20260622_141137,repeat_001,64,64,Win,True,60.0,60.0,9.0,60.0,0.0,16256,24,24,23,20,0.8333333333333334,0,0.0,0,1,0.0416666666666666,0,0.0,0.0,0.0,0.0,0.0,0.0,0.0,0.0,0.0,0.0,0.0,0.0,0,0.0,0,0.0,0.0,0.0,0.0,0.0,0.0,0.0,0.0,0.0,0.0,0.0,0.2351999999916643,0,28653,C:\Users\Binich\PycharmProjects\PredictionRTS\output\learner_results\all_data\ETG-only\sce3_etg_run_0070\final_eval\eval_run_0070_web_batch_20260622_141137,web_batch_20260622_141137,60.0,5,55.02,17.980898956190355,original_final_eval_subset_lower_mean_high_variation,66.9,66.0,8.702141847112854,64.4,64.0,41
False,repeat_001::ep_65::line_65,ETG-only,sce-3,sce3_etg_run_0070,eval_run_0070_web_batch_20260622_141137,repeat_001,65,65,Win,True,60.0,60.0,9.0,60.0,0.0,16468,22,22,22,17,0.7727272727272727,0,0.0,0,1,0.0454545454545454,0,0.0,0.0,0.0,0.0,0.0,0.0,0.0,0.0,0.0,0.0,0.0,0.0,0,0.0,0,0.0,0.0,0.0,0.0,0.0,0.0,0.0,0.0,0.0,0.0,0.0,0.1563999999945053,0,173545,C:\Users\Binich\PycharmProjects\PredictionRTS\output\learner_results\all_data\ETG-only\sce3_etg_run_0070\final_eval\eval_run_0070_web_batch_20260622_141137,web_batch_20260622_141137,60.0,5,55.02,17.980898956190355,original_final_eval_subset_lower_mean_high_variation,66.9,66.0,8.702141847112854,64.4,64.0,42
False,repeat_001::ep_95::line_95,ETG-only,sce-3,sce3_etg_run_0070,eval_run_0070_web_batch_20260622_141137,repeat_001,95,95,Win,True,60.0,60.0,3.0,60.0,0.0,24048,27,27,25,22,0.8148148148148148,0,0.0,0,1,0.037037037037037,0,0.0,0.0,0.0,0.0,0.0,0.0,0.0,0.0,0.0,0.0,0.0,0.0,0,0.0,0,0.0,0.0,0.0,0.0,0.0,0.0,0.0,0.0,0.0,0.0,0.0,,0,ood:199170:338-1:agg:d1.000,C:\Users\Binich\PycharmProjects\PredictionRTS\output\learner_results\all_data\ETG-only\sce3_etg_run_0070\final_eval\eval_run_0070_web_batch_20260622_141137,web_batch_20260622_141137,60.0,5,55.02,17.980898956190355,original_final_eval_subset_lower_mean_high_variation,66.9,66.0,8.702141847112854,64.4,64.0,43
False,repeat_001::ep_158::line_158,ETG-only,sce-3,sce3_etg_run_0070,eval_run_0070_web_batch_20260622_141137,repeat_001,158,158,Win,True,60.0,60.0,9.0,60.0,0.0,40334,28,28,25,22,0.7857142857142857,0,0.0,0,0,0.0,0,0.0,0.0,0.0,0.0,0.0,0.0,0.0,0.0,0.0,0.0,0.0,0.0,0,0.0,0,0.0,0.0,0.0,0.0,0.0,0.0,0.0,0.0,0.0,0.0,0.0,,0,ood:199170:338-1:agg:d1.000,C:\Users\Binich\PycharmProjects\PredictionRTS\output\learner_results\all_data\ETG-only\sce3_etg_run_0070\final_eval\eval_run_0070_web_batch_20260622_141137,web_batch_20260622_141137,60.0,5,55.02,17.980898956190355,original_final_eval_subset_lower_mean_high_variation,66.9,66.0,8.702141847112854,64.4,64.0,44
False,repeat_001::ep_170::line_170,ETG-only,sce-3,sce3_etg_run_0070,eval_run_0070_web_batch_20260622_141137,repeat_001,170,170,Win,True,60.0,60.0,3.0,60.0,0.0,43348,37,37,32,19,0.5135135135135135,0,0.0,0,2,0.054054054054054,0,0.0,0.0,0.0,0.0,0.0,0.0,0.0,0.0,0.0,0.0,0.0,0.0,0,0.0,0,0.0,0.0,0.0,0.0,0.0,0.0,0.0,0.0,0.0,0.0,0.0,0.2191000000095755,0,133638,C:\Users\Binich\PycharmProjects\PredictionRTS\output\learner_results\all_data\ETG-only\sce3_etg_run_0070\final_eval\eval_run_0070_web_batch_20260622_141137,web_batch_20260622_141137,60.0,5,55.02,17.980898956190355,original_final_eval_subset_lower_mean_high_variation,66.9,66.0,8.702141847112854,64.4,64.0,45
False,repeat_001::ep_219::line_219,ETG-only,sce-3,sce3_etg_run_0070,eval_run_0070_web_batch_20260622_141137,repeat_001,219,219,Win,True,60.0,60.0,9.0,60.0,0.0,56516,28,28,27,22,0.7857142857142857,0,0.0,0,0,0.0,0,0.0,0.0,0.0,0.0,0.0,0.0,0.0,0.0,0.0,0.0,0.0,0.0,0,0.0,0,0.0,0.0,0.0,0.0,0.0,0.0,0.0,0.0,0.0,0.0,0.0,,0,ood:199170:338-1:agg:d1.000,C:\Users\Binich\PycharmProjects\PredictionRTS\output\learner_results\all_data\ETG-only\sce3_etg_run_0070\final_eval\eval_run_0070_web_batch_20260622_141137,web_batch_20260622_141137,60.0,5,55.02,17.980898956190355,original_final_eval_subset_lower_mean_high_variation,66.9,66.0,8.702141847112854,64.4,64.0,46
False,repeat_001::ep_225::line_225,ETG-only,sce-3,sce3_etg_run_0070,eval_run_0070_web_batch_20260622_141137,repeat_001,225,225,Win,True,60.0,60.0,-3.0,60.0,0.0,58048,23,23,22,16,0.6956521739130435,0,0.0,0,1,0.0434782608695652,0,0.0,0.0,0.0,0.0,0.0,0.0,0.0,0.0,0.0,0.0,0.0,0.0,0,0.0,0,0.0,0.0,0.0,0.0,0.0,0.0,0.0,0.0,0.0,0.0,0.0,0.2504000000271844,0,192426,C:\Users\Binich\PycharmProjects\PredictionRTS\output\learner_results\all_data\ETG-only\sce3_etg_run_0070\final_eval\eval_run_0070_web_batch_20260622_141137,web_batch_20260622_141137,60.0,5,55.02,17.980898956190355,original_final_eval_subset_lower_mean_high_variation,66.9,66.0,8.702141847112854,64.4,64.0,47
False,repeat_001::ep_52::line_52,ETG-only,sce-3,sce3_etg_run_0070,eval_run_0070_web_batch_20260622_141137,repeat_001,52,52,Win,True,57.0,57.0,3.0,57.0,0.0,13242,25,25,23,16,0.64,0,0.0,0,1,0.04,0,0.0,0.0,0.0,0.0,0.0,0.0,0.0,0.0,0.0,0.0,0.0,0.0,0,0.0,0,0.0,0.0,0.0,0.0,0.0,0.0,0.0,0.0,0.0,0.0,0.0,0.3157999999956473,0,34600,C:\Users\Binich\PycharmProjects\PredictionRTS\output\learner_results\all_data\ETG-only\sce3_etg_run_0070\final_eval\eval_run_0070_web_batch_20260622_141137,web_batch_20260622_141137,57.0,4,55.02,17.980898956190355,original_final_eval_subset_lower_mean_high_variation,66.9,66.0,8.702141847112854,64.4,64.0,48
False,repeat_001::ep_56::line_56,ETG-only,sce-3,sce3_etg_run_0070,eval_run_0070_web_batch_20260622_141137,repeat_001,56,56,Win,True,57.0,57.0,3.0,57.0,0.0,14250,27,27,23,14,0.5185185185185185,0,0.0,0,1,0.037037037037037,0,0.0,0.0,0.0,0.0,0.0,0.0,0.0,0.0,0.0,0.0,0.0,0.0,0,0.0,0,0.0,0.0,0.0,0.0,0.0,0.0,0.0,0.0,0.0,0.0,0.0,0.1575999999943178,0,25855,C:\Users\Binich\PycharmProjects\PredictionRTS\output\learner_results\all_data\ETG-only\sce3_etg_run_0070\final_eval\eval_run_0070_web_batch_20260622_141137,web_batch_20260622_141137,57.0,4,55.02,17.980898956190355,original_final_eval_subset_lower_mean_high_variation,66.9,66.0,8.702141847112854,64.4,64.0,49
False,repeat_001::ep_68::line_68,ETG-only,sce-3,sce3_etg_run_0070,eval_run_0070_web_batch_20260622_141137,repeat_001,68,68,Win,True,57.0,57.0,3.0,57.0,0.0,17184,24,24,24,16,0.6666666666666666,0,0.0,0,1,0.0416666666666666,0,0.0,0.0,0.0,0.0,0.0,0.0,0.0,0.0,0.0,0.0,0.0,0.0,0,0.0,0,0.0,0.0,0.0,0.0,0.0,0.0,0.0,0.0,0.0,0.0,0.0,0.2199000000047135,0,101621,C:\Users\Binich\PycharmProjects\PredictionRTS\output\learner_results\all_data\ETG-only\sce3_etg_run_0070\final_eval\eval_run_0070_web_batch_20260622_141137,web_batch_20260622_141137,57.0,4,55.02,17.980898956190355,original_final_eval_subset_lower_mean_high_variation,66.9,66.0,8.702141847112854,64.4,64.0,50
False,repeat_001::ep_138::line_138,ETG-only,sce-3,sce3_etg_run_0070,eval_run_0070_web_batch_20260622_141137,repeat_001,138,138,Win,True,57.0,57.0,3.0,57.0,0.0,35294,26,26,25,22,0.8461538461538461,0,0.0,0,1,0.0384615384615384,0,0.0,0.0,0.0,0.0,0.0,0.0,0.0,0.0,0.0,0.0,0.0,0.0,0,0.0,0,0.0,0.0,0.0,0.0,0.0,0.0,0.0,0.0,0.0,0.0,0.0,0.2700999999944997,0,26981,C:\Users\Binich\PycharmProjects\PredictionRTS\output\learner_results\all_data\ETG-only\sce3_etg_run_0070\final_eval\eval_run_0070_web_batch_20260622_141137,web_batch_20260622_141137,57.0,4,55.02,17.980898956190355,original_final_eval_subset_lower_mean_high_variation,66.9,66.0,8.702141847112854,64.4,64.0,51
False,repeat_001::ep_152::line_152,ETG-only,sce-3,sce3_etg_run_0070,eval_run_0070_web_batch_20260622_141137,repeat_001,152,152,Win,True,57.0,57.0,15.0,57.0,0.0,38822,28,28,25,19,0.6785714285714286,0,0.0,0,0,0.0,0,0.0,0.0,0.0,0.0,0.0,0.0,0.0,0.0,0.0,0.0,0.0,0.0,0,0.0,0,0.0,0.0,0.0,0.0,0.0,0.0,0.0,0.0,0.0,0.0,0.0,,0,ood:106131:71-18:agg:d0.500,C:\Users\Binich\PycharmProjects\PredictionRTS\output\learner_results\all_data\ETG-only\sce3_etg_run_0070\final_eval\eval_run_0070_web_batch_20260622_141137,web_batch_20260622_141137,57.0,4,55.02,17.980898956190355,original_final_eval_subset_lower_mean_high_variation,66.9,66.0,8.702141847112854,64.4,64.0,52
False,repeat_001::ep_165::line_165,ETG-only,sce-3,sce3_etg_run_0070,eval_run_0070_web_batch_20260622_141137,repeat_001,165,165,Win,True,57.0,57.0,9.0,57.0,0.0,41978,28,28,23,21,0.75,0,0.0,0,2,0.0714285714285714,0,0.0,0.0,0.0,0.0,0.0,0.0,0.0,0.0,0.0,0.0,0.0,0.0,0,0.0,0,0.0,0.0,0.0,0.0,0.0,0.0,0.0,0.0,0.0,0.0,0.0,0.3451999999981581,0,41867,C:\Users\Binich\PycharmProjects\PredictionRTS\output\learner_results\all_data\ETG-only\sce3_etg_run_0070\final_eval\eval_run_0070_web_batch_20260622_141137,web_batch_20260622_141137,57.0,5,55.02,17.980898956190355,original_final_eval_subset_lower_mean_high_variation,66.9,66.0,8.702141847112854,64.4,64.0,53
False,repeat_001::ep_206::line_206,ETG-only,sce-3,sce3_etg_run_0070,eval_run_0070_web_batch_20260622_141137,repeat_001,206,206,Win,True,57.0,57.0,15.0,57.0,0.0,53100,20,20,20,17,0.85,0,0.0,0,1,0.05,0,0.0,0.0,0.0,0.0,0.0,0.0,0.0,0.0,0.0,0.0,0.0,0.0,0,0.0,0,0.0,0.0,0.0,0.0,0.0,0.0,0.0,0.0,0.0,0.0,0.0,0.3432999999972708,0,26981,C:\Users\Binich\PycharmProjects\PredictionRTS\output\learner_results\all_data\ETG-only\sce3_etg_run_0070\final_eval\eval_run_0070_web_batch_20260622_141137,web_batch_20260622_141137,57.0,5,55.02,17.980898956190355,original_final_eval_subset_lower_mean_high_variation,66.9,66.0,8.702141847112854,64.4,64.0,54
False,repeat_001::ep_230::line_230,ETG-only,sce-3,sce3_etg_run_0070,eval_run_0070_web_batch_20260622_141137,repeat_001,230,230,Win,True,57.0,57.0,9.0,57.0,0.0,59238,20,20,19,17,0.85,0,0.0,0,1,0.05,0,0.0,0.0,0.0,0.0,0.0,0.0,0.0,0.0,0.0,0.0,0.0,0.0,0,0.0,0,0.0,0.0,0.0,0.0,0.0,0.0,0.0,0.0,0.0,0.0,0.0,0.3394999999954962,0,82304,C:\Users\Binich\PycharmProjects\PredictionRTS\output\learner_results\all_data\ETG-only\sce3_etg_run_0070\final_eval\eval_run_0070_web_batch_20260622_141137,web_batch_20260622_141137,57.0,5,55.02,17.980898956190355,original_final_eval_subset_lower_mean_high_variation,66.9,66.0,8.702141847112854,64.4,64.0,55
False,repeat_001::ep_76::line_76,ETG-only,sce-3,sce3_etg_run_0070,eval_run_0070_web_batch_20260622_141137,repeat_001,76,76,Win,True,54.0,54.0,15.0,54.0,0.0,19110,27,27,26,23,0.8518518518518519,0,0.0,0,1,0.037037037037037,0,0.0,0.0,0.0,0.0,0.0,0.0,0.0,0.0,0.0,0.0,0.0,0.0,0,0.0,0,0.0,0.0,0.0,0.0,0.0,0.0,0.0,0.0,0.0,0.0,0.0,0.2683999999959496,0,49800,C:\Users\Binich\PycharmProjects\PredictionRTS\output\learner_results\all_data\ETG-only\sce3_etg_run_0070\final_eval\eval_run_0070_web_batch_20260622_141137,web_batch_20260622_141137,54.0,4,55.02,17.980898956190355,original_final_eval_subset_lower_mean_high_variation,66.9,66.0,8.702141847112854,64.4,64.0,56
False,repeat_001::ep_171::line_171,ETG-only,sce-3,sce3_etg_run_0070,eval_run_0070_web_batch_20260622_141137,repeat_001,171,171,Win,True,54.0,54.0,3.0,54.0,0.0,43630,29,29,24,26,0.896551724137931,0,0.0,0,1,0.0344827586206896,0,0.0,0.0,0.0,0.0,0.0,0.0,0.0,0.0,0.0,0.0,0.0,0.0,0,0.0,0,0.0,0.0,0.0,0.0,0.0,0.0,0.0,0.0,0.0,0.0,0.0,,0,ood:199170:338-1:agg:d1.000,C:\Users\Binich\PycharmProjects\PredictionRTS\output\learner_results\all_data\ETG-only\sce3_etg_run_0070\final_eval\eval_run_0070_web_batch_20260622_141137,web_batch_20260622_141137,54.0,4,55.02,17.980898956190355,original_final_eval_subset_lower_mean_high_variation,66.9,66.0,8.702141847112854,64.4,64.0,57
False,repeat_001::ep_94::line_94,ETG-only,sce-3,sce3_etg_run_0070,eval_run_0070_web_batch_20260622_141137,repeat_001,94,94,Win,True,51.0,51.0,3.0,51.0,0.0,23786,24,24,23,15,0.625,0,0.0,0,1,0.0416666666666666,0,0.0,0.0,0.0,0.0,0.0,0.0,0.0,0.0,0.0,0.0,0.0,0.0,0,0.0,0,0.0,0.0,0.0,0.0,0.0,0.0,0.0,0.0,0.0,0.0,0.0,0.1826999999821055,0,29969,C:\Users\Binich\PycharmProjects\PredictionRTS\output\learner_results\all_data\ETG-only\sce3_etg_run_0070\final_eval\eval_run_0070_web_batch_20260622_141137,web_batch_20260622_141137,51.0,3,55.02,17.980898956190355,original_final_eval_subset_lower_mean_high_variation,66.9,66.0,8.702141847112854,64.4,64.0,58
False,repeat_001::ep_105::line_105,ETG-only,sce-3,sce3_etg_run_0070,eval_run_0070_web_batch_20260622_141137,repeat_001,105,105,Win,True,51.0,51.0,9.0,51.0,0.0,26528,23,23,22,15,0.6521739130434783,0,0.0,0,1,0.0434782608695652,0,0.0,0.0,0.0,0.0,0.0,0.0,0.0,0.0,0.0,0.0,0.0,0.0,0,0.0,0,0.0,0.0,0.0,0.0,0.0,0.0,0.0,0.0,0.0,0.0,0.0,0.2297000000055504,0,136869,C:\Users\Binich\PycharmProjects\PredictionRTS\output\learner_results\all_data\ETG-only\sce3_etg_run_0070\final_eval\eval_run_0070_web_batch_20260622_141137,web_batch_20260622_141137,51.0,3,55.02,17.980898956190355,original_final_eval_subset_lower_mean_high_variation,66.9,66.0,8.702141847112854,64.4,64.0,59
False,repeat_001::ep_154::line_154,ETG-only,sce-3,sce3_etg_run_0070,eval_run_0070_web_batch_20260622_141137,repeat_001,154,154,Win,True,51.0,51.0,-3.0,51.0,0.0,39286,23,23,23,15,0.6521739130434783,0,0.0,0,1,0.0434782608695652,0,0.0,0.0,0.0,0.0,0.0,0.0,0.0,0.0,0.0,0.0,0.0,0.0,0,0.0,0,0.0,0.0,0.0,0.0,0.0,0.0,0.0,0.0,0.0,0.0,0.0,0.191499999999678,0,85876,C:\Users\Binich\PycharmProjects\PredictionRTS\output\learner_results\all_data\ETG-only\sce3_etg_run_0070\final_eval\eval_run_0070_web_batch_20260622_141137,web_batch_20260622_141137,51.0,4,55.02,17.980898956190355,original_final_eval_subset_lower_mean_high_variation,66.9,66.0,8.702141847112854,64.4,64.0,60
False,repeat_001::ep_232::line_232,ETG-only,sce-3,sce3_etg_run_0070,eval_run_0070_web_batch_20260622_141137,repeat_001,232,232,Win,True,51.0,51.0,15.0,51.0,0.0,59682,21,21,21,19,0.9047619047619048,0,0.0,0,1,0.0476190476190476,0,0.0,0.0,0.0,0.0,0.0,0.0,0.0,0.0,0.0,0.0,0.0,0.0,0,0.0,0,0.0,0.0,0.0,0.0,0.0,0.0,0.0,0.0,0.0,0.0,0.0,0.2590999999938503,0,175776,C:\Users\Binich\PycharmProjects\PredictionRTS\output\learner_results\all_data\ETG-only\sce3_etg_run_0070\final_eval\eval_run_0070_web_batch_20260622_141137,web_batch_20260622_141137,51.0,4,55.02,17.980898956190355,original_final_eval_subset_lower_mean_high_variation,66.9,66.0,8.702141847112854,64.4,64.0,61
False,repeat_001::ep_289::line_289,ETG-only,sce-3,sce3_etg_run_0070,eval_run_0070_web_batch_20260622_141137,repeat_001,289,289,Win,True,51.0,51.0,3.0,51.0,0.0,74026,22,22,21,19,0.8636363636363636,0,0.0,0,1,0.0454545454545454,0,0.0,0.0,0.0,0.0,0.0,0.0,0.0,0.0,0.0,0.0,0.0,0.0,0,0.0,0,0.0,0.0,0.0,0.0,0.0,0.0,0.0,0.0,0.0,0.0,0.0,0.2623999999968873,0,181054,C:\Users\Binich\PycharmProjects\PredictionRTS\output\learner_results\all_data\ETG-only\sce3_etg_run_0070\final_eval\eval_run_0070_web_batch_20260622_141137,web_batch_20260622_141137,51.0,4,55.02,17.980898956190355,original_final_eval_subset_lower_mean_high_variation,66.9,66.0,8.702141847112854,64.4,64.0,62
False,repeat_001::ep_9::line_9,ETG-only,sce-3,sce3_etg_run_0070,eval_run_0070_web_batch_20260622_141137,repeat_001,9,9,Win,True,48.0,48.0,9.0,48.0,0.0,2396,28,28,26,20,0.7142857142857143,0,0.0,0,1,0.0357142857142857,0,0.0,0.0,0.0,0.0,0.0,0.0,0.0,0.0,0.0,0.0,0.0,0.0,0,0.0,0,0.0,0.0,0.0,0.0,0.0,0.0,0.0,0.0,0.0,0.0,0.0,,0,ood:199170:338-1:agg:d1.000,C:\Users\Binich\PycharmProjects\PredictionRTS\output\learner_results\all_data\ETG-only\sce3_etg_run_0070\final_eval\eval_run_0070_web_batch_20260622_141137,web_batch_20260622_141137,48.0,3,55.02,17.980898956190355,original_final_eval_subset_lower_mean_high_variation,66.9,66.0,8.702141847112854,64.4,64.0,63
False,repeat_001::ep_67::line_67,ETG-only,sce-3,sce3_etg_run_0070,eval_run_0070_web_batch_20260622_141137,repeat_001,67,67,Win,True,48.0,48.0,3.0,48.0,0.0,16952,25,25,23,16,0.64,0,0.0,0,1,0.04,0,0.0,0.0,0.0,0.0,0.0,0.0,0.0,0.0,0.0,0.0,0.0,0.0,0,0.0,0,0.0,0.0,0.0,0.0,0.0,0.0,0.0,0.0,0.0,0.0,0.0,0.1608000000032916,0,33795,C:\Users\Binich\PycharmProjects\PredictionRTS\output\learner_results\all_data\ETG-only\sce3_etg_run_0070\final_eval\eval_run_0070_web_batch_20260622_141137,web_batch_20260622_141137,48.0,3,55.02,17.980898956190355,original_final_eval_subset_lower_mean_high_variation,66.9,66.0,8.702141847112854,64.4,64.0,64
False,repeat_001::ep_79::line_79,ETG-only,sce-3,sce3_etg_run_0070,eval_run_0070_web_batch_20260622_141137,repeat_001,79,79,Win,True,48.0,48.0,15.0,48.0,0.0,19966,34,34,27,30,0.8823529411764706,0,0.0,0,0,0.0,0,0.0,0.0,0.0,0.0,0.0,0.0,0.0,0.0,0.0,0.0,0.0,0.0,0,0.0,0,0.0,0.0,0.0,0.0,0.0,0.0,0.0,0.0,0.0,0.0,0.0,,0,ood:199170:338-1:agg:d1.000,C:\Users\Binich\PycharmProjects\PredictionRTS\output\learner_results\all_data\ETG-only\sce3_etg_run_0070\final_eval\eval_run_0070_web_batch_20260622_141137,web_batch_20260622_141137,48.0,3,55.02,17.980898956190355,original_final_eval_subset_lower_mean_high_variation,66.9,66.0,8.702141847112854,64.4,64.0,65
False,repeat_001::ep_166::line_166,ETG-only,sce-3,sce3_etg_run_0070,eval_run_0070_web_batch_20260622_141137,repeat_001,166,166,Win,True,48.0,48.0,3.0,48.0,0.0,42260,29,29,27,14,0.4827586206896552,0,0.0,0,1,0.0344827586206896,0,0.0,0.0,0.0,0.0,0.0,0.0,0.0,0.0,0.0,0.0,0.0,0.0,0,0.0,0,0.0,0.0,0.0,0.0,0.0,0.0,0.0,0.0,0.0,0.0,0.0,0.2390999999875021,0,133638,C:\Users\Binich\PycharmProjects\PredictionRTS\output\learner_results\all_data\ETG-only\sce3_etg_run_0070\final_eval\eval_run_0070_web_batch_20260622_141137,web_batch_20260622_141137,48.0,3,55.02,17.980898956190355,original_final_eval_subset_lower_mean_high_variation,66.9,66.0,8.702141847112854,64.4,64.0,66
False,repeat_001::ep_243::line_243,ETG-only,sce-3,sce3_etg_run_0070,eval_run_0070_web_batch_20260622_141137,repeat_001,243,243,Win,True,48.0,48.0,3.0,48.0,0.0,62324,22,22,22,15,0.6818181818181818,0,0.0,0,1,0.0454545454545454,0,0.0,0.0,0.0,0.0,0.0,0.0,0.0,0.0,0.0,0.0,0.0,0.0,0,0.0,0,0.0,0.0,0.0,0.0,0.0,0.0,0.0,0.0,0.0,0.0,0.0,0.163600000007591,0,102092,C:\Users\Binich\PycharmProjects\PredictionRTS\output\learner_results\all_data\ETG-only\sce3_etg_run_0070\final_eval\eval_run_0070_web_batch_20260622_141137,web_batch_20260622_141137,48.0,3,55.02,17.980898956190355,original_final_eval_subset_lower_mean_high_variation,66.9,66.0,8.702141847112854,64.4,64.0,67
False,repeat_001::ep_13::line_13,ETG-only,sce-3,sce3_etg_run_0070,eval_run_0070_web_batch_20260622_141137,repeat_001,13,13,Win,True,45.0,45.0,3.0,45.0,0.0,3494,28,28,23,23,0.8214285714285714,0,0.0,0,1,0.0357142857142857,0,0.0,0.0,0.0,0.0,0.0,0.0,0.0,0.0,0.0,0.0,0.0,0.0,0,0.0,0,0.0,0.0,0.0,0.0,0.0,0.0,0.0,0.0,0.0,0.0,0.0,0.3385999999991895,0,182284,C:\Users\Binich\PycharmProjects\PredictionRTS\output\learner_results\all_data\ETG-only\sce3_etg_run_0070\final_eval\eval_run_0070_web_batch_20260622_141137,web_batch_20260622_141137,45.0,2,55.02,17.980898956190355,original_final_eval_subset_lower_mean_high_variation,66.9,66.0,8.702141847112854,64.4,64.0,68
False,repeat_001::ep_162::line_162,ETG-only,sce-3,sce3_etg_run_0070,eval_run_0070_web_batch_20260622_141137,repeat_001,162,162,Win,True,45.0,45.0,21.0,45.0,0.0,41242,22,22,21,20,0.9090909090909092,0,0.0,0,1,0.0454545454545454,0,0.0,0.0,0.0,0.0,0.0,0.0,0.0,0.0,0.0,0.0,0.0,0.0,0,0.0,0,0.0,0.0,0.0,0.0,0.0,0.0,0.0,0.0,0.0,0.0,0.0,0.2802999999858002,0,165161,C:\Users\Binich\PycharmProjects\PredictionRTS\output\learner_results\all_data\ETG-only\sce3_etg_run_0070\final_eval\eval_run_0070_web_batch_20260622_141137,web_batch_20260622_141137,45.0,2,55.02,17.980898956190355,original_final_eval_subset_lower_mean_high_variation,66.9,66.0,8.702141847112854,64.4,64.0,69
False,repeat_001::ep_167::line_167,ETG-only,sce-3,sce3_etg_run_0070,eval_run_0070_web_batch_20260622_141137,repeat_001,167,167,Win,True,45.0,45.0,15.0,45.0,0.0,42532,28,28,24,14,0.5,0,0.0,0,1,0.0357142857142857,0,0.0,0.0,0.0,0.0,0.0,0.0,0.0,0.0,0.0,0.0,0.0,0.0,0,0.0,0,0.0,0.0,0.0,0.0,0.0,0.0,0.0,0.0,0.0,0.0,0.0,0.2520000000174605,0,14838,C:\Users\Binich\PycharmProjects\PredictionRTS\output\learner_results\all_data\ETG-only\sce3_etg_run_0070\final_eval\eval_run_0070_web_batch_20260622_141137,web_batch_20260622_141137,45.0,2,55.02,17.980898956190355,original_final_eval_subset_lower_mean_high_variation,66.9,66.0,8.702141847112854,64.4,64.0,70
False,repeat_001::ep_186::line_186,ETG-only,sce-3,sce3_etg_run_0070,eval_run_0070_web_batch_20260622_141137,repeat_001,186,186,Win,True,45.0,45.0,3.0,45.0,0.0,48080,30,30,28,14,0.4666666666666667,0,0.0,0,1,0.0333333333333333,0,0.0,0.0,0.0,0.0,0.0,0.0,0.0,0.0,0.0,0.0,0.0,0.0,0,0.0,0,0.0,0.0,0.0,0.0,0.0,0.0,0.0,0.0,0.0,0.0,0.0,,0,ood:35682:71-10:agg:d0.500,C:\Users\Binich\PycharmProjects\PredictionRTS\output\learner_results\all_data\ETG-only\sce3_etg_run_0070\final_eval\eval_run_0070_web_batch_20260622_141137,web_batch_20260622_141137,45.0,3,55.02,17.980898956190355,original_final_eval_subset_lower_mean_high_variation,66.9,66.0,8.702141847112854,64.4,64.0,71
False,repeat_001::ep_207::line_207,ETG-only,sce-3,sce3_etg_run_0070,eval_run_0070_web_batch_20260622_141137,repeat_001,207,207,Win,True,45.0,45.0,9.0,45.0,0.0,53362,27,27,23,21,0.7777777777777778,0,0.0,0,0,0.0,0,0.0,0.0,0.0,0.0,0.0,0.0,0.0,0.0,0.0,0.0,0.0,0.0,0,0.0,0,0.0,0.0,0.0,0.0,0.0,0.0,0.0,0.0,0.0,0.0,0.0,,0,ood:14838:71-4:agg:d0.500,C:\Users\Binich\PycharmProjects\PredictionRTS\output\learner_results\all_data\ETG-only\sce3_etg_run_0070\final_eval\eval_run_0070_web_batch_20260622_141137,web_batch_20260622_141137,45.0,3,55.02,17.980898956190355,original_final_eval_subset_lower_mean_high_variation,66.9,66.0,8.702141847112854,64.4,64.0,72
False,repeat_001::ep_264::line_264,ETG-only,sce-3,sce3_etg_run_0070,eval_run_0070_web_batch_20260622_141137,repeat_001,264,264,Win,True,45.0,45.0,3.0,45.0,0.0,67626,22,22,22,15,0.6818181818181818,0,0.0,0,0,0.0,0,0.0,0.0,0.0,0.0,0.0,0.0,0.0,0.0,0.0,0.0,0.0,0.0,0,0.0,0,0.0,0.0,0.0,0.0,0.0,0.0,0.0,0.0,0.0,0.0,0.0,,0,ood:14838:71-4:agg:d0.500,C:\Users\Binich\PycharmProjects\PredictionRTS\output\learner_results\all_data\ETG-only\sce3_etg_run_0070\final_eval\eval_run_0070_web_batch_20260622_141137,web_batch_20260622_141137,45.0,3,55.02,17.980898956190355,original_final_eval_subset_lower_mean_high_variation,66.9,66.0,8.702141847112854,64.4,64.0,73
False,repeat_001::ep_181::line_181,ETG-only,sce-3,sce3_etg_run_0070,eval_run_0070_web_batch_20260622_141137,repeat_001,181,181,Win,True,42.0,42.0,3.0,42.0,0.0,46270,30,30,23,13,0.4333333333333333,0,0.0,0,2,0.0666666666666666,0,0.0,0.0,0.0,0.0,0.0,0.0,0.0,0.0,0.0,0.0,0.0,0.0,0,0.0,0,0.0,0.0,0.0,0.0,0.0,0.0,0.0,0.0,0.0,0.0,0.0,0.3623000000061438,0,25844,C:\Users\Binich\PycharmProjects\PredictionRTS\output\learner_results\all_data\ETG-only\sce3_etg_run_0070\final_eval\eval_run_0070_web_batch_20260622_141137,web_batch_20260622_141137,42.0,2,55.02,17.980898956190355,original_final_eval_subset_lower_mean_high_variation,66.9,66.0,8.702141847112854,64.4,64.0,74
False,repeat_001::ep_182::line_182,ETG-only,sce-3,sce3_etg_run_0070,eval_run_0070_web_batch_20260622_141137,repeat_001,182,182,Win,True,42.0,42.0,3.0,42.0,0.0,46982,72,72,28,8,0.1111111111111111,0,0.0,0,2,0.0277777777777777,0,0.0,0.0,0.0,0.0,0.0,0.0,0.0,0.0,0.0,0.0,0.0,0.0,0,0.0,0,0.0,0.0,0.0,0.0,0.0,0.0,0.0,0.0,0.0,0.0,0.0,0.165199999997867,0,25827,C:\Users\Binich\PycharmProjects\PredictionRTS\output\learner_results\all_data\ETG-only\sce3_etg_run_0070\final_eval\eval_run_0070_web_batch_20260622_141137,web_batch_20260622_141137,42.0,2,55.02,17.980898956190355,original_final_eval_subset_lower_mean_high_variation,66.9,66.0,8.702141847112854,64.4,64.0,75
False,repeat_001::ep_292::line_292,ETG-only,sce-3,sce3_etg_run_0070,eval_run_0070_web_batch_20260622_141137,repeat_001,292,292,Win,True,42.0,42.0,3.0,42.0,0.0,74852,25,25,25,15,0.6,0,0.0,0,1,0.04,0,0.0,0.0,0.0,0.0,0.0,0.0,0.0,0.0,0.0,0.0,0.0,0.0,0,0.0,0,0.0,0.0,0.0,0.0,0.0,0.0,0.0,0.0,0.0,0.0,0.0,0.1741000000379244,0,47617,C:\Users\Binich\PycharmProjects\PredictionRTS\output\learner_results\all_data\ETG-only\sce3_etg_run_0070\final_eval\eval_run_0070_web_batch_20260622_141137,web_batch_20260622_141137,42.0,2,55.02,17.980898956190355,original_final_eval_subset_lower_mean_high_variation,66.9,66.0,8.702141847112854,64.4,64.0,76
False,repeat_001::ep_5::line_5,ETG-only,sce-3,sce3_etg_run_0070,eval_run_0070_web_batch_20260622_141137,repeat_001,5,5,Win,True,39.0,39.0,3.0,39.0,0.0,1228,25,25,24,13,0.52,0,0.0,0,2,0.08,0,0.0,0.0,0.0,0.0,0.0,0.0,0.0,0.0,0.0,0.0,0.0,0.0,0,0.0,0,0.0,0.0,0.0,0.0,0.0,0.0,0.0,0.0,0.0,0.0,0.0,0.1717000000027724,0,33807,C:\Users\Binich\PycharmProjects\PredictionRTS\output\learner_results\all_data\ETG-only\sce3_etg_run_0070\final_eval\eval_run_0070_web_batch_20260622_141137,web_batch_20260622_141137,39.0,1,55.02,17.980898956190355,original_final_eval_subset_lower_mean_high_variation,66.9,66.0,8.702141847112854,64.4,64.0,77
False,repeat_001::ep_75::line_75,ETG-only,sce-3,sce3_etg_run_0070,eval_run_0070_web_batch_20260622_141137,repeat_001,75,75,Win,True,39.0,39.0,-3.0,39.0,0.0,18848,23,23,23,13,0.5652173913043478,0,0.0,0,1,0.0434782608695652,0,0.0,0.0,0.0,0.0,0.0,0.0,0.0,0.0,0.0,0.0,0.0,0.0,0,0.0,0,0.0,0.0,0.0,0.0,0.0,0.0,0.0,0.0,0.0,0.0,0.0,0.1854000000065525,0,189350,C:\Users\Binich\PycharmProjects\PredictionRTS\output\learner_results\all_data\ETG-only\sce3_etg_run_0070\final_eval\eval_run_0070_web_batch_20260622_141137,web_batch_20260622_141137,39.0,1,55.02,17.980898956190355,original_final_eval_subset_lower_mean_high_variation,66.9,66.0,8.702141847112854,64.4,64.0,78
False,repeat_001::ep_118::line_118,ETG-only,sce-3,sce3_etg_run_0070,eval_run_0070_web_batch_20260622_141137,repeat_001,118,118,Win,True,39.0,39.0,15.0,39.0,0.0,29724,23,23,23,15,0.6521739130434783,0,0.0,0,1,0.0434782608695652,0,0.0,0.0,0.0,0.0,0.0,0.0,0.0,0.0,0.0,0.0,0.0,0.0,0,0.0,0,0.0,0.0,0.0,0.0,0.0,0.0,0.0,0.0,0.0,0.0,0.0,0.2861999999765885,0,892,C:\Users\Binich\PycharmProjects\PredictionRTS\output\learner_results\all_data\ETG-only\sce3_etg_run_0070\final_eval\eval_run_0070_web_batch_20260622_141137,web_batch_20260622_141137,39.0,2,55.02,17.980898956190355,original_final_eval_subset_lower_mean_high_variation,66.9,66.0,8.702141847112854,64.4,64.0,79
False,repeat_001::ep_215::line_215,ETG-only,sce-3,sce3_etg_run_0070,eval_run_0070_web_batch_20260622_141137,repeat_001,215,215,Win,True,39.0,39.0,3.0,39.0,0.0,55428,29,29,26,13,0.4482758620689655,0,0.0,0,1,0.0344827586206896,0,0.0,0.0,0.0,0.0,0.0,0.0,0.0,0.0,0.0,0.0,0.0,0.0,0,0.0,0,0.0,0.0,0.0,0.0,0.0,0.0,0.0,0.0,0.0,0.0,0.0,0.2216000000316853,0,35682,C:\Users\Binich\PycharmProjects\PredictionRTS\output\learner_results\all_data\ETG-only\sce3_etg_run_0070\final_eval\eval_run_0070_web_batch_20260622_141137,web_batch_20260622_141137,39.0,2,55.02,17.980898956190355,original_final_eval_subset_lower_mean_high_variation,66.9,66.0,8.702141847112854,64.4,64.0,80
False,repeat_001::ep_249::line_249,ETG-only,sce-3,sce3_etg_run_0070,eval_run_0070_web_batch_20260622_141137,repeat_001,249,249,Win,True,39.0,39.0,3.0,39.0,0.0,63926,26,26,23,16,0.6153846153846154,0,0.0,0,2,0.0769230769230769,0,0.0,0.0,0.0,0.0,0.0,0.0,0.0,0.0,0.0,0.0,0.0,0.0,0,0.0,0,0.0,0.0,0.0,0.0,0.0,0.0,0.0,0.0,0.0,0.0,0.0,0.1637999999957173,0,29969,C:\Users\Binich\PycharmProjects\PredictionRTS\output\learner_results\all_data\ETG-only\sce3_etg_run_0070\final_eval\eval_run_0070_web_batch_20260622_141137,web_batch_20260622_141137,39.0,2,55.02,17.980898956190355,original_final_eval_subset_lower_mean_high_variation,66.9,66.0,8.702141847112854,64.4,64.0,81
False,repeat_001::ep_277::line_277,ETG-only,sce-3,sce3_etg_run_0070,eval_run_0070_web_batch_20260622_141137,repeat_001,277,277,Win,True,39.0,39.0,3.0,39.0,0.0,70932,30,30,25,15,0.5,0,0.0,0,2,0.0666666666666666,0,0.0,0.0,0.0,0.0,0.0,0.0,0.0,0.0,0.0,0.0,0.0,0.0,0,0.0,0,0.0,0.0,0.0,0.0,0.0,0.0,0.0,0.0,0.0,0.0,0.0,0.1765000000091277,0,33807,C:\Users\Binich\PycharmProjects\PredictionRTS\output\learner_results\all_data\ETG-only\sce3_etg_run_0070\final_eval\eval_run_0070_web_batch_20260622_141137,web_batch_20260622_141137,39.0,2,55.02,17.980898956190355,original_final_eval_subset_lower_mean_high_variation,66.9,66.0,8.702141847112854,64.4,64.0,82
False,repeat_001::ep_6::line_6,ETG-only,sce-3,sce3_etg_run_0070,eval_run_0070_web_batch_20260622_141137,repeat_001,6,6,Win,True,36.0,36.0,3.0,36.0,0.0,1500,28,28,24,23,0.8214285714285714,0,0.0,0,0,0.0,0,0.0,0.0,0.0,0.0,0.0,0.0,0.0,0.0,0.0,0.0,0.0,0.0,0,0.0,0,0.0,0.0,0.0,0.0,0.0,0.0,0.0,0.0,0.0,0.0,0.0,,0,ood:199170:338-1:agg:d0.500,C:\Users\Binich\PycharmProjects\PredictionRTS\output\learner_results\all_data\ETG-only\sce3_etg_run_0070\final_eval\eval_run_0070_web_batch_20260622_141137,web_batch_20260622_141137,36.0,1,55.02,17.980898956190355,original_final_eval_subset_lower_mean_high_variation,66.9,66.0,8.702141847112854,64.4,64.0,83
False,repeat_001::ep_143::line_143,ETG-only,sce-3,sce3_etg_run_0070,eval_run_0070_web_batch_20260622_141137,repeat_001,143,143,Win,True,36.0,36.0,3.0,36.0,0.0,36614,30,30,27,12,0.4,0,0.0,0,2,0.0666666666666666,0,0.0,0.0,0.0,0.0,0.0,0.0,0.0,0.0,0.0,0.0,0.0,0.0,0,0.0,0,0.0,0.0,0.0,0.0,0.0,0.0,0.0,0.0,0.0,0.0,0.0,0.2159999999946649,0,33795,C:\Users\Binich\PycharmProjects\PredictionRTS\output\learner_results\all_data\ETG-only\sce3_etg_run_0070\final_eval\eval_run_0070_web_batch_20260622_141137,web_batch_20260622_141137,36.0,1,55.02,17.980898956190355,original_final_eval_subset_lower_mean_high_variation,66.9,66.0,8.702141847112854,64.4,64.0,84
False,repeat_001::ep_227::line_227,ETG-only,sce-3,sce3_etg_run_0070,eval_run_0070_web_batch_20260622_141137,repeat_001,227,227,Win,True,36.0,36.0,3.0,36.0,0.0,58572,28,28,27,21,0.75,0,0.0,0,0,0.0,0,0.0,0.0,0.0,0.0,0.0,0.0,0.0,0.0,0.0,0.0,0.0,0.0,0,0.0,0,0.0,0.0,0.0,0.0,0.0,0.0,0.0,0.0,0.0,0.0,0.0,,0,ood:199170:338-1:agg:d0.500,C:\Users\Binich\PycharmProjects\PredictionRTS\output\learner_results\all_data\ETG-only\sce3_etg_run_0070\final_eval\eval_run_0070_web_batch_20260622_141137,web_batch_20260622_141137,36.0,1,55.02,17.980898956190355,original_final_eval_subset_lower_mean_high_variation,66.9,66.0,8.702141847112854,64.4,64.0,85
False,repeat_001::ep_3::line_3,ETG-only,sce-3,sce3_etg_run_0070,eval_run_0070_web_batch_20260622_141137,repeat_001,3,3,Win,True,33.0,33.0,3.0,33.0,0.0,714,24,24,24,14,0.5833333333333334,0,0.0,0,2,0.0833333333333333,0,0.0,0.0,0.0,0.0,0.0,0.0,0.0,0.0,0.0,0.0,0.0,0.0,0,0.0,0,0.0,0.0,0.0,0.0,0.0,0.0,0.0,0.0,0.0,0.0,0.0,0.2836000000030481,0,892,C:\Users\Binich\PycharmProjects\PredictionRTS\output\learner_results\all_data\ETG-only\sce3_etg_run_0070\final_eval\eval_run_0070_web_batch_20260622_141137,web_batch_20260622_141137,33.0,1,55.02,17.980898956190355,original_final_eval_subset_lower_mean_high_variation,66.9,66.0,8.702141847112854,64.4,64.0,86
False,repeat_001::ep_78::line_78,ETG-only,sce-3,sce3_etg_run_0070,eval_run_0070_web_batch_20260622_141137,repeat_001,78,78,Win,True,33.0,33.0,3.0,33.0,0.0,19634,27,27,27,13,0.4814814814814814,0,0.0,0,2,0.074074074074074,0,0.0,0.0,0.0,0.0,0.0,0.0,0.0,0.0,0.0,0.0,0.0,0.0,0,0.0,0,0.0,0.0,0.0,0.0,0.0,0.0,0.0,0.0,0.0,0.0,0.0,0.2467999999993253,0,14838,C:\Users\Binich\PycharmProjects\PredictionRTS\output\learner_results\all_data\ETG-only\sce3_etg_run_0070\final_eval\eval_run_0070_web_batch_20260622_141137,web_batch_20260622_141137,33.0,1,55.02,17.980898956190355,original_final_eval_subset_lower_mean_high_variation,66.9,66.0,8.702141847112854,64.4,64.0,87
False,repeat_001::ep_221::line_221,ETG-only,sce-3,sce3_etg_run_0070,eval_run_0070_web_batch_20260622_141137,repeat_001,221,221,Win,True,33.0,33.0,15.0,33.0,0.0,57000,28,28,28,13,0.4642857142857143,0,0.0,0,1,0.0357142857142857,0,0.0,0.0,0.0,0.0,0.0,0.0,0.0,0.0,0.0,0.0,0.0,0.0,0,0.0,0,0.0,0.0,0.0,0.0,0.0,0.0,0.0,0.0,0.0,0.0,0.0,0.1934000000005653,0,10032,C:\Users\Binich\PycharmProjects\PredictionRTS\output\learner_results\all_data\ETG-only\sce3_etg_run_0070\final_eval\eval_run_0070_web_batch_20260622_141137,web_batch_20260622_141137,33.0,1,55.02,17.980898956190355,original_final_eval_subset_lower_mean_high_variation,66.9,66.0,8.702141847112854,64.4,64.0,88
False,repeat_001::ep_300::line_300,ETG-only,sce-3,sce3_etg_run_0070,eval_run_0070_web_batch_20260622_141137,repeat_001,300,300,Win,True,33.0,33.0,3.0,33.0,0.0,77118,31,31,30,15,0.4838709677419355,0,0.0,0,0,0.0,0,0.0,0.0,0.0,0.0,0.0,0.0,0.0,0.0,0.0,0.0,0.0,0.0,0,0.0,0,0.0,0.0,0.0,0.0,0.0,0.0,0.0,0.0,0.0,0.0,0.0,,0,ood:10032:71-3:agg:d0.500,C:\Users\Binich\PycharmProjects\PredictionRTS\output\learner_results\all_data\ETG-only\sce3_etg_run_0070\final_eval\eval_run_0070_web_batch_20260622_141137,web_batch_20260622_141137,33.0,1,55.02,17.980898956190355,original_final_eval_subset_lower_mean_high_variation,66.9,66.0,8.702141847112854,64.4,64.0,89
False,repeat_001::ep_61::line_61,ETG-only,sce-3,sce3_etg_run_0070,eval_run_0070_web_batch_20260622_141137,repeat_001,61,61,Win,True,30.0,30.0,3.0,30.0,0.0,15530,30,30,23,13,0.4333333333333333,0,0.0,0,1,0.0333333333333333,0,0.0,0.0,0.0,0.0,0.0,0.0,0.0,0.0,0.0,0.0,0.0,0.0,0,0.0,0,0.0,0.0,0.0,0.0,0.0,0.0,0.0,0.0,0.0,0.0,0.0,0.1924000000030901,0,33795,C:\Users\Binich\PycharmProjects\PredictionRTS\output\learner_results\all_data\ETG-only\sce3_etg_run_0070\final_eval\eval_run_0070_web_batch_20260622_141137,web_batch_20260622_141137,30.0,0,55.02,17.980898956190355,original_final_eval_subset_lower_mean_high_variation,66.9,66.0,8.702141847112854,64.4,64.0,90
False,repeat_001::ep_294::line_294,ETG-only,sce-3,sce3_etg_run_0070,eval_run_0070_web_batch_20260622_141137,repeat_001,294,294,Win,True,30.0,30.0,3.0,30.0,0.0,75396,31,31,26,14,0.4516129032258064,0,0.0,0,1,0.032258064516129,0,0.0,0.0,0.0,0.0,0.0,0.0,0.0,0.0,0.0,0.0,0.0,0.0,0,0.0,0,0.0,0.0,0.0,0.0,0.0,0.0,0.0,0.0,0.0,0.0,0.0,0.1651000000038038,0,47617,C:\Users\Binich\PycharmProjects\PredictionRTS\output\learner_results\all_data\ETG-only\sce3_etg_run_0070\final_eval\eval_run_0070_web_batch_20260622_141137,web_batch_20260622_141137,30.0,1,55.02,17.980898956190355,original_final_eval_subset_lower_mean_high_variation,66.9,66.0,8.702141847112854,64.4,64.0,91
False,repeat_001::ep_156::line_156,ETG-only,sce-3,sce3_etg_run_0070,eval_run_0070_web_batch_20260622_141137,repeat_001,156,156,Win,True,27.0,27.0,3.0,27.0,0.0,39740,24,24,23,13,0.5416666666666666,0,0.0,0,1,0.0416666666666666,0,0.0,0.0,0.0,0.0,0.0,0.0,0.0,0.0,0.0,0.0,0.0,0.0,0,0.0,0,0.0,0.0,0.0,0.0,0.0,0.0,0.0,0.0,0.0,0.0,0.0,0.1710999999886553,0,892,C:\Users\Binich\PycharmProjects\PredictionRTS\output\learner_results\all_data\ETG-only\sce3_etg_run_0070\final_eval\eval_run_0070_web_batch_20260622_141137,web_batch_20260622_141137,27.0,0,55.02,17.980898956190355,original_final_eval_subset_lower_mean_high_variation,66.9,66.0,8.702141847112854,64.4,64.0,92
False,repeat_001::ep_283::line_283,ETG-only,sce-3,sce3_etg_run_0070,eval_run_0070_web_batch_20260622_141137,repeat_001,283,283,Win,True,27.0,27.0,9.0,27.0,0.0,72524,30,30,28,13,0.4333333333333333,0,0.0,0,3,0.1,0,0.0,0.0,0.0,0.0,0.0,0.0,0.0,0.0,0.0,0.0,0.0,0.0,0,0.0,0,0.0,0.0,0.0,0.0,0.0,0.0,0.0,0.0,0.0,0.0,0.0,0.2039999999965402,0,892,C:\Users\Binich\PycharmProjects\PredictionRTS\output\learner_results\all_data\ETG-only\sce3_etg_run_0070\final_eval\eval_run_0070_web_batch_20260622_141137,web_batch_20260622_141137,27.0,0,55.02,17.980898956190355,original_final_eval_subset_lower_mean_high_variation,66.9,66.0,8.702141847112854,64.4,64.0,93
False,repeat_001::ep_39::line_39,ETG-only,sce-3,sce3_etg_run_0070,eval_run_0070_web_batch_20260622_141137,repeat_001,39,39,Win,True,24.0,24.0,3.0,24.0,0.0,10096,34,34,25,12,0.3529411764705882,0,0.0,0,1,0.0294117647058823,0,0.0,0.0,0.0,0.0,0.0,0.0,0.0,0.0,0.0,0.0,0.0,0.0,0,0.0,0,0.0,0.0,0.0,0.0,0.0,0.0,0.0,0.0,0.0,0.0,0.0,0.1642000000003918,0,854,C:\Users\Binich\PycharmProjects\PredictionRTS\output\learner_results\all_data\ETG-only\sce3_etg_run_0070\final_eval\eval_run_0070_web_batch_20260622_141137,web_batch_20260622_141137,24.0,0,55.02,17.980898956190355,original_final_eval_subset_lower_mean_high_variation,66.9,66.0,8.702141847112854,64.4,64.0,94
False,repeat_001::ep_98::line_98,ETG-only,sce-3,sce3_etg_run_0070,eval_run_0070_web_batch_20260622_141137,repeat_001,98,98,Win,True,24.0,24.0,3.0,24.0,0.0,24794,26,26,25,16,0.6153846153846154,0,0.0,0,2,0.0769230769230769,0,0.0,0.0,0.0,0.0,0.0,0.0,0.0,0.0,0.0,0.0,0.0,0.0,0,0.0,0,0.0,0.0,0.0,0.0,0.0,0.0,0.0,0.0,0.0,0.0,0.0,0.2107999999907406,0,854,C:\Users\Binich\PycharmProjects\PredictionRTS\output\learner_results\all_data\ETG-only\sce3_etg_run_0070\final_eval\eval_run_0070_web_batch_20260622_141137,web_batch_20260622_141137,24.0,0,55.02,17.980898956190355,original_final_eval_subset_lower_mean_high_variation,66.9,66.0,8.702141847112854,64.4,64.0,95
False,repeat_001::ep_125::line_125,ETG-only,sce-3,sce3_etg_run_0070,eval_run_0070_web_batch_20260622_141137,repeat_001,125,125,Win,True,24.0,24.0,9.0,24.0,0.0,31588,23,23,23,17,0.7391304347826086,0,0.0,0,1,0.0434782608695652,0,0.0,0.0,0.0,0.0,0.0,0.0,0.0,0.0,0.0,0.0,0.0,0.0,0,0.0,0,0.0,0.0,0.0,0.0,0.0,0.0,0.0,0.0,0.0,0.0,0.0,0.2494999999953506,0,22158,C:\Users\Binich\PycharmProjects\PredictionRTS\output\learner_results\all_data\ETG-only\sce3_etg_run_0070\final_eval\eval_run_0070_web_batch_20260622_141137,web_batch_20260622_141137,24.0,0,55.02,17.980898956190355,original_final_eval_subset_lower_mean_high_variation,66.9,66.0,8.702141847112854,64.4,64.0,96
False,repeat_001::ep_248::line_248,ETG-only,sce-3,sce3_etg_run_0070,eval_run_0070_web_batch_20260622_141137,repeat_001,248,248,Win,True,24.0,24.0,3.0,24.0,0.0,63674,34,34,30,14,0.4117647058823529,0,0.0,0,1,0.0294117647058823,0,0.0,0.0,0.0,0.0,0.0,0.0,0.0,0.0,0.0,0.0,0.0,0.0,0,0.0,0,0.0,0.0,0.0,0.0,0.0,0.0,0.0,0.0,0.0,0.0,0.0,0.1755000000116524,0,854,C:\Users\Binich\PycharmProjects\PredictionRTS\output\learner_results\all_data\ETG-only\sce3_etg_run_0070\final_eval\eval_run_0070_web_batch_20260622_141137,web_batch_20260622_141137,24.0,0,55.02,17.980898956190355,original_final_eval_subset_lower_mean_high_variation,66.9,66.0,8.702141847112854,64.4,64.0,97
False,repeat_001::ep_7::line_7,ETG-only,sce-3,sce3_etg_run_0070,eval_run_0070_web_batch_20260622_141137,repeat_001,7,7,Win,True,21.0,21.0,-3.0,21.0,0.0,1812,32,32,26,12,0.375,0,0.0,0,2,0.0625,0,0.0,0.0,0.0,0.0,0.0,0.0,0.0,0.0,0.0,0.0,0.0,0.0,0,0.0,0,0.0,0.0,0.0,0.0,0.0,0.0,0.0,0.0,0.0,0.0,0.0,0.1522000000022672,0,33807,C:\Users\Binich\PycharmProjects\PredictionRTS\output\learner_results\all_data\ETG-only\sce3_etg_run_0070\final_eval\eval_run_0070_web_batch_20260622_141137,web_batch_20260622_141137,21.0,0,55.02,17.980898956190355,original_final_eval_subset_lower_mean_high_variation,66.9,66.0,8.702141847112854,64.4,64.0,98
False,repeat_001::ep_197::line_197,ETG-only,sce-3,sce3_etg_run_0070,eval_run_0070_web_batch_20260622_141137,repeat_001,197,197,Win,True,21.0,21.0,3.0,21.0,0.0,50842,27,27,26,15,0.5555555555555556,0,0.0,0,2,0.074074074074074,0,0.0,0.0,0.0,0.0,0.0,0.0,0.0,0.0,0.0,0.0,0.0,0.0,0,0.0,0,0.0,0.0,0.0,0.0,0.0,0.0,0.0,0.0,0.0,0.0,0.0,0.1613999999960924,0,33807,C:\Users\Binich\PycharmProjects\PredictionRTS\output\learner_results\all_data\ETG-only\sce3_etg_run_0070\final_eval\eval_run_0070_web_batch_20260622_141137,web_batch_20260622_141137,21.0,0,55.02,17.980898956190355,original_final_eval_subset_lower_mean_high_variation,66.9,66.0,8.702141847112854,64.4,64.0,99
False,repeat_001::ep_201::line_201,ETG-only,sce-3,sce3_etg_run_0070,eval_run_0070_web_batch_20260622_141137,repeat_001,201,201,Win,True,3.0,3.0,3.0,3.0,0.0,51920,34,34,27,14,0.4117647058823529,0,0.0,0,2,0.0588235294117647,0,0.0,0.0,0.0,0.0,0.0,0.0,0.0,0.0,0.0,0.0,0.0,0.0,0,0.0,0,0.0,0.0,0.0,0.0,0.0,0.0,0.0,0.0,0.0,0.0,0.0,0.1513999999929183,0,3432,C:\Users\Binich\PycharmProjects\PredictionRTS\output\learner_results\all_data\ETG-only\sce3_etg_run_0070\final_eval\eval_run_0070_web_batch_20260622_141137,web_batch_20260622_141137,3.0,0,55.02,17.980898956190355,original_final_eval_subset_lower_mean_high_variation,66.9,66.0,8.702141847112854,64.4,64.0,100
False,repeat_001::ep_30::line_30,ETG-only,sce-3m,sce3m_etg_run_0073,eval_run_0073_web_batch_20260622_141137,repeat_001,30,30,Win,True,87.0,87.0,-3.0,87.0,0.0,7078,26,26,22,25,0.9615384615384616,0,0.0,0,0,0.0,0,0.0,0.0,0.0,0.0,0.0,0.0,0.0,0.0,0.0,0.0,0.0,0.0,0,0.0,0,0.0,0.0,0.0,0.0,0.0,0.0,0.0,0.0,0.0,0.0,0.0,,0,ood:24305:131-2:agg:d1.500,C:\Users\Binich\PycharmProjects\PredictionRTS\output\learner_results\all_data\ETG-only\sce3m_etg_run_0073\final_eval\eval_run_0073_web_batch_20260622_141137,web_batch_20260622_141137,87.0,9,62.13,15.095423749660627,original_final_eval_subset_lower_mean_high_variation,62.25,60.0,6.946221994724902,60.16613340158253,58.0,1
False,repeat_001::ep_114::line_114,ETG-only,sce-3m,sce3m_etg_run_0073,eval_run_0073_web_batch_20260622_141137,repeat_001,114,114,Win,True,87.0,87.0,3.0,87.0,0.0,26836,25,25,23,23,0.92,0,0.0,0,1,0.04,0,0.0,0.0,0.0,0.0,0.0,0.0,0.0,0.0,0.0,0.0,0.0,0.0,0,0.0,0,0.0,0.0,0.0,0.0,0.0,0.0,0.0,0.0,0.0,0.0,0.0,0.2397000000087246,0,ood:77702:131-5:agg:d0.500,C:\Users\Binich\PycharmProjects\PredictionRTS\output\learner_results\all_data\ETG-only\sce3m_etg_run_0073\final_eval\eval_run_0073_web_batch_20260622_141137,web_batch_20260622_141137,87.0,9,62.13,15.095423749660627,original_final_eval_subset_lower_mean_high_variation,62.25,60.0,6.946221994724902,60.16613340158253,58.0,2
False,repeat_001::ep_197::line_197,ETG-only,sce-3m,sce3m_etg_run_0073,eval_run_0073_web_batch_20260622_141137,repeat_001,197,197,Win,True,84.0,84.0,3.0,84.0,0.0,46352,24,24,23,22,0.9166666666666666,0,0.0,0,1,0.0416666666666666,0,0.0,0.0,0.0,0.0,0.0,0.0,0.0,0.0,0.0,0.0,0.0,0.0,0,0.0,0,0.0,0.0,0.0,0.0,0.0,0.0,0.0,0.0,0.0,0.0,0.0,0.2851999999933241,0,ood:85627:88-13:agg:d1.000,C:\Users\Binich\PycharmProjects\PredictionRTS\output\learner_results\all_data\ETG-only\sce3m_etg_run_0073\final_eval\eval_run_0073_web_batch_20260622_141137,web_batch_20260622_141137,84.0,9,62.13,15.095423749660627,original_final_eval_subset_lower_mean_high_variation,62.25,60.0,6.946221994724902,60.16613340158253,58.0,3
False,repeat_001::ep_31::line_31,ETG-only,sce-3m,sce3m_etg_run_0073,eval_run_0073_web_batch_20260622_141137,repeat_001,31,31,Win,True,81.0,81.0,18.0,81.0,0.0,7310,24,24,22,22,0.9166666666666666,0,0.0,0,1,0.0416666666666666,0,0.0,0.0,0.0,0.0,0.0,0.0,0.0,0.0,0.0,0.0,0.0,0.0,0,0.0,0,0.0,0.0,0.0,0.0,0.0,0.0,0.0,0.0,0.0,0.0,0.0,0.1621999999983359,0,ood:59960:131-3:agg:d1.000,C:\Users\Binich\PycharmProjects\PredictionRTS\output\learner_results\all_data\ETG-only\sce3m_etg_run_0073\final_eval\eval_run_0073_web_batch_20260622_141137,web_batch_20260622_141137,81.0,9,62.13,15.095423749660627,original_final_eval_subset_lower_mean_high_variation,62.25,60.0,6.946221994724902,60.16613340158253,58.0,4
False,repeat_001::ep_44::line_44,ETG-only,sce-3m,sce3m_etg_run_0073,eval_run_0073_web_batch_20260622_141137,repeat_001,44,44,Win,True,81.0,81.0,9.0,81.0,0.0,10436,24,24,22,21,0.875,0,0.0,0,2,0.0833333333333333,0,0.0,0.0,0.0,0.0,0.0,0.0,0.0,0.0,0.0,0.0,0.0,0.0,0,0.0,0,0.0,0.0,0.0,0.0,0.0,0.0,0.0,0.0,0.0,0.0,0.0,0.2748000000032391,0,ood:24305:131-2:agg:d1.000,C:\Users\Binich\PycharmProjects\PredictionRTS\output\learner_results\all_data\ETG-only\sce3m_etg_run_0073\final_eval\eval_run_0073_web_batch_20260622_141137,web_batch_20260622_141137,81.0,9,62.13,15.095423749660627,original_final_eval_subset_lower_mean_high_variation,62.25,60.0,6.946221994724902,60.16613340158253,58.0,5
False,repeat_001::ep_282::line_282,ETG-only,sce-3m,sce3m_etg_run_0073,eval_run_0073_web_batch_20260622_141137,repeat_001,282,282,Win,True,81.0,81.0,21.0,81.0,0.0,66142,23,23,22,21,0.9130434782608696,0,0.0,0,1,0.0434782608695652,0,0.0,0.0,0.0,0.0,0.0,0.0,0.0,0.0,0.0,0.0,0.0,0.0,0,0.0,0,0.0,0.0,0.0,0.0,0.0,0.0,0.0,0.0,0.0,0.0,0.0,0.225999999997839,0,ood:24305:131-2:agg:d1.000,C:\Users\Binich\PycharmProjects\PredictionRTS\output\learner_results\all_data\ETG-only\sce3m_etg_run_0073\final_eval\eval_run_0073_web_batch_20260622_141137,web_batch_20260622_141137,81.0,9,62.13,15.095423749660627,original_final_eval_subset_lower_mean_high_variation,62.25,60.0,6.946221994724902,60.16613340158253,58.0,6
False,repeat_001::ep_37::line_37,ETG-only,sce-3m,sce3m_etg_run_0073,eval_run_0073_web_batch_20260622_141137,repeat_001,37,37,Win,True,78.0,78.0,3.0,78.0,0.0,8792,24,24,24,22,0.9166666666666666,0,0.0,0,1,0.0416666666666666,0,0.0,0.0,0.0,0.0,0.0,0.0,0.0,0.0,0.0,0.0,0.0,0.0,0,0.0,0,0.0,0.0,0.0,0.0,0.0,0.0,0.0,0.0,0.0,0.0,0.0,0.2363999999985822,0,ood:85627:88-13:agg:d0.500,C:\Users\Binich\PycharmProjects\PredictionRTS\output\learner_results\all_data\ETG-only\sce3m_etg_run_0073\final_eval\eval_run_0073_web_batch_20260622_141137,web_batch_20260622_141137,78.0,8,62.13,15.095423749660627,original_final_eval_subset_lower_mean_high_variation,62.25,60.0,6.946221994724902,60.16613340158253,58.0,7
False,repeat_001::ep_162::line_162,ETG-only,sce-3m,sce3m_etg_run_0073,eval_run_0073_web_batch_20260622_141137,repeat_001,162,162,Win,True,78.0,78.0,3.0,78.0,0.0,38072,25,25,24,24,0.96,0,0.0,0,0,0.0,0,0.0,0.0,0.0,0.0,0.0,0.0,0.0,0.0,0.0,0.0,0.0,0.0,0,0.0,0,0.0,0.0,0.0,0.0,0.0,0.0,0.0,0.0,0.0,0.0,0.0,,0,ood:100431:88-16:agg:d0.500,C:\Users\Binich\PycharmProjects\PredictionRTS\output\learner_results\all_data\ETG-only\sce3m_etg_run_0073\final_eval\eval_run_0073_web_batch_20260622_141137,web_batch_20260622_141137,78.0,9,62.13,15.095423749660627,original_final_eval_subset_lower_mean_high_variation,62.25,60.0,6.946221994724902,60.16613340158253,58.0,8
False,repeat_001::ep_222::line_222,ETG-only,sce-3m,sce3m_etg_run_0073,eval_run_0073_web_batch_20260622_141137,repeat_001,222,222,Win,True,78.0,78.0,9.0,78.0,0.0,52072,24,24,23,23,0.9583333333333334,0,0.0,0,0,0.0,0,0.0,0.0,0.0,0.0,0.0,0.0,0.0,0.0,0.0,0.0,0.0,0.0,0,0.0,0,0.0,0.0,0.0,0.0,0.0,0.0,0.0,0.0,0.0,0.0,0.0,,0,ood:96156:88-15:agg:d0.500,C:\Users\Binich\PycharmProjects\PredictionRTS\output\learner_results\all_data\ETG-only\sce3m_etg_run_0073\final_eval\eval_run_0073_web_batch_20260622_141137,web_batch_20260622_141137,78.0,9,62.13,15.095423749660627,original_final_eval_subset_lower_mean_high_variation,62.25,60.0,6.946221994724902,60.16613340158253,58.0,9
False,repeat_001::ep_233::line_233,ETG-only,sce-3m,sce3m_etg_run_0073,eval_run_0073_web_batch_20260622_141137,repeat_001,233,233,Win,True,78.0,78.0,9.0,78.0,0.0,54564,24,24,21,22,0.9166666666666666,0,0.0,0,1,0.0416666666666666,0,0.0,0.0,0.0,0.0,0.0,0.0,0.0,0.0,0.0,0.0,0.0,0.0,0,0.0,0,0.0,0.0,0.0,0.0,0.0,0.0,0.0,0.0,0.0,0.0,0.0,0.2814000000057604,0,ood:31058:88-5:agg:d1.000,C:\Users\Binich\PycharmProjects\PredictionRTS\output\learner_results\all_data\ETG-only\sce3m_etg_run_0073\final_eval\eval_run_0073_web_batch_20260622_141137,web_batch_20260622_141137,78.0,9,62.13,15.095423749660627,original_final_eval_subset_lower_mean_high_variation,62.25,60.0,6.946221994724902,60.16613340158253,58.0,10
False,repeat_001::ep_285::line_285,ETG-only,sce-3m,sce3m_etg_run_0073,eval_run_0073_web_batch_20260622_141137,repeat_001,285,285,Win,True,78.0,78.0,3.0,78.0,0.0,66868,23,23,21,22,0.9565217391304348,0,0.0,0,0,0.0,0,0.0,0.0,0.0,0.0,0.0,0.0,0.0,0.0,0.0,0.0,0.0,0.0,0,0.0,0,0.0,0.0,0.0,0.0,0.0,0.0,0.0,0.0,0.0,0.0,0.0,,0,ood:22272:134-1:agg:d1.000,C:\Users\Binich\PycharmProjects\PredictionRTS\output\learner_results\all_data\ETG-only\sce3m_etg_run_0073\final_eval\eval_run_0073_web_batch_20260622_141137,web_batch_20260622_141137,78.0,9,62.13,15.095423749660627,original_final_eval_subset_lower_mean_high_variation,62.25,60.0,6.946221994724902,60.16613340158253,58.0,11
False,repeat_001::ep_28::line_28,ETG-only,sce-3m,sce3m_etg_run_0073,eval_run_0073_web_batch_20260622_141137,repeat_001,28,28,Win,True,75.0,75.0,15.0,75.0,0.0,6604,23,23,22,20,0.8695652173913043,0,0.0,0,2,0.0869565217391304,0,0.0,0.0,0.0,0.0,0.0,0.0,0.0,0.0,0.0,0.0,0.0,0.0,0,0.0,0,0.0,0.0,0.0,0.0,0.0,0.0,0.0,0.0,0.0,0.0,0.0,0.2135000000009768,0,ood:24305:131-2:agg:d1.000,C:\Users\Binich\PycharmProjects\PredictionRTS\output\learner_results\all_data\ETG-only\sce3m_etg_run_0073\final_eval\eval_run_0073_web_batch_20260622_141137,web_batch_20260622_141137,75.0,8,62.13,15.095423749660627,original_final_eval_subset_lower_mean_high_variation,62.25,60.0,6.946221994724902,60.16613340158253,58.0,12
False,repeat_001::ep_83::line_83,ETG-only,sce-3m,sce3m_etg_run_0073,eval_run_0073_web_batch_20260622_141137,repeat_001,83,83,Win,True,75.0,75.0,9.0,75.0,0.0,19464,24,24,22,22,0.9166666666666666,0,0.0,0,1,0.0416666666666666,0,0.0,0.0,0.0,0.0,0.0,0.0,0.0,0.0,0.0,0.0,0.0,0.0,0,0.0,0,0.0,0.0,0.0,0.0,0.0,0.0,0.0,0.0,0.0,0.0,0.0,0.2487000000002126,0,ood:84761:131-10:agg:d1.000,C:\Users\Binich\PycharmProjects\PredictionRTS\output\learner_results\all_data\ETG-only\sce3m_etg_run_0073\final_eval\eval_run_0073_web_batch_20260622_141137,web_batch_20260622_141137,75.0,8,62.13,15.095423749660627,original_final_eval_subset_lower_mean_high_variation,62.25,60.0,6.946221994724902,60.16613340158253,58.0,13
False,repeat_001::ep_98::line_98,ETG-only,sce-3m,sce3m_etg_run_0073,eval_run_0073_web_batch_20260622_141137,repeat_001,98,98,Win,True,75.0,75.0,3.0,75.0,0.0,23024,25,25,22,24,0.96,0,0.0,0,0,0.0,0,0.0,0.0,0.0,0.0,0.0,0.0,0.0,0.0,0.0,0.0,0.0,0.0,0,0.0,0,0.0,0.0,0.0,0.0,0.0,0.0,0.0,0.0,0.0,0.0,0.0,,0,ood:59960:131-3:agg:d1.000,C:\Users\Binich\PycharmProjects\PredictionRTS\output\learner_results\all_data\ETG-only\sce3m_etg_run_0073\final_eval\eval_run_0073_web_batch_20260622_141137,web_batch_20260622_141137,75.0,8,62.13,15.095423749660627,original_final_eval_subset_lower_mean_high_variation,62.25,60.0,6.946221994724902,60.16613340158253,58.0,14
False,repeat_001::ep_198::line_198,ETG-only,sce-3m,sce3m_etg_run_0073,eval_run_0073_web_batch_20260622_141137,repeat_001,198,198,Win,True,75.0,75.0,3.0,75.0,0.0,46564,22,22,21,20,0.9090909090909092,0,0.0,0,1,0.0454545454545454,0,0.0,0.0,0.0,0.0,0.0,0.0,0.0,0.0,0.0,0.0,0.0,0.0,0,0.0,0,0.0,0.0,0.0,0.0,0.0,0.0,0.0,0.0,0.0,0.0,0.0,0.2984999999995352,0,ood:78115:131-6:agg:d1.000,C:\Users\Binich\PycharmProjects\PredictionRTS\output\learner_results\all_data\ETG-only\sce3m_etg_run_0073\final_eval\eval_run_0073_web_batch_20260622_141137,web_batch_20260622_141137,75.0,8,62.13,15.095423749660627,original_final_eval_subset_lower_mean_high_variation,62.25,60.0,6.946221994724902,60.16613340158253,58.0,15
False,repeat_001::ep_221::line_221,ETG-only,sce-3m,sce3m_etg_run_0073,eval_run_0073_web_batch_20260622_141137,repeat_001,221,221,Win,True,75.0,75.0,3.0,75.0,0.0,51840,23,23,21,21,0.9130434782608696,0,0.0,0,1,0.0434782608695652,0,0.0,0.0,0.0,0.0,0.0,0.0,0.0,0.0,0.0,0.0,0.0,0.0,0,0.0,0,0.0,0.0,0.0,0.0,0.0,0.0,0.0,0.0,0.0,0.0,0.0,0.2386999999828276,0,ood:24305:131-2:agg:d1.000,C:\Users\Binich\PycharmProjects\PredictionRTS\output\learner_results\all_data\ETG-only\sce3m_etg_run_0073\final_eval\eval_run_0073_web_batch_20260622_141137,web_batch_20260622_141137,75.0,8,62.13,15.095423749660627,original_final_eval_subset_lower_mean_high_variation,62.25,60.0,6.946221994724902,60.16613340158253,58.0,16
False,repeat_001::ep_258::line_258,ETG-only,sce-3m,sce3m_etg_run_0073,eval_run_0073_web_batch_20260622_141137,repeat_001,258,258,Win,True,75.0,75.0,15.0,75.0,0.0,60454,24,24,18,23,0.9583333333333334,0,0.0,0,0,0.0,0,0.0,0.0,0.0,0.0,0.0,0.0,0.0,0.0,0.0,0.0,0.0,0.0,0,0.0,0,0.0,0.0,0.0,0.0,0.0,0.0,0.0,0.0,0.0,0.0,0.0,,0,ood:78774:131-7:agg:d1.000,C:\Users\Binich\PycharmProjects\PredictionRTS\output\learner_results\all_data\ETG-only\sce3m_etg_run_0073\final_eval\eval_run_0073_web_batch_20260622_141137,web_batch_20260622_141137,75.0,8,62.13,15.095423749660627,original_final_eval_subset_lower_mean_high_variation,62.25,60.0,6.946221994724902,60.16613340158253,58.0,17
False,repeat_001::ep_6::line_6,ETG-only,sce-3m,sce3m_etg_run_0073,eval_run_0073_web_batch_20260622_141137,repeat_001,6,6,Win,True,72.0,72.0,3.0,72.0,0.0,1430,23,23,23,20,0.8695652173913043,0,0.0,0,2,0.0869565217391304,0,0.0,0.0,0.0,0.0,0.0,0.0,0.0,0.0,0.0,0.0,0.0,0.0,0,0.0,0,0.0,0.0,0.0,0.0,0.0,0.0,0.0,0.0,0.0,0.0,0.0,0.1932500000005887,0,ood:6232:88-1:agg:d0.500,C:\Users\Binich\PycharmProjects\PredictionRTS\output\learner_results\all_data\ETG-only\sce3m_etg_run_0073\final_eval\eval_run_0073_web_batch_20260622_141137,web_batch_20260622_141137,72.0,7,62.13,15.095423749660627,original_final_eval_subset_lower_mean_high_variation,62.25,60.0,6.946221994724902,60.16613340158253,58.0,18
False,repeat_001::ep_26::line_26,ETG-only,sce-3m,sce3m_etg_run_0073,eval_run_0073_web_batch_20260622_141137,repeat_001,26,26,Win,True,72.0,72.0,3.0,72.0,0.0,6160,25,25,24,22,0.88,0,0.0,0,1,0.04,0,0.0,0.0,0.0,0.0,0.0,0.0,0.0,0.0,0.0,0.0,0.0,0.0,0,0.0,0,0.0,0.0,0.0,0.0,0.0,0.0,0.0,0.0,0.0,0.0,0.0,0.1504000000025485,0,88115,C:\Users\Binich\PycharmProjects\PredictionRTS\output\learner_results\all_data\ETG-only\sce3m_etg_run_0073\final_eval\eval_run_0073_web_batch_20260622_141137,web_batch_20260622_141137,72.0,7,62.13,15.095423749660627,original_final_eval_subset_lower_mean_high_variation,62.25,60.0,6.946221994724902,60.16613340158253,58.0,19
False,repeat_001::ep_64::line_64,ETG-only,sce-3m,sce3m_etg_run_0073,eval_run_0073_web_batch_20260622_141137,repeat_001,64,64,Win,True,72.0,72.0,3.0,72.0,0.0,15156,22,22,20,20,0.9090909090909092,0,0.0,0,1,0.0454545454545454,0,0.0,0.0,0.0,0.0,0.0,0.0,0.0,0.0,0.0,0.0,0.0,0.0,0,0.0,0,0.0,0.0,0.0,0.0,0.0,0.0,0.0,0.0,0.0,0.0,0.0,0.2946999999977606,0,ood:79120:134-3:agg:d1.500,C:\Users\Binich\PycharmProjects\PredictionRTS\output\learner_results\all_data\ETG-only\sce3m_etg_run_0073\final_eval\eval_run_0073_web_batch_20260622_141137,web_batch_20260622_141137,72.0,7,62.13,15.095423749660627,original_final_eval_subset_lower_mean_high_variation,62.25,60.0,6.946221994724902,60.16613340158253,58.0,20
False,repeat_001::ep_85::line_85,ETG-only,sce-3m,sce3m_etg_run_0073,eval_run_0073_web_batch_20260622_141137,repeat_001,85,85,Win,True,72.0,72.0,3.0,72.0,0.0,19928,24,24,23,22,0.9166666666666666,0,0.0,0,1,0.0416666666666666,0,0.0,0.0,0.0,0.0,0.0,0.0,0.0,0.0,0.0,0.0,0.0,0.0,0,0.0,0,0.0,0.0,0.0,0.0,0.0,0.0,0.0,0.0,0.0,0.0,0.0,0.2339999999918518,0,ood:100431:88-16:agg:d0.500,C:\Users\Binich\PycharmProjects\PredictionRTS\output\learner_results\all_data\ETG-only\sce3m_etg_run_0073\final_eval\eval_run_0073_web_batch_20260622_141137,web_batch_20260622_141137,72.0,7,62.13,15.095423749660627,original_final_eval_subset_lower_mean_high_variation,62.25,60.0,6.946221994724902,60.16613340158253,58.0,21
False,repeat_001::ep_87::line_87,ETG-only,sce-3m,sce3m_etg_run_0073,eval_run_0073_web_batch_20260622_141137,repeat_001,87,87,Win,True,72.0,72.0,3.0,72.0,0.0,20392,24,24,23,21,0.875,0,0.0,0,1,0.0416666666666666,0,0.0,0.0,0.0,0.0,0.0,0.0,0.0,0.0,0.0,0.0,0.0,0.0,0,0.0,0,0.0,0.0,0.0,0.0,0.0,0.0,0.0,0.0,0.0,0.0,0.0,0.2200999999928399,0,88115,C:\Users\Binich\PycharmProjects\PredictionRTS\output\learner_results\all_data\ETG-only\sce3m_etg_run_0073\final_eval\eval_run_0073_web_batch_20260622_141137,web_batch_20260622_141137,72.0,7,62.13,15.095423749660627,original_final_eval_subset_lower_mean_high_variation,62.25,60.0,6.946221994724902,60.16613340158253,58.0,22
False,repeat_001::ep_125::line_125,ETG-only,sce-3m,sce3m_etg_run_0073,eval_run_0073_web_batch_20260622_141137,repeat_001,125,125,Win,True,72.0,72.0,12.0,72.0,0.0,29418,25,25,23,23,0.92,0,0.0,0,1,0.04,0,0.0,0.0,0.0,0.0,0.0,0.0,0.0,0.0,0.0,0.0,0.0,0.0,0,0.0,0,0.0,0.0,0.0,0.0,0.0,0.0,0.0,0.0,0.0,0.0,0.0,0.1734000000084279,0,ood:101472:88-17:agg:d0.500,C:\Users\Binich\PycharmProjects\PredictionRTS\output\learner_results\all_data\ETG-only\sce3m_etg_run_0073\final_eval\eval_run_0073_web_batch_20260622_141137,web_batch_20260622_141137,72.0,7,62.13,15.095423749660627,original_final_eval_subset_lower_mean_high_variation,62.25,60.0,6.946221994724902,60.16613340158253,58.0,23
False,repeat_001::ep_131::line_131,ETG-only,sce-3m,sce3m_etg_run_0073,eval_run_0073_web_batch_20260622_141137,repeat_001,131,131,Win,True,72.0,72.0,3.0,72.0,0.0,30790,23,23,22,22,0.9565217391304348,0,0.0,0,0,0.0,0,0.0,0.0,0.0,0.0,0.0,0.0,0.0,0.0,0.0,0.0,0.0,0.0,0,0.0,0,0.0,0.0,0.0,0.0,0.0,0.0,0.0,0.0,0.0,0.0,0.0,,0,ood:81023:88-11:agg:d0.500,C:\Users\Binich\PycharmProjects\PredictionRTS\output\learner_results\all_data\ETG-only\sce3m_etg_run_0073\final_eval\eval_run_0073_web_batch_20260622_141137,web_batch_20260622_141137,72.0,7,62.13,15.095423749660627,original_final_eval_subset_lower_mean_high_variation,62.25,60.0,6.946221994724902,60.16613340158253,58.0,24
False,repeat_001::ep_150::line_150,ETG-only,sce-3m,sce3m_etg_run_0073,eval_run_0073_web_batch_20260622_141137,repeat_001,150,150,Win,True,72.0,72.0,9.0,72.0,0.0,35248,22,22,19,20,0.9090909090909092,0,0.0,0,1,0.0454545454545454,0,0.0,0.0,0.0,0.0,0.0,0.0,0.0,0.0,0.0,0.0,0.0,0.0,0,0.0,0,0.0,0.0,0.0,0.0,0.0,0.0,0.0,0.0,0.0,0.0,0.0,0.172599999999079,0,ood:22272:134-1:agg:d0.500,C:\Users\Binich\PycharmProjects\PredictionRTS\output\learner_results\all_data\ETG-only\sce3m_etg_run_0073\final_eval\eval_run_0073_web_batch_20260622_141137,web_batch_20260622_141137,72.0,7,62.13,15.095423749660627,original_final_eval_subset_lower_mean_high_variation,62.25,60.0,6.946221994724902,60.16613340158253,58.0,25
False,repeat_001::ep_205::line_205,ETG-only,sce-3m,sce3m_etg_run_0073,eval_run_0073_web_batch_20260622_141137,repeat_001,205,205,Win,True,72.0,72.0,3.0,72.0,0.0,48158,23,23,22,20,0.8695652173913043,0,0.0,0,2,0.0869565217391304,0,0.0,0.0,0.0,0.0,0.0,0.0,0.0,0.0,0.0,0.0,0.0,0.0,0,0.0,0,0.0,0.0,0.0,0.0,0.0,0.0,0.0,0.0,0.0,0.0,0.0,0.2109500000102571,0,85627,C:\Users\Binich\PycharmProjects\PredictionRTS\output\learner_results\all_data\ETG-only\sce3m_etg_run_0073\final_eval\eval_run_0073_web_batch_20260622_141137,web_batch_20260622_141137,72.0,8,62.13,15.095423749660627,original_final_eval_subset_lower_mean_high_variation,62.25,60.0,6.946221994724902,60.16613340158253,58.0,26
False,repeat_001::ep_232::line_232,ETG-only,sce-3m,sce3m_etg_run_0073,eval_run_0073_web_batch_20260622_141137,repeat_001,232,232,Win,True,72.0,72.0,21.0,72.0,0.0,54332,23,23,21,21,0.9130434782608696,0,0.0,0,1,0.0434782608695652,0,0.0,0.0,0.0,0.0,0.0,0.0,0.0,0.0,0.0,0.0,0.0,0.0,0,0.0,0,0.0,0.0,0.0,0.0,0.0,0.0,0.0,0.0,0.0,0.0,0.0,0.1838000000020656,0,ood:100431:88-16:agg:d0.500,C:\Users\Binich\PycharmProjects\PredictionRTS\output\learner_results\all_data\ETG-only\sce3m_etg_run_0073\final_eval\eval_run_0073_web_batch_20260622_141137,web_batch_20260622_141137,72.0,8,62.13,15.095423749660627,original_final_eval_subset_lower_mean_high_variation,62.25,60.0,6.946221994724902,60.16613340158253,58.0,27
False,repeat_001::ep_291::line_291,ETG-only,sce-3m,sce3m_etg_run_0073,eval_run_0073_web_batch_20260622_141137,repeat_001,291,291,Win,True,72.0,72.0,15.0,72.0,0.0,68240,22,22,21,20,0.9090909090909092,0,0.0,0,1,0.0454545454545454,0,0.0,0.0,0.0,0.0,0.0,0.0,0.0,0.0,0.0,0.0,0.0,0.0,0,0.0,0,0.0,0.0,0.0,0.0,0.0,0.0,0.0,0.0,0.0,0.0,0.0,0.3181000000154199,0,ood:31058:88-5:agg:d0.500,C:\Users\Binich\PycharmProjects\PredictionRTS\output\learner_results\all_data\ETG-only\sce3m_etg_run_0073\final_eval\eval_run_0073_web_batch_20260622_141137,web_batch_20260622_141137,72.0,8,62.13,15.095423749660627,original_final_eval_subset_lower_mean_high_variation,62.25,60.0,6.946221994724902,60.16613340158253,58.0,28
False,repeat_001::ep_18::line_18,ETG-only,sce-3m,sce3m_etg_run_0073,eval_run_0073_web_batch_20260622_141137,repeat_001,18,18,Win,True,69.0,69.0,15.0,69.0,0.0,4274,23,23,22,21,0.9130434782608696,0,0.0,0,1,0.0434782608695652,0,0.0,0.0,0.0,0.0,0.0,0.0,0.0,0.0,0.0,0.0,0.0,0.0,0,0.0,0,0.0,0.0,0.0,0.0,0.0,0.0,0.0,0.0,0.0,0.0,0.0,0.1609999999985234,0,ood:16471:131-1:agg:d1.000,C:\Users\Binich\PycharmProjects\PredictionRTS\output\learner_results\all_data\ETG-only\sce3m_etg_run_0073\final_eval\eval_run_0073_web_batch_20260622_141137,web_batch_20260622_141137,69.0,6,62.13,15.095423749660627,original_final_eval_subset_lower_mean_high_variation,62.25,60.0,6.946221994724902,60.16613340158253,58.0,29
False,repeat_001::ep_24::line_24,ETG-only,sce-3m,sce3m_etg_run_0073,eval_run_0073_web_batch_20260622_141137,repeat_001,24,24,Win,True,69.0,69.0,3.0,69.0,0.0,5686,23,23,21,21,0.9130434782608696,0,0.0,0,1,0.0434782608695652,0,0.0,0.0,0.0,0.0,0.0,0.0,0.0,0.0,0.0,0.0,0.0,0.0,0,0.0,0,0.0,0.0,0.0,0.0,0.0,0.0,0.0,0.0,0.0,0.0,0.0,0.1583999999965613,0,ood:78115:131-6:agg:d0.500,C:\Users\Binich\PycharmProjects\PredictionRTS\output\learner_results\all_data\ETG-only\sce3m_etg_run_0073\final_eval\eval_run_0073_web_batch_20260622_141137,web_batch_20260622_141137,69.0,6,62.13,15.095423749660627,original_final_eval_subset_lower_mean_high_variation,62.25,60.0,6.946221994724902,60.16613340158253,58.0,30
False,repeat_001::ep_53::line_53,ETG-only,sce-3m,sce3m_etg_run_0073,eval_run_0073_web_batch_20260622_141137,repeat_001,53,53,Win,True,69.0,69.0,15.0,69.0,0.0,12614,23,23,22,21,0.9130434782608696,0,0.0,0,1,0.0434782608695652,0,0.0,0.0,0.0,0.0,0.0,0.0,0.0,0.0,0.0,0.0,0.0,0.0,0,0.0,0,0.0,0.0,0.0,0.0,0.0,0.0,0.0,0.0,0.0,0.0,0.0,0.1637000000016542,0,ood:24305:131-2:agg:d1.000,C:\Users\Binich\PycharmProjects\PredictionRTS\output\learner_results\all_data\ETG-only\sce3m_etg_run_0073\final_eval\eval_run_0073_web_batch_20260622_141137,web_batch_20260622_141137,69.0,6,62.13,15.095423749660627,original_final_eval_subset_lower_mean_high_variation,62.25,60.0,6.946221994724902,60.16613340158253,58.0,31
False,repeat_001::ep_95::line_95,ETG-only,sce-3m,sce3m_etg_run_0073,eval_run_0073_web_batch_20260622_141137,repeat_001,95,95,Win,True,69.0,69.0,0.0,69.0,0.0,22288,23,23,22,21,0.9130434782608696,0,0.0,0,1,0.0434782608695652,0,0.0,0.0,0.0,0.0,0.0,0.0,0.0,0.0,0.0,0.0,0.0,0.0,0,0.0,0,0.0,0.0,0.0,0.0,0.0,0.0,0.0,0.0,0.0,0.0,0.0,0.1719999999920674,0,ood:78115:131-6:agg:d0.500,C:\Users\Binich\PycharmProjects\PredictionRTS\output\learner_results\all_data\ETG-only\sce3m_etg_run_0073\final_eval\eval_run_0073_web_batch_20260622_141137,web_batch_20260622_141137,69.0,6,62.13,15.095423749660627,original_final_eval_subset_lower_mean_high_variation,62.25,60.0,6.946221994724902,60.16613340158253,58.0,32
False,repeat_001::ep_110::line_110,ETG-only,sce-3m,sce3m_etg_run_0073,eval_run_0073_web_batch_20260622_141137,repeat_001,110,110,Win,True,69.0,69.0,3.0,69.0,0.0,25908,28,28,27,26,0.9285714285714286,0,0.0,0,1,0.0357142857142857,0,0.0,0.0,0.0,0.0,0.0,0.0,0.0,0.0,0.0,0.0,0.0,0.0,0,0.0,0,0.0,0.0,0.0,0.0,0.0,0.0,0.0,0.0,0.0,0.0,0.0,0.3040999999939231,0,ood:82914:131-9:agg:d0.500,C:\Users\Binich\PycharmProjects\PredictionRTS\output\learner_results\all_data\ETG-only\sce3m_etg_run_0073\final_eval\eval_run_0073_web_batch_20260622_141137,web_batch_20260622_141137,69.0,6,62.13,15.095423749660627,original_final_eval_subset_lower_mean_high_variation,62.25,60.0,6.946221994724902,60.16613340158253,58.0,33
False,repeat_001::ep_147::line_147,ETG-only,sce-3m,sce3m_etg_run_0073,eval_run_0073_web_batch_20260622_141137,repeat_001,147,147,Win,True,69.0,69.0,3.0,69.0,0.0,34582,23,23,21,21,0.9130434782608696,0,0.0,0,1,0.0434782608695652,0,0.0,0.0,0.0,0.0,0.0,0.0,0.0,0.0,0.0,0.0,0.0,0.0,0,0.0,0,0.0,0.0,0.0,0.0,0.0,0.0,0.0,0.0,0.0,0.0,0.0,0.25229999999965,0,ood:84761:131-10:agg:d0.500,C:\Users\Binich\PycharmProjects\PredictionRTS\output\learner_results\all_data\ETG-only\sce3m_etg_run_0073\final_eval\eval_run_0073_web_batch_20260622_141137,web_batch_20260622_141137,69.0,6,62.13,15.095423749660627,original_final_eval_subset_lower_mean_high_variation,62.25,60.0,6.946221994724902,60.16613340158253,58.0,34
False,repeat_001::ep_184::line_184,ETG-only,sce-3m,sce3m_etg_run_0073,eval_run_0073_web_batch_20260622_141137,repeat_001,184,184,Win,True,69.0,69.0,3.0,69.0,0.0,43216,24,24,21,22,0.9166666666666666,0,0.0,0,1,0.0416666666666666,0,0.0,0.0,0.0,0.0,0.0,0.0,0.0,0.0,0.0,0.0,0.0,0.0,0,0.0,0,0.0,0.0,0.0,0.0,0.0,0.0,0.0,0.0,0.0,0.0,0.0,0.2297999999996136,0,ood:94742:131-12:agg:d1.000,C:\Users\Binich\PycharmProjects\PredictionRTS\output\learner_results\all_data\ETG-only\sce3m_etg_run_0073\final_eval\eval_run_0073_web_batch_20260622_141137,web_batch_20260622_141137,69.0,7,62.13,15.095423749660627,original_final_eval_subset_lower_mean_high_variation,62.25,60.0,6.946221994724902,60.16613340158253,58.0,35
False,repeat_001::ep_276::line_276,ETG-only,sce-3m,sce3m_etg_run_0073,eval_run_0073_web_batch_20260622_141137,repeat_001,276,276,Win,True,69.0,69.0,9.0,69.0,0.0,64690,23,23,21,22,0.9565217391304348,0,0.0,0,0,0.0,0,0.0,0.0,0.0,0.0,0.0,0.0,0.0,0.0,0.0,0.0,0.0,0.0,0,0.0,0,0.0,0.0,0.0,0.0,0.0,0.0,0.0,0.0,0.0,0.0,0.0,,0,ood:78774:131-7:agg:d0.500,C:\Users\Binich\PycharmProjects\PredictionRTS\output\learner_results\all_data\ETG-only\sce3m_etg_run_0073\final_eval\eval_run_0073_web_batch_20260622_141137,web_batch_20260622_141137,69.0,7,62.13,15.095423749660627,original_final_eval_subset_lower_mean_high_variation,62.25,60.0,6.946221994724902,60.16613340158253,58.0,36
False,repeat_001::ep_8::line_8,ETG-only,sce-3m,sce3m_etg_run_0073,eval_run_0073_web_batch_20260622_141137,repeat_001,8,8,Win,True,66.0,66.0,15.0,66.0,0.0,1914,23,23,20,21,0.9130434782608696,0,0.0,0,1,0.0434782608695652,0,0.0,0.0,0.0,0.0,0.0,0.0,0.0,0.0,0.0,0.0,0.0,0.0,0,0.0,0,0.0,0.0,0.0,0.0,0.0,0.0,0.0,0.0,0.0,0.0,0.0,0.1874999999991189,0,ood:6232:88-1:agg:d0.500,C:\Users\Binich\PycharmProjects\PredictionRTS\output\learner_results\all_data\ETG-only\sce3m_etg_run_0073\final_eval\eval_run_0073_web_batch_20260622_141137,web_batch_20260622_141137,66.0,5,62.13,15.095423749660627,original_final_eval_subset_lower_mean_high_variation,62.25,60.0,6.946221994724902,60.16613340158253,58.0,37
False,repeat_001::ep_9::line_9,ETG-only,sce-3m,sce3m_etg_run_0073,eval_run_0073_web_batch_20260622_141137,repeat_001,9,9,Win,True,66.0,66.0,-3.0,66.0,0.0,2146,24,24,24,20,0.8333333333333334,0,0.0,0,3,0.125,0,0.0,0.0,0.0,0.0,0.0,0.0,0.0,0.0,0.0,0.0,0.0,0.0,0,0.0,0,0.0,0.0,0.0,0.0,0.0,0.0,0.0,0.0,0.0,0.0,0.0,0.2827000000008202,0,85627,C:\Users\Binich\PycharmProjects\PredictionRTS\output\learner_results\all_data\ETG-only\sce3m_etg_run_0073\final_eval\eval_run_0073_web_batch_20260622_141137,web_batch_20260622_141137,66.0,5,62.13,15.095423749660627,original_final_eval_subset_lower_mean_high_variation,62.25,60.0,6.946221994724902,60.16613340158253,58.0,38
False,repeat_001::ep_17::line_17,ETG-only,sce-3m,sce3m_etg_run_0073,eval_run_0073_web_batch_20260622_141137,repeat_001,17,17,Win,True,66.0,66.0,9.0,66.0,0.0,4052,24,24,24,19,0.7916666666666666,0,0.0,0,3,0.125,0,0.0,0.0,0.0,0.0,0.0,0.0,0.0,0.0,0.0,0.0,0.0,0.0,0,0.0,0,0.0,0.0,0.0,0.0,0.0,0.0,0.0,0.0,0.0,0.0,0.0,0.1573000000014701,0,ood:88115:88-14:agg:d0.500,C:\Users\Binich\PycharmProjects\PredictionRTS\output\learner_results\all_data\ETG-only\sce3m_etg_run_0073\final_eval\eval_run_0073_web_batch_20260622_141137,web_batch_20260622_141137,66.0,5,62.13,15.095423749660627,original_final_eval_subset_lower_mean_high_variation,62.25,60.0,6.946221994724902,60.16613340158253,58.0,39
False,repeat_001::ep_97::line_97,ETG-only,sce-3m,sce3m_etg_run_0073,eval_run_0073_web_batch_20260622_141137,repeat_001,97,97,Win,True,66.0,66.0,9.0,66.0,0.0,22782,24,24,21,20,0.8333333333333334,0,0.0,0,3,0.125,0,0.0,0.0,0.0,0.0,0.0,0.0,0.0,0.0,0.0,0.0,0.0,0.0,0,0.0,0,0.0,0.0,0.0,0.0,0.0,0.0,0.0,0.0,0.0,0.0,0.0,0.2173999999968145,0,85627,C:\Users\Binich\PycharmProjects\PredictionRTS\output\learner_results\all_data\ETG-only\sce3m_etg_run_0073\final_eval\eval_run_0073_web_batch_20260622_141137,web_batch_20260622_141137,66.0,5,62.13,15.095423749660627,original_final_eval_subset_lower_mean_high_variation,62.25,60.0,6.946221994724902,60.16613340158253,58.0,40
False,repeat_001::ep_102::line_102,ETG-only,sce-3m,sce3m_etg_run_0073,eval_run_0073_web_batch_20260622_141137,repeat_001,102,102,Win,True,66.0,66.0,12.0,66.0,0.0,23942,23,23,20,22,0.9565217391304348,0,0.0,0,0,0.0,0,0.0,0.0,0.0,0.0,0.0,0.0,0.0,0.0,0.0,0.0,0.0,0.0,0,0.0,0,0.0,0.0,0.0,0.0,0.0,0.0,0.0,0.0,0.0,0.0,0.0,,0,ood:85627:88-13:agg:d0.500,C:\Users\Binich\PycharmProjects\PredictionRTS\output\learner_results\all_data\ETG-only\sce3m_etg_run_0073\final_eval\eval_run_0073_web_batch_20260622_141137,web_batch_20260622_141137,66.0,5,62.13,15.095423749660627,original_final_eval_subset_lower_mean_high_variation,62.25,60.0,6.946221994724902,60.16613340158253,58.0,41
False,repeat_001::ep_108::line_108,ETG-only,sce-3m,sce3m_etg_run_0073,eval_run_0073_web_batch_20260622_141137,repeat_001,108,108,Win,True,66.0,66.0,3.0,66.0,0.0,25404,24,24,20,22,0.9166666666666666,0,0.0,0,1,0.0416666666666666,0,0.0,0.0,0.0,0.0,0.0,0.0,0.0,0.0,0.0,0.0,0.0,0.0,0,0.0,0,0.0,0.0,0.0,0.0,0.0,0.0,0.0,0.0,0.0,0.0,0.0,0.336099999998396,0,ood:6232:88-1:agg:d0.500,C:\Users\Binich\PycharmProjects\PredictionRTS\output\learner_results\all_data\ETG-only\sce3m_etg_run_0073\final_eval\eval_run_0073_web_batch_20260622_141137,web_batch_20260622_141137,66.0,5,62.13,15.095423749660627,original_final_eval_subset_lower_mean_high_variation,62.25,60.0,6.946221994724902,60.16613340158253,58.0,42
False,repeat_001::ep_116::line_116,ETG-only,sce-3m,sce3m_etg_run_0073,eval_run_0073_web_batch_20260622_141137,repeat_001,116,116,Win,True,66.0,66.0,15.0,66.0,0.0,27280,23,23,20,21,0.9130434782608696,0,0.0,0,1,0.0434782608695652,0,0.0,0.0,0.0,0.0,0.0,0.0,0.0,0.0,0.0,0.0,0.0,0.0,0,0.0,0,0.0,0.0,0.0,0.0,0.0,0.0,0.0,0.0,0.0,0.0,0.0,0.1783999999958041,0,ood:6232:88-1:agg:d0.500,C:\Users\Binich\PycharmProjects\PredictionRTS\output\learner_results\all_data\ETG-only\sce3m_etg_run_0073\final_eval\eval_run_0073_web_batch_20260622_141137,web_batch_20260622_141137,66.0,5,62.13,15.095423749660627,original_final_eval_subset_lower_mean_high_variation,62.25,60.0,6.946221994724902,60.16613340158253,58.0,43
False,repeat_001::ep_187::line_187,ETG-only,sce-3m,sce3m_etg_run_0073,eval_run_0073_web_batch_20260622_141137,repeat_001,187,187,Win,True,66.0,66.0,15.0,66.0,0.0,43922,25,25,24,23,0.92,0,0.0,0,1,0.04,0,0.0,0.0,0.0,0.0,0.0,0.0,0.0,0.0,0.0,0.0,0.0,0.0,0,0.0,0,0.0,0.0,0.0,0.0,0.0,0.0,0.0,0.0,0.0,0.0,0.0,0.1981999999998152,0,ood:85627:88-13:agg:d0.500,C:\Users\Binich\PycharmProjects\PredictionRTS\output\learner_results\all_data\ETG-only\sce3m_etg_run_0073\final_eval\eval_run_0073_web_batch_20260622_141137,web_batch_20260622_141137,66.0,5,62.13,15.095423749660627,original_final_eval_subset_lower_mean_high_variation,62.25,60.0,6.946221994724902,60.16613340158253,58.0,44
False,repeat_001::ep_199::line_199,ETG-only,sce-3m,sce3m_etg_run_0073,eval_run_0073_web_batch_20260622_141137,repeat_001,199,199,Win,True,66.0,66.0,21.0,66.0,0.0,46786,23,23,23,20,0.8695652173913043,0,0.0,0,2,0.0869565217391304,0,0.0,0.0,0.0,0.0,0.0,0.0,0.0,0.0,0.0,0.0,0.0,0.0,0,0.0,0,0.0,0.0,0.0,0.0,0.0,0.0,0.0,0.0,0.0,0.0,0.0,0.2053999999986899,0,ood:31058:88-5:agg:d0.500,C:\Users\Binich\PycharmProjects\PredictionRTS\output\learner_results\all_data\ETG-only\sce3m_etg_run_0073\final_eval\eval_run_0073_web_batch_20260622_141137,web_batch_20260622_141137,66.0,5,62.13,15.095423749660627,original_final_eval_subset_lower_mean_high_variation,62.25,60.0,6.946221994724902,60.16613340158253,58.0,45
False,repeat_001::ep_214::line_214,ETG-only,sce-3m,sce3m_etg_run_0073,eval_run_0073_web_batch_20260622_141137,repeat_001,214,214,Win,True,66.0,66.0,3.0,66.0,0.0,50256,24,24,23,20,0.8333333333333334,0,0.0,0,3,0.125,0,0.0,0.0,0.0,0.0,0.0,0.0,0.0,0.0,0.0,0.0,0.0,0.0,0,0.0,0,0.0,0.0,0.0,0.0,0.0,0.0,0.0,0.0,0.0,0.0,0.0,0.2786333333422893,0,85627,C:\Users\Binich\PycharmProjects\PredictionRTS\output\learner_results\all_data\ETG-only\sce3m_etg_run_0073\final_eval\eval_run_0073_web_batch_20260622_141137,web_batch_20260622_141137,66.0,5,62.13,15.095423749660627,original_final_eval_subset_lower_mean_high_variation,62.25,60.0,6.946221994724902,60.16613340158253,58.0,46
False,repeat_001::ep_235::line_235,ETG-only,sce-3m,sce3m_etg_run_0073,eval_run_0073_web_batch_20260622_141137,repeat_001,235,235,Win,True,66.0,66.0,15.0,66.0,0.0,55048,24,24,22,23,0.9583333333333334,0,0.0,0,0,0.0,0,0.0,0.0,0.0,0.0,0.0,0.0,0.0,0.0,0.0,0.0,0.0,0.0,0,0.0,0,0.0,0.0,0.0,0.0,0.0,0.0,0.0,0.0,0.0,0.0,0.0,,0,ood:85627:88-13:agg:d0.500,C:\Users\Binich\PycharmProjects\PredictionRTS\output\learner_results\all_data\ETG-only\sce3m_etg_run_0073\final_eval\eval_run_0073_web_batch_20260622_141137,web_batch_20260622_141137,66.0,6,62.13,15.095423749660627,original_final_eval_subset_lower_mean_high_variation,62.25,60.0,6.946221994724902,60.16613340158253,58.0,47
False,repeat_001::ep_238::line_238,ETG-only,sce-3m,sce3m_etg_run_0073,eval_run_0073_web_batch_20260622_141137,repeat_001,238,238,Win,True,66.0,66.0,15.0,66.0,0.0,55744,23,23,21,20,0.8695652173913043,0,0.0,0,2,0.0869565217391304,0,0.0,0.0,0.0,0.0,0.0,0.0,0.0,0.0,0.0,0.0,0.0,0.0,0,0.0,0,0.0,0.0,0.0,0.0,0.0,0.0,0.0,0.0,0.0,0.0,0.0,0.2745999999973492,0,ood:6232:88-1:agg:d0.500,C:\Users\Binich\PycharmProjects\PredictionRTS\output\learner_results\all_data\ETG-only\sce3m_etg_run_0073\final_eval\eval_run_0073_web_batch_20260622_141137,web_batch_20260622_141137,66.0,6,62.13,15.095423749660627,original_final_eval_subset_lower_mean_high_variation,62.25,60.0,6.946221994724902,60.16613340158253,58.0,48
False,repeat_001::ep_251::line_251,ETG-only,sce-3m,sce3m_etg_run_0073,eval_run_0073_web_batch_20260622_141137,repeat_001,251,251,Win,True,66.0,66.0,-3.0,66.0,0.0,58840,24,24,23,22,0.9166666666666666,0,0.0,0,1,0.0416666666666666,0,0.0,0.0,0.0,0.0,0.0,0.0,0.0,0.0,0.0,0.0,0.0,0.0,0,0.0,0,0.0,0.0,0.0,0.0,0.0,0.0,0.0,0.0,0.0,0.0,0.0,0.3036000000236072,0,ood:85627:88-13:agg:d0.500,C:\Users\Binich\PycharmProjects\PredictionRTS\output\learner_results\all_data\ETG-only\sce3m_etg_run_0073\final_eval\eval_run_0073_web_batch_20260622_141137,web_batch_20260622_141137,66.0,6,62.13,15.095423749660627,original_final_eval_subset_lower_mean_high_variation,62.25,60.0,6.946221994724902,60.16613340158253,58.0,49
False,repeat_001::ep_271::line_271,ETG-only,sce-3m,sce3m_etg_run_0073,eval_run_0073_web_batch_20260622_141137,repeat_001,271,271,Win,True,66.0,66.0,9.0,66.0,0.0,63470,23,23,22,20,0.8695652173913043,0,0.0,0,2,0.0869565217391304,0,0.0,0.0,0.0,0.0,0.0,0.0,0.0,0.0,0.0,0.0,0.0,0.0,0,0.0,0,0.0,0.0,0.0,0.0,0.0,0.0,0.0,0.0,0.0,0.0,0.0,0.2539000000041369,0,ood:100431:88-16:agg:d0.500,C:\Users\Binich\PycharmProjects\PredictionRTS\output\learner_results\all_data\ETG-only\sce3m_etg_run_0073\final_eval\eval_run_0073_web_batch_20260622_141137,web_batch_20260622_141137,66.0,6,62.13,15.095423749660627,original_final_eval_subset_lower_mean_high_variation,62.25,60.0,6.946221994724902,60.16613340158253,58.0,50
False,repeat_001::ep_52::line_52,ETG-only,sce-3m,sce3m_etg_run_0073,eval_run_0073_web_batch_20260622_141137,repeat_001,52,52,Win,True,63.0,63.0,-3.0,63.0,0.0,12392,23,23,20,21,0.9130434782608696,0,0.0,0,1,0.0434782608695652,0,0.0,0.0,0.0,0.0,0.0,0.0,0.0,0.0,0.0,0.0,0.0,0.0,0,0.0,0,0.0,0.0,0.0,0.0,0.0,0.0,0.0,0.0,0.0,0.0,0.0,0.2224999999995702,0,ood:24305:131-2:agg:d1.000,C:\Users\Binich\PycharmProjects\PredictionRTS\output\learner_results\all_data\ETG-only\sce3m_etg_run_0073\final_eval\eval_run_0073_web_batch_20260622_141137,web_batch_20260622_141137,63.0,3,62.13,15.095423749660627,original_final_eval_subset_lower_mean_high_variation,62.25,60.0,6.946221994724902,60.16613340158253,58.0,51
False,repeat_001::ep_69::line_69,ETG-only,sce-3m,sce3m_etg_run_0073,eval_run_0073_web_batch_20260622_141137,repeat_001,69,69,Win,True,63.0,63.0,21.0,63.0,0.0,16266,22,22,20,18,0.8181818181818182,0,0.0,0,3,0.1363636363636363,0,0.0,0.0,0.0,0.0,0.0,0.0,0.0,0.0,0.0,0.0,0.0,0.0,0,0.0,0,0.0,0.0,0.0,0.0,0.0,0.0,0.0,0.0,0.0,0.0,0.0,0.2226000000007388,0,ood:16471:131-1:agg:d1.000,C:\Users\Binich\PycharmProjects\PredictionRTS\output\learner_results\all_data\ETG-only\sce3m_etg_run_0073\final_eval\eval_run_0073_web_batch_20260622_141137,web_batch_20260622_141137,63.0,4,62.13,15.095423749660627,original_final_eval_subset_lower_mean_high_variation,62.25,60.0,6.946221994724902,60.16613340158253,58.0,52
False,repeat_001::ep_70::line_70,ETG-only,sce-3m,sce3m_etg_run_0073,eval_run_0073_web_batch_20260622_141137,repeat_001,70,70,Win,True,63.0,63.0,0.0,63.0,0.0,16498,24,24,23,20,0.8333333333333334,0,0.0,0,3,0.125,0,0.0,0.0,0.0,0.0,0.0,0.0,0.0,0.0,0.0,0.0,0.0,0.0,0,0.0,0,0.0,0.0,0.0,0.0,0.0,0.0,0.0,0.0,0.0,0.0,0.0,0.2114333333338436,0,81492,C:\Users\Binich\PycharmProjects\PredictionRTS\output\learner_results\all_data\ETG-only\sce3m_etg_run_0073\final_eval\eval_run_0073_web_batch_20260622_141137,web_batch_20260622_141137,63.0,4,62.13,15.095423749660627,original_final_eval_subset_lower_mean_high_variation,62.25,60.0,6.946221994724902,60.16613340158253,58.0,53
False,repeat_001::ep_89::line_89,ETG-only,sce-3m,sce3m_etg_run_0073,eval_run_0073_web_batch_20260622_141137,repeat_001,89,89,Win,True,63.0,63.0,3.0,63.0,0.0,20856,25,25,25,19,0.76,0,0.0,0,5,0.2,0,0.0,0.0,0.0,0.0,0.0,0.0,0.0,0.0,0.0,0.0,0.0,0.0,0,0.0,0,0.0,0.0,0.0,0.0,0.0,0.0,0.0,0.0,0.0,0.0,0.0,0.1923600000026226,0,81492,C:\Users\Binich\PycharmProjects\PredictionRTS\output\learner_results\all_data\ETG-only\sce3m_etg_run_0073\final_eval\eval_run_0073_web_batch_20260622_141137,web_batch_20260622_141137,63.0,4,62.13,15.095423749660627,original_final_eval_subset_lower_mean_high_variation,62.25,60.0,6.946221994724902,60.16613340158253,58.0,54
False,repeat_001::ep_112::line_112,ETG-only,sce-3m,sce3m_etg_run_0073,eval_run_0073_web_batch_20260622_141137,repeat_001,112,112,Win,True,63.0,63.0,-3.0,63.0,0.0,26352,23,23,23,21,0.9130434782608696,0,0.0,0,1,0.0434782608695652,0,0.0,0.0,0.0,0.0,0.0,0.0,0.0,0.0,0.0,0.0,0.0,0.0,0,0.0,0,0.0,0.0,0.0,0.0,0.0,0.0,0.0,0.0,0.0,0.0,0.0,0.2412999999990006,0,ood:78115:131-6:agg:d0.500,C:\Users\Binich\PycharmProjects\PredictionRTS\output\learner_results\all_data\ETG-only\sce3m_etg_run_0073\final_eval\eval_run_0073_web_batch_20260622_141137,web_batch_20260622_141137,63.0,4,62.13,15.095423749660627,original_final_eval_subset_lower_mean_high_variation,62.25,60.0,6.946221994724902,60.16613340158253,58.0,55
False,repeat_001::ep_149::line_149,ETG-only,sce-3m,sce3m_etg_run_0073,eval_run_0073_web_batch_20260622_141137,repeat_001,149,149,Win,True,63.0,63.0,0.0,63.0,0.0,35036,23,23,20,21,0.9130434782608696,0,0.0,0,1,0.0434782608695652,0,0.0,0.0,0.0,0.0,0.0,0.0,0.0,0.0,0.0,0.0,0.0,0.0,0,0.0,0,0.0,0.0,0.0,0.0,0.0,0.0,0.0,0.0,0.0,0.0,0.0,0.3176000000024714,0,101551,C:\Users\Binich\PycharmProjects\PredictionRTS\output\learner_results\all_data\ETG-only\sce3m_etg_run_0073\final_eval\eval_run_0073_web_batch_20260622_141137,web_batch_20260622_141137,63.0,4,62.13,15.095423749660627,original_final_eval_subset_lower_mean_high_variation,62.25,60.0,6.946221994724902,60.16613340158253,58.0,56
False,repeat_001::ep_185::line_185,ETG-only,sce-3m,sce3m_etg_run_0073,eval_run_0073_web_batch_20260622_141137,repeat_001,185,185,Win,True,63.0,63.0,-3.0,63.0,0.0,43458,25,25,23,22,0.88,0,0.0,0,2,0.08,0,0.0,0.0,0.0,0.0,0.0,0.0,0.0,0.0,0.0,0.0,0.0,0.0,0,0.0,0,0.0,0.0,0.0,0.0,0.0,0.0,0.0,0.0,0.0,0.0,0.0,0.1937500000082082,0,80271,C:\Users\Binich\PycharmProjects\PredictionRTS\output\learner_results\all_data\ETG-only\sce3m_etg_run_0073\final_eval\eval_run_0073_web_batch_20260622_141137,web_batch_20260622_141137,63.0,4,62.13,15.095423749660627,original_final_eval_subset_lower_mean_high_variation,62.25,60.0,6.946221994724902,60.16613340158253,58.0,57
False,repeat_001::ep_186::line_186,ETG-only,sce-3m,sce3m_etg_run_0073,eval_run_0073_web_batch_20260622_141137,repeat_001,186,186,Win,True,63.0,63.0,15.0,63.0,0.0,43680,23,23,22,21,0.9130434782608696,0,0.0,0,1,0.0434782608695652,0,0.0,0.0,0.0,0.0,0.0,0.0,0.0,0.0,0.0,0.0,0.0,0.0,0,0.0,0,0.0,0.0,0.0,0.0,0.0,0.0,0.0,0.0,0.0,0.0,0.0,0.214499999998452,0,ood:24305:131-2:agg:d1.000,C:\Users\Binich\PycharmProjects\PredictionRTS\output\learner_results\all_data\ETG-only\sce3m_etg_run_0073\final_eval\eval_run_0073_web_batch_20260622_141137,web_batch_20260622_141137,63.0,4,62.13,15.095423749660627,original_final_eval_subset_lower_mean_high_variation,62.25,60.0,6.946221994724902,60.16613340158253,58.0,58
False,repeat_001::ep_189::line_189,ETG-only,sce-3m,sce3m_etg_run_0073,eval_run_0073_web_batch_20260622_141137,repeat_001,189,189,Win,True,63.0,63.0,9.0,63.0,0.0,44406,22,22,20,20,0.9090909090909092,0,0.0,0,1,0.0454545454545454,0,0.0,0.0,0.0,0.0,0.0,0.0,0.0,0.0,0.0,0.0,0.0,0.0,0,0.0,0,0.0,0.0,0.0,0.0,0.0,0.0,0.0,0.0,0.0,0.0,0.0,0.1797000000038906,0,ood:59960:131-3:agg:d0.500,C:\Users\Binich\PycharmProjects\PredictionRTS\output\learner_results\all_data\ETG-only\sce3m_etg_run_0073\final_eval\eval_run_0073_web_batch_20260622_141137,web_batch_20260622_141137,63.0,4,62.13,15.095423749660627,original_final_eval_subset_lower_mean_high_variation,62.25,60.0,6.946221994724902,60.16613340158253,58.0,59
False,repeat_001::ep_200::line_200,ETG-only,sce-3m,sce3m_etg_run_0073,eval_run_0073_web_batch_20260622_141137,repeat_001,200,200,Win,True,63.0,63.0,3.0,63.0,0.0,47018,24,24,24,22,0.9166666666666666,0,0.0,0,1,0.0416666666666666,0,0.0,0.0,0.0,0.0,0.0,0.0,0.0,0.0,0.0,0.0,0.0,0.0,0,0.0,0,0.0,0.0,0.0,0.0,0.0,0.0,0.0,0.0,0.0,0.0,0.0,0.1697999999805688,0,ood:24305:131-2:agg:d0.500,C:\Users\Binich\PycharmProjects\PredictionRTS\output\learner_results\all_data\ETG-only\sce3m_etg_run_0073\final_eval\eval_run_0073_web_batch_20260622_141137,web_batch_20260622_141137,63.0,4,62.13,15.095423749660627,original_final_eval_subset_lower_mean_high_variation,62.25,60.0,6.946221994724902,60.16613340158253,58.0,60
False,repeat_001::ep_260::line_260,ETG-only,sce-3m,sce3m_etg_run_0073,eval_run_0073_web_batch_20260622_141137,repeat_001,260,260,Win,True,63.0,63.0,3.0,63.0,0.0,60888,24,24,24,22,0.9166666666666666,0,0.0,0,1,0.0416666666666666,0,0.0,0.0,0.0,0.0,0.0,0.0,0.0,0.0,0.0,0.0,0.0,0.0,0,0.0,0,0.0,0.0,0.0,0.0,0.0,0.0,0.0,0.0,0.0,0.0,0.0,0.3731000000186668,0,101551,C:\Users\Binich\PycharmProjects\PredictionRTS\output\learner_results\all_data\ETG-only\sce3m_etg_run_0073\final_eval\eval_run_0073_web_batch_20260622_141137,web_batch_20260622_141137,63.0,4,62.13,15.095423749660627,original_final_eval_subset_lower_mean_high_variation,62.25,60.0,6.946221994724902,60.16613340158253,58.0,61
False,repeat_001::ep_42::line_42,ETG-only,sce-3m,sce3m_etg_run_0073,eval_run_0073_web_batch_20260622_141137,repeat_001,42,42,Win,True,60.0,60.0,0.0,60.0,0.0,9972,26,26,25,24,0.9230769230769232,0,0.0,0,1,0.0384615384615384,0,0.0,0.0,0.0,0.0,0.0,0.0,0.0,0.0,0.0,0.0,0.0,0.0,0,0.0,0,0.0,0.0,0.0,0.0,0.0,0.0,0.0,0.0,0.0,0.0,0.0,0.3158000000027527,0,6232,C:\Users\Binich\PycharmProjects\PredictionRTS\output\learner_results\all_data\ETG-only\sce3m_etg_run_0073\final_eval\eval_run_0073_web_batch_20260622_141137,web_batch_20260622_141137,60.0,2,62.13,15.095423749660627,original_final_eval_subset_lower_mean_high_variation,62.25,60.0,6.946221994724902,60.16613340158253,58.0,62
False,repeat_001::ep_66::line_66,ETG-only,sce-3m,sce3m_etg_run_0073,eval_run_0073_web_batch_20260622_141137,repeat_001,66,66,Win,True,60.0,60.0,3.0,60.0,0.0,15600,24,24,21,20,0.8333333333333334,0,0.0,0,1,0.0416666666666666,0,0.0,0.0,0.0,0.0,0.0,0.0,0.0,0.0,0.0,0.0,0.0,0.0,0,0.0,0,0.0,0.0,0.0,0.0,0.0,0.0,0.0,0.0,0.0,0.0,0.0,0.1512999999988551,0,102845,C:\Users\Binich\PycharmProjects\PredictionRTS\output\learner_results\all_data\ETG-only\sce3m_etg_run_0073\final_eval\eval_run_0073_web_batch_20260622_141137,web_batch_20260622_141137,60.0,2,62.13,15.095423749660627,original_final_eval_subset_lower_mean_high_variation,62.25,60.0,6.946221994724902,60.16613340158253,58.0,63
False,repeat_001::ep_109::line_109,ETG-only,sce-3m,sce3m_etg_run_0073,eval_run_0073_web_batch_20260622_141137,repeat_001,109,109,Win,True,60.0,60.0,9.0,60.0,0.0,25636,24,24,23,18,0.75,0,0.0,0,2,0.0833333333333333,0,0.0,0.0,0.0,0.0,0.0,0.0,0.0,0.0,0.0,0.0,0.0,0.0,0,0.0,0,0.0,0.0,0.0,0.0,0.0,0.0,0.0,0.0,0.0,0.0,0.0,0.297950000003766,0,6232,C:\Users\Binich\PycharmProjects\PredictionRTS\output\learner_results\all_data\ETG-only\sce3m_etg_run_0073\final_eval\eval_run_0073_web_batch_20260622_141137,web_batch_20260622_141137,60.0,3,62.13,15.095423749660627,original_final_eval_subset_lower_mean_high_variation,62.25,60.0,6.946221994724902,60.16613340158253,58.0,64
False,repeat_001::ep_115::line_115,ETG-only,sce-3m,sce3m_etg_run_0073,eval_run_0073_web_batch_20260622_141137,repeat_001,115,115,Win,True,60.0,60.0,3.0,60.0,0.0,27058,23,23,22,20,0.8695652173913043,0,0.0,0,2,0.0869565217391304,0,0.0,0.0,0.0,0.0,0.0,0.0,0.0,0.0,0.0,0.0,0.0,0.0,0,0.0,0,0.0,0.0,0.0,0.0,0.0,0.0,0.0,0.0,0.0,0.0,0.0,0.2576000000047429,0,ood:22272:134-1:agg:d1.000,C:\Users\Binich\PycharmProjects\PredictionRTS\output\learner_results\all_data\ETG-only\sce3m_etg_run_0073\final_eval\eval_run_0073_web_batch_20260622_141137,web_batch_20260622_141137,60.0,3,62.13,15.095423749660627,original_final_eval_subset_lower_mean_high_variation,62.25,60.0,6.946221994724902,60.16613340158253,58.0,65
False,repeat_001::ep_128::line_128,ETG-only,sce-3m,sce3m_etg_run_0073,eval_run_0073_web_batch_20260622_141137,repeat_001,128,128,Win,True,60.0,60.0,3.0,60.0,0.0,30114,23,23,22,17,0.7391304347826086,0,0.0,0,5,0.217391304347826,0,0.0,0.0,0.0,0.0,0.0,0.0,0.0,0.0,0.0,0.0,0.0,0.0,0,0.0,0,0.0,0.0,0.0,0.0,0.0,0.0,0.0,0.0,0.0,0.0,0.0,0.2100249999976711,0,6232,C:\Users\Binich\PycharmProjects\PredictionRTS\output\learner_results\all_data\ETG-only\sce3m_etg_run_0073\final_eval\eval_run_0073_web_batch_20260622_141137,web_batch_20260622_141137,60.0,3,62.13,15.095423749660627,original_final_eval_subset_lower_mean_high_variation,62.25,60.0,6.946221994724902,60.16613340158253,58.0,66
False,repeat_001::ep_203::line_203,ETG-only,sce-3m,sce3m_etg_run_0073,eval_run_0073_web_batch_20260622_141137,repeat_001,203,203,Win,True,60.0,60.0,12.0,60.0,0.0,47694,22,22,21,19,0.8636363636363636,0,0.0,0,2,0.0909090909090909,0,0.0,0.0,0.0,0.0,0.0,0.0,0.0,0.0,0.0,0.0,0.0,0.0,0,0.0,0,0.0,0.0,0.0,0.0,0.0,0.0,0.0,0.0,0.0,0.0,0.0,0.252999999986514,0,ood:31058:88-5:agg:d0.500,C:\Users\Binich\PycharmProjects\PredictionRTS\output\learner_results\all_data\ETG-only\sce3m_etg_run_0073\final_eval\eval_run_0073_web_batch_20260622_141137,web_batch_20260622_141137,60.0,3,62.13,15.095423749660627,original_final_eval_subset_lower_mean_high_variation,62.25,60.0,6.946221994724902,60.16613340158253,58.0,67
False,repeat_001::ep_236::line_236,ETG-only,sce-3m,sce3m_etg_run_0073,eval_run_0073_web_batch_20260622_141137,repeat_001,236,236,Win,True,60.0,60.0,15.0,60.0,0.0,55270,23,23,22,20,0.8695652173913043,0,0.0,0,2,0.0869565217391304,0,0.0,0.0,0.0,0.0,0.0,0.0,0.0,0.0,0.0,0.0,0.0,0.0,0,0.0,0,0.0,0.0,0.0,0.0,0.0,0.0,0.0,0.0,0.0,0.0,0.0,0.2109000000132255,0,88115,C:\Users\Binich\PycharmProjects\PredictionRTS\output\learner_results\all_data\ETG-only\sce3m_etg_run_0073\final_eval\eval_run_0073_web_batch_20260622_141137,web_batch_20260622_141137,60.0,3,62.13,15.095423749660627,original_final_eval_subset_lower_mean_high_variation,62.25,60.0,6.946221994724902,60.16613340158253,58.0,68
False,repeat_001::ep_247::line_247,ETG-only,sce-3m,sce3m_etg_run_0073,eval_run_0073_web_batch_20260622_141137,repeat_001,247,247,Win,True,60.0,60.0,9.0,60.0,0.0,57902,24,24,24,20,0.8333333333333334,0,0.0,0,2,0.0833333333333333,0,0.0,0.0,0.0,0.0,0.0,0.0,0.0,0.0,0.0,0.0,0.0,0.0,0,0.0,0,0.0,0.0,0.0,0.0,0.0,0.0,0.0,0.0,0.0,0.0,0.0,0.1985000000104264,0,96156,C:\Users\Binich\PycharmProjects\PredictionRTS\output\learner_results\all_data\ETG-only\sce3m_etg_run_0073\final_eval\eval_run_0073_web_batch_20260622_141137,web_batch_20260622_141137,60.0,3,62.13,15.095423749660627,original_final_eval_subset_lower_mean_high_variation,62.25,60.0,6.946221994724902,60.16613340158253,58.0,69
False,repeat_001::ep_249::line_249,ETG-only,sce-3m,sce3m_etg_run_0073,eval_run_0073_web_batch_20260622_141137,repeat_001,249,249,Win,True,60.0,60.0,9.0,60.0,0.0,58376,25,25,23,21,0.84,0,0.0,0,3,0.12,0,0.0,0.0,0.0,0.0,0.0,0.0,0.0,0.0,0.0,0.0,0.0,0.0,0,0.0,0,0.0,0.0,0.0,0.0,0.0,0.0,0.0,0.0,0.0,0.0,0.0,0.2986000000078093,0,102845,C:\Users\Binich\PycharmProjects\PredictionRTS\output\learner_results\all_data\ETG-only\sce3m_etg_run_0073\final_eval\eval_run_0073_web_batch_20260622_141137,web_batch_20260622_141137,60.0,3,62.13,15.095423749660627,original_final_eval_subset_lower_mean_high_variation,62.25,60.0,6.946221994724902,60.16613340158253,58.0,70
False,repeat_001::ep_257::line_257,ETG-only,sce-3m,sce3m_etg_run_0073,eval_run_0073_web_batch_20260622_141137,repeat_001,257,257,Win,True,60.0,60.0,3.0,60.0,0.0,60222,24,24,23,21,0.875,0,0.0,0,1,0.0416666666666666,0,0.0,0.0,0.0,0.0,0.0,0.0,0.0,0.0,0.0,0.0,0.0,0.0,0,0.0,0,0.0,0.0,0.0,0.0,0.0,0.0,0.0,0.0,0.0,0.0,0.0,0.2422999999964759,0,ood:6232:88-1:agg:d0.500,C:\Users\Binich\PycharmProjects\PredictionRTS\output\learner_results\all_data\ETG-only\sce3m_etg_run_0073\final_eval\eval_run_0073_web_batch_20260622_141137,web_batch_20260622_141137,60.0,3,62.13,15.095423749660627,original_final_eval_subset_lower_mean_high_variation,62.25,60.0,6.946221994724902,60.16613340158253,58.0,71
False,repeat_001::ep_288::line_288,ETG-only,sce-3m,sce3m_etg_run_0073,eval_run_0073_web_batch_20260622_141137,repeat_001,288,288,Win,True,60.0,60.0,9.0,60.0,0.0,67554,24,24,23,22,0.9166666666666666,0,0.0,0,1,0.0416666666666666,0,0.0,0.0,0.0,0.0,0.0,0.0,0.0,0.0,0.0,0.0,0.0,0.0,0,0.0,0,0.0,0.0,0.0,0.0,0.0,0.0,0.0,0.0,0.0,0.0,0.0,0.2393999999981133,0,ood:41954:88-6:agg:d0.500,C:\Users\Binich\PycharmProjects\PredictionRTS\output\learner_results\all_data\ETG-only\sce3m_etg_run_0073\final_eval\eval_run_0073_web_batch_20260622_141137,web_batch_20260622_141137,60.0,3,62.13,15.095423749660627,original_final_eval_subset_lower_mean_high_variation,62.25,60.0,6.946221994724902,60.16613340158253,58.0,72
False,repeat_001::ep_38::line_38,ETG-only,sce-3m,sce3m_etg_run_0073,eval_run_0073_web_batch_20260622_141137,repeat_001,38,38,Win,True,57.0,57.0,6.0,57.0,0.0,9024,24,24,23,20,0.8333333333333334,0,0.0,0,3,0.125,0,0.0,0.0,0.0,0.0,0.0,0.0,0.0,0.0,0.0,0.0,0.0,0.0,0,0.0,0,0.0,0.0,0.0,0.0,0.0,0.0,0.0,0.0,0.0,0.0,0.0,0.2467666666656024,0,4155,C:\Users\Binich\PycharmProjects\PredictionRTS\output\learner_results\all_data\ETG-only\sce3m_etg_run_0073\final_eval\eval_run_0073_web_batch_20260622_141137,web_batch_20260622_141137,57.0,2,62.13,15.095423749660627,original_final_eval_subset_lower_mean_high_variation,62.25,60.0,6.946221994724902,60.16613340158253,58.0,73
False,repeat_001::ep_81::line_81,ETG-only,sce-3m,sce3m_etg_run_0073,eval_run_0073_web_batch_20260622_141137,repeat_001,81,81,Win,True,57.0,57.0,3.0,57.0,0.0,19020,24,24,22,19,0.7916666666666666,0,0.0,0,4,0.1666666666666666,0,0.0,0.0,0.0,0.0,0.0,0.0,0.0,0.0,0.0,0.0,0.0,0.0,0,0.0,0,0.0,0.0,0.0,0.0,0.0,0.0,0.0,0.0,0.0,0.0,0.0,0.2221000000020012,0,ood:16471:131-1:agg:d0.500,C:\Users\Binich\PycharmProjects\PredictionRTS\output\learner_results\all_data\ETG-only\sce3m_etg_run_0073\final_eval\eval_run_0073_web_batch_20260622_141137,web_batch_20260622_141137,57.0,2,62.13,15.095423749660627,original_final_eval_subset_lower_mean_high_variation,62.25,60.0,6.946221994724902,60.16613340158253,58.0,74
False,repeat_001::ep_137::line_137,ETG-only,sce-3m,sce3m_etg_run_0073,eval_run_0073_web_batch_20260622_141137,repeat_001,137,137,Win,True,57.0,57.0,9.0,57.0,0.0,32182,24,24,22,18,0.75,0,0.0,0,4,0.1666666666666666,0,0.0,0.0,0.0,0.0,0.0,0.0,0.0,0.0,0.0,0.0,0.0,0.0,0,0.0,0,0.0,0.0,0.0,0.0,0.0,0.0,0.0,0.0,0.0,0.0,0.0,0.3018499999996038,0,80271,C:\Users\Binich\PycharmProjects\PredictionRTS\output\learner_results\all_data\ETG-only\sce3m_etg_run_0073\final_eval\eval_run_0073_web_batch_20260622_141137,web_batch_20260622_141137,57.0,2,62.13,15.095423749660627,original_final_eval_subset_lower_mean_high_variation,62.25,60.0,6.946221994724902,60.16613340158253,58.0,75
False,repeat_001::ep_194::line_194,ETG-only,sce-3m,sce3m_etg_run_0073,eval_run_0073_web_batch_20260622_141137,repeat_001,194,194,Win,True,57.0,57.0,3.0,57.0,0.0,45656,24,24,23,21,0.875,0,0.0,0,2,0.0833333333333333,0,0.0,0.0,0.0,0.0,0.0,0.0,0.0,0.0,0.0,0.0,0.0,0.0,0,0.0,0,0.0,0.0,0.0,0.0,0.0,0.0,0.0,0.0,0.0,0.0,0.0,0.3801999999950567,0,ood:94742:131-12:agg:d0.500,C:\Users\Binich\PycharmProjects\PredictionRTS\output\learner_results\all_data\ETG-only\sce3m_etg_run_0073\final_eval\eval_run_0073_web_batch_20260622_141137,web_batch_20260622_141137,57.0,2,62.13,15.095423749660627,original_final_eval_subset_lower_mean_high_variation,62.25,60.0,6.946221994724902,60.16613340158253,58.0,76
False,repeat_001::ep_242::line_242,ETG-only,sce-3m,sce3m_etg_run_0073,eval_run_0073_web_batch_20260622_141137,repeat_001,242,242,Win,True,57.0,57.0,3.0,57.0,0.0,56722,27,27,26,20,0.7407407407407407,0,0.0,0,3,0.1111111111111111,0,0.0,0.0,0.0,0.0,0.0,0.0,0.0,0.0,0.0,0.0,0.0,0.0,0,0.0,0,0.0,0.0,0.0,0.0,0.0,0.0,0.0,0.0,0.0,0.0,0.0,0.2028333333328191,0,80271,C:\Users\Binich\PycharmProjects\PredictionRTS\output\learner_results\all_data\ETG-only\sce3m_etg_run_0073\final_eval\eval_run_0073_web_batch_20260622_141137,web_batch_20260622_141137,57.0,2,62.13,15.095423749660627,original_final_eval_subset_lower_mean_high_variation,62.25,60.0,6.946221994724902,60.16613340158253,58.0,77
False,repeat_001::ep_248::line_248,ETG-only,sce-3m,sce3m_etg_run_0073,eval_run_0073_web_batch_20260622_141137,repeat_001,248,248,Win,True,57.0,57.0,3.0,57.0,0.0,58134,24,24,23,18,0.75,0,0.0,0,5,0.2083333333333333,0,0.0,0.0,0.0,0.0,0.0,0.0,0.0,0.0,0.0,0.0,0.0,0.0,0,0.0,0,0.0,0.0,0.0,0.0,0.0,0.0,0.0,0.0,0.0,0.0,0.0,0.2556400000003123,0,4155,C:\Users\Binich\PycharmProjects\PredictionRTS\output\learner_results\all_data\ETG-only\sce3m_etg_run_0073\final_eval\eval_run_0073_web_batch_20260622_141137,web_batch_20260622_141137,57.0,2,62.13,15.095423749660627,original_final_eval_subset_lower_mean_high_variation,62.25,60.0,6.946221994724902,60.16613340158253,58.0,78
False,repeat_001::ep_2::line_2,ETG-only,sce-3m,sce3m_etg_run_0073,eval_run_0073_web_batch_20260622_141137,repeat_001,2,2,Win,True,54.0,54.0,3.0,54.0,0.0,502,25,25,24,23,0.92,0,0.0,0,0,0.0,0,0.0,0.0,0.0,0.0,0.0,0.0,0.0,0.0,0.0,0.0,0.0,0.0,0,0.0,0,0.0,0.0,0.0,0.0,0.0,0.0,0.0,0.0,0.0,0.0,0.0,,0,ood:103241:88-21:agg:d0.500,C:\Users\Binich\PycharmProjects\PredictionRTS\output\learner_results\all_data\ETG-only\sce3m_etg_run_0073\final_eval\eval_run_0073_web_batch_20260622_141137,web_batch_20260622_141137,54.0,1,62.13,15.095423749660627,original_final_eval_subset_lower_mean_high_variation,62.25,60.0,6.946221994724902,60.16613340158253,58.0,79
False,repeat_001::ep_72::line_72,ETG-only,sce-3m,sce3m_etg_run_0073,eval_run_0073_web_batch_20260622_141137,repeat_001,72,72,Win,True,54.0,54.0,3.0,54.0,0.0,16962,25,25,23,22,0.88,0,0.0,0,2,0.08,0,0.0,0.0,0.0,0.0,0.0,0.0,0.0,0.0,0.0,0.0,0.0,0.0,0,0.0,0,0.0,0.0,0.0,0.0,0.0,0.0,0.0,0.0,0.0,0.0,0.0,0.2307000000030257,0,ood:6232:88-1:agg:d0.500,C:\Users\Binich\PycharmProjects\PredictionRTS\output\learner_results\all_data\ETG-only\sce3m_etg_run_0073\final_eval\eval_run_0073_web_batch_20260622_141137,web_batch_20260622_141137,54.0,1,62.13,15.095423749660627,original_final_eval_subset_lower_mean_high_variation,62.25,60.0,6.946221994724902,60.16613340158253,58.0,80
False,repeat_001::ep_117::line_117,ETG-only,sce-3m,sce3m_etg_run_0073,eval_run_0073_web_batch_20260622_141137,repeat_001,117,117,Win,True,54.0,54.0,21.0,54.0,0.0,27522,25,25,22,23,0.92,0,0.0,0,1,0.04,0,0.0,0.0,0.0,0.0,0.0,0.0,0.0,0.0,0.0,0.0,0.0,0.0,0,0.0,0,0.0,0.0,0.0,0.0,0.0,0.0,0.0,0.0,0.0,0.0,0.0,0.3153999999909729,0,ood:85627:88-13:agg:d0.500,C:\Users\Binich\PycharmProjects\PredictionRTS\output\learner_results\all_data\ETG-only\sce3m_etg_run_0073\final_eval\eval_run_0073_web_batch_20260622_141137,web_batch_20260622_141137,54.0,1,62.13,15.095423749660627,original_final_eval_subset_lower_mean_high_variation,62.25,60.0,6.946221994724902,60.16613340158253,58.0,81
False,repeat_001::ep_126::line_126,ETG-only,sce-3m,sce3m_etg_run_0073,eval_run_0073_web_batch_20260622_141137,repeat_001,126,126,Win,True,54.0,54.0,3.0,54.0,0.0,29650,24,24,22,18,0.75,0,0.0,0,4,0.1666666666666666,0,0.0,0.0,0.0,0.0,0.0,0.0,0.0,0.0,0.0,0.0,0.0,0.0,0,0.0,0,0.0,0.0,0.0,0.0,0.0,0.0,0.0,0.0,0.0,0.0,0.0,0.1849249999956725,0,100431,C:\Users\Binich\PycharmProjects\PredictionRTS\output\learner_results\all_data\ETG-only\sce3m_etg_run_0073\final_eval\eval_run_0073_web_batch_20260622_141137,web_batch_20260622_141137,54.0,1,62.13,15.095423749660627,original_final_eval_subset_lower_mean_high_variation,62.25,60.0,6.946221994724902,60.16613340158253,58.0,82
False,repeat_001::ep_144::line_144,ETG-only,sce-3m,sce3m_etg_run_0073,eval_run_0073_web_batch_20260622_141137,repeat_001,144,144,Win,True,54.0,54.0,-3.0,54.0,0.0,33886,27,27,23,25,0.925925925925926,0,0.0,0,1,0.037037037037037,0,0.0,0.0,0.0,0.0,0.0,0.0,0.0,0.0,0.0,0.0,0.0,0.0,0,0.0,0,0.0,0.0,0.0,0.0,0.0,0.0,0.0,0.0,0.0,0.0,0.0,0.2501999999964255,0,ood:85627:88-13:agg:d0.500,C:\Users\Binich\PycharmProjects\PredictionRTS\output\learner_results\all_data\ETG-only\sce3m_etg_run_0073\final_eval\eval_run_0073_web_batch_20260622_141137,web_batch_20260622_141137,54.0,1,62.13,15.095423749660627,original_final_eval_subset_lower_mean_high_variation,62.25,60.0,6.946221994724902,60.16613340158253,58.0,83
False,repeat_001::ep_265::line_265,ETG-only,sce-3m,sce3m_etg_run_0073,eval_run_0073_web_batch_20260622_141137,repeat_001,265,265,Win,True,54.0,54.0,3.0,54.0,0.0,62068,25,25,24,21,0.84,0,0.0,0,2,0.08,0,0.0,0.0,0.0,0.0,0.0,0.0,0.0,0.0,0.0,0.0,0.0,0.0,0,0.0,0,0.0,0.0,0.0,0.0,0.0,0.0,0.0,0.0,0.0,0.0,0.0,0.3027000000059843,0,31058,C:\Users\Binich\PycharmProjects\PredictionRTS\output\learner_results\all_data\ETG-only\sce3m_etg_run_0073\final_eval\eval_run_0073_web_batch_20260622_141137,web_batch_20260622_141137,54.0,2,62.13,15.095423749660627,original_final_eval_subset_lower_mean_high_variation,62.25,60.0,6.946221994724902,60.16613340158253,58.0,84
False,repeat_001::ep_294::line_294,ETG-only,sce-3m,sce3m_etg_run_0073,eval_run_0073_web_batch_20260622_141137,repeat_001,294,294,Win,True,54.0,54.0,15.0,54.0,0.0,68926,24,24,24,19,0.7916666666666666,0,0.0,0,4,0.1666666666666666,0,0.0,0.0,0.0,0.0,0.0,0.0,0.0,0.0,0.0,0.0,0.0,0.0,0,0.0,0,0.0,0.0,0.0,0.0,0.0,0.0,0.0,0.0,0.0,0.0,0.0,0.2472000000039997,0,41954,C:\Users\Binich\PycharmProjects\PredictionRTS\output\learner_results\all_data\ETG-only\sce3m_etg_run_0073\final_eval\eval_run_0073_web_batch_20260622_141137,web_batch_20260622_141137,54.0,2,62.13,15.095423749660627,original_final_eval_subset_lower_mean_high_variation,62.25,60.0,6.946221994724902,60.16613340158253,58.0,85
False,repeat_001::ep_56::line_56,ETG-only,sce-3m,sce3m_etg_run_0073,eval_run_0073_web_batch_20260622_141137,repeat_001,56,56,Win,True,51.0,51.0,3.0,51.0,0.0,13330,26,26,23,16,0.6153846153846154,0,0.0,0,5,0.1923076923076923,0,0.0,0.0,0.0,0.0,0.0,0.0,0.0,0.0,0.0,0.0,0.0,0.0,0,0.0,0,0.0,0.0,0.0,0.0,0.0,0.0,0.0,0.0,0.0,0.0,0.0,0.2226749999980626,0,4155,C:\Users\Binich\PycharmProjects\PredictionRTS\output\learner_results\all_data\ETG-only\sce3m_etg_run_0073\final_eval\eval_run_0073_web_batch_20260622_141137,web_batch_20260622_141137,51.0,1,62.13,15.095423749660627,original_final_eval_subset_lower_mean_high_variation,62.25,60.0,6.946221994724902,60.16613340158253,58.0,86
False,repeat_001::ep_240::line_240,ETG-only,sce-3m,sce3m_etg_run_0073,eval_run_0073_web_batch_20260622_141137,repeat_001,240,240,Win,True,51.0,51.0,9.0,51.0,0.0,56208,24,24,24,19,0.7916666666666666,0,0.0,0,2,0.0833333333333333,0,0.0,0.0,0.0,0.0,0.0,0.0,0.0,0.0,0.0,0.0,0.0,0.0,0,0.0,0,0.0,0.0,0.0,0.0,0.0,0.0,0.0,0.0,0.0,0.0,0.0,0.2534000000053993,0,71414,C:\Users\Binich\PycharmProjects\PredictionRTS\output\learner_results\all_data\ETG-only\sce3m_etg_run_0073\final_eval\eval_run_0073_web_batch_20260622_141137,web_batch_20260622_141137,51.0,1,62.13,15.095423749660627,original_final_eval_subset_lower_mean_high_variation,62.25,60.0,6.946221994724902,60.16613340158253,58.0,87
False,repeat_001::ep_244::line_244,ETG-only,sce-3m,sce3m_etg_run_0073,eval_run_0073_web_batch_20260622_141137,repeat_001,244,244,Win,True,51.0,51.0,0.0,51.0,0.0,57226,24,24,22,16,0.6666666666666666,0,0.0,0,6,0.25,0,0.0,0.0,0.0,0.0,0.0,0.0,0.0,0.0,0.0,0.0,0.0,0.0,0,0.0,0,0.0,0.0,0.0,0.0,0.0,0.0,0.0,0.0,0.0,0.0,0.0,0.2514333333323293,0,80271,C:\Users\Binich\PycharmProjects\PredictionRTS\output\learner_results\all_data\ETG-only\sce3m_etg_run_0073\final_eval\eval_run_0073_web_batch_20260622_141137,web_batch_20260622_141137,51.0,1,62.13,15.095423749660627,original_final_eval_subset_lower_mean_high_variation,62.25,60.0,6.946221994724902,60.16613340158253,58.0,88
False,repeat_001::ep_274::line_274,ETG-only,sce-3m,sce3m_etg_run_0073,eval_run_0073_web_batch_20260622_141137,repeat_001,274,274,Win,True,51.0,51.0,3.0,51.0,0.0,64206,25,25,22,18,0.72,0,0.0,0,5,0.2,0,0.0,0.0,0.0,0.0,0.0,0.0,0.0,0.0,0.0,0.0,0.0,0.0,0,0.0,0,0.0,0.0,0.0,0.0,0.0,0.0,0.0,0.0,0.0,0.0,0.0,0.2611599999966074,0,4155,C:\Users\Binich\PycharmProjects\PredictionRTS\output\learner_results\all_data\ETG-only\sce3m_etg_run_0073\final_eval\eval_run_0073_web_batch_20260622_141137,web_batch_20260622_141137,51.0,1,62.13,15.095423749660627,original_final_eval_subset_lower_mean_high_variation,62.25,60.0,6.946221994724902,60.16613340158253,58.0,89
False,repeat_001::ep_286::line_286,ETG-only,sce-3m,sce3m_etg_run_0073,eval_run_0073_web_batch_20260622_141137,repeat_001,286,286,Win,True,51.0,51.0,3.0,51.0,0.0,67100,24,24,23,20,0.8333333333333334,0,0.0,0,3,0.125,0,0.0,0.0,0.0,0.0,0.0,0.0,0.0,0.0,0.0,0.0,0.0,0.0,0,0.0,0,0.0,0.0,0.0,0.0,0.0,0.0,0.0,0.0,0.0,0.0,0.0,0.2126000000070386,0,24305,C:\Users\Binich\PycharmProjects\PredictionRTS\output\learner_results\all_data\ETG-only\sce3m_etg_run_0073\final_eval\eval_run_0073_web_batch_20260622_141137,web_batch_20260622_141137,51.0,1,62.13,15.095423749660627,original_final_eval_subset_lower_mean_high_variation,62.25,60.0,6.946221994724902,60.16613340158253,58.0,90
False,repeat_001::ep_92::line_92,ETG-only,sce-3m,sce3m_etg_run_0073,eval_run_0073_web_batch_20260622_141137,repeat_001,92,92,Win,True,42.0,42.0,3.0,42.0,0.0,21572,27,27,25,17,0.6296296296296297,0,0.0,0,3,0.1111111111111111,0,0.0,0.0,0.0,0.0,0.0,0.0,0.0,0.0,0.0,0.0,0.0,0.0,0,0.0,0,0.0,0.0,0.0,0.0,0.0,0.0,0.0,0.0,0.0,0.0,0.0,0.2670666666659826,0,79592,C:\Users\Binich\PycharmProjects\PredictionRTS\output\learner_results\all_data\ETG-only\sce3m_etg_run_0073\final_eval\eval_run_0073_web_batch_20260622_141137,web_batch_20260622_141137,42.0,0,62.13,15.095423749660627,original_final_eval_subset_lower_mean_high_variation,62.25,60.0,6.946221994724902,60.16613340158253,58.0,91
False,repeat_001::ep_192::line_192,ETG-only,sce-3m,sce3m_etg_run_0073,eval_run_0073_web_batch_20260622_141137,repeat_001,192,192,Win,True,42.0,42.0,12.0,42.0,0.0,45132,27,27,25,17,0.6296296296296297,0,0.0,0,7,0.2592592592592592,0,0.0,0.0,0.0,0.0,0.0,0.0,0.0,0.0,0.0,0.0,0.0,0.0,0,0.0,0,0.0,0.0,0.0,0.0,0.0,0.0,0.0,0.0,0.0,0.0,0.0,0.20219999999919,0,9796,C:\Users\Binich\PycharmProjects\PredictionRTS\output\learner_results\all_data\ETG-only\sce3m_etg_run_0073\final_eval\eval_run_0073_web_batch_20260622_141137,web_batch_20260622_141137,42.0,0,62.13,15.095423749660627,original_final_eval_subset_lower_mean_high_variation,62.25,60.0,6.946221994724902,60.16613340158253,58.0,92
False,repeat_001::ep_297::line_297,ETG-only,sce-3m,sce3m_etg_run_0073,eval_run_0073_web_batch_20260622_141137,repeat_001,297,297,Win,True,42.0,42.0,9.0,42.0,0.0,69712,28,28,23,16,0.5714285714285714,0,0.0,0,6,0.2142857142857142,0,0.0,0.0,0.0,0.0,0.0,0.0,0.0,0.0,0.0,0.0,0.0,0.0,0,0.0,0,0.0,0.0,0.0,0.0,0.0,0.0,0.0,0.0,0.0,0.0,0.0,0.2905999999924802,0,9796,C:\Users\Binich\PycharmProjects\PredictionRTS\output\learner_results\all_data\ETG-only\sce3m_etg_run_0073\final_eval\eval_run_0073_web_batch_20260622_141137,web_batch_20260622_141137,42.0,0,62.13,15.095423749660627,original_final_eval_subset_lower_mean_high_variation,62.25,60.0,6.946221994724902,60.16613340158253,58.0,93
False,repeat_001::ep_148::line_148,ETG-only,sce-3m,sce3m_etg_run_0073,eval_run_0073_web_batch_20260622_141137,repeat_001,148,148,Win,True,33.0,33.0,9.0,33.0,0.0,34814,24,24,23,15,0.625,0,0.0,0,5,0.2083333333333333,0,0.0,0.0,0.0,0.0,0.0,0.0,0.0,0.0,0.0,0.0,0.0,0.0,0,0.0,0,0.0,0.0,0.0,0.0,0.0,0.0,0.0,0.0,0.0,0.0,0.0,0.2343000000024631,0,6198,C:\Users\Binich\PycharmProjects\PredictionRTS\output\learner_results\all_data\ETG-only\sce3m_etg_run_0073\final_eval\eval_run_0073_web_batch_20260622_141137,web_batch_20260622_141137,33.0,0,62.13,15.095423749660627,original_final_eval_subset_lower_mean_high_variation,62.25,60.0,6.946221994724902,60.16613340158253,58.0,94
False,repeat_001::ep_188::line_188,ETG-only,sce-3m,sce3m_etg_run_0073,eval_run_0073_web_batch_20260622_141137,repeat_001,188,188,Win,True,33.0,33.0,3.0,33.0,0.0,44194,28,28,27,22,0.7857142857142857,0,0.0,0,5,0.1785714285714285,0,0.0,0.0,0.0,0.0,0.0,0.0,0.0,0.0,0.0,0.0,0.0,0.0,0,0.0,0,0.0,0.0,0.0,0.0,0.0,0.0,0.0,0.0,0.0,0.0,0.0,0.2738200000010238,0,6198,C:\Users\Binich\PycharmProjects\PredictionRTS\output\learner_results\all_data\ETG-only\sce3m_etg_run_0073\final_eval\eval_run_0073_web_batch_20260622_141137,web_batch_20260622_141137,33.0,0,62.13,15.095423749660627,original_final_eval_subset_lower_mean_high_variation,62.25,60.0,6.946221994724902,60.16613340158253,58.0,95
False,repeat_001::ep_264::line_264,ETG-only,sce-3m,sce3m_etg_run_0073,eval_run_0073_web_batch_20260622_141137,repeat_001,264,264,Win,True,33.0,33.0,3.0,33.0,0.0,61826,26,26,25,16,0.6153846153846154,0,0.0,0,4,0.1538461538461538,0,0.0,0.0,0.0,0.0,0.0,0.0,0.0,0.0,0.0,0.0,0.0,0.0,0,0.0,0,0.0,0.0,0.0,0.0,0.0,0.0,0.0,0.0,0.0,0.0,0.0,0.2583750000013651,0,80271,C:\Users\Binich\PycharmProjects\PredictionRTS\output\learner_results\all_data\ETG-only\sce3m_etg_run_0073\final_eval\eval_run_0073_web_batch_20260622_141137,web_batch_20260622_141137,33.0,0,62.13,15.095423749660627,original_final_eval_subset_lower_mean_high_variation,62.25,60.0,6.946221994724902,60.16613340158253,58.0,96
False,repeat_001::ep_158::line_158,ETG-only,sce-3m,sce3m_etg_run_0073,eval_run_0073_web_batch_20260622_141137,repeat_001,158,158,Win,True,24.0,24.0,9.0,24.0,0.0,37134,29,29,24,14,0.4827586206896552,0,0.0,0,9,0.3103448275862069,0,0.0,0.0,0.0,0.0,0.0,0.0,0.0,0.0,0.0,0.0,0.0,0.0,0,0.0,0,0.0,0.0,0.0,0.0,0.0,0.0,0.0,0.0,0.0,0.0,0.0,0.2068444444458034,0,4110,C:\Users\Binich\PycharmProjects\PredictionRTS\output\learner_results\all_data\ETG-only\sce3m_etg_run_0073\final_eval\eval_run_0073_web_batch_20260622_141137,web_batch_20260622_141137,24.0,0,62.13,15.095423749660627,original_final_eval_subset_lower_mean_high_variation,62.25,60.0,6.946221994724902,60.16613340158253,58.0,97
False,repeat_001::ep_281::line_281,ETG-only,sce-3m,sce3m_etg_run_0073,eval_run_0073_web_batch_20260622_141137,repeat_001,281,281,Win,True,24.0,24.0,3.0,24.0,0.0,65920,30,30,25,14,0.4666666666666667,0,0.0,0,8,0.2666666666666666,0,0.0,0.0,0.0,0.0,0.0,0.0,0.0,0.0,0.0,0.0,0.0,0.0,0,0.0,0,0.0,0.0,0.0,0.0,0.0,0.0,0.0,0.0,0.0,0.0,0.0,0.2721500000006926,0,4110,C:\Users\Binich\PycharmProjects\PredictionRTS\output\learner_results\all_data\ETG-only\sce3m_etg_run_0073\final_eval\eval_run_0073_web_batch_20260622_141137,web_batch_20260622_141137,24.0,0,62.13,15.095423749660627,original_final_eval_subset_lower_mean_high_variation,62.25,60.0,6.946221994724902,60.16613340158253,58.0,98
False,repeat_001::ep_193::line_193,ETG-only,sce-3m,sce3m_etg_run_0073,eval_run_0073_web_batch_20260622_141137,repeat_001,193,193,Win,True,18.0,18.0,3.0,18.0,0.0,45424,30,30,26,15,0.5,0,0.0,0,7,0.2333333333333333,0,0.0,0.0,0.0,0.0,0.0,0.0,0.0,0.0,0.0,0.0,0.0,0.0,0,0.0,0,0.0,0.0,0.0,0.0,0.0,0.0,0.0,0.0,0.0,0.0,0.0,0.3290750000068954,0,4110,C:\Users\Binich\PycharmProjects\PredictionRTS\output\learner_results\all_data\ETG-only\sce3m_etg_run_0073\final_eval\eval_run_0073_web_batch_20260622_141137,web_batch_20260622_141137,18.0,0,62.13,15.095423749660627,original_final_eval_subset_lower_mean_high_variation,62.25,60.0,6.946221994724902,60.16613340158253,58.0,99
False,repeat_001::ep_1::line_1,ETG-only,sce-3m,sce3m_etg_run_0073,eval_run_0073_web_batch_20260622_141137,repeat_001,1,1,Loss,False,-15.0,-15.0,3.0,0.0,15.0,260,27,27,24,13,0.4814814814814814,0,0.0,0,8,0.2962962962962963,0,0.0,0.0,0.0,0.0,0.0,0.0,0.0,0.0,0.0,0.0,0.0,0.0,0,0.0,0,0.0,0.0,0.0,0.0,0.0,0.0,0.0,0.0,0.0,0.0,0.0,0.2799749999988776,0,1927,C:\Users\Binich\PycharmProjects\PredictionRTS\output\learner_results\all_data\ETG-only\sce3m_etg_run_0073\final_eval\eval_run_0073_web_batch_20260622_141137,web_batch_20260622_141137,-15.0,0,62.13,15.095423749660627,original_final_eval_subset_lower_mean_high_variation,62.25,60.0,6.946221994724902,60.16613340158253,58.0,100
