selected,selection_key,method,scenario,experiment_id,eval_name,repeat,episode_id,line_no,result,win,score,terminal_hp_margin,final_hp_delta,final_hp_my,final_hp_enemy,final_game_loop,frame_count,state_seq_len,unique_state_count,ood_frames,ood_ratio,mechanism_changed_frames,mechanism_changed_ratio,switch_frames,tuning_frames,tuning_ratio,gate_frames,gate_ratio,gate_A_mean,gate_A_max,gate_A_positive_ratio,gate_A_pass_ratio,gate_C_mean,gate_C_max,gate_C_pass_ratio,gate_v_mean,gate_v_max,gate_v_support_mean,gate_v_support_max,gate_supported_frames,gate_supported_ratio,gate_validated_frames,gate_validated_ratio,gate_joint_pass_ratio,gate_changed_ratio,gate_mean_evidence_score,gate_peak_evidence_score,gate_mean_gate_pass_score,gate_peak_gate_pass_score,gate_mean_rectification_score,gate_peak_rectification_score,gate_mean_support_score,gate_peak_support_score,avg_decision_ms,first_state_key,last_state_key,eval_dir,batch_tag,positive_contribution_sum,signed_contribution_sum,corrcontrib__gate_peak_rectification_score,corrcontrib__gate_mean_rectification_score,corrcontrib__gate_peak_support_score,corrcontrib__gate_mean_support_score,corrcontrib__gate_peak_gate_pass_score,corrcontrib__gate_mean_gate_pass_score,corrcontrib__gate_mean_evidence_score,corrcontrib__gate_peak_evidence_score,score_numeric,positive_contribution_numeric,score_threshold,score_z,contribution_z,selection_priority,selection_tier,selected_rank,selected_for_gate_positive_subset
False,repeat_001::ep_251::line_251,Synergy,sce-1,sce1_synergy_run_0074,eval_run_0074_web_batch_20260622_141137,repeat_001,251,251,Win,True,93.0,93.0,15.0,93.0,0.0,43080,15,15,12,4,0.2666666666666666,1,0.0666666666666666,2,6,0.4,15,1.0,3.9707533333333336,31.6141,0.2666666666666666,0.2666666666666666,0.2285,0.9351,0.3333333333333333,9.75,40.0,0.3555555555555555,1.0,4,0.2666666666666666,6,0.4,0.0666666666666666,0.0666666666666666,0.2315341540927679,0.8844087334100701,0.3033333333333333,1.0,0.0202222222222222,0.0666666666666666,0.2236903693417455,0.8195430566935245,0.2692000000017458,0,5224,C:\Users\Binich\PycharmProjects\PredictionRTS\output\learner_results\all_data\synergy\sce1_synergy_run_0074\final_eval\eval_run_0074_web_batch_20260622_141137,web_batch_20260622_141137,0.012185218601060099,-0.005399159551011599,0.0018789366878921,-0.0013727001037218,0.0031853390498437,-0.0072309462907001,0.0071209428633243,-0.0089807317576498,-0.0078358798541157,0.0029305938272154,93.0,0.012185218601060099,63.0,2.7677615331407734,1.7450363324702882,2.440489468926218,high_score_positive_contribution,1,True
False,repeat_001::ep_213::line_213,Synergy,sce-1,sce1_synergy_run_0074,eval_run_0074_web_batch_20260622_141137,repeat_001,213,213,Win,True,90.0,90.0,3.0,90.0,0.0,36404,17,17,14,4,0.2352941176470588,0,0.0,2,5,0.2941176470588235,17,1.0,10.101070588235292,120.0853,0.4117647058823529,0.3529411764705882,0.1190764705882353,0.8387,0.1764705882352941,2.4444444444444446,9.0,0.2745098039215686,1.0,2,0.1176470588235294,7,0.4117647058823529,0.0,0.0,0.1873849082749005,0.9208609453412492,0.2588235294117647,0.0,0.0,0.0,0.1749114440178229,0.8223013308694371,0.2458250000039186,0,3814,C:\Users\Binich\PycharmProjects\PredictionRTS\output\learner_results\all_data\synergy\sce1_synergy_run_0074\final_eval\eval_run_0074_web_batch_20260622_141137,web_batch_20260622_141137,0.0038613445326393,-0.0503143302231963,-0.0088162911897109,-0.0080891933943597,0.0038613445326393,-0.0132588250919579,-0.0110344909043177,-0.0129768741754894,-0.0131993338469948,0.0075229190973677,90.0,0.0038613445326393,63.0,2.5550749399178656,0.2136869547794579,1.8058307846735753,high_score_positive_contribution,2,True
False,repeat_001::ep_57::line_57,Synergy,sce-1,sce1_synergy_run_0074,eval_run_0074_web_batch_20260622_141137,repeat_001,57,57,Win,True,90.0,90.0,3.0,90.0,0.0,9572,17,17,14,4,0.2352941176470588,0,0.0,2,5,0.2941176470588235,17,1.0,10.061311764705884,120.0853,0.2941176470588235,0.2941176470588235,0.144835294117647,0.8176,0.2352941176470588,6.75,36.0,0.2941176470588235,1.0,3,0.1764705882352941,6,0.3529411764705882,0.0,0.0,0.1996937605552032,0.9145309453412492,0.2588235294117647,0.0,0.0,0.0,0.1804504275439591,0.8200858308694372,0.2147750000016657,0,3814,C:\Users\Binich\PycharmProjects\PredictionRTS\output\learner_results\all_data\synergy\sce1_synergy_run_0074\final_eval\eval_run_0074_web_batch_20260622_141137,web_batch_20260622_141137,0.0031217555379398,-0.050306340327461695,-0.0088162911897109,-0.0080891933943597,0.0031217555379398,-0.0125112462015238,-0.0110344909043177,-0.0129768741754894,-0.0115361198217596,0.0066863462518593,90.0,0.0031217555379398,63.0,2.5550749399178656,0.07762421074097958,1.762290706581262,high_score_positive_contribution,3,True
False,repeat_001::ep_8::line_8,Synergy,sce-1,sce1_synergy_run_0074,eval_run_0074_web_batch_20260622_141137,repeat_001,8,8,Win,True,69.0,69.0,3.0,69.0,0.0,1364,18,18,11,7,0.3888888888888889,0,0.0,1,4,0.2222222222222222,18,1.0,0.6329888888888888,10.2313,0.1111111111111111,0.5,0.4093944444444444,0.7515,0.7222222222222222,158.92857142857142,833.0,0.7222222222222222,1.0,12,0.6666666666666666,13,0.7222222222222222,0.3888888888888889,0.0,0.3530374383781398,0.7277365559800903,0.6305555555555554,1.0,0.0,0.0,0.3795612917146073,0.7547077945930316,0.2394749999998779,0,2905,C:\Users\Binich\PycharmProjects\PredictionRTS\output\learner_results\all_data\synergy\sce1_synergy_run_0074\final_eval\eval_run_0074_web_batch_20260622_141137,web_batch_20260622_141137,0.0196543091720431,0.0047943621070945,-0.0036791625830536,-0.0033757344242833,-0.0078050500576117,0.0059935110652859,0.0027433140539036,0.0109174840528536,0.0038326961069372,-0.0075118213068561,69.0,0.0196543091720431,63.0,1.066268787357511,3.1191305467477566,1.7231845503623897,high_score_positive_contribution,4,True
False,repeat_001::ep_1::line_1,Synergy,sce-1,sce1_synergy_run_0074,eval_run_0074_web_batch_20260622_141137,repeat_001,1,1,Win,True,66.0,66.0,3.0,66.0,0.0,160,17,17,14,0,0.0,2,0.1176470588235294,0,9,0.5294117647058824,17,1.0,15.948494117647058,120.0853,0.5294117647058824,0.5294117647058824,0.3309117647058823,0.8729,0.4117647058823529,350.9230769230769,1606.0,0.5098039215686274,1.0,6,0.3529411764705882,13,0.7647058823529411,0.1176470588235294,0.1176470588235294,0.3595854424686867,0.9311209453412492,0.4911764705882352,1.0,0.0577854671280276,0.1176470588235294,0.3572546255814972,0.8435393896929667,0.6132333333335183,0,1770,C:\Users\Binich\PycharmProjects\PredictionRTS\output\learner_results\all_data\synergy\sce1_synergy_run_0074\final_eval\eval_run_0074_web_batch_20260622_141137,web_batch_20260622_141137,0.020569082646049803,0.020569082646049803,0.0032748674426305,0.0038100268182451,0.003658481854037,0.0037922161199528,0.002196110452726,0.0038373799584584,0.0033637797603122,0.0029661965728192,66.0,0.020569082646049803,63.0,0.8535821941346032,3.287422111304548,1.6324109676289857,high_score_positive_contribution,5,True
False,repeat_001::ep_169::line_169,Synergy,sce-1,sce1_synergy_run_0074,eval_run_0074_web_batch_20260622_141137,repeat_001,169,169,Win,True,72.0,72.0,3.0,72.0,0.0,28796,18,18,11,3,0.1666666666666666,2,0.1111111111111111,2,7,0.3888888888888889,18,1.0,8.473016666666668,95.4317,0.3888888888888889,0.3888888888888889,0.2045944444444444,0.805,0.2777777777777778,80.66666666666667,254.0,0.3333333333333333,1.0,4,0.2222222222222222,8,0.4444444444444444,0.1111111111111111,0.1111111111111111,0.2403401649422895,0.9035607464358444,0.3277777777777777,1.0,0.0364197530864197,0.1111111111111111,0.2450975186684747,0.8329129279192122,0.2661249999960091,0,1770,C:\Users\Binich\PycharmProjects\PredictionRTS\output\learner_results\all_data\synergy\sce1_synergy_run_0074\final_eval\eval_run_0074_web_batch_20260622_141137,web_batch_20260622_141137,0.013486438980653801,0.008729669972831002,0.004389089002411,0.0021008439309044,0.0037059883922572,-0.0018951185593988,0.0032905176550812,-0.002861650448424,-0.0030252736026177,0.0026211682943722,72.0,0.013486438980653801,63.0,1.2789553805804188,1.9844228251238805,1.5047049628343268,high_score_positive_contribution,6,True
False,repeat_001::ep_102::line_102,Synergy,sce-1,sce1_synergy_run_0074,eval_run_0074_web_batch_20260622_141137,repeat_001,102,102,Win,True,78.0,78.0,9.0,78.0,0.0,17462,17,17,13,3,0.1764705882352941,1,0.0588235294117647,1,5,0.2941176470588235,17,1.0,13.298817647058824,120.0853,0.4705882352941176,0.4705882352941176,0.1357411764705882,0.7901,0.1764705882352941,186.66666666666663,1656.0,0.2745098039215686,1.0,2,0.1176470588235294,8,0.4705882352941176,0.0588235294117647,0.0588235294117647,0.2369146185228027,0.906280945341249,0.3088235294117647,1.0,0.0181660899653979,0.0588235294117647,0.2264645195117318,0.8260218602812018,0.3508333333333742,0,477,C:\Users\Binich\PycharmProjects\PredictionRTS\output\learner_results\all_data\synergy\sce1_synergy_run_0074\final_eval\eval_run_0074_web_batch_20260622_141137,web_batch_20260622_141137,0.008118078969487401,-0.002537362752675199,0.000329032899108,-0.0013079609604819,0.0034041212129431,-0.0042029119871918,0.0043849248574363,-0.0051445687744889,-0.0043402144021105,0.003732754430323,78.0,0.008118078969487401,63.0,1.7043285670262345,0.996801593141492,1.477919935383117,high_score_positive_contribution,7,True
False,repeat_001::ep_6::line_6,Synergy,sce-1,sce1_synergy_run_0074,eval_run_0074_web_batch_20260622_141137,repeat_001,6,6,Win,True,69.0,69.0,3.0,69.0,0.0,1010,17,17,12,4,0.2352941176470588,0,0.0,0,6,0.3529411764705882,17,1.0,1.3013235294117649,10.2313,0.1764705882352941,0.4117647058823529,0.3932529411764706,0.8765,0.5882352941176471,203.0,833.0,0.607843137254902,1.0,9,0.5294117647058824,12,0.7058823529411765,0.2352941176470588,0.0,0.3297747503682968,0.7652365559800902,0.5294117647058822,1.0,0.0,0.0,0.3336927553127923,0.7678327945930316,0.2752333333333467,0,3541,C:\Users\Binich\PycharmProjects\PredictionRTS\output\learner_results\all_data\synergy\sce1_synergy_run_0074\final_eval\eval_run_0074_web_batch_20260622_141137,web_batch_20260622_141137,0.012626841262323399,-0.00040466437888439944,-0.0036791625830536,-0.0033757344242833,-0.0059766086338709,0.0034100323209983,0.0027433140539036,0.0064734948874215,0.0025209386885324,-0.0054436125373008,69.0,0.012626841262323399,63.0,1.066268787357511,1.8262819858692743,1.309473010881275,high_score_positive_contribution,8,True
False,repeat_001::ep_272::line_272,Synergy,sce-1,sce1_synergy_run_0074,eval_run_0074_web_batch_20260622_141137,repeat_001,272,272,Win,True,69.0,69.0,9.0,69.0,0.0,46792,14,14,11,3,0.2142857142857142,2,0.1428571428571428,1,7,0.5,14,1.0,1.4278142857142857,10.31,0.2857142857142857,0.2142857142857142,0.3194142857142857,0.902,0.4285714285714285,261.1428571428572,1746.0,0.4285714285714285,1.0,5,0.3571428571428571,7,0.5,0.1428571428571428,0.1428571428571428,0.2579917910998275,0.7736526834071886,0.3464285714285714,1.0,0.0494897959183673,0.1428571428571428,0.2659177345663509,0.7922070106210874,0.2430500000087931,0,2905,C:\Users\Binich\PycharmProjects\PredictionRTS\output\learner_results\all_data\synergy\sce1_synergy_run_0074\final_eval\eval_run_0074_web_batch_20260622_141137,web_batch_20260622_141137,0.012090679196675301,0.0075360409576734014,0.0057558700773118,0.0035914950654599,-0.0025810409190592,-0.0004072973613402,0.0027433140539036,-0.0015662999586025,-0.0015268235174353,-0.0049794443092895,69.0,0.012090679196675301,63.0,1.066268787357511,1.7276438470864497,1.2779088064707715,high_score_positive_contribution,9,True
False,repeat_001::ep_210::line_210,Synergy,sce-1,sce1_synergy_run_0074,eval_run_0074_web_batch_20260622_141137,repeat_001,210,210,Win,True,78.0,78.0,9.0,78.0,0.0,35898,17,17,11,4,0.2352941176470588,1,0.0588235294117647,3,4,0.2352941176470588,17,1.0,7.017505882352941,32.1063,0.4705882352941176,0.4705882352941176,0.0930235294117647,0.7939,0.1176470588235294,3.125,17.0,0.2156862745098039,1.0,1,0.0588235294117647,5,0.2941176470588235,0.0588235294117647,0.0588235294117647,0.1978924350317478,0.8431723393173944,0.2529411764705882,1.0,0.014878892733564,0.0588235294117647,0.1893457134113453,0.8039338481728526,0.2659000000022615,0,477,C:\Users\Binich\PycharmProjects\PredictionRTS\output\learner_results\all_data\synergy\sce1_synergy_run_0074\final_eval\eval_run_0074_web_batch_20260622_141137,web_batch_20260622_141137,0.0047139577565443,-0.015461799412651002,0.000329032899108,-0.0020476630448084,-0.0015142918408569,-0.0075446364365441,0.0043849248574363,-0.0090691658469859,-0.0078573719827834,-0.0018306204079878,78.0,0.0047139577565443,63.0,1.7043285670262345,0.3705428513374414,1.2775171380058208,high_score_positive_contribution,10,True
False,repeat_001::ep_108::line_108,Synergy,sce-1,sce1_synergy_run_0074,eval_run_0074_web_batch_20260622_141137,repeat_001,108,108,Win,True,66.0,66.0,9.0,66.0,0.0,18514,19,19,14,0,0.0,2,0.1052631578947368,2,10,0.5263157894736842,19,1.0,9.026247368421052,97.9655,0.4736842105263157,0.4736842105263157,0.2920894736842105,0.8904,0.3684210526315789,363.2307692307692,1660.0,0.4561403508771929,1.0,6,0.3157894736842105,12,0.631578947368421,0.1052631578947368,0.1052631578947368,0.3185433405961608,0.9300711279065998,0.4315789473684209,1.0,0.0454293628808864,0.1052631578947368,0.315449766426167,0.8413143684515205,0.2727000000015372,0,1770,C:\Users\Binich\PycharmProjects\PredictionRTS\output\learner_results\all_data\synergy\sce1_synergy_run_0074\final_eval\eval_run_0074_web_batch_20260622_141137,web_batch_20260622_141137,0.0142924914258913,0.0142924914258913,0.0026201143362676,0.002417496474914,0.0034103431259771,0.0019072852574345,0.002196110452726,0.0017411417785721,0.001511093513897,0.0029198459537372,66.0,0.0142924914258913,63.0,0.8535821941346032,2.1327129001844227,1.2629040200705455,high_score_positive_contribution,11,True
False,repeat_001::ep_188::line_188,Synergy,sce-1,sce1_synergy_run_0074,eval_run_0074_web_batch_20260622_141137,repeat_001,188,188,Win,True,63.0,63.0,3.0,63.0,0.0,32184,14,14,12,2,0.1428571428571428,2,0.1428571428571428,1,7,0.5,14,1.0,1.30205,10.2684,0.2142857142857142,0.2142857142857142,0.4803142857142857,0.8739,0.6428571428571429,361.77777777777777,1702.0,0.619047619047619,1.0,8,0.5714285714285714,9,0.6428571428571429,0.1428571428571428,0.1428571428571428,0.3605347503850148,0.7648184576976969,0.475,1.0,0.0678571428571428,0.1428571428571428,0.3570620662446852,0.7891150316227654,0.2887250000007668,0,2905,C:\Users\Binich\PycharmProjects\PredictionRTS\output\learner_results\all_data\synergy\sce1_synergy_run_0074\final_eval\eval_run_0074_web_batch_20260622_141137,web_batch_20260622_141137,0.0141162945488062,0.0123060201441332,0.0034596453124267,0.0037129341399858,-0.001810274404673,0.0028407928581163,0.0016489068515484,0.002454015386729,0.002557803862755,-0.0032858185630035,63.0,0.0141162945488062,63.0,0.6408956009116954,2.100297828084884,1.1079043136071158,high_score_positive_contribution,12,True
False,repeat_001::ep_29::line_29,Synergy,sce-1,sce1_synergy_run_0074,eval_run_0074_web_batch_20260622_141137,repeat_001,29,29,Win,True,72.0,72.0,-3.0,72.0,0.0,4816,19,19,15,4,0.2105263157894736,1,0.0526315789473684,2,6,0.3157894736842105,19,1.0,9.481631578947368,120.0853,0.3684210526315789,0.3684210526315789,0.1734263157894736,0.829,0.2631578947368421,29.6,236.0,0.3333333333333333,1.0,4,0.2105263157894736,8,0.4210526315789473,0.0526315789473684,0.0526315789473684,0.2304707632631965,0.9179509453412492,0.3105263157894736,1.0,0.0163434903047091,0.0526315789473684,0.2229223697842279,0.8291775677115424,0.2858250000006279,0,1770,C:\Users\Binich\PycharmProjects\PredictionRTS\output\learner_results\all_data\synergy\sce1_synergy_run_0074\final_eval\eval_run_0074_web_batch_20260622_141137,web_batch_20260622_141137,0.006372335998975701,-0.0023246181544957995,-0.0002436094716423,-0.001289283486516,0.0030818183438945,-0.0033932339006996,0.0032905176550812,-0.0037708272946136,-0.0036928072395635,0.0035731280775555,72.0,0.006372335998975701,63.0,1.2789553805804188,0.6756359448475817,1.085893161145911,high_score_positive_contribution,13,True
False,repeat_001::ep_217::line_217,Synergy,sce-1,sce1_synergy_run_0074,eval_run_0074_web_batch_20260622_141137,repeat_001,217,217,Win,True,75.0,75.0,3.0,75.0,0.0,37092,18,18,13,4,0.2222222222222222,1,0.0555555555555555,1,6,0.3333333333333333,18,1.0,1.6970277777777778,10.2619,0.2777777777777778,0.2777777777777778,0.2499722222222222,0.9022,0.3333333333333333,13.77777777777778,41.0,0.3703703703703704,1.0,5,0.2777777777777778,8,0.4444444444444444,0.0555555555555555,0.0555555555555555,0.2263474983956287,0.7732451474935718,0.3166666666666666,1.0,0.0175925925925925,0.0555555555555555,0.2238008187224773,0.7789691349560834,0.2583999999956177,0,3541,C:\Users\Binich\PycharmProjects\PredictionRTS\output\learner_results\all_data\synergy\sce1_synergy_run_0074\final_eval\eval_run_0074_web_batch_20260622_141137,web_batch_20260622_141137,0.0038377212562588,-0.011533299744010104,-1.396588074560197e-05,-0.0012576846408629,-0.006190582177305,-0.0038883032467488,0.0038377212562588,-0.0040204850546066,-0.0046321720178116,-0.0069973679630549,75.0,0.0038377212562588,63.0,1.4916419738033266,0.20934096284265769,1.0813056502959126,high_score_positive_contribution,14,True
False,repeat_001::ep_19::line_19,Synergy,sce-1,sce1_synergy_run_0074,eval_run_0074_web_batch_20260622_141137,repeat_001,19,19,Win,True,78.0,78.0,9.0,78.0,0.0,3156,17,17,12,2,0.1176470588235294,0,0.0,3,6,0.3529411764705882,17,1.0,13.466788235294118,120.0853,0.4705882352941176,0.4705882352941176,0.1409411764705882,0.7796,0.1764705882352941,292.0,1608.0,0.2941176470588235,1.0,2,0.1176470588235294,7,0.4117647058823529,0.0,0.0,0.249946656993421,0.903130945341249,0.3,0.0,0.0,0.0,0.2174759956470394,0.8160958308694372,0.260849999999202,0,477,C:\Users\Binich\PycharmProjects\PredictionRTS\output\learner_results\all_data\synergy\sce1_synergy_run_0074\final_eval\eval_run_0074_web_batch_20260622_141137,web_batch_20260622_141137,0.0011938583612321,-0.028219499630095,-0.0058807891287639,-0.0053957882686017,0.0011938583612321,-0.0050121290153741,-0.0073604095821253,-0.0057642419964621,-0.0031656073248551,0.0034550643996787,78.0,0.0011938583612321,63.0,1.7043285670262345,-0.2770524839730421,1.070286630706466,high_score_positive_contribution,15,True
False,repeat_001::ep_135::line_135,Synergy,sce-1,sce1_synergy_run_0074,eval_run_0074_web_batch_20260622_141137,repeat_001,135,135,Win,True,75.0,75.0,9.0,75.0,0.0,23018,14,14,13,5,0.3571428571428571,0,0.0,0,3,0.2142857142857142,14,1.0,9.445321428571429,121.9877,0.1428571428571428,0.1428571428571428,0.2028714285714285,0.8999,0.3571428571428571,21.33333333333333,101.0,0.3571428571428571,1.0,4,0.2857142857142857,6,0.4285714285714285,0.0,0.0,0.2088708615612505,0.9396641457423685,0.275,0.0,0.0,0.0,0.1902418877025627,0.8288824510098289,0.260766666661046,0,1784,C:\Users\Binich\PycharmProjects\PredictionRTS\output\learner_results\all_data\synergy\sce1_synergy_run_0074\final_eval\eval_run_0074_web_batch_20260622_141137,web_batch_20260622_141137,0.0035368018704881,-0.0258885007417618,-0.0051469136135271,-0.0047224369871623,0.0035368018704881,-0.0065325137606159,-0.0064418892515772,-0.0065815489993674,-0.0060108073155215,0.0058425991164456,75.0,0.0035368018704881,63.0,1.4916419738033266,0.1539805969424449,1.0635903332078445,high_score_positive_contribution,16,True
False,repeat_001::ep_128::line_128,Synergy,sce-1,sce1_synergy_run_0074,eval_run_0074_web_batch_20260622_141137,repeat_001,128,128,Win,True,63.0,63.0,3.0,63.0,0.0,21864,14,14,12,2,0.1428571428571428,2,0.1428571428571428,1,7,0.5,14,1.0,1.3701642857142855,10.2518,0.2857142857142857,0.2857142857142857,0.4215857142857143,0.8834,0.5714285714285714,352.3333333333333,1668.0,0.5714285714285714,1.0,7,0.5,9,0.6428571428571429,0.1428571428571428,0.1428571428571428,0.3311900920954519,0.76750669254091,0.4642857142857142,1.0,0.0663265306122448,0.1428571428571428,0.3401069700143819,0.7900559138178899,0.2411500000008004,0,2905,C:\Users\Binich\PycharmProjects\PredictionRTS\output\learner_results\all_data\synergy\sce1_synergy_run_0074\final_eval\eval_run_0074_web_batch_20260622_141137,web_batch_20260622_141137,0.0131298227423197,0.0113983322573176,0.0034596453124267,0.0035834161098793,-0.0017314904850021,0.0022667942182732,0.0016489068515484,0.0021710602501921,0.0015632157055645,-0.0031967035432671,63.0,0.0131298227423197,63.0,0.6408956009116954,1.9188158673349365,1.0498300861671326,high_score_positive_contribution,17,True
False,repeat_001::ep_81::line_81,Synergy,sce-1,sce1_synergy_run_0074,eval_run_0074_web_batch_20260622_141137,repeat_001,81,81,Win,True,63.0,63.0,3.0,63.0,0.0,13750,14,14,12,2,0.1428571428571428,2,0.1428571428571428,1,7,0.5,14,1.0,1.3003285714285713,10.2455,0.2857142857142857,0.2857142857142857,0.4151571428571428,0.8879,0.5714285714285714,346.0,1640.0,0.5714285714285714,1.0,7,0.5,9,0.6428571428571429,0.1428571428571428,0.1428571428571428,0.327823384714852,0.7687952302980909,0.4642857142857142,1.0,0.0663265306122448,0.1428571428571428,0.3385919516931119,0.7905069020329033,0.2614999999988043,0,2905,C:\Users\Binich\PycharmProjects\PredictionRTS\output\learner_results\all_data\synergy\sce1_synergy_run_0074\final_eval\eval_run_0074_web_batch_20260622_141137,web_batch_20260622_141137,0.013078533239509799,0.0113848058448163,0.0034596453124267,0.0035834161098793,-0.0016937273946935,0.0022155047154633,0.0016489068515484,0.0021710602501921,0.0014491067847371,-0.0031539884999917,63.0,0.013078533239509799,63.0,0.6408956009116954,1.9093800988977387,1.0468106402672293,high_score_positive_contribution,18,True
False,repeat_001::ep_42::line_42,Synergy,sce-1,sce1_synergy_run_0074,eval_run_0074_web_batch_20260622_141137,repeat_001,42,42,Win,True,72.0,72.0,3.0,72.0,0.0,7052,18,18,14,3,0.1666666666666666,1,0.0555555555555555,2,4,0.2222222222222222,18,1.0,11.5086,96.3016,0.5555555555555556,0.5,0.0994666666666666,0.8029,0.1111111111111111,10.1,91.0,0.2407407407407407,1.0,1,0.0555555555555555,8,0.4444444444444444,0.0555555555555555,0.0555555555555555,0.2171829506183077,0.9032412154849974,0.2833333333333333,1.0,0.0157407407407407,0.0555555555555555,0.2080101055560162,0.8244677587530824,0.2755666666658385,0,1770,C:\Users\Binich\PycharmProjects\PredictionRTS\output\learner_results\all_data\synergy\sce1_synergy_run_0074\final_eval\eval_run_0074_web_batch_20260622_141137,web_batch_20260622_141137,0.0055853378188953,-0.0054223196671897705,-1.1974547939670127e-05,-0.0013910652695533,0.0022948201638141,-0.0044006811079509,0.0032905176550812,-0.0052039365606412,-0.0045915508706682,0.0026000302533564,72.0,0.0055853378188953,63.0,1.2789553805804188,0.5308512972900074,1.0395620739274871,high_score_positive_contribution,19,True
False,repeat_001::ep_143::line_143,Synergy,sce-1,sce1_synergy_run_0074,eval_run_0074_web_batch_20260622_141137,repeat_001,143,143,Win,True,78.0,78.0,3.0,78.0,0.0,24414,17,17,14,3,0.1764705882352941,0,0.0,1,6,0.3529411764705882,17,1.0,11.1868,120.0853,0.4117647058823529,0.4117647058823529,0.0892882352941176,0.7304,0.1176470588235294,210.5,1676.0,0.2156862745098039,1.0,1,0.0588235294117647,7,0.4117647058823529,0.0,0.0,0.1869260281158947,0.8883709453412492,0.25,0.0,0.0,0.0,0.1716167126521526,0.8109298308694373,0.2498200000019323,0,1770,C:\Users\Binich\PycharmProjects\PredictionRTS\output\learner_results\all_data\synergy\sce1_synergy_run_0074\final_eval\eval_run_0074_web_batch_20260622_141137,web_batch_20260622_141137,4.352750704333837e-05,-0.037009922429993465,-0.0058807891287639,-0.0053957882686017,4.352750704333837e-05,-0.0091407393699022,-0.0073604095821253,-0.0092757235876437,-0.0088457990200781,0.0021538882560886,78.0,4.352750704333837e-05,63.0,1.7043285670262345,-0.48867971706436675,1.0025659161172422,high_score_positive_contribution,20,True
False,repeat_001::ep_14::line_14,Synergy,sce-1,sce1_synergy_run_0074,eval_run_0074_web_batch_20260622_141137,repeat_001,14,14,Win,True,75.0,75.0,-3.0,75.0,0.0,2346,17,17,14,4,0.2352941176470588,0,0.0,1,8,0.4705882352941176,17,1.0,1.271464705882353,10.2714,0.1764705882352941,0.1764705882352941,0.4265529411764706,0.8951,0.5294117647058824,29.818181818181817,91.0,0.5490196078431373,1.0,8,0.4705882352941176,10,0.5882352941176471,0.0,0.0,0.3188549867859432,0.7712076640981875,0.4,0.0,0.0,0.0,0.2834847440536744,0.7699226824343657,0.289074999999972,0,2026,C:\Users\Binich\PycharmProjects\PredictionRTS\output\learner_results\all_data\synergy\sce1_synergy_run_0074\final_eval\eval_run_0074_web_batch_20260622_141137,web_batch_20260622_141137,0.0019160180726493,-0.022348826831501998,-0.0051469136135271,-0.0047224369871623,-0.0079536050518847,0.0008143752377344,-0.0064418892515772,0.0011016428349149,0.0026652325117891,-0.0071545688836051,75.0,0.0019160180726493,63.0,1.4916419738033266,-0.14419621829891163,0.9681737523306104,high_score_positive_contribution,21,True
False,repeat_001::ep_240::line_240,Synergy,sce-1,sce1_synergy_run_0074,eval_run_0074_web_batch_20260622_141137,repeat_001,240,240,Win,True,72.0,72.0,9.0,72.0,0.0,41158,15,15,13,0,0.0,0,0.0,1,7,0.4666666666666667,15,1.0,25.04482,120.0853,0.7333333333333333,0.7333333333333333,0.1206333333333333,0.622,0.1333333333333333,1.6666666666666667,8.0,0.3333333333333333,1.0,1,0.0666666666666666,11,0.7333333333333333,0.0,0.0,0.3383127953132283,0.8558509453412491,0.4166666666666666,0.0,0.0,0.0,0.2980740912242861,0.7995478308694371,0.2545166666673519,0,477,C:\Users\Binich\PycharmProjects\PredictionRTS\output\learner_results\all_data\synergy\sce1_synergy_run_0074\final_eval\eval_run_0074_web_batch_20260622_141137,web_batch_20260622_141137,0.0035068103515660002,-0.0123479245028758,-0.0044130380982904,-0.0040490857057228,-0.0018692421293995,0.0016838885755556,-0.0055233689210291,0.0018229217760104,0.0036012705790026,-0.00053499460541,72.0,0.0035068103515660002,63.0,1.2789553805804188,0.1484630346319337,0.9171978298769037,high_score_positive_contribution,22,True
False,repeat_001::ep_56::line_56,Synergy,sce-1,sce1_synergy_run_0074,eval_run_0074_web_batch_20260622_141137,repeat_001,56,56,Win,True,69.0,69.0,9.0,69.0,0.0,9410,14,14,13,4,0.2857142857142857,1,0.0714285714285714,1,6,0.4285714285714285,14,1.0,4.969271428571429,44.4038,0.2857142857142857,0.2857142857142857,0.2263214285714285,0.9125,0.3571428571428571,11.857142857142858,37.0,0.3571428571428571,1.0,3,0.2142857142857142,7,0.5,0.0714285714285714,0.0714285714285714,0.2363167198952749,0.900225724122212,0.3178571428571428,1.0,0.022704081632653,0.0714285714285714,0.231878238238588,0.8257932891570599,0.2305599999985474,0,2026,C:\Users\Binich\PycharmProjects\PredictionRTS\output\learner_results\all_data\synergy\sce1_synergy_run_0074\final_eval\eval_run_0074_web_batch_20260622_141137,web_batch_20260622_141137,0.005879525392028101,0.0005539221484662004,0.001038353747129,-0.0001794281119784,0.0020978575909955,-0.0023245225908234,0.0027433140539036,-0.0028216525407601,-0.0027490569684876,0.0020013416319397,69.0,0.005879525392028101,63.0,1.066268787357511,0.5849732065522363,0.9122542014998231,high_score_positive_contribution,23,True
False,repeat_001::ep_74::line_74,Synergy,sce-1,sce1_synergy_run_0074,eval_run_0074_web_batch_20260622_141137,repeat_001,74,74,Win,True,72.0,72.0,9.0,72.0,0.0,12646,18,18,13,4,0.2222222222222222,1,0.0555555555555555,3,5,0.2777777777777778,18,1.0,5.860338888888888,25.0913,0.4444444444444444,0.4444444444444444,0.1288611111111111,0.8024,0.1666666666666666,193.55555555555557,1637.0,0.2592592592592592,1.0,2,0.1111111111111111,7,0.3888888888888889,0.0555555555555555,0.0555555555555555,0.2071609857148901,0.8267316325129019,0.2833333333333333,1.0,0.0157407407407407,0.0555555555555555,0.2035002213494783,0.7976894047128489,0.2894999999985733,0,1770,C:\Users\Binich\PycharmProjects\PredictionRTS\output\learner_results\all_data\synergy\sce1_synergy_run_0074\final_eval\eval_run_0074_web_batch_20260622_141137,web_batch_20260622_141137,0.0032905176550812,-0.01020160077762167,-1.1974547939670127e-05,-0.0013910652695533,-0.0021797808404064,-0.0047053612141623,0.0032905176550812,-0.0052039365606412,-0.0052694033787381,-0.0024613345336306,72.0,0.0032905176550812,63.0,1.2789553805804188,0.1086715044575819,0.9044645402211111,high_score_positive_contribution,24,True
False,repeat_001::ep_207::line_207,Synergy,sce-1,sce1_synergy_run_0074,eval_run_0074_web_batch_20260622_141137,repeat_001,207,207,Win,True,75.0,75.0,15.0,75.0,0.0,35362,14,14,14,7,0.5,0,0.0,0,3,0.2142857142857142,14,1.0,4.069428571428571,43.9085,0.2142857142857142,0.2142857142857142,0.1616285714285714,0.8989,0.2857142857142857,9.0,35.0,0.2857142857142857,1.0,2,0.1428571428571428,6,0.4285714285714285,0.0,0.0,0.1781910613873951,0.8954701984844691,0.2464285714285713,0.0,0.0,0.0,0.1664359776243278,0.8134145694695641,0.2636666666641455,0,3495,C:\Users\Binich\PycharmProjects\PredictionRTS\output\learner_results\all_data\synergy\sce1_synergy_run_0074\final_eval\eval_run_0074_web_batch_20260622_141137,web_batch_20260622_141137,0.0005223352703145,-0.0325348657272741,-0.0051469136135271,-0.0047224369871623,0.0005223352703145,-0.0084082540124043,-0.0064418892515772,-0.0083377071329177,-0.0084309672036737,0.0024328392099698,75.0,0.0005223352703145,63.0,1.4916419738033266,-0.40059309246002095,0.8861267525990554,high_score_positive_contribution,25,True
False,repeat_001::ep_156::line_156,Synergy,sce-1,sce1_synergy_run_0074,eval_run_0074_web_batch_20260622_141137,repeat_001,156,156,Win,True,66.0,66.0,3.0,66.0,0.0,26610,17,17,15,0,0.0,0,0.0,1,7,0.4117647058823529,17,1.0,21.931811764705884,120.0853,0.6470588235294118,0.6470588235294118,0.2317,0.8874,0.2941176470588235,58.53333333333333,565.0,0.4509803921568627,1.0,3,0.1764705882352941,14,0.8235294117647058,0.0,0.0,0.3789386601576298,0.9354709453412492,0.4676470588235294,0.0,0.0,0.0,0.3341988676591687,0.8274148308694371,0.2483499999996752,0,2207,C:\Users\Binich\PycharmProjects\PredictionRTS\output\learner_results\all_data\synergy\sce1_synergy_run_0074\final_eval\eval_run_0074_web_batch_20260622_141137,web_batch_20260622_141137,0.0076226733999201,-0.0017113250706735006,-0.0029452870678168,-0.0027023831428438,0.0018602394631477,0.0027526597012821,-0.003686328259933,0.0030097742354903,0.0042374055884324,0.0031582539595155,66.0,0.0076226733999201,63.0,0.8535821941346032,0.9056614576197893,0.8702475584498628,high_score_positive_contribution,26,True
False,repeat_001::ep_75::line_75,Synergy,sce-1,sce1_synergy_run_0074,eval_run_0074_web_batch_20260622_141137,repeat_001,75,75,Win,True,75.0,75.0,15.0,75.0,0.0,12778,14,14,14,3,0.2142857142857142,0,0.0,0,8,0.5714285714285714,14,1.0,5.179778571428572,44.3284,0.2857142857142857,0.2857142857142857,0.2347571428571428,0.8794,0.3571428571428571,12.0,38.0,0.4047619047619047,1.0,4,0.2857142857142857,8,0.5714285714285714,0.0,0.0,0.2564872944160911,0.8901936830092549,0.3464285714285713,0.0,0.0,0.0,0.2366692824872409,0.8115677890532392,0.238637500000749,0,2026,C:\Users\Binich\PycharmProjects\PredictionRTS\output\learner_results\all_data\synergy\sce1_synergy_run_0074\final_eval\eval_run_0074_web_batch_20260622_141137,web_batch_20260622_141137,0.0001624244532853,-0.0212143268084908,-0.0051469136135271,-0.0047224369871623,0.0001624244532853,-0.0028743577440177,-0.0064418892515772,-0.0021911536654918,-0.0022546100730643,0.0020257325351962,75.0,0.0001624244532853,63.0,1.4916419738033266,-0.4668061563713095,0.8649385721474431,high_score_positive_contribution,27,True
False,repeat_001::ep_204::line_204,Synergy,sce-1,sce1_synergy_run_0074,eval_run_0074_web_batch_20260622_141137,repeat_001,204,204,Win,True,69.0,69.0,3.0,69.0,0.0,34896,14,14,12,3,0.2142857142857142,1,0.0714285714285714,0,5,0.3571428571428571,14,1.0,3.714142857142857,15.9278,0.3571428571428571,0.3571428571428571,0.2148071428571428,0.8755,0.3571428571428571,252.14285714285717,1707.0,0.3571428571428571,1.0,3,0.2142857142857142,7,0.5,0.0714285714285714,0.0714285714285714,0.2408267085406427,0.8083754375612278,0.3428571428571428,1.0,0.0244897959183673,0.0714285714285714,0.2426577331290035,0.7936456888607153,0.2818249999982924,0,2007,C:\Users\Binich\PycharmProjects\PredictionRTS\output\learner_results\all_data\synergy\sce1_synergy_run_0074\final_eval\eval_run_0074_web_batch_20260622_141137,web_batch_20260622_141137,0.0038536345675500867,-0.0019675865576014133,0.001038353747129,7.19667665174868e-05,-0.0023806189084862,-0.0017173831852931,0.0027433140539036,-0.0017232190313722,-0.0024947436638524,-0.0030644068521029,69.0,0.0038536345675500867,63.0,1.066268787357511,0.212268546698757,0.7929887103467097,high_score_positive_contribution,28,True
False,repeat_001::ep_261::line_261,Synergy,sce-1,sce1_synergy_run_0074,eval_run_0074_web_batch_20260622_141137,repeat_001,261,261,Win,True,72.0,72.0,3.0,72.0,0.0,44790,18,18,11,3,0.1666666666666666,0,0.0,4,4,0.2222222222222222,18,1.0,11.380066666666668,120.0853,0.3888888888888889,0.3888888888888889,0.1671222222222222,0.7817,0.2222222222222222,178.0,1739.0,0.3148148148148147,1.0,3,0.1666666666666666,6,0.3333333333333333,0.0,0.0,0.2414089770017557,0.9037609453412492,0.2833333333333333,0.0,0.0,0.0,0.2078007063174567,0.8163163308694372,0.2906666666622944,0,477,C:\Users\Binich\PycharmProjects\PredictionRTS\output\learner_results\all_data\synergy\sce1_synergy_run_0074\final_eval\eval_run_0074_web_batch_20260622_141137,web_batch_20260622_141137,0.0009327354240579,-0.0226715216259701,-0.0044130380982904,-0.0040490857057228,0.0009327354240579,-0.0044148277643445,-0.0055233689210291,-0.0052039365606412,-0.0029529826953807,0.0026344121214962,72.0,0.0009327354240579,63.0,1.2789553805804188,-0.32509146727044036,0.765660389268144,high_score_positive_contribution,29,True
False,repeat_001::ep_18::line_18,Synergy,sce-1,sce1_synergy_run_0074,eval_run_0074_web_batch_20260622_141137,repeat_001,18,18,Win,True,66.0,66.0,9.0,66.0,0.0,2994,15,15,12,3,0.2,1,0.0666666666666666,0,5,0.3333333333333333,15,1.0,11.730293333333332,96.3178,0.3333333333333333,0.3333333333333333,0.26224,0.8883,0.3333333333333333,59.875,281.0,0.3777777777777778,1.0,4,0.2666666666666666,8,0.5333333333333333,0.0666666666666666,0.0666666666666666,0.2808389053707587,0.9288669491091804,0.3466666666666667,1.0,0.0231111111111111,0.0666666666666666,0.261044174083508,0.8351034321882131,0.2728999999996873,0,477,C:\Users\Binich\PycharmProjects\PredictionRTS\output\learner_results\all_data\synergy\sce1_synergy_run_0074\final_eval\eval_run_0074_web_batch_20260622_141137,web_batch_20260622_141137,0.0054932649530561005,0.0036042031137192114,0.00057946715477,-9.776579366898826e-05,0.0027176873455601,-0.0005457975222306,0.002196110452726,-0.0012454985234373,-0.000190926738085,0.0028666801070826,66.0,0.0054932649530561005,63.0,0.8535821941346032,0.5139125828589494,0.744887918526394,high_score_positive_contribution,30,True
False,repeat_001::ep_252::line_252,Synergy,sce-1,sce1_synergy_run_0074,eval_run_0074_web_batch_20260622_141137,repeat_001,252,252,Win,True,69.0,69.0,-3.0,69.0,0.0,43252,18,18,14,4,0.2222222222222222,1,0.0555555555555555,1,5,0.2777777777777778,18,1.0,1.3948166666666666,10.276,0.2222222222222222,0.2222222222222222,0.2594944444444444,0.904,0.3333333333333333,16.25,42.0,0.3518518518518518,1.0,5,0.2777777777777778,7,0.3888888888888889,0.0555555555555555,0.0555555555555555,0.2152470991613272,0.7739224304596568,0.2888888888888888,1.0,0.0160493827160493,0.0555555555555555,0.2090834168448194,0.7792061839942132,0.3195500000074958,0,3541,C:\Users\Binich\PycharmProjects\PredictionRTS\output\learner_results\all_data\synergy\sce1_synergy_run_0074\final_eval\eval_run_0074_web_batch_20260622_141137,web_batch_20260622_141137,0.0027433140539036,-0.010477985491104139,-9.983215133738288e-06,-0.0011162841582955,-0.0043921837721981,-0.0036084078239328,0.0027433140539036,-0.0040944405754476,-0.0039371497327046,-0.0049645671567702,69.0,0.0027433140539036,63.0,1.066268787357511,0.00800204607250613,0.7276234301463095,high_score_positive_contribution,31,True
False,repeat_001::ep_11::line_11,Synergy,sce-1,sce1_synergy_run_0074,eval_run_0074_web_batch_20260622_141137,repeat_001,11,11,Win,True,66.0,66.0,9.0,66.0,0.0,1870,15,15,12,0,0.0,0,0.0,1,7,0.4666666666666667,15,1.0,24.319413333333333,120.0853,0.6666666666666666,0.6666666666666666,0.1902866666666667,0.8891,0.2,28.0,280.0,0.3777777777777777,1.0,2,0.1333333333333333,11,0.7333333333333333,0.0,0.0,0.357962360817989,0.9359809453412492,0.4266666666666666,0.0,0.0,0.0,0.3104163957014284,0.8275933308694372,0.2834666666669723,0,477,C:\Users\Binich\PycharmProjects\PredictionRTS\output\learner_results\all_data\synergy\sce1_synergy_run_0074\final_eval\eval_run_0074_web_batch_20260622_141137,web_batch_20260622_141137,0.0051288436875604,-0.004205154783033201,-0.0029452870678168,-0.0027023831428438,0.0018801461328611,0.0016803366200451,-0.003686328259933,0.0015683609346542,0.0032905120446285,0.0031807710324385,66.0,0.0051288436875604,63.0,0.8535821941346032,0.44686972834829486,0.7234342050829846,high_score_positive_contribution,32,True
False,repeat_001::ep_209::line_209,Synergy,sce-1,sce1_synergy_run_0074,eval_run_0074_web_batch_20260622_141137,repeat_001,209,209,Win,True,66.0,66.0,3.0,66.0,0.0,35736,18,18,14,2,0.1111111111111111,1,0.0555555555555555,0,6,0.3333333333333333,18,1.0,15.08532777777778,120.0853,0.5,0.5,0.1811055555555555,0.8359,0.2222222222222222,194.8181818181818,1709.0,0.3333333333333333,1.0,3,0.1666666666666666,11,0.6111111111111112,0.0555555555555555,0.0555555555555555,0.2562291197384928,0.9200209453412492,0.3638888888888889,1.0,0.020216049382716,0.0555555555555555,0.253775326104544,0.8303406642027704,0.2425999999999817,0,1770,C:\Users\Binich\PycharmProjects\PredictionRTS\output\learner_results\all_data\synergy\sce1_synergy_run_0074\final_eval\eval_run_0074_web_batch_20260622_141137,web_batch_20260622_141137,0.0043826445814367995,0.0024373358041164936,-7.99188232780645e-06,-0.0004240386400266,0.0021865341287108,-0.0008735411426455,0.002196110452726,-0.0006397371123204,-0.0013018399050017,0.0024761191033184,66.0,0.0043826445814367995,63.0,0.8535821941346032,0.3095909171357388,0.6795049854949666,high_score_positive_contribution,33,True
False,repeat_001::ep_86::line_86,Synergy,sce-1,sce1_synergy_run_0074,eval_run_0074_web_batch_20260622_141137,repeat_001,86,86,Win,True,63.0,63.0,3.0,63.0,0.0,14640,14,14,14,2,0.1428571428571428,1,0.0714285714285714,0,6,0.4285714285714285,14,1.0,2.7376357142857146,16.0054,0.2857142857142857,0.2857142857142857,0.3837071428571428,0.8891,0.5714285714285714,351.8888888888889,1645.0,0.5476190476190477,1.0,6,0.4285714285714285,9,0.6428571428571429,0.0714285714285714,0.0714285714285714,0.3325746866921828,0.8129157921816239,0.4464285714285714,1.0,0.0318877551020408,0.0714285714285714,0.3201943232971965,0.795234812977854,0.2371200000013118,0,1784,C:\Users\Binich\PycharmProjects\PredictionRTS\output\learner_results\all_data\synergy\sce1_synergy_run_0074\final_eval\eval_run_0074_web_batch_20260622_141137,web_batch_20260622_141137,0.0062344230425132995,0.0049365829948528,0.0006241168799233,0.000669260432482,-0.0012978400476605,0.0015926705225956,0.0016489068515484,0.001699468355964,0.0016101442257343,-0.001691391304305,63.0,0.0062344230425132995,63.0,0.6408956009116954,0.6502639944410485,0.6438934868410885,high_score_positive_contribution,34,True
False,repeat_001::ep_25::line_25,Synergy,sce-1,sce1_synergy_run_0074,eval_run_0074_web_batch_20260622_141137,repeat_001,25,25,Win,True,69.0,69.0,9.0,69.0,0.0,4138,14,14,12,4,0.2857142857142857,0,0.0,0,4,0.2857142857142857,14,1.0,4.560864285714286,44.5278,0.2857142857142857,0.2857142857142857,0.2751642857142857,0.9198,0.3571428571428571,19.875,53.0,0.4047619047619047,1.0,4,0.2857142857142857,8,0.5714285714285714,0.0,0.0,0.259147228603605,0.9025829234262156,0.3464285714285713,0.0,0.0,0.0,0.2378662528716222,0.8159040231991754,0.2813000000001509,0,3495,C:\Users\Binich\PycharmProjects\PredictionRTS\output\learner_results\all_data\synergy\sce1_synergy_run_0074\final_eval\eval_run_0074_web_batch_20260622_141137,web_batch_20260622_141137,0.0007201857031642,-0.0144931162102192,-0.0036791625830536,-0.0033757344242833,0.0007201857031642,-0.001987256356963,-0.004604848590481,-0.0015662999586025,-0.0014616696660643,0.0021313464391965,69.0,0.0007201857031642,63.0,1.066268787357511,-0.3641943994079851,0.6085205675925522,high_score_positive_contribution,35,True
False,repeat_001::ep_250::line_250,Synergy,sce-1,sce1_synergy_run_0074,eval_run_0074_web_batch_20260622_141137,repeat_001,250,250,Win,True,66.0,66.0,9.0,66.0,0.0,42938,19,19,14,0,0.0,1,0.0526315789473684,2,7,0.3684210526315789,19,1.0,5.117878947368421,25.0053,0.5263157894736842,0.4736842105263157,0.2604368421052631,0.8901,0.3157894736842105,362.0769230769231,1734.0,0.4210526315789473,1.0,5,0.2631578947368421,11,0.5789473684210527,0.0526315789473684,0.0526315789473684,0.2931473522528375,0.8527615892164901,0.3973684210526315,1.0,0.0209141274238227,0.0526315789473684,0.2815215716716716,0.8063612930678768,0.2554000000027183,0,1770,C:\Users\Binich\PycharmProjects\PredictionRTS\output\learner_results\all_data\synergy\sce1_synergy_run_0074\final_eval\eval_run_0074_web_batch_20260622_141137,web_batch_20260622_141137,0.0031114607956801003,0.0021158167177987,-0.0001625863657745,-0.0003453653919857,-0.0004876923201212,0.0003775037273817,0.002196110452726,0.0005378466155724,0.0003646902798733,-0.0004934570273009,66.0,0.0031114607956801003,63.0,0.8535821941346032,0.0757302792586801,0.6046695813743078,high_score_positive_contribution,36,True
False,repeat_001::ep_161::line_161,Synergy,sce-1,sce1_synergy_run_0074,eval_run_0074_web_batch_20260622_141137,repeat_001,161,161,Win,True,63.0,63.0,-3.0,63.0,0.0,27480,14,14,13,2,0.1428571428571428,1,0.0714285714285714,0,6,0.4285714285714285,14,1.0,2.3401428571428573,10.2632,0.3571428571428571,0.3571428571428571,0.3226357142857142,0.8839,0.5,346.6666666666667,1685.0,0.5,1.0,5,0.3571428571428571,9,0.6428571428571429,0.0714285714285714,0.0714285714285714,0.3004788751975169,0.7677678127837657,0.4357142857142857,1.0,0.0311224489795918,0.0714285714285714,0.3020012081245969,0.7794330201886037,0.2861600000017006,0,3541,C:\Users\Binich\PycharmProjects\PredictionRTS\output\learner_results\all_data\synergy\sce1_synergy_run_0074\final_eval\eval_run_0074_web_batch_20260622_141137,web_batch_20260622_141137,0.0052707982985129,0.0026498094228519,0.0006241168799233,0.0006045014174287,-0.002620988875661,0.0009767599301853,0.0016489068515484,0.0014165132194272,0.0005223103278911,-0.0031880474038474,63.0,0.0052707982985129,63.0,0.6408956009116954,0.47298522497349743,0.5871642806114721,high_score_positive_contribution,37,True
False,repeat_001::ep_239::line_239,Synergy,sce-1,sce1_synergy_run_0074,eval_run_0074_web_batch_20260622_141137,repeat_001,239,239,Win,True,66.0,66.0,3.0,66.0,0.0,41016,15,15,12,0,0.0,0,0.0,2,7,0.4666666666666667,15,1.0,17.913513333333334,47.5847,0.7333333333333333,0.7333333333333333,0.1391066666666666,0.8283,0.2,10.583333333333334,114.0,0.3555555555555555,1.0,1,0.0666666666666666,10,0.6666666666666666,0.0,0.0,0.3351087209093364,0.8790271044739315,0.4233333333333333,0.0,0.0,0.0,0.298965591075868,0.8076594865658759,0.2887666666637756,0,2207,C:\Users\Binich\PycharmProjects\PredictionRTS\output\learner_results\all_data\synergy\sce1_synergy_run_0074\final_eval\eval_run_0074_web_batch_20260622_141137,web_batch_20260622_141137,0.0026151503904491002,-0.007061763317976002,-0.0029452870678168,-0.0027023831428438,-0.0003429152378315,0.0011640335998821,-0.003686328259933,0.001451116790567,0.0022588732540326,0.0006661949774289,66.0,0.0026151503904491002,63.0,0.8535821941346032,-0.015576319561136899,0.5754514697519664,high_score_positive_contribution,38,True
False,repeat_001::ep_294::line_294,Synergy,sce-1,sce1_synergy_run_0074,eval_run_0074_web_batch_20260622_141137,repeat_001,294,294,Win,True,69.0,69.0,3.0,69.0,0.0,50666,14,14,11,4,0.2857142857142857,0,0.0,0,5,0.3571428571428571,14,1.0,4.036721428571428,43.6926,0.2142857142857142,0.2142857142857142,0.2521642857142857,0.8778,0.3571428571428571,10.428571428571429,37.0,0.3809523809523809,1.0,4,0.2857142857142857,7,0.5,0.0,0.0,0.2334094355857733,0.8888418382421415,0.3107142857142857,0.0,0.0,0.0,0.213784246013598,0.8110946433847495,0.2856199999996534,0,3495,C:\Users\Binich\PycharmProjects\PredictionRTS\output\learner_results\all_data\synergy\sce1_synergy_run_0074\final_eval\eval_run_0074_web_batch_20260622_141137,web_batch_20260622_141137,5.019185362524836e-05,-0.01808868487375945,-0.0036791625830536,-0.0033757344242833,5.019185362524836e-05,-0.0033436404432673,-0.004604848590481,-0.0031354906862995,-0.0029129955364978,0.0013734948957056,69.0,5.019185362524836e-05,63.0,1.066268787357511,-0.4874536722074844,0.5690776002967125,high_score_positive_contribution,39,True
False,repeat_001::ep_201::line_201,Synergy,sce-1,sce1_synergy_run_0074,eval_run_0074_web_batch_20260622_141137,repeat_001,201,201,Win,True,63.0,63.0,9.0,63.0,0.0,34430,14,14,14,2,0.1428571428571428,1,0.0714285714285714,0,8,0.5714285714285714,14,1.0,2.1978285714285715,10.2785,0.2857142857142857,0.2857142857142857,0.2963571428571429,0.8117,0.5714285714285714,350.1111111111111,1705.0,0.5238095238095238,1.0,5,0.3571428571428571,9,0.6428571428571429,0.0714285714285714,0.0714285714285714,0.2945317307348093,0.7462567514855636,0.4285714285714285,1.0,0.0306122448979591,0.0714285714285714,0.2968249931163785,0.7719041487342329,0.291028571427075,0,3986,C:\Users\Binich\PycharmProjects\PredictionRTS\output\learner_results\all_data\synergy\sce1_synergy_run_0074\final_eval\eval_run_0074_web_batch_20260622_141137,web_batch_20260622_141137,0.0048637530333169,0.0016123409155669004,0.0006241168799233,0.0005613287407265,-0.00325141211775,0.0008015240993828,0.0016489068515484,0.0012278764617359,0.0003207418041297,-0.0039011393634205,63.0,0.0048637530333169,63.0,0.6408956009116954,0.3981008011551837,0.5632012649896116,high_score_positive_contribution,40,True
False,repeat_001::ep_7::line_7,Synergy,sce-1,sce1_synergy_run_0074,eval_run_0074_web_batch_20260622_141137,repeat_001,7,7,Win,True,66.0,66.0,3.0,66.0,0.0,1192,19,19,12,0,0.0,1,0.0526315789473684,2,8,0.4210526315789473,19,1.0,4.845815789473684,32.1175,0.4210526315789473,0.4210526315789473,0.2485263157894737,0.8344,0.3157894736842105,383.75,1606.0,0.4035087719298245,1.0,5,0.2631578947368421,11,0.5789473684210527,0.0526315789473684,0.0526315789473684,0.2747465973971774,0.8553476013533567,0.3789473684210526,1.0,0.0199445983379501,0.0526315789473684,0.2667938635655719,0.8072663973157802,0.2192500000000782,0,1770,C:\Users\Binich\PycharmProjects\PredictionRTS\output\learner_results\all_data\synergy\sce1_synergy_run_0074\final_eval\eval_run_0074_web_batch_20260622_141137,web_batch_20260622_141137,0.002196110452726,0.0007955071682903003,-0.0001625863657745,-0.0004546311155354,-0.0003867533211342,-0.0002865509328719,0.002196110452726,-0.0001100815491197,-0.0004659403138185,-0.0003792816863879,66.0,0.002196110452726,63.0,0.8535821941346032,-0.09266741231256966,0.550782320071508,high_score_positive_contribution,41,True
False,repeat_001::ep_41::line_41,Synergy,sce-1,sce1_synergy_run_0074,eval_run_0074_web_batch_20260622_141137,repeat_001,41,41,Win,True,66.0,66.0,3.0,66.0,0.0,6880,20,20,14,3,0.15,1,0.05,1,5,0.25,20,1.0,3.48889,24.9905,0.35,0.35,0.1568,0.8739,0.2,86.55555555555556,305.0,0.2666666666666666,1.0,3,0.15,8,0.4,0.05,0.05,0.1858572982469222,0.8478532568840114,0.27,1.0,0.0135,0.05,0.188135784211115,0.8042486399094039,0.2814333333323778,0,1770,C:\Users\Binich\PycharmProjects\PredictionRTS\output\learner_results\all_data\synergy\sce1_synergy_run_0074\final_eval\eval_run_0074_web_batch_20260622_141137,web_batch_20260622_141137,0.002196110452726,-0.0077851095221161,-0.0003017214008767,-0.0011809359893594,-0.0007232995394187,-0.0038331492077456,0.002196110452726,-0.0039421138374417,-0.0044785024019068,-0.0007101654136946,66.0,0.002196110452726,63.0,0.8535821941346032,-0.09266741231256966,0.550782320071508,high_score_positive_contribution,42,True
False,repeat_001::ep_191::line_191,Synergy,sce-1,sce1_synergy_run_0074,eval_run_0074_web_batch_20260622_141137,repeat_001,191,191,Win,True,63.0,63.0,9.0,63.0,0.0,32690,14,14,12,3,0.2142857142857142,0,0.0,0,5,0.3571428571428571,14,1.0,3.876078571428572,43.9966,0.1428571428571428,0.1428571428571428,0.4960642857142857,0.9145,0.6428571428571429,42.2,103.0,0.6428571428571429,1.0,8,0.5714285714285714,10,0.7142857142857143,0.0,0.0,0.3794314780780532,0.9002712617090707,0.4607142857142857,0.0,0.0,0.0,0.3319941651351239,0.8150949415981747,0.2788199999997687,0,1784,C:\Users\Binich\PycharmProjects\PredictionRTS\output\learner_results\all_data\synergy\sce1_synergy_run_0074\final_eval\eval_run_0074_web_batch_20260622_141137,web_batch_20260622_141137,0.0044340146654542004,-0.0025742366779151005,-0.0022114115525801,-0.0020290318614043,0.0003651298607788,0.0019921429333289,-0.0027678079293849,0.0020767418713465,0.0031982768710856,0.0012044436375982,63.0,0.0044340146654542004,63.0,0.6408956009116954,0.3190415101583332,0.5379022918706196,high_score_positive_contribution,43,True
False,repeat_001::ep_216::line_216,Synergy,sce-1,sce1_synergy_run_0074,eval_run_0074_web_batch_20260622_141137,repeat_001,216,216,Win,True,63.0,63.0,3.0,63.0,0.0,36920,14,14,12,3,0.2142857142857142,1,0.0714285714285714,0,5,0.3571428571428571,14,1.0,2.2993857142857146,10.2694,0.3571428571428571,0.2857142857142857,0.3274642857142857,0.8608,0.5,207.77777777777777,1712.0,0.5,1.0,5,0.3571428571428571,9,0.6428571428571429,0.0714285714285714,0.0714285714285714,0.2981587342059216,0.7608981941251345,0.4107142857142857,1.0,0.0293367346938775,0.0714285714285714,0.292207144678379,0.7770286536580827,0.2254999999991014,0,2905,C:\Users\Binich\PycharmProjects\PredictionRTS\output\learner_results\all_data\synergy\sce1_synergy_run_0074\final_eval\eval_run_0074_web_batch_20260622_141137,web_batch_20260622_141137,0.0041278965851422,0.0013055802525671002,0.0006241168799233,0.0004533970489711,-0.0028223163325751,0.0006451912371915,0.0016489068515484,0.0007562845675079,0.0004436730259848,-0.0034157753510135,63.0,0.0041278965851422,63.0,0.6408956009116954,0.26272473651033534,0.5198809243032603,high_score_positive_contribution,44,True
False,repeat_001::ep_134::line_134,Synergy,sce-1,sce1_synergy_run_0074,eval_run_0074_web_batch_20260622_141137,repeat_001,134,134,Win,True,66.0,66.0,9.0,66.0,0.0,22886,18,18,12,0,0.0,0,0.0,2,8,0.4444444444444444,18,1.0,11.807522222222223,120.0853,0.4444444444444444,0.4444444444444444,0.1765277777777777,0.7799,0.2222222222222222,398.09090909090907,1670.0,0.3333333333333333,1.0,3,0.1666666666666666,9,0.5,0.0,0.0,0.2590754445222449,0.9032209453412492,0.3277777777777778,0.0,0.0,0.0,0.2313061722572324,0.8161273308694372,0.2772833333348027,0,1770,C:\Users\Binich\PycharmProjects\PredictionRTS\output\learner_results\all_data\synergy\sce1_synergy_run_0074\final_eval\eval_run_0074_web_batch_20260622_141137,web_batch_20260622_141137,0.0006014353489202,-0.012529093416765601,-0.0029452870678168,-0.0027023831428438,0.0006014353489202,-0.0018866482884944,-0.003686328259933,-0.0019098820065978,-0.0011733536301986,0.0017343802305604,66.0,0.0006014353489202,63.0,0.8535821941346032,-0.3860409914608386,0.4569027747440619,high_score_positive_contribution,45,True
False,repeat_001::ep_151::line_151,Synergy,sce-1,sce1_synergy_run_0074,eval_run_0074_web_batch_20260622_141137,repeat_001,151,151,Win,True,63.0,63.0,3.0,63.0,0.0,25760,14,14,13,3,0.2142857142857142,0,0.0,0,4,0.2857142857142857,14,1.0,0.7326642857142858,10.2573,0.0714285714285714,0.0714285714285714,0.4937285714285714,0.9066,0.6428571428571429,219.33333333333331,1679.0,0.619047619047619,1.0,8,0.5714285714285714,9,0.6428571428571429,0.0,0.0,0.3483000227713325,0.7745203187986553,0.425,0.0,0.0,0.0,0.3054850102470996,0.7710821115795293,0.2907999999948174,0,1784,C:\Users\Binich\PycharmProjects\PredictionRTS\output\learner_results\all_data\synergy\sce1_synergy_run_0074\final_eval\eval_run_0074_web_batch_20260622_141137,web_batch_20260622_141137,0.0022282588169871,-0.0081002371818275,-0.0022114115525801,-0.0020290318614043,-0.0033202446554453,0.0010947007340968,-0.0027678079293849,0.0011335580828903,0.0021431282147735,-0.0029642017423324,63.0,0.0022282588169871,63.0,0.6408956009116954,-0.08675305354159979,0.408048031486641,high_score_positive_contribution,46,True
False,repeat_001::ep_110::line_110,Synergy,sce-1,sce1_synergy_run_0074,eval_run_0074_web_batch_20260622_141137,repeat_001,110,110,Win,True,63.0,63.0,9.0,63.0,0.0,18848,14,14,13,3,0.2142857142857142,0,0.0,0,3,0.2142857142857142,14,1.0,0.7327285714285715,10.2582,0.0714285714285714,0.0714285714285714,0.4911642857142856,0.9041,0.6428571428571429,217.66666666666663,1662.0,0.619047619047619,1.0,8,0.5714285714285714,9,0.6428571428571429,0.0,0.0,0.3475313636594422,0.7737790912321924,0.425,0.0,0.0,0.0,0.305139113646749,0.7708226819312674,0.2369333333310427,0,1784,C:\Users\Binich\PycharmProjects\PredictionRTS\output\learner_results\all_data\synergy\sce1_synergy_run_0074\final_eval\eval_run_0074_web_batch_20260622_141137,web_batch_20260622_141137,0.0022165488169121,-0.008133670288870501,-0.0022114115525801,-0.0020290318614043,-0.0033419677624133,0.0010829907340218,-0.0027678079293849,0.0011335580828903,0.0021170757986214,-0.002988773445724,63.0,0.0022165488169121,63.0,0.6408956009116954,-0.088907351069435,0.4073586562777337,high_score_positive_contribution,47,True
False,repeat_001::ep_286::line_286,Synergy,sce-1,sce1_synergy_run_0074,eval_run_0074_web_batch_20260622_141137,repeat_001,286,286,Win,True,63.0,63.0,3.0,63.0,0.0,49330,15,15,14,5,0.3333333333333333,1,0.0666666666666666,0,7,0.4666666666666667,15,1.0,-4.959646666666666,17.64,0.2,0.2,0.27748,0.9065,0.4,230.125,1757.0,0.4,1.0,5,0.3333333333333333,8,0.5333333333333333,0.0666666666666666,0.0666666666666666,0.2411565010888447,0.8272321997105645,0.3333333333333333,1.0,0.0222222222222222,0.0666666666666666,0.2385204254899801,0.7995312698986976,0.2677333333404401,0,3736,C:\Users\Binich\PycharmProjects\PredictionRTS\output\learner_results\all_data\synergy\sce1_synergy_run_0074\final_eval\eval_run_0074_web_batch_20260622_141137,web_batch_20260622_141137,0.0020839885026381,-0.0014623153863217002,0.0004350816510897,-0.0001486219428204,-0.0009380801131272,-0.0011723215255318,0.0016489068515484,-0.0012872803074804,-0.0014883224136014,-0.001216802210009,63.0,0.0020839885026381,63.0,0.6408956009116954,-0.11329457186367066,0.3995547456235783,high_score_positive_contribution,48,True
False,repeat_001::ep_257::line_257,Synergy,sce-1,sce1_synergy_run_0074,eval_run_0074_web_batch_20260622_141137,repeat_001,257,257,Win,True,63.0,63.0,15.0,63.0,0.0,44082,14,14,13,3,0.2142857142857142,0,0.0,0,5,0.3571428571428571,14,1.0,4.708107142857143,43.6558,0.2857142857142857,0.2857142857142857,0.3306785714285714,0.8888,0.4285714285714285,34.0,108.0,0.4761904761904762,1.0,5,0.3571428571428571,9,0.6428571428571429,0.0,0.0,0.3011625332884443,0.892090743442461,0.3928571428571428,0.0,0.0,0.0,0.2730231399797999,0.8122317602048613,0.2950999999995929,0,1784,C:\Users\Binich\PycharmProjects\PredictionRTS\output\learner_results\all_data\synergy\sce1_synergy_run_0074\final_eval\eval_run_0074_web_batch_20260622_141137,web_batch_20260622_141137,0.0004100766295627,-0.006602439690496507,-0.0022114115525801,-0.0020290318614043,0.0001253839562829,-4.264976689906176e-06,-0.0027678079293849,0.0002846926732798,0.0005454817764762,0.0009332593515143,63.0,0.0004100766295627,63.0,0.6408956009116954,-0.4212453990954458,0.3010104809094103,high_score_positive_contribution,49,True
False,repeat_001::ep_196::line_196,Synergy,sce-1,sce1_synergy_run_0074,eval_run_0074_web_batch_20260622_141137,repeat_001,196,196,Win,True,63.0,63.0,3.0,63.0,0.0,33560,14,14,12,3,0.2142857142857142,0,0.0,1,4,0.2857142857142857,14,1.0,1.4835285714285713,10.2708,0.2142857142857142,0.2142857142857142,0.3787357142857143,0.8893,0.5,220.66666666666663,1703.0,0.5238095238095238,1.0,6,0.4285714285714285,8,0.5714285714285714,0.0,0.0,0.3049105413515287,0.7694618235096788,0.3928571428571428,0.0,0.0,0.0,0.2747097436081879,0.7693116382283876,0.3095999999978005,0,1784,C:\Users\Binich\PycharmProjects\PredictionRTS\output\learner_results\all_data\synergy\sce1_synergy_run_0074\final_eval\eval_run_0074_web_batch_20260622_141137,web_batch_20260622_141137,0.0003375260566050305,-0.010139218927043971,-0.0022114115525801,-0.0020290318614043,-0.0034684936402797,5.2833383325230506e-05,-0.0027678079293849,0.0002846926732798,0.000672514246775,-0.0031318909264271,63.0,0.0003375260566050305,63.0,0.6408956009116954,-0.4345925826107916,0.2967393821844996,high_score_positive_contribution,50,True
False,repeat_001::ep_186::line_186,Synergy,sce-1,sce1_synergy_run_0074,eval_run_0074_web_batch_20260622_141137,repeat_001,186,186,Win,True,60.0,60.0,6.0,60.0,0.0,31890,15,15,13,2,0.1333333333333333,3,0.2,1,8,0.5333333333333333,15,1.0,9.856926666666668,114.8288,0.3333333333333333,0.3333333333333333,0.44626,0.8866,0.6,321.2,1700.0,0.6,1.0,8,0.5333333333333333,10,0.6666666666666666,0.2,0.2,0.3830219909848957,0.933936112691943,0.5,1.0,0.1,0.2,0.3873598959432031,0.85687763944218,0.2640999999954374,0,1770,C:\Users\Binich\PycharmProjects\PredictionRTS\output\learner_results\all_data\synergy\sce1_synergy_run_0074\final_eval\eval_run_0074_web_batch_20260622_141137,web_batch_20260622_141137,0.016472559955670898,0.016472559955670898,0.0038271605169153,0.0042980297725917,0.0025815429545193,0.0025833674885486,0.0011017032503708,0.0020807559727252,0.0022182109170019,0.0015503783902042,60.0,0.016472559955670898,63.0,0.4282090076887876,2.533781748530745,1.101992284758214,positive_contribution_fill,51,True
False,repeat_001::ep_282::line_282,Synergy,sce-1,sce1_synergy_run_0074,eval_run_0074_web_batch_20260622_141137,repeat_001,282,282,Win,True,30.0,30.0,3.0,30.0,0.0,48652,20,20,15,3,0.15,0,0.0,1,8,0.4,20,1.0,5.63686,80.2617,0.25,0.2,0.18272,0.8521,0.3,236.88888888888889,1754.0,0.3166666666666666,1.0,4,0.2,8,0.4,0.0,0.0,0.1957128232083514,0.9113144154275844,0.255,0.0,0.0,0.0,0.1773207704437581,0.8189600453996546,0.250680000004877,0,1950,C:\Users\Binich\PycharmProjects\PredictionRTS\output\learner_results\all_data\synergy\sce1_synergy_run_0074\final_eval\eval_run_0074_web_batch_20260622_141137,web_batch_20260622_141137,0.0360683494584792,0.0342428019878779,0.0058612191150242,0.00537783223443,-0.0018255474706013,0.0085985060601401,0.007335915706644,0.0088948763422409,0.0080270239065485,-0.0041625843857619,30.0,0.0360683494584792,63.0,-1.6986569245402903,6.138833892980007,0.8093401370662048,positive_contribution_fill,52,True
False,repeat_001::ep_260::line_260,Synergy,sce-1,sce1_synergy_run_0074,eval_run_0074_web_batch_20260622_141137,repeat_001,260,260,Win,True,60.0,60.0,9.0,60.0,0.0,44618,19,19,14,0,0.0,3,0.1578947368421052,2,9,0.4736842105263157,19,1.0,2.732621052631579,13.7793,0.3684210526315789,0.3684210526315789,0.3777368421052632,0.8836,0.5263157894736842,526.0833333333334,1738.0,0.5263157894736842,1.0,8,0.4210526315789473,11,0.5789473684210527,0.1578947368421052,0.1578947368421052,0.326794519839273,0.7968664697446939,0.4526315789473684,1.0,0.0714681440443213,0.1578947368421052,0.3370575339276728,0.8025874749369586,0.2970999999926486,0,2207,C:\Users\Binich\PycharmProjects\PredictionRTS\output\learner_results\all_data\synergy\sce1_synergy_run_0074\final_eval\eval_run_0074_web_batch_20260622_141137,web_batch_20260622_141137,0.0091875080874294,0.008731720902507999,0.0027103822949661,0.0026849212786489,-0.0004557871849214,0.0014455633978059,0.0011017032503708,0.0012449378656377,0.0009449093118767,-0.0014855637569647,60.0,0.0091875080874294,63.0,0.4282090076887876,1.1935452729213125,0.6731166125631955,positive_contribution_fill,53,True
False,repeat_001::ep_69::line_69,Synergy,sce-1,sce1_synergy_run_0074,eval_run_0074_web_batch_20260622_141137,repeat_001,69,69,Win,True,60.0,60.0,-3.0,60.0,0.0,11786,18,18,14,1,0.0555555555555555,2,0.1111111111111111,0,9,0.5,18,1.0,14.206494444444443,120.0853,0.3888888888888889,0.3888888888888889,0.3535333333333333,0.9079,0.4444444444444444,316.3333333333333,1635.0,0.5,1.0,7,0.3888888888888889,12,0.6666666666666666,0.1111111111111111,0.1111111111111111,0.3425363449968188,0.9416209453412492,0.4444444444444444,1.0,0.0493827160493827,0.1111111111111111,0.3319191330263462,0.8462339975361038,0.2742500000003645,0,2978,C:\Users\Binich\PycharmProjects\PredictionRTS\output\learner_results\all_data\synergy\sce1_synergy_run_0074\final_eval\eval_run_0074_web_batch_20260622_141137,web_batch_20260622_141137,0.0084233791549204,0.0084233791549204,0.0014695176039114,0.0014362751496927,0.0019860712949772,0.0013293363792099,0.0011017032503708,0.0011004754767584,0.0013013914874451,0.0017205889987117,60.0,0.0084233791549204,63.0,0.4282090076887876,1.052967898052976,0.6281318526053279,positive_contribution_fill,54,True
False,repeat_001::ep_179::line_179,Synergy,sce-1,sce1_synergy_run_0074,eval_run_0074_web_batch_20260622_141137,repeat_001,179,179,Win,True,60.0,60.0,3.0,60.0,0.0,30596,19,19,13,0,0.0,2,0.1052631578947368,2,9,0.4736842105263157,19,1.0,11.320357894736842,120.0853,0.5263157894736842,0.5263157894736842,0.2603526315789473,0.8904,0.3157894736842105,353.53846153846155,1694.0,0.4210526315789473,1.0,5,0.2631578947368421,11,0.5789473684210527,0.1052631578947368,0.1052631578947368,0.3096035389820604,0.9363709453412492,0.4157894736842105,1.0,0.0437673130193905,0.1052631578947368,0.3059005399103482,0.8435193045536478,0.29571666666565,0,1770,C:\Users\Binich\PycharmProjects\PredictionRTS\output\learner_results\all_data\synergy\sce1_synergy_run_0074\final_eval\eval_run_0074_web_batch_20260622_141137,web_batch_20260622_141137,0.006704774943683899,0.006704774943683899,0.0013144095175296,0.0011187965272482,0.0018341944515362,0.0007408140813183,0.0011017032503708,0.0005948571156808,0.0005556102188679,0.0016043072609766,60.0,0.006704774943683899,63.0,0.4282090076887876,0.7367949877300841,0.5269565213020025,positive_contribution_fill,55,True
False,repeat_001::ep_231::line_231,Synergy,sce-1,sce1_synergy_run_0074,eval_run_0074_web_batch_20260622_141137,repeat_001,231,231,Win,True,60.0,60.0,3.0,60.0,0.0,39640,19,19,13,0,0.0,2,0.1052631578947368,2,9,0.4736842105263157,19,1.0,11.321315789473685,120.0853,0.5263157894736842,0.5263157894736842,0.2604157894736842,0.8902,0.3157894736842105,359.46153846153845,1723.0,0.4210526315789473,1.0,5,0.2631578947368421,11,0.5789473684210527,0.1052631578947368,0.1052631578947368,0.3093705610459402,0.936310945341249,0.4157894736842105,1.0,0.0437673130193905,0.1052631578947368,0.3057956998390941,0.8434983045536477,0.2575333333372971,0,1770,C:\Users\Binich\PycharmProjects\PredictionRTS\output\learner_results\all_data\synergy\sce1_synergy_run_0074\final_eval\eval_run_0074_web_batch_20260622_141137,web_batch_20260622_141137,0.006701228664051299,0.006701228664051299,0.0013144095175296,0.0011187965272482,0.0018330195806639,0.000738442672558,0.0011017032503708,0.0005948571156808,0.0005503343070409,0.0016029783268311,60.0,0.006701228664051299,63.0,0.4282090076887876,0.736142575996814,0.526747749547356,positive_contribution_fill,56,True
False,repeat_001::ep_52::line_52,Synergy,sce-1,sce1_synergy_run_0074,eval_run_0074_web_batch_20260622_141137,repeat_001,52,52,Win,True,60.0,60.0,9.0,60.0,0.0,8722,17,17,13,0,0.0,1,0.0588235294117647,1,8,0.4705882352941176,17,1.0,12.237711764705882,120.0853,0.4705882352941176,0.4705882352941176,0.3267705882352941,0.8434,0.4117647058823529,128.6153846153846,553.0,0.5098039215686274,1.0,6,0.3529411764705882,12,0.7058823529411765,0.0588235294117647,0.0588235294117647,0.3595484882618827,0.9222709453412492,0.4617647058823529,1.0,0.0271626297577854,0.0588235294117647,0.3351791726590237,0.831618360281202,0.2935166666683623,0,1770,C:\Users\Binich\PycharmProjects\PredictionRTS\output\learner_results\all_data\synergy\sce1_synergy_run_0074\final_eval\eval_run_0074_web_batch_20260622_141137,web_batch_20260622_141137,0.005341937897446558,0.005341937897446558,8.266883155625768e-05,0.0001800158306776,0.0011683814620945,0.0014030761854817,0.0011017032503708,0.0014060923372657,0.0016866407061042,0.0012920077367738,60.0,0.005341937897446558,63.0,0.4282090076887876,0.4860728305356152,0.44672543099977247,positive_contribution_fill,57,True
False,repeat_001::ep_187::line_187,Synergy,sce-1,sce1_synergy_run_0074,eval_run_0074_web_batch_20260622_141137,repeat_001,187,187,Win,True,60.0,60.0,9.0,60.0,0.0,32052,17,17,14,0,0.0,0,0.0,1,6,0.3529411764705882,17,1.0,6.006488235294118,31.8564,0.4117647058823529,0.4117647058823529,0.3652058823529411,0.8749,0.5882352941176471,396.5,1701.0,0.607843137254902,1.0,7,0.4117647058823529,13,0.7647058823529411,0.0,0.0,0.3776508771421088,0.8669051640370409,0.5088235294117647,0.0,0.0,0.0,0.3480311300080666,0.8034168074129643,0.2897833333340334,0,2207,C:\Users\Binich\PycharmProjects\PredictionRTS\output\learner_results\all_data\synergy\sce1_synergy_run_0074\final_eval\eval_run_0074_web_batch_20260622_141137,web_batch_20260622_141137,0.0039302260129618,-0.0011616673609859,-0.0014775360373433,-0.0013556805799648,-0.0004093891578028,0.0016937784320537,-0.0018492875988368,0.0022364475809081,0.0020965791285187,6.571644894233828e-05,60.0,0.0039302260129618,63.0,0.4282090076887876,0.22635913256101053,0.363617047647899,positive_contribution_fill,58,True
False,repeat_001::ep_118::line_118,Synergy,sce-1,sce1_synergy_run_0074,eval_run_0074_web_batch_20260622_141137,repeat_001,118,118,Win,True,60.0,60.0,3.0,60.0,0.0,20154,15,15,13,2,0.1333333333333333,1,0.0666666666666666,0,7,0.4666666666666667,15,1.0,21.44056,120.0853,0.4,0.4,0.27326,0.8873,0.4,54.333333333333336,285.0,0.4222222222222222,1.0,4,0.2666666666666666,9,0.6,0.0666666666666666,0.0666666666666666,0.3210613746117897,0.9354409453412492,0.3966666666666666,1.0,0.0264444444444444,0.0666666666666666,0.296644285241972,0.8374043308694372,0.2423600000014403,0,2207,C:\Users\Binich\PycharmProjects\PredictionRTS\output\learner_results\all_data\synergy\sce1_synergy_run_0074\final_eval\eval_run_0074_web_batch_20260622_141137,web_batch_20260622_141137,0.0038127741796753004,0.0038127741796753004,0.0002906961474095,0.0001394117132667,0.0014920847150451,0.0005314441033562,0.0011017032503708,0.000257434250227,0.0008150791261715,0.0015837087817207,60.0,0.0038127741796753004,63.0,0.4282090076887876,0.20475143038609625,0.3567025829519264,positive_contribution_fill,59,True
False,repeat_001::ep_256::line_256,Synergy,sce-1,sce1_synergy_run_0074,eval_run_0074_web_batch_20260622_141137,repeat_001,256,256,Win,True,60.0,60.0,3.0,60.0,0.0,43950,19,19,14,0,0.0,1,0.0526315789473684,1,8,0.4210526315789473,19,1.0,9.990368421052631,95.4119,0.5263157894736842,0.5263157894736842,0.2605473684210526,0.8564,0.3157894736842105,383.9285714285714,1736.0,0.4385964912280702,1.0,5,0.2631578947368421,13,0.6842105263157895,0.0526315789473684,0.0526315789473684,0.3117565361269507,0.9189736201320724,0.431578947368421,1.0,0.0227146814404432,0.0526315789473684,0.3018693886255488,0.8295355038883306,0.256216666665902,0,1770,C:\Users\Binich\PycharmProjects\PredictionRTS\output\learner_results\all_data\synergy\sce1_synergy_run_0074\final_eval\eval_run_0074_web_batch_20260622_141137,web_batch_20260622_141137,0.0036766521680274998,0.003523630624304377,-8.15632599068589e-05,-7.145828381626397e-05,0.0010518534950888,0.0006496322711912,0.0011017032503708,0.0008734631513767,0.00060436600789,0.0012189756024498,60.0,0.0036766521680274998,63.0,0.4282090076887876,0.17970896144513707,0.34868899289081945,positive_contribution_fill,60,True
False,repeat_001::ep_243::line_243,Synergy,sce-1,sce1_synergy_run_0074,eval_run_0074_web_batch_20260622_141137,repeat_001,243,243,Win,True,60.0,60.0,3.0,60.0,0.0,41694,19,19,14,0,0.0,1,0.0526315789473684,1,8,0.4210526315789473,19,1.0,9.995894736842104,95.507,0.5263157894736842,0.5263157894736842,0.2604578947368421,0.8561,0.3157894736842105,382.1428571428572,1729.0,0.4385964912280702,1.0,5,0.2631578947368421,13,0.6842105263157895,0.0526315789473684,0.0526315789473684,0.3117145799890174,0.9189178235567308,0.431578947368421,1.0,0.0227146814404432,0.0526315789473684,0.3018505083634789,0.8295159750869611,0.2830333333297593,0,1770,C:\Users\Binich\PycharmProjects\PredictionRTS\output\learner_results\all_data\synergy\sce1_synergy_run_0074\final_eval\eval_run_0074_web_batch_20260622_141137,web_batch_20260622_141137,0.0036751325469108,0.003522111003187677,-8.15632599068589e-05,-7.145828381626397e-05,0.0010507609322365,0.0006492052129268,0.0011017032503708,0.0008734631513767,0.0006034158883721,0.0012177397695469,60.0,0.0036751325469108,63.0,0.4282090076887876,0.17942939560448928,0.3485995318218122,positive_contribution_fill,61,True
False,repeat_001::ep_107::line_107,Synergy,sce-1,sce1_synergy_run_0074,eval_run_0074_web_batch_20260622_141137,repeat_001,107,107,Win,True,60.0,60.0,3.0,60.0,0.0,18332,17,17,14,0,0.0,0,0.0,2,10,0.5882352941176471,17,1.0,20.248429411764704,120.0853,0.5882352941176471,0.5882352941176471,0.2483764705882353,0.8425,0.3529411764705882,85.5,557.0,0.4705882352941176,1.0,4,0.2352941176470588,12,0.7058823529411765,0.0,0.0,0.3719538196724156,0.9220009453412492,0.4588235294117647,0.0,0.0,0.0,0.3279674541467047,0.8227003308694372,0.2410999999993279,0,2207,C:\Users\Binich\PycharmProjects\PredictionRTS\output\learner_results\all_data\synergy\sce1_synergy_run_0074\final_eval\eval_run_0074_web_batch_20260622_141137,web_batch_20260622_141137,0.0032635986331190003,-0.0014189055830259002,-0.0014775360373433,-0.0013556805799648,0.0006694513195239,0.001239952179057,-0.0018492875988368,0.0013541951345381,0.0019675661696775,0.0012860275331188,60.0,0.0032635986331190003,63.0,0.4282090076887876,0.1037191917254311,0.32437226658051355,positive_contribution_fill,62,True
False,repeat_001::ep_123::line_123,Synergy,sce-1,sce1_synergy_run_0074,eval_run_0074_web_batch_20260622_141137,repeat_001,123,123,Win,True,60.0,60.0,3.0,60.0,0.0,20994,18,18,16,1,0.0555555555555555,1,0.0555555555555555,0,6,0.3333333333333333,18,1.0,3.471783333333333,14.7424,0.4444444444444444,0.4444444444444444,0.3101388888888888,0.8543,0.3888888888888889,300.15384615384613,1665.0,0.4814814814814814,1.0,6,0.3333333333333333,13,0.7222222222222222,0.0555555555555555,0.0555555555555555,0.308003275106379,0.794624195550957,0.4444444444444444,1.0,0.0246913580246913,0.0555555555555555,0.3052681404645372,0.7864518017761682,0.2508400000067468,0,1770,C:\Users\Binich\PycharmProjects\PredictionRTS\output\learner_results\all_data\synergy\sce1_synergy_run_0074\final_eval\eval_run_0074_web_batch_20260622_141137,web_batch_20260622_141137,0.0029689856621158348,0.001606459146136692,-4.00921671594277e-06,4.02972848639347e-05,-0.0013585172992632,0.0007265096501227,0.0011017032503708,0.0011004754767584,0.0005193713747582,-0.0015352276692935,60.0,0.0029689856621158348,63.0,0.4282090076887876,0.04951902169679716,0.3070282121713507,positive_contribution_fill,63,True
False,repeat_001::ep_141::line_141,Synergy,sce-1,sce1_synergy_run_0074,eval_run_0074_web_batch_20260622_141137,repeat_001,141,141,Win,True,60.0,60.0,3.0,60.0,0.0,24100,20,20,14,0,0.0,1,0.05,0,8,0.4,20,1.0,7.581239999999999,95.6408,0.4,0.4,0.27398,0.8546,0.35,420.3076923076923,1674.0,0.4333333333333333,1.0,6,0.3,13,0.65,0.05,0.05,0.2858698931121203,0.9185158414551956,0.4,1.0,0.02,0.05,0.2786414519004542,0.8289805445093184,0.2551571428597299,0,1770,C:\Users\Binich\PycharmProjects\PredictionRTS\output\learner_results\all_data\synergy\sce1_synergy_run_0074\final_eval\eval_run_0074_web_batch_20260622_141137,web_batch_20260622_141137,0.0025629925996589,0.0021866921914268,-0.0001513618987786,-0.0002249385094535,0.0010208056089128,0.0001242326603903,0.0011017032503708,0.000316251079985,1.81489251988856e-05,0.0012088363072031,60.0,0.0025629925996589,63.0,0.4282090076887876,-0.02517182759162482,0.2831271403990557,positive_contribution_fill,64,True
False,repeat_001::ep_262::line_262,Synergy,sce-1,sce1_synergy_run_0074,eval_run_0074_web_batch_20260622_141137,repeat_001,262,262,Win,True,60.0,60.0,9.0,60.0,0.0,44962,18,18,16,3,0.1666666666666666,1,0.0555555555555555,0,6,0.3333333333333333,18,1.0,7.532927777777778,95.4027,0.3888888888888889,0.3333333333333333,0.2668166666666666,0.8778,0.3888888888888889,311.5,1740.0,0.4074074074074074,1.0,5,0.2777777777777778,10,0.5555555555555556,0.0555555555555555,0.0555555555555555,0.2677994449312517,0.9253903080091876,0.3666666666666666,1.0,0.0203703703703703,0.0555555555555555,0.2599541946635077,0.832219941136549,0.2547000000049593,0,2207,C:\Users\Binich\PycharmProjects\PredictionRTS\output\learner_results\all_data\synergy\sce1_synergy_run_0074\final_eval\eval_run_0074_web_batch_20260622_141137,web_batch_20260622_141137,0.0023037408945731997,0.001525355648507557,-4.00921671594277e-06,-0.0002039988414811,0.0012020376442024,-0.0002984599702737,0.0011017032503708,-0.0002719172175949,-0.0003910661827408,0.0013610981961364,60.0,0.0023037408945731997,63.0,0.4282090076887876,-0.07286655891323805,0.26786482637613945,positive_contribution_fill,65,True
False,repeat_001::ep_222::line_222,Synergy,sce-1,sce1_synergy_run_0074,eval_run_0074_web_batch_20260622_141137,repeat_001,222,222,Win,True,60.0,60.0,3.0,60.0,0.0,38002,19,19,14,3,0.1578947368421052,1,0.0526315789473684,0,4,0.2105263157894736,19,1.0,8.023094736842104,95.4203,0.4736842105263157,0.4736842105263157,0.1729368421052631,0.8556,0.2105263157894736,230.63636363636363,1717.0,0.3157894736842105,1.0,3,0.1578947368421052,11,0.5789473684210527,0.0526315789473684,0.0526315789473684,0.2286030186304274,0.9187366437393938,0.3447368421052631,1.0,0.0181440443213296,0.0526315789473684,0.2340555689100081,0.8294525621508931,0.2262999999989764,0,1770,C:\Users\Binich\PycharmProjects\PredictionRTS\output\learner_results\all_data\synergy\sce1_synergy_run_0074\final_eval\eval_run_0074_web_batch_20260622_141137,web_batch_20260622_141137,0.0021489164677733997,0.000194345604414941,-8.15632599068589e-05,-0.0003298688677973,0.0010472132174026,-0.0008842686907041,0.0011017032503708,-0.0006588700449502,-0.0012786905326738,0.0012137268354512,60.0,0.0021489164677733997,63.0,0.4282090076887876,-0.10134972524689137,0.25875021314937036,positive_contribution_fill,66,True
False,repeat_001::ep_190::line_190,Synergy,sce-1,sce1_synergy_run_0074,eval_run_0074_web_batch_20260622_141137,repeat_001,190,190,Win,True,60.0,60.0,3.0,60.0,0.0,32558,20,20,15,4,0.2,1,0.05,0,5,0.25,20,1.0,7.34029,95.5219,0.4,0.4,0.12739,0.8551,0.15,84.9,732.0,0.25,1.0,2,0.1,10,0.5,0.05,0.05,0.1844234270128902,0.9186231768666032,0.2774999999999999,1.0,0.0138749999999999,0.05,0.1901155421558006,0.829018111903311,0.254800000002812,0,1770,C:\Users\Binich\PycharmProjects\PredictionRTS\output\learner_results\all_data\synergy\sce1_synergy_run_0074\final_eval\eval_run_0074_web_batch_20260622_141137,web_batch_20260622_141137,0.002124610613424,-0.0023214081949807,-0.0001513618987786,-0.0005712282685476,0.0010229073630532,-0.001878161227457,0.0011017032503708,-0.0018452674136215,-0.0022791613661334,0.0012112136687572,60.0,0.002124610613424,63.0,0.4282090076887876,-0.1058212915664019,0.257319311927127,positive_contribution_fill,67,True
False,repeat_001::ep_106::line_106,Synergy,sce-1,sce1_synergy_run_0074,eval_run_0074_web_batch_20260622_141137,repeat_001,106,106,Win,True,48.0,48.0,-3.0,48.0,0.0,18170,20,20,14,3,0.15,0,0.0,1,6,0.3,20,1.0,1.7302699999999998,11.0659,0.3,0.3,0.148905,0.8197,0.2,222.55555555555557,1659.0,0.2666666666666666,1.0,3,0.15,8,0.4,0.0,0.0,0.1635895393256932,0.7560296720766737,0.2525,0.0,0.0,0.0,0.1619902926965619,0.7646103852268358,0.2458750000027265,0,3091,C:\Users\Binich\PycharmProjects\PredictionRTS\output\learner_results\all_data\synergy\sce1_synergy_run_0074\final_eval\eval_run_0074_web_batch_20260622_141137,web_batch_20260622_141137,0.0119039106858082,0.0119039106858082,0.0014579660236037,0.0013377245457931,0.0025462839489878,0.0024810321666894,0.0018247937233555,0.0022561102773787,0.0027145195575975,0.0023583976594707,48.0,0.0119039106858082,63.0,-0.4225373652028436,1.6932839035628404,0.2545254408021753,positive_contribution_fill,68,True
False,repeat_001::ep_258::line_258,Synergy,sce-1,sce1_synergy_run_0074,eval_run_0074_web_batch_20260622_141137,repeat_001,258,258,Win,True,30.0,30.0,-3.0,30.0,0.0,44244,17,17,13,1,0.0588235294117647,0,0.0,1,8,0.4705882352941176,17,1.0,12.167323529411766,47.3967,0.5294117647058824,0.4705882352941176,0.1539764705882353,0.834,0.2352941176470588,31.5,282.0,0.3137254901960784,1.0,2,0.1176470588235294,9,0.5294117647058824,0.0,0.0,0.2598378319353012,0.8805095822582134,0.3323529411764706,0.0,0.0,0.0,0.2332505537826502,0.8081783537903746,0.2455250000004127,0,2020,C:\Users\Binich\PycharmProjects\PredictionRTS\output\learner_results\all_data\synergy\sce1_synergy_run_0074\final_eval\eval_run_0074_web_batch_20260622_141137,web_batch_20260622_141137,0.026202739089147702,0.026202739089147702,0.0058612191150242,0.00537783223443,0.0005672592654244,0.0035800269062491,0.007335915706644,0.003480485861376,0.0022665256767718,-0.001456003900851,30.0,0.026202739089147702,63.0,-1.6986569245402903,4.323850127556196,0.22854533213058525,positive_contribution_fill,69,True
False,repeat_001::ep_45::line_45,Synergy,sce-1,sce1_synergy_run_0074,eval_run_0074_web_batch_20260622_141137,repeat_001,45,45,Win,True,60.0,60.0,3.0,60.0,0.0,7578,19,19,15,2,0.1052631578947368,1,0.0526315789473684,1,6,0.3157894736842105,19,1.0,3.9969263157894734,24.8993,0.4210526315789473,0.4210526315789473,0.2117210526315789,0.8743,0.2631578947368421,350.54545454545456,1621.0,0.3508771929824561,1.0,4,0.2105263157894736,10,0.5263157894736842,0.0526315789473684,0.0526315789473684,0.2387754819442989,0.8476745206064304,0.3447368421052631,1.0,0.0181440443213296,0.0526315789473684,0.2386331774012503,0.8045808190543559,0.2353250000002305,0,1770,C:\Users\Binich\PycharmProjects\PredictionRTS\output\learner_results\all_data\synergy\sce1_synergy_run_0074\final_eval\eval_run_0074_web_batch_20260622_141137,web_batch_20260622_141137,0.0011017032503708,-0.0010935924171913592,-8.15632599068589e-05,-0.0003298688677973,-0.0003442670924475,-0.0007807264024603,0.0011017032503708,-0.0006588700449502,-0.0010483295791804,-0.0003602211959863,60.0,0.0011017032503708,63.0,0.4282090076887876,-0.2940063290827213,0.1971000999219048,positive_contribution_fill,70,True
False,repeat_001::ep_184::line_184,Synergy,sce-1,sce1_synergy_run_0074,eval_run_0074_web_batch_20260622_141137,repeat_001,184,184,Win,True,60.0,60.0,3.0,60.0,0.0,31556,19,19,13,0,0.0,0,0.0,1,7,0.3684210526315789,19,1.0,10.810647368421051,120.0853,0.4736842105263157,0.4736842105263157,0.2175578947368421,0.855,0.2631578947368421,398.46153846153845,1698.0,0.3859649122807017,1.0,4,0.2105263157894736,12,0.631578947368421,0.0,0.0,0.2790599725640656,0.9257509453412492,0.3789473684210526,0.0,0.0,0.0,0.2582085666011979,0.8240128308694372,0.2203666666673598,0,1770,C:\Users\Binich\PycharmProjects\PredictionRTS\output\learner_results\all_data\synergy\sce1_synergy_run_0074\final_eval\eval_run_0074_web_batch_20260622_141137,web_batch_20260622_141137,0.0007428807490411,-0.004332791952097,-0.0014775360373433,-0.0013556805799648,0.0007428807490411,-0.0003379448507172,-0.0018492875988368,-5.522363427599999e-05,-0.0001360654221288,0.0013690859172153,60.0,0.0007428807490411,63.0,0.4282090076887876,-0.36001917473560496,0.17597598931298203,positive_contribution_fill,71,True
False,repeat_001::ep_101::line_101,Synergy,sce-1,sce1_synergy_run_0074,eval_run_0074_web_batch_20260622_141137,repeat_001,101,101,Win,True,45.0,45.0,9.0,45.0,0.0,17300,16,16,13,4,0.25,0,0.0,1,7,0.4375,16,1.0,6.20219375,16.0163,0.5,0.5,0.1498249999999999,0.7797,0.1875,300.3,1655.0,0.3125,1.0,2,0.125,9,0.5625,0.0,0.0,0.2473183112793765,0.7801602354293269,0.3374999999999999,0.0,0.0,0.0,0.2294182400757194,0.7730560824002644,0.2298428571439867,0,1802,C:\Users\Binich\PycharmProjects\PredictionRTS\output\learner_results\all_data\synergy\sce1_synergy_run_0074\final_eval\eval_run_0074_web_batch_20260622_141137,web_batch_20260622_141137,0.012707457441289201,0.012707457441289201,0.0021918415388404,0.0020110758272326,0.0031270360294895,0.0014673658655519,0.0027433140539036,0.0011668241262712,0.0012681553381868,0.0027526611019911,45.0,0.012707457441289201,63.0,-0.6352239584257513,1.841113004992863,0.15720386986820528,positive_contribution_fill,72,True
False,repeat_001::ep_98::line_98,Synergy,sce-1,sce1_synergy_run_0074,eval_run_0074_web_batch_20260622_141137,repeat_001,98,98,Win,True,60.0,60.0,3.0,60.0,0.0,16764,16,16,14,2,0.125,0,0.0,1,5,0.3125,16,1.0,8.99019375,47.6243,0.4375,0.4375,0.2161375,0.8875,0.3125,135.9,556.0,0.375,1.0,3,0.1875,9,0.5625,0.0,0.0,0.2777471976197924,0.8968348400761483,0.3624999999999999,0.0,0.0,0.0,0.2518612389289065,0.8138921940266519,0.3202600000008715,0,2207,C:\Users\Binich\PycharmProjects\PredictionRTS\output\learner_results\all_data\synergy\sce1_synergy_run_0074\final_eval\eval_run_0074_web_batch_20260622_141137,web_batch_20260622_141137,0.0001766692521139,-0.0053327901624094995,-0.0014775360373433,-0.0013556805799648,0.0001766692521139,-0.0004815169435861,-0.0018492875988368,-0.0003454382547924,-0.0001657939233339,0.0007286259231663,60.0,0.0001766692521139,63.0,0.4282090076887876,-0.46418553000884866,0.14264275562554404,positive_contribution_fill,73,True
False,repeat_001::ep_5::line_5,Synergy,sce-1,sce1_synergy_run_0074,eval_run_0074_web_batch_20260622_141137,repeat_001,5,5,Win,True,57.0,57.0,9.0,57.0,0.0,848,14,14,12,3,0.2142857142857142,0,0.0,0,5,0.3571428571428571,14,1.0,3.149992857142857,13.0433,0.5,0.7142857142857143,0.2626571428571428,0.7287,0.4285714285714285,305.90909090909093,1606.0,0.5,1.0,4,0.2857142857142857,11,0.7857142857142857,0.2142857142857142,0.0,0.2986118282252231,0.7450237515026059,0.5464285714285715,1.0,0.0,0.0,0.3256253227013504,0.7607583130259121,0.2242399999996536,0,2905,C:\Users\Binich\PycharmProjects\PredictionRTS\output\learner_results\all_data\synergy\sce1_synergy_run_0074\final_eval\eval_run_0074_web_batch_20260622_141137,web_batch_20260622_141137,0.0026115152457145997,-0.0002217183486955003,-0.0007436605221065,-0.0006823292985253,-0.0014072437737783,0.0005974177857394,0.0005544996491932,0.001459597810782,0.0001543640340203,-0.0013256328008232,57.0,0.0026115152457145997,63.0,0.21552241446587983,-0.016245079874091704,0.14135681627708896,positive_contribution_fill,74,True
False,repeat_001::ep_291::line_291,Synergy,sce-1,sce1_synergy_run_0074,eval_run_0074_web_batch_20260622_141137,repeat_001,291,291,Win,True,57.0,57.0,9.0,57.0,0.0,50120,14,14,14,3,0.2142857142857142,1,0.0714285714285714,0,6,0.4285714285714285,14,1.0,2.5342714285714285,10.3156,0.3571428571428571,0.3571428571428571,0.3313857142857143,0.8826,0.5,210.0,1759.0,0.5,1.0,5,0.3571428571428571,9,0.6428571428571429,0.0714285714285714,0.0714285714285714,0.3065485560246462,0.7678869719821222,0.4357142857142857,1.0,0.0311224489795918,0.0714285714285714,0.3047325644968051,0.7794747259080284,0.2671499999991056,0,2905,C:\Users\Binich\PycharmProjects\PredictionRTS\output\learner_results\all_data\synergy\sce1_synergy_run_0074\final_eval\eval_run_0074_web_batch_20260622_141137,web_batch_20260622_141137,0.0018035760989583002,0.0009233559748112001,0.0002098800127175,0.0002032836624981,-0.0008802201241471,0.0003595631963351,0.0005544996491932,0.0004763495782144,0.0002448249260586,-0.0010707583756248,57.0,0.0018035760989583002,63.0,0.21552241446587983,-0.1648822528331545,0.09379292093018886,positive_contribution_fill,75,True
False,repeat_001::ep_33::line_33,Synergy,sce-1,sce1_synergy_run_0074,eval_run_0074_web_batch_20260622_141137,repeat_001,33,33,Win,True,57.0,57.0,3.0,57.0,0.0,5464,14,14,13,2,0.1428571428571428,1,0.0714285714285714,0,6,0.4285714285714285,14,1.0,1.2449,10.2142,0.1428571428571428,0.1428571428571428,0.4036928571428571,0.8976,0.5714285714285714,396.5,1614.0,0.5476190476190477,1.0,7,0.5,8,0.5714285714285714,0.0714285714285714,0.0714285714285714,0.3118046928362403,0.7713993022726597,0.4035714285714285,1.0,0.0288265306122448,0.0714285714285714,0.2958478260620225,0.7807040415097166,0.3605000000014513,0,1784,C:\Users\Binich\PycharmProjects\PredictionRTS\output\learner_results\all_data\synergy\sce1_synergy_run_0074\final_eval\eval_run_0074_web_batch_20260622_141137,web_batch_20260622_141137,0.0013516361079809,0.0005060315054634001,0.0002098800127175,0.0001379515588161,-0.0008456046025175,0.0002584144733335,0.0005544996491932,0.0001908904139206,0.0003047330943451,-0.0010316036482884,57.0,0.0013516361079809,63.0,0.21552241446587983,-0.24802599314542736,0.06718692403026154,positive_contribution_fill,76,True
False,repeat_001::ep_115::line_115,Synergy,sce-1,sce1_synergy_run_0074,eval_run_0074_web_batch_20260622_141137,repeat_001,115,115,Win,True,30.0,30.0,3.0,30.0,0.0,19678,18,18,16,2,0.1111111111111111,0,0.0,1,8,0.4444444444444444,18,1.0,12.525555555555554,47.4922,0.5555555555555556,0.5,0.1527277777777777,0.834,0.2777777777777778,30.545454545454547,280.0,0.3333333333333333,1.0,2,0.1111111111111111,10,0.5555555555555556,0.0,0.0,0.2694308778673295,0.8806253446554488,0.3555555555555555,0.0,0.0,0.0,0.2456883394847427,0.8082188706294071,0.2780000000015548,0,2020,C:\Users\Binich\PycharmProjects\PredictionRTS\output\learner_results\all_data\synergy\sce1_synergy_run_0074\final_eval\eval_run_0074_web_batch_20260622_141137,web_batch_20260622_141137,0.023453638485268997,0.023453638485268997,0.0058612191150242,0.00537783223443,0.000558267265943,0.0024640067012663,0.007335915706644,0.0018563974619615,0.0014047601159293,-0.00146617504002,30.0,0.023453638485268997,63.0,-1.6986569245402903,3.818096020231285,0.06670401778661361,positive_contribution_fill,77,True
False,repeat_001::ep_175::line_175,Synergy,sce-1,sce1_synergy_run_0074,eval_run_0074_web_batch_20260622_141137,repeat_001,175,175,Win,True,57.0,57.0,3.0,57.0,0.0,29918,16,16,14,4,0.25,0,0.0,0,6,0.375,16,1.0,11.13631875,138.097,0.375,0.375,0.0968875,0.8627,0.125,3.0,14.0,0.2083333333333333,1.0,1,0.0625,7,0.4375,0.0,0.0,0.1673019243067227,0.9318006750305544,0.2437499999999999,0.0,0.0,0.0,0.1605983659380252,0.8261302362606939,0.2413600000011229,0,4929,C:\Users\Binich\PycharmProjects\PredictionRTS\output\learner_results\all_data\synergy\sce1_synergy_run_0074\final_eval\eval_run_0074_web_batch_20260622_141137,web_batch_20260622_141137,0.0004335229256741,-0.004433049522516,-0.0007436605221065,-0.0006823292985253,0.0004335229256741,-0.0012813393729516,-0.0009307672682887,-0.001228475986318,-0.0013422742962983,0.0007565174836108,57.0,0.0004335229256741,63.0,0.21552241446587983,-0.4169319663519638,0.013137012604169884,positive_contribution_fill,78,True
False,repeat_001::ep_104::line_104,Synergy,sce-1,sce1_synergy_run_0074,eval_run_0074_web_batch_20260622_141137,repeat_001,104,104,Win,True,57.0,57.0,3.0,57.0,0.0,17796,16,16,15,4,0.25,0,0.0,0,9,0.5625,16,1.0,10.9106625,106.0025,0.3125,0.3125,0.2706625,0.8827,0.375,15.0,48.0,0.4375,1.0,5,0.3125,10,0.625,0.0,0.0,0.2890710801355504,0.9303279845261956,0.375,0.0,0.0,0.0,0.2613319860609976,0.8256147945841684,0.2324777777786835,0,3265,C:\Users\Binich\PycharmProjects\PredictionRTS\output\learner_results\all_data\synergy\sce1_synergy_run_0074\final_eval\eval_run_0074_web_batch_20260622_141137,web_batch_20260622_141137,0.0004190089290421,-0.0021351319574833315,-0.0007436605221065,-0.0006823292985253,0.0004190089290421,-0.0001345327321533,-0.0009307672682887,-6.285106545163158e-05,4.562090905563436e-05,0.0007401002362624,57.0,0.0004190089290421,63.0,0.21552241446587983,-0.4196021172369394,0.012282564320977685,positive_contribution_fill,79,True
False,repeat_001::ep_297::line_297,Synergy,sce-1,sce1_synergy_run_0074,eval_run_0074_web_batch_20260622_141137,repeat_001,297,297,Win,True,57.0,57.0,15.0,57.0,0.0,51122,14,14,13,3,0.2142857142857142,0,0.0,1,3,0.2142857142857142,14,1.0,4.030185714285714,43.6331,0.2142857142857142,0.2142857142857142,0.3876285714285714,0.9107,0.5,23.444444444444443,79.0,0.5238095238095238,1.0,6,0.4285714285714285,8,0.5714285714285714,0.0,0.0,0.3168459804163789,0.8986291907609294,0.3928571428571428,0.0,0.0,0.0,0.2800806911873705,0.8145202167663252,0.3410000000011829,0,3495,C:\Users\Binich\PycharmProjects\PredictionRTS\output\learner_results\all_data\synergy\sce1_synergy_run_0074\final_eval\eval_run_0074_web_batch_20260622_141137,web_batch_20260622_141137,0.00028125386246408103,-0.002075503226456419,-0.0007436605221065,-0.0006823292985253,0.0001066037192669,7.89127840411367e-05,-0.0009307672682887,9.573735915604436e-05,0.0003621924633754,0.0003867286783211,57.0,0.00028125386246408103,63.0,0.21552241446587983,-0.44494502052260027,0.004172835269566216,positive_contribution_fill,80,True
False,repeat_001::ep_244::line_244,Synergy,sce-1,sce1_synergy_run_0074,eval_run_0074_web_batch_20260622_141137,repeat_001,244,244,Win,True,57.0,57.0,3.0,57.0,0.0,41826,14,14,11,3,0.2142857142857142,0,0.0,1,3,0.2142857142857142,14,1.0,3.85705,43.7158,0.1428571428571428,0.1428571428571428,0.3892214285714286,0.9074,0.5,37.625,107.0,0.5,1.0,6,0.4285714285714285,7,0.5,0.0,0.0,0.3045038254378622,0.8977540142006635,0.3571428571428571,0.0,0.0,0.0,0.262026721447038,0.8142139049702322,0.3337333333348624,0,1784,C:\Users\Binich\PycharmProjects\PredictionRTS\output\learner_results\all_data\synergy\sce1_synergy_run_0074\final_eval\eval_run_0074_web_batch_20260622_141137,web_batch_20260622_141137,9.797847885796586e-05,-0.002606841584564834,-0.0007436605221065,-0.0006823292985253,9.797847885796586e-05,-0.000126623484443,-0.0009307672682887,-0.0002214394900593,0.00022151958442,0.0003769723921082,57.0,9.797847885796586e-05,63.0,0.21552241446587983,-0.4786623307947533,-0.006616704017522762,positive_contribution_fill,81,True
False,repeat_001::ep_277::line_277,Synergy,sce-1,sce1_synergy_run_0074,eval_run_0074_web_batch_20260622_141137,repeat_001,277,277,Win,True,48.0,48.0,3.0,48.0,0.0,47692,20,20,15,0,0.0,0,0.0,2,6,0.3,20,1.0,1.52101,10.5554,0.25,0.25,0.32646,0.8705,0.5,417.0833333333333,1750.0,0.4833333333333333,1.0,7,0.35,10,0.5,0.0,0.0,0.2775095672529261,0.7665539327865185,0.375,0.0,0.0,0.0,0.2561293052638167,0.7682938764752815,0.2689999999934874,0,2207,C:\Users\Binich\PycharmProjects\PredictionRTS\output\learner_results\all_data\synergy\sce1_synergy_run_0074\final_eval\eval_run_0074_web_batch_20260622_141137,web_batch_20260622_141137,0.0074665187141236995,0.0074665187141236995,0.0014579660236037,0.0013377245457931,0.0023429359957124,0.0003798772578657,0.0018247937233555,0.0001232211677933,0.0001689079708947,0.002128384264032,48.0,0.0074665187141236995,63.0,-0.4225373652028436,0.8769335625372545,-0.006706668326012188,positive_contribution_fill,82,True
False,repeat_001::ep_117::line_117,Synergy,sce-1,sce1_synergy_run_0074,eval_run_0074_web_batch_20260622_141137,repeat_001,117,117,Win,True,57.0,57.0,3.0,57.0,0.0,20012,15,15,14,5,0.3333333333333333,0,0.0,0,7,0.4666666666666667,15,1.0,-3.473386666666667,44.1081,0.1333333333333333,0.1333333333333333,0.1033533333333333,0.8905,0.2,12.75,95.0,0.2,1.0,2,0.1333333333333333,8,0.5333333333333333,0.0,0.0,0.1262464290281089,0.8932239149960912,0.21,0.0,0.0,0.0,0.130310893062649,0.8126283702486319,0.3121428571424595,0,5186,C:\Users\Binich\PycharmProjects\PredictionRTS\output\learner_results\all_data\synergy\sce1_synergy_run_0074\final_eval\eval_run_0074_web_batch_20260622_141137,web_batch_20260622_141137,5.333240800786478e-05,-0.005457781323565435,-0.0007436605221065,-0.0006823292985253,5.333240800786478e-05,-0.0016261485338263,-0.0009307672682887,-0.0015282081088265,-0.0018102148405419,0.0003264717886656,57.0,5.333240800786478e-05,63.0,0.21552241446587983,-0.48687590205384057,-0.009245046820430675,positive_contribution_fill,83,True
False,repeat_001::ep_253::line_253,Synergy,sce-1,sce1_synergy_run_0074,eval_run_0074_web_batch_20260622_141137,repeat_001,253,253,Win,True,48.0,48.0,9.0,48.0,0.0,43394,15,15,12,5,0.3333333333333333,0,0.0,0,7,0.4666666666666667,15,1.0,5.624700000000001,43.6736,0.3333333333333333,0.3333333333333333,0.2121666666666666,0.9084,0.2666666666666666,81.375,448.0,0.3777777777777777,1.0,3,0.2,8,0.5333333333333333,0.0,0.0,0.2425176287873773,0.8979954665235796,0.3133333333333333,0.0,0.0,0.0,0.2187995996209864,0.8142984132832529,0.2549999999977054,0,2978,C:\Users\Binich\PycharmProjects\PredictionRTS\output\learner_results\all_data\synergy\sce1_synergy_run_0074\final_eval\eval_run_0074_web_batch_20260622_141137,web_batch_20260622_141137,0.007030469983763099,0.0068337152973731,0.0014579660236037,0.0013377245457931,-0.00019675468639,0.0012130652435623,0.0018247937233555,0.0011969204474485,0.0009508238957749,-0.0007443413658303,48.0,0.007030469983763099,63.0,-0.4225373652028436,0.7967133494018982,-0.03237713652932622,positive_contribution_fill,84,True
False,repeat_001::ep_181::line_181,Synergy,sce-1,sce1_synergy_run_0074,eval_run_0074_web_batch_20260622_141137,repeat_001,181,181,Win,True,48.0,48.0,3.0,48.0,0.0,30970,19,19,14,0,0.0,0,0.0,2,6,0.3157894736842105,19,1.0,1.305821052631579,10.2668,0.2105263157894736,0.2105263157894736,0.3786105263157894,0.8877,0.5263157894736842,505.75,1696.0,0.5263157894736842,1.0,8,0.4210526315789473,10,0.5263157894736842,0.0,0.0,0.3024011451037029,0.7689428774152802,0.3894736842105263,0.0,0.0,0.0,0.2723963047703505,0.7691300070953481,0.3005999999980228,0,2207,C:\Users\Binich\PycharmProjects\PredictionRTS\output\learner_results\all_data\synergy\sce1_synergy_run_0074\final_eval\eval_run_0074_web_batch_20260622_141137,web_batch_20260622_141137,0.006934064153281495,0.006805279089007896,0.0014579660236037,0.0013377245457931,0.002296777218945,1.680264158419575e-05,0.0018247937233555,-0.0001287850642736,-0.000387309317155,0.0020761725903833,48.0,0.006934064153281495,63.0,-0.4225373652028436,0.778977496204184,-0.038052609552594735,positive_contribution_fill,85,True
False,repeat_001::ep_131::line_131,Synergy,sce-1,sce1_synergy_run_0074,eval_run_0074_web_batch_20260622_141137,repeat_001,131,131,Win,True,48.0,48.0,-3.0,48.0,0.0,22390,16,16,13,3,0.1875,0,0.0,1,7,0.4375,16,1.0,3.59081875,44.0479,0.1875,0.1875,0.27305,0.87,0.4375,141.75,559.0,0.4166666666666667,1.0,5,0.3125,7,0.4375,0.0,0.0,0.2459316228623319,0.8869915741407159,0.31875,0.0,0.0,0.0,0.2222317302880493,0.8104470509492505,0.2482499999985066,0,2207,C:\Users\Binich\PycharmProjects\PredictionRTS\output\learner_results\all_data\synergy\sce1_synergy_run_0074\final_eval\eval_run_0074_web_batch_20260622_141137,web_batch_20260622_141137,0.006875415046965088,0.006875415046965088,0.0014579660236037,0.0013377245457931,1.5860627484189446e-05,0.001136461102493,0.0018247937233555,0.0011026090242356,0.0008745361434607,-0.0005038453614263,48.0,0.006875415046965088,63.0,-0.4225373652028436,0.7681877759703707,-0.041505320027415,positive_contribution_fill,86,True
False,repeat_001::ep_271::line_271,Synergy,sce-1,sce1_synergy_run_0074,eval_run_0074_web_batch_20260622_141137,repeat_001,271,271,Win,True,48.0,48.0,3.0,48.0,0.0,46660,18,18,17,1,0.0555555555555555,0,0.0,0,7,0.3888888888888889,18,1.0,1.8411777777777776,16.2734,0.2777777777777778,0.2222222222222222,0.4283277777777778,0.8658,0.6111111111111112,235.15384615384616,576.0,0.6111111111111112,1.0,9,0.5,13,0.7222222222222222,0.0,0.0,0.3480039795267963,0.8074947633728409,0.4638888888888889,0.0,0.0,0.0,0.3189629018981694,0.7826231671804943,0.2377999999956565,0,2585,C:\Users\Binich\PycharmProjects\PredictionRTS\output\learner_results\all_data\synergy\sce1_synergy_run_0074\final_eval\eval_run_0074_web_batch_20260622_141137,web_batch_20260622_141137,0.006172368609429799,0.0037253651106232003,0.0014579660236037,0.0013377245457931,0.0015518843166775,-0.0010225500292591,0.0018247937233555,-0.0014244534695475,-0.0014063320983649,0.001233600324821,48.0,0.006172368609429799,63.0,-0.4225373652028436,0.6388477936787268,-0.08289411436074104,positive_contribution_fill,87,True
False,repeat_001::ep_237::line_237,Synergy,sce-1,sce1_synergy_run_0074,eval_run_0074_web_batch_20260622_141137,repeat_001,237,237,Win,True,48.0,48.0,3.0,48.0,0.0,40682,19,19,13,0,0.0,0,0.0,1,6,0.3157894736842105,19,1.0,5.068247368421052,80.9941,0.2105263157894736,0.2105263157894736,0.2910263157894737,0.8752,0.4736842105263157,620.6,1726.0,0.4385964912280702,1.0,6,0.3157894736842105,9,0.4736842105263157,0.0,0.0,0.2566538610229235,0.9186011059618152,0.3421052631578947,0.0,0.0,0.0,0.2352310795655787,0.8215103870866353,0.2756800000014436,0,2207,C:\Users\Binich\PycharmProjects\PredictionRTS\output\learner_results\all_data\synergy\sce1_synergy_run_0074\final_eval\eval_run_0074_web_batch_20260622_141137,web_batch_20260622_141137,0.0061627663696274,0.0055678730660729,0.0014579660236037,0.0013377245457931,-0.0005948933035545,0.0008463194725659,0.0018247937233555,0.0006959626043092,0.0006349412785926,-0.0011946887320771,48.0,0.0061627663696274,63.0,-0.4225373652028436,0.6370812623947387,-0.08345940437161722,positive_contribution_fill,88,True
False,repeat_001::ep_208::line_208,Synergy,sce-1,sce1_synergy_run_0074,eval_run_0074_web_batch_20260622_141137,repeat_001,208,208,Win,True,9.0,9.0,-3.0,9.0,0.0,35564,21,21,14,1,0.0476190476190476,1,0.0476190476190476,1,9,0.4285714285714285,21,1.0,5.385633333333334,47.5634,0.4285714285714285,0.3809523809523809,0.124395238095238,0.8667,0.1428571428571428,104.6,612.0,0.238095238095238,1.0,2,0.0952380952380952,9,0.4285714285714285,0.0476190476190476,0.0476190476190476,0.1866747711355287,0.890521401341825,0.2571428571428571,1.0,0.0122448979591836,0.0476190476190476,0.1835274565347974,0.8188253476124958,0.2440555555551782,0,221,C:\Users\Binich\PycharmProjects\PredictionRTS\output\learner_results\all_data\synergy\sce1_synergy_run_0074\final_eval\eval_run_0074_web_batch_20260622_141137,web_batch_20260622_141137,0.0380340151397949,0.0264637835113731,0.0015967726239415,0.0049380782544265,-0.0033694736587738,0.0150897304893583,-0.008200757969648,0.0164094337720686,0.0165859111590188,-0.0043827825666752,9.0,0.0380340151397949,63.0,-3.1874630771006447,6.50045888791486,-0.0873280482956833,positive_contribution_fill,89,True
False,repeat_001::ep_47::line_47,Synergy,sce-1,sce1_synergy_run_0074,eval_run_0074_web_batch_20260622_141137,repeat_001,47,47,Win,True,51.0,51.0,9.0,51.0,0.0,7902,16,16,15,4,0.25,0,0.0,0,8,0.5,16,1.0,12.76196875,100.7024,0.4375,0.4375,0.12875625,0.866,0.1875,2.555555555555556,10.0,0.2916666666666666,1.0,2,0.125,9,0.5625,0.0,0.0,0.2313389904492445,0.9236670886990708,0.315625,0.0,0.0,0.0,0.21457129570216,0.8232834810446747,0.2443250000006003,0,1702,C:\Users\Binich\PycharmProjects\PredictionRTS\output\learner_results\all_data\synergy\sce1_synergy_run_0074\final_eval\eval_run_0074_web_batch_20260622_141137,web_batch_20260622_141137,0.0035186967666042995,0.0031746328479622995,0.0007240905083669,0.0006643732643536,-0.000344063918642,0.0006493324863641,0.0009062733928074,0.0005746271147123,0.000596279731542,-0.0006483236934014,51.0,0.0035186967666042995,63.0,-0.20985077197993576,0.15064978735335346,-0.09449059299328322,positive_contribution_fill,90,True
False,repeat_001::ep_139::line_139,Synergy,sce-1,sce1_synergy_run_0074,eval_run_0074_web_batch_20260622_141137,repeat_001,139,139,Win,True,48.0,48.0,3.0,48.0,0.0,23716,20,20,14,0,0.0,0,0.0,2,7,0.35,20,1.0,11.452135,120.0853,0.35,0.35,0.24371,0.8745,0.35,439.9166666666667,1672.0,0.4,1.0,5,0.25,10,0.5,0.0,0.0,0.2618218138134415,0.9316009453412492,0.3475,0.0,0.0,0.0,0.2394448162160486,0.8260603308694372,0.2342399999974986,0,2207,C:\Users\Binich\PycharmProjects\PredictionRTS\output\learner_results\all_data\synergy\sce1_synergy_run_0074\final_eval\eval_run_0074_web_batch_20260622_141137,web_batch_20260622_141137,0.0059747874186634,0.0051287134570467,0.0014579660236037,0.0013377245457931,-0.0008460739616167,0.0007522701171905,0.0018247937233555,0.0006020330087206,0.0005194602631607,-0.0014788072348641,48.0,0.0059747874186634,63.0,-0.4225373652028436,0.6024986332954124,-0.09452584568340164,positive_contribution_fill,91,True
False,repeat_001::ep_296::line_296,Synergy,sce-1,sce1_synergy_run_0074,eval_run_0074_web_batch_20260622_141137,repeat_001,296,296,Win,True,48.0,48.0,3.0,48.0,0.0,50990,17,17,15,3,0.1764705882352941,0,0.0,2,5,0.2941176470588235,17,1.0,1.591764705882353,16.2789,0.1764705882352941,0.1176470588235294,0.4585470588235294,0.9086,0.5882352941176471,166.1818181818182,479.0,0.5882352941176471,1.0,9,0.5294117647058824,9,0.5294117647058824,0.0,0.0,0.3415930597856674,0.820366627294141,0.3999999999999999,0.0,0.0,0.0,0.2937168769035503,0.7871283195529493,0.2449399999989054,0,2978,C:\Users\Binich\PycharmProjects\PredictionRTS\output\learner_results\all_data\synergy\sce1_synergy_run_0074\final_eval\eval_run_0074_web_batch_20260622_141137,web_batch_20260622_141137,0.0059236606711338,0.0051525321265849,0.0014579660236037,0.0013377245457931,0.0013031763783815,-0.0004590662205902,0.0018247937233555,-0.0003120623239587,-0.0012630762383429,0.0009522787947117,48.0,0.0059236606711338,63.0,-0.4225373652028436,0.5930928070696365,-0.09753571007564993,positive_contribution_fill,92,True
False,repeat_001::ep_125::line_125,Synergy,sce-1,sce1_synergy_run_0074,eval_run_0074_web_batch_20260622_141137,repeat_001,125,125,Win,True,48.0,48.0,-3.0,48.0,0.0,21348,17,17,14,2,0.1176470588235294,0,0.0,1,6,0.3529411764705882,17,1.0,2.1283176470588234,16.3035,0.2352941176470588,0.2352941176470588,0.3753058823529412,0.9156,0.4705882352941176,100.27272727272728,312.0,0.5098039215686274,1.0,7,0.4117647058823529,10,0.5882352941176471,0.0,0.0,0.304977557984621,0.8226089828349838,0.3911764705882353,0.0,0.0,0.0,0.2741516657989618,0.7879131439922443,0.2934499999985481,0,1019,C:\Users\Binich\PycharmProjects\PredictionRTS\output\learner_results\all_data\synergy\sce1_synergy_run_0074\final_eval\eval_run_0074_web_batch_20260622_141137,web_batch_20260622_141137,0.0058803342634822005,0.005699524909961983,0.0014579660236037,0.0013377245457931,0.0012598499707299,-2.2376497238717293e-05,0.0018247937233555,-0.0001584328562815,-0.000444880813591,0.0009032709046613,48.0,0.0058803342634822005,63.0,-0.4225373652028436,0.5851220152424791,-0.1000863634603403,positive_contribution_fill,93,True
False,repeat_001::ep_97::line_97,Synergy,sce-1,sce1_synergy_run_0074,eval_run_0074_web_batch_20260622_141137,repeat_001,97,97,Win,True,51.0,51.0,9.0,51.0,0.0,16612,15,15,13,4,0.2666666666666666,0,0.0,0,5,0.3333333333333333,15,1.0,4.40316,44.2081,0.2666666666666666,0.2666666666666666,0.2582666666666667,0.8806,0.3333333333333333,15.75,76.0,0.3777777777777778,1.0,4,0.2666666666666666,8,0.5333333333333333,0.0,0.0,0.2455373392331931,0.890390289606166,0.3233333333333333,0.0,0.0,0.0,0.2236584693216035,0.8116366013621581,0.2898799999996981,0,1702,C:\Users\Binich\PycharmProjects\PredictionRTS\output\learner_results\all_data\synergy\sce1_synergy_run_0074\final_eval\eval_run_0074_web_batch_20260622_141137,web_batch_20260622_141137,0.0033513100396826,0.0033265727994385764,0.0007240905083669,0.0006643732643536,-2.473724024402356e-05,0.0005486015872062,0.0009062733928074,0.0005079712869485,0.0004387090737283,-0.000287123040189,51.0,0.0033513100396826,63.0,-0.20985077197993576,0.11985552521071628,-0.10434475687892711,positive_contribution_fill,94,True
False,repeat_001::ep_275::line_275,Synergy,sce-1,sce1_synergy_run_0074,eval_run_0074_web_batch_20260622_141137,repeat_001,275,275,Win,True,48.0,48.0,-3.0,48.0,0.0,47308,20,20,14,0,0.0,0,0.0,1,6,0.3,20,1.0,5.467045000000001,80.9941,0.3,0.25,0.319395,0.8778,0.45,477.1666666666667,1748.0,0.4666666666666667,1.0,7,0.35,11,0.55,0.0,0.0,0.2845651707941297,0.9193811059618152,0.37,0.0,0.0,0.0,0.2575543268573583,0.8217833870866353,0.276020000006838,0,3091,C:\Users\Binich\PycharmProjects\PredictionRTS\output\learner_results\all_data\synergy\sce1_synergy_run_0074\final_eval\eval_run_0074_web_batch_20260622_141137,web_batch_20260622_141137,0.005178833356396399,0.004568869027149199,0.0014579660236037,0.0013377245457931,-0.0006099643292472,0.0003480711975004,0.0018247937233555,0.0002102778661437,1.124626335781346e-05,-0.0012117360528713,48.0,0.005178833356396399,63.0,-0.4225373652028436,0.45606636535093764,-0.1413841714256336,positive_contribution_fill,95,True
False,repeat_001::ep_280::line_280,Synergy,sce-1,sce1_synergy_run_0074,eval_run_0074_web_batch_20260622_141137,repeat_001,280,280,Win,True,48.0,48.0,3.0,48.0,0.0,48258,19,19,14,0,0.0,0,0.0,1,6,0.3157894736842105,19,1.0,5.079047368421053,80.9941,0.2105263157894736,0.2105263157894736,0.3371,0.8758,0.5263157894736842,637.3636363636364,1753.0,0.4912280701754386,1.0,7,0.3684210526315789,10,0.5263157894736842,0.0,0.0,0.2865228924981184,0.9187811059618152,0.3763157894736841,0.0,0.0,0.0,0.2606458279399427,0.8215733870866353,0.2107200000011744,0,2207,C:\Users\Binich\PycharmProjects\PredictionRTS\output\learner_results\all_data\synergy\sce1_synergy_run_0074\final_eval\eval_run_0074_web_batch_20260622_141137,web_batch_20260622_141137,0.004999865611063999,0.0044014943785035,0.0014579660236037,0.0013377245457931,-0.0005983712325605,0.0002790698079791,0.0018247937233555,0.0001003115103326,-3.250020637090296e-05,-0.0011986227291835,48.0,0.004999865611063999,63.0,-0.4225373652028436,0.42314153453433,-0.15192011728694801,positive_contribution_fill,96,True
False,repeat_001::ep_53::line_53,Synergy,sce-1,sce1_synergy_run_0074,eval_run_0074_web_batch_20260622_141137,repeat_001,53,53,Win,True,54.0,54.0,3.0,54.0,0.0,8914,20,20,15,0,0.0,3,0.15,0,10,0.5,20,1.0,14.277885,120.0853,0.5,0.45,0.3660299999999999,0.8759,0.5,386.7142857142857,1625.0,0.5333333333333333,1.0,8,0.4,14,0.7,0.15,0.15,0.3613427755249422,0.9320209453412492,0.4874999999999999,1.0,0.0731249999999999,0.15,0.363229248986224,0.8487073308694371,0.2583666666673423,0,2207,C:\Users\Binich\PycharmProjects\PredictionRTS\output\learner_results\all_data\synergy\sce1_synergy_run_0074\final_eval\eval_run_0074_web_batch_20260622_141137,web_batch_20260622_141137,8.214219726591901e-05,8.214219726591901e-05,1.6562823697686063e-05,1.840129215458328e-05,1.4069172023110351e-05,1.3493703354092177e-05,7.296048015700992e-06,1.2319158020746148e-05,1.1438896126752296e-05,9.986486989567544e-06,54.0,8.214219726591901e-05,63.0,0.0028358212429720436,-0.48157574343910364,-0.15217587945529218,positive_contribution_fill,97,True
False,repeat_001::ep_16::line_16,Synergy,sce-1,sce1_synergy_run_0074,eval_run_0074_web_batch_20260622_141137,repeat_001,16,16,Win,True,54.0,54.0,3.0,54.0,0.0,2710,20,20,16,0,0.0,3,0.15,0,12,0.6,20,1.0,5.42338,80.9941,0.4,0.35,0.4070299999999999,0.8812,0.6,435.84615384615387,1607.0,0.5666666666666667,1.0,9,0.45,13,0.65,0.15,0.15,0.3416166552642783,0.9204011059618152,0.4824999999999999,1.0,0.0723749999999999,0.15,0.3526024948689252,0.8446403870866352,0.2501142857152924,0,2207,C:\Users\Binich\PycharmProjects\PredictionRTS\output\learner_results\all_data\synergy\sce1_synergy_run_0074\final_eval\eval_run_0074_web_batch_20260622_141137,web_batch_20260622_141137,7.817843590537805e-05,7.817843590537805e-05,1.6562823697686063e-05,1.8120478726476168e-05,1.2562349635977676e-05,1.1901850952082433e-05,7.296048015700992e-06,1.173488487745472e-05,8.480560359150498e-06,8.282071833158348e-06,54.0,7.817843590537805e-05,63.0,0.0028358212429720436,-0.4823049596000986,-0.15240922862681058,positive_contribution_fill,98,True
False,repeat_001::ep_111::line_111,Synergy,sce-1,sce1_synergy_run_0074,eval_run_0074_web_batch_20260622_141137,repeat_001,111,111,Win,True,54.0,54.0,3.0,54.0,0.0,19010,17,17,14,0,0.0,2,0.1176470588235294,1,9,0.5294117647058824,17,1.0,24.65105882352941,120.0853,0.6470588235294118,0.6470588235294118,0.3169235294117647,0.9152,0.3529411764705882,39.285714285714285,316.0,0.4901960784313726,1.0,5,0.2941176470588235,13,0.7647058823529411,0.1176470588235294,0.1176470588235294,0.4113847327824302,0.9438109453412492,0.5029411764705882,1.0,0.0591695501730103,0.1176470588235294,0.3846819532815054,0.8479808896929667,0.2432500000016565,0,1019,C:\Users\Binich\PycharmProjects\PredictionRTS\output\learner_results\all_data\synergy\sce1_synergy_run_0074\final_eval\eval_run_0074_web_batch_20260622_141137,web_batch_20260622_141137,7.598292824982769e-05,7.598292824982769e-05,1.0879958281164438e-05,1.3176121878991688e-05,1.380002204560896e-05,1.6707247065097813e-05,7.296048015700992e-06,1.412353096326379e-05,1.8943712587333143e-05,1.1715861556451031e-05,54.0,7.598292824982769e-05,63.0,0.0028358212429720436,-0.4827088687960339,-0.15253847956950986,positive_contribution_fill,99,True
False,repeat_001::ep_3::line_3,Synergy,sce-1,sce1_synergy_run_0074,eval_run_0074_web_batch_20260622_141137,repeat_001,3,3,Win,True,54.0,54.0,3.0,54.0,0.0,524,20,20,14,0,0.0,3,0.15,1,9,0.45,20,1.0,6.536375,80.9941,0.35,0.35,0.360325,0.8813,0.5,512.8333333333334,1606.0,0.5,1.0,8,0.4,12,0.6,0.15,0.15,0.323333357952252,0.9204311059618152,0.4375,1.0,0.065625,0.15,0.3286250110785134,0.8446508870866352,0.3542600000002949,0,1770,C:\Users\Binich\PycharmProjects\PredictionRTS\output\learner_results\all_data\synergy\sce1_synergy_run_0074\final_eval\eval_run_0074_web_batch_20260622_141137,web_batch_20260622_141137,6.680479978652713e-05,6.680479978652713e-05,1.6562823697686063e-05,1.5593157873512208e-05,1.256623993687922e-05,8.310103674916757e-06,7.296048015700992e-06,6.476426587831896e-06,5.738605444897884e-06,8.286472277348886e-06,54.0,6.680479978652713e-05,63.0,0.0028358212429720436,-0.4843973759977423,-0.15307880187405654,positive_contribution_fill,100,True
False,repeat_001::ep_179::line_179,Synergy,sce-1m,sce1m_synergy_run_0077,eval_run_0077_web_batch_20260622_141137,repeat_001,179,179,Win,True,63.0,63.0,9.0,63.0,0.0,30206,13,13,11,9,0.6923076923076923,1,0.0769230769230769,0,4,0.3076923076923077,13,1.0,5.918123076923076,37.6075,0.3076923076923077,0.3076923076923077,0.0801230769230769,0.7416,0.0769230769230769,103.5,411.0,0.1538461538461538,1.0,1,0.0769230769230769,4,0.3076923076923077,0.0769230769230769,0.0769230769230769,0.1462545448085416,0.8384596250590768,0.1923076923076923,1.0,0.014792899408284,0.0769230769230769,0.1485068528561514,0.8049993303091383,0.2661750000036988,0,4564,C:\Users\Binich\PycharmProjects\PredictionRTS\output\learner_results\all_data\synergy\sce1m_synergy_run_0077\final_eval\eval_run_0077_web_batch_20260622_141137,web_batch_20260622_141137,0.0033029963407229,-0.0142501714682067,-0.0020323708436834,-0.0034902960674665,0.0002127673049686,-0.0055277547068134,0.0030902290357543,-0.0065027461909663,-0.0056211565791471,0.0009861675761559,63.0,0.0033029963407229,39.0,1.6962636993698497,-0.3303684044676421,1.0477414261418523,high_score_positive_contribution,1,True
False,repeat_001::ep_63::line_63,Synergy,sce-1m,sce1m_synergy_run_0077,eval_run_0077_web_batch_20260622_141137,repeat_001,63,63,Win,True,63.0,63.0,15.0,63.0,0.0,10554,13,13,11,9,0.6923076923076923,1,0.0769230769230769,0,4,0.3076923076923077,13,1.0,5.107315384615385,37.4353,0.3076923076923077,0.3076923076923077,0.0868846153846154,0.7406,0.1538461538461538,96.75,383.0,0.1794871794871794,1.0,1,0.0769230769230769,4,0.3076923076923077,0.0769230769230769,0.0769230769230769,0.1494577546676698,0.8378546136316203,0.2115384615384615,1.0,0.0162721893491124,0.0769230769230769,0.1566790665235283,0.8047875763095286,0.2649750000003337,0,2275,C:\Users\Binich\PycharmProjects\PredictionRTS\output\learner_results\all_data\synergy\sce1m_synergy_run_0077\final_eval\eval_run_0077_web_batch_20260622_141137,web_batch_20260622_141137,0.003278659360794,-0.0128357395118501,-0.0020323708436834,-0.0033373037688661,0.0001884303250397,-0.0050822489645439,0.0030902290357543,-0.0056624752955507,-0.0054292244590947,0.0009570527567625,63.0,0.003278659360794,39.0,1.6962636993698497,-0.3322108370302444,1.0471518477218196,high_score_positive_contribution,2,True
False,repeat_001::ep_260::line_260,Synergy,sce-1m,sce1m_synergy_run_0077,eval_run_0077_web_batch_20260622_141137,repeat_001,260,260,Win,True,48.0,48.0,9.0,48.0,0.0,43888,15,15,13,5,0.3333333333333333,4,0.2666666666666666,0,9,0.6,15,1.0,6.707726666666668,37.7109,0.6,0.6,0.2544066666666666,0.8833,0.2666666666666666,136.0,432.0,0.3777777777777778,1.0,4,0.2666666666666666,9,0.6,0.2666666666666666,0.2666666666666666,0.2914419829369707,0.8811517156666506,0.4333333333333333,1.0,0.1155555555555555,0.2666666666666666,0.3361488923216368,0.8484031004833277,0.2233857142844694,0,358,C:\Users\Binich\PycharmProjects\PredictionRTS\output\learner_results\all_data\synergy\sce1m_synergy_run_0077\final_eval\eval_run_0077_web_batch_20260622_141137,web_batch_20260622_141137,0.02074114863935,0.02074114863935,0.0055904552393909,0.0043839977547847,0.0032899193901859,0.0029738504416989,0.0019546720652419,0.0025482537480477,0.0019471162322703,0.0019232982651613,48.0,0.02074114863935,39.0,1.072942888724388,0.9897879880047183,1.0463333204940937,high_score_positive_contribution,3,True
False,repeat_001::ep_189::line_189,Synergy,sce-1m,sce1m_synergy_run_0077,eval_run_0077_web_batch_20260622_141137,repeat_001,189,189,Win,True,60.0,60.0,3.0,60.0,0.0,31846,15,15,12,6,0.4,1,0.0666666666666666,0,7,0.4666666666666667,15,1.0,3.487346666666667,25.6415,0.4,0.2666666666666666,0.1393866666666667,0.8515,0.1333333333333333,26.0,166.0,0.2444444444444444,1.0,2,0.1333333333333333,7,0.4666666666666667,0.0666666666666666,0.0666666666666666,0.1695329226688775,0.8432212778642874,0.2299999999999999,1.0,0.0153333333333333,0.0666666666666666,0.1701231485343282,0.8051274472525005,0.3185857142844789,0,4367,C:\Users\Binich\PycharmProjects\PredictionRTS\output\learner_results\all_data\synergy\sce1m_synergy_run_0077\final_eval\eval_run_0077_web_batch_20260622_141137,web_batch_20260622_141137,0.0030738903374207,-0.0110641710986776,-0.00242741897022,-0.0031819969858183,0.0002107726957688,-0.0040297005456237,0.0028631176416519,-0.0044989449344363,-0.0039157382713478,0.0011259940958084,60.0,0.0030738903374207,39.0,1.5715995372407572,-0.34771288854104965,0.9574195609905791,high_score_positive_contribution,4,True
False,repeat_001::ep_272::line_272,Synergy,sce-1m,sce1m_synergy_run_0077,eval_run_0077_web_batch_20260622_141137,repeat_001,272,272,Win,True,57.0,57.0,9.0,57.0,0.0,45852,13,13,12,4,0.3076923076923077,1,0.0769230769230769,0,8,0.6153846153846154,13,1.0,12.552361538461538,100.7531,0.3846153846153846,0.3846153846153846,0.1552153846153846,0.8758,0.1538461538461538,69.42857142857143,437.0,0.2564102564102564,1.0,2,0.1538461538461538,7,0.5384615384615384,0.0769230769230769,0.0769230769230769,0.2108704477921239,0.9266236294424264,0.2923076923076922,1.0,0.0224852071005917,0.0769230769230769,0.2125840091987634,0.8358567318433108,0.2553571428559767,0,5232,C:\Users\Binich\PycharmProjects\PredictionRTS\output\learner_results\all_data\synergy\sce1m_synergy_run_0077\final_eval\eval_run_0077_web_batch_20260622_141137,web_batch_20260622_141137,0.0058426723262039,-0.0017449251382449995,-0.0017336392155084,-0.0022986455540277,0.0032066660786545,-0.0017355475562086,0.0026360062475494,-0.0018197651387042,-0.0014923097018656,0.0044602890991143,57.0,0.0058426723262039,39.0,1.446935375111665,-0.13810207775909245,0.9397233901930226,high_score_positive_contribution,5,True
False,repeat_001::ep_170::line_170,Synergy,sce-1m,sce1m_synergy_run_0077,eval_run_0077_web_batch_20260622_141137,repeat_001,170,170,Win,True,57.0,57.0,9.0,57.0,0.0,28738,15,15,14,3,0.2,1,0.0666666666666666,0,10,0.6666666666666666,15,1.0,7.08736,25.5918,0.6,0.5333333333333333,0.1458666666666666,0.7405,0.2666666666666666,17.6,160.0,0.3555555555555555,1.0,2,0.1333333333333333,10,0.6666666666666666,0.0666666666666666,0.0666666666666666,0.2646554884663456,0.8097645629049388,0.3866666666666666,1.0,0.0257777777777777,0.0666666666666666,0.2677616364765222,0.7934175970167285,0.2569999999991523,0,1172,C:\Users\Binich\PycharmProjects\PredictionRTS\output\learner_results\all_data\synergy\sce1m_synergy_run_0077\final_eval\eval_run_0077_web_batch_20260622_141137,web_batch_20260622_141137,0.0051634632951337,-3.35240858080003e-05,-0.0022348685495257,-0.0020081716390512,-0.0009539471923648,0.0008303090427833,0.0026360062475494,0.001697148004801,0.0012567206555202,-0.0003366996735572,57.0,0.0051634632951337,39.0,1.446935375111665,-0.1895216392376831,0.9232691305198737,high_score_positive_contribution,6,True
False,repeat_001::ep_126::line_126,Synergy,sce-1m,sce1m_synergy_run_0077,eval_run_0077_web_batch_20260622_141137,repeat_001,126,126,Win,True,57.0,57.0,-3.0,57.0,0.0,21130,14,14,13,7,0.5,1,0.0714285714285714,0,7,0.5,14,1.0,8.4241,37.5414,0.4285714285714285,0.4285714285714285,0.1494,0.8504,0.1428571428571428,63.0,402.0,0.2619047619047619,1.0,2,0.1428571428571428,7,0.5,0.0714285714285714,0.0714285714285714,0.2315044883313046,0.8709828058912863,0.2964285714285714,1.0,0.0211734693877551,0.0714285714285714,0.2222127340348013,0.8155582677762359,0.2664428571413119,0,2628,C:\Users\Binich\PycharmProjects\PredictionRTS\output\learner_results\all_data\synergy\sce1m_synergy_run_0077\final_eval\eval_run_0077_web_batch_20260622_141137,web_batch_20260622_141137,0.0038526680689568,-0.0035178234203252006,-0.0020021549301605,-0.0024143683816378,0.0012166618214074,-0.0012877949365452,0.0026360062475494,-0.0016661732409385,-0.0004376743771232,0.0021762694352109,57.0,0.0038526680689568,39.0,1.446935375111665,-0.2887554724687374,0.8915143038859363,high_score_positive_contribution,7,True
False,repeat_001::ep_297::line_297,Synergy,sce-1m,sce1m_synergy_run_0077,eval_run_0077_web_batch_20260622_141137,repeat_001,297,297,Win,True,57.0,57.0,9.0,57.0,0.0,50062,13,13,11,7,0.5384615384615384,1,0.0769230769230769,0,5,0.3846153846153846,13,1.0,5.06416923076923,37.9017,0.3076923076923077,0.3076923076923077,0.137676923076923,0.7482,0.1538461538461538,93.6,447.0,0.2307692307692307,1.0,2,0.1538461538461538,5,0.3846153846153846,0.0769230769230769,0.0769230769230769,0.1717088299237002,0.8409556567303458,0.2423076923076923,1.0,0.0186390532544378,0.0769230769230769,0.1774612811579728,0.8058729413940825,0.2576399999952627,0,5232,C:\Users\Binich\PycharmProjects\PredictionRTS\output\learner_results\all_data\synergy\sce1m_synergy_run_0077\final_eval\eval_run_0077_web_batch_20260622_141137,web_batch_20260622_141137,0.0029031459440501,-0.0085206133492977,-0.0017336392155084,-0.002637957136019,0.0002671396965007,-0.0033688161102262,0.0026360062475494,-0.0036833468315942,-0.0034939160038246,0.0009436744670305,57.0,0.0029031459440501,39.0,1.446935375111665,-0.36063910334448146,0.8685115420056982,high_score_positive_contribution,8,True
False,repeat_001::ep_178::line_178,Synergy,sce-1m,sce1m_synergy_run_0077,eval_run_0077_web_batch_20260622_141137,repeat_001,178,178,Win,True,57.0,57.0,3.0,57.0,0.0,30084,13,13,11,6,0.4615384615384615,1,0.0769230769230769,0,5,0.3846153846153846,13,1.0,3.710853846153846,37.5348,0.2307692307692307,0.2307692307692307,0.1377307692307692,0.7484,0.1538461538461538,86.0,410.0,0.2307692307692307,1.0,2,0.1538461538461538,5,0.3846153846153846,0.0769230769230769,0.0769230769230769,0.1519976509444346,0.8403711238082414,0.2153846153846154,1.0,0.0165680473372781,0.0769230769230769,0.1591681736942263,0.8056683548713459,0.267079999997577,0,5232,C:\Users\Binich\PycharmProjects\PredictionRTS\output\learner_results\all_data\synergy\sce1m_synergy_run_0077\final_eval\eval_run_0077_web_batch_20260622_141137,web_batch_20260622_141137,0.0028830888574707,-0.0105775053703153,-0.0017336392155084,-0.0028206633724759,0.0002470826099213,-0.0042194777428051,0.0026360062475494,-0.0046868138969966,-0.0045013825542745,0.0009196797702759,57.0,0.0028830888574707,39.0,1.446935375111665,-0.36215752631778303,0.8680256466542418,high_score_positive_contribution,9,True
False,repeat_001::ep_245::line_245,Synergy,sce-1m,sce1m_synergy_run_0077,eval_run_0077_web_batch_20260622_141137,repeat_001,245,245,Win,True,57.0,57.0,9.0,57.0,0.0,41178,13,13,12,9,0.6923076923076923,1,0.0769230769230769,0,4,0.3076923076923077,13,1.0,4.783884615384616,37.5495,0.3076923076923077,0.3076923076923077,0.0870076923076923,0.7422,0.1538461538461538,108.25,429.0,0.1794871794871794,1.0,1,0.0769230769230769,4,0.3076923076923077,0.0769230769230769,0.0769230769230769,0.1454285126285012,0.8385371385608682,0.2115384615384615,1.0,0.0162721893491124,0.0769230769230769,0.1548659076059024,0.8050264600347654,0.2342750000003945,0,1172,C:\Users\Binich\PycharmProjects\PredictionRTS\output\learner_results\all_data\synergy\sce1m_synergy_run_0077\final_eval\eval_run_0077_web_batch_20260622_141137,web_batch_20260622_141137,0.0028201592952497,-0.0110099511922742,-0.0017336392155084,-0.0028467642633983,0.0001841530477003,-0.004419540673706,0.0026360062475494,-0.0048301663349112,-0.0048371406094139,0.0008443958671816,57.0,0.0028201592952497,39.0,1.446935375111665,-0.36692161269682455,0.8665011390129485,high_score_positive_contribution,10,True
False,repeat_001::ep_53::line_53,Synergy,sce-1m,sce1m_synergy_run_0077,eval_run_0077_web_batch_20260622_141137,repeat_001,53,53,Win,True,57.0,57.0,9.0,57.0,0.0,8914,13,13,12,9,0.6923076923076923,1,0.0769230769230769,0,4,0.3076923076923077,13,1.0,4.782907692307692,37.4548,0.3076923076923077,0.3076923076923077,0.0869230769230769,0.7411,0.1538461538461538,95.75,379.0,0.1794871794871794,1.0,1,0.0769230769230769,4,0.3076923076923077,0.0769230769230769,0.0769230769230769,0.1454710769746143,0.8380392643947503,0.2115384615384615,1.0,0.0162721893491124,0.0769230769230769,0.1548850615616533,0.8048522040766241,0.2346500000012241,0,1172,C:\Users\Binich\PycharmProjects\PredictionRTS\output\learner_results\all_data\synergy\sce1m_synergy_run_0077\final_eval\eval_run_0077_web_batch_20260622_141137,web_batch_20260622_141137,0.0028030757318133,-0.0110261440631204,-0.0017336392155084,-0.0028467642633983,0.0001670694842639,-0.0044186499811158,0.0026360062475494,-0.0048301663349112,-0.0048349650848044,0.0008239584560689,57.0,0.0028030757318133,39.0,1.446935375111665,-0.36821492491766944,0.866087279102278,high_score_positive_contribution,11,True
False,repeat_001::ep_257::line_257,Synergy,sce-1m,sce1m_synergy_run_0077,eval_run_0077_web_batch_20260622_141137,repeat_001,257,257,Win,True,57.0,57.0,3.0,57.0,0.0,43342,14,14,13,10,0.7142857142857143,1,0.0714285714285714,0,3,0.2142857142857142,14,1.0,4.364642857142857,37.6494,0.2142857142857142,0.2142857142857142,0.0672785714285714,0.7419,0.0714285714285714,144.33333333333334,431.0,0.119047619047619,1.0,1,0.0714285714285714,3,0.2142857142857142,0.0714285714285714,0.0714285714285714,0.1091645198356814,0.8386235074943231,0.1428571428571428,1.0,0.010204081632653,0.0714285714285714,0.1134097482117709,0.8042325133372987,0.2580000000023119,0,584,C:\Users\Binich\PycharmProjects\PredictionRTS\output\learner_results\all_data\synergy\sce1m_synergy_run_0077\final_eval\eval_run_0077_web_batch_20260622_141137,web_batch_20260622_141137,0.002742322996761,-0.0163792870055983,-0.0020021549301605,-0.0033820988629294,0.0001063167492116,-0.0063473249115972,0.0026360062475494,-0.0073900312976722,-0.0066906451492973,0.0008479412557969,57.0,0.002742322996761,39.0,1.446935375111665,-0.3728142144619975,0.864615506448093,high_score_positive_contribution,12,True
False,repeat_001::ep_250::line_250,Synergy,sce-1m,sce1m_synergy_run_0077,eval_run_0077_web_batch_20260622_141137,repeat_001,250,250,Win,True,48.0,48.0,3.0,48.0,0.0,42088,15,15,14,5,0.3333333333333333,3,0.2,0,9,0.6,15,1.0,7.057326666666667,37.6174,0.6,0.6,0.2048,0.8839,0.2,115.44444444444444,430.0,0.3333333333333333,1.0,3,0.2,9,0.6,0.2,0.2,0.2706729262779392,0.8811670934994351,0.4,1.0,0.08,0.2,0.3018028168250727,0.8384084827248023,0.2484249999969989,0,358,C:\Users\Binich\PycharmProjects\PredictionRTS\output\learner_results\all_data\synergy\sce1m_synergy_run_0077\final_eval\eval_run_0077_web_batch_20260622_141137,web_batch_20260622_141137,0.01316709221894,0.01316709221894,0.003174564397113,0.0020580124209671,0.0025633376342907,0.001789517113349,0.0019546720652419,0.0016269885879783,0.0011599575742935,0.0019237663546561,48.0,0.01316709221894,39.0,1.072942888724388,0.4163935807808636,0.8628471101824602,high_score_positive_contribution,13,True
False,repeat_001::ep_264::line_264,Synergy,sce-1m,sce1m_synergy_run_0077,eval_run_0077_web_batch_20260622_141137,repeat_001,264,264,Win,True,57.0,57.0,9.0,57.0,0.0,44496,14,14,12,1,0.0714285714285714,0,0.0,0,6,0.4285714285714285,14,1.0,10.1197,52.2273,0.5,0.5,0.1280285714285714,0.7572,0.1428571428571428,8.444444444444445,65.0,0.3095238095238095,1.0,2,0.1428571428571428,9,0.6428571428571429,0.0,0.0,0.2532028716210432,0.8628795314596649,0.3428571428571428,0.0,0.0,0.0,0.2339412922294694,0.8020078360108827,0.3274333333322943,0,2980,C:\Users\Binich\PycharmProjects\PredictionRTS\output\learner_results\all_data\synergy\sce1m_synergy_run_0077\final_eval\eval_run_0077_web_batch_20260622_141137,web_batch_20260622_141137,6.42954738878529e-05,-0.019389948219977048,-0.0054928592206379,-0.0042823132641309,-0.000111784351243,-0.0007423963769268,-0.0088248904809263,6.42954738878529e-05,0.0006713610279252,0.0018436352834748,57.0,6.42954738878529e-05,39.0,1.446935375111665,-0.5755544528194894,0.7997386301736957,high_score_positive_contribution,14,True
False,repeat_001::ep_215::line_215,Synergy,sce-1m,sce1m_synergy_run_0077,eval_run_0077_web_batch_20260622_141137,repeat_001,215,215,Win,True,54.0,54.0,9.0,54.0,0.0,36188,14,14,11,4,0.2857142857142857,1,0.0714285714285714,0,7,0.5,14,1.0,5.952535714285714,25.9668,0.4285714285714285,0.4285714285714285,0.20035,0.7396,0.2857142857142857,77.125,219.0,0.3571428571428571,1.0,3,0.2142857142857142,8,0.5714285714285714,0.0714285714285714,0.0714285714285714,0.2621056555839183,0.8106663251665425,0.3607142857142856,1.0,0.0257653061224489,0.0714285714285714,0.2584832592984775,0.7944474995225755,0.2506428571414127,0,3131,C:\Users\Binich\PycharmProjects\PredictionRTS\output\learner_results\all_data\synergy\sce1m_synergy_run_0077\final_eval\eval_run_0077_web_batch_20260622_141137,web_batch_20260622_141137,0.0034403568483264996,-0.0010049440154648,-0.0018296545053908,-0.0018361582967521,-0.0007794880616484,0.000364484488015,0.0024088948534469,0.0006669775068646,0.001029347802622,-0.0002738630231488,54.0,0.0034403568483264996,39.0,1.3222712129825727,-0.3199695187898047,0.796754178815412,high_score_positive_contribution,15,True
False,repeat_001::ep_93::line_93,Synergy,sce-1m,sce1m_synergy_run_0077,eval_run_0077_web_batch_20260622_141137,repeat_001,93,93,Win,True,54.0,54.0,6.0,54.0,0.0,15484,14,14,14,6,0.4285714285714285,1,0.0714285714285714,0,6,0.4285714285714285,14,1.0,7.275778571428572,37.557,0.4285714285714285,0.4285714285714285,0.0950142857142857,0.7413,0.1428571428571428,66.5,393.0,0.2142857142857142,1.0,1,0.0714285714285714,6,0.4285714285714285,0.0714285714285714,0.0714285714285714,0.1911087820073335,0.8382804051979729,0.2678571428571428,1.0,0.0191326530612244,0.0714285714285714,0.1940346661890143,0.8041124275335761,0.2214000000021106,0,3131,C:\Users\Binich\PycharmProjects\PredictionRTS\output\learner_results\all_data\synergy\sce1m_synergy_run_0077\final_eval\eval_run_0077_web_batch_20260622_141137,web_batch_20260622_141137,0.0024952930759627266,-0.006575296612849874,-0.0018296545053908,-0.0023708835827961,8.639822251582645e-05,-0.0023742769819431,0.0024088948534469,-0.0024957746186826,-0.0022867602055742,0.0007620141831585,54.0,0.0024952930759627266,39.0,1.3222712129825727,-0.39151562981203175,0.7738594232882994,high_score_positive_contribution,16,True
False,repeat_001::ep_114::line_114,Synergy,sce-1m,sce1m_synergy_run_0077,eval_run_0077_web_batch_20260622_141137,repeat_001,114,114,Win,True,54.0,54.0,3.0,54.0,0.0,19126,15,15,14,6,0.4,1,0.0666666666666666,0,6,0.4,15,1.0,6.5393,37.4618,0.4,0.4,0.0886466666666666,0.7408,0.1333333333333333,67.33333333333333,398.0,0.2,1.0,1,0.0666666666666666,6,0.4,0.0666666666666666,0.0666666666666666,0.1799282116500364,0.8379616961851426,0.2499999999999999,1.0,0.0166666666666666,0.0666666666666666,0.1818010285758497,0.8032865936647999,0.2338499999972043,0,3131,C:\Users\Binich\PycharmProjects\PredictionRTS\output\learner_results\all_data\synergy\sce1m_synergy_run_0077\final_eval\eval_run_0077_web_batch_20260622_141137,web_batch_20260622_141137,0.002421306159644497,-0.008188848777522602,-0.0020423181288313,-0.0025696917019663,1.2411306197597076e-05,-0.0028941489250817,0.0024088948534469,-0.0031039961812878,-0.0028089800869616,0.0007500585648124,54.0,0.002421306159644497,39.0,1.3222712129825727,-0.39711681386319514,0.7720670443919271,high_score_positive_contribution,17,True
False,repeat_001::ep_266::line_266,Synergy,sce-1m,sce1m_synergy_run_0077,eval_run_0077_web_batch_20260622_141137,repeat_001,266,266,Win,True,48.0,48.0,3.0,48.0,0.0,44830,16,16,14,6,0.375,3,0.1875,0,7,0.4375,16,1.0,6.093875000000001,37.7516,0.5,0.5,0.18610625,0.868,0.1875,67.5,435.0,0.2916666666666667,1.0,3,0.1875,8,0.5,0.1875,0.1875,0.2289265066254751,0.8766331733386945,0.34375,1.0,0.064453125,0.1875,0.2608294279814638,0.834946610668543,0.3198199999985718,0,2045,C:\Users\Binich\PycharmProjects\PredictionRTS\output\learner_results\all_data\synergy\sce1m_synergy_run_0077\final_eval\eval_run_0077_web_batch_20260622_141137,web_batch_20260622_141137,0.008477899596815124,0.008477899596815124,0.0027215848641859,0.0010409617049351,0.0023116688723537,0.0003766584597371,0.0019546720652419,7.235363036142382e-05,-0.0004222546661781,0.0017857572849117,48.0,0.008477899596815124,39.0,1.072942888724388,0.06139796486806085,0.7492485130903633,high_score_positive_contribution,18,True
False,repeat_001::ep_273::line_273,Synergy,sce-1m,sce1m_synergy_run_0077,eval_run_0077_web_batch_20260622_141137,repeat_001,273,273,Win,True,48.0,48.0,3.0,48.0,0.0,45994,15,15,13,4,0.2666666666666666,2,0.1333333333333333,0,6,0.4,15,1.0,5.62086,37.8103,0.4666666666666667,0.4666666666666667,0.2515733333333333,0.8828,0.2666666666666666,124.88888888888889,438.0,0.3777777777777778,1.0,4,0.2666666666666666,9,0.6,0.1333333333333333,0.1333333333333333,0.273701246454835,0.8811760196443026,0.3866666666666666,1.0,0.0515555555555555,0.1333333333333333,0.2851655609046757,0.8284116068755059,0.2054666666637672,0,358,C:\Users\Binich\PycharmProjects\PredictionRTS\output\learner_results\all_data\synergy\sce1m_synergy_run_0077\final_eval\eval_run_0077_web_batch_20260622_141137,web_batch_20260622_141137,0.007221469483852501,0.007221469483852501,0.0007586735548351,0.0001972241539131,0.0018365917212865,0.0012158254646253,0.0019546720652419,0.0012584825239506,0.0012747325727686,0.0019240380596941,48.0,0.007221469483852501,39.0,1.072942888724388,-0.03372015412284647,0.718810715013273,high_score_positive_contribution,19,True
False,repeat_001::ep_278::line_278,Synergy,sce-1m,sce1m_synergy_run_0077,eval_run_0077_web_batch_20260622_141137,repeat_001,278,278,Win,True,51.0,51.0,-3.0,51.0,0.0,46794,14,14,12,9,0.6428571428571429,1,0.0714285714285714,0,4,0.2857142857142857,14,1.0,3.46025,37.882,0.2142857142857142,0.1428571428571428,0.1296714285714285,0.8738,0.1428571428571428,122.0,440.0,0.1904761904761904,1.0,2,0.1428571428571428,4,0.2857142857142857,0.0714285714285714,0.0714285714285714,0.1342490834051768,0.8786013006975482,0.1642857142857142,1.0,0.011734693877551,0.0714285714285714,0.1321978018180439,0.8182247409584276,0.206699999999671,0,5232,C:\Users\Binich\PycharmProjects\PredictionRTS\output\learner_results\all_data\synergy\sce1m_synergy_run_0077\final_eval\eval_run_0077_web_batch_20260622_141137,web_batch_20260622_141137,0.003405164602338,-0.0109255617549782,-0.0016571540806211,-0.0026875491778642,0.0012233811429936,-0.0045304571645357,0.0021817834593444,-0.0054555659342952,-0.0044765664238817,0.0020601116192673,51.0,0.003405164602338,39.0,1.1976070508534802,-0.3226337499372087,0.7111299946004598,high_score_positive_contribution,20,True
False,repeat_001::ep_262::line_262,Synergy,sce-1m,sce1m_synergy_run_0077,eval_run_0077_web_batch_20260622_141137,repeat_001,262,262,Win,True,51.0,51.0,3.0,51.0,0.0,44182,14,14,12,8,0.5714285714285714,1,0.0714285714285714,0,5,0.3571428571428571,14,1.0,4.4188214285714285,37.707,0.2857142857142857,0.2857142857142857,0.1368857142857143,0.8746,0.1428571428571428,96.2,434.0,0.2142857142857142,1.0,2,0.1428571428571428,5,0.3571428571428571,0.0714285714285714,0.0714285714285714,0.1607851253613598,0.8785348619699416,0.225,1.0,0.0160714285714285,0.0714285714285714,0.1653890206983262,0.8182014874037652,0.2696999999983518,0,584,C:\Users\Binich\PycharmProjects\PredictionRTS\output\learner_results\all_data\synergy\sce1m_synergy_run_0077\final_eval\eval_run_0077_web_batch_20260622_141137,web_batch_20260622_141137,0.0034032777175254,-0.007460306849657699,-0.0016571540806211,-0.0023708841550865,0.001221494258181,-0.0032529663958152,0.0021817834593444,-0.0035825799356603,-0.0033539810248618,0.002057854300952,51.0,0.0034032777175254,39.0,1.1976070508534802,-0.322776596668018,0.7110842836466008,high_score_positive_contribution,21,True
False,repeat_001::ep_231::line_231,Synergy,sce-1m,sce1m_synergy_run_0077,eval_run_0077_web_batch_20260622_141137,repeat_001,231,231,Win,True,51.0,51.0,3.0,51.0,0.0,39030,13,13,11,6,0.4615384615384615,1,0.0769230769230769,0,7,0.5384615384615384,13,1.0,7.086207692307692,37.5183,0.4615384615384615,0.4615384615384615,0.1607538461538461,0.8479,0.1538461538461538,77.57142857142857,424.0,0.282051282051282,1.0,2,0.1538461538461538,7,0.5384615384615384,0.0769230769230769,0.0769230769230769,0.2353148425201228,0.8701919044031459,0.3192307692307692,1.0,0.0245562130177514,0.0769230769230769,0.2330070637494398,0.8161056280795626,0.2762571428555865,0,2980,C:\Users\Binich\PycharmProjects\PredictionRTS\output\learner_results\all_data\synergy\sce1m_synergy_run_0077\final_eval\eval_run_0077_web_batch_20260622_141137,web_batch_20260622_141137,0.0032332114551656,-0.0012790936077322005,-0.0014349075873335,-0.0017513317384374,0.0010514279958212,-0.0006504278717461,0.0021817834593444,-0.0006756378653808,-0.0002010627255293,0.0017743944636295,51.0,0.0032332114551656,39.0,1.1976070508534802,-0.3356514735215621,0.7069643230534667,high_score_positive_contribution,22,True
False,repeat_001::ep_184::line_184,Synergy,sce-1m,sce1m_synergy_run_0077,eval_run_0077_web_batch_20260622_141137,repeat_001,184,184,Win,True,51.0,51.0,15.0,51.0,0.0,30996,14,14,12,6,0.4285714285714285,1,0.0714285714285714,0,5,0.3571428571428571,14,1.0,5.329914285714286,37.6687,0.2857142857142857,0.2857142857142857,0.1424571428571428,0.8535,0.1428571428571428,75.5,413.0,0.238095238095238,1.0,2,0.1428571428571428,6,0.4285714285714285,0.0714285714285714,0.0714285714285714,0.1881236405644488,0.872137495568371,0.2357142857142857,1.0,0.0168367346938775,0.0714285714285714,0.1814413525397162,0.8159624091632155,0.2364399999976285,0,2628,C:\Users\Binich\PycharmProjects\PredictionRTS\output\learner_results\all_data\synergy\sce1m_synergy_run_0077\final_eval\eval_run_0077_web_batch_20260622_141137,web_batch_20260622_141137,0.0032215901094381997,-0.0066377501819992,-0.0016571540806211,-0.0023150020922434,0.0010398066500938,-0.0026351311238482,0.0021817834593444,-0.0032520529947247,-0.0021974476560744,0.0018404977550313,51.0,0.0032215901094381997,39.0,1.1976070508534802,-0.33653126821473994,0.7066827887516498,high_score_positive_contribution,23,True
False,repeat_001::ep_289::line_289,Synergy,sce-1m,sce1m_synergy_run_0077,eval_run_0077_web_batch_20260622_141137,repeat_001,289,289,Win,True,51.0,51.0,-3.0,51.0,0.0,48756,14,14,13,6,0.4285714285714285,1,0.0714285714285714,0,7,0.5,14,1.0,6.540764285714286,37.922,0.4285714285714285,0.4285714285714285,0.1492714285714285,0.848,0.1428571428571428,80.42857142857143,442.0,0.2619047619047619,1.0,2,0.1428571428571428,7,0.5,0.0714285714285714,0.0714285714285714,0.2177816235001365,0.8709310295897501,0.2964285714285714,1.0,0.0211734693877551,0.0714285714285714,0.2160374448607757,0.8155401460706981,0.2330857142851528,0,2980,C:\Users\Binich\PycharmProjects\PredictionRTS\output\learner_results\all_data\synergy\sce1m_synergy_run_0077\final_eval\eval_run_0077_web_batch_20260622_141137,web_batch_20260622_141137,0.003187326022604,-0.0031508005611162997,-0.0016571540806211,-0.0019983370694658,0.0010055425632596,-0.0013035684375435,0.0021817834593444,-0.0013790669960899,-0.0009427911152474,0.0017995069376507,51.0,0.003187326022604,39.0,1.1976070508534802,-0.3391252330162722,0.7058527200151595,high_score_positive_contribution,24,True
False,repeat_001::ep_286::line_286,Synergy,sce-1m,sce1m_synergy_run_0077,eval_run_0077_web_batch_20260622_141137,repeat_001,286,286,Win,True,42.0,42.0,3.0,42.0,0.0,48230,17,17,14,1,0.0588235294117647,3,0.1764705882352941,0,6,0.3529411764705882,17,1.0,1.7537882352941176,25.6389,0.4117647058823529,0.2941176470588235,0.4509117647058823,0.8825,0.5882352941176471,180.92307692307693,511.0,0.6274509803921569,1.0,9,0.5294117647058824,13,0.7647058823529411,0.1764705882352941,0.1764705882352941,0.3581478592504431,0.8525130903310709,0.4970588235294117,1.0,0.0877162629757785,0.1764705882352941,0.3704312425450523,0.8248501698511689,0.2360600000088197,0,358,C:\Users\Binich\PycharmProjects\PredictionRTS\output\learner_results\all_data\synergy\sce1m_synergy_run_0077\final_eval\eval_run_0077_web_batch_20260622_141137,web_batch_20260622_141137,0.0129594043470896,0.0129594043470896,0.0017823392468209,0.0019672597513637,0.0012110656010855,0.0031902265651785,0.001500449277037,0.003308063905604,0.0034353430229886,0.0008072008687211,42.0,0.0129594043470896,39.0,0.8236145644662033,0.400670557666547,0.6882724822903132,high_score_positive_contribution,25,True
False,repeat_001::ep_276::line_276,Synergy,sce-1m,sce1m_synergy_run_0077,eval_run_0077_web_batch_20260622_141137,repeat_001,276,276,Win,True,51.0,51.0,9.0,51.0,0.0,46480,14,14,13,9,0.6428571428571429,1,0.0714285714285714,0,5,0.3571428571428571,14,1.0,6.068585714285715,37.8399,0.3571428571428571,0.3571428571428571,0.08155,0.7417,0.0714285714285714,88.6,439.0,0.1666666666666666,1.0,1,0.0714285714285714,5,0.3571428571428571,0.0714285714285714,0.0714285714285714,0.1573447633793686,0.838897785091524,0.2142857142857142,1.0,0.0153061224489795,0.0714285714285714,0.1600908578064301,0.804328510496319,0.2505999999982577,0,3307,C:\Users\Binich\PycharmProjects\PredictionRTS\output\learner_results\all_data\synergy\sce1m_synergy_run_0077\final_eval\eval_run_0077_web_batch_20260622_141137,web_batch_20260622_141137,0.002277569850013073,-0.009176343746000827,-0.0016571540806211,-0.0024267662179297,9.578639066867344e-05,-0.0034568864208672,0.0021817834593444,-0.0039131068765959,-0.0034995227049173,0.0007111472999945,51.0,0.002277569850013073,39.0,1.1976070508534802,-0.4079983800257553,0.6838133129721249,high_score_positive_contribution,26,True
False,repeat_001::ep_292::line_292,Synergy,sce-1m,sce1m_synergy_run_0077,eval_run_0077_web_batch_20260622_141137,repeat_001,292,292,Win,True,51.0,51.0,15.0,51.0,0.0,49272,14,14,12,11,0.7857142857142857,1,0.0714285714285714,0,3,0.2142857142857142,14,1.0,4.159114285714286,37.8915,0.2142857142857142,0.2142857142857142,0.0672285714285714,0.7412,0.0714285714285714,148.66666666666666,444.0,0.119047619047619,1.0,1,0.0714285714285714,3,0.2142857142857142,0.0714285714285714,0.0714285714285714,0.1072979084020152,0.8388378718561749,0.1428571428571428,1.0,0.010204081632653,0.0714285714285714,0.1125697730666211,0.8043075408639468,0.2304000000018883,0,3826,C:\Users\Binich\PycharmProjects\PredictionRTS\output\learner_results\all_data\synergy\sce1m_synergy_run_0077\final_eval\eval_run_0077_web_batch_20260622_141137,web_batch_20260622_141137,0.0022758682916310686,-0.01358313569129883,-0.0016571540806211,-0.0027993133035504,9.408483228666896e-05,-0.0052859167825921,0.0021817834593444,-0.0061166198161663,-0.005616713684537,0.0007091116914217,51.0,0.0022758682916310686,39.0,1.1976070508534802,-0.408127196607736,0.6837720916658911,high_score_positive_contribution,27,True
False,repeat_001::ep_46::line_46,Synergy,sce-1m,sce1m_synergy_run_0077,eval_run_0077_web_batch_20260622_141137,repeat_001,46,46,Win,True,51.0,51.0,3.0,51.0,0.0,7840,14,14,12,6,0.4285714285714285,1,0.0714285714285714,0,4,0.2857142857142857,14,1.0,4.865607142857143,37.369,0.3571428571428571,0.2857142857142857,0.0815,0.741,0.0714285714285714,76.2,377.0,0.1666666666666666,1.0,1,0.0714285714285714,5,0.3571428571428571,0.0714285714285714,0.0714285714285714,0.1377728732503368,0.8378565876417066,0.1892857142857142,1.0,0.0135204081632653,0.0714285714285714,0.1425335072483658,0.803964091388883,0.2187500000001563,0,5232,C:\Users\Binich\PycharmProjects\PredictionRTS\output\learner_results\all_data\synergy\sce1m_synergy_run_0077\final_eval\eval_run_0077_web_batch_20260622_141137,web_batch_20260622_141137,0.002247999451456987,-0.010783296816180314,-0.0016571540806211,-0.0025571576978969,6.6215992112587e-05,-0.0041326480836738,0.0021817834593444,-0.0046843364054455,-0.0043274953967887,0.0006757716364623,51.0,0.002247999451456987,39.0,1.1976070508534802,-0.4102370088674615,0.683096951742779,high_score_positive_contribution,28,True
False,repeat_001::ep_47::line_47,Synergy,sce-1m,sce1m_synergy_run_0077,eval_run_0077_web_batch_20260622_141137,repeat_001,47,47,Win,True,48.0,48.0,9.0,48.0,0.0,7982,15,15,14,6,0.4,2,0.1333333333333333,0,5,0.3333333333333333,15,1.0,4.267366666666667,37.4215,0.2666666666666666,0.2666666666666666,0.1797933333333333,0.8414,0.2666666666666666,86.6,378.0,0.2666666666666666,1.0,3,0.2,5,0.3333333333333333,0.1333333333333333,0.1333333333333333,0.1924837019469001,0.868070074333372,0.2599999999999999,1.0,0.0346666666666666,0.1333333333333333,0.2042843325427717,0.8238245260166802,0.2565600000004053,0,2194,C:\Users\Binich\PycharmProjects\PredictionRTS\output\learner_results\all_data\synergy\sce1m_synergy_run_0077\final_eval\eval_run_0077_web_batch_20260622_141137,web_batch_20260622_141137,0.004216468934130401,-0.0005066242297641996,0.0007586735548351,-0.0009076188796502,0.0015031233140534,-0.0015731491999317,0.0019546720652419,-0.0022423250843127,-0.0018034569853129,0.0015251030859061,48.0,0.004216468934130401,39.0,1.072942888724388,-0.2612139055916253,0.6460127145432637,high_score_positive_contribution,29,True
False,repeat_001::ep_65::line_65,Synergy,sce-1m,sce1m_synergy_run_0077,eval_run_0077_web_batch_20260622_141137,repeat_001,65,65,Win,True,48.0,48.0,3.0,48.0,0.0,10838,15,15,14,6,0.4,2,0.1333333333333333,0,8,0.5333333333333333,15,1.0,2.0713266666666668,37.523,0.4666666666666667,0.4666666666666667,0.1437666666666666,0.8165,0.2,53.0,385.0,0.2666666666666666,1.0,2,0.1333333333333333,8,0.5333333333333333,0.1333333333333333,0.1333333333333333,0.2332804478248286,0.8607802295730489,0.3266666666666666,1.0,0.0435555555555555,0.1333333333333333,0.2459762015211729,0.8212730803505671,0.2846375000009615,0,2194,C:\Users\Binich\PycharmProjects\PredictionRTS\output\learner_results\all_data\synergy\sce1m_synergy_run_0077\final_eval\eval_run_0077_web_batch_20260622_141137,web_batch_20260622_141137,0.0040309857153675,0.0031695527407302002,0.0007586735548351,-0.0003261225461958,0.0013176400952905,-0.0001355156642674,0.0019546720652419,-0.0003997947641741,-0.0002572379026505,0.001303205774466,48.0,0.0040309857153675,39.0,1.072942888724388,-0.27525592407803745,0.6415192686276119,high_score_positive_contribution,30,True
False,repeat_001::ep_15::line_15,Synergy,sce-1m,sce1m_synergy_run_0077,eval_run_0077_web_batch_20260622_141137,repeat_001,15,15,Win,True,48.0,48.0,-3.0,48.0,0.0,2638,17,17,15,2,0.1176470588235294,0,0.0,0,7,0.4117647058823529,17,1.0,2.516988235294118,13.4798,0.2941176470588235,0.2352941176470588,0.3742411764705882,0.8832,0.4117647058823529,95.27272727272728,408.0,0.4901960784313726,1.0,7,0.4117647058823529,11,0.6470588235294118,0.0,0.0,0.3079548407944231,0.7946007976217855,0.3852941176470588,0.0,0.0,0.0,0.2734326195339609,0.7781102791676249,0.2358428571425414,0,358,C:\Users\Binich\PycharmProjects\PredictionRTS\output\learner_results\all_data\synergy\sce1m_synergy_run_0077\final_eval\eval_run_0077_web_batch_20260622_141137,web_batch_20260622_141137,0.0020317941731801,-0.0135808498102039,-0.0040731081297205,-0.0031754545801223,-0.0018201791420789,0.000811246096997,-0.0065439021314623,0.0012205480761831,0.0025729626172952,-0.0007112456309398,48.0,0.0020317941731801,39.0,1.072942888724388,-0.426604842759242,0.5930876146496263,high_score_positive_contribution,31,True
False,repeat_001::ep_124::line_124,Synergy,sce-1m,sce1m_synergy_run_0077,eval_run_0077_web_batch_20260622_141137,repeat_001,124,124,Win,True,48.0,48.0,3.0,48.0,0.0,20826,14,14,12,5,0.3571428571428571,1,0.0714285714285714,0,5,0.3571428571428571,14,1.0,6.932864285714286,37.5026,0.4285714285714285,0.4285714285714285,0.08865,0.7411,0.0714285714285714,67.66666666666667,401.0,0.1904761904761904,1.0,1,0.0714285714285714,6,0.4285714285714285,0.0714285714285714,0.0714285714285714,0.1786835266340577,0.8381240828502019,0.2499999999999999,1.0,0.0178571428571428,0.0714285714285714,0.1821933012710402,0.8040577147118564,0.2212999999997578,0,2045,C:\Users\Binich\PycharmProjects\PredictionRTS\output\learner_results\all_data\synergy\sce1m_synergy_run_0077\final_eval\eval_run_0077_web_batch_20260622_141137,web_batch_20260622_141137,0.0020208015078632398,-0.006324726590322561,-0.0014846536558514,-0.0020072699816648,6.612944262133977e-05,-0.0023348998283361,0.0019546720652419,-0.0025187046323335,-0.0023264912115389,0.0006135699576984,48.0,0.0020208015078632398,39.0,1.072942888724388,-0.42743704316326675,0.5928213105203385,high_score_positive_contribution,32,True
False,repeat_001::ep_72::line_72,Synergy,sce-1m,sce1m_synergy_run_0077,eval_run_0077_web_batch_20260622_141137,repeat_001,72,72,Win,True,48.0,48.0,9.0,48.0,0.0,11992,16,16,13,6,0.375,1,0.0625,0,6,0.375,16,1.0,-6.321943750000001,37.5534,0.25,0.25,0.07128125,0.7405,0.125,65.33333333333333,388.0,0.1458333333333333,1.0,1,0.0625,6,0.375,0.0625,0.0625,0.1247527303126163,0.8380340377344206,0.190625,1.0,0.0119140625,0.0625,0.1353574786406773,0.8026869132070472,0.2625833333335474,0,2194,C:\Users\Binich\PycharmProjects\PredictionRTS\output\learner_results\all_data\synergy\sce1m_synergy_run_0077\final_eval\eval_run_0077_web_batch_20260622_141137,web_batch_20260622_141137,0.0019546720652419,-0.010392736110681002,-0.001808210465085,-0.0023960564183389,-3.352412977250274e-05,-0.0039499089640195,0.0019546720652419,-0.004159708198707,-0.0043704980219082,0.0006108290530897,48.0,0.0019546720652419,39.0,1.072942888724388,-0.43244337668485594,0.5912192837934299,high_score_positive_contribution,33,True
False,repeat_001::ep_195::line_195,Synergy,sce-1m,sce1m_synergy_run_0077,eval_run_0077_web_batch_20260622_141137,repeat_001,195,195,Win,True,48.0,48.0,3.0,48.0,0.0,32798,15,15,12,6,0.4,1,0.0666666666666666,0,4,0.2666666666666666,15,1.0,3.0168133333333333,25.983,0.2666666666666666,0.2666666666666666,0.1183866666666666,0.7392,0.1333333333333333,77.0,214.0,0.2,1.0,2,0.1333333333333333,5,0.3333333333333333,0.0666666666666666,0.0666666666666666,0.1438618256559314,0.8105963949642887,0.2099999999999999,1.0,0.0139999999999999,0.0666666666666666,0.1515711548785024,0.793708738237501,0.2880000000047289,0,4367,C:\Users\Binich\PycharmProjects\PredictionRTS\output\learner_results\all_data\synergy\sce1m_synergy_run_0077\final_eval\eval_run_0077_web_batch_20260622_141137,web_batch_20260622_141137,0.0019546720652419,-0.0096634024750939,-0.0016572172874426,-0.0022595978549316,-0.000686213236221,-0.0033908233373239,0.0019546720652419,-0.0036242228244167,-0.0036462528097861,-0.000224351854477,48.0,0.0019546720652419,39.0,1.072942888724388,-0.43244337668485594,0.5912192837934299,high_score_positive_contribution,34,True
False,repeat_001::ep_251::line_251,Synergy,sce-1m,sce1m_synergy_run_0077,eval_run_0077_web_batch_20260622_141137,repeat_001,251,251,Win,True,42.0,42.0,9.0,42.0,0.0,42250,17,17,15,3,0.1764705882352941,3,0.1764705882352941,0,6,0.3529411764705882,17,1.0,3.0527823529411764,26.176,0.3529411764705882,0.3529411764705882,0.2645411764705883,0.8836,0.4117647058823529,127.875,424.0,0.392156862745098,1.0,5,0.2941176470588235,8,0.4705882352941176,0.1764705882352941,0.1764705882352941,0.247256499487919,0.8545094559929234,0.3705882352941176,1.0,0.0653979238754325,0.1764705882352941,0.2762654247695635,0.8255488978328173,0.241139999999973,0,358,C:\Users\Binich\PycharmProjects\PredictionRTS\output\learner_results\all_data\synergy\sce1m_synergy_run_0077\final_eval\eval_run_0077_web_batch_20260622_141137,web_batch_20260622_141137,0.0067019955302678,0.0067019955302678,0.0017823392468209,0.0008465096489239,0.0012500574516366,0.0006977130303201,0.001500449277037,0.0006249268755293,0.0002091479277088,0.000853847605084,42.0,0.0067019955302678,39.0,0.8236145644662033,-0.0730469617343229,0.5366828760820349,high_score_positive_contribution,35,True
False,repeat_001::ep_76::line_76,Synergy,sce-1m,sce1m_synergy_run_0077,eval_run_0077_web_batch_20260622_141137,repeat_001,76,76,Win,True,45.0,45.0,-3.0,45.0,0.0,12600,14,14,12,9,0.6428571428571429,1,0.0714285714285714,0,3,0.2142857142857142,14,1.0,4.348714285714286,37.5812,0.2142857142857142,0.2142857142857142,0.1268285714285714,0.8349,0.1428571428571428,102.75,389.0,0.1904761904761904,1.0,2,0.1428571428571428,4,0.2857142857142857,0.0714285714285714,0.0714285714285714,0.1483615581674962,0.8664031836944004,0.1892857142857142,1.0,0.0135204081632653,0.0714285714285714,0.1472984154610876,0.8139554000073258,0.2617666666679952,0,584,C:\Users\Binich\PycharmProjects\PredictionRTS\output\learner_results\all_data\synergy\sce1m_synergy_run_0077\final_eval\eval_run_0077_web_batch_20260622_141137,web_batch_20260622_141137,0.0024219395713164,-0.0077511725501907,-0.0013121532310816,-0.0020247862132549,0.0006943789001769,-0.0031270624491252,0.0017275606711395,-0.0037091102280454,-0.0030718711483058,0.0013030593029243,45.0,0.0024219395713164,39.0,0.9482787265952957,-0.39706886139360953,0.5177674984388461,high_score_positive_contribution,36,True
False,repeat_001::ep_233::line_233,Synergy,sce-1m,sce1m_synergy_run_0077,eval_run_0077_web_batch_20260622_141137,repeat_001,233,233,Win,True,45.0,45.0,3.0,45.0,0.0,39324,15,15,12,5,0.3333333333333333,1,0.0666666666666666,0,4,0.2666666666666666,15,1.0,4.293526666666667,37.5609,0.3333333333333333,0.3333333333333333,0.1281066666666666,0.7796,0.1333333333333333,74.83333333333333,426.0,0.2222222222222222,1.0,2,0.1333333333333333,6,0.4,0.0666666666666666,0.0666666666666666,0.1672117717703727,0.8497773021957111,0.2433333333333333,1.0,0.0162222222222222,0.0666666666666666,0.1737452972966677,0.8074220557684989,0.247749999999769,0,1172,C:\Users\Binich\PycharmProjects\PredictionRTS\output\learner_results\all_data\synergy\sce1m_synergy_run_0077\final_eval\eval_run_0077_web_batch_20260622_141137,web_batch_20260622_141137,0.0020021677872024,-0.0060410475105815,-0.0014646668667483,-0.0018685742241356,0.0002746071160629,-0.0023210704927092,0.0017275606711395,-0.0023889037141908,-0.0024404470052766,0.0008557809879255,45.0,0.0020021677872024,39.0,0.9482787265952957,-0.4288477101321455,0.5075982668425145,high_score_positive_contribution,37,True
False,repeat_001::ep_192::line_192,Synergy,sce-1m,sce1m_synergy_run_0077,eval_run_0077_web_batch_20260622_141137,repeat_001,192,192,Win,True,45.0,45.0,-3.0,45.0,0.0,32312,14,14,11,6,0.4285714285714285,1,0.0714285714285714,0,6,0.4285714285714285,14,1.0,6.572107142857143,37.6929,0.4285714285714285,0.4285714285714285,0.08865,0.7411,0.0714285714285714,70.0,415.0,0.1904761904761904,1.0,1,0.0714285714285714,6,0.4285714285714285,0.0714285714285714,0.0714285714285714,0.1787276128480317,0.8384600738684373,0.2499999999999999,1.0,0.0178571428571428,0.0714285714285714,0.1822131400673285,0.8041753115682387,0.2472666666667085,0,2980,C:\Users\Binich\PycharmProjects\PredictionRTS\output\learner_results\all_data\synergy\sce1m_synergy_run_0077\final_eval\eval_run_0077_web_batch_20260622_141137,web_batch_20260622_141137,0.0017935622774230423,-0.005581702645353657,-0.0013121532310816,-0.0017740472882103,6.600160628354229e-05,-0.0020630055456285,0.0017275606711395,-0.0022260588578563,-0.0020547017698692,0.0005513188866482,45.0,0.0017935622774230423,39.0,0.9482787265952957,-0.44464020308232216,0.5025446690984581,high_score_positive_contribution,38,True
False,repeat_001::ep_41::line_41,Synergy,sce-1m,sce1m_synergy_run_0077,eval_run_0077_web_batch_20260622_141137,repeat_001,41,41,Win,True,42.0,42.0,9.0,42.0,0.0,7000,16,16,15,5,0.3125,1,0.0625,0,4,0.25,16,1.0,5.240675,37.3583,0.4375,0.375,0.25665,0.8554,0.4375,87.2,402.0,0.4583333333333333,1.0,5,0.3125,10,0.625,0.0625,0.0625,0.2897612949696911,0.8721575087365889,0.4125,1.0,0.02578125,0.0625,0.287267582736361,0.8146301280578061,0.2689499999988243,0,3131,C:\Users\Binich\PycharmProjects\PredictionRTS\output\learner_results\all_data\synergy\sce1m_synergy_run_0077\final_eval\eval_run_0077_web_batch_20260622_141137,web_batch_20260622_141137,0.0046442348206164,0.0021133094570195,-0.0013880221308282,-0.0011429032327687,0.0006407458876933,0.0009889336482972,0.001500449277037,0.0015141060075889,0.0014457525017967,0.0012662089672244,42.0,0.0046442348206164,39.0,0.8236145644662033,-0.2288298628412613,0.48683234772781464,high_score_positive_contribution,39,True
False,repeat_001::ep_222::line_222,Synergy,sce-1m,sce1m_synergy_run_0077,eval_run_0077_web_batch_20260622_141137,repeat_001,222,222,Win,True,39.0,39.0,-3.0,39.0,0.0,37462,16,16,14,4,0.25,3,0.1875,0,9,0.5625,16,1.0,-7.03041875,26.0294,0.375,0.3125,0.2847125,0.8641,0.375,92.5,263.0,0.4166666666666667,1.0,6,0.375,10,0.625,0.1875,0.1875,0.2714515200734277,0.848209555585161,0.390625,1.0,0.0732421875,0.1875,0.2963719340330425,0.8249983444548064,0.2780777777802414,0,1418,C:\Users\Binich\PycharmProjects\PredictionRTS\output\learner_results\all_data\synergy\sce1m_synergy_run_0077\final_eval\eval_run_0077_web_batch_20260622_141137,web_batch_20260622_141137,0.007068550621465301,0.007068550621465301,0.0017729301865069,0.0010526685357337,0.0010347731415212,0.0010437569068394,0.0012733378829345,0.0008910839679296,0.0007748578625151,0.0005996857994733,39.0,0.007068550621465301,39.0,0.698950402337111,-0.045296886006645706,0.4607912700671089,high_score_positive_contribution,40,True
False,repeat_001::ep_144::line_144,Synergy,sce-1m,sce1m_synergy_run_0077,eval_run_0077_web_batch_20260622_141137,repeat_001,144,144,Win,True,42.0,42.0,3.0,42.0,0.0,24226,15,15,11,5,0.3333333333333333,2,0.1333333333333333,0,4,0.2666666666666666,15,1.0,3.616933333333333,37.5327,0.3333333333333333,0.2666666666666666,0.2211533333333333,0.8835,0.2666666666666666,146.16666666666666,411.0,0.3111111111111111,1.0,4,0.2666666666666666,6,0.4,0.1333333333333333,0.1333333333333333,0.2061999261781268,0.8808974061014838,0.2866666666666666,1.0,0.0382222222222222,0.1333333333333333,0.219789966780157,0.8283140921355193,0.2596249999982092,0,358,C:\Users\Binich\PycharmProjects\PredictionRTS\output\learner_results\all_data\synergy\sce1m_synergy_run_0077\final_eval\eval_run_0077_web_batch_20260622_141137,web_batch_20260622_141137,0.0034871902774714003,0.0010163595106279,0.0005823745103343,-0.0005181604671975,0.0014043664901001,-0.0007971589598699,0.001500449277037,-0.0011555113397761,-0.0009853230908151,0.001470423904402,42.0,0.0034871902774714003,39.0,0.8236145644662033,-0.31642399115544007,0.45880222666727744,high_score_positive_contribution,41,True
False,repeat_001::ep_66::line_66,Synergy,sce-1m,sce1m_synergy_run_0077,eval_run_0077_web_batch_20260622_141137,repeat_001,66,66,Win,True,42.0,42.0,3.0,42.0,0.0,10990,16,16,14,5,0.3125,1,0.0625,0,3,0.1875,16,1.0,4.042924999999999,37.5618,0.375,0.25,0.33441875,0.8832,0.375,225.88888888888889,487.0,0.4375,1.0,6,0.375,9,0.5625,0.0625,0.0625,0.2883872386374758,0.880858893649946,0.359375,1.0,0.0224609375,0.0625,0.2680555073868641,0.817675612777481,0.2687333333331783,0,358,C:\Users\Binich\PycharmProjects\PredictionRTS\output\learner_results\all_data\synergy\sce1m_synergy_run_0077\final_eval\eval_run_0077_web_batch_20260622_141137,web_batch_20260622_141137,0.0031785793720891,0.00048091935329329984,-0.0013880221308282,-0.0013096378879676,0.00081069626633,0.0004804013701035,0.001500449277037,0.0003870324586186,0.0014057766749232,0.0014695240290897,42.0,0.0031785793720891,39.0,0.8236145644662033,-0.3397873987315513,0.45132593624292183,high_score_positive_contribution,42,True
False,repeat_001::ep_225::line_225,Synergy,sce-1m,sce1m_synergy_run_0077,eval_run_0077_web_batch_20260622_141137,repeat_001,225,225,Win,True,42.0,42.0,9.0,42.0,0.0,37948,17,17,15,1,0.0588235294117647,0,0.0,0,10,0.5882352941176471,17,1.0,9.494376470588236,52.3858,0.6470588235294118,0.6470588235294118,0.168435294117647,0.8568,0.1764705882352941,39.61538461538461,423.0,0.3725490196078431,1.0,2,0.1176470588235294,13,0.7647058823529411,0.0,0.0,0.3004666680914307,0.89292284513463,0.4147058823529411,0.0,0.0,0.0,0.2803570594646731,0.8125229957971205,0.2515300000013099,0,3131,C:\Users\Binich\PycharmProjects\PredictionRTS\output\learner_results\all_data\synergy\sce1m_synergy_run_0077\final_eval\eval_run_0077_web_batch_20260622_141137,web_batch_20260622_141137,0.0028900804670916,-0.007697318957953598,-0.0031266074024423,-0.0024375487907833,0.0005231593756915,0.0008060161821238,-0.0050232432318196,0.0015609049092763,0.0017572070852057,0.001751408242565,42.0,0.0028900804670916,39.0,0.8236145644662033,-0.36162822608134515,0.4443368714909878,high_score_positive_contribution,43,True
False,repeat_001::ep_256::line_256,Synergy,sce-1m,sce1m_synergy_run_0077,eval_run_0077_web_batch_20260622_141137,repeat_001,256,256,Win,True,39.0,39.0,-3.0,39.0,0.0,43210,16,16,15,2,0.125,2,0.125,0,8,0.5,16,1.0,6.5018875000000005,30.2672,0.5625,0.5625,0.24565,0.8645,0.3125,45.41666666666666,266.0,0.4375,1.0,4,0.25,12,0.75,0.125,0.125,0.3141032792652583,0.8600135673699687,0.45,1.0,0.05625,0.125,0.3238464756693663,0.819754748579489,0.223599999996184,0,1418,C:\Users\Binich\PycharmProjects\PredictionRTS\output\learner_results\all_data\synergy\sce1m_synergy_run_0077\final_eval\eval_run_0077_web_batch_20260622_141137,web_batch_20260622_141137,0.006306827849830599,0.006306827849830599,0.0002975011114035,0.0003285351875451,0.0007864499586567,0.0016609158689212,0.0012733378829345,0.0019600878403696,0.0018279156584031,0.0008337490048763,39.0,0.006306827849830599,39.0,0.698950402337111,-0.10296315529048981,0.4423380638962788,high_score_positive_contribution,44,True
False,repeat_001::ep_223::line_223,Synergy,sce-1m,sce1m_synergy_run_0077,eval_run_0077_web_batch_20260622_141137,repeat_001,223,223,Win,True,42.0,42.0,9.0,42.0,0.0,37614,16,16,15,4,0.25,2,0.125,0,5,0.3125,16,1.0,2.9801875,26.1289,0.25,0.25,0.27,0.8841,0.375,144.71428571428572,421.0,0.375,1.0,5,0.3125,7,0.4375,0.125,0.125,0.238442968195168,0.8545153089908633,0.325,1.0,0.040625,0.125,0.2460493356878256,0.8178303581468022,0.3176800000034063,0,358,C:\Users\Binich\PycharmProjects\PredictionRTS\output\learner_results\all_data\synergy\sce1m_synergy_run_0077\final_eval\eval_run_0077_web_batch_20260622_141137,web_batch_20260622_141137,0.0026703441023306,0.0018285034446357,0.0003505631407858,-0.0003975012448209,0.0008193316845078,-0.0001020889868648,0.001500449277037,-0.0003422504260092,-4.726674237603045e-05,0.0008539843652262,42.0,0.0026703441023306,39.0,0.8236145644662033,-0.3782633810926196,0.43901362188737997,high_score_positive_contribution,45,True
False,repeat_001::ep_84::line_84,Synergy,sce-1m,sce1m_synergy_run_0077,eval_run_0077_web_batch_20260622_141137,repeat_001,84,84,Win,True,42.0,42.0,3.0,42.0,0.0,13926,18,18,16,3,0.1666666666666666,2,0.1111111111111111,0,5,0.2777777777777778,18,1.0,2.2772222222222225,26.5949,0.2777777777777778,0.2222222222222222,0.3108611111111111,0.8832,0.3888888888888889,95.66666666666669,408.0,0.4259259259259259,1.0,7,0.3888888888888889,9,0.5,0.1111111111111111,0.1111111111111111,0.2619931730903208,0.8556551515101831,0.3472222222222222,1.0,0.0385802469135802,0.1111111111111111,0.2616469278906443,0.8161459696952308,0.2647499999994807,0,358,C:\Users\Binich\PycharmProjects\PredictionRTS\output\learner_results\all_data\synergy\sce1m_synergy_run_0077\final_eval\eval_run_0077_web_batch_20260622_141137,web_batch_20260622_141137,0.0026657605009376,0.0021297896585419193,-3.578914179508049e-05,-0.0005001817006006,0.0007253359887597,0.0003107700589665,0.001500449277037,0.0001292051761744,0.0006378863271533,0.0008806177292987,42.0,0.0026657605009376,39.0,0.8236145644662033,-0.37861038291803606,0.4389025813032467,high_score_positive_contribution,46,True
False,repeat_001::ep_20::line_20,Synergy,sce-1m,sce1m_synergy_run_0077,eval_run_0077_web_batch_20260622_141137,repeat_001,20,20,Win,True,42.0,42.0,3.0,42.0,0.0,3428,15,15,14,5,0.3333333333333333,1,0.0666666666666666,0,3,0.2,15,1.0,4.260306666666667,37.4437,0.3333333333333333,0.2666666666666666,0.3018933333333333,0.8832,0.3333333333333333,267.875,482.0,0.4,1.0,5,0.3333333333333333,8,0.5333333333333333,0.0666666666666666,0.0666666666666666,0.2697515514700853,0.8806495436064219,0.3399999999999999,1.0,0.0226666666666666,0.0666666666666666,0.2537215314948717,0.8182273402622476,0.2552333333341039,0,358,C:\Users\Binich\PycharmProjects\PredictionRTS\output\learner_results\all_data\synergy\sce1m_synergy_run_0077\final_eval\eval_run_0077_web_batch_20260622_141137,web_batch_20260622_141137,0.0024429236720744,-0.00015251754647398888,-0.0012721164460539,-0.0012993068779592,0.0008414848939447,0.0001009895010927,0.001500449277037,-2.40178945352888e-05,0.0008636031217685,0.0014646323920141,42.0,0.0024429236720744,39.0,0.8236145644662033,-0.39548025875489196,0.43350422103545283,high_score_positive_contribution,47,True
False,repeat_001::ep_128::line_128,Synergy,sce-1m,sce1m_synergy_run_0077,eval_run_0077_web_batch_20260622_141137,repeat_001,128,128,Win,True,42.0,42.0,-3.0,42.0,0.0,21454,16,16,13,7,0.4375,1,0.0625,0,4,0.25,16,1.0,5.010075,37.6087,0.3125,0.3125,0.13038125,0.856,0.1875,137.0,414.0,0.2291666666666666,1.0,2,0.125,6,0.375,0.0625,0.0625,0.1776208625412989,0.8727817428327176,0.24375,1.0,0.015234375,0.0625,0.1777418881435845,0.8148486099914511,0.2396999999980664,0,3131,C:\Users\Binich\PycharmProjects\PredictionRTS\output\learner_results\all_data\synergy\sce1m_synergy_run_0077\final_eval\eval_run_0077_web_batch_20260622_141137,web_batch_20260622_141137,0.0021533873412689997,-0.004883322468751601,-0.0013880221308282,-0.0016725309610474,0.000652938064232,-0.0019101467466517,0.001500449277037,-0.0020660099714933,-0.0018167822336219,0.0012807947136471,42.0,0.0021533873412689997,39.0,0.8236145644662033,-0.41739962448929,0.42649002400044544,high_score_positive_contribution,48,True
False,repeat_001::ep_236::line_236,Synergy,sce-1m,sce1m_synergy_run_0077,eval_run_0077_web_batch_20260622_141137,repeat_001,236,236,Win,True,42.0,42.0,3.0,42.0,0.0,39710,15,15,12,4,0.2666666666666666,1,0.0666666666666666,0,4,0.2666666666666666,15,1.0,4.129713333333333,37.5825,0.2666666666666666,0.2666666666666666,0.1284666666666666,0.7956,0.2,93.0,427.0,0.2222222222222222,1.0,2,0.1333333333333333,5,0.3333333333333333,0.0666666666666666,0.0666666666666666,0.1574940932378077,0.8546154804812693,0.2266666666666666,1.0,0.0151111111111111,0.0666666666666666,0.1635390086236801,0.8091154181684442,0.2476250000000845,0,572,C:\Users\Binich\PycharmProjects\PredictionRTS\output\learner_results\all_data\synergy\sce1m_synergy_run_0077\final_eval\eval_run_0077_web_batch_20260622_141137,web_batch_20260622_141137,0.0018334520236421,-0.005831915309169,-0.0012721164460539,-0.0016787208489005,0.0003330027466051,-0.0022860885721847,0.001500449277037,-0.002428441465672,-0.0024023362799408,0.0008563249550256,42.0,0.0018334520236421,39.0,0.8236145644662033,-0.44162034739099787,0.41873939267189897,high_score_positive_contribution,49,True
False,repeat_001::ep_48::line_48,Synergy,sce-1m,sce1m_synergy_run_0077,eval_run_0077_web_batch_20260622_141137,repeat_001,48,48,Win,True,42.0,42.0,3.0,42.0,0.0,8134,16,16,14,3,0.1875,1,0.0625,0,7,0.4375,16,1.0,4.09265625,26.2289,0.5625,0.375,0.2047625,0.8832,0.25,102.4,484.0,0.3541666666666666,1.0,3,0.1875,10,0.625,0.0625,0.0625,0.2335078463403615,0.8545509067070765,0.334375,1.0,0.0208984375,0.0625,0.2346097808531627,0.8084678173474767,0.2610714285710612,0,358,C:\Users\Binich\PycharmProjects\PredictionRTS\output\learner_results\all_data\synergy\sce1m_synergy_run_0077\final_eval\eval_run_0077_web_batch_20260622_141137,web_batch_20260622_141137,0.0017973132756727,-0.0015270524455013004,-0.0013880221308282,-0.0013881012551199,0.0002968639986357,-0.0004048872413879,0.001500449277037,-0.000143355093838,-0.0001908457007067,0.0008548161353348,42.0,0.0017973132756727,39.0,0.8236145644662033,-0.4443562335290898,0.41786390910770954,high_score_positive_contribution,50,True
False,repeat_001::ep_158::line_158,Synergy,sce-1m,sce1m_synergy_run_0077,eval_run_0077_web_batch_20260622_141137,repeat_001,158,158,Win,True,42.0,42.0,3.0,42.0,0.0,26774,16,16,13,3,0.1875,1,0.0625,0,8,0.5,16,1.0,-0.61945625,25.3701,0.3125,0.3125,0.14951875,0.8635,0.1875,53.77777777777778,321.0,0.2916666666666666,1.0,2,0.125,9,0.5625,0.0625,0.0625,0.1683775587487312,0.8459601303078024,0.271875,1.0,0.0169921875,0.0625,0.183426151436929,0.8054610456077308,0.2486250000011125,0,572,C:\Users\Binich\PycharmProjects\PredictionRTS\output\learner_results\all_data\synergy\sce1m_synergy_run_0077\final_eval\eval_run_0077_web_batch_20260622_141137,web_batch_20260622_141137,0.0016295232380662,-0.004571770198002199,-0.0013880221308282,-0.0015842596730009,0.0001290739610292,-0.0017596876572597,0.001500449277037,-0.0014693239749796,-0.0020857004020312,0.0006540855329674,42.0,0.0016295232380662,39.0,0.8236145644662033,-0.4570587886476638,0.41379909146976585,high_score_positive_contribution,51,True
False,repeat_001::ep_79::line_79,Synergy,sce-1m,sce1m_synergy_run_0077,eval_run_0077_web_batch_20260622_141137,repeat_001,79,79,Win,True,42.0,42.0,3.0,42.0,0.0,13126,16,16,11,1,0.0625,1,0.0625,0,7,0.4375,16,1.0,3.88628125,26.3001,0.5,0.375,0.10094375,0.7367,0.1875,17.5,131.0,0.25,1.0,1,0.0625,8,0.5,0.0625,0.0625,0.1701017664403284,0.8108174660951348,0.26875,1.0,0.016796875,0.0625,0.1831082948981478,0.7931611131332972,0.3194714285724233,0,572,C:\Users\Binich\PycharmProjects\PredictionRTS\output\learner_results\all_data\synergy\sce1m_synergy_run_0077\final_eval\eval_run_0077_web_batch_20260622_141137,web_batch_20260622_141137,0.001500449277037,-0.0053426760725983,-0.0013880221308282,-0.001594067593895,-0.00055731207392,-0.0017681011319554,0.001500449277037,-0.0015356224190367,-0.002035537518198,-0.0001670519089058,42.0,0.001500449277037,39.0,0.8236145644662033,-0.46683034080734087,0.4106721947786692,high_score_positive_contribution,52,True
False,repeat_001::ep_80::line_80,Synergy,sce-1m,sce1m_synergy_run_0077,eval_run_0077_web_batch_20260622_141137,repeat_001,80,80,Win,True,42.0,42.0,3.0,42.0,0.0,13278,16,16,13,7,0.4375,1,0.0625,0,5,0.3125,16,1.0,5.5180125,37.6121,0.375,0.375,0.083125,0.7408,0.125,66.0,390.0,0.1875,1.0,1,0.0625,6,0.375,0.0625,0.0625,0.1615367178831646,0.8382277426116471,0.2343749999999999,1.0,0.0146484374999999,0.0625,0.1672227730474241,0.8027547099140765,0.2254199999995876,0,3131,C:\Users\Binich\PycharmProjects\PredictionRTS\output\learner_results\all_data\synergy\sce1m_synergy_run_0077\final_eval\eval_run_0077_web_batch_20260622_141137,web_batch_20260622_141137,0.001500449277037,-0.006064964915284815,-0.0013880221308282,-0.0017019547237295,-2.195052872871571e-05,-0.0021885815053709,0.001500449277037,-0.0022649053036645,-0.0022847230066358,0.0004734118932578,42.0,0.001500449277037,39.0,0.8236145644662033,-0.46683034080734087,0.4106721947786692,high_score_positive_contribution,53,True
False,repeat_001::ep_25::line_25,Synergy,sce-1m,sce1m_synergy_run_0077,eval_run_0077_web_batch_20260622_141137,repeat_001,25,25,Win,True,39.0,39.0,3.0,39.0,0.0,4228,17,17,14,3,0.1764705882352941,2,0.1176470588235294,0,5,0.2941176470588235,17,1.0,2.016847058823529,37.4598,0.5294117647058824,0.5294117647058824,0.1875411764705882,0.8642,0.2352941176470588,60.36363636363637,371.0,0.3333333333333333,1.0,3,0.1764705882352941,11,0.6470588235294118,0.1176470588235294,0.1176470588235294,0.2500928681882791,0.8749781446192357,0.3852941176470588,1.0,0.0453287197231833,0.1176470588235294,0.270924143625902,0.8238894094402619,0.2806400000004316,0,1418,C:\Users\Binich\PycharmProjects\PredictionRTS\output\learner_results\all_data\synergy\sce1m_synergy_run_0077\final_eval\eval_run_0077_web_batch_20260622_141137,web_batch_20260622_141137,0.0036467459679192,0.0035098635479103996,0.0001239212202148,-0.0001368824200088,0.0009822568380246,0.0004721247346694,0.0012733378829345,0.0007951052920759,0.0002475198276136,0.0011304834526487,39.0,0.0036467459679192,39.0,0.698950402337111,-0.3043448177950498,0.3778959318948196,high_score_positive_contribution,54,True
False,repeat_001::ep_175::line_175,Synergy,sce-1m,sce1m_synergy_run_0077,eval_run_0077_web_batch_20260622_141137,repeat_001,175,175,Win,True,39.0,39.0,3.0,39.0,0.0,29608,15,15,14,3,0.2,1,0.0666666666666666,0,5,0.3333333333333333,15,1.0,4.016186666666667,37.5309,0.2666666666666666,0.2666666666666666,0.2552133333333333,0.8648,0.3333333333333333,64.75,409.0,0.4,1.0,5,0.3333333333333333,8,0.5333333333333333,0.0666666666666666,0.0666666666666666,0.2504049932024898,0.8752842192342245,0.3399999999999999,1.0,0.0226666666666666,0.0666666666666666,0.2450155802744537,0.8163494767319786,0.2787600000004886,0,1362,C:\Users\Binich\PycharmProjects\PredictionRTS\output\learner_results\all_data\synergy\sce1m_synergy_run_0077\final_eval\eval_run_0077_web_batch_20260622_141137,web_batch_20260622_141137,0.0018985229455543,-0.00041392417576344533,-0.0010795660253596,-0.0011026408520319,0.0006251850626198,-0.0001098577521965,0.0012733378829345,-2.038249172974559e-05,0.0002552260907487,0.0011365526439358,39.0,0.0018985229455543,39.0,0.698950402337111,-0.4366941492448087,0.33554414583089676,high_score_positive_contribution,55,True
False,repeat_001::ep_62::line_62,Synergy,sce-1m,sce1m_synergy_run_0077,eval_run_0077_web_batch_20260622_141137,repeat_001,62,62,Win,True,39.0,39.0,3.0,39.0,0.0,10432,15,15,14,3,0.2,1,0.0666666666666666,0,7,0.4666666666666667,15,1.0,6.03164,37.43,0.4,0.4,0.1702266666666666,0.8323,0.2,46.333333333333336,382.0,0.3333333333333333,1.0,3,0.2,9,0.6,0.0666666666666666,0.0666666666666666,0.2398820222048615,0.8653551908075059,0.3299999999999999,1.0,0.022,0.0666666666666666,0.2367802433255209,0.8128743167826271,0.2354714285713401,0,584,C:\Users\Binich\PycharmProjects\PredictionRTS\output\learner_results\all_data\synergy\sce1m_synergy_run_0077\final_eval\eval_run_0077_web_batch_20260622_141137,web_batch_20260622_141137,0.0017339483291831,-0.0009719418663727004,-0.0010795660253596,-0.0011310512945049,0.0004606104462486,-0.000294847626498,0.0012733378829345,-0.0002004252491933,-4.582574941149384e-06,0.0009396687147714,39.0,0.0017339483291831,39.0,0.698950402337111,-0.44915328070096827,0.3315572237649257,high_score_positive_contribution,56,True
False,repeat_001::ep_97::line_97,Synergy,sce-1m,sce1m_synergy_run_0077,eval_run_0077_web_batch_20260622_141137,repeat_001,97,97,Win,True,39.0,39.0,3.0,39.0,0.0,16182,17,17,16,5,0.2941176470588235,2,0.1176470588235294,0,6,0.3529411764705882,17,1.0,4.4856,20.529,0.4705882352941176,0.4117647058823529,0.2020588235294117,0.8648,0.2352941176470588,36.77777777777778,257.0,0.3333333333333333,1.0,4,0.2352941176470588,9,0.5294117647058824,0.1176470588235294,0.1176470588235294,0.2372253835204064,0.828417038225949,0.3411764705882353,1.0,0.0401384083044982,0.1176470588235294,0.2496925990547711,0.8075930222026116,0.2329499999985292,0,1418,C:\Users\Binich\PycharmProjects\PredictionRTS\output\learner_results\all_data\synergy\sce1m_synergy_run_0077\final_eval\eval_run_0077_web_batch_20260622_141137,web_batch_20260622_141137,0.001608560062213124,0.0012456909131807433,0.0001239212202148,-0.000358070985975,0.0002105019499155,-4.798163057380638e-06,0.0012733378829345,7.990091483239986e-07,-7.017410341575558e-05,0.0002072175318583,39.0,0.001608560062213124,39.0,0.698950402337111,-0.45864580716516695,0.3285196152963821,high_score_positive_contribution,57,True
False,repeat_001::ep_162::line_162,Synergy,sce-1m,sce1m_synergy_run_0077,eval_run_0077_web_batch_20260622_141137,repeat_001,162,162,Win,True,39.0,39.0,3.0,39.0,0.0,27392,17,17,15,5,0.2941176470588235,1,0.0588235294117647,0,6,0.3529411764705882,17,1.0,3.747776470588236,20.7707,0.3529411764705882,0.2941176470588235,0.1991470588235294,0.8639,0.2352941176470588,34.77777777777778,260.0,0.3333333333333333,1.0,4,0.2352941176470588,9,0.5294117647058824,0.0588235294117647,0.0588235294117647,0.2195375142368439,0.829176207203606,0.3,1.0,0.0176470588235294,0.0588235294117647,0.2155565872889327,0.7990352019330267,0.2586000000022181,0,1418,C:\Users\Binich\PycharmProjects\PredictionRTS\output\learner_results\all_data\synergy\sce1m_synergy_run_0077\final_eval\eval_run_0077_web_batch_20260622_141137,web_batch_20260622_141137,0.0012733378829345,-0.0030148560006412997,-0.0012647179092941,-0.0013165547718286,-0.0001947743563171,-0.000771593324552,0.0012733378829345,-0.000740553521584,-0.0005068817327055,0.0002222711871403,39.0,0.0012733378829345,39.0,0.698950402337111,-0.4840238228685871,0.32039865027128767,high_score_positive_contribution,58,True
False,repeat_001::ep_294::line_294,Synergy,sce-1m,sce1m_synergy_run_0077,eval_run_0077_web_batch_20260622_141137,repeat_001,294,294,Win,True,36.0,36.0,0.0,36.0,0.0,49586,16,16,15,0,0.0,4,0.25,0,9,0.5625,16,1.0,6.33445625,37.9152,0.5625,0.5625,0.339175,0.8825,0.5,109.72727272727272,446.0,0.5208333333333334,1.0,6,0.375,11,0.6875,0.25,0.25,0.3555092192323797,0.8812691838915419,0.51875,1.0,0.1296875,0.25,0.3915416486545709,0.8459442143620396,0.2390444444415607,0,358,C:\Users\Binich\PycharmProjects\PredictionRTS\output\learner_results\all_data\synergy\sce1m_synergy_run_0077\final_eval\eval_run_0077_web_batch_20260622_141137,web_batch_20260622_141137,0.0134633798376007,0.0134633798376007,0.0026689848392065,0.0028413352995561,0.0016652323899961,0.002614090329676,0.001046226488832,0.002627510490334,0.002341852891926,0.0010313476921954,36.0,0.0134633798376007,39.0,0.5742862402080187,0.43882405317765133,0.5309383403583011,positive_contribution_fill,59,True
False,repeat_001::ep_134::line_134,Synergy,sce-1m,sce1m_synergy_run_0077,eval_run_0077_web_batch_20260622_141137,repeat_001,134,134,Win,True,36.0,36.0,9.0,36.0,0.0,22426,18,18,17,1,0.0555555555555555,3,0.1666666666666666,0,9,0.5,18,1.0,5.784672222222222,52.4912,0.5,0.5,0.4149166666666666,0.9229,0.5,59.142857142857146,288.0,0.5740740740740741,1.0,8,0.4444444444444444,14,0.7777777777777778,0.1666666666666666,0.1666666666666666,0.3770256333903918,0.9128609875310444,0.5277777777777778,1.0,0.0879629629629629,0.1666666666666666,0.3877170905812319,0.8445013456358655,0.2281333333324179,0,1991,C:\Users\Binich\PycharmProjects\PredictionRTS\output\learner_results\all_data\synergy\sce1m_synergy_run_0077\final_eval\eval_run_0077_web_batch_20260622_141137,web_batch_20260622_141137,0.0103928581827284,0.0103928581827284,0.0010526210010829,0.0013803601299794,0.0016090892207228,0.0025435024891885,0.001046226488832,0.0027610588529228,0.0027783357634925,0.001546054587975,36.0,0.0103928581827284,39.0,0.5742862402080187,0.20637002241295768,0.4565530505135992,positive_contribution_fill,60,True
False,repeat_001::ep_95::line_95,Synergy,sce-1m,sce1m_synergy_run_0077,eval_run_0077_web_batch_20260622_141137,repeat_001,95,95,Win,True,33.0,33.0,3.0,33.0,0.0,15818,19,19,16,3,0.1578947368421052,6,0.3157894736842105,0,11,0.5789473684210527,19,1.0,3.483352631578948,30.2563,0.5263157894736842,0.5263157894736842,0.3628578947368421,0.8864,0.4736842105263157,50.84615384615385,256.0,0.5263157894736842,1.0,8,0.4210526315789473,13,0.6842105263157895,0.3157894736842105,0.3157894736842105,0.3279406907218314,0.8665566705335563,0.5105263157894737,1.0,0.1612188365650969,0.3157894736842105,0.389415416087982,0.8506632557393763,0.2410000000002317,0,1418,C:\Users\Binich\PycharmProjects\PredictionRTS\output\learner_results\all_data\synergy\sce1m_synergy_run_0077\final_eval\eval_run_0077_web_batch_20260622_141137,web_batch_20260622_141137,0.0124220526244449,0.0124220526244449,0.003088680608468,0.0030889439217356,0.0014475109068319,0.0020159081652278,0.0008191150947296,0.001961893927452,0.0013956363939791,0.0006197975212808,33.0,0.0124220526244449,39.0,0.44962207807892635,0.35999031244863566,0.42093991307723333,positive_contribution_fill,61,True
False,repeat_001::ep_200::line_200,Synergy,sce-1m,sce1m_synergy_run_0077,eval_run_0077_web_batch_20260622_141137,repeat_001,200,200,Win,True,36.0,36.0,-3.0,36.0,0.0,33648,16,16,12,3,0.1875,3,0.1875,0,10,0.625,16,1.0,5.571075,37.702,0.5,0.5,0.33893125,0.8841,0.375,129.72727272727272,420.0,0.4791666666666667,1.0,6,0.375,11,0.6875,0.1875,0.1875,0.3314961553140949,0.8813760735398934,0.4656249999999999,1.0,0.0873046874999999,0.1875,0.3496420198913427,0.8366066257389626,0.2386333333343297,0,358,C:\Users\Binich\PycharmProjects\PredictionRTS\output\learner_results\all_data\synergy\sce1m_synergy_run_0077\final_eval\eval_run_0077_web_batch_20260622_141137,web_batch_20260622_141137,0.0088445494458367,0.0088445494458367,0.0014567119606138,0.00135731076444,0.0013018993929194,0.0018407710977778,0.001046226488832,0.0018416297412537,0.0018547228795926,0.0010330891831125,36.0,0.0088445494458367,39.0,0.5742862402080187,0.0891552142426386,0.419044311899097,positive_contribution_fill,62,True
False,repeat_001::ep_194::line_194,Synergy,sce-1m,sce1m_synergy_run_0077,eval_run_0077_web_batch_20260622_141137,repeat_001,194,194,Win,True,36.0,36.0,9.0,36.0,0.0,32656,16,16,13,2,0.125,3,0.1875,0,7,0.4375,16,1.0,5.20315,37.7231,0.4375,0.4375,0.32999375,0.884,0.375,178.2,504.0,0.4583333333333333,1.0,6,0.375,10,0.625,0.1875,0.1875,0.3158536667031253,0.881383148202862,0.4343749999999999,1.0,0.0814453124999999,0.1875,0.3316654000164063,0.8366091018710016,0.3015166666647436,0,358,C:\Users\Binich\PycharmProjects\PredictionRTS\output\learner_results\all_data\synergy\sce1m_synergy_run_0077\final_eval\eval_run_0077_web_batch_20260622_141137,web_batch_20260622_141137,0.0078454133768542,0.0078454133768542,0.0014567119606138,0.0011521460821659,0.0013019957411857,0.0015089861563797,0.001046226488832,0.0013793469476771,0.0015373987057214,0.0010332044464845,36.0,0.0078454133768542,39.0,0.5742862402080187,0.01351555667864325,0.3948396214786185,positive_contribution_fill,63,True
False,repeat_001::ep_146::line_146,Synergy,sce-1m,sce1m_synergy_run_0077,eval_run_0077_web_batch_20260622_141137,repeat_001,146,146,Win,True,36.0,36.0,3.0,36.0,0.0,24600,17,17,15,4,0.2352941176470588,3,0.1764705882352941,0,6,0.3529411764705882,17,1.0,2.8927529411764707,25.5613,0.4117647058823529,0.4117647058823529,0.3680823529411764,0.8835,0.4117647058823529,164.54545454545453,416.0,0.4901960784313726,1.0,7,0.4117647058823529,11,0.6470588235294118,0.1764705882352941,0.1764705882352941,0.3060356141233119,0.8525681728451997,0.4470588235294117,1.0,0.0788927335640138,0.1764705882352941,0.3294807322378432,0.824869448731114,0.2890199999995957,0,358,C:\Users\Binich\PycharmProjects\PredictionRTS\output\learner_results\all_data\synergy\sce1m_synergy_run_0077\final_eval\eval_run_0077_web_batch_20260622_141137,web_batch_20260622_141137,0.007232616834278001,0.007232616834278001,0.0012427814526269,0.0010627681115835,0.0008451965040235,0.0014686649015539,0.001046226488832,0.0015669793756582,0.00133822928317,0.0005637388000292,36.0,0.007232616834278001,39.0,0.5742862402080187,-0.03287624327315676,0.37999424549404254,positive_contribution_fill,64,True
False,repeat_001::ep_246::line_246,Synergy,sce-1m,sce1m_synergy_run_0077,eval_run_0077_web_batch_20260622_141137,repeat_001,246,246,Win,True,36.0,36.0,3.0,36.0,0.0,41340,17,17,13,1,0.0588235294117647,3,0.1764705882352941,0,8,0.4705882352941176,17,1.0,2.3993823529411764,26.116,0.2352941176470588,0.2352941176470588,0.4236941176470588,0.8838,0.5294117647058824,136.6,422.0,0.5490196078431373,1.0,9,0.5294117647058824,10,0.5882352941176471,0.1764705882352941,0.1764705882352941,0.3342843190462526,0.8543857636504597,0.4352941176470588,1.0,0.0768166089965398,0.1764705882352941,0.338075002394343,0.8255056055129549,0.2389571428551562,0,358,C:\Users\Binich\PycharmProjects\PredictionRTS\output\learner_results\all_data\synergy\sce1m_synergy_run_0077\final_eval\eval_run_0077_web_batch_20260622_141137,web_batch_20260622_141137,0.0071692591833013,0.0071692591833013,0.0012427814526269,0.0009900730822933,0.0008699498701748,0.0016272847889449,0.001046226488832,0.0013929435004294,0.0019112836849049,0.0005933517506492,36.0,0.0071692591833013,39.0,0.5742862402080187,-0.03767273813778235,0.37845936713736233,positive_contribution_fill,65,True
False,repeat_001::ep_13::line_13,Synergy,sce-1m,sce1m_synergy_run_0077,eval_run_0077_web_batch_20260622_141137,repeat_001,13,13,Win,True,36.0,36.0,3.0,36.0,0.0,2294,18,18,16,3,0.1666666666666666,2,0.1111111111111111,0,7,0.3888888888888889,18,1.0,3.2393166666666664,26.5066,0.3888888888888889,0.3888888888888889,0.3568666666666666,0.8632,0.6111111111111112,114.66666666666669,398.0,0.5555555555555556,1.0,7,0.3888888888888889,12,0.6666666666666666,0.1111111111111111,0.1111111111111111,0.3304778846326765,0.8493907714221538,0.486111111111111,1.0,0.0540123456790123,0.1111111111111111,0.3410761591958155,0.8139534366644205,0.2266333333332445,0,572,C:\Users\Binich\PycharmProjects\PredictionRTS\output\learner_results\all_data\synergy\sce1m_synergy_run_0077\final_eval\eval_run_0077_web_batch_20260622_141137,web_batch_20260622_141137,0.005485616619778999,0.005460661728779605,-2.495489099939518e-05,0.0001915869915352,0.0004204457958466,0.0016826755487446,0.001046226488832,0.0021446817948206,0.0018340661982426,0.0005119712453253,36.0,0.005485616619778999,39.0,0.5742862402080187,-0.165133001978207,0.33767208270842647,positive_contribution_fill,66,True
False,repeat_001::ep_40::line_40,Synergy,sce-1m,sce1m_synergy_run_0077,eval_run_0077_web_batch_20260622_141137,repeat_001,40,40,Win,True,33.0,33.0,3.0,33.0,0.0,6848,16,16,15,0,0.0,3,0.1875,0,7,0.4375,16,1.0,7.96035,37.3773,0.625,0.625,0.36001875,0.9156,0.375,55.142857142857146,375.0,0.5416666666666666,1.0,6,0.375,14,0.875,0.1875,0.1875,0.3909151836278806,0.8902513812310959,0.5375,1.0,0.1007812499999999,0.1875,0.4015368326325462,0.8397129834308835,0.3115428571430608,0,1403,C:\Users\Binich\PycharmProjects\PredictionRTS\output\learner_results\all_data\synergy\sce1m_synergy_run_0077\final_eval\eval_run_0077_web_batch_20260622_141137,web_batch_20260622_141137,0.0089710049075047,0.0089710049075047,0.0011404937347208,0.0014321151052326,0.0011139199711298,0.0021910626369081,0.0008191150947296,0.0022742983647838,0.0023958233985074,0.0009220404811392,33.0,0.0089710049075047,39.0,0.44962207807892635,0.09872853274709947,0.3373361435727418,positive_contribution_fill,67,True
False,repeat_001::ep_113::line_113,Synergy,sce-1m,sce1m_synergy_run_0077,eval_run_0077_web_batch_20260622_141137,repeat_001,113,113,Win,True,33.0,33.0,9.0,33.0,0.0,18984,16,16,14,0,0.0,3,0.1875,0,7,0.4375,16,1.0,6.4111625000000005,37.4804,0.5625,0.5625,0.35651875,0.9097,0.5,65.84615384615384,397.0,0.5625,1.0,6,0.375,13,0.8125,0.1875,0.1875,0.3803914739764956,0.8886647114177639,0.5375,1.0,0.1007812499999999,0.1875,0.396801163289423,0.8391576489962174,0.312900000001345,0,3307,C:\Users\Binich\PycharmProjects\PredictionRTS\output\learner_results\all_data\synergy\sce1m_synergy_run_0077\final_eval\eval_run_0077_web_batch_20260622_141137,web_batch_20260622_141137,0.008885656682939698,0.008885656682939698,0.0011404937347208,0.0014321151052326,0.0010970021695931,0.0021226322138798,0.0008191150947296,0.0022742983647838,0.0022286814788663,0.0009018013743266,33.0,0.008885656682939698,39.0,0.44962207807892635,0.09226724015622542,0.3352685299436621,positive_contribution_fill,68,True
False,repeat_001::ep_188::line_188,Synergy,sce-1m,sce1m_synergy_run_0077,eval_run_0077_web_batch_20260622_141137,repeat_001,188,188,Win,True,33.0,33.0,3.0,33.0,0.0,31704,16,16,15,0,0.0,3,0.1875,0,6,0.375,16,1.0,8.766225,37.7133,0.75,0.75,0.26144375,0.911,0.25,50.46153846153846,414.0,0.4375,1.0,4,0.25,13,0.8125,0.1875,0.1875,0.3454077154499574,0.8894659327692698,0.5093749999999999,1.0,0.0955078124999999,0.1875,0.3712147219524807,0.8394380764692444,0.2334166666647282,0,1403,C:\Users\Binich\PycharmProjects\PredictionRTS\output\learner_results\all_data\synergy\sce1m_synergy_run_0077\final_eval\eval_run_0077_web_batch_20260622_141137,web_batch_20260622_141137,0.0080541714276983,0.0080541714276983,0.0011404937347208,0.0012875497162322,0.0011055451592547,0.0017529081310487,0.0008191150947296,0.0019485595917123,0.0016730549222539,0.00091202152497,33.0,0.0080541714276983,39.0,0.44962207807892635,0.029319597759509684,0.315125284376713,positive_contribution_fill,69,True
False,repeat_001::ep_50::line_50,Synergy,sce-1m,sce1m_synergy_run_0077,eval_run_0077_web_batch_20260622_141137,repeat_001,50,50,Win,True,36.0,36.0,3.0,36.0,0.0,8488,17,17,13,3,0.1764705882352941,1,0.0588235294117647,0,5,0.2941176470588235,17,1.0,2.959305882352941,26.389,0.2941176470588235,0.2352941176470588,0.4491,0.8832,0.5294117647058824,187.83333333333331,485.0,0.5882352941176471,1.0,9,0.5294117647058824,12,0.7058823529411765,0.0588235294117647,0.0588235294117647,0.3596135918673199,0.8550366715216138,0.4529411764705882,1.0,0.0266435986159169,0.0588235294117647,0.3321202339873527,0.8080863644443295,0.2228799999983266,0,358,C:\Users\Binich\PycharmProjects\PredictionRTS\output\learner_results\all_data\synergy\sce1m_synergy_run_0077\final_eval\eval_run_0077_web_batch_20260622_141137,web_batch_20260622_141137,0.0044097579391303,0.0026038905143433,-0.0010391439659004,-0.0007667234588866,0.0001921533512081,0.0015173807858176,0.001046226488832,0.0016539973132726,0.0024251143657255,0.0006039566142911,36.0,0.0044097579391303,39.0,0.5742862402080187,-0.2465809495779696,0.3116087394765024,positive_contribution_fill,70,True
False,repeat_001::ep_22::line_22,Synergy,sce-1m,sce1m_synergy_run_0077,eval_run_0077_web_batch_20260622_141137,repeat_001,22,22,Win,True,36.0,36.0,6.0,36.0,0.0,3752,15,15,15,3,0.2,1,0.0666666666666666,0,4,0.2666666666666666,15,1.0,5.497926666666666,37.464,0.4666666666666667,0.4666666666666667,0.2690533333333333,0.8656,0.4666666666666667,48.1,370.0,0.4666666666666667,1.0,4,0.2666666666666666,10,0.6666666666666666,0.0666666666666666,0.0666666666666666,0.3044211563189631,0.8754056025619417,0.4466666666666666,1.0,0.0297777777777777,0.0666666666666666,0.3066561870102,0.8163919608966796,0.2888500000004512,0,572,C:\Users\Binich\PycharmProjects\PredictionRTS\output\learner_results\all_data\synergy\sce1m_synergy_run_0077\final_eval\eval_run_0077_web_batch_20260622_141137,web_batch_20260622_141137,0.0041701397535031,0.0026261432600946004,-0.0008870156046652,-0.0006569808887433,0.0005153307124471,0.0010474043724068,0.001046226488832,0.0015611781798172,0.001305478325074,0.0009358157694616,36.0,0.0041701397535031,39.0,0.5742862402080187,-0.2647212590609463,0.30580384044194986,positive_contribution_fill,71,True
False,repeat_001::ep_29::line_29,Synergy,sce-1m,sce1m_synergy_run_0077,eval_run_0077_web_batch_20260622_141137,repeat_001,29,29,Win,True,33.0,33.0,3.0,33.0,0.0,4896,16,16,15,0,0.0,3,0.1875,0,8,0.5,16,1.0,1.96994375,37.4005,0.5,0.5,0.3371375,0.8665,0.4375,68.75,373.0,0.5,1.0,6,0.375,12,0.75,0.1875,0.1875,0.3542868039328228,0.8755627045073364,0.490625,1.0,0.0919921874999999,0.1875,0.3686478117697702,0.8345719465775676,0.2439124999993325,0,1403,C:\Users\Binich\PycharmProjects\PredictionRTS\output\learner_results\all_data\synergy\sce1m_synergy_run_0077\final_eval\eval_run_0077_web_batch_20260622_141137,web_batch_20260622_141137,0.0075553008682271,0.0075553008682271,0.0011404937347208,0.0011911727902319,0.0009573025605247,0.0017158162783555,0.0008191150947296,0.0017314004096646,0.0018140762866636,0.0007346759175426,33.0,0.0075553008682271,39.0,0.44962207807892635,-0.008447428633190035,0.3030398359310491,positive_contribution_fill,72,True
False,repeat_001::ep_267::line_267,Synergy,sce-1m,sce1m_synergy_run_0077,eval_run_0077_web_batch_20260622_141137,repeat_001,267,267,Win,True,36.0,36.0,3.0,36.0,0.0,44992,17,17,14,3,0.1764705882352941,2,0.1176470588235294,0,7,0.4117647058823529,17,1.0,2.6658647058823526,26.0081,0.2352941176470588,0.2352941176470588,0.4007823529411765,0.8826,0.4705882352941176,180.1818181818182,427.0,0.5294117647058824,1.0,8,0.4705882352941176,11,0.6470588235294118,0.1176470588235294,0.1176470588235294,0.3229028146460264,0.8536938832651544,0.4147058823529411,1.0,0.0487889273356401,0.1176470588235294,0.3139827371789472,0.8164399179663334,0.2820428571429342,0,358,C:\Users\Binich\PycharmProjects\PredictionRTS\output\learner_results\all_data\synergy\sce1m_synergy_run_0077\final_eval\eval_run_0077_web_batch_20260622_141137,web_batch_20260622_141137,0.003944939522164069,0.003944939522164069,0.0001018187433632,8.690186875568075e-06,0.0005171967601551,0.0011826266241593,0.001046226488832,0.0010883807187789,0.0016803980137668,0.0005820793456471,36.0,0.003944939522164069,39.0,0.5742862402080187,-0.2817700564276193,0.3003482252846145,positive_contribution_fill,73,True
False,repeat_001::ep_71::line_71,Synergy,sce-1m,sce1m_synergy_run_0077,eval_run_0077_web_batch_20260622_141137,repeat_001,71,71,Win,True,33.0,33.0,9.0,33.0,0.0,11840,16,16,15,0,0.0,3,0.1875,0,8,0.5,16,1.0,0.2120937499999997,37.5754,0.5625,0.5625,0.299,0.8598,0.375,51.30769230769231,387.0,0.4791666666666666,1.0,5,0.3125,13,0.8125,0.1875,0.1875,0.339421299961453,0.8738629349621865,0.490625,1.0,0.0919921875,0.1875,0.3619583349826538,0.8339770272367653,0.243499999999841,0,3307,C:\Users\Binich\PycharmProjects\PredictionRTS\output\learner_results\all_data\synergy\sce1m_synergy_run_0077\final_eval\eval_run_0077_web_batch_20260622_141137,web_batch_20260622_141137,0.0074405142044429995,0.0074405142044429995,0.0011404937347208,0.0011911727902319,0.0009391788377556,0.0016191533373405,0.0008191150947296,0.0017314004096646,0.0015779761895955,0.0007129941428646,33.0,0.0074405142044429995,39.0,0.44962207807892635,-0.01713736007604627,0.3002590578693351,positive_contribution_fill,74,True
False,repeat_001::ep_94::line_94,Synergy,sce-1m,sce1m_synergy_run_0077,eval_run_0077_web_batch_20260622_141137,repeat_001,94,94,Win,True,36.0,36.0,-3.0,36.0,0.0,15636,16,16,14,3,0.1875,1,0.0625,0,4,0.25,16,1.0,2.626425,37.6172,0.1875,0.1875,0.42419375,0.8686,0.5625,91.1,394.0,0.5625,1.0,8,0.5,10,0.625,0.0625,0.0625,0.330725012164775,0.8765767406735381,0.425,1.0,0.0265625,0.0625,0.3100762554741488,0.8161768592357384,0.2628500000021461,0,572,C:\Users\Binich\PycharmProjects\PredictionRTS\output\learner_results\all_data\synergy\sce1m_synergy_run_0077\final_eval\eval_run_0077_web_batch_20260622_141137,web_batch_20260622_141137,0.0039043762968854,0.0021669793918458,-0.0009678337965714,-0.0007695631084682,0.0005069609358055,0.0011105267626438,0.001046226488832,0.0012406621096041,0.0018390794376263,0.0009548964420572,36.0,0.0039043762968854,39.0,0.5742862402080187,-0.2848408978925804,0.299365556015827,positive_contribution_fill,75,True
False,repeat_001::ep_1::line_1,Synergy,sce-1m,sce1m_synergy_run_0077,eval_run_0077_web_batch_20260622_141137,repeat_001,1,1,Win,True,36.0,36.0,9.0,36.0,0.0,150,16,16,12,0,0.0,1,0.0625,0,8,0.5,16,1.0,3.53680625,37.5351,0.5,0.5,0.2583875,0.8753,0.3125,144.58333333333334,481.0,0.4166666666666666,1.0,4,0.25,12,0.75,0.0625,0.0625,0.2950701392730505,0.8784416548823921,0.428125,1.0,0.0267578125,0.0625,0.2951253126728727,0.8168295792088373,0.5572124999995154,0,572,C:\Users\Binich\PycharmProjects\PredictionRTS\output\learner_results\all_data\synergy\sce1m_synergy_run_0077\final_eval\eval_run_0077_web_batch_20260622_141137,web_batch_20260622_141137,0.0037000608053987,0.0019695027231015,-0.0009678337965714,-0.0007627242857258,0.000532358788897,0.0008345851387079,0.001046226488832,0.0012868903889618,0.0011157832047675,0.0009852804053879,36.0,0.0037000608053987,39.0,0.5742862402080187,-0.30030861474401166,0.2944158866233689,positive_contribution_fill,76,True
False,repeat_001::ep_171::line_171,Synergy,sce-1m,sce1m_synergy_run_0077,eval_run_0077_web_batch_20260622_141137,repeat_001,171,171,Win,True,36.0,36.0,-3.0,36.0,0.0,28910,18,18,15,0,0.0,2,0.1111111111111111,0,7,0.3888888888888889,18,1.0,2.327977777777778,25.6703,0.3888888888888889,0.2222222222222222,0.39315,0.8838,0.5,183.08333333333331,502.0,0.537037037037037,1.0,8,0.4444444444444444,12,0.6666666666666666,0.1111111111111111,0.1111111111111111,0.3164940742882821,0.8530018907045918,0.4138888888888888,1.0,0.0459876543209876,0.1111111111111111,0.3095056667630602,0.8152173284132739,0.2589285714285389,0,358,C:\Users\Binich\PycharmProjects\PredictionRTS\output\learner_results\all_data\synergy\sce1m_synergy_run_0077\final_eval\eval_run_0077_web_batch_20260622_141137,web_batch_20260622_141137,0.0036921419209236,0.0035777912796453445,-2.495489099939518e-05,-8.939575027886065e-05,0.0004696248286384,0.001099995709343,0.001046226488832,0.0010762948941102,0.0015503900406013,0.0005708051130387,36.0,0.0036921419209236,39.0,0.5742862402080187,-0.3009081143803279,0.2942240467397478,positive_contribution_fill,77,True
False,repeat_001::ep_81::line_81,Synergy,sce-1m,sce1m_synergy_run_0077,eval_run_0077_web_batch_20260622_141137,repeat_001,81,81,Win,True,36.0,36.0,3.0,36.0,0.0,13430,16,16,14,3,0.1875,2,0.125,0,6,0.375,16,1.0,2.0021,26.4499,0.375,0.375,0.28636875,0.8551,0.4375,102.0,407.0,0.4583333333333333,1.0,5,0.3125,10,0.625,0.125,0.125,0.2688132163001605,0.8467903299323181,0.4125,1.0,0.0515625,0.125,0.2903409473350722,0.8151266154763113,0.2194799999998054,0,572,C:\Users\Binich\PycharmProjects\PredictionRTS\output\learner_results\all_data\synergy\sce1m_synergy_run_0077\final_eval\eval_run_0077_web_batch_20260622_141137,web_batch_20260622_141137,0.0036645985261885,0.0036645985261885,0.0002444390820212,0.0001058062025679,0.0004660951161409,0.000746282644453,0.001046226488832,0.0010557489921735,0.0005831341744253,0.0004696037634885,36.0,0.0036645985261885,39.0,0.5742862402080187,-0.3029932887730756,0.2935567909340685,positive_contribution_fill,78,True
False,repeat_001::ep_163::line_163,Synergy,sce-1m,sce1m_synergy_run_0077,eval_run_0077_web_batch_20260622_141137,repeat_001,163,163,Win,True,36.0,36.0,-3.0,36.0,0.0,27554,17,17,14,0,0.0,2,0.1176470588235294,0,7,0.4117647058823529,17,1.0,4.2323941176470585,25.4644,0.5294117647058824,0.3529411764705882,0.3220529411764706,0.8838,0.3529411764705882,86.58333333333333,414.0,0.4705882352941176,1.0,6,0.3529411764705882,12,0.7058823529411765,0.1176470588235294,0.1176470588235294,0.3072995238751483,0.8523508367828019,0.4058823529411765,1.0,0.0477508650519031,0.1176470588235294,0.3038730210379344,0.8159698516975101,0.2701999999987135,0,358,C:\Users\Binich\PycharmProjects\PredictionRTS\output\learner_results\all_data\synergy\sce1m_synergy_run_0077\final_eval\eval_run_0077_web_batch_20260622_141137,web_batch_20260622_141137,0.0036008421062242004,0.0035731847784546654,0.0001018187433632,-2.7657327769534543e-05,0.0004989061079139,0.0009960369537578,0.001046226488832,0.0009578538123573,0.0013638690089082,0.0005601978698786,36.0,0.0036008421062242004,39.0,0.5742862402080187,-0.30781997246843756,0.2920122521515527,positive_contribution_fill,79,True
False,repeat_001::ep_77::line_77,Synergy,sce-1m,sce1m_synergy_run_0077,eval_run_0077_web_batch_20260622_141137,repeat_001,77,77,Win,True,36.0,36.0,3.0,36.0,0.0,12762,17,17,14,4,0.2352941176470588,2,0.1176470588235294,0,5,0.2941176470588235,17,1.0,2.806970588235294,26.2083,0.3529411764705882,0.2352941176470588,0.3629529411764705,0.8832,0.4117647058823529,150.8,408.0,0.4705882352941176,1.0,7,0.4117647058823529,10,0.5882352941176471,0.1176470588235294,0.1176470588235294,0.295401492540028,0.8544880916254007,0.3764705882352941,1.0,0.0442906574394463,0.1176470588235294,0.2882247892900714,0.8167178908924196,0.2555750000006185,0,358,C:\Users\Binich\PycharmProjects\PredictionRTS\output\learner_results\all_data\synergy\sce1m_synergy_run_0077\final_eval\eval_run_0077_web_batch_20260622_141137,web_batch_20260622_141137,0.002906048101643,0.0027572323917232,0.0001018187433632,-0.0001488157099198,0.0005280129077086,0.000707225837454,0.001046226488832,0.0005227641242852,0.0011225050509084,0.0005950189208727,36.0,0.002906048101643,39.0,0.5742862402080187,-0.3604193953253853,0.2751804368373294,positive_contribution_fill,80,True
False,repeat_001::ep_129::line_129,Synergy,sce-1m,sce1m_synergy_run_0077,eval_run_0077_web_batch_20260622_141137,repeat_001,129,129,Win,True,36.0,36.0,9.0,36.0,0.0,21606,16,16,14,5,0.3125,1,0.0625,0,3,0.1875,16,1.0,3.1721375000000003,37.6169,0.25,0.25,0.3350125,0.8759,0.5,153.33333333333334,497.0,0.4791666666666667,1.0,6,0.375,9,0.5625,0.0625,0.0625,0.2831699131417342,0.8787662114291355,0.390625,1.0,0.0244140625,0.0625,0.2766452109137804,0.8169431740001974,0.2719666666687696,0,572,C:\Users\Binich\PycharmProjects\PredictionRTS\output\learner_results\all_data\synergy\sce1m_synergy_run_0077\final_eval\eval_run_0077_web_batch_20260622_141137,web_batch_20260622_141137,0.0028086640771752,0.0009960401219684001,-0.0009678337965714,-0.0008447901586354,0.0005367788525412,0.0004935076991321,0.001046226488832,0.0007321510366699,0.0008743747230409,0.0009905682165742,36.0,0.0028086640771752,39.0,0.5742862402080187,-0.3677918588882808,0.27282124849720285,positive_contribution_fill,81,True
False,repeat_001::ep_196::line_196,Synergy,sce-1m,sce1m_synergy_run_0077,eval_run_0077_web_batch_20260622_141137,repeat_001,196,196,Win,True,36.0,36.0,3.0,36.0,0.0,32960,17,17,15,4,0.2352941176470588,2,0.1176470588235294,0,3,0.1764705882352941,17,1.0,3.86564705882353,37.7152,0.2941176470588235,0.2941176470588235,0.3146235294117647,0.884,0.3529411764705882,228.77777777777777,505.0,0.4117647058823529,1.0,6,0.3529411764705882,9,0.5294117647058824,0.1176470588235294,0.1176470588235294,0.2713343666190995,0.8813692710079808,0.3588235294117647,1.0,0.0422145328719723,0.1176470588235294,0.2712181120374183,0.8261263036763228,0.2804333333349025,0,358,C:\Users\Binich\PycharmProjects\PredictionRTS\output\learner_results\all_data\synergy\sce1m_synergy_run_0077\final_eval\eval_run_0077_web_batch_20260622_141137,web_batch_20260622_141137,0.0026971998855767,0.0024756891463667,0.0001018187433632,-0.00022151073921,0.000894101729191,0.0003933426127486,0.001046226488832,0.0002617103114419,0.0006342783345432,0.0010329783534136,36.0,0.0026971998855767,39.0,0.5742862402080187,-0.3762302623699449,0.27012095938307035,positive_contribution_fill,82,True
False,repeat_001::ep_121::line_121,Synergy,sce-1m,sce1m_synergy_run_0077,eval_run_0077_web_batch_20260622_141137,repeat_001,121,121,Win,True,36.0,36.0,3.0,36.0,0.0,20280,18,18,14,3,0.1666666666666666,2,0.1111111111111111,0,5,0.2777777777777778,18,1.0,2.2447555555555554,26.17,0.2777777777777778,0.2222222222222222,0.3481055555555555,0.8832,0.4444444444444444,171.9,496.0,0.462962962962963,1.0,7,0.3888888888888889,10,0.5555555555555556,0.1111111111111111,0.1111111111111111,0.2776811608964095,0.8543711141830246,0.3694444444444444,1.0,0.0410493827160493,0.1111111111111111,0.276484300181162,0.8156965566307254,0.2167600000021252,0,358,C:\Users\Binich\PycharmProjects\PredictionRTS\output\learner_results\all_data\synergy\sce1m_synergy_run_0077\final_eval\eval_run_0077_web_batch_20260622_141137,web_batch_20260622_141137,0.0024438623556104,0.0021565992578312047,-2.495489099939518e-05,-0.0002623082067798,0.0004882719795849,0.0004905378550589,0.001046226488832,0.0004188260321346,0.0007630296669473,0.0005931130753904,36.0,0.0024438623556104,39.0,0.5742862402080187,-0.39540919566005617,0.2639837007302347,positive_contribution_fill,83,True
False,repeat_001::ep_181::line_181,Synergy,sce-1m,sce1m_synergy_run_0077,eval_run_0077_web_batch_20260622_141137,repeat_001,181,181,Win,True,36.0,36.0,3.0,36.0,0.0,30520,16,16,14,4,0.25,1,0.0625,0,4,0.25,16,1.0,5.0705,25.6841,0.5625,0.375,0.219475,0.8566,0.3125,68.5,421.0,0.3958333333333333,1.0,4,0.25,10,0.625,0.0625,0.0625,0.2637112127550897,0.844885257523659,0.365625,1.0,0.0228515625,0.0625,0.2591387957397904,0.8050848401332806,0.2958749999955046,0,622,C:\Users\Binich\PycharmProjects\PredictionRTS\output\learner_results\all_data\synergy\sce1m_synergy_run_0077\final_eval\eval_run_0077_web_batch_20260622_141137,web_batch_20260622_141137,0.001654314021160725,-0.00021302051598587508,-0.0009678337965714,-0.0008995007405752,7.536165393452502e-05,0.0001704010765856,0.001046226488832,0.0003623248018086,0.0004796347185336,0.000438565525948,36.0,0.001654314021160725,39.0,0.5742862402080187,-0.4551820008884923,0.24485640305713516,positive_contribution_fill,84,True
False,repeat_001::ep_150::line_150,Synergy,sce-1m,sce1m_synergy_run_0077,eval_run_0077_web_batch_20260622_141137,repeat_001,150,150,Win,True,30.0,30.0,9.0,30.0,0.0,25318,18,18,15,0,0.0,5,0.2777777777777778,0,11,0.6111111111111112,18,1.0,2.929961111111111,25.5201,0.5555555555555556,0.5555555555555556,0.4085944444444445,0.8837,0.5,103.64285714285714,500.0,0.5740740740740741,1.0,8,0.4444444444444444,14,0.7777777777777778,0.2777777777777778,0.2777777777777778,0.3525338345618444,0.8524977044265079,0.5472222222222222,1.0,0.1520061728395061,0.2777777777777778,0.4057235588861633,0.8400408632159443,0.2779874999987441,0,358,C:\Users\Binich\PycharmProjects\PredictionRTS\output\learner_results\all_data\synergy\sce1m_synergy_run_0077\final_eval\eval_run_0077_web_batch_20260622_141137,web_batch_20260622_141137,0.0086217400877222,0.0086217400877222,0.0018151073213196,0.0020499595559169,0.0008122888084948,0.0016272833371171,0.0005920037006271,0.0017250973642467,0.0012909756858433,0.0003183400337544,30.0,0.0086217400877222,39.0,0.32495791594983403,0.07228741808050294,0.24410335663164812,positive_contribution_fill,85,True
False,repeat_001::ep_120::line_120,Synergy,sce-1m,sce1m_synergy_run_0077,eval_run_0077_web_batch_20260622_141137,repeat_001,120,120,Win,True,36.0,36.0,3.0,36.0,0.0,20108,15,15,13,5,0.3333333333333333,1,0.0666666666666666,0,4,0.2666666666666666,15,1.0,4.67354,37.5057,0.4,0.4,0.1528866666666666,0.8757,0.2666666666666666,128.85714285714286,495.0,0.2888888888888888,1.0,2,0.1333333333333333,7,0.4666666666666667,0.0666666666666666,0.0666666666666666,0.1963696214991461,0.8785095777348824,0.31,1.0,0.0206666666666666,0.0666666666666666,0.2101996630079491,0.8174783522072089,0.3061500000018924,0,572,C:\Users\Binich\PycharmProjects\PredictionRTS\output\learner_results\all_data\synergy\sce1m_synergy_run_0077\final_eval\eval_run_0077_web_batch_20260622_141137,web_batch_20260622_141137,0.0016038295508958998,-0.0014525715430624999,-0.0008870156046652,-0.0009760043709876,0.0005576030620639,-0.0007328425475479,0.001046226488832,-0.0004605385707577,-0.0008864595995712,0.0009863870329473,36.0,0.0016038295508958998,39.0,0.5742862402080187,-0.45900393081543395,0.24363338548051383,positive_contribution_fill,86,True
False,repeat_001::ep_34::line_34,Synergy,sce-1m,sce1m_synergy_run_0077,eval_run_0077_web_batch_20260622_141137,repeat_001,34,34,Win,True,36.0,36.0,3.0,36.0,0.0,5796,15,15,13,5,0.3333333333333333,1,0.0666666666666666,0,4,0.2666666666666666,15,1.0,4.687033333333334,37.3785,0.4,0.4,0.1528333333333333,0.8755,0.2666666666666666,123.42857142857144,483.0,0.2888888888888888,1.0,2,0.1333333333333333,7,0.4666666666666667,0.0666666666666666,0.0666666666666666,0.1965436941989668,0.8782235196344335,0.31,1.0,0.0206666666666666,0.0666666666666666,0.2102779957228684,0.8173782318720517,0.2553499999997655,0,572,C:\Users\Binich\PycharmProjects\PredictionRTS\output\learner_results\all_data\synergy\sce1m_synergy_run_0077\final_eval\eval_run_0077_web_batch_20260622_141137,web_batch_20260622_141137,0.0015999337890552998,-0.0014550215595177,-0.0008870156046652,-0.0009760043709876,0.0005537073002233,-0.0007313968021625,0.001046226488832,-0.0004605385707577,-0.0008829283535503,0.0009817264545715,36.0,0.0015999337890552998,39.0,0.5742862402080187,-0.45929885970522366,0.24353900823578112,positive_contribution_fill,87,True
False,repeat_001::ep_119::line_119,Synergy,sce-1m,sce1m_synergy_run_0077,eval_run_0077_web_batch_20260622_141137,repeat_001,119,119,Win,True,36.0,36.0,3.0,36.0,0.0,19966,16,16,13,5,0.3125,1,0.0625,0,4,0.25,16,1.0,4.26773125,37.5132,0.3125,0.3125,0.2390125,0.8755,0.3125,203.0,494.0,0.3541666666666667,1.0,4,0.25,8,0.5,0.0625,0.0625,0.2338376407402738,0.8784628688448683,0.325,1.0,0.0203125,0.0625,0.2314769383331232,0.8168370040957039,0.294199999999023,0,572,C:\Users\Binich\PycharmProjects\PredictionRTS\output\learner_results\all_data\synergy\sce1m_synergy_run_0077\final_eval\eval_run_0077_web_batch_20260622_141137,web_batch_20260622_141137,0.0015788741859800999,-0.0009561470352506,-0.0009678337965714,-0.0009884054362273,0.0005326476971481,-0.0003401391585911,0.001046226488832,-0.0002386428298409,-0.0001263818045365,0.0009856260321491,36.0,0.0015788741859800999,39.0,0.5742862402080187,-0.4608931782515094,0.2430288263009697,positive_contribution_fill,88,True
False,repeat_001::ep_282::line_282,Synergy,sce-1m,sce1m_synergy_run_0077,eval_run_0077_web_batch_20260622_141137,repeat_001,282,282,Win,True,36.0,36.0,3.0,36.0,0.0,47452,15,15,14,5,0.3333333333333333,1,0.0666666666666666,0,4,0.2666666666666666,15,1.0,4.423633333333333,37.926,0.3333333333333333,0.3333333333333333,0.1956533333333333,0.8568,0.3333333333333333,133.28571428571428,441.0,0.3333333333333333,1.0,3,0.2,7,0.4666666666666667,0.0666666666666666,0.0666666666666666,0.2156582236914614,0.8735779960772858,0.32,1.0,0.0213333333333333,0.0666666666666666,0.2223795339944909,0.81575229862705,0.2569249999950784,0,572,C:\Users\Binich\PycharmProjects\PredictionRTS\output\learner_results\all_data\synergy\sce1m_synergy_run_0077\final_eval\eval_run_0077_web_batch_20260622_141137,web_batch_20260622_141137,0.001536667433811,-0.0011236625638354,-0.0008870156046652,-0.00095266118936,0.000490440944979,-0.000508045126808,0.001046226488832,-0.0003126080768132,-0.0004951702141012,0.0009060396391983,36.0,0.001536667433811,39.0,0.5742862402080187,-0.4640884430208118,0.24200634157479292,positive_contribution_fill,89,True
False,repeat_001::ep_232::line_232,Synergy,sce-1m,sce1m_synergy_run_0077,eval_run_0077_web_batch_20260622_141137,repeat_001,232,232,Win,True,36.0,36.0,9.0,36.0,0.0,39182,16,16,13,5,0.3125,1,0.0625,0,5,0.3125,16,1.0,-0.6350624999999998,37.5711,0.1875,0.1875,0.19800625,0.8569,0.3125,127.85714285714286,425.0,0.3125,1.0,4,0.25,7,0.4375,0.0625,0.0625,0.1909989118048397,0.8729853351509635,0.271875,1.0,0.0169921875,0.0625,0.1936057603121779,0.8149198673028372,0.2808199999975613,0,622,C:\Users\Binich\PycharmProjects\PredictionRTS\output\learner_results\all_data\synergy\sce1m_synergy_run_0077\final_eval\eval_run_0077_web_batch_20260622_141137,web_batch_20260622_141137,0.00150427686917,-0.0026318533402917,-0.0009678337965714,-0.0011046654228493,0.000458050380338,-0.0010391074111198,0.001046226488832,-0.0010245235789212,-0.0009954100395704,0.0008963837591758,36.0,0.00150427686917,39.0,0.5742862402080187,-0.4665405727094585,0.24122166007442597,positive_contribution_fill,90,True
False,repeat_001::ep_293::line_293,Synergy,sce-1m,sce1m_synergy_run_0077,eval_run_0077_web_batch_20260622_141137,repeat_001,293,293,Win,True,36.0,36.0,3.0,36.0,0.0,49434,17,17,12,4,0.2352941176470588,1,0.0588235294117647,0,4,0.2352941176470588,17,1.0,3.601894117647059,37.9314,0.2941176470588235,0.2941176470588235,0.1731941176470588,0.8569,0.2941176470588235,130.71428571428572,445.0,0.2941176470588235,1.0,3,0.1764705882352941,7,0.4117647058823529,0.0588235294117647,0.0588235294117647,0.189144791411705,0.8736173989910581,0.2823529411764706,1.0,0.0166089965397923,0.0588235294117647,0.1957033914293849,0.814589619058635,0.2793000000096413,0,622,C:\Users\Binich\PycharmProjects\PredictionRTS\output\learner_results\all_data\synergy\sce1m_synergy_run_0077\final_eval\eval_run_0077_web_batch_20260622_141137,web_batch_20260622_141137,0.0014914266474277,-0.0025357155089445003,-0.0010391439659004,-0.0011180827671226,0.0004452001585957,-0.0010003925458037,0.001046226488832,-0.0008695228775455,-0.0010330228029,0.0009066816079717,36.0,0.0014914266474277,39.0,0.5742862402080187,-0.4675133995369384,0.2409103554896324,positive_contribution_fill,91,True
False,repeat_001::ep_268::line_268,Synergy,sce-1m,sce1m_synergy_run_0077,eval_run_0077_web_batch_20260622_141137,repeat_001,268,268,Win,True,30.0,30.0,6.0,30.0,0.0,45144,16,16,15,0,0.0,4,0.25,0,7,0.4375,16,1.0,7.30713125,37.7736,0.5625,0.5625,0.40165,0.9072,0.4375,99.76923076923076,436.0,0.5625,1.0,7,0.4375,13,0.8125,0.25,0.25,0.3909166650589043,0.8884317484133497,0.5375,1.0,0.134375,0.25,0.4140374992765069,0.8484511119446724,0.2616571428595599,0,358,C:\Users\Binich\PycharmProjects\PredictionRTS\output\learner_results\all_data\synergy\sce1m_synergy_run_0077\final_eval\eval_run_0077_web_batch_20260622_141137,web_batch_20260622_141137,0.0081581615980462,0.0081581615980462,0.001510235994399,0.001700633306428,0.0009974618050586,0.0017141102284457,0.0005920037006271,0.0016437165630878,0.0017315640453581,0.0006496163364835,30.0,0.0081581615980462,39.0,0.32495791594983403,0.03719218000263409,0.23287288044673007,positive_contribution_fill,92,True
False,repeat_001::ep_190::line_190,Synergy,sce-1m,sce1m_synergy_run_0077,eval_run_0077_web_batch_20260622_141137,repeat_001,190,190,Win,True,36.0,36.0,3.0,36.0,0.0,31998,16,16,13,3,0.1875,1,0.0625,0,7,0.4375,16,1.0,3.2573875,25.9076,0.4375,0.3125,0.1488875,0.8567,0.1875,66.33333333333333,422.0,0.2916666666666666,1.0,2,0.125,9,0.5625,0.0625,0.0625,0.1859895360193085,0.845612969844824,0.271875,1.0,0.0169921875,0.0625,0.1913515412086888,0.8053395394456885,0.3303857142863567,0,572,C:\Users\Binich\PycharmProjects\PredictionRTS\output\learner_results\all_data\synergy\sce1m_synergy_run_0077\final_eval\eval_run_0077_web_batch_20260622_141137,web_batch_20260622_141137,0.001131498695508354,-0.0030462364407056464,-0.0009678337965714,-0.0011046654228493,8.527220667635398e-05,-0.0010807123378721,0.001046226488832,-0.0010245235789212,-0.0010970304448836,0.0004504217198558,36.0,0.001131498695508354,39.0,0.5742862402080187,-0.49476176727789556,0.23219087781252612,positive_contribution_fill,93,True
False,repeat_001::ep_18::line_18,Synergy,sce-1m,sce1m_synergy_run_0077,eval_run_0077_web_batch_20260622_141137,repeat_001,18,18,Win,True,30.0,30.0,3.0,30.0,0.0,3134,17,17,15,1,0.0588235294117647,4,0.2352941176470588,0,10,0.5882352941176471,17,1.0,6.5081235294117645,45.3705,0.5294117647058824,0.4705882352941176,0.4280529411764706,0.8673,0.5882352941176471,74.71428571428571,303.0,0.6274509803921569,1.0,8,0.4705882352941176,14,0.8235294117647058,0.2352941176470588,0.2352941176470588,0.3997047863522908,0.8879493664496438,0.5529411764705883,1.0,0.1301038062283737,0.2352941176470588,0.4204553891526485,0.8460763959044341,0.2609142857136045,0,572,C:\Users\Binich\PycharmProjects\PredictionRTS\output\learner_results\all_data\synergy\sce1m_synergy_run_0077\final_eval\eval_run_0077_web_batch_20260622_141137,web_batch_20260622_141137,0.0080561258942159,0.0080561258942159,0.0013488335272058,0.0016160081873469,0.0009451763971779,0.0017811356581062,0.0005920037006271,0.001772968423752,0.0018324410232602,0.0006451692524454,30.0,0.0080561258942159,39.0,0.32495791594983403,0.029467560767453306,0.23040100229147223,positive_contribution_fill,94,True
False,repeat_001::ep_136::line_136,Synergy,sce-1m,sce1m_synergy_run_0077,eval_run_0077_web_batch_20260622_141137,repeat_001,136,136,Win,True,30.0,30.0,9.0,30.0,0.0,22800,17,17,15,3,0.1764705882352941,5,0.2941176470588235,0,8,0.4705882352941176,17,1.0,3.7518882352941176,25.9901,0.5882352941176471,0.4705882352941176,0.3775705882352941,0.8834,0.4705882352941176,138.16666666666666,498.0,0.5294117647058824,1.0,7,0.4117647058823529,12,0.7058823529411765,0.2941176470588235,0.2941176470588235,0.339330990061383,0.8538783249282442,0.4911764705882352,1.0,0.1444636678200692,0.2941176470588235,0.3834342396452694,0.8429750607837089,0.2467400000000452,0,358,C:\Users\Binich\PycharmProjects\PredictionRTS\output\learner_results\all_data\synergy\sce1m_synergy_run_0077\final_eval\eval_run_0077_web_batch_20260622_141137,web_batch_20260622_141137,0.0080143248300274,0.0080143248300274,0.0019944433959787,0.0019005199801056,0.0008768926238703,0.0013945041483507,0.0005920037006271,0.001255960981095,0.001139423037848,0.0003310679876539,30.0,0.0080143248300274,39.0,0.32495791594983403,0.02630300863167804,0.22938834560802412,positive_contribution_fill,95,True
False,repeat_001::ep_180::line_180,Synergy,sce-1m,sce1m_synergy_run_0077,eval_run_0077_web_batch_20260622_141137,repeat_001,180,180,Win,True,30.0,30.0,3.0,30.0,0.0,30368,17,17,14,1,0.0588235294117647,4,0.2352941176470588,0,7,0.4117647058823529,17,1.0,-0.8858235294117645,25.6661,0.5294117647058824,0.4117647058823529,0.4716588235294118,0.8839,0.5882352941176471,158.6,503.0,0.6470588235294118,1.0,9,0.5294117647058824,15,0.8823529411764706,0.2352941176470588,0.2352941176470588,0.3954489819475887,0.8530186854464044,0.5558823529411764,1.0,0.130795847750865,0.2352941176470588,0.4195696889352384,0.8338506575533003,0.2304399999985662,0,358,C:\Users\Binich\PycharmProjects\PredictionRTS\output\learner_results\all_data\synergy\sce1m_synergy_run_0077\final_eval\eval_run_0077_web_batch_20260622_141137,web_batch_20260622_141137,0.007816026174652001,0.007816026174652001,0.0013488335272058,0.0016297195990462,0.0006759957012549,0.0017718858207347,0.0005920037006271,0.0017975878257833,0.0017835895483481,0.0003231429628688,30.0,0.007816026174652001,39.0,0.32495791594983403,0.011290796728177389,0.2245844377989039,positive_contribution_fill,96,True
False,repeat_001::ep_125::line_125,Synergy,sce-1m,sce1m_synergy_run_0077,eval_run_0077_web_batch_20260622_141137,repeat_001,125,125,Win,True,30.0,30.0,9.0,30.0,0.0,20998,18,18,15,0,0.0,4,0.2222222222222222,0,8,0.4444444444444444,18,1.0,3.872283333333333,26.2227,0.6666666666666666,0.5555555555555556,0.4248555555555555,0.8833,0.5,120.625,413.0,0.6111111111111112,1.0,8,0.4444444444444444,16,0.8888888888888888,0.2222222222222222,0.2222222222222222,0.383839837105514,0.8545620087127686,0.5638888888888889,1.0,0.1253086419753086,0.2222222222222222,0.4145334822530369,0.8324300363828022,0.2769000000005424,0,358,C:\Users\Binich\PycharmProjects\PredictionRTS\output\learner_results\all_data\synergy\sce1m_synergy_run_0077\final_eval\eval_run_0077_web_batch_20260622_141137,web_batch_20260622_141137,0.007546984481795501,0.007546984481795501,0.0012053646674785,0.0015210016464064,0.0006447171163274,0.0017192900418654,0.0005920037006271,0.0018646073090907,0.0016503306402607,0.0003373708751457,30.0,0.007546984481795501,39.0,0.32495791594983403,-0.009077021179575245,0.21806673606842308,positive_contribution_fill,97,True
False,repeat_001::ep_212::line_212,Synergy,sce-1m,sce1m_synergy_run_0077,eval_run_0077_web_batch_20260622_141137,repeat_001,212,212,Win,True,33.0,33.0,-3.0,33.0,0.0,35732,19,19,16,5,0.2631578947368421,3,0.1578947368421052,0,6,0.3157894736842105,19,1.0,5.654531578947368,25.9357,0.5263157894736842,0.4210526315789473,0.2474421052631578,0.8639,0.3684210526315789,61.72727272727273,262.0,0.4210526315789473,1.0,6,0.3157894736842105,11,0.5789473684210527,0.1578947368421052,0.1578947368421052,0.2822575742754593,0.8478600769986393,0.4052631578947368,1.0,0.06398891966759,0.1578947368421052,0.3004369610555356,0.8204352374758395,0.2970199999992928,0,1418,C:\Users\Binich\PycharmProjects\PredictionRTS\output\learner_results\all_data\synergy\sce1m_synergy_run_0077\final_eval\eval_run_0077_web_batch_20260622_141137,web_batch_20260622_141137,0.0039330853861646,0.0039330853861646,0.0006909121484714,0.0004234945334072,0.000526639478901,0.0007301694708396,0.0008191150947296,0.0007427546598158,0.0006700781991052,0.0003813091159402,33.0,0.0039330853861646,39.0,0.44962207807892635,-0.2826674745226641,0.2152894212464174,positive_contribution_fill,98,True
False,repeat_001::ep_261::line_261,Synergy,sce-1m,sce1m_synergy_run_0077,eval_run_0077_web_batch_20260622_141137,repeat_001,261,261,Win,True,30.0,30.0,3.0,30.0,0.0,44050,17,17,15,0,0.0,4,0.2352941176470588,0,8,0.4705882352941176,17,1.0,10.175311764705882,37.7407,0.6470588235294118,0.6470588235294118,0.2986941176470588,0.8825,0.3529411764705882,109.3076923076923,433.0,0.4901960784313726,1.0,6,0.3529411764705882,13,0.7647058823529411,0.2352941176470588,0.2352941176470588,0.3700636451530494,0.880964047971647,0.5176470588235293,1.0,0.1217993079584774,0.2352941176470588,0.3947639344365193,0.8436315344371352,0.2787875000009876,0,358,C:\Users\Binich\PycharmProjects\PredictionRTS\output\learner_results\all_data\synergy\sce1m_synergy_run_0077\final_eval\eval_run_0077_web_batch_20260622_141137,web_batch_20260622_141137,0.007274016796856401,0.007274016796856401,0.0013488335272058,0.0014514712469564,0.0008913465594781,0.0015128261632124,0.0005920037006271,0.0014775355993766,0.0014921966586316,0.0005807715331232,30.0,0.007274016796856401,39.0,0.32495791594983403,-0.029742056559447755,0.21145392474686386,positive_contribution_fill,99,True
False,repeat_001::ep_182::line_182,Synergy,sce-1m,sce1m_synergy_run_0077,eval_run_0077_web_batch_20260622_141137,repeat_001,182,182,Win,True,30.0,30.0,3.0,30.0,0.0,30672,16,16,14,0,0.0,4,0.25,0,11,0.6875,16,1.0,-0.6574812500000005,37.6975,0.4375,0.4375,0.38704375,0.8839,0.4375,94.66666666666669,417.0,0.5208333333333334,1.0,7,0.4375,12,0.75,0.25,0.25,0.3552815557729196,0.8813081623774832,0.4843749999999999,1.0,0.1210937499999999,0.25,0.3794079500978138,0.8459578568321191,0.2670090909126863,0,358,C:\Users\Binich\PycharmProjects\PredictionRTS\output\learner_results\all_data\synergy\sce1m_synergy_run_0077\final_eval\eval_run_0077_web_batch_20260622_141137,web_batch_20260622_141137,0.007033782271495999,0.007033782271495999,0.001510235994399,0.0014374920342474,0.0009425664582881,0.0013524554700368,0.0005920037006271,0.0011990286138976,0.0013225161940631,0.0005839439271939,30.0,0.007033782271495999,39.0,0.32495791594983403,-0.047929026079840495,0.2056340945003382,positive_contribution_fill,100,True
False,repeat_001::ep_120::line_120,Synergy,sce-2,sce2_synergy_run_0075,eval_run_0075_web_batch_20260622_141137,repeat_001,120,120,Win,True,78.0,78.0,15.0,78.0,0.0,14548,12,12,11,1,0.0833333333333333,4,0.3333333333333333,0,7,0.5833333333333334,12,1.0,0.7824749999999999,6.6907,0.3333333333333333,0.4166666666666667,0.5737583333333333,0.9004,0.75,83.55555555555556,207.0,0.75,1.0,9,0.75,9,0.75,0.4166666666666667,0.3333333333333333,0.4186648807029014,0.73046558167123,0.6333333333333333,1.0,0.211111111111111,0.3333333333333333,0.4767325296496389,0.8056629535849305,0.2324500000021601,0,8114,C:\Users\Binich\PycharmProjects\PredictionRTS\output\learner_results\all_data\synergy\sce2_synergy_run_0075\final_eval\eval_run_0075_web_batch_20260622_141137,web_batch_20260622_141137,0.034978988721034,0.034978988721034,0.0077976344791356,0.011388814802276,0.0018083426526502,0.0065803820212408,0.001315403149624,0.0060884116161074,0.0051721463284103,-0.0003571316006247,78.0,0.034978988721034,78.0,0.6276100642248837,1.9160339385648784,1.039905704013682,high_score_positive_contribution,1,True
False,repeat_001::ep_197::line_197,Synergy,sce-2,sce2_synergy_run_0075,eval_run_0075_web_batch_20260622_141137,repeat_001,197,197,Win,True,81.0,81.0,3.0,81.0,0.0,23862,13,13,12,0,0.0,3,0.2307692307692307,0,9,0.6923076923076923,13,1.0,1.3987615384615386,7.0574,0.2307692307692307,0.2307692307692307,0.6161538461538462,0.8993,0.7692307692307693,28.7,95.0,0.7692307692307693,1.0,10,0.7692307692307693,10,0.7692307692307693,0.2307692307692307,0.2307692307692307,0.4499757182551812,0.7352876725644002,0.5807692307692308,1.0,0.1340236686390532,0.2307692307692307,0.4519121501379085,0.7919660700129246,0.2728833333283849,0,3459,C:\Users\Binich\PycharmProjects\PredictionRTS\output\learner_results\all_data\synergy\sce2_synergy_run_0075\final_eval\eval_run_0075_web_batch_20260622_141137,web_batch_20260622_141137,0.0302327400744654,0.0302327400744654,0.0058677749211982,0.0081015422061021,0.001317490617231,0.0072410783358877,0.0016229798798557,0.0060818741141907,0.0075011389924416,-0.0003164909347488,81.0,0.0302327400744654,78.0,0.7743622226562673,1.6001192198180179,1.0386044617480275,high_score_positive_contribution,2,True
False,repeat_001::ep_266::line_266,Synergy,sce-2,sce2_synergy_run_0075,eval_run_0075_web_batch_20260622_141137,repeat_001,266,266,Win,True,78.0,78.0,15.0,78.0,0.0,32310,12,12,12,3,0.25,3,0.25,0,6,0.5,12,1.0,1.3457333333333334,12.8314,0.3333333333333333,0.5,0.476425,0.8964,0.75,36.8,216.0,0.7083333333333334,1.0,8,0.6666666666666666,10,0.8333333333333334,0.3333333333333333,0.25,0.3839389798491167,0.7937226840228808,0.6541666666666667,1.0,0.1635416666666666,0.25,0.4517308742654358,0.8153029394080082,0.2570666666770194,0,2559,C:\Users\Binich\PycharmProjects\PredictionRTS\output\learner_results\all_data\synergy\sce2_synergy_run_0075\final_eval\eval_run_0075_web_batch_20260622_141137,web_batch_20260622_141137,0.029795317849415602,0.029795317849415602,0.0053261048662381,0.0084128490827678,0.0023295372070452,0.0058635985665926,0.001315403149624,0.0065478249771479,0.0041657488261882,0.0009628205861128,78.0,0.029795317849415602,78.0,0.6276100642248837,1.5710039901934303,0.9294961205348187,high_score_positive_contribution,3,True
False,repeat_001::ep_249::line_249,Synergy,sce-2,sce2_synergy_run_0075,eval_run_0075_web_batch_20260622_141137,repeat_001,249,249,Win,True,84.0,84.0,15.0,84.0,0.0,30306,12,12,12,0,0.0,2,0.1666666666666666,0,3,0.25,12,1.0,0.533,3.563,0.1666666666666666,0.1666666666666666,0.4847583333333333,0.8875,0.5833333333333334,172.71428571428572,555.0,0.5833333333333334,1.0,7,0.5833333333333334,7,0.5833333333333334,0.1666666666666666,0.1666666666666666,0.3365427991126582,0.6713299970508,0.4375,1.0,0.0729166666666666,0.1666666666666666,0.3379025929340295,0.75996549896778,0.2824999999972988,0,2365,C:\Users\Binich\PycharmProjects\PredictionRTS\output\learner_results\all_data\synergy\sce2_synergy_run_0075\final_eval\eval_run_0075_web_batch_20260622_141137,web_batch_20260622_141137,0.0165601535460475,0.0155880800078487,0.0041895286064229,0.004026227593426,-0.0009720735381988,0.0038162018428595,0.0019305566100873,0.0025976388932518,0.0040979124203598,-0.0023351581665097,84.0,0.0165601535460475,78.0,0.9211143810876509,0.6900591599031133,0.847176710308599,high_score_positive_contribution,4,True
False,repeat_001::ep_284::line_284,Synergy,sce-2,sce2_synergy_run_0075,eval_run_0075_web_batch_20260622_141137,repeat_001,284,284,Win,True,84.0,84.0,21.0,84.0,0.0,34466,12,12,12,1,0.0833333333333333,2,0.1666666666666666,0,4,0.3333333333333333,12,1.0,11.300716666666666,120.5913,0.3333333333333333,0.3333333333333333,0.261325,0.8756,0.3333333333333333,19.166666666666668,46.0,0.3888888888888889,1.0,4,0.3333333333333333,6,0.5,0.25,0.1666666666666666,0.250469260583433,0.9320500882064886,0.3583333333333333,1.0,0.0597222222222222,0.1666666666666666,0.2714611672625448,0.851217530872271,0.2744999999890751,0,4721,C:\Users\Binich\PycharmProjects\PredictionRTS\output\learner_results\all_data\synergy\sce2_synergy_run_0075\final_eval\eval_run_0075_web_batch_20260622_141137,web_batch_20260622_141137,0.016259625736293783,0.016259625736293783,0.0041895286064229,0.0028147521447246,0.0062687786405943,0.0010205581861769,0.0019305566100873,3.545154828778111e-05,0.0004368313129549,0.0056493297627561,84.0,0.016259625736293783,78.0,0.9211143810876509,0.6700557497230345,0.8407756190509736,high_score_positive_contribution,5,True
False,repeat_001::ep_239::line_239,Synergy,sce-2,sce2_synergy_run_0075,eval_run_0075_web_batch_20260622_141137,repeat_001,239,239,Win,True,84.0,84.0,9.0,84.0,0.0,29036,12,12,12,5,0.4166666666666667,1,0.0833333333333333,0,2,0.1666666666666666,12,1.0,1.050775,12.6093,0.0833333333333333,0.5,0.2928583333333333,0.8761,0.5833333333333334,27.5,137.0,0.5833333333333334,1.0,7,0.5833333333333334,8,0.6666666666666666,0.4166666666666667,0.0833333333333333,0.2814476376867041,0.7859116522404497,0.5666666666666667,1.0,0.0472222222222222,0.0833333333333333,0.3416514369590168,0.7875690782841573,0.4286000000206513,0,ood:2559:24-21:agg:d0.500,C:\Users\Binich\PycharmProjects\PredictionRTS\output\learner_results\all_data\synergy\sce2_synergy_run_0075\final_eval\eval_run_0075_web_batch_20260622_141137,web_batch_20260622_141137,0.0161300362254548,0.0161300362254548,0.0005621784418977,0.0016670385617444,0.0012182715233191,0.0039739412638974,0.0019305566100873,0.0067780498245089,0.0017544761209738,0.0011738765178588,84.0,0.0161300362254548,78.0,0.9211143810876509,0.6614301515047789,0.8380154276211319,high_score_positive_contribution,6,True
False,repeat_001::ep_290::line_290,Synergy,sce-2,sce2_synergy_run_0075,eval_run_0075_web_batch_20260622_141137,repeat_001,290,290,Win,True,84.0,84.0,21.0,84.0,0.0,35158,12,12,11,3,0.25,2,0.1666666666666666,0,3,0.25,12,1.0,1.3107083333333331,13.3075,0.1666666666666666,0.4166666666666667,0.2530166666666666,0.8976,0.4166666666666667,16.5,48.0,0.375,1.0,4,0.3333333333333333,6,0.5,0.25,0.1666666666666666,0.2139338466189733,0.7976614222889629,0.4083333333333333,1.0,0.0680555555555555,0.1666666666666666,0.272520230978538,0.804181497801137,0.2719000000013238,0,2559,C:\Users\Binich\PycharmProjects\PredictionRTS\output\learner_results\all_data\synergy\sce2_synergy_run_0075\final_eval\eval_run_0075_web_batch_20260622_141137,web_batch_20260622_141137,0.0149552427395267,0.0149552427395267,0.0041895286064229,0.0035798945333781,0.0025364676395486,0.001065120215509,0.0019305566100873,0.0016536751345808,-0.0011171783873792,0.0015337103024672,84.0,0.0149552427395267,78.0,0.9211143810876509,0.5832348058056152,0.8129929169973995,high_score_positive_contribution,7,True
False,repeat_001::ep_177::line_177,Synergy,sce-2,sce2_synergy_run_0075,eval_run_0075_web_batch_20260622_141137,repeat_001,177,177,Win,True,84.0,84.0,21.0,84.0,0.0,21522,12,12,11,3,0.25,2,0.1666666666666666,0,3,0.25,12,1.0,1.29215,12.1659,0.1666666666666666,0.4166666666666667,0.1295333333333333,0.7609,0.25,7.833333333333333,38.0,0.2361111111111111,1.0,2,0.1666666666666666,6,0.5,0.1666666666666666,0.1666666666666666,0.1363341923388918,0.7478126307977568,0.325,1.0,0.0541666666666666,0.1666666666666666,0.2084337198858346,0.786734420779215,0.2447000000103116,0,ood:2559:24-21:agg:d0.500,C:\Users\Binich\PycharmProjects\PredictionRTS\output\learner_results\all_data\synergy\sce2_synergy_run_0075\final_eval\eval_run_0075_web_batch_20260622_141137,web_batch_20260622_141137,0.0095767838542375,0.0069019835450770005,0.0041895286064229,0.0023046572189557,0.0011520414187716,-0.0016314361332529,0.0019305566100873,-0.0010433641759076,-0.00441782842548,7.103464514199118e-06,84.0,0.0095767838542375,78.0,0.9211143810876509,0.22523958630397464,0.6984344467568746,high_score_positive_contribution,8,True
False,repeat_001::ep_147::line_147,Synergy,sce-2,sce2_synergy_run_0075,eval_run_0075_web_batch_20260622_141137,repeat_001,147,147,Win,True,84.0,84.0,15.0,84.0,0.0,17832,12,12,11,0,0.0,1,0.0833333333333333,0,3,0.25,12,1.0,1.1728916666666669,8.314,0.1666666666666666,0.1666666666666666,0.4263166666666667,0.9029,0.5,138.28571428571428,548.0,0.5277777777777778,1.0,6,0.5,7,0.5833333333333334,0.0833333333333333,0.0833333333333333,0.3135443351952853,0.7524578562848094,0.3958333333333333,1.0,0.0329861111111111,0.0833333333333333,0.2963032841712117,0.7758602496996833,0.2506999999951631,0,2437,C:\Users\Binich\PycharmProjects\PredictionRTS\output\learner_results\all_data\synergy\sce2_synergy_run_0075\final_eval\eval_run_0075_web_batch_20260622_141137,web_batch_20260622_141137,0.006456785510878,0.006456785510878,0.0005621784418977,0.0003599203144614,0.0002891755328239,0.0020658353736002,0.0019305566100873,0.0012491192380075,0.0031196879487512,0.0001493623394082,84.0,0.006456785510878,78.0,0.9211143810876509,0.01756959837662786,0.6319800506201236,high_score_positive_contribution,9,True
False,repeat_001::ep_280::line_280,Synergy,sce-2,sce2_synergy_run_0075,eval_run_0075_web_batch_20260622_141137,repeat_001,280,280,Win,True,84.0,84.0,21.0,84.0,0.0,33998,12,12,11,2,0.1666666666666666,0,0.0,0,1,0.0833333333333333,12,1.0,3.2440416666666665,20.2912,0.4166666666666667,0.5833333333333334,0.1137,0.3393,0.4166666666666667,1.875,4.0,0.3888888888888888,1.0,2,0.1666666666666666,8,0.6666666666666666,0.0833333333333333,0.0,0.2054408201273366,0.6697384470737375,0.45,1.0,0.0,0.0,0.2499483690573015,0.7344084564758081,0.2478000000110114,0,ood:9671:24-57:agg:d0.500,C:\Users\Binich\PycharmProjects\PredictionRTS\output\learner_results\all_data\synergy\sce2_synergy_run_0075\final_eval\eval_run_0075_web_batch_20260622_141137,web_batch_20260622_141137,0.005048119529853,-0.003685846325455699,-0.0030651717226274,-0.0026687683072919,-0.0030000258253894,0.0001153681299407,0.0019305566100873,0.003002194789825,-0.0014784236593237,-0.0023838989886088,84.0,0.005048119529853,78.0,0.9211143810876509,-0.0761925178423609,0.6019761734300472,high_score_positive_contribution,10,True
False,repeat_001::ep_274::line_274,Synergy,sce-2,sce2_synergy_run_0075,eval_run_0075_web_batch_20260622_141137,repeat_001,274,274,Win,True,81.0,81.0,3.0,81.0,0.0,33236,13,13,12,3,0.2307692307692307,2,0.1538461538461538,0,3,0.2307692307692307,13,1.0,1.1116615384615385,12.9426,0.1538461538461538,0.3846153846153846,0.2650153846153846,0.8835,0.3846153846153846,20.83333333333333,45.0,0.3461538461538461,1.0,4,0.3076923076923077,6,0.4615384615384615,0.2307692307692307,0.1538461538461538,0.204742904312512,0.7907018441676184,0.3769230769230769,1.0,0.0579881656804733,0.1538461538461538,0.2548266146329381,0.7998225685355895,0.2630000000181098,0,3881,C:\Users\Binich\PycharmProjects\PredictionRTS\output\learner_results\all_data\synergy\sce2_synergy_run_0075\final_eval\eval_run_0075_web_batch_20260622_141137,web_batch_20260622_141137,0.009555066905567,0.009555066905567,0.0030529073316185,0.0022324554890425,0.0018415816945407,0.0002695464577757,0.0016229798798557,0.0005355960527339,-0.0012678367616653,0.0011101806436802,81.0,0.009555066905567,78.0,0.7743622226562673,0.2237940860274055,0.5981804189350315,high_score_positive_contribution,11,True
False,repeat_001::ep_30::line_30,Synergy,sce-2,sce2_synergy_run_0075,eval_run_0075_web_batch_20260622_141137,repeat_001,30,30,Win,True,84.0,84.0,9.0,84.0,0.0,3648,12,12,12,0,0.0,1,0.0833333333333333,0,4,0.3333333333333333,12,1.0,1.6126916666666666,11.0197,0.25,0.25,0.3115666666666667,0.8741,0.4166666666666667,70.71428571428571,284.0,0.4444444444444444,1.0,4,0.3333333333333333,7,0.5833333333333334,0.0833333333333333,0.0833333333333333,0.2625966915845781,0.7719323268647982,0.3625,1.0,0.0302083333333333,0.0833333333333333,0.2617101778797268,0.7826763144026794,0.2761999999994676,0,2091,C:\Users\Binich\PycharmProjects\PredictionRTS\output\learner_results\all_data\synergy\sce2_synergy_run_0075\final_eval\eval_run_0075_web_batch_20260622_141137,web_batch_20260622_141137,0.0042082095399213005,0.0042082095399213005,0.0005621784418977,0.0001048728515769,0.0008300305244929,0.0006102675980543,0.0019305566100873,0.0001703035138122,0.0009526635800874,0.0007457631560293,84.0,0.0042082095399213005,78.0,0.9211143810876509,-0.1320977069718399,0.5840865129086139,high_score_positive_contribution,12,True
False,repeat_001::ep_16::line_16,Synergy,sce-2,sce2_synergy_run_0075,eval_run_0075_web_batch_20260622_141137,repeat_001,16,16,Win,True,78.0,78.0,9.0,78.0,0.0,1960,12,12,11,1,0.0833333333333333,2,0.1666666666666666,0,7,0.5833333333333334,12,1.0,1.1154166666666667,7.8871,0.25,0.3333333333333333,0.40255,0.8856,0.5,15.5,36.0,0.5277777777777778,1.0,6,0.5,8,0.6666666666666666,0.1666666666666666,0.1666666666666666,0.3081603998884814,0.7420551530432546,0.4666666666666666,1.0,0.0777777777777777,0.1666666666666666,0.3353388466164833,0.7847193035651391,0.3156800000006399,0,2648,C:\Users\Binich\PycharmProjects\PredictionRTS\output\learner_results\all_data\synergy\sce2_synergy_run_0075\final_eval\eval_run_0075_web_batch_20260622_141137,web_batch_20260622_141137,0.0128332145683322,0.0128332145683322,0.0028545752533407,0.0030474218366473,0.0006760052675332,0.0025267043334032,0.001315403149624,0.0024131047277838,0.0019695963371446,-0.0001152982015731,78.0,0.0128332145683322,78.0,0.6276100642248837,0.44199063956066076,0.5682118483323324,high_score_positive_contribution,13,True
False,repeat_001::ep_250::line_250,Synergy,sce-2,sce2_synergy_run_0075,eval_run_0075_web_batch_20260622_141137,repeat_001,250,250,Win,True,84.0,84.0,21.0,84.0,0.0,30418,12,12,12,0,0.0,0,0.0,0,6,0.5,12,1.0,1.798775,15.4209,0.25,0.25,0.3636583333333333,0.8667,0.4166666666666667,15.125,33.0,0.5,1.0,5,0.4166666666666667,8,0.6666666666666666,0.0,0.0,0.2946697806836803,0.8026591587630652,0.3958333333333333,0.0,0.0,0.0,0.2711430679743228,0.7809307055670728,0.2413833333321235,0,2412,C:\Users\Binich\PycharmProjects\PredictionRTS\output\learner_results\all_data\synergy\sce2_synergy_run_0075\final_eval\eval_run_0075_web_batch_20260622_141137,web_batch_20260622_141137,0.0029478092163422,-0.0076693034155627,-0.0030651717226274,-0.0026687683072919,0.0006915163974447,0.00100717358089,-0.0048831726019856,0.0012491192380075,0.0023168712397617,0.0016867647386414,84.0,0.0029478092163422,78.0,0.9211143810876509,-0.21599112330598316,0.557240619681688,high_score_positive_contribution,14,True
False,repeat_001::ep_64::line_64,Synergy,sce-2,sce2_synergy_run_0075,eval_run_0075_web_batch_20260622_141137,repeat_001,64,64,Win,True,84.0,84.0,15.0,84.0,0.0,7816,12,12,11,2,0.1666666666666666,0,0.0,0,3,0.25,12,1.0,2.563825,10.945,0.4166666666666667,0.5833333333333334,0.1866333333333333,0.8698,0.1666666666666666,7.285714285714286,23.0,0.3055555555555555,1.0,2,0.1666666666666666,7,0.5833333333333334,0.1666666666666666,0.0,0.2062482263227305,0.769963633325376,0.375,1.0,0.0,0.0,0.2240617018452287,0.7694872716638816,0.2714999999990179,0,2091,C:\Users\Binich\PycharmProjects\PredictionRTS\output\learner_results\all_data\synergy\sce2_synergy_run_0075\final_eval\eval_run_0075_web_batch_20260622_141137,web_batch_20260622_141137,0.0025054160204727,-0.0044189049331321995,-0.0030651717226274,-0.0026687683072919,-0.000216520515065,-0.0009738604086206,0.0019305566100873,0.0005748594103854,-0.0014440811701166,0.0006854724061593,84.0,0.0025054160204727,78.0,0.9211143810876509,-0.24543722536590776,0.5478178670225122,high_score_positive_contribution,15,True
False,repeat_001::ep_212::line_212,Synergy,sce-2,sce2_synergy_run_0075,eval_run_0075_web_batch_20260622_141137,repeat_001,212,212,Win,True,84.0,84.0,21.0,84.0,0.0,25682,12,12,12,1,0.0833333333333333,1,0.0833333333333333,0,4,0.3333333333333333,12,1.0,0.543675,6.5241,0.0833333333333333,0.1666666666666666,0.2445416666666666,0.8573,0.5,7.0,16.0,0.4305555555555556,1.0,4,0.3333333333333333,6,0.5,0.0833333333333333,0.0833333333333333,0.2156899439555961,0.715119327467154,0.3416666666666667,1.0,0.0284722222222222,0.0833333333333333,0.2333104747800182,0.7627917646135038,0.2820666666707438,0,8679,C:\Users\Binich\PycharmProjects\PredictionRTS\output\learner_results\all_data\synergy\sce2_synergy_run_0075\final_eval\eval_run_0075_web_batch_20260622_141137,web_batch_20260622_141137,0.002492735051985,0.0006017361833256356,0.0005621784418977,-5.453181272586464e-05,-0.0007478092524445,-0.0005847014896791,0.0019305566100873,-0.0005039563138099,-0.0010424839471164,-0.0009941208164912,84.0,0.002492735051985,78.0,0.9211143810876509,-0.24628128240790992,0.5475477687690715,high_score_positive_contribution,16,True
False,repeat_001::ep_289::line_289,Synergy,sce-2,sce2_synergy_run_0075,eval_run_0075_web_batch_20260622_141137,repeat_001,289,289,Win,True,84.0,84.0,15.0,84.0,0.0,35046,12,12,12,1,0.0833333333333333,1,0.0833333333333333,0,4,0.3333333333333333,12,1.0,0.65945,4.1776,0.3333333333333333,0.3333333333333333,0.239525,0.8735,0.3333333333333333,10.666666666666666,36.0,0.3472222222222222,1.0,3,0.25,6,0.5,0.0833333333333333,0.0833333333333333,0.1967055150274509,0.6799148008125493,0.3374999999999999,1.0,0.0281249999999999,0.0833333333333333,0.2233091484290195,0.7504701802843922,0.3498666666719903,0,2091,C:\Users\Binich\PycharmProjects\PredictionRTS\output\learner_results\all_data\synergy\sce2_synergy_run_0075\final_eval\eval_run_0075_web_batch_20260622_141137,web_batch_20260622_141137,0.002492735051985,-0.0009635388677624266,0.0005621784418977,-8.641274558642662e-05,-0.0017255274344244,-0.0010055254604023,0.0019305566100873,-0.0006388082793343,-0.0018499740918385,-0.0020722506870479,84.0,0.002492735051985,78.0,0.9211143810876509,-0.24628128240790992,0.5475477687690715,high_score_positive_contribution,17,True
False,repeat_001::ep_293::line_293,Synergy,sce-2,sce2_synergy_run_0075,eval_run_0075_web_batch_20260622_141137,repeat_001,293,293,Win,True,84.0,84.0,15.0,84.0,0.0,35504,12,12,12,1,0.0833333333333333,1,0.0833333333333333,0,3,0.25,12,1.0,0.7492166666666668,4.1364,0.25,0.3333333333333333,0.1767,0.874,0.25,10.8,37.0,0.3055555555555555,1.0,3,0.25,5,0.4166666666666667,0.1666666666666666,0.0833333333333333,0.1672808033812884,0.6792425285079653,0.3041666666666666,1.0,0.0253472222222222,0.0833333333333333,0.1984013615215797,0.7502348849777878,0.2798000000012735,0,2091,C:\Users\Binich\PycharmProjects\PredictionRTS\output\learner_results\all_data\synergy\sce2_synergy_run_0075\final_eval\eval_run_0075_web_batch_20260622_141137,web_batch_20260622_141137,0.002492735051985,-0.0033641131182021,0.0005621784418977,-0.0003414602084709,-0.001744198125892,-0.0020535658322945,0.0019305566100873,-0.0017176240035297,-0.003101534765878,-0.0020928388591267,84.0,0.002492735051985,78.0,0.9211143810876509,-0.24628128240790992,0.5475477687690715,high_score_positive_contribution,18,True
False,repeat_001::ep_270::line_270,Synergy,sce-2,sce2_synergy_run_0075,eval_run_0075_web_batch_20260622_141137,repeat_001,270,270,Win,True,81.0,81.0,15.0,81.0,0.0,32768,12,12,12,2,0.1666666666666666,1,0.0833333333333333,0,3,0.25,12,1.0,0.6344833333333334,7.6138,0.0833333333333333,0.25,0.3781583333333333,0.8665,0.5833333333333334,61.142857142857146,298.0,0.5416666666666666,1.0,6,0.5,7,0.5833333333333334,0.1666666666666666,0.0833333333333333,0.2903562779657617,0.7328553355891403,0.4458333333333333,1.0,0.0371527777777777,0.0833333333333333,0.3033686584179261,0.768999367456199,0.2442499999943947,0,2286,C:\Users\Binich\PycharmProjects\PredictionRTS\output\learner_results\all_data\synergy\sce2_synergy_run_0075\final_eval\eval_run_0075_web_batch_20260622_141137,web_batch_20260622_141137,0.0071169369915447004,0.0069023654756918,0.0004726120411705,0.0006241975881102,-0.0002145715158529,0.0019866303868863,0.0016229798798557,0.002410517095522,0.0017935055836871,-0.0003791129307359,81.0,0.0071169369915447004,78.0,0.7743622226562673,0.061509894150200715,0.546249477534326,high_score_positive_contribution,19,True
False,repeat_001::ep_128::line_128,Synergy,sce-2,sce2_synergy_run_0075,eval_run_0075_web_batch_20260622_141137,repeat_001,128,128,Win,True,78.0,78.0,21.0,78.0,0.0,15544,12,12,12,1,0.0833333333333333,2,0.1666666666666666,0,3,0.25,12,1.0,0.992375,7.1803,0.25,0.3333333333333333,0.373225,0.8915,0.5,61.0,291.0,0.5,1.0,5,0.4166666666666667,8,0.6666666666666666,0.1666666666666666,0.1666666666666666,0.2886054413187667,0.7346251948452588,0.4458333333333333,1.0,0.0743055555555555,0.1666666666666666,0.319247448593445,0.7821188181958406,0.3691000000003441,0,2437,C:\Users\Binich\PycharmProjects\PredictionRTS\output\learner_results\all_data\synergy\sce2_synergy_run_0075\final_eval\eval_run_0075_web_batch_20260622_141137,web_batch_20260622_141137,0.0115546484707329,0.0115546484707329,0.0028545752533407,0.0028301980615008,0.0005354076734975,0.0020653729660266,0.001315403149624,0.0019536913667433,0.0014028706086032,-0.0002703351730153,78.0,0.0115546484707329,78.0,0.6276100642248837,0.35688809243338904,0.5409790332516055,high_score_positive_contribution,20,True
False,repeat_001::ep_105::line_105,Synergy,sce-2,sce2_synergy_run_0075,eval_run_0075_web_batch_20260622_141137,repeat_001,105,105,Win,True,78.0,78.0,15.0,78.0,0.0,12658,12,12,12,2,0.1666666666666666,2,0.1666666666666666,0,3,0.25,12,1.0,0.3643499999999999,2.6992,0.1666666666666666,0.3333333333333333,0.3882666666666667,0.8955,0.5,68.57142857142857,340.0,0.5277777777777778,1.0,6,0.5,7,0.5833333333333334,0.3333333333333333,0.1666666666666666,0.2866757006164975,0.6536695287892151,0.4541666666666666,1.0,0.0756944444444444,0.1666666666666666,0.3212957319440905,0.7537843350762253,0.2711000000014489,0,ood:1521:24-8:agg:d0.500,C:\Users\Binich\PycharmProjects\PredictionRTS\output\learner_results\all_data\synergy\sce2_synergy_run_0075\final_eval\eval_run_0075_web_batch_20260622_141137,web_batch_20260622_141137,0.0113486187879831,0.0103520969986608,0.0028545752533407,0.0029170875715594,-0.0009965217893223,0.0021240961022995,0.001315403149624,0.0021374567111595,0.0013469444504633,-0.0019595938406893,78.0,0.0113486187879831,78.0,0.6276100642248837,0.34317456536681523,0.5365907045903018,high_score_positive_contribution,21,True
False,repeat_001::ep_48::line_48,Synergy,sce-2,sce2_synergy_run_0075,eval_run_0075_web_batch_20260622_141137,repeat_001,48,48,Win,True,78.0,78.0,21.0,78.0,0.0,5794,12,12,12,0,0.0,2,0.1666666666666666,0,5,0.4166666666666667,12,1.0,0.979275,9.3252,0.25,0.25,0.4125666666666667,0.8811,0.5,79.0,153.0,0.5277777777777778,1.0,6,0.5,7,0.5833333333333334,0.1666666666666666,0.1666666666666666,0.3053694596714411,0.7573463724049427,0.425,1.0,0.0708333333333333,0.1666666666666666,0.3194995901854818,0.79007123034173,0.237899999999532,0,9071,C:\Users\Binich\PycharmProjects\PredictionRTS\output\learner_results\all_data\synergy\sce2_synergy_run_0075\final_eval\eval_run_0075_web_batch_20260622_141137,web_batch_20260622_141137,0.0113151944496113,0.0113151944496113,0.0028545752533407,0.0026129742863542,0.0009653620303618,0.0020726017242277,0.001315403149624,0.0014942780057029,0.0018887116028621,0.0002037755100575,78.0,0.0113151944496113,78.0,0.6276100642248837,0.3409498103566324,0.5358787829870433,high_score_positive_contribution,22,True
False,repeat_001::ep_115::line_115,Synergy,sce-2,sce2_synergy_run_0075,eval_run_0075_web_batch_20260622_141137,repeat_001,115,115,Win,True,84.0,84.0,15.0,84.0,0.0,13938,12,12,12,2,0.1666666666666666,0,0.0,0,1,0.0833333333333333,12,1.0,0.0,0.0,0.0,0.1666666666666666,0.1616,0.8911,0.25,43.75,98.0,0.25,1.0,3,0.25,4,0.3333333333333333,0.0833333333333333,0.0,0.1234799999999999,0.56733,0.2333333333333333,1.0,0.0,0.0,0.1372326666666666,0.6985655,0.2733000000034735,0,2437,C:\Users\Binich\PycharmProjects\PredictionRTS\output\learner_results\all_data\synergy\sce2_synergy_run_0075\final_eval\eval_run_0075_web_batch_20260622_141137,web_batch_20260622_141137,0.0019305566100873,-0.0182850063765245,-0.0030651717226274,-0.0026687683072919,-0.005844165775762,-0.0046273497634856,0.0019305566100873,-0.0040101074174449,-0.0049645730060677,-0.0055201322028986,84.0,0.0019305566100873,78.0,0.9211143810876509,-0.2837004017130184,0.5355736505914368,high_score_positive_contribution,23,True
False,repeat_001::ep_298::line_298,Synergy,sce-2,sce2_synergy_run_0075,eval_run_0075_web_batch_20260622_141137,repeat_001,298,298,Win,True,78.0,78.0,15.0,78.0,0.0,36064,12,12,11,0,0.0,2,0.1666666666666666,0,4,0.3333333333333333,12,1.0,3.2802333333333333,18.3223,0.4166666666666667,0.4166666666666667,0.2883583333333333,0.8642,0.3333333333333333,11.285714285714286,35.0,0.4166666666666667,1.0,4,0.3333333333333333,7,0.5833333333333334,0.1666666666666666,0.1666666666666666,0.2730064161338724,0.8180285322166632,0.4,1.0,0.0666666666666666,0.1666666666666666,0.2961862205935759,0.8113099862758321,0.3139000000089709,0,2103,C:\Users\Binich\PycharmProjects\PredictionRTS\output\learner_results\all_data\synergy\sce2_synergy_run_0075\final_eval\eval_run_0075_web_batch_20260622_141137,web_batch_20260622_141137,0.010983141192817502,0.010983141192817502,0.0028545752533407,0.0023523057561783,0.0021136545837053,0.0014042204775149,0.001315403149624,0.0009429819724543,0.0009507924883184,0.0014699977453754,78.0,0.010983141192817502,78.0,0.6276100642248837,0.3188480371373065,0.528806215556859,high_score_positive_contribution,24,True
False,repeat_001::ep_138::line_138,Synergy,sce-2,sce2_synergy_run_0075,eval_run_0075_web_batch_20260622_141137,repeat_001,138,138,Win,True,84.0,84.0,15.0,84.0,0.0,16714,12,12,12,2,0.1666666666666666,0,0.0,0,3,0.25,12,1.0,3.4472666666666663,21.2754,0.1666666666666666,0.3333333333333333,0.1262083333333333,0.8458,0.1666666666666666,2.4285714285714284,10.0,0.25,1.0,2,0.1666666666666666,7,0.5833333333333334,0.0,0.0,0.1577939479918021,0.825843953906265,0.2875,0.0,0.0,0.0,0.1716322765963109,0.7890453838671927,0.2477333333293548,0,8679,C:\Users\Binich\PycharmProjects\PredictionRTS\output\learner_results\all_data\synergy\sce2_synergy_run_0075\final_eval\eval_run_0075_web_batch_20260622_141137,web_batch_20260622_141137,0.0013354164271024,-0.014718651769224,-0.0030651717226274,-0.0026687683072919,0.0013354164271024,-0.0031799236987941,-0.0048831726019856,-0.0022570318656274,-0.0035050518935413,0.0023967933219501,84.0,0.0013354164271024,78.0,0.9211143810876509,-0.3233134851233362,0.5228974639001351,high_score_positive_contribution,25,True
False,repeat_001::ep_263::line_263,Synergy,sce-2,sce2_synergy_run_0075,eval_run_0075_web_batch_20260622_141137,repeat_001,263,263,Win,True,81.0,81.0,3.0,81.0,0.0,31974,13,13,12,1,0.0769230769230769,1,0.0769230769230769,0,4,0.3076923076923077,13,1.0,2.814553846153846,23.4245,0.1538461538461538,0.2307692307692307,0.3069384615384615,0.8634,0.4615384615384615,110.25,557.0,0.4615384615384615,1.0,5,0.3846153846153846,8,0.6153846153846154,0.0769230769230769,0.0769230769230769,0.2695931365728368,0.8393473048213138,0.3846153846153846,1.0,0.029585798816568,0.0769230769230769,0.2713169114577765,0.8053100182259213,0.244633333333392,0,8152,C:\Users\Binich\PycharmProjects\PredictionRTS\output\learner_results\all_data\synergy\sce2_synergy_run_0075\final_eval\eval_run_0075_web_batch_20260622_141137,web_batch_20260622_141137,0.005706519167978402,0.005706519167978402,0.0002380397420389,4.011181263120232e-05,0.0022076383305335,0.0008528598384321,0.0016229798798557,0.000744889564487,0.0010510621866293,0.0023625876386119,81.0,0.005706519167978402,78.0,0.7743622226562673,-0.032368826335638486,0.5162082869788575,high_score_positive_contribution,26,True
False,repeat_001::ep_136::line_136,Synergy,sce-2,sce2_synergy_run_0075,eval_run_0075_web_batch_20260622_141137,repeat_001,136,136,Win,True,84.0,84.0,9.0,84.0,0.0,16490,12,12,12,1,0.0833333333333333,0,0.0,0,3,0.25,12,1.0,0.6972416666666666,8.3669,0.0833333333333333,0.1666666666666666,0.3172166666666666,0.8918,0.5,52.71428571428572,230.0,0.4861111111111111,1.0,5,0.4166666666666667,7,0.5833333333333334,0.0,0.0,0.2561830769028342,0.7497569228340111,0.375,0.0,0.0,0.0,0.2465323846062754,0.7624149229919039,0.2729666666709818,0,2437,C:\Users\Binich\PycharmProjects\PredictionRTS\output\learner_results\all_data\synergy\sce2_synergy_run_0075\final_eval\eval_run_0075_web_batch_20260622_141137,web_batch_20260622_141137,0.0005748594103854,-0.010848330490853503,-0.0030651717226274,-0.0026687683072919,-0.0007777116493541,-2.8365619979904248e-05,-0.0048831726019856,0.0005748594103854,0.000679864715968,6.664692442028468e-05,84.0,0.0005748594103854,78.0,0.9211143810876509,-0.3739368666439844,0.5066979818135277,high_score_positive_contribution,27,True
False,repeat_001::ep_179::line_179,Synergy,sce-2,sce2_synergy_run_0075,eval_run_0075_web_batch_20260622_141137,repeat_001,179,179,Win,True,78.0,78.0,21.0,78.0,0.0,21756,12,12,12,3,0.25,1,0.0833333333333333,0,3,0.25,12,1.0,0.0778583333333333,0.9343,0.0833333333333333,0.3333333333333333,0.3720666666666667,0.8308,0.75,96.33333333333331,553.0,0.625,1.0,6,0.5,9,0.75,0.0833333333333333,0.0833333333333333,0.3019682237850922,0.5834186854211061,0.5416666666666666,1.0,0.0451388888888888,0.0833333333333333,0.3421357007032914,0.716696539897387,0.2253000000038696,0,ood:3814:24-34:agg:d0.500,C:\Users\Binich\PycharmProjects\PredictionRTS\output\learner_results\all_data\synergy\sce2_synergy_run_0075\final_eval\eval_run_0075_web_batch_20260622_141137,web_batch_20260622_141137,0.0094925263005337,0.006490819313174,0.0003830456404433,0.0010055183502695,-0.0030017069873597,0.0027215663326675,0.001315403149624,0.0040669928275294,0.0017901397813591,-0.0034254806878043,78.0,0.0094925263005337,78.0,0.6276100642248837,0.2196313252618822,0.49705686775672325,high_score_positive_contribution,28,True
False,repeat_001::ep_246::line_246,Synergy,sce-2,sce2_synergy_run_0075,eval_run_0075_web_batch_20260622_141137,repeat_001,246,246,Win,True,78.0,78.0,21.0,78.0,0.0,29910,12,12,12,1,0.0833333333333333,2,0.1666666666666666,0,4,0.3333333333333333,12,1.0,0.4064666666666666,4.0089,0.1666666666666666,0.25,0.363125,0.8971,0.5,204.16666666666663,571.0,0.5,1.0,6,0.5,6,0.5,0.25,0.1666666666666666,0.2711406613678139,0.6835972315456602,0.4125,1.0,0.06875,0.1666666666666666,0.2997216309488496,0.764259031040981,0.2517000000068492,0,2956,C:\Users\Binich\PycharmProjects\PredictionRTS\output\learner_results\all_data\synergy\sce2_synergy_run_0075\final_eval\eval_run_0075_web_batch_20260622_141137,web_batch_20260622_141137,0.009376827125273698,0.0089466292492817,0.0028545752533407,0.0024826400212662,-0.000430197875992,0.0015055787119642,0.001315403149624,0.0012186299890786,0.0008967207179638,-0.0013351084433374,78.0,0.009376827125273698,78.0,0.6276100642248837,0.21193028068261593,0.49459253349135807,high_score_positive_contribution,29,True
False,repeat_001::ep_82::line_82,Synergy,sce-2,sce2_synergy_run_0075,eval_run_0075_web_batch_20260622_141137,repeat_001,82,82,Win,True,81.0,81.0,3.0,81.0,0.0,9952,13,13,13,1,0.0769230769230769,1,0.0769230769230769,0,3,0.2307692307692307,13,1.0,2.9136,20.5609,0.3846153846153846,0.4615384615384615,0.1634692307692307,0.8832,0.1538461538461538,5.714285714285714,25.0,0.2564102564102564,1.0,2,0.1538461538461538,7,0.5384615384615384,0.0769230769230769,0.0769230769230769,0.1825871696630395,0.8340738022767653,0.3192307692307692,1.0,0.0245562130177514,0.0769230769230769,0.2092796109637524,0.8034642923353293,0.2956999999999728,0,8084,C:\Users\Binich\PycharmProjects\PredictionRTS\output\learner_results\all_data\synergy\sce2_synergy_run_0075\final_eval\eval_run_0075_web_batch_20260622_141137,web_batch_20260622_141137,0.0039455333228455,0.0012217187901347997,0.0002380397420389,-0.0003481157133999,0.0020845137009509,-0.0013415935338966,0.0016229798798557,-0.0010341052854142,-0.0020600761721753,0.0022268181056312,81.0,0.0039455333228455,78.0,0.7743622226562673,-0.14958167998260608,0.47870017381182783,high_score_positive_contribution,30,True
False,repeat_001::ep_146::line_146,Synergy,sce-2,sce2_synergy_run_0075,eval_run_0075_web_batch_20260622_141137,repeat_001,146,146,Win,True,78.0,78.0,15.0,78.0,0.0,17720,12,12,12,0,0.0,2,0.1666666666666666,0,3,0.25,12,1.0,0.2474333333333333,2.0566,0.1666666666666666,0.1666666666666666,0.4133083333333333,0.8854,0.5,124.83333333333331,226.0,0.5,1.0,6,0.5,6,0.5,0.1666666666666666,0.1666666666666666,0.2824660623254051,0.6338515080536802,0.3833333333333333,1.0,0.0638888888888888,0.1666666666666666,0.2946097280464322,0.746848027818788,0.2397999999885769,0,3506,C:\Users\Binich\PycharmProjects\PredictionRTS\output\learner_results\all_data\synergy\sce2_synergy_run_0075\final_eval\eval_run_0075_web_batch_20260622_141137,web_batch_20260622_141137,0.0082829797419423,0.0069114402257752,0.0028545752533407,0.002178526736061,-0.0013715395161671,0.0013590233192946,0.001315403149624,0.000575451283622,0.0012249441752436,-0.0023731259000818,78.0,0.0082829797419423,78.0,0.6276100642248837,0.13912278276382073,0.4712941341573436,high_score_positive_contribution,31,True
False,repeat_001::ep_256::line_256,Synergy,sce-2,sce2_synergy_run_0075,eval_run_0075_web_batch_20260622_141137,repeat_001,256,256,Win,True,78.0,78.0,21.0,78.0,0.0,31160,12,12,11,0,0.0,2,0.1666666666666666,0,6,0.5,12,1.0,1.199225,12.8192,0.1666666666666666,0.1666666666666666,0.2687,0.8942,0.4166666666666667,21.33333333333333,42.0,0.4166666666666667,1.0,5,0.4166666666666667,6,0.5,0.1666666666666666,0.1666666666666666,0.2288626782025317,0.7929690169681671,0.3416666666666667,1.0,0.0569444444444444,0.1666666666666666,0.2559048718578059,0.8025391559388585,0.2792749999898092,0,3929,C:\Users\Binich\PycharmProjects\PredictionRTS\output\learner_results\all_data\synergy\sce2_synergy_run_0075\final_eval\eval_run_0075_web_batch_20260622_141137,web_batch_20260622_141137,0.0078028860694131005,0.0074595106309542,0.0028545752533407,0.0017440791857679,0.0016394517069533,0.0002493767737272,0.001315403149624,-0.0003433754384589,-0.0003285450234687,0.0009470942180061,78.0,0.0078028860694131005,78.0,0.6276100642248837,0.10716730195712898,0.4610683802992022,high_score_positive_contribution,32,True
False,repeat_001::ep_32::line_32,Synergy,sce-2,sce2_synergy_run_0075,eval_run_0075_web_batch_20260622_141137,repeat_001,32,32,Win,True,78.0,78.0,21.0,78.0,0.0,3882,12,12,12,0,0.0,2,0.1666666666666666,0,4,0.3333333333333333,12,1.0,0.8572000000000001,5.4701,0.25,0.25,0.35165,0.8441,0.4166666666666667,191.16666666666663,517.0,0.4444444444444444,1.0,5,0.4166666666666667,6,0.5,0.1666666666666666,0.1666666666666666,0.2627476255912795,0.6946667069378996,0.3708333333333333,1.0,0.0618055555555555,0.1666666666666666,0.2813614315160758,0.7681333474282649,0.2773999999980958,0,1666,C:\Users\Binich\PycharmProjects\PredictionRTS\output\learner_results\all_data\synergy\sce2_synergy_run_0075\final_eval\eval_run_0075_web_batch_20260622_141137,web_batch_20260622_141137,0.007497176220023999,0.0072764467644337,0.0028545752533407,0.0020481924709731,-0.0002207294555903,0.0009792020790885,0.001315403149624,0.0002998032669977,0.0006534806569751,-0.0011041276094573,78.0,0.007497176220023999,78.0,0.6276100642248837,0.08681897040527776,0.45455691420260985,high_score_positive_contribution,33,True
False,repeat_001::ep_191::line_191,Synergy,sce-2,sce2_synergy_run_0075,eval_run_0075_web_batch_20260622_141137,repeat_001,191,191,Win,True,81.0,81.0,3.0,81.0,0.0,23170,13,13,13,1,0.0769230769230769,0,0.0,0,1,0.0769230769230769,13,1.0,2.3611692307692307,19.9606,0.1538461538461538,0.1538461538461538,0.2736923076923077,0.8932,0.5384615384615384,48.85714285714285,294.0,0.4487179487179487,1.0,4,0.3076923076923077,7,0.5384615384615384,0.0,0.0,0.2531520820012605,0.8344513252738597,0.3461538461538461,0.0,0.0,0.0,0.2350722830544133,0.7920579638458509,0.2382000000125117,0,10182,C:\Users\Binich\PycharmProjects\PredictionRTS\output\learner_results\all_data\synergy\sce2_synergy_run_0075\final_eval\eval_run_0075_web_batch_20260622_141137,web_batch_20260622_141137,0.0013236206683928,-0.008332775134459399,-0.0025768278475407,-0.0022435795169639,0.0013236206683928,-0.0004292260420813,-0.0041051844019879,-0.0003015779942784,0.0004631669266425,0.0022365376649889,81.0,0.0013236206683928,78.0,0.7743622226562673,-0.3240986217802291,0.42285475243658843,high_score_positive_contribution,34,True
False,repeat_001::ep_78::line_78,Synergy,sce-2,sce2_synergy_run_0075,eval_run_0075_web_batch_20260622_141137,repeat_001,78,78,Win,True,81.0,81.0,6.0,81.0,0.0,9484,12,12,12,0,0.0,0,0.0,0,2,0.1666666666666666,12,1.0,2.98885,20.6058,0.3333333333333333,0.3333333333333333,0.1514333333333333,0.8823,0.1666666666666666,5.666666666666667,24.0,0.2777777777777777,1.0,2,0.1666666666666666,6,0.5,0.0,0.0,0.1846839678103208,0.8339958178515183,0.2749999999999999,0.0,0.0,0.0,0.1793577855146443,0.7918985362480314,0.2823999999996829,0,8084,C:\Users\Binich\PycharmProjects\PredictionRTS\output\learner_results\all_data\synergy\sce2_synergy_run_0075\final_eval\eval_run_0075_web_batch_20260622_141137,web_batch_20260622_141137,0.0013129855767864,-0.0122501712637709,-0.0025768278475407,-0.0022435795169639,0.0013129855767864,-0.0024000220960703,-0.0041051844019879,-0.0022375429779945,-0.0019850993702574,0.0022248103491342,81.0,0.0013129855767864,78.0,0.7743622226562673,-0.32480650335657923,0.4226282303321564,high_score_positive_contribution,35,True
False,repeat_001::ep_243::line_243,Synergy,sce-2,sce2_synergy_run_0075,eval_run_0075_web_batch_20260622_141137,repeat_001,243,243,Win,True,81.0,81.0,3.0,81.0,0.0,29544,13,13,13,0,0.0,0,0.0,0,2,0.1538461538461538,13,1.0,2.8127,20.5005,0.3076923076923077,0.3076923076923077,0.0979692307692307,0.8736,0.0769230769230769,7.0,31.0,0.1794871794871794,1.0,1,0.0769230769230769,5,0.3846153846153846,0.0,0.0,0.1358605874566974,0.8309346089408369,0.2038461538461538,0.0,0.0,0.0,0.1324834182016676,0.7908271131292929,0.2487000000002126,0,8084,C:\Users\Binich\PycharmProjects\PredictionRTS\output\learner_results\all_data\synergy\sce2_synergy_run_0075\final_eval\eval_run_0075_web_batch_20260622_141137,web_batch_20260622_141137,0.0012415131142213,-0.0159157017058239,-0.0025768278475407,-0.0022435795169639,0.0012415131142213,-0.0040581150918422,-0.0041051844019879,-0.0041735079617105,-0.0037309140174545,0.0021459976623765,81.0,0.0012415131142213,78.0,0.7743622226562673,-0.3295637768562985,0.42110590281224625,high_score_positive_contribution,36,True
False,repeat_001::ep_93::line_93,Synergy,sce-2,sce2_synergy_run_0075,eval_run_0075_web_batch_20260622_141137,repeat_001,93,93,Win,True,78.0,78.0,21.0,78.0,0.0,11214,12,12,12,1,0.0833333333333333,1,0.0833333333333333,0,2,0.1666666666666666,12,1.0,1.5483166666666666,10.5373,0.1666666666666666,0.25,0.363925,0.8923,0.5,118.14285714285714,337.0,0.5277777777777778,1.0,6,0.5,7,0.5833333333333334,0.1666666666666666,0.0833333333333333,0.2994719719956122,0.7729224307479561,0.425,1.0,0.0354166666666666,0.0833333333333333,0.3001790540646921,0.7830228507617846,0.2625000000051614,0,1518,C:\Users\Binich\PycharmProjects\PredictionRTS\output\learner_results\all_data\synergy\sce2_synergy_run_0075\final_eval\eval_run_0075_web_batch_20260622_141137,web_batch_20260622_141137,0.005692996364103,0.005692996364103,0.0003830456404433,0.0003972917798591,0.0005842850120137,0.00151869277646,0.001315403149624,0.0014942780057029,0.0017177954647515,0.0005287928046582,78.0,0.005692996364103,78.0,0.6276100642248837,-0.03326891672303427,0.41612879032155,high_score_positive_contribution,37,True
False,repeat_001::ep_283::line_283,Synergy,sce-2,sce2_synergy_run_0075,eval_run_0075_web_batch_20260622_141137,repeat_001,283,283,Win,True,78.0,78.0,21.0,78.0,0.0,34354,12,12,12,0,0.0,2,0.1666666666666666,0,3,0.25,12,1.0,1.4391083333333334,6.0848,0.3333333333333333,0.3333333333333333,0.199075,0.8743,0.25,70.2,301.0,0.3055555555555555,1.0,3,0.25,5,0.4166666666666667,0.1666666666666666,0.1666666666666666,0.1900523160365007,0.7136080145230279,0.3041666666666666,1.0,0.0506944444444444,0.1666666666666666,0.2253152088830919,0.7747628050830598,0.3977000000077169,0,1666,C:\Users\Binich\PycharmProjects\PredictionRTS\output\learner_results\all_data\synergy\sce2_synergy_run_0075\final_eval\eval_run_0075_web_batch_20260622_141137,web_batch_20260622_141137,0.0056607529633629,0.003862821746733299,0.0028545752533407,0.001353076390504,0.0001376981698942,-0.0006276117282979,0.001315403149624,-0.0011703194883317,-0.0014533150246469,-0.0007088894553656,78.0,0.0056607529633629,78.0,0.6276100642248837,-0.035415067427468055,0.4154420220961312,high_score_positive_contribution,38,True
False,repeat_001::ep_130::line_130,Synergy,sce-2,sce2_synergy_run_0075,eval_run_0075_web_batch_20260622_141137,repeat_001,130,130,Win,True,81.0,81.0,3.0,81.0,0.0,15788,13,13,12,0,0.0,0,0.0,0,3,0.2307692307692307,13,1.0,2.0007,12.0375,0.2307692307692307,0.2307692307692307,0.2461230769230769,0.8857,0.3076923076923077,16.285714285714285,84.0,0.3846153846153846,1.0,4,0.3076923076923077,7,0.5384615384615384,0.0,0.0,0.2313376588213423,0.7842012081678956,0.3153846153846154,0.0,0.0,0.0,0.2144865618542194,0.7744704228587634,0.2542000000005373,0,3494,C:\Users\Binich\PycharmProjects\PredictionRTS\output\learner_results\all_data\synergy\sce2_synergy_run_0075\final_eval\eval_run_0075_web_batch_20260622_141137,web_batch_20260622_141137,0.0001503914904633,-0.0110713597107793,-0.0025768278475407,-0.0022435795169639,0.0001503914904633,-0.0011574073934594,-0.0041051844019879,-0.0011387520412907,-0.0003168679507423,0.0009428178129421,81.0,0.0001503914904633,78.0,0.7743622226562673,-0.40218984568590677,0.3978655607867716,high_score_positive_contribution,39,True
False,repeat_001::ep_260::line_260,Synergy,sce-2,sce2_synergy_run_0075,eval_run_0075_web_batch_20260622_141137,repeat_001,260,260,Win,True,78.0,78.0,15.0,78.0,0.0,31628,12,12,12,0,0.0,1,0.0833333333333333,0,3,0.25,12,1.0,1.4602166666666667,9.4816,0.25,0.25,0.3716166666666667,0.8977,0.4166666666666667,153.625,575.0,0.4722222222222222,1.0,5,0.4166666666666667,8,0.6666666666666666,0.0833333333333333,0.0833333333333333,0.2884919052718228,0.7639880551905387,0.3958333333333333,1.0,0.0329861111111111,0.0833333333333333,0.2850296907056536,0.7798958193166885,0.2579499999910695,0,2956,C:\Users\Binich\PycharmProjects\PredictionRTS\output\learner_results\all_data\synergy\sce2_synergy_run_0075\final_eval\eval_run_0075_web_batch_20260622_141137,web_batch_20260622_141137,0.0042943714708163,0.0042943714708163,0.0003830456404433,0.0002452351372565,0.0004152192280471,0.0010843690151992,0.001315403149624,0.0008510993002462,0.0013995802002554,0.000342363959268,78.0,0.0042943714708163,78.0,0.6276100642248837,-0.1263626888149089,0.3863387832521501,high_score_positive_contribution,40,True
False,repeat_001::ep_86::line_86,Synergy,sce-2,sce2_synergy_run_0075,eval_run_0075_web_batch_20260622_141137,repeat_001,86,86,Win,True,78.0,78.0,21.0,78.0,0.0,10410,12,12,11,1,0.0833333333333333,1,0.0833333333333333,0,3,0.25,12,1.0,2.2192333333333334,9.6285,0.3333333333333333,0.4166666666666667,0.272175,0.9118,0.4166666666666667,24.0,94.0,0.4444444444444444,1.0,3,0.25,7,0.5833333333333334,0.1666666666666666,0.0833333333333333,0.2670814820627266,0.7697546878263749,0.4,1.0,0.0333333333333333,0.0833333333333333,0.2768533335948936,0.7819141407392312,0.2455499999953758,0,8114,C:\Users\Binich\PycharmProjects\PredictionRTS\output\learner_results\all_data\synergy\sce2_synergy_run_0075\final_eval\eval_run_0075_web_batch_20260622_141137,web_batch_20260622_141137,0.0042826873159326,0.0042826873159326,0.0003830456404433,0.0002669575147711,0.0005243416016433,0.0008499574369966,0.001315403149624,0.0009429819724543,0.0007790809213489,0.0004626932041245,78.0,0.0042826873159326,78.0,0.6276100642248837,-0.1271403970174801,0.38608991662732733,high_score_positive_contribution,41,True
False,repeat_001::ep_223::line_223,Synergy,sce-2,sce2_synergy_run_0075,eval_run_0075_web_batch_20260622_141137,repeat_001,223,223,Win,True,78.0,78.0,21.0,78.0,0.0,27024,12,12,11,0,0.0,0,0.0,0,4,0.3333333333333333,12,1.0,1.799475,7.1793,0.3333333333333333,0.25,0.43835,0.893,0.5,45.0,296.0,0.5833333333333334,1.0,6,0.5,9,0.75,0.0,0.0,0.3492586529536302,0.7350616422089375,0.45,0.0,0.0,0.0,0.3146663938291336,0.7572715747731281,0.2466000000040935,0,1518,C:\Users\Binich\PycharmProjects\PredictionRTS\output\learner_results\all_data\synergy\sce2_synergy_run_0075\final_eval\eval_run_0075_web_batch_20260622_141137,web_batch_20260622_141137,0.0039796107310619,-0.0040624411903753994,-0.002088483972454,-0.0018183907266359,-0.0008079810203572,0.0019340366921105,-0.0033271962019902,0.0020455740389514,0.0031606721109485,-0.0002612280588626,78.0,0.0039796107310619,78.0,0.6276100642248837,-0.14731345603692442,0.3796345377411051,high_score_positive_contribution,42,True
False,repeat_001::ep_135::line_135,Synergy,sce-2,sce2_synergy_run_0075,eval_run_0075_web_batch_20260622_141137,repeat_001,135,135,Win,True,78.0,78.0,15.0,78.0,0.0,16378,12,12,12,0,0.0,1,0.0833333333333333,0,4,0.3333333333333333,12,1.0,0.0872083333333333,1.0465,0.0833333333333333,0.0833333333333333,0.4151666666666667,0.8877,0.5833333333333334,67.28571428571429,156.0,0.5555555555555556,1.0,6,0.5,7,0.5833333333333334,0.0833333333333333,0.0833333333333333,0.2943745296398558,0.6042043556782691,0.3875,1.0,0.0322916666666666,0.0833333333333333,0.2847602050046018,0.7239715244873941,0.3024000000001099,0,2365,C:\Users\Binich\PycharmProjects\PredictionRTS\output\learner_results\all_data\synergy\sce2_synergy_run_0075\final_eval\eval_run_0075_web_batch_20260622_141137,web_batch_20260622_141137,0.0036442161392327005,0.0010358377750896,0.0003830456404433,0.0002017903822272,-0.0026083783641431,0.0010766430111082,0.001315403149624,0.00066733395583,0.001570065582202,-0.0029917572023966,78.0,0.0036442161392327005,78.0,0.6276100642248837,-0.16963763162000156,0.37249080155452047,high_score_positive_contribution,43,True
False,repeat_001::ep_87::line_87,Synergy,sce-2,sce2_synergy_run_0075,eval_run_0075_web_batch_20260622_141137,repeat_001,87,87,Win,True,78.0,78.0,15.0,78.0,0.0,10522,12,12,11,0,0.0,1,0.0833333333333333,0,2,0.1666666666666666,12,1.0,1.3343416666666668,13.8442,0.1666666666666666,0.1666666666666666,0.1521416666666666,0.8913,0.1666666666666666,20.75,70.0,0.2222222222222222,1.0,2,0.1666666666666666,4,0.3333333333333333,0.0833333333333333,0.0833333333333333,0.1376017099821521,0.7996343193732647,0.1916666666666666,1.0,0.0159722222222222,0.0833333333333333,0.1456707694919684,0.7923720117806425,0.2925999999945361,0,2211,C:\Users\Binich\PycharmProjects\PredictionRTS\output\learner_results\all_data\synergy\sce2_synergy_run_0075\final_eval\eval_run_0075_web_batch_20260622_141137,web_batch_20260622_141137,0.0027882046503395,-0.004593081539662199,0.0003830456404433,-0.0008191613609617,0.0010897558602722,-0.0029109731910899,0.001315403149624,-0.0036511516379501,-0.002973395357347,0.0010861755252081,78.0,0.0027882046503395,78.0,0.6276100642248837,-0.22661455147717915,0.3542581872002236,high_score_positive_contribution,44,True
False,repeat_001::ep_94::line_94,Synergy,sce-2,sce2_synergy_run_0075,eval_run_0075_web_batch_20260622_141137,repeat_001,94,94,Win,True,78.0,78.0,15.0,78.0,0.0,11326,12,12,9,0,0.0,1,0.0833333333333333,0,3,0.25,12,1.0,1.2528166666666667,11.0057,0.1666666666666666,0.1666666666666666,0.3560083333333333,0.8959,0.4166666666666667,310.5,533.0,0.4444444444444444,1.0,5,0.4166666666666667,6,0.5,0.0833333333333333,0.0833333333333333,0.2671719609265829,0.7783454961748478,0.3416666666666667,1.0,0.0284722222222222,0.0833333333333333,0.2564773824169623,0.7849209236611967,0.2653000000023553,0,2956,C:\Users\Binich\PycharmProjects\PredictionRTS\output\learner_results\all_data\synergy\sce2_synergy_run_0075\final_eval\eval_run_0075_web_batch_20260622_141137,web_batch_20260622_141137,0.0026511451612447,0.0022706139523517663,0.0003830456404433,-3.715577043403311e-05,0.0006869060404233,0.0002657903307541,0.001315403149624,-0.0003433754384589,0.0007817031053772,0.0006419530159694,78.0,0.0026511451612447,78.0,0.6276100642248837,-0.23573735838706916,0.35133888898905885,high_score_positive_contribution,45,True
False,repeat_001::ep_26::line_26,Synergy,sce-2,sce2_synergy_run_0075,eval_run_0075_web_batch_20260622_141137,repeat_001,26,26,Win,True,78.0,78.0,21.0,78.0,0.0,3140,12,12,11,0,0.0,1,0.0833333333333333,0,6,0.5,12,1.0,0.0703333333333333,0.844,0.0833333333333333,0.0833333333333333,0.35345,0.8903,0.5,110.57142857142856,515.0,0.5277777777777778,1.0,6,0.5,7,0.5833333333333334,0.0833333333333333,0.0833333333333333,0.2669627019549981,0.5982224234599778,0.3666666666666667,1.0,0.0305555555555555,0.0833333333333333,0.2651332158797492,0.7218778482109922,0.244360000000654,0,4961,C:\Users\Binich\PycharmProjects\PredictionRTS\output\learner_results\all_data\synergy\sce2_synergy_run_0075\final_eval\eval_run_0075_web_batch_20260622_141137,web_batch_20260622_141137,0.002513496106891014,-0.00020807875919238587,0.0003830456404433,9.317849465391425e-05,-0.0027215748660834,0.0005139482273802,0.001315403149624,0.0002079205947896,0.0007756385339437,-0.0031165789887086,78.0,0.002513496106891014,78.0,0.6276100642248837,-0.2448994073082429,0.34840703333428324,high_score_positive_contribution,46,True
False,repeat_001::ep_51::line_51,Synergy,sce-2,sce2_synergy_run_0075,eval_run_0075_web_batch_20260622_141137,repeat_001,51,51,Win,True,78.0,78.0,21.0,78.0,0.0,6140,12,12,12,0,0.0,1,0.0833333333333333,0,3,0.25,12,1.0,1.611408333333333,10.8915,0.25,0.25,0.2173333333333333,0.8635,0.25,19.0,53.0,0.3055555555555555,1.0,3,0.25,5,0.4166666666666667,0.0833333333333333,0.0833333333333333,0.1927750262717208,0.7675845714764378,0.275,1.0,0.0229166666666666,0.0833333333333333,0.199665428488941,0.7811546000167531,0.2537499999988313,0,2091,C:\Users\Binich\PycharmProjects\PredictionRTS\output\learner_results\all_data\synergy\sce2_synergy_run_0075\final_eval\eval_run_0075_web_batch_20260622_141137,web_batch_20260622_141137,0.0021817251354268,-0.0013794634329502,0.0003830456404433,-0.0003847138106685,0.0004832763453595,-0.0013629765639202,0.001315403149624,-0.0018134981937883,-0.0013744076755896,0.0004174105447063,78.0,0.0021817251354268,78.0,0.6276100642248837,-0.2669823913538144,0.34134047843970033,high_score_positive_contribution,47,True
False,repeat_001::ep_3::line_3,Synergy,sce-2,sce2_synergy_run_0075,eval_run_0075_web_batch_20260622_141137,repeat_001,3,3,Win,True,78.0,78.0,21.0,78.0,0.0,384,12,12,12,0,0.0,1,0.0833333333333333,0,4,0.3333333333333333,12,1.0,0.13595,1.6314,0.0833333333333333,0.0833333333333333,0.3530333333333333,0.8672,0.5,44.0,127.0,0.5,1.0,6,0.5,6,0.5,0.0833333333333333,0.0833333333333333,0.2605852755472256,0.6162633065667074,0.3541666666666667,1.0,0.0295138888888888,0.0833333333333333,0.2578883739962515,0.7281921572983475,0.3071666666662291,0,10175,C:\Users\Binich\PycharmProjects\PredictionRTS\output\learner_results\all_data\synergy\sce2_synergy_run_0075\final_eval\eval_run_0075_web_batch_20260622_141137,web_batch_20260622_141137,0.0020327028211121405,-0.0004152106337208909,0.0003830456404433,2.8011362109940452e-05,-0.0023801860329984,0.0003062426689349,0.001315403149624,-6.77274218346315e-05,0.0005908132061743,-0.0027401295115412,78.0,0.0020327028211121405,78.0,0.6276100642248837,-0.2769014550227097,0.33816637806565386,high_score_positive_contribution,48,True
False,repeat_001::ep_158::line_158,Synergy,sce-2,sce2_synergy_run_0075,eval_run_0075_web_batch_20260622_141137,repeat_001,158,158,Win,True,78.0,78.0,15.0,78.0,0.0,19144,12,12,11,0,0.0,1,0.0833333333333333,0,2,0.1666666666666666,12,1.0,0.3399666666666667,4.0796,0.0833333333333333,0.0833333333333333,0.2789916666666667,0.8711,0.3333333333333333,168.25,292.0,0.3333333333333333,1.0,4,0.3333333333333333,4,0.3333333333333333,0.0833333333333333,0.0833333333333333,0.1933559183262782,0.6772310199153385,0.2458333333333333,1.0,0.0204861111111111,0.0833333333333333,0.1897184965801585,0.7495308569703685,0.2325000000098498,0,3506,C:\Users\Binich\PycharmProjects\PredictionRTS\output\learner_results\all_data\synergy\sce2_synergy_run_0075\final_eval\eval_run_0075_web_batch_20260622_141137,web_batch_20260622_141137,0.0016984487900673,-0.0041696380232547,0.0003830456404433,-0.0005367704532711,-0.0012264899310496,-0.0016481495297564,0.001315403149624,-0.0024566768992449,-0.0013575727397523,-0.0014679487830034,78.0,0.0016984487900673,78.0,0.6276100642248837,-0.29914971382050315,0.33104693525035994,high_score_positive_contribution,49,True
False,repeat_001::ep_204::line_204,Synergy,sce-2,sce2_synergy_run_0075,eval_run_0075_web_batch_20260622_141137,repeat_001,204,204,Win,True,78.0,78.0,21.0,78.0,0.0,24696,12,12,12,0,0.0,1,0.0833333333333333,0,4,0.3333333333333333,12,1.0,0.3301416666666666,3.9617,0.0833333333333333,0.0833333333333333,0.28145,0.8965,0.3333333333333333,122.5,364.0,0.3333333333333333,1.0,4,0.3333333333333333,4,0.3333333333333333,0.0833333333333333,0.0833333333333333,0.193893494786929,0.6824519374431479,0.2458333333333333,1.0,0.0204861111111111,0.0833333333333333,0.1899604059874513,0.7513581781051017,0.2676333333416399,0,2956,C:\Users\Binich\PycharmProjects\PredictionRTS\output\learner_results\all_data\synergy\sce2_synergy_run_0075\final_eval\eval_run_0075_web_batch_20260622_141137,web_batch_20260622_141137,0.0016984487900673,-0.0040639068458122,0.0003830456404433,-0.0005367704532711,-0.0011276941608034,-0.0016412141225601,0.001315403149624,-0.0024566768992449,-0.0013419931408376,-0.0013590066839913,78.0,0.0016984487900673,78.0,0.6276100642248837,-0.29914971382050315,0.33104693525035994,high_score_positive_contribution,50,True
False,repeat_001::ep_295::line_295,Synergy,sce-2,sce2_synergy_run_0075,eval_run_0075_web_batch_20260622_141137,repeat_001,295,295,Win,True,78.0,78.0,21.0,78.0,0.0,35728,12,12,11,0,0.0,1,0.0833333333333333,0,3,0.25,12,1.0,0.34145,4.0974,0.0833333333333333,0.0833333333333333,0.2142166666666666,0.8981,0.25,165.33333333333334,373.0,0.25,1.0,3,0.25,3,0.25,0.0833333333333333,0.0833333333333333,0.1489533113198178,0.685689735837814,0.1916666666666666,1.0,0.0159722222222222,0.0833333333333333,0.150778990093918,0.7524914075432348,0.2939999999966858,0,2956,C:\Users\Binich\PycharmProjects\PredictionRTS\output\learner_results\all_data\synergy\sce2_synergy_run_0075\final_eval\eval_run_0075_web_batch_20260622_141137,web_batch_20260622_141137,0.0016984487900673,-0.0066028126628045,0.0003830456404433,-0.0008191613609617,-0.001066425086048,-0.002764523367912,0.001315403149624,-0.0036511516379501,-0.0026444125821974,-0.0012914452732979,78.0,0.0016984487900673,78.0,0.6276100642248837,-0.29914971382050315,0.33104693525035994,high_score_positive_contribution,51,True
False,repeat_001::ep_40::line_40,Synergy,sce-2,sce2_synergy_run_0075,eval_run_0075_web_batch_20260622_141137,repeat_001,40,40,Win,True,78.0,78.0,21.0,78.0,0.0,4848,12,12,11,1,0.0833333333333333,0,0.0,0,2,0.1666666666666666,12,1.0,0.0,0.0,0.0,0.0833333333333333,0.3335166666666667,0.9094,0.4166666666666667,113.8,287.0,0.4166666666666667,1.0,5,0.4166666666666667,5,0.4166666666666667,0.0833333333333333,0.0,0.225055,0.57282,0.3,1.0,0.0,0.0,0.20627475,0.700487,0.3242499999984716,0,8644,C:\Users\Binich\PycharmProjects\PredictionRTS\output\learner_results\all_data\synergy\sce2_synergy_run_0075\final_eval\eval_run_0075_web_batch_20260622_141137,web_batch_20260622_141137,0.001315403149624,-0.0089052551545261,-0.002088483972454,-0.0018183907266359,-0.0038780904259682,-0.0011734910185522,0.001315403149624,-0.0012622021605398,-0.0004388960219475,-0.0036466377986748,78.0,0.001315403149624,78.0,0.6276100642248837,-0.32464558746280436,0.32288825568482354,high_score_positive_contribution,52,True
False,repeat_001::ep_70::line_70,Synergy,sce-2,sce2_synergy_run_0075,eval_run_0075_web_batch_20260622_141137,repeat_001,70,70,Win,True,78.0,78.0,21.0,78.0,0.0,8528,12,12,11,2,0.1666666666666666,0,0.0,0,1,0.0833333333333333,12,1.0,0.1656416666666666,1.9877,0.0833333333333333,0.25,0.163525,0.9506,0.25,74.5,283.0,0.2777777777777778,1.0,3,0.25,4,0.3333333333333333,0.1666666666666666,0.0,0.1379178874526945,0.6515046494323349,0.2625,1.0,0.0,0.0,0.1539380493537125,0.7280266273013172,0.233000000001482,0,ood:2390:24-18:agg:d0.500,C:\Users\Binich\PycharmProjects\PredictionRTS\output\learner_results\all_data\synergy\sce2_synergy_run_0075\final_eval\eval_run_0075_web_batch_20260622_141137,web_batch_20260622_141137,0.001315403149624,-0.009743708230463,-0.002088483972454,-0.0018183907266359,-0.0023891355620356,-0.0026739549085489,0.001315403149624,-0.0020891462104126,-0.0029642321618996,-0.0020047672225691,78.0,0.001315403149624,78.0,0.6276100642248837,-0.32464558746280436,0.32288825568482354,high_score_positive_contribution,53,True
False,repeat_001::ep_79::line_79,Synergy,sce-2,sce2_synergy_run_0075,eval_run_0075_web_batch_20260622_141137,repeat_001,79,79,Win,True,78.0,78.0,9.0,78.0,0.0,9596,12,12,12,2,0.1666666666666666,0,0.0,0,1,0.0833333333333333,12,1.0,0.0,0.0,0.0,0.1666666666666666,0.174675,0.8377,0.3333333333333333,64.0,191.0,0.3333333333333333,1.0,4,0.3333333333333333,5,0.4166666666666667,0.0833333333333333,0.0,0.1524025,0.55131,0.2875,1.0,0.0,0.0,0.1692061249999999,0.6929585,0.2886000000046351,0,8679,C:\Users\Binich\PycharmProjects\PredictionRTS\output\learner_results\all_data\synergy\sce2_synergy_run_0075\final_eval\eval_run_0075_web_batch_20260622_141137,web_batch_20260622_141137,0.001315403149624,-0.0106506750483121,-0.002088483972454,-0.0018183907266359,-0.0042851255891703,-0.0022362277325119,0.001315403149624,-0.001537850177164,-0.0025444510322568,-0.0040954754861631,78.0,0.001315403149624,78.0,0.6276100642248837,-0.32464558746280436,0.32288825568482354,high_score_positive_contribution,54,True
False,repeat_001::ep_71::line_71,Synergy,sce-2,sce2_synergy_run_0075,eval_run_0075_web_batch_20260622_141137,repeat_001,71,71,Win,True,75.0,75.0,12.0,75.0,0.0,8640,12,12,10,0,0.0,4,0.3333333333333333,0,5,0.4166666666666667,12,1.0,0.6434583333333334,3.6939,0.3333333333333333,0.3333333333333333,0.4819166666666666,0.8728,0.5833333333333334,101.71428571428572,200.0,0.5833333333333334,1.0,7,0.5833333333333334,7,0.5833333333333334,0.3333333333333333,0.3333333333333333,0.3399382949069951,0.6697391375722037,0.4958333333333333,1.0,0.1652777777777777,0.3333333333333333,0.3931805660414811,0.7844086981502714,0.2611999999970749,0,1371,C:\Users\Binich\PycharmProjects\PredictionRTS\output\learner_results\all_data\synergy\sce2_synergy_run_0075\final_eval\eval_run_0075_web_batch_20260622_141137,web_batch_20260622_141137,0.0195642193034694,0.0195642193034694,0.0059743372509667,0.006528913588344,0.0005050705370272,0.0032064295631754,0.0010078264193923,0.0023416419445638,0.0022146669421689,-0.0012444779176561,75.0,0.0195642193034694,78.0,0.48085790579350013,0.8900125672196756,0.6117873974498763,positive_contribution_fill,55,True
False,repeat_001::ep_91::line_91,Synergy,sce-2,sce2_synergy_run_0075,eval_run_0075_web_batch_20260622_141137,repeat_001,91,91,Win,True,75.0,75.0,9.0,75.0,0.0,10980,13,13,12,1,0.0769230769230769,3,0.2307692307692307,0,6,0.4615384615384615,13,1.0,1.8919,8.1851,0.3076923076923077,0.3846153846153846,0.4813461538461538,0.8853,0.6153846153846154,34.22222222222222,82.0,0.6410256410256411,1.0,8,0.6153846153846154,9,0.6923076923076923,0.3076923076923077,0.2307692307692307,0.3813793567290888,0.7456297028336385,0.5461538461538461,1.0,0.1260355029585798,0.2307692307692307,0.4089284028357823,0.7955857806071581,0.3085666666606812,0,2095,C:\Users\Binich\PycharmProjects\PredictionRTS\output\learner_results\all_data\synergy\sce2_synergy_run_0075\final_eval\eval_run_0075_web_batch_20260622_141137,web_batch_20260622_141137,0.017011747432109002,0.017011747432109002,0.0036437288360946,0.004647947866589,0.0009680681911035,0.0035523426350321,0.0010078264193923,0.0031918334838975,0.0031348490092881,-3.1190888248611895e-05,75.0,0.017011747432109002,78.0,0.48085790579350013,0.720117668448818,0.5574210298432019,positive_contribution_fill,56,True
False,repeat_001::ep_6::line_6,Synergy,sce-2,sce2_synergy_run_0075,eval_run_0075_web_batch_20260622_141137,repeat_001,6,6,Win,True,75.0,75.0,3.0,75.0,0.0,750,13,13,12,1,0.0769230769230769,2,0.1538461538461538,0,7,0.5384615384615384,13,1.0,0.4420769230769231,2.8735,0.1538461538461538,0.2307692307692307,0.4498923076923077,0.8744,0.6923076923076923,34.77777777777778,110.0,0.6923076923076923,1.0,9,0.6923076923076923,9,0.6923076923076923,0.2307692307692307,0.1538461538461538,0.3563960289921753,0.6516041884491397,0.5307692307692308,1.0,0.0816568047337278,0.1538461538461538,0.3769166745849404,0.751138389034122,0.2517000000011649,0,6241,C:\Users\Binich\PycharmProjects\PredictionRTS\output\learner_results\all_data\synergy\sce2_synergy_run_0075\final_eval\eval_run_0075_web_batch_20260622_141137,web_batch_20260622_141137,0.0112054646627792,0.0103323513015856,0.0018957725249406,0.0025207824430337,-0.0008731133611936,0.0028491809627764,0.0010078264193923,0.0029319023126362,0.0025801042911348,-0.0015344072188042,75.0,0.0112054646627792,78.0,0.48085790579350013,0.3336460938161435,0.433750125960746,positive_contribution_fill,57,True
False,repeat_001::ep_132::line_132,Synergy,sce-2,sce2_synergy_run_0075,eval_run_0075_web_batch_20260622_141137,repeat_001,132,132,Win,True,75.0,75.0,3.0,75.0,0.0,16032,13,13,13,0,0.0,2,0.1538461538461538,0,6,0.4615384615384615,13,1.0,2.660246153846153,20.5754,0.3076923076923077,0.2307692307692307,0.4346538461538461,0.887,0.6153846153846154,140.33333333333334,541.0,0.6153846153846154,1.0,7,0.5384615384615384,9,0.6923076923076923,0.1538461538461538,0.1538461538461538,0.3609304380303884,0.8352758734145751,0.473076923076923,1.0,0.0727810650887574,0.1538461538461538,0.3587648509598286,0.8154234787720244,0.2355399999942165,0,8084,C:\Users\Binich\PycharmProjects\PredictionRTS\output\learner_results\all_data\synergy\sce2_synergy_run_0075\final_eval\eval_run_0075_web_batch_20260622_141137,web_batch_20260622_141137,0.0111963930243917,0.0111963930243917,0.0018957725249406,0.0020953493583227,0.0017898217880761,0.0024504625132535,0.0010078264193923,0.0019571604204065,0.0026807890153791,0.0014020114555107,75.0,0.0111963930243917,78.0,0.48085790579350013,0.33304227713834844,0.4335569046238516,positive_contribution_fill,58,True
False,repeat_001::ep_7::line_7,Synergy,sce-2,sce2_synergy_run_0075,eval_run_0075_web_batch_20260622_141137,repeat_001,7,7,Win,True,75.0,75.0,18.0,75.0,0.0,862,12,12,10,0,0.0,2,0.1666666666666666,0,6,0.5,12,1.0,1.2701166666666668,7.2407,0.25,0.25,0.4995083333333334,0.8758,0.5833333333333334,42.875,157.0,0.611111111111111,1.0,7,0.5833333333333334,8,0.6666666666666666,0.1666666666666666,0.1666666666666666,0.3662327327836666,0.7307308588398382,0.4791666666666666,1.0,0.0798611111111111,0.1666666666666666,0.3658463964193166,0.7807558005939433,0.2519999999996969,0,2423,C:\Users\Binich\PycharmProjects\PredictionRTS\output\learner_results\all_data\synergy\sce2_synergy_run_0075\final_eval\eval_run_0075_web_batch_20260622_141137,web_batch_20260622_141137,0.0106494533479426,0.0106494533479426,0.0021870985767996,0.0024347110272843,0.0003537535000737,0.0026060139820286,0.0010078264193923,0.0020600498423641,0.0027985243322851,-0.0002693835293044,75.0,0.0106494533479426,78.0,0.48085790579350013,0.29663746421691933,0.4219073644889943,positive_contribution_fill,59,True
False,repeat_001::ep_192::line_192,Synergy,sce-2,sce2_synergy_run_0075,eval_run_0075_web_batch_20260622_141137,repeat_001,192,192,Win,True,75.0,75.0,3.0,75.0,0.0,23292,13,13,13,1,0.0769230769230769,2,0.1538461538461538,0,5,0.3846153846153846,13,1.0,1.9230538461538464,6.5977,0.4615384615384615,0.5384615384615384,0.3095461538461538,0.8901,0.4615384615384615,27.22222222222222,84.0,0.4743589743589744,1.0,4,0.3076923076923077,9,0.6923076923076923,0.1538461538461538,0.1538461538461538,0.2872408636838515,0.7260327533935425,0.4846153846153845,1.0,0.0745562130177514,0.1538461538461538,0.3296430040423485,0.777188386764663,0.2515999999938382,0,2238,C:\Users\Binich\PycharmProjects\PredictionRTS\output\learner_results\all_data\synergy\sce2_synergy_run_0075\final_eval\eval_run_0075_web_batch_20260622_141137,web_batch_20260622_141137,0.0092529005022687,0.0092529005022687,0.0018957725249406,0.0021804359752649,0.0002059775271893,0.0018107792566292,0.0010078264193923,0.0021521087988524,0.0010445417315032,-0.0003444936616528,75.0,0.0092529005022687,78.0,0.48085790579350013,0.20368160953889558,0.3921614909920267,positive_contribution_fill,60,True
False,repeat_001::ep_24::line_24,Synergy,sce-2,sce2_synergy_run_0075,eval_run_0075_web_batch_20260622_141137,repeat_001,24,24,Win,True,75.0,75.0,3.0,75.0,0.0,2906,13,13,12,0,0.0,2,0.1538461538461538,0,7,0.5384615384615384,13,1.0,10.27343076923077,123.8042,0.3076923076923077,0.3076923076923077,0.2979923076923076,0.8954,0.3846153846153846,57.375,194.0,0.4358974358974359,1.0,4,0.3076923076923077,8,0.6153846153846154,0.1538461538461538,0.1538461538461538,0.2678802634134634,0.938725572171875,0.3730769230769231,1.0,0.057396449704142,0.1538461538461538,0.2818922723822123,0.8516308733370793,0.297120000001172,0,1187,C:\Users\Binich\PycharmProjects\PredictionRTS\output\learner_results\all_data\synergy\sce2_synergy_run_0075\final_eval\eval_run_0075_web_batch_20260622_141137,web_batch_20260622_141137,0.0085807083458951,0.0085807083458951,0.0018957725249406,0.0013579320114902,0.0032896710384057,0.000761898544458,0.0010078264193923,0.0002676078072083,0.0006146474094427,0.003055895271845,75.0,0.0085807083458951,78.0,0.48085790579350013,0.15893987520558409,0.37784413600536704,positive_contribution_fill,61,True
False,repeat_001::ep_294::line_294,Synergy,sce-2,sce2_synergy_run_0075,eval_run_0075_web_batch_20260622_141137,repeat_001,294,294,Win,True,75.0,75.0,18.0,75.0,0.0,35616,12,12,12,1,0.0833333333333333,2,0.1666666666666666,0,4,0.3333333333333333,12,1.0,1.4496666666666669,13.5932,0.1666666666666666,0.25,0.3394833333333333,0.8495,0.5,20.5,49.0,0.5,1.0,6,0.5,6,0.5,0.25,0.1666666666666666,0.2802336125616266,0.7853096239594459,0.4125,1.0,0.06875,0.1666666666666666,0.3038134589860652,0.7998583683858062,0.2698999999921625,0,8339,C:\Users\Binich\PycharmProjects\PredictionRTS\output\learner_results\all_data\synergy\sce2_synergy_run_0075\final_eval\eval_run_0075_web_batch_20260622_141137,web_batch_20260622_141137,0.0084192073226074,0.0084192073226074,0.0021870985767996,0.0019021318323497,0.0011450551754958,0.0012434138850047,0.0010078264193923,0.0009336814335653,0.0008889485459291,0.0006031848535054,75.0,0.0084192073226074,78.0,0.48085790579350013,0.148190217075863,0.37440424540385625,positive_contribution_fill,62,True
False,repeat_001::ep_44::line_44,Synergy,sce-2,sce2_synergy_run_0075,eval_run_0075_web_batch_20260622_141137,repeat_001,44,44,Win,True,75.0,75.0,3.0,75.0,0.0,5326,13,13,12,0,0.0,2,0.1538461538461538,0,7,0.5384615384615384,13,1.0,0.2163230769230769,1.4061,0.1538461538461538,0.1538461538461538,0.3931307692307693,0.8862,0.5384615384615384,61.375,162.0,0.5641025641025641,1.0,7,0.5384615384615384,8,0.6153846153846154,0.1538461538461538,0.1538461538461538,0.294756224105455,0.6151704566854577,0.4153846153846153,1.0,0.0639053254437869,0.1538461538461538,0.3087941470013009,0.7383865829168333,0.3153399999973771,0,4433,C:\Users\Binich\PycharmProjects\PredictionRTS\output\learner_results\all_data\synergy\sce2_synergy_run_0075\final_eval\eval_run_0075_web_batch_20260622_141137,web_batch_20260622_141137,0.0069087521870542,0.0055074100738304,0.0018957725249406,0.0016699162736116,-0.0014013421132238,0.0013528184409329,0.0010078264193923,0.0009824185281768,0.0012114172791807,-0.0021168850805715,75.0,0.0069087521870542,78.0,0.48085790579350013,0.047652920178654704,0.3422323103967496,positive_contribution_fill,63,True
False,repeat_001::ep_203::line_203,Synergy,sce-2,sce2_synergy_run_0075,eval_run_0075_web_batch_20260622_141137,repeat_001,203,203,Win,True,75.0,75.0,3.0,75.0,0.0,24584,13,13,13,1,0.0769230769230769,2,0.1538461538461538,0,6,0.4615384615384615,13,1.0,1.2547307692307692,12.7007,0.1538461538461538,0.2307692307692307,0.2752076923076923,0.8496,0.5384615384615384,14.428571428571429,39.0,0.4871794871794871,1.0,5,0.3846153846153846,7,0.5384615384615384,0.2307692307692307,0.1538461538461538,0.254093823965093,0.778673979921324,0.3923076923076923,1.0,0.0603550295857988,0.1538461538461538,0.2824191438612149,0.7956128160493865,0.2936500000032538,0,8339,C:\Users\Binich\PycharmProjects\PredictionRTS\output\learner_results\all_data\synergy\sce2_synergy_run_0075\final_eval\eval_run_0075_web_batch_20260622_141137,web_batch_20260622_141137,0.006738523530741,0.006738523530741,0.0018957725249406,0.0014997430397272,0.0009691881028852,0.0007734716725108,0.0010078264193923,0.0005925217712849,0.0003085250807177,0.00049709866459,75.0,0.006738523530741,78.0,0.48085790579350013,0.036322342687582845,0.33860652559960663,positive_contribution_fill,64,True
False,repeat_001::ep_201::line_201,Synergy,sce-2,sce2_synergy_run_0075,eval_run_0075_web_batch_20260622_141137,repeat_001,201,201,Win,True,75.0,75.0,3.0,75.0,0.0,24330,13,13,12,0,0.0,2,0.1538461538461538,0,3,0.2307692307692307,13,1.0,1.8010769230769232,7.9352,0.2307692307692307,0.2307692307692307,0.3591923076923077,0.8497,0.4615384615384615,37.85714285714285,133.0,0.4871794871794871,1.0,6,0.4615384615384615,7,0.5384615384615384,0.1538461538461538,0.1538461538461538,0.2943731806342097,0.731884887372318,0.3923076923076923,1.0,0.0603550295857988,0.1538461538461538,0.3005448543623174,0.7792366336572344,0.2492000000131611,0,2095,C:\Users\Binich\PycharmProjects\PredictionRTS\output\learner_results\all_data\synergy\sce2_synergy_run_0075\final_eval\eval_run_0075_web_batch_20260622_141137,web_batch_20260622_141137,0.006458304057829401,0.006458304057829401,0.0018957725249406,0.0014997430397272,0.0002908237748472,0.0011716165276372,0.0010078264193923,0.0005925217712849,0.0012029119533596,-0.0002509337016454,75.0,0.006458304057829401,78.0,0.48085790579350013,0.01767067427230443,0.33263799170671754,positive_contribution_fill,65,True
False,repeat_001::ep_34::line_34,Synergy,sce-2,sce2_synergy_run_0075,eval_run_0075_web_batch_20260622_141137,repeat_001,34,34,Win,True,75.0,75.0,18.0,75.0,0.0,4106,12,12,12,1,0.0833333333333333,2,0.1666666666666666,0,4,0.3333333333333333,12,1.0,0.845975,6.0613,0.25,0.25,0.290275,0.8487,0.5,110.0,351.0,0.4583333333333333,1.0,5,0.4166666666666667,6,0.5,0.1666666666666666,0.1666666666666666,0.2470445184876303,0.7055641568864288,0.3916666666666666,1.0,0.0652777777777777,0.1666666666666666,0.2815866999861003,0.7719474549102501,0.3415500000016891,0,1371,C:\Users\Binich\PycharmProjects\PredictionRTS\output\learner_results\all_data\synergy\sce2_synergy_run_0075\final_eval\eval_run_0075_web_batch_20260622_141137,web_batch_20260622_141137,0.0062675035530378,0.006256381567619399,0.0021870985767996,0.0017357008339327,-1.1121985418401687e-05,0.0007551864170976,0.0010078264193923,0.0005816913058156,0.0001519980951435,-0.0006717317388329,75.0,0.0062675035530378,78.0,0.48085790579350013,0.004970815437142943,0.32857403687946585,positive_contribution_fill,66,True
False,repeat_001::ep_126::line_126,Synergy,sce-2,sce2_synergy_run_0075,eval_run_0075_web_batch_20260622_141137,repeat_001,126,126,Win,True,75.0,75.0,12.0,75.0,0.0,15310,12,12,12,3,0.25,1,0.0833333333333333,0,3,0.25,12,1.0,1.206725,12.9,0.1666666666666666,0.4166666666666667,0.272825,0.7915,0.5,39.44444444444444,229.0,0.5277777777777778,1.0,5,0.4166666666666667,9,0.75,0.25,0.0833333333333333,0.2635079372337657,0.7627775109170306,0.4875,1.0,0.040625,0.0833333333333333,0.3058702384218613,0.7794721288209607,0.267899999997212,0,3494,C:\Users\Binich\PycharmProjects\PredictionRTS\output\learner_results\all_data\synergy\sce2_synergy_run_0075\final_eval\eval_run_0075_web_batch_20260622_141137,web_batch_20260622_141137,0.0056453637773907,0.0056453637773907,0.0002934792397161,0.0005540407451715,0.0003005788883817,0.0012885925912652,0.0010078264193923,0.0022008458934639,0.0005175616697137,0.0002429566696023,75.0,0.0056453637773907,78.0,0.48085790579350013,-0.036439385940925086,0.31532277243848406,positive_contribution_fill,67,True
False,repeat_001::ep_210::line_210,Synergy,sce-2,sce2_synergy_run_0075,eval_run_0075_web_batch_20260622_141137,repeat_001,210,210,Win,True,75.0,75.0,12.0,75.0,0.0,25428,12,12,10,1,0.0833333333333333,2,0.1666666666666666,0,3,0.25,12,1.0,2.0356,12.587,0.25,0.3333333333333333,0.1613583333333333,0.8749,0.1666666666666666,13.333333333333334,40.0,0.25,1.0,2,0.1666666666666666,6,0.5,0.1666666666666666,0.1666666666666666,0.1642336778363462,0.7853769818922389,0.2749999999999999,1.0,0.0458333333333333,0.1666666666666666,0.2034884883596891,0.7998819436622836,0.2452000000232601,0,3237,C:\Users\Binich\PycharmProjects\PredictionRTS\output\learner_results\all_data\synergy\sce2_synergy_run_0075\final_eval\eval_run_0075_web_batch_20260622_141137,web_batch_20260622_141137,0.0051446439929207005,0.0027948910804919003,0.0021870985767996,0.0008036872427971,0.0011460317539317,-0.0009602995028467,0.0010078264193923,-0.0013894534095821,-0.0016867832289815,0.0006042617265779,75.0,0.0051446439929207005,78.0,0.48085790579350013,-0.06976775991816951,0.3046576927657659,positive_contribution_fill,68,True
False,repeat_001::ep_221::line_221,Synergy,sce-2,sce2_synergy_run_0075,eval_run_0075_web_batch_20260622_141137,repeat_001,221,221,Win,True,75.0,75.0,3.0,75.0,0.0,26790,13,13,11,0,0.0,1,0.0769230769230769,0,5,0.3846153846153846,13,1.0,2.9833153846153846,23.7962,0.2307692307692307,0.2307692307692307,0.3576307692307692,0.8623,0.4615384615384615,112.125,552.0,0.5128205128205129,1.0,6,0.4615384615384615,8,0.6153846153846154,0.0769230769230769,0.0769230769230769,0.3052132561617602,0.8403334983814748,0.4038461538461538,1.0,0.0310650887573964,0.0769230769230769,0.2940767345035613,0.8056551859719776,0.2452750000045966,0,8152,C:\Users\Binich\PycharmProjects\PredictionRTS\output\learner_results\all_data\synergy\sce2_synergy_run_0075\final_eval\eval_run_0075_web_batch_20260622_141137,web_batch_20260622_141137,0.0044536476650021166,0.0044536476650021166,0.0001478162137866,9.581386018071625e-05,0.0013851816086556,0.0010295394132561,0.0010078264193923,0.0007874701497308,0.0014436114593108,0.0014828693427963,75.0,0.0044536476650021166,78.0,0.48085790579350013,-0.11576111737687207,0.28993981837898103,positive_contribution_fill,69,True
False,repeat_001::ep_277::line_277,Synergy,sce-2,sce2_synergy_run_0075,eval_run_0075_web_batch_20260622_141137,repeat_001,277,277,Win,True,72.0,72.0,21.0,72.0,0.0,33622,12,12,12,1,0.0833333333333333,2,0.1666666666666666,0,3,0.25,12,1.0,2.320533333333333,12.6283,0.25,0.3333333333333333,0.4518916666666666,0.8938,0.5833333333333334,86.75,350.0,0.611111111111111,1.0,7,0.5833333333333334,8,0.6666666666666666,0.25,0.1666666666666666,0.3661157817800279,0.7913702028875347,0.5083333333333333,1.0,0.0847222222222222,0.1666666666666666,0.3760021018010125,0.8019795710106371,0.2627000000074986,0,1518,C:\Users\Binich\PycharmProjects\PredictionRTS\output\learner_results\all_data\synergy\sce2_synergy_run_0075\final_eval\eval_run_0075_web_batch_20260622_141137,web_batch_20260622_141137,0.0086695077499463,0.0086695077499463,0.0015196219002585,0.0018535594631959,0.0008566498176128,0.001965686287156,0.0007002496891607,0.0017737405925624,0.0019426434084283,0.000486421962697,72.0,0.0086695077499463,78.0,0.33410574736211657,0.1648504460257633,0.27994405093448355,positive_contribution_fill,70,True
False,repeat_001::ep_75::line_75,Synergy,sce-2,sce2_synergy_run_0075,eval_run_0075_web_batch_20260622_141137,repeat_001,75,75,Win,True,75.0,75.0,9.0,75.0,0.0,9138,13,13,12,1,0.0769230769230769,1,0.0769230769230769,0,2,0.1538461538461538,13,1.0,0.2423461538461538,3.1505,0.0769230769230769,0.1538461538461538,0.3956923076923077,0.8612,0.6153846153846154,50.75,130.0,0.5769230769230769,1.0,7,0.5384615384615384,8,0.6153846153846154,0.0769230769230769,0.0769230769230769,0.2991560812253409,0.6541890559294323,0.4346153846153846,1.0,0.0334319526627219,0.0769230769230769,0.3021202365514033,0.7405046311137629,0.2520000000032496,0,3846,C:\Users\Binich\PycharmProjects\PredictionRTS\output\learner_results\all_data\synergy\sce2_synergy_run_0075\final_eval\eval_run_0075_web_batch_20260622_141137,web_batch_20260622_141137,0.0038784587897398,0.0025648543621044,0.0001478162137866,0.0002092626827703,-0.0013136044276354,0.0012062209815373,0.0010078264193923,0.0013073324922533,0.001309114332335,-0.0014930821057843,75.0,0.0038784587897398,78.0,0.48085790579350013,-0.15404622321223307,0.2776885845116655,positive_contribution_fill,71,True
False,repeat_001::ep_285::line_285,Synergy,sce-2,sce2_synergy_run_0075,eval_run_0075_web_batch_20260622_141137,repeat_001,285,285,Win,True,75.0,75.0,3.0,75.0,0.0,34588,13,13,12,0,0.0,2,0.1538461538461538,0,4,0.3076923076923077,13,1.0,1.109,5.7637,0.3076923076923077,0.3076923076923077,0.2206076923076923,0.8802,0.3076923076923077,25.33333333333333,61.0,0.3076923076923077,1.0,3,0.2307692307692307,6,0.4615384615384615,0.1538461538461538,0.1538461538461538,0.1900550809401238,0.7103124661088449,0.3115384615384615,1.0,0.0479289940828402,0.1538461538461538,0.225332478730748,0.7716862862150188,0.270850000006817,0,2238,C:\Users\Binich\PycharmProjects\PredictionRTS\output\learner_results\all_data\synergy\sce2_synergy_run_0075\final_eval\eval_run_0075_web_batch_20260622_141137,web_batch_20260622_141137,0.0038077356654646006,0.002533198356885675,0.0018957725249406,0.0009041367211317,-2.1940595165325613e-05,-0.0004804798355769,0.0010078264193923,-0.0007721168778367,-0.0011134293852514,-0.0005958189824668,75.0,0.0038077356654646006,78.0,0.48085790579350013,-0.15875362005930974,0.276182217520601,positive_contribution_fill,72,True
False,repeat_001::ep_62::line_62,Synergy,sce-2,sce2_synergy_run_0075,eval_run_0075_web_batch_20260622_141137,repeat_001,62,62,Win,True,72.0,72.0,15.0,72.0,0.0,7582,12,12,12,0,0.0,2,0.1666666666666666,0,4,0.3333333333333333,12,1.0,1.9964833333333327,18.4084,0.25,0.25,0.470675,0.8951,0.5833333333333334,141.125,522.0,0.611111111111111,1.0,7,0.5833333333333334,8,0.6666666666666666,0.1666666666666666,0.1666666666666666,0.3596352502577749,0.8277265756607202,0.4791666666666666,1.0,0.0798611111111111,0.1666666666666666,0.3628775292826653,0.8147043014812521,0.2537999999994156,0,2559,C:\Users\Binich\PycharmProjects\PredictionRTS\output\learner_results\all_data\synergy\sce2_synergy_run_0075\final_eval\eval_run_0075_web_batch_20260622_141137,web_batch_20260622_141137,0.008331152814104001,0.008331152814104001,0.0015196219002585,0.0016916659528333,0.0012228901028683,0.0017653782286631,0.0007002496891607,0.0014313469403201,0.0018426616653377,0.0008902751369681,72.0,0.008331152814104001,78.0,0.33410574736211657,0.14232922719528524,0.27273726090873057,positive_contribution_fill,73,True
False,repeat_001::ep_225::line_225,Synergy,sce-2,sce2_synergy_run_0075,eval_run_0075_web_batch_20260622_141137,repeat_001,225,225,Win,True,72.0,72.0,15.0,72.0,0.0,27278,12,12,12,0,0.0,2,0.1666666666666666,0,4,0.3333333333333333,12,1.0,1.8970916666666664,17.228,0.25,0.25,0.4934833333333333,0.8942,0.5833333333333334,150.625,565.0,0.611111111111111,1.0,7,0.5833333333333334,8,0.6666666666666666,0.1666666666666666,0.1666666666666666,0.3657972535618565,0.8213524048773322,0.4791666666666666,1.0,0.0798611111111111,0.1666666666666666,0.3656504307695021,0.8124733417070663,0.2544000000028745,0,2559,C:\Users\Binich\PycharmProjects\PredictionRTS\output\learner_results\all_data\synergy\sce2_synergy_run_0075\final_eval\eval_run_0075_web_batch_20260622_141137,web_batch_20260622_141137,0.0083092620380036,0.0083092620380036,0.0015196219002585,0.0016916659528333,0.0011586791283429,0.0018076984270881,0.0007002496891607,0.0014313469403201,0.0019377291500273,0.0008194696933042,72.0,0.0083092620380036,78.0,0.33410574736211657,0.14087215680351203,0.2722709983833631,positive_contribution_fill,74,True
False,repeat_001::ep_67::line_67,Synergy,sce-2,sce2_synergy_run_0075,eval_run_0075_web_batch_20260622_141137,repeat_001,67,67,Win,True,75.0,75.0,12.0,75.0,0.0,8172,12,12,11,2,0.1666666666666666,1,0.0833333333333333,0,4,0.3333333333333333,12,1.0,0.4514583333333333,3.9899,0.1666666666666666,0.3333333333333333,0.2632166666666666,0.8377,0.5,70.42857142857143,353.0,0.4861111111111111,1.0,5,0.4166666666666667,7,0.5833333333333334,0.1666666666666666,0.0833333333333333,0.2384691408748158,0.6653894430267551,0.4333333333333333,1.0,0.0361111111111111,0.0833333333333333,0.2756444467270004,0.7453863050593642,0.2629333333317163,0,2834,C:\Users\Binich\PycharmProjects\PredictionRTS\output\learner_results\all_data\synergy\sce2_synergy_run_0075\final_eval\eval_run_0075_web_batch_20260622_141137,web_batch_20260622_141137,0.0035493180254918,0.002437931269015,0.0002934792397161,0.0003376804472294,-0.0011113867564768,0.0006246603578391,0.0010078264193923,0.0012856715613149,-3.841470682475045e-05,-0.0013140178921668,75.0,0.0035493180254918,78.0,0.48085790579350013,-0.17595413822227124,0.2706780517084533,positive_contribution_fill,75,True
False,repeat_001::ep_209::line_209,Synergy,sce-2,sce2_synergy_run_0075,eval_run_0075_web_batch_20260622_141137,repeat_001,209,209,Win,True,75.0,75.0,3.0,75.0,0.0,25316,13,13,12,2,0.1538461538461538,0,0.0,0,2,0.1538461538461538,13,1.0,0.2186846153846154,2.8429,0.0769230769230769,0.2307692307692307,0.4140153846153846,0.8952,0.5384615384615384,47.375,148.0,0.5641025641025641,1.0,7,0.5384615384615384,8,0.6153846153846154,0.1538461538461538,0.0,0.300246451131035,0.6571038647034548,0.4423076923076923,1.0,0.0,0.0,0.289918595316658,0.7299863526462091,0.3093000000120582,0,2238,C:\Users\Binich\PycharmProjects\PredictionRTS\output\learner_results\all_data\synergy\sce2_synergy_run_0075\final_eval\eval_run_0075_web_batch_20260622_141137,web_batch_20260622_141137,0.0033833272578773,-0.0013593266677187003,-0.0016001400973673,-0.001393201936308,-0.0017493118919207,0.000938202760601,0.0010078264193923,0.001437298077884,0.0013333255564116,-0.0014464821145134,75.0,0.0033833272578773,78.0,0.48085790579350013,-0.18700263790494634,0.26714253180999725,positive_contribution_fill,76,True
False,repeat_001::ep_106::line_106,Synergy,sce-2,sce2_synergy_run_0075,eval_run_0075_web_batch_20260622_141137,repeat_001,106,106,Win,True,75.0,75.0,9.0,75.0,0.0,12780,13,13,11,1,0.0769230769230769,0,0.0,0,6,0.4615384615384615,13,1.0,6.375969230769231,43.0534,0.4615384615384615,0.5384615384615384,0.1402538461538461,0.8527,0.2307692307692307,2.333333333333333,11.0,0.3589743589743589,1.0,2,0.1538461538461538,9,0.6923076923076923,0.0769230769230769,0.0,0.2341595020048776,0.8804142666445507,0.3884615384615384,1.0,0.0,0.0,0.2413333143637333,0.8081449933255926,0.284349999998786,0,8152,C:\Users\Binich\PycharmProjects\PredictionRTS\output\learner_results\all_data\synergy\sce2_synergy_run_0075\final_eval\eval_run_0075_web_batch_20260622_141137,web_batch_20260622_141137,0.0030236843832229998,-9.866710451729996e-05,-0.0016001400973673,-0.001393201936308,0.0014883189853612,-0.000129009454065,0.0010078264193923,0.0005275389784695,-0.0001341085001185,0.0021236535574711,75.0,0.0030236843832229998,78.0,0.48085790579350013,-0.21094080171730098,0.2594823193900438,positive_contribution_fill,77,True
False,repeat_001::ep_267::line_267,Synergy,sce-2,sce2_synergy_run_0075,eval_run_0075_web_batch_20260622_141137,repeat_001,267,267,Win,True,72.0,72.0,15.0,72.0,0.0,32422,12,12,12,0,0.0,2,0.1666666666666666,0,4,0.3333333333333333,12,1.0,0.9536833333333332,6.2431,0.3333333333333333,0.25,0.4937499999999999,0.891,0.5833333333333334,79.125,216.0,0.611111111111111,1.0,7,0.5833333333333334,8,0.6666666666666666,0.1666666666666666,0.1666666666666666,0.3579366201201392,0.7210415887361403,0.4791666666666666,1.0,0.0798611111111111,0.1666666666666666,0.3621131457207293,0.7773645560576491,0.3753499999987753,0,2211,C:\Users\Binich\PycharmProjects\PredictionRTS\output\learner_results\all_data\synergy\sce2_synergy_run_0075\final_eval\eval_run_0075_web_batch_20260622_141137,web_batch_20260622_141137,0.0072447827217093,0.0072447827217093,0.0015196219002585,0.0016916659528333,0.0001481860808939,0.0017537121582428,0.0007002496891607,0.0014313469403201,0.0018164551726382,-0.0002948010224539,72.0,0.0072447827217093,78.0,0.33410574736211657,0.07001942470695653,0.24959812411246537,positive_contribution_fill,78,True
False,repeat_001::ep_190::line_190,Synergy,sce-2,sce2_synergy_run_0075,eval_run_0075_web_batch_20260622_141137,repeat_001,190,190,Win,True,75.0,75.0,18.0,75.0,0.0,23048,12,12,12,0,0.0,1,0.0833333333333333,0,2,0.1666666666666666,12,1.0,1.86855,17.8725,0.1666666666666666,0.1666666666666666,0.2414083333333333,0.8488,0.3333333333333333,78.2,265.0,0.3611111111111111,1.0,4,0.3333333333333333,5,0.4166666666666667,0.0833333333333333,0.0833333333333333,0.2125539309439921,0.8111293712440577,0.2875,1.0,0.0239583333333333,0.0833333333333333,0.2129409355914631,0.7963952799354201,0.2537000000017997,0,3846,C:\Users\Binich\PycharmProjects\PredictionRTS\output\learner_results\all_data\synergy\sce2_synergy_run_0075\final_eval\eval_run_0075_web_batch_20260622_141137,web_batch_20260622_141137,0.0023029064193244003,0.00012714964457790018,0.0002934792397161,-0.0002448280472302,0.001001600760216,-0.0007526693945839,0.0010078264193923,-0.0011782593329324,-0.0006138514933228,0.001015973510107,75.0,0.0023029064193244003,78.0,0.48085790579350013,-0.2589164525312516,0.24413011112957958,positive_contribution_fill,79,True
False,repeat_001::ep_80::line_80,Synergy,sce-2,sce2_synergy_run_0075,eval_run_0075_web_batch_20260622_141137,repeat_001,80,80,Win,True,75.0,75.0,9.0,75.0,0.0,9718,13,13,12,1,0.0769230769230769,0,0.0,0,3,0.2307692307692307,13,1.0,1.0379230769230767,6.0356,0.2307692307692307,0.3076923076923077,0.2959,0.8895,0.4615384615384615,19.625,79.0,0.4871794871794871,1.0,5,0.3846153846153846,8,0.6153846153846154,0.0769230769230769,0.0,0.2630739547100977,0.7174050150914215,0.4115384615384616,1.0,0.0,0.0,0.2624217411580055,0.7510917552819976,0.2621000000004869,0,2238,C:\Users\Binich\PycharmProjects\PredictionRTS\output\learner_results\all_data\synergy\sce2_synergy_run_0075\final_eval\eval_run_0075_web_batch_20260622_141137,web_batch_20260622_141137,0.0022594758460841003,-0.0016089112977825996,-0.0016001400973673,-0.001393201936308,-0.0008750451101914,0.0003342136913304,0.0010078264193923,0.0009174357353614,0.0005079252627742,-0.0004824281063236,75.0,0.0022594758460841003,78.0,0.48085790579350013,-0.2618072318291596,0.24320506175424902,positive_contribution_fill,80,True
False,repeat_001::ep_31::line_31,Synergy,sce-2,sce2_synergy_run_0075,eval_run_0075_web_batch_20260622_141137,repeat_001,31,31,Win,True,75.0,75.0,3.0,75.0,0.0,3770,13,13,13,0,0.0,1,0.0769230769230769,0,3,0.2307692307692307,13,1.0,0.9074923076923076,11.7974,0.0769230769230769,0.0769230769230769,0.3448153846153846,0.8428,0.5384615384615384,209.7142857142857,542.0,0.5128205128205129,1.0,6,0.4615384615384615,7,0.5384615384615384,0.0769230769230769,0.0769230769230769,0.2739439903982902,0.7693318751777736,0.3576923076923077,1.0,0.0275147928994082,0.0769230769230769,0.2638517187561537,0.7808046178506822,0.2633000000002994,0,3548,C:\Users\Binich\PycharmProjects\PredictionRTS\output\learner_results\all_data\synergy\sce2_synergy_run_0075\final_eval\eval_run_0075_web_batch_20260622_141137,web_batch_20260622_141137,0.0018847191914381787,0.00181035981773447,0.0001478162137866,-7.435937370370857e-05,0.0003557756982132,0.000365624224099,0.0010078264193923,7.676635947078713e-06,0.0007492900220114,0.0003477434124099,75.0,0.0018847191914381787,78.0,0.48085790579350013,-0.28675138287707697,0.23522293341891548,positive_contribution_fill,81,True
False,repeat_001::ep_99::line_99,Synergy,sce-2,sce2_synergy_run_0075,eval_run_0075_web_batch_20260622_141137,repeat_001,99,99,Win,True,75.0,75.0,18.0,75.0,0.0,11936,12,12,12,1,0.0833333333333333,0,0.0,0,3,0.25,12,1.0,2.578908333333333,20.6521,0.25,0.3333333333333333,0.2433416666666666,0.8852,0.25,22.33333333333333,81.0,0.3333333333333333,1.0,3,0.25,6,0.5,0.0833333333333333,0.0,0.2178929795626403,0.8350632314262318,0.3166666666666666,1.0,0.0,0.0,0.2088851741365214,0.7922721309991811,0.2593333333322789,0,8084,C:\Users\Binich\PycharmProjects\PredictionRTS\output\learner_results\all_data\synergy\sce2_synergy_run_0075\final_eval\eval_run_0075_web_batch_20260622_141137,web_batch_20260622_141137,0.0018386305256291,-0.0026819419055345,-0.0016001400973673,-0.001393201936308,0.0008308041062368,-0.0008417572434054,0.0010078264193923,-0.0006854731540829,-0.0004953000716568,0.0013986118792198,75.0,0.0018386305256291,78.0,0.48085790579350013,-0.28981908728548794,0.23424126800822395,positive_contribution_fill,82,True
False,repeat_001::ep_187::line_187,Synergy,sce-2,sce2_synergy_run_0075,eval_run_0075_web_batch_20260622_141137,repeat_001,187,187,Win,True,72.0,72.0,21.0,72.0,0.0,22692,12,12,11,3,0.25,1,0.0833333333333333,0,3,0.25,12,1.0,0.2883916666666666,2.5699,0.25,0.3333333333333333,0.4329166666666666,0.8519,0.8333333333333334,70.8,231.0,0.7222222222222222,1.0,7,0.5833333333333334,10,0.8333333333333334,0.1666666666666666,0.0833333333333333,0.356199342736304,0.6373494890969698,0.5958333333333333,1.0,0.0496527777777777,0.0833333333333333,0.3854980375646701,0.7355723211839393,0.2843999999981861,0,ood:2559:24-21:agg:d0.500,C:\Users\Binich\PycharmProjects\PredictionRTS\output\learner_results\all_data\synergy\sce2_synergy_run_0075\final_eval\eval_run_0075_web_batch_20260622_141137,web_batch_20260622_141137,0.0065013113628625,0.0054466428876652,0.0002039128389889,0.0006856134241517,-0.0010546684751973,0.0021106138612719,0.0007002496891607,0.0028009215492893,0.0017896524296114,-0.001224468025033,72.0,0.0065013113628625,78.0,0.33410574736211657,0.020533280445163626,0.23376255794869163,positive_contribution_fill,83,True
False,repeat_001::ep_231::line_231,Synergy,sce-2,sce2_synergy_run_0075,eval_run_0075_web_batch_20260622_141137,repeat_001,231,231,Win,True,72.0,72.0,21.0,72.0,0.0,28000,12,12,11,0,0.0,2,0.1666666666666666,0,5,0.4166666666666667,12,1.0,1.1916333333333335,9.4083,0.25,0.25,0.4107666666666666,0.8967,0.5,185.0,569.0,0.5277777777777778,1.0,6,0.5,7,0.5833333333333334,0.1666666666666666,0.1666666666666666,0.3099677797777831,0.7629126086777307,0.425,1.0,0.0708333333333333,0.1666666666666666,0.3215688342333357,0.7920194130372057,0.2649333333314037,0,2956,C:\Users\Binich\PycharmProjects\PredictionRTS\output\learner_results\all_data\synergy\sce2_synergy_run_0075\final_eval\eval_run_0075_web_batch_20260622_141137,web_batch_20260622_141137,0.006111252310854,0.006111252310854,0.0015196219002585,0.0013910065764457,0.0005699788263644,0.0011349223038975,0.0007002496891607,0.0007954730147272,0.0010763911431685,0.0001703098514738,72.0,0.006111252310854,78.0,0.33410574736211657,-0.005429412385735707,0.22545449624280384,positive_contribution_fill,84,True
False,repeat_001::ep_180::line_180,Synergy,sce-2,sce2_synergy_run_0075,eval_run_0075_web_batch_20260622_141137,repeat_001,180,180,Win,True,75.0,75.0,3.0,75.0,0.0,21878,13,13,12,3,0.2307692307692307,0,0.0,0,5,0.3846153846153846,13,1.0,-0.3030846153846154,5.8328,0.1538461538461538,0.3846153846153846,0.2733538461538461,0.89,0.3076923076923077,23.5,82.0,0.3846153846153846,1.0,4,0.3076923076923077,8,0.6153846153846154,0.1538461538461538,0.0,0.2157123974699489,0.7143599110706886,0.3807692307692307,1.0,0.0,0.0,0.2303398096307077,0.750025968874741,0.2586999999977024,0,2238,C:\Users\Binich\PycharmProjects\PredictionRTS\output\learner_results\all_data\synergy\sce2_synergy_run_0075\final_eval\eval_run_0075_web_batch_20260622_141137,web_batch_20260622_141137,0.0014053998122312002,-0.0028776263438742996,-0.0016001400973673,-0.001393201936308,-0.0009191940737702,-0.00037049004866,0.0010078264193923,0.0003975733928389,-0.0005437190177299,-0.0005311111698747,75.0,0.0014053998122312002,78.0,0.48085790579350013,-0.31865532600099394,0.22501367161926206,positive_contribution_fill,85,True
False,repeat_001::ep_69::line_69,Synergy,sce-2,sce2_synergy_run_0075,eval_run_0075_web_batch_20260622_141137,repeat_001,69,69,Win,True,72.0,72.0,21.0,72.0,0.0,8416,12,12,12,0,0.0,2,0.1666666666666666,0,3,0.25,12,1.0,0.6973083333333333,4.0065,0.25,0.25,0.4383583333333333,0.8955,0.5833333333333334,161.0,526.0,0.5555555555555556,1.0,6,0.5,7,0.5833333333333334,0.1666666666666666,0.1666666666666666,0.3189868515195783,0.6830683057865992,0.4458333333333333,1.0,0.0743055555555555,0.1666666666666666,0.3329190831838102,0.7640739070253098,0.2624999999980559,0,2956,C:\Users\Binich\PycharmProjects\PredictionRTS\output\learner_results\all_data\synergy\sce2_synergy_run_0075\final_eval\eval_run_0075_web_batch_20260622_141137,web_batch_20260622_141137,0.0060747068202601,0.0058403644771474,0.0015196219002585,0.0015066447981333,-0.0002343423431127,0.0013081505235216,0.0007002496891607,0.001040039909186,0.0012155375250212,-0.0007166151278473,72.0,0.0060747068202601,78.0,0.33410574736211657,-0.007861914187086693,0.22467609566637153,positive_contribution_fill,86,True
False,repeat_001::ep_199::line_199,Synergy,sce-2,sce2_synergy_run_0075,eval_run_0075_web_batch_20260622_141137,repeat_001,199,199,Win,True,72.0,72.0,21.0,72.0,0.0,24096,12,12,12,0,0.0,2,0.1666666666666666,0,3,0.25,12,1.0,0.6951999999999999,3.9449,0.25,0.25,0.4357083333333333,0.8961,0.5833333333333334,176.57142857142858,559.0,0.5555555555555556,1.0,6,0.5,7,0.5833333333333334,0.1666666666666666,0.1666666666666666,0.3180765489151493,0.6819867813322433,0.4458333333333333,1.0,0.0743055555555555,0.1666666666666666,0.3325094470118171,0.7636953734662851,0.247400000006337,0,2956,C:\Users\Binich\PycharmProjects\PredictionRTS\output\learner_results\all_data\synergy\sce2_synergy_run_0075\final_eval\eval_run_0075_web_batch_20260622_141137,web_batch_20260622_141137,0.0060684549270129,0.0058232177174857985,0.0015196219002585,0.0015066447981333,-0.0002452372095271,0.0013018986302744,0.0007002496891607,0.001040039909186,0.0012014933620049,-0.000728628897391,72.0,0.0060684549270129,78.0,0.33410574736211657,-0.008278046009057865,0.22454293348334076,positive_contribution_fill,87,True
False,repeat_001::ep_242::line_242,Synergy,sce-2,sce2_synergy_run_0075,eval_run_0075_web_batch_20260622_141137,repeat_001,242,242,Win,True,75.0,75.0,6.0,75.0,0.0,29422,12,12,11,0,0.0,1,0.0833333333333333,0,3,0.25,12,1.0,0.0710166666666666,0.8522,0.0833333333333333,0.0833333333333333,0.3168083333333333,0.8617,0.4166666666666667,138.4,554.0,0.4166666666666667,1.0,5,0.4166666666666667,5,0.4166666666666667,0.0833333333333333,0.0833333333333333,0.2226600952034303,0.589921142441164,0.3,1.0,0.0249999999999999,0.0833333333333333,0.2218637095082103,0.7189723998544073,0.2571499999959314,0,8025,C:\Users\Binich\PycharmProjects\PredictionRTS\output\learner_results\all_data\synergy\sce2_synergy_run_0075\final_eval\eval_run_0075_web_batch_20260622_141137,web_batch_20260622_141137,0.0013013056591084,-0.0026228843928492998,0.0002934792397161,-0.0001948987477051,-0.0022055520891619,-0.0005566739588081,0.0010078264193923,-0.0009670652562826,-0.0003894481911386,-0.0025205540395324,75.0,0.0013013056591084,78.0,0.48085790579350013,-0.32558392952680304,0.22279651849100313,positive_contribution_fill,88,True
False,repeat_001::ep_206::line_206,Synergy,sce-2,sce2_synergy_run_0075,eval_run_0075_web_batch_20260622_141137,repeat_001,206,206,Win,True,72.0,72.0,21.0,72.0,0.0,24950,12,12,12,0,0.0,2,0.1666666666666666,0,4,0.3333333333333333,12,1.0,0.4686083333333333,4.6304,0.1666666666666666,0.1666666666666666,0.47235,0.8928,0.5833333333333334,165.71428571428572,562.0,0.5833333333333334,1.0,7,0.5833333333333334,7,0.5833333333333334,0.1666666666666666,0.1666666666666666,0.3302654541202037,0.6944366754155731,0.4375,1.0,0.0729166666666666,0.1666666666666666,0.335077787687425,0.7680528363954505,0.2617500000070549,0,2559,C:\Users\Binich\PycharmProjects\PredictionRTS\output\learner_results\all_data\synergy\sce2_synergy_run_0075\final_eval\eval_run_0075_web_batch_20260622_141137,web_batch_20260622_141137,0.0059635710588996,0.005843749351873999,0.0015196219002585,0.0014603895094583,-0.0001198217070256,0.0013410968086196,0.0007002496891607,0.0009422131514025,0.0013895439847946,-0.0005903332187693,72.0,0.0059635710588996,78.0,0.33410574736211657,-0.015259213698207732,0.2223089598228128,positive_contribution_fill,89,True
False,repeat_001::ep_230::line_230,Synergy,sce-2,sce2_synergy_run_0075,eval_run_0075_web_batch_20260622_141137,repeat_001,230,230,Win,True,72.0,72.0,15.0,72.0,0.0,27888,12,12,11,1,0.0833333333333333,2,0.1666666666666666,0,4,0.3333333333333333,12,1.0,1.2946333333333333,7.7678,0.1666666666666666,0.25,0.4204,0.8925,0.5,74.0,233.0,0.5,1.0,6,0.5,7,0.5833333333333334,0.1666666666666666,0.1666666666666666,0.3052656079724746,0.7426236478348474,0.425,1.0,0.0708333333333333,0.1666666666666666,0.3194528569209469,0.7849182767421966,0.2391499999845336,0,2437,C:\Users\Binich\PycharmProjects\PredictionRTS\output\learner_results\all_data\synergy\sce2_synergy_run_0075\final_eval\eval_run_0075_web_batch_20260622_141137,web_batch_20260622_141137,0.005874574848374299,0.005874574848374299,0.0015196219002585,0.0013910065764457,0.0003655955438793,0.0011026281239029,0.0007002496891607,0.0007954730147272,0.0010038459619914,-5.506360066285553e-05,72.0,0.005874574848374299,78.0,0.33410574736211657,-0.02118288414011834,0.2204133852814014,positive_contribution_fill,90,True
False,repeat_001::ep_176::line_176,Synergy,sce-2,sce2_synergy_run_0075,eval_run_0075_web_batch_20260622_141137,repeat_001,176,176,Win,True,75.0,75.0,3.0,75.0,0.0,21410,13,13,13,0,0.0,1,0.0769230769230769,0,7,0.5384615384615384,13,1.0,0.8885307692307692,6.188,0.3076923076923077,0.2307692307692307,0.2615384615384615,0.8895,0.3076923076923077,27.571428571428573,81.0,0.3846153846153846,1.0,4,0.3076923076923077,7,0.5384615384615384,0.0769230769230769,0.0769230769230769,0.2188658299269053,0.7197533852236224,0.3153846153846154,1.0,0.0242603550295858,0.0769230769230769,0.2242588542363381,0.7634521463667293,0.2455000000007127,0,2238,C:\Users\Binich\PycharmProjects\PredictionRTS\output\learner_results\all_data\synergy\sce2_synergy_run_0075\final_eval\eval_run_0075_web_batch_20260622_141137,web_batch_20260622_141137,0.0011556426331789,-0.0006489360322783,0.0001478162137866,-0.0002303515047644,-0.0003630302710981,-0.0005040628045734,0.0010078264193923,-0.0007071340850213,-0.0004736983216092,-0.0004448839529518,75.0,0.0011556426331789,78.0,0.48085790579350013,-0.3352793958403102,0.21969396927068086,positive_contribution_fill,91,True
False,repeat_001::ep_208::line_208,Synergy,sce-2,sce2_synergy_run_0075,eval_run_0075_web_batch_20260622_141137,repeat_001,208,208,Win,True,75.0,75.0,-3.0,75.0,0.0,25194,13,13,13,0,0.0,1,0.0769230769230769,0,4,0.3076923076923077,13,1.0,0.1843153846153846,2.3961,0.0769230769230769,0.0769230769230769,0.2064538461538461,0.8581,0.3076923076923077,10.6,31.0,0.358974358974359,1.0,4,0.3076923076923077,5,0.3846153846153846,0.0769230769230769,0.0769230769230769,0.1755759897002345,0.6347478661030486,0.2384615384615385,1.0,0.0183431952662721,0.0769230769230769,0.1778553492112594,0.7337002146745285,0.3435999999984081,0,8025,C:\Users\Binich\PycharmProjects\PredictionRTS\output\learner_results\all_data\synergy\sce2_synergy_run_0075\final_eval\eval_run_0075_web_batch_20260622_141137,web_batch_20260622_141137,0.0011556426331789,-0.0044839410130161,0.0001478162137866,-0.0005139735612384,-0.0015954694725499,-0.0015233506710791,0.0010078264193923,-0.0020067899413276,-0.0014349317677031,-0.0018038946998313,75.0,0.0011556426331789,78.0,0.48085790579350013,-0.3352793958403102,0.21969396927068086,positive_contribution_fill,92,True
False,repeat_001::ep_278::line_278,Synergy,sce-2,sce2_synergy_run_0075,eval_run_0075_web_batch_20260622_141137,repeat_001,278,278,Win,True,75.0,75.0,3.0,75.0,0.0,33744,13,13,13,0,0.0,1,0.0769230769230769,0,2,0.1538461538461538,13,1.0,0.3410307692307692,4.0735,0.1538461538461538,0.0769230769230769,0.3728923076923077,0.8605,0.4615384615384615,268.0,576.0,0.4615384615384615,1.0,6,0.4615384615384615,6,0.4615384615384615,0.0769230769230769,0.0769230769230769,0.260304135956883,0.6739278804135431,0.3269230769230768,1.0,0.0251479289940828,0.0769230769230769,0.2469445534882896,0.7474132196832015,0.4038000000150532,0,2375,C:\Users\Binich\PycharmProjects\PredictionRTS\output\learner_results\all_data\synergy\sce2_synergy_run_0075\final_eval\eval_run_0075_web_batch_20260622_141137,web_batch_20260622_141137,0.0011556426331789,-0.0005775298120295868,0.0001478162137866,-0.0001878081962933,-0.0010274241732652,-5.7543690745869055e-06,0.0010078264193923,-0.0005121857065754,0.0004464225542572,-0.0011775111301324,75.0,0.0011556426331789,78.0,0.48085790579350013,-0.3352793958403102,0.21969396927068086,positive_contribution_fill,93,True
False,repeat_001::ep_228::line_228,Synergy,sce-2,sce2_synergy_run_0075,eval_run_0075_web_batch_20260622_141137,repeat_001,228,228,Win,True,75.0,75.0,3.0,75.0,0.0,27664,13,13,12,2,0.1538461538461538,0,0.0,0,3,0.2307692307692307,13,1.0,0.0608615384615384,0.7912,0.0769230769230769,0.2307692307692307,0.2603384615384616,0.8282,0.3846153846153846,86.0,567.0,0.3846153846153846,1.0,4,0.3076923076923077,7,0.5384615384615384,0.0769230769230769,0.0,0.1957421230974526,0.5777876002668841,0.3346153846153846,1.0,0.0,0.0,0.2051993400092382,0.7022256600934095,0.2518666666730951,0,9854,C:\Users\Binich\PycharmProjects\PredictionRTS\output\learner_results\all_data\synergy\sce2_synergy_run_0075\final_eval\eval_run_0075_web_batch_20260622_141137,web_batch_20260622_141137,0.0010078264193923,-0.0061897214213034995,-0.0016001400973673,-0.001393201936308,-0.0028992663256521,-0.0009227193604236,0.0010078264193923,-0.0003822201209448,-0.0009871509073835,-0.0027145369053881,75.0,0.0010078264193923,78.0,0.48085790579350013,-0.3451181803377006,0.21654555823151592,positive_contribution_fill,94,True
False,repeat_001::ep_265::line_265,Synergy,sce-2,sce2_synergy_run_0075,eval_run_0075_web_batch_20260622_141137,repeat_001,265,265,Win,True,75.0,75.0,18.0,75.0,0.0,32198,12,12,11,0,0.0,0,0.0,0,3,0.25,12,1.0,3.51975,20.4727,0.3333333333333333,0.3333333333333333,0.1064166666666666,0.877,0.0833333333333333,7.4,33.0,0.1944444444444444,1.0,1,0.0833333333333333,5,0.4166666666666667,0.0,0.0,0.1531524991502782,0.8318349660515807,0.2208333333333333,0.0,0.0,0.0,0.1462102912842918,0.7911422381180533,0.2618999999981497,0,8084,C:\Users\Binich\PycharmProjects\PredictionRTS\output\learner_results\all_data\synergy\sce2_synergy_run_0075\final_eval\eval_run_0075_web_batch_20260622_141137,web_batch_20260622_141137,0.0007839996064635,-0.0092816363250031,-0.0016001400973673,-0.001393201936308,0.0007839996064635,-0.0022184581540676,-0.0025492080019925,-0.0023046277417312,-0.0019328363333454,0.001347000555822,75.0,0.0007839996064635,78.0,0.48085790579350013,-0.36001630092089626,0.2117781596448933,positive_contribution_fill,95,True
False,repeat_001::ep_196::line_196,Synergy,sce-2,sce2_synergy_run_0075,eval_run_0075_web_batch_20260622_141137,repeat_001,196,196,Win,True,75.0,75.0,18.0,75.0,0.0,23740,12,12,11,0,0.0,0,0.0,0,2,0.1666666666666666,12,1.0,3.040833333333333,20.576,0.3333333333333333,0.3333333333333333,0.1059083333333333,0.8709,0.0833333333333333,7.0,31.0,0.1944444444444444,1.0,1,0.0833333333333333,5,0.4166666666666667,0.0,0.0,0.1469252639727627,0.8304484406070121,0.2208333333333333,0.0,0.0,0.0,0.1434080354544099,0.7906569542124542,0.2646000000083859,0,8084,C:\Users\Binich\PycharmProjects\PredictionRTS\output\learner_results\all_data\synergy\sce2_synergy_run_0075\final_eval\eval_run_0075_web_batch_20260622_141137,web_batch_20260622_141137,0.0007638972845275,-0.0093632923025239,-0.0016001400973673,-0.001393201936308,0.0007638972845275,-0.0022800118096524,-0.0025492080019925,-0.0023046277417312,-0.0020711095793999,0.0013248337247799,75.0,0.0007638972845275,78.0,0.48085790579350013,-0.36135433014217644,0.21134999029408363,positive_contribution_fill,96,True
False,repeat_001::ep_121::line_121,Synergy,sce-2,sce2_synergy_run_0075,eval_run_0075_web_batch_20260622_141137,repeat_001,121,121,Win,True,75.0,75.0,3.0,75.0,0.0,14670,13,13,13,1,0.0769230769230769,0,0.0,0,3,0.2307692307692307,13,1.0,1.6981153846153845,12.55,0.1538461538461538,0.2307692307692307,0.2398076923076923,0.8596,0.3846153846153846,19.0,77.0,0.4102564102564102,1.0,4,0.3076923076923077,8,0.6153846153846154,0.0,0.0,0.2271543151620569,0.7804964079822616,0.3461538461538461,0.0,0.0,0.0,0.2233732879767717,0.7731737427937915,0.241866666665184,0,3494,C:\Users\Binich\PycharmProjects\PredictionRTS\output\learner_results\all_data\synergy\sce2_synergy_run_0075\final_eval\eval_run_0075_web_batch_20260622_141137,web_batch_20260622_141137,3.967556532812425e-05,-0.006213661145928376,-0.0016001400973673,-0.001393201936308,3.967556532812425e-05,-0.0005235149330899,-0.0025492080019925,-0.0001872717424988,-0.0002896558492008,0.0005262344118433,75.0,3.967556532812425e-05,78.0,0.48085790579350013,-0.4095592005078807,0.1959244317770583,positive_contribution_fill,97,True
False,repeat_001::ep_217::line_217,Synergy,sce-2,sce2_synergy_run_0075,eval_run_0075_web_batch_20260622_141137,repeat_001,217,217,Win,True,72.0,72.0,9.0,72.0,0.0,26302,13,13,12,0,0.0,1,0.0769230769230769,0,4,0.3076923076923077,13,1.0,3.728669230769231,14.9174,0.4615384615384615,0.4615384615384615,0.2961692307692308,0.9458,0.3076923076923077,5.1,16.0,0.4615384615384615,1.0,4,0.3076923076923077,10,0.7692307692307693,0.0769230769230769,0.0769230769230769,0.3059565770145305,0.8232096075834558,0.4307692307692308,1.0,0.0331360946745562,0.0769230769230769,0.3038343058103849,0.799661824192671,0.2623333333341786,0,3780,C:\Users\Binich\PycharmProjects\PredictionRTS\output\learner_results\all_data\synergy\sce2_synergy_run_0075\final_eval\eval_run_0075_web_batch_20260622_141137,web_batch_20260622_141137,0.0034558961184246,0.0034558961184246,0.0001027044496605,0.0001355449838286,0.000789940958221,0.0008642568058995,0.0007002496891607,0.0008631992316543,0.0010145062433293,0.0008400998373731,72.0,0.0034558961184246,78.0,0.33410574736211657,-0.18217238713707834,0.1688967443223742,positive_contribution_fill,98,True
False,repeat_001::ep_54::line_54,Synergy,sce-2,sce2_synergy_run_0075,eval_run_0075_web_batch_20260622_141137,repeat_001,54,54,Win,True,72.0,72.0,3.0,72.0,0.0,6556,14,14,13,0,0.0,1,0.0714285714285714,0,4,0.2857142857142857,14,1.0,4.032164285714286,14.7661,0.5,0.5,0.2762571428571428,0.9458,0.3571428571428571,9.8,59.0,0.4523809523809524,1.0,4,0.2857142857142857,10,0.7142857142857143,0.0714285714285714,0.0714285714285714,0.301485806034954,0.8222289021686902,0.4428571428571429,1.0,0.0316326530612244,0.0714285714285714,0.3049543270014436,0.7984944014733273,0.2635000000002681,0,3780,C:\Users\Binich\PycharmProjects\PredictionRTS\output\learner_results\all_data\synergy\sce2_synergy_run_0075\final_eval\eval_run_0075_web_batch_20260622_141137,web_batch_20260622_141137,0.0034444716300694473,0.0034444716300694473,1.5954401664709038e-05,8.54746532305384e-05,0.0007563404642276,0.0008813506403797,0.0007002496891607,0.0010051017814062,0.0009455311177609,0.0008292059839832,72.0,0.0034444716300694473,78.0,0.33410574736211657,-0.18293281169430295,0.16865340846406232,positive_contribution_fill,99,True
False,repeat_001::ep_160::line_160,Synergy,sce-2,sce2_synergy_run_0075,eval_run_0075_web_batch_20260622_141137,repeat_001,160,160,Win,True,72.0,72.0,21.0,72.0,0.0,19368,12,12,12,0,0.0,2,0.1666666666666666,0,4,0.3333333333333333,12,1.0,1.3005583333333333,8.9307,0.1666666666666666,0.1666666666666666,0.2408833333333333,0.9115,0.3333333333333333,36.25,59.0,0.3333333333333333,1.0,4,0.3333333333333333,4,0.3333333333333333,0.1666666666666666,0.1666666666666666,0.2013347775838419,0.7621530062279789,0.2749999999999999,1.0,0.0458333333333333,0.1666666666666666,0.2201839832460621,0.7917535521797926,0.3613000000086686,0,8644,C:\Users\Binich\PycharmProjects\PredictionRTS\output\learner_results\all_data\synergy\sce2_synergy_run_0075\final_eval\eval_run_0075_web_batch_20260622_141137,web_batch_20260622_141137,0.0033406098496206998,0.0019627814997854,0.0015196219002585,0.0005584113802954,0.0005623268799061,-0.0004124197244593,0.0007002496891607,-0.000965408625376,-0.0005996005373315,0.0001618720498694,72.0,0.0033406098496206998,78.0,0.33410574736211657,-0.18984594827907417,0.16644120475693552,positive_contribution_fill,100,True
False,repeat_001::ep_18::line_18,Synergy,sce-2m,sce2m_synergy_run_0078,eval_run_0078_web_batch_20260622_141137,repeat_001,18,18,Win,True,51.0,51.0,-3.0,51.0,0.0,2354,14,14,14,2,0.1428571428571428,1,0.0714285714285714,0,3,0.2142857142857142,14,1.0,2.7095,15.1343,0.2857142857142857,0.4285714285714285,0.4516642857142857,0.899,0.5,371.4,919.0,0.5714285714285714,1.0,7,0.5,10,0.7142857142857143,0.2142857142857142,0.0714285714285714,0.3607222504979414,0.8105549273303811,0.5071428571428571,1.0,0.0362244897959183,0.0714285714285714,0.3541107270097879,0.794408510279919,0.2957666666674186,0,11,C:\Users\Binich\PycharmProjects\PredictionRTS\output\learner_results\all_data\synergy\sce2m_synergy_run_0078\final_eval\eval_run_0078_web_batch_20260622_141137,web_batch_20260622_141137,0.013462354857901,0.013462354857901,0.0021111142356387,0.0031553914002965,0.0005782467795942,0.0035720723056325,0.0007967074735197,0.0032488226632194,0.0030003249624049,5.407753922973932e-05,51.0,0.013462354857901,57.0,0.48821805028735216,0.35403009028128607,0.44527790308541104,score_band_visibility,1,True
False,repeat_001::ep_240::line_240,Synergy,sce-2m,sce2m_synergy_run_0078,eval_run_0078_web_batch_20260622_141137,repeat_001,240,240,Win,True,51.0,51.0,-3.0,51.0,0.0,31838,14,14,14,1,0.0714285714285714,1,0.0714285714285714,0,5,0.3571428571428571,14,1.0,2.6925214285714283,15.5423,0.2857142857142857,0.3571428571428571,0.3890428571428571,0.8984,0.4285714285714285,275.8888888888889,952.0,0.5,1.0,6,0.4285714285714285,9,0.6428571428571429,0.1428571428571428,0.0714285714285714,0.3198822464146176,0.8129170315907337,0.4357142857142857,1.0,0.0311224489795918,0.0714285714285714,0.3107327251722922,0.7952352467710424,0.3332000000028756,0,11,C:\Users\Binich\PycharmProjects\PredictionRTS\output\learner_results\all_data\synergy\sce2m_synergy_run_0078\final_eval\eval_run_0078_web_batch_20260622_141137,web_batch_20260622_141137,0.0091062405119694,0.0091062405119694,0.0021111142356387,0.0025416887773096,0.0006422607518618,0.0017668027426492,0.0007967074735197,0.0012476665309904,0.0014769383614608,0.0001197179270344,51.0,0.0091062405119694,57.0,0.48821805028735216,-0.052492241499529003,0.3151907569155502,score_band_visibility,2,True
False,repeat_001::ep_88::line_88,Synergy,sce-2m,sce2m_synergy_run_0078,eval_run_0078_web_batch_20260622_141137,repeat_001,88,88,Win,True,51.0,51.0,-3.0,51.0,0.0,11624,14,14,14,1,0.0714285714285714,1,0.0714285714285714,0,4,0.2857142857142857,14,1.0,2.6856642857142856,15.292,0.2857142857142857,0.3571428571428571,0.3876928571428571,0.8998,0.4285714285714285,357.1111111111111,949.0,0.5,1.0,6,0.4285714285714285,9,0.6428571428571429,0.1428571428571428,0.0714285714285714,0.3195874408355331,0.8117872244187885,0.4357142857142857,1.0,0.0311224489795918,0.0714285714285714,0.3106000626617042,0.7948398142608617,0.2714000000008099,0,11,C:\Users\Binich\PycharmProjects\PredictionRTS\output\learner_results\all_data\synergy\sce2m_synergy_run_0078\final_eval\eval_run_0078_web_batch_20260622_141137,web_batch_20260622_141137,0.009070101246836501,0.009070101246836501,0.0021111142356387,0.0025416887773096,0.0006116425246368,0.0017612817047413,0.0007967074735197,0.0012476665309904,0.0014659417203208,8.832177651060766e-05,51.0,0.009070101246836501,57.0,0.48821805028735216,-0.055864838535323626,0.31411152586409596,score_band_visibility,3,True
False,repeat_001::ep_52::line_52,Synergy,sce-2m,sce2m_synergy_run_0078,eval_run_0078_web_batch_20260622_141137,repeat_001,52,52,Win,True,51.0,51.0,3.0,51.0,0.0,6822,14,14,14,1,0.0714285714285714,1,0.0714285714285714,0,6,0.4285714285714285,14,1.0,3.9963357142857134,20.6914,0.3571428571428571,0.4285714285714285,0.3145,0.8431,0.3571428571428571,194.77777777777777,900.0,0.4523809523809524,1.0,5,0.3571428571428571,9,0.6428571428571429,0.1428571428571428,0.0714285714285714,0.3004465775112296,0.8226003311025238,0.425,1.0,0.0303571428571428,0.0714285714285714,0.2982366741657676,0.798624401600169,0.1976666666673547,0,11,C:\Users\Binich\PycharmProjects\PredictionRTS\output\learner_results\all_data\synergy\sce2m_synergy_run_0078\final_eval\eval_run_0078_web_batch_20260622_141137,web_batch_20260622_141137,0.0084563827505541,0.0084563827505541,0.0021111142356387,0.0024496333838616,0.0009046820500283,0.0012467524963498,0.0007967074735197,0.000947493111156,0.0007519619993773,0.0003888066145456,51.0,0.0084563827505541,57.0,0.48821805028735216,-0.1131384209881693,0.29578397947918533,score_band_visibility,4,True
False,repeat_001::ep_211::line_211,Synergy,sce-2m,sce2m_synergy_run_0078,eval_run_0078_web_batch_20260622_141137,repeat_001,211,211,Win,True,51.0,51.0,3.0,51.0,0.0,27950,14,14,14,2,0.1428571428571428,1,0.0714285714285714,0,3,0.2142857142857142,14,1.0,2.067307142857143,15.5202,0.2142857142857142,0.3571428571428571,0.3739214285714285,0.8984,0.4285714285714285,301.0,946.0,0.4761904761904762,1.0,6,0.4285714285714285,8,0.5714285714285714,0.2142857142857142,0.0714285714285714,0.294841717611131,0.8127814164465796,0.425,1.0,0.0303571428571428,0.0714285714285714,0.2957144872107232,0.7951877814705886,0.2494999999953506,0,11,C:\Users\Binich\PycharmProjects\PredictionRTS\output\learner_results\all_data\synergy\sce2m_synergy_run_0078\final_eval\eval_run_0078_web_batch_20260622_141137,web_batch_20260622_141137,0.0080853199509558,0.0080853199509558,0.0021111142356387,0.0024496333838616,0.0006385855270961,0.0011417862196837,0.0007967074735197,0.000947493111156,0.0005428932526025,0.0001159493251128,51.0,0.0080853199509558,57.0,0.48821805028735216,-0.14776683120671652,0.2847028882092502,score_band_visibility,5,True
False,repeat_001::ep_253::line_253,Synergy,sce-2m,sce2m_synergy_run_0078,eval_run_0078_web_batch_20260622_141137,repeat_001,253,253,Win,True,51.0,51.0,-3.0,51.0,0.0,33564,14,14,14,0,0.0,1,0.0714285714285714,0,5,0.3571428571428571,14,1.0,2.695935714285714,15.5577,0.2857142857142857,0.2857142857142857,0.3899499999999999,0.8997,0.4285714285714285,320.44444444444446,1011.0,0.5,1.0,6,0.4285714285714285,9,0.6428571428571429,0.0714285714285714,0.0714285714285714,0.3202300087474341,0.8134013939830267,0.4107142857142857,1.0,0.0293367346938775,0.0714285714285714,0.3021392182220596,0.7954047736083449,0.2242599999959793,0,11,C:\Users\Binich\PycharmProjects\PredictionRTS\output\learner_results\all_data\synergy\sce2m_synergy_run_0078\final_eval\eval_run_0078_web_batch_20260622_141137,web_batch_20260622_141137,0.0078465289455142,0.0078465289455142,0.0021111142356387,0.0023268928592642,0.0006553871668419,0.0014091653255395,0.0007967074735197,0.0005472618847102,0.001489910360118,0.0001331778474121,51.0,0.0078465289455142,57.0,0.48821805028735216,-0.17005134181215256,0.27757184481551067,score_band_visibility,6,True
False,repeat_001::ep_126::line_126,Synergy,sce-2m,sce2m_synergy_run_0078,eval_run_0078_web_batch_20260622_141137,repeat_001,126,126,Win,True,51.0,51.0,-3.0,51.0,0.0,16630,14,14,14,0,0.0,1,0.0714285714285714,0,5,0.3571428571428571,14,1.0,2.6911071428571427,15.3926,0.2857142857142857,0.2857142857142857,0.38675,0.8998,0.4285714285714285,346.1111111111111,966.0,0.5,1.0,6,0.4285714285714285,9,0.6428571428571429,0.0714285714285714,0.0714285714285714,0.3192972790565031,0.8124137915770737,0.4107142857142857,1.0,0.0293367346938775,0.0714285714285714,0.3017194898611406,0.7950591127662614,0.1790999999997211,0,11,C:\Users\Binich\PycharmProjects\PredictionRTS\output\learner_results\all_data\synergy\sce2m_synergy_run_0078\final_eval\eval_run_0078_web_batch_20260622_141137,web_batch_20260622_141137,0.0078022966189987,0.0078022966189987,0.0021111142356387,0.0023268928592642,0.0006286227457759,0.00139169742009,0.0007967074735197,0.0005472618847102,0.001455118299114,0.0001057334174554,51.0,0.0078022966189987,57.0,0.48821805028735216,-0.1741792014336442,0.27625092973663334,score_band_visibility,7,True
False,repeat_001::ep_272::line_272,Synergy,sce-2m,sce2m_synergy_run_0078,eval_run_0078_web_batch_20260622_141137,repeat_001,272,272,Win,True,51.0,51.0,-3.0,51.0,0.0,36072,14,14,14,3,0.2142857142857142,0,0.0,0,3,0.2142857142857142,14,1.0,1.5746714285714287,8.6842,0.2142857142857142,0.4285714285714285,0.4521142857142857,0.8986,0.5,246.8,1020.0,0.5714285714285714,1.0,7,0.5,10,0.7142857142857143,0.2142857142857142,0.0,0.3427503963996091,0.7554953723466886,0.5071428571428571,1.0,0.0,0.0,0.331737678379824,0.7644233803213409,0.2002333333355939,0,11,C:\Users\Binich\PycharmProjects\PredictionRTS\output\learner_results\all_data\synergy\sce2m_synergy_run_0078\final_eval\eval_run_0078_web_batch_20260622_141137,web_batch_20260622_141137,0.006686499532787901,0.0025194762479553,-0.0012216327245421,-0.0012018972229103,-0.0017434933373802,0.0026409693960488,0.0007967074735197,0.0032488226632194,0.0023299508441344,-0.001475969462567,51.0,0.006686499532787901,57.0,0.48821805028735216,-0.27830788063241,0.24292975239302828,score_band_visibility,8,True
False,repeat_001::ep_76::line_76,Synergy,sce-2m,sce2m_synergy_run_0078,eval_run_0078_web_batch_20260622_141137,repeat_001,76,76,Win,True,51.0,51.0,-3.0,51.0,0.0,10060,14,14,12,1,0.0714285714285714,1,0.0714285714285714,0,6,0.4285714285714285,14,1.0,3.3411142857142857,11.0885,0.4285714285714285,0.5,0.27505,0.8557,0.2857142857142857,139.88888888888889,943.0,0.4047619047619047,1.0,4,0.2857142857142857,9,0.6428571428571429,0.1428571428571428,0.0714285714285714,0.2778799103916375,0.767033161912891,0.4142857142857142,1.0,0.0295918367346938,0.0714285714285714,0.2843316739619512,0.7791758923837975,0.2463199999994003,0,5340,C:\Users\Binich\PycharmProjects\PredictionRTS\output\learner_results\all_data\synergy\sce2m_synergy_run_0078\final_eval\eval_run_0078_web_batch_20260622_141137,web_batch_20260622_141137,0.006580785166373599,0.0059795746581448,0.0021111142356387,0.0023575779904136,-0.0006012105082288,0.0006680657754799,0.0007967074735197,0.0006473196913217,-8.980477047442127e-05,-0.0011553464510233,51.0,0.006580785166373599,57.0,0.48821805028735216,-0.28817338170163936,0.2397727920508749,score_band_visibility,9,True
False,repeat_001::ep_9::line_9,Synergy,sce-2m,sce2m_synergy_run_0078,eval_run_0078_web_batch_20260622_141137,repeat_001,9,9,Win,True,51.0,51.0,-3.0,51.0,0.0,1166,14,14,14,2,0.1428571428571428,0,0.0,0,6,0.4285714285714285,14,1.0,2.458607142857143,20.6613,0.2142857142857142,0.3571428571428571,0.4519857142857142,0.9098,0.5,95.6,520.0,0.5714285714285714,1.0,7,0.5,10,0.7142857142857143,0.1428571428571428,0.0,0.3491452199305082,0.8424823873090834,0.4821428571428571,1.0,0.0,0.0,0.3258653489687286,0.7948688355581792,0.2085166666665472,0,11,C:\Users\Binich\PycharmProjects\PredictionRTS\output\learner_results\all_data\synergy\sce2m_synergy_run_0078\final_eval\eval_run_0078_web_batch_20260622_141137,web_batch_20260622_141137,0.006355594805974399,0.003932064858522,-0.0012216327245421,-0.0012018972229103,0.0006138896354655,0.00239657968005,0.0007967074735197,0.0025484180169392,0.002568486287532,0.000941308001406,51.0,0.006355594805974399,57.0,0.48821805028735216,-0.3091886496983446,0.23304790629192923,score_band_visibility,10,True
False,repeat_001::ep_163::line_163,Synergy,sce-2m,sce2m_synergy_run_0078,eval_run_0078_web_batch_20260622_141137,repeat_001,163,163,Win,True,51.0,51.0,-3.0,51.0,0.0,21574,14,14,14,1,0.0714285714285714,1,0.0714285714285714,0,6,0.4285714285714285,14,1.0,2.693035714285714,15.4526,0.2857142857142857,0.3571428571428571,0.3228499999999999,0.8812,0.3571428571428571,212.5,929.0,0.4285714285714285,1.0,5,0.3571428571428571,8,0.5714285714285714,0.1428571428571428,0.0714285714285714,0.2786917037650195,0.8072051317350684,0.3892857142857143,1.0,0.0278061224489795,0.0714285714285714,0.275946980979973,0.7932360818215596,0.1907166666702172,0,11,C:\Users\Binich\PycharmProjects\PredictionRTS\output\learner_results\all_data\synergy\sce2m_synergy_run_0078\final_eval\eval_run_0078_web_batch_20260622_141137,web_batch_20260622_141137,0.0058571883620133994,0.005804103407054988,0.0021111142356387,0.0021427820723682,0.0004874659762489,0.0003191186042379,0.0007967074735197,-5.308495495841083e-05,-5.952379534958585e-05,-3.900974977502177e-05,51.0,0.0058571883620133994,57.0,0.48821805028735216,-0.3557010535710393,0.2181639370526669,score_band_visibility,11,True
False,repeat_001::ep_164::line_164,Synergy,sce-2m,sce2m_synergy_run_0078,eval_run_0078_web_batch_20260622_141137,repeat_001,164,164,Win,True,51.0,51.0,9.0,51.0,0.0,21706,14,14,13,2,0.1428571428571428,0,0.0,0,6,0.4285714285714285,14,1.0,1.5880857142857143,8.7159,0.2142857142857142,0.3571428571428571,0.4531357142857142,0.8898,0.5,96.5,263.0,0.5714285714285714,1.0,7,0.5,10,0.7142857142857143,0.1428571428571428,0.0,0.3432734687432863,0.7532179775485015,0.4821428571428571,1.0,0.0,0.0,0.3232230609344788,0.7636262921419755,0.2837500000036168,0,11,C:\Users\Binich\PycharmProjects\PredictionRTS\output\learner_results\all_data\synergy\sce2m_synergy_run_0078\final_eval\eval_run_0078_web_batch_20260622_141137,web_batch_20260622_141137,0.005631740627127299,0.0014029990304063,-0.0012216327245421,-0.0012018972229103,-0.0018052116492686,0.0022866151366684,0.0007967074735197,0.0025484180169392,0.0023494621399231,-0.0015392558636995,51.0,0.005631740627127299,57.0,0.48821805028735216,-0.3767403403303955,0.21143136528967293,score_band_visibility,12,True
False,repeat_001::ep_292::line_292,Synergy,sce-2m,sce2m_synergy_run_0078,eval_run_0078_web_batch_20260622_141137,repeat_001,292,292,Win,True,51.0,51.0,-3.0,51.0,0.0,38692,14,14,13,1,0.0714285714285714,1,0.0714285714285714,0,5,0.3571428571428571,14,1.0,3.3009142857142857,15.5999,0.3571428571428571,0.4285714285714285,0.2691571428571428,0.8785,0.2857142857142857,307.125,1026.0,0.3809523809523809,1.0,4,0.2857142857142857,8,0.5714285714285714,0.1428571428571428,0.0714285714285714,0.2613349629362416,0.8072993896460532,0.3785714285714285,1.0,0.0270408163265306,0.0714285714285714,0.2643864476070229,0.7932690720904043,0.2968999999978905,0,11,C:\Users\Binich\PycharmProjects\PredictionRTS\output\learner_results\all_data\synergy\sce2m_synergy_run_0078\final_eval\eval_run_0078_web_batch_20260622_141137,web_batch_20260622_141137,0.0054485687914968,0.004933312368584001,0.0021111142356387,0.0020507266789201,0.0004900204034183,-0.0001619980481201,0.0007967074735197,-0.0003532583747927,-0.0007069533685854,-3.639042177390216e-05,51.0,0.0054485687914968,57.0,0.48821805028735216,-0.39383434563506065,0.2059612835921801,score_band_visibility,13,True
False,repeat_001::ep_202::line_202,Synergy,sce-2m,sce2m_synergy_run_0078,eval_run_0078_web_batch_20260622_141137,repeat_001,202,202,Win,True,51.0,51.0,-3.0,51.0,0.0,26742,14,14,14,0,0.0,1,0.0714285714285714,0,5,0.3571428571428571,14,1.0,3.2613357142857144,15.5064,0.3571428571428571,0.3571428571428571,0.2702214285714285,0.8973,0.2857142857142857,281.625,996.0,0.3809523809523809,1.0,4,0.2857142857142857,8,0.5714285714285714,0.0714285714285714,0.0714285714285714,0.2606740837847424,0.8123666144967538,0.3535714285714285,1.0,0.0252551020408163,0.0714285714285714,0.2553390519888484,0.7950426007881495,0.172939999998789,0,5340,C:\Users\Binich\PycharmProjects\PredictionRTS\output\learner_results\all_data\synergy\sce2m_synergy_run_0078\final_eval\eval_run_0078_web_batch_20260622_141137,web_batch_20260622_141137,0.0053710966980221,0.0037789086510547996,0.0021111142356387,0.0018359307608747,0.000627344227989,-0.0005385250258944,0.0007967074735197,-0.0010536630210729,-0.0007316050420325,0.0001044224161166,51.0,0.0053710966980221,57.0,0.48821805028735216,-0.4010642146390023,0.20364772551091875,score_band_visibility,14,True
False,repeat_001::ep_209::line_209,Synergy,sce-2m,sce2m_synergy_run_0078,eval_run_0078_web_batch_20260622_141137,repeat_001,209,209,Win,True,51.0,51.0,3.0,51.0,0.0,27676,14,14,14,0,0.0,1,0.0714285714285714,0,7,0.5,14,1.0,3.2574571428571426,15.5217,0.3571428571428571,0.3571428571428571,0.2702071428571428,0.8797,0.2857142857142857,183.5,945.0,0.3809523809523809,1.0,4,0.2857142857142857,8,0.5714285714285714,0.0714285714285714,0.0714285714285714,0.2605869053003958,0.807180628523962,0.3535714285714285,1.0,0.0252551020408163,0.0714285714285714,0.2552998216708924,0.7932275056976723,0.277657142855706,0,5340,C:\Users\Binich\PycharmProjects\PredictionRTS\output\learner_results\all_data\synergy\sce2m_synergy_run_0078\final_eval\eval_run_0078_web_batch_20260622_141137,web_batch_20260622_141137,0.0052305543994392,0.0036367336977633,0.0021111142356387,0.0018359307608747,0.0004868019294061,-0.000540157680603,0.0007967074735197,-0.0010536630210729,-0.0007348569157265,-3.969066818598223e-05,51.0,0.0052305543994392,57.0,0.48821805028735216,-0.4141799362194324,0.19945069460518114,score_band_visibility,15,True
False,repeat_001::ep_223::line_223,Synergy,sce-2m,sce2m_synergy_run_0078,eval_run_0078_web_batch_20260622_141137,repeat_001,223,223,Win,True,51.0,51.0,-3.0,51.0,0.0,29534,14,14,14,0,0.0,1,0.0714285714285714,0,6,0.4285714285714285,14,1.0,3.252357142857143,15.5534,0.3571428571428571,0.3571428571428571,0.2682857142857143,0.8688,0.2857142857142857,305.125,1002.0,0.3809523809523809,1.0,4,0.2857142857142857,8,0.5714285714285714,0.0714285714285714,0.0714285714285714,0.2599172278286583,0.8041050574874575,0.3535714285714285,1.0,0.0252551020408163,0.0714285714285714,0.2549984668086105,0.7921510558348959,0.2368999999973198,0,5340,C:\Users\Binich\PycharmProjects\PredictionRTS\output\learner_results\all_data\synergy\sce2m_synergy_run_0078\final_eval\eval_run_0078_web_batch_20260622_141137,web_batch_20260622_141137,0.005147205191556099,0.0035408429541364996,0.0021111142356387,0.0018359307608747,0.000403452721523,-0.0005526992163467,0.0007967074735197,-0.0010536630210729,-0.0007598367782485,-0.0001251575457263,51.0,0.005147205191556099,57.0,0.48821805028735216,-0.4219582706822013,0.19696162757709507,score_band_visibility,16,True
False,repeat_001::ep_179::line_179,Synergy,sce-2m,sce2m_synergy_run_0078,eval_run_0078_web_batch_20260622_141137,repeat_001,179,179,Win,True,51.0,51.0,3.0,51.0,0.0,23686,14,14,13,0,0.0,1,0.0714285714285714,0,6,0.4285714285714285,14,1.0,2.82615,15.489,0.2857142857142857,0.2857142857142857,0.3176571428571429,0.8547,0.3571428571428571,314.75,988.0,0.4285714285714285,1.0,5,0.3571428571428571,8,0.5714285714285714,0.0714285714285714,0.0714285714285714,0.2783536850907865,0.799479559417788,0.3642857142857142,1.0,0.0260204081632653,0.0714285714285714,0.2670448725765682,0.7905321315105115,0.1835833333293142,0,5340,C:\Users\Binich\PycharmProjects\PredictionRTS\output\learner_results\all_data\synergy\sce2m_synergy_run_0078\final_eval\eval_run_0078_web_batch_20260622_141137,web_batch_20260622_141137,0.0051139077332586005,0.00430905620081872,0.0021111142356387,0.0019279861543227,0.0002780998697775,-5.136193120138047e-05,0.0007967074735197,-0.0007534896012385,-7.213234255111965e-05,-0.0002536952619394,51.0,0.0051139077332586005,57.0,0.48821805028735216,-0.4250656639493491,0.1959672617316078,score_band_visibility,17,True
False,repeat_001::ep_165::line_165,Synergy,sce-2m,sce2m_synergy_run_0078,eval_run_0078_web_batch_20260622_141137,repeat_001,165,165,Win,True,51.0,51.0,-3.0,51.0,0.0,21838,14,14,13,0,0.0,1,0.0714285714285714,0,6,0.4285714285714285,14,1.0,2.8423714285714285,15.4517,0.2857142857142857,0.2857142857142857,0.3175357142857143,0.8552,0.3571428571428571,312.125,980.0,0.4285714285714285,1.0,5,0.3571428571428571,8,0.5714285714285714,0.0714285714285714,0.0714285714285714,0.2786269419602711,0.7993995745667284,0.3642857142857142,1.0,0.0260204081632653,0.0714285714285714,0.2671678381678363,0.7905041368126406,0.2165333333365993,0,5340,C:\Users\Binich\PycharmProjects\PredictionRTS\output\learner_results\all_data\synergy\sce2m_synergy_run_0078\final_eval\eval_run_0078_web_batch_20260622_141137,web_batch_20260622_141137,0.0051117401117342,0.004312006058887826,0.0021111142356387,0.0019279861543227,0.0002759322482531,-4.624445160787372e-05,0.0007967074735197,-0.0007534896012385,-6.193949700831493e-05,-0.0002559179566486,51.0,0.0051117401117342,57.0,0.48821805028735216,-0.4252679512371795,0.19590252979950207,score_band_visibility,18,True
False,repeat_001::ep_31::line_31,Synergy,sce-2m,sce2m_synergy_run_0078,eval_run_0078_web_batch_20260622_141137,repeat_001,31,31,Win,True,51.0,51.0,-3.0,51.0,0.0,4070,14,14,13,0,0.0,1,0.0714285714285714,0,6,0.4285714285714285,14,1.0,2.900535714285714,15.1571,0.2857142857142857,0.2857142857142857,0.3177214285714286,0.8566,0.3571428571428571,294.0,925.0,0.4285714285714285,1.0,5,0.3571428571428571,8,0.5714285714285714,0.0714285714285714,0.0714285714285714,0.2797188755436944,0.7979791612705758,0.3642857142857142,1.0,0.0260204081632653,0.0714285714285714,0.2676592082803767,0.7900069921589872,0.3320833333339361,0,5340,C:\Users\Binich\PycharmProjects\PredictionRTS\output\learner_results\all_data\synergy\sce2m_synergy_run_0078\final_eval\eval_run_0078_web_batch_20260622_141137,web_batch_20260622_141137,0.0050732463420583,0.004293961721429945,0.0021111142356387,0.0019279861543227,0.0002374384785772,-2.57950193898544e-05,0.0007967074735197,-0.0007534896012385,-2.1208918560916885e-05,-0.0002953897450736,51.0,0.0050732463420583,57.0,0.48821805028735216,-0.42886027590200276,0.1947529859067586,score_band_visibility,19,True
False,repeat_001::ep_129::line_129,Synergy,sce-2m,sce2m_synergy_run_0078,eval_run_0078_web_batch_20260622_141137,repeat_001,129,129,Win,True,51.0,51.0,-3.0,51.0,0.0,17036,14,14,13,0,0.0,1,0.0714285714285714,0,6,0.4285714285714285,14,1.0,3.2911214285714285,15.3917,0.3571428571428571,0.3571428571428571,0.2646142857142857,0.8556,0.2857142857142857,287.375,967.0,0.3809523809523809,1.0,4,0.2857142857142857,8,0.5714285714285714,0.0714285714285714,0.0714285714285714,0.2595036231555182,0.7991482081152503,0.3535714285714285,1.0,0.0252551020408163,0.0714285714285714,0.2548123447056974,0.7904161585546232,0.2656999999987401,0,5340,C:\Users\Binich\PycharmProjects\PredictionRTS\output\learner_results\all_data\synergy\sce2m_synergy_run_0078\final_eval\eval_run_0078_web_batch_20260622_141137,web_batch_20260622_141137,0.0050128725866949,0.0033987644745656995,0.0021111142356387,0.0018359307608747,0.0002691201166618,-0.0005604450910563,0.0007967074735197,-0.0010536630210729,-0.0007752647839819,-0.0002629031654021,51.0,0.0050128725866949,57.0,0.48821805028735216,-0.43449448975858257,0.19295003747265307,score_band_visibility,20,True
False,repeat_001::ep_96::line_96,Synergy,sce-2m,sce2m_synergy_run_0078,eval_run_0078_web_batch_20260622_141137,repeat_001,96,96,Win,True,51.0,51.0,-3.0,51.0,0.0,12670,14,14,14,0,0.0,1,0.0714285714285714,0,6,0.4285714285714285,14,1.0,3.28635,15.3181,0.3571428571428571,0.3571428571428571,0.2614142857142857,0.8554,0.2857142857142857,270.625,953.0,0.3809523809523809,1.0,4,0.2857142857142857,8,0.5714285714285714,0.0714285714285714,0.0714285714285714,0.2584877711837773,0.7986302614335199,0.3535714285714285,1.0,0.0252551020408163,0.0714285714285714,0.254355211318414,0.7902348772160176,0.2464166666662492,0,5340,C:\Users\Binich\PycharmProjects\PredictionRTS\output\learner_results\all_data\synergy\sce2m_synergy_run_0078\final_eval\eval_run_0078_web_batch_20260622_141137,web_batch_20260622_141137,0.004998836024009299,0.0033657033151874996,0.0021111142356387,0.0018359307608747,0.0002550835539762,-0.0005794696877489,0.0007967074735197,-0.0010536630210729,-0.0008131574168802,-0.0002772963577864,51.0,0.004998836024009299,57.0,0.48821805028735216,-0.4358044131765634,0.1925308619788992,score_band_visibility,21,True
False,repeat_001::ep_11::line_11,Synergy,sce-2m,sce2m_synergy_run_0078,eval_run_0078_web_batch_20260622_141137,repeat_001,11,11,Win,True,51.0,51.0,-3.0,51.0,0.0,1430,14,14,13,0,0.0,1,0.0714285714285714,0,6,0.4285714285714285,14,1.0,3.3135214285714283,15.1346,0.3571428571428571,0.3571428571428571,0.2648857142857143,0.8565,0.2857142857142857,271.875,918.0,0.3809523809523809,1.0,4,0.2857142857142857,8,0.5714285714285714,0.0714285714285714,0.0714285714285714,0.2599510149399395,0.7978068268442704,0.3535714285714285,1.0,0.0252551020408163,0.0714285714285714,0.255013671008687,0.7899466751097803,0.2688000000000319,0,5340,C:\Users\Binich\PycharmProjects\PredictionRTS\output\learner_results\all_data\synergy\sce2m_synergy_run_0078\final_eval\eval_run_0078_web_batch_20260622_141137,web_batch_20260622_141137,0.0049765206165799,0.0033707911348996996,0.0021111142356387,0.0018359307608747,0.0002327681465468,-0.0005520664606073,0.0007967074735197,-0.0010536630210729,-0.0007585764739521,-0.000300178737145,51.0,0.0049765206165799,57.0,0.48821805028735216,-0.43788693689895164,0.19186445438773497,score_band_visibility,22,True
False,repeat_001::ep_187::line_187,Synergy,sce-2m,sce2m_synergy_run_0078,eval_run_0078_web_batch_20260622_141137,repeat_001,187,187,Win,True,51.0,51.0,-3.0,51.0,0.0,24742,14,14,14,0,0.0,1,0.0714285714285714,0,6,0.4285714285714285,14,1.0,2.678728571428572,15.4905,0.2857142857142857,0.2857142857142857,0.2628357142857143,0.8795,0.2857142857142857,215.14285714285717,939.0,0.3571428571428571,1.0,4,0.2857142857142857,7,0.5,0.0714285714285714,0.0714285714285714,0.2389806803013594,0.8069287940605323,0.3178571428571428,1.0,0.022704081632653,0.0714285714285714,0.233077020421326,0.793139363635472,0.2997666666691619,0,11,C:\Users\Binich\PycharmProjects\PredictionRTS\output\learner_results\all_data\synergy\sce2m_synergy_run_0078\final_eval\eval_run_0078_web_batch_20260622_141137,web_batch_20260622_141137,0.0049168782730431,0.0013976294660470998,0.0021111142356387,0.0015290794493813,0.0004799771145034,-0.0014650077198086,0.0007967074735197,-0.0020542410871874,-0.0015407979140026,-4.668888249835418e-05,51.0,0.0049168782730431,57.0,0.48821805028735216,-0.4434528937683109,0.19008334818954,score_band_visibility,23,True
False,repeat_001::ep_152::line_152,Synergy,sce-2m,sce2m_synergy_run_0078,eval_run_0078_web_batch_20260622_141137,repeat_001,152,152,Win,True,51.0,51.0,-3.0,51.0,0.0,20092,14,14,14,0,0.0,1,0.0714285714285714,0,6,0.4285714285714285,14,1.0,2.6934357142857146,15.4553,0.2857142857142857,0.2857142857142857,0.2625142857142857,0.8794,0.2857142857142857,211.57142857142856,926.0,0.3571428571428571,1.0,4,0.2857142857142857,7,0.5,0.0714285714285714,0.0714285714285714,0.2391680362599871,0.8066818008823311,0.3178571428571428,1.0,0.022704081632653,0.0714285714285714,0.2331613306027085,0.7930529160231015,0.2781499999985707,0,11,C:\Users\Binich\PycharmProjects\PredictionRTS\output\learner_results\all_data\synergy\sce2m_synergy_run_0078\final_eval\eval_run_0078_web_batch_20260622_141137,web_batch_20260622_141137,0.0049101846589105,0.0013944446028446998,0.0021111142356387,0.0015290794493813,0.0004732835003708,-0.0014614989688784,0.0007967074735197,-0.0020542410871874,-0.0015338092869595,-5.355256259680303e-05,51.0,0.0049101846589105,57.0,0.48821805028735216,-0.4440775568072339,0.18988345601708465,score_band_visibility,24,True
False,repeat_001::ep_247::line_247,Synergy,sce-2m,sce2m_synergy_run_0078,eval_run_0078_web_batch_20260622_141137,repeat_001,247,247,Win,True,51.0,51.0,-3.0,51.0,0.0,32772,14,14,14,0,0.0,1,0.0714285714285714,0,5,0.3571428571428571,14,1.0,2.692828571428572,15.5415,0.2857142857142857,0.2857142857142857,0.2614857142857142,0.8714,0.2857142857142857,324.2857142857143,1008.0,0.3571428571428571,1.0,4,0.2857142857142857,7,0.5,0.0714285714285714,0.0714285714285714,0.2387750967923748,0.8048121265391617,0.3178571428571428,1.0,0.022704081632653,0.0714285714285714,0.2329845078422829,0.7923985300029923,0.1606599999973923,0,11,C:\Users\Binich\PycharmProjects\PredictionRTS\output\learner_results\all_data\synergy\sce2m_synergy_run_0078\final_eval\eval_run_0078_web_batch_20260622_141137,web_batch_20260622_141137,0.0048595157347813,0.0013364168162987,0.0021111142356387,0.0015290794493813,0.0004226145762416,-0.0014688578312952,0.0007967074735197,-0.0020542410871874,-0.0015484664529754,-0.00010550884201,51.0,0.0048595157347813,57.0,0.48821805028735216,-0.4488060941113717,0.18837032407976056,score_band_visibility,25,True
False,repeat_001::ep_182::line_182,Synergy,sce-2m,sce2m_synergy_run_0078,eval_run_0078_web_batch_20260622_141137,repeat_001,182,182,Win,True,54.0,54.0,3.0,54.0,0.0,24082,14,14,14,2,0.1428571428571428,1,0.0714285714285714,0,5,0.3571428571428571,14,1.0,1.82945,15.4879,0.2142857142857142,0.3571428571428571,0.4443785714285714,0.919,0.5,250.33333333333331,936.0,0.5476190476190477,1.0,7,0.5,9,0.6428571428571429,0.2142857142857142,0.0714285714285714,0.3341062747551733,0.8187627866556288,0.4714285714285714,1.0,0.033673469387755,0.0714285714285714,0.3296335379255423,0.7972812610437557,0.2442599999966432,0,2220,C:\Users\Binich\PycharmProjects\PredictionRTS\output\learner_results\all_data\synergy\sce2m_synergy_run_0078\final_eval\eval_run_0078_web_batch_20260622_141137,web_batch_20260622_141137,0.016290104585521402,0.016290104585521402,0.0030276616606627,0.0040852434558667,0.0011483023296425,0.0036619687717822,0.0011426007326455,0.0032243276349218,0.0028790824313403,0.0004046683232092,54.0,0.016290104585521402,57.0,0.7001795771849002,0.6179220181959949,0.6738571583084505,score_band_visibility,26,True
False,repeat_001::ep_184::line_184,Synergy,sce-2m,sce2m_synergy_run_0078,eval_run_0078_web_batch_20260622_141137,repeat_001,184,184,Win,True,54.0,54.0,6.0,54.0,0.0,24346,14,14,14,2,0.1428571428571428,1,0.0714285714285714,0,3,0.2142857142857142,14,1.0,2.4393,15.4766,0.2857142857142857,0.4285714285714285,0.3934428571428571,0.898,0.4285714285714285,242.88888888888889,938.0,0.5,1.0,6,0.4285714285714285,9,0.6428571428571429,0.2142857142857142,0.0714285714285714,0.3177997980103357,0.8123931780535865,0.4607142857142857,1.0,0.0329081632653061,0.0714285714285714,0.3185456233903653,0.795051898033041,0.2303666666705339,0,2220,C:\Users\Binich\PycharmProjects\PredictionRTS\output\learner_results\all_data\synergy\sce2m_synergy_run_0078\final_eval\eval_run_0078_web_batch_20260622_141137,web_batch_20260622_141137,0.0148182396123764,0.0148182396123764,0.0030276616606627,0.0039532219002849,0.0009007402807924,0.0030001821339748,0.0011426007326455,0.0027938329040161,0.0020067538600383,0.0001508164168734,54.0,0.0148182396123764,57.0,0.7001795771849002,0.4805642875596908,0.6299026845048332,score_band_visibility,27,True
False,repeat_001::ep_279::line_279,Synergy,sce-2m,sce2m_synergy_run_0078,eval_run_0078_web_batch_20260622_141137,repeat_001,279,279,Win,True,54.0,54.0,0.0,54.0,0.0,36996,14,14,14,2,0.1428571428571428,1,0.0714285714285714,0,4,0.2857142857142857,14,1.0,1.8405285714285715,15.5793,0.2142857142857142,0.3571428571428571,0.3819714285714286,0.8988,0.4285714285714285,548.875,2025.0,0.4761904761904762,1.0,6,0.4285714285714285,8,0.5714285714285714,0.2142857142857142,0.0714285714285714,0.2941072270894488,0.8132635549839129,0.425,1.0,0.0303571428571428,0.0714285714285714,0.2953839664759662,0.7953565299586551,0.3378000000004988,0,2220,C:\Users\Binich\PycharmProjects\PredictionRTS\output\learner_results\all_data\synergy\sce2m_synergy_run_0078\final_eval\eval_run_0078_web_batch_20260622_141137,web_batch_20260622_141137,0.0115946007018502,0.0115946007018502,0.0030276616606627,0.0035131500483457,0.0009345684654746,0.001617769327058,0.0011426007326455,0.0013588504676637,0.0007393000215853,0.0001855040808726,54.0,0.0115946007018502,57.0,0.7001795771849002,0.17972709582012963,0.5336347831481737,score_band_visibility,28,True
False,repeat_001::ep_5::line_5,Synergy,sce-2m,sce2m_synergy_run_0078,eval_run_0078_web_batch_20260622_141137,repeat_001,5,5,Win,True,57.0,57.0,3.0,57.0,0.0,658,14,14,13,2,0.1428571428571428,1,0.0714285714285714,0,5,0.3571428571428571,14,1.0,1.0950214285714286,15.1346,0.1428571428571428,0.2142857142857142,0.5703357142857143,0.9229,0.6428571428571429,335.1,885.0,0.6666666666666667,1.0,9,0.6428571428571429,10,0.7142857142857143,0.2142857142857142,0.0714285714285714,0.3888531838103747,0.8177268268442706,0.5035714285714286,1.0,0.035969387755102,0.0714285714285714,0.3655196470003829,0.7969186751097803,0.2319400000004634,0,3173,C:\Users\Binich\PycharmProjects\PredictionRTS\output\learner_results\all_data\synergy\sce2m_synergy_run_0078\final_eval\eval_run_0078_web_batch_20260622_141137,web_batch_20260622_141137,0.0261577528857928,0.0261577528857928,0.0039442090856867,0.0058379099760767,0.0014434690265285,0.0075608120070597,0.0014884939917713,0.0058828587986699,0.007565981688861,0.0004733860990688,57.0,0.0261577528857928,57.0,0.9121411040824483,1.538793023330605,1.1126697182418586,score_band_visibility,29,True
False,repeat_001::ep_216::line_216,Synergy,sce-2m,sce2m_synergy_run_0078,eval_run_0078_web_batch_20260622_141137,repeat_001,216,216,Win,True,57.0,57.0,3.0,57.0,0.0,28610,14,14,14,2,0.1428571428571428,1,0.0714285714285714,0,4,0.2857142857142857,14,1.0,1.1084357142857144,15.5181,0.0714285714285714,0.2142857142857142,0.5610071428571428,0.9229,0.6428571428571429,579.8888888888889,2013.0,0.6428571428571429,1.0,9,0.6428571428571429,9,0.6428571428571429,0.2142857142857142,0.0714285714285714,0.3785341798370568,0.8201185177187957,0.4928571428571429,1.0,0.035204081632653,0.0714285714285714,0.3571260952123898,0.7977557669158641,0.2498499999994408,0,3173,C:\Users\Binich\PycharmProjects\PredictionRTS\output\learner_results\all_data\synergy\sce2m_synergy_run_0078\final_eval\eval_run_0078_web_batch_20260622_141137,web_batch_20260622_141137,0.0248934157134312,0.0248934157134312,0.0039442090856867,0.0056659222583612,0.0015645647917238,0.0069081828291954,0.0014884939917713,0.0053220427566928,0.0068468468495791,0.0005975585680994,57.0,0.0248934157134312,57.0,0.9121411040824483,1.4208022511311484,1.0749126711380323,score_band_visibility,30,True
False,repeat_001::ep_208::line_208,Synergy,sce-2m,sce2m_synergy_run_0078,eval_run_0078_web_batch_20260622_141137,repeat_001,208,208,Win,True,57.0,57.0,-3.0,57.0,0.0,27544,14,14,14,2,0.1428571428571428,1,0.0714285714285714,0,3,0.2142857142857142,14,1.0,1.4424714285714286,15.5148,0.1428571428571428,0.2857142857142857,0.5090071428571429,0.9228,0.5714285714285714,567.1111111111111,2012.0,0.5952380952380952,1.0,8,0.5714285714285714,9,0.6428571428571429,0.2142857142857142,0.0714285714285714,0.3577553548329033,0.820068243999561,0.4821428571428571,1.0,0.034438775510204,0.0714285714285714,0.3440256239605208,0.797738171114132,0.2576000000071114,0,3173,C:\Users\Binich\PycharmProjects\PredictionRTS\output\learner_results\all_data\synergy\sce2m_synergy_run_0078\final_eval\eval_run_0078_web_batch_20260622_141137,web_batch_20260622_141137,0.0231394572169774,0.0231394572169774,0.0039442090856867,0.0054939345406457,0.0015620193396485,0.0058895735445095,0.0014884939917713,0.0047612267147157,0.0053987635831642,0.0005949484432245,57.0,0.0231394572169774,57.0,0.9121411040824483,1.2571189220901875,1.0225340058449248,score_band_visibility,31,True
False,repeat_001::ep_293::line_293,Synergy,sce-2m,sce2m_synergy_run_0078,eval_run_0078_web_batch_20260622_141137,repeat_001,293,293,Win,True,57.0,57.0,9.0,57.0,0.0,38824,14,14,14,2,0.1428571428571428,1,0.0714285714285714,0,3,0.2142857142857142,14,1.0,2.0431,15.5999,0.2142857142857142,0.3571428571428571,0.4543428571428571,0.9234,0.5,354.8888888888889,965.0,0.5476190476190477,1.0,7,0.5,9,0.6428571428571429,0.2142857142857142,0.0714285714285714,0.3401407591345389,0.8207693896460533,0.4714285714285714,1.0,0.033673469387755,0.0714285714285714,0.3323490558962568,0.7979835720904043,0.2525999999960504,0,3173,C:\Users\Binich\PycharmProjects\PredictionRTS\output\learner_results\all_data\synergy\sce2m_synergy_run_0078\final_eval\eval_run_0078_web_batch_20260622_141137,web_batch_20260622_141137,0.0215342581344637,0.0215342581344637,0.0039442090856867,0.0053219468229302,0.0015975196501107,0.0049816779112261,0.0014884939917713,0.0042004106727387,0.0041711965157113,0.000631350717031,57.0,0.0215342581344637,57.0,0.9121411040824483,1.1073181542096697,0.9745977601231592,score_band_visibility,32,True
False,repeat_001::ep_217::line_217,Synergy,sce-2m,sce2m_synergy_run_0078,eval_run_0078_web_batch_20260622_141137,repeat_001,217,217,Win,True,57.0,57.0,-3.0,57.0,0.0,28742,14,14,13,1,0.0714285714285714,1,0.0714285714285714,0,4,0.2857142857142857,14,1.0,1.4445571428571429,15.5316,0.1428571428571428,0.2142857142857142,0.5119214285714285,0.9229,0.5714285714285714,587.2222222222222,2014.0,0.5952380952380952,1.0,8,0.5714285714285714,9,0.6428571428571429,0.1428571428571428,0.0714285714285714,0.3586534354723426,0.8202014010872802,0.4571428571428571,1.0,0.0326530612244897,0.0714285714285714,0.3356797602482684,0.7977847760948338,0.2407500000032314,0,3173,C:\Users\Binich\PycharmProjects\PredictionRTS\output\learner_results\all_data\synergy\sce2m_synergy_run_0078\final_eval\eval_run_0078_web_batch_20260622_141137,web_batch_20260622_141137,0.020787402512605798,0.020787402512605798,0.0039442090856867,0.0050926298659762,0.0015687613310991,0.0052406522879699,0.0014884939917713,0.0034526559501026,0.0054613511233934,0.000601861729773,57.0,0.020787402512605798,57.0,0.9121411040824483,1.0376199174806806,0.9522943243698827,score_band_visibility,33,True
False,repeat_001::ep_220::line_220,Synergy,sce-2m,sce2m_synergy_run_0078,eval_run_0078_web_batch_20260622_141137,repeat_001,220,220,Win,True,57.0,57.0,3.0,57.0,0.0,29138,14,14,13,2,0.1428571428571428,1,0.0714285714285714,0,5,0.3571428571428571,14,1.0,1.11,15.54,0.0714285714285714,0.2142857142857142,0.4969714285714285,0.923,0.5714285714285714,632.0,2015.0,0.5714285714285714,1.0,8,0.5714285714285714,8,0.5714285714285714,0.2142857142857142,0.0714285714285714,0.3379044949099451,0.8202829287392326,0.4464285714285714,1.0,0.0318877551020408,0.0714285714285714,0.3225927369951896,0.797813310773017,0.2458399999994753,0,3173,C:\Users\Binich\PycharmProjects\PredictionRTS\output\learner_results\all_data\synergy\sce2m_synergy_run_0078\final_eval\eval_run_0078_web_batch_20260622_141137,web_batch_20260622_141137,0.0190411629959633,0.0190411629959633,0.0039442090856867,0.0049206421482607,0.0015728892280204,0.0042230886340986,0.0014884939917713,0.0028918399081256,0.0040153505137228,0.0006060945049803,57.0,0.0190411629959633,57.0,0.9121411040824483,0.8746569408966727,0.9001461718630002,score_band_visibility,34,True
False,repeat_001::ep_155::line_155,Synergy,sce-2m,sce2m_synergy_run_0078,eval_run_0078_web_batch_20260622_141137,repeat_001,155,155,Win,True,57.0,57.0,3.0,57.0,0.0,20488,14,14,14,2,0.1428571428571428,1,0.0714285714285714,0,3,0.2142857142857142,14,1.0,1.4562857142857144,15.4458,0.2142857142857142,0.2857142857142857,0.4539642857142857,0.9225,0.5,319.1111111111111,928.0,0.5476190476190477,1.0,7,0.5,9,0.6428571428571429,0.2142857142857142,0.0714285714285714,0.3272822197995249,0.819553134505498,0.4464285714285714,1.0,0.0318877551020408,0.0714285714285714,0.3178127131955005,0.79755788279121,0.2473000000004314,0,3173,C:\Users\Binich\PycharmProjects\PredictionRTS\output\learner_results\all_data\synergy\sce2m_synergy_run_0078\final_eval\eval_run_0078_web_batch_20260622_141137,web_batch_20260622_141137,0.018632547919348,0.018632547919348,0.0039442090856867,0.0049206421482607,0.0015359383862079,0.0038514243992958,0.0014884939917713,0.0028918399081256,0.0032750806074321,0.0005682048458892,57.0,0.018632547919348,57.0,0.9121411040824483,0.8365240682135698,0.8879436526044072,score_band_visibility,35,True
False,repeat_001::ep_122::line_122,Synergy,sce-2m,sce2m_synergy_run_0078,eval_run_0078_web_batch_20260622_141137,repeat_001,122,122,Win,True,57.0,57.0,-3.0,57.0,0.0,16092,14,14,14,2,0.1428571428571428,1,0.0714285714285714,0,3,0.2142857142857142,14,1.0,1.4518714285714285,15.3767,0.2142857142857142,0.2857142857142857,0.4542285714285713,0.9223,0.5,331.55555555555554,917.0,0.5476190476190477,1.0,7,0.5,9,0.6428571428571429,0.2142857142857142,0.0714285714285714,0.3274165788712875,0.8190650921120555,0.4464285714285714,1.0,0.0318877551020408,0.0714285714285714,0.3178731747777936,0.7973870679535051,0.2115333333326437,0,3173,C:\Users\Binich\PycharmProjects\PredictionRTS\output\learner_results\all_data\synergy\sce2m_synergy_run_0078\final_eval\eval_run_0078_web_batch_20260622_141137,web_batch_20260622_141137,0.018612538531558198,0.018612538531558198,0.0039442090856867,0.0049206421482607,0.0015112278905033,0.0038561255072106,0.0014884939917713,0.0028918399081256,0.0032844441360952,0.0005428665257781,57.0,0.018612538531558198,57.0,0.9121411040824483,0.834656747400604,0.8873461099442581,score_band_visibility,36,True
False,repeat_001::ep_26::line_26,Synergy,sce-2m,sce2m_synergy_run_0078,eval_run_0078_web_batch_20260622_141137,repeat_001,26,26,Win,True,57.0,57.0,-3.0,57.0,0.0,3410,14,14,14,2,0.1428571428571428,1,0.0714285714285714,0,3,0.2142857142857142,14,1.0,1.4987857142857144,15.1363,0.2142857142857142,0.2857142857142857,0.4542,0.923,0.5,316.0,889.0,0.5476190476190477,1.0,7,0.5,9,0.6428571428571429,0.2142857142857142,0.0714285714285714,0.3286106111534235,0.817767589899866,0.4464285714285714,1.0,0.0318877551020408,0.0714285714285714,0.3184104893047548,0.7969329421792388,0.1955999999990373,0,3173,C:\Users\Binich\PycharmProjects\PredictionRTS\output\learner_results\all_data\synergy\sce2m_synergy_run_0078\final_eval\eval_run_0078_web_batch_20260622_141137,web_batch_20260622_141137,0.0185886217356585,0.0185886217356585,0.0039442090856867,0.0049206421482607,0.0014455329359834,0.0038979036658308,0.0014884939917713,0.0028918399081256,0.0033676566453191,0.0004755024466756,57.0,0.0185886217356585,57.0,0.9121411040824483,0.8324247785251883,0.8866318799041251,score_band_visibility,37,True
False,repeat_001::ep_22::line_22,Synergy,sce-2m,sce2m_synergy_run_0078,eval_run_0078_web_batch_20260622_141137,repeat_001,22,22,Win,True,57.0,57.0,3.0,57.0,0.0,2882,14,14,14,2,0.1428571428571428,1,0.0714285714285714,0,3,0.2142857142857142,14,1.0,1.4872,15.1214,0.2142857142857142,0.2857142857142857,0.4541571428571428,0.9229,0.5,315.22222222222223,888.0,0.5476190476190477,1.0,7,0.5,9,0.6428571428571429,0.2142857142857142,0.0714285714285714,0.3284263665252204,0.8176432053149905,0.4464285714285714,1.0,0.0318877551020408,0.0714285714285714,0.3183275792220634,0.7968894075745323,0.170866666666806,0,3173,C:\Users\Binich\PycharmProjects\PredictionRTS\output\learner_results\all_data\synergy\sce2m_synergy_run_0078\final_eval\eval_run_0078_web_batch_20260622_141137,web_batch_20260622_141137,0.0185758773519084,0.0185758773519084,0.0039442090856867,0.0049206421482607,0.0014392351126967,0.0038914571053674,0.0014884939917713,0.0028918399081256,0.0033548165755377,0.0004690446133586,57.0,0.0185758773519084,57.0,0.9121411040824483,0.831235444135002,0.8862512928992655,score_band_visibility,38,True
False,repeat_001::ep_281::line_281,Synergy,sce-2m,sce2m_synergy_run_0078,eval_run_0078_web_batch_20260622_141137,repeat_001,281,281,Win,True,57.0,57.0,18.0,57.0,0.0,37250,13,13,13,0,0.0,1,0.0769230769230769,0,4,0.3076923076923077,13,1.0,1.5596076923076925,15.5808,0.1538461538461538,0.1538461538461538,0.4709076923076923,0.8991,0.5384615384615384,368.75,1023.0,0.5641025641025641,1.0,7,0.5384615384615384,8,0.6153846153846154,0.0769230769230769,0.0769230769230769,0.3390734325692901,0.8133627245434076,0.4153846153846153,1.0,0.0319526627218934,0.0769230769230769,0.3133522754254113,0.7962154151286541,0.3402249999986395,0,3602,C:\Users\Binich\PycharmProjects\PredictionRTS\output\learner_results\all_data\synergy\sce2m_synergy_run_0078\final_eval\eval_run_0078_web_batch_20260622_141137,web_batch_20260622_141137,0.016960154930201702,0.016960154930201702,0.0044231778406231,0.0049352288777711,0.0013417337032023,0.0035046091405906,0.0014884939917713,0.0012669113762433,0.0040968141702886,0.0002468094274878,57.0,0.016960154930201702,57.0,0.9121411040824483,0.6804526147090029,0.8380007874829458,score_band_visibility,39,True
False,repeat_001::ep_249::line_249,Synergy,sce-2m,sce2m_synergy_run_0078,eval_run_0078_web_batch_20260622_141137,repeat_001,249,249,Win,True,57.0,57.0,3.0,57.0,0.0,33036,14,14,14,0,0.0,1,0.0714285714285714,0,6,0.4285714285714285,14,1.0,2.0696,15.5504,0.2142857142857142,0.2142857142857142,0.4461571428571428,0.8996,0.5,241.77777777777777,956.0,0.5476190476190477,1.0,7,0.5,9,0.6428571428571429,0.0714285714285714,0.0714285714285714,0.3380045048075952,0.8133266779385058,0.4214285714285714,1.0,0.0301020408163265,0.0714285714285714,0.3138877414491321,0.7953786229927626,0.1927666666693047,0,3602,C:\Users\Binich\PycharmProjects\PredictionRTS\output\learner_results\all_data\synergy\sce2m_synergy_run_0078\final_eval\eval_run_0078_web_batch_20260622_141137,web_batch_20260622_141137,0.016302234554958703,0.016302234554958703,0.0039442090856867,0.0045193374735912,0.0012206812890361,0.003546243571361,0.0014884939917713,0.0015832691435124,0.0040223202369499,0.000244937949874,57.0,0.016302234554958703,57.0,0.9121411040824483,0.6190540140685751,0.818353235278009,score_band_visibility,40,True
False,repeat_001::ep_106::line_106,Synergy,sce-2m,sce2m_synergy_run_0078,eval_run_0078_web_batch_20260622_141137,repeat_001,106,106,Win,True,57.0,57.0,-3.0,57.0,0.0,13990,14,14,13,1,0.0714285714285714,1,0.0714285714285714,0,3,0.2142857142857142,14,1.0,1.4507785714285717,15.3517,0.2142857142857142,0.2142857142857142,0.4385357142857143,0.9221,0.5,299.8888888888889,958.0,0.5476190476190477,1.0,7,0.5,9,0.6428571428571429,0.1428571428571428,0.0714285714285714,0.3227347679485332,0.8188496539088108,0.4214285714285714,1.0,0.0301020408163265,0.0714285714285714,0.3070163598625542,0.7973116645823695,0.2450666666694208,0,3173,C:\Users\Binich\PycharmProjects\PredictionRTS\output\learner_results\all_data\synergy\sce2m_synergy_run_0078\final_eval\eval_run_0078_web_batch_20260622_141137,web_batch_20260622_141137,0.016047598210036804,0.016047598210036804,0.0039442090856867,0.0045193374735912,0.0015003198528668,0.0030119686626084,0.0014884939917713,0.0015832691435124,0.0029581671665166,0.0005316813454919,57.0,0.016047598210036804,57.0,0.9121411040824483,0.595290780949942,0.8107490006800463,score_band_visibility,41,True
False,repeat_001::ep_192::line_192,Synergy,sce-2m,sce2m_synergy_run_0078,eval_run_0078_web_batch_20260622_141137,repeat_001,192,192,Win,True,57.0,57.0,-3.0,57.0,0.0,25402,14,14,14,2,0.1428571428571428,1,0.0714285714285714,0,4,0.2857142857142857,14,1.0,2.0605571428571428,15.4985,0.2142857142857142,0.3571428571428571,0.3898928571428571,0.9227,0.4285714285714285,328.0,941.0,0.4761904761904762,1.0,6,0.4285714285714285,8,0.5714285714285714,0.2142857142857142,0.0714285714285714,0.2995817190852508,0.8199380271388512,0.425,1.0,0.0303571428571428,0.0714285714285714,0.2978474878740771,0.7976925952128836,0.2087000000017269,0,3173,C:\Users\Binich\PycharmProjects\PredictionRTS\output\learner_results\all_data\synergy\sce2m_synergy_run_0078\final_eval\eval_run_0078_web_batch_20260622_141137,web_batch_20260622_141137,0.0156340593512382,0.0156340593512382,0.0039442090856867,0.0045766667128297,0.0015554262173697,0.0022990555194093,0.0014884939917713,0.0017702078241715,0.0013446234450259,0.000588187808196,57.0,0.0156340593512382,57.0,0.9121411040824483,0.5566984099030721,0.798399441945048,score_band_visibility,42,True
False,repeat_001::ep_81::line_81,Synergy,sce-2m,sce2m_synergy_run_0078,eval_run_0078_web_batch_20260622_141137,repeat_001,81,81,Win,True,57.0,57.0,-3.0,57.0,0.0,10720,14,14,14,2,0.1428571428571428,1,0.0714285714285714,0,4,0.2857142857142857,14,1.0,2.0647214285714286,15.2835,0.2142857142857142,0.3571428571428571,0.3900785714285714,0.9234,0.4285714285714285,329.5,903.0,0.4761904761904762,1.0,6,0.4285714285714285,8,0.5714285714285714,0.2142857142857142,0.0714285714285714,0.2999017106547954,0.8188140554116321,0.425,1.0,0.0303571428571428,0.0714285714285714,0.2979914840803722,0.797299205108357,0.2457749999997815,0,3173,C:\Users\Binich\PycharmProjects\PredictionRTS\output\learner_results\all_data\synergy\sce2m_synergy_run_0078\final_eval\eval_run_0078_web_batch_20260622_141137,web_batch_20260622_141137,0.015588346797232198,0.015588346797232198,0.0039442090856867,0.0045766667128297,0.0014985174346272,0.0023102517481458,0.0014884939917713,0.0017702078241715,0.0013669237645656,0.0005298331328589,57.0,0.015588346797232198,57.0,0.9121411040824483,0.5524324121421244,0.7970343226615446,score_band_visibility,43,True
False,repeat_001::ep_257::line_257,Synergy,sce-2m,sce2m_synergy_run_0078,eval_run_0078_web_batch_20260622_141137,repeat_001,257,257,Win,True,57.0,57.0,-3.0,57.0,0.0,34092,14,14,12,0,0.0,1,0.0714285714285714,0,4,0.2857142857142857,14,1.0,1.251807142857143,7.7963,0.2142857142857142,0.2142857142857142,0.4576928571428572,0.9231,0.5,460.6666666666667,2019.0,0.5476190476190477,1.0,7,0.5,9,0.6428571428571429,0.0714285714285714,0.0714285714285714,0.3328106535333918,0.7521641778909098,0.4214285714285714,1.0,0.0301020408163265,0.0714285714285714,0.3115505083757405,0.7739717479761041,0.2048666666685979,0,3173,C:\Users\Binich\PycharmProjects\PredictionRTS\output\learner_results\all_data\synergy\sce2m_synergy_run_0078\final_eval\eval_run_0078_web_batch_20260622_141137,web_batch_20260622_141137,0.0148998248942282,0.0130237348473828,0.0039442090856867,0.0045193374735912,-0.0018760900468454,0.0033645151996666,0.0014884939917713,0.0015832691435124,0.0036603590039678,-0.0029305136621598,57.0,0.0148998248942282,57.0,0.9121411040824483,0.48817800850077764,0.7764729134963138,score_band_visibility,44,True
False,repeat_001::ep_120::line_120,Synergy,sce-2m,sce2m_synergy_run_0078,eval_run_0078_web_batch_20260622_141137,repeat_001,120,120,Win,True,57.0,57.0,-3.0,57.0,0.0,15828,14,14,14,1,0.0714285714285714,1,0.0714285714285714,0,3,0.2142857142857142,14,1.0,0.8742071428571428,7.2697,0.2142857142857142,0.2142857142857142,0.4539785714285714,0.9222,0.5,210.77777777777777,456.0,0.5476190476190477,1.0,7,0.5,9,0.6428571428571429,0.1428571428571428,0.0714285714285714,0.322090204520234,0.7450404582592633,0.4214285714285714,1.0,0.0301020408163265,0.0714285714285714,0.3067263063198196,0.7714784461050279,0.1959999999989747,0,3173,C:\Users\Binich\PycharmProjects\PredictionRTS\output\learner_results\all_data\synergy\sce2m_synergy_run_0078\final_eval\eval_run_0078_web_batch_20260622_141137,web_batch_20260622_141137,0.014524725639332202,0.012287948394563703,0.0039442090856867,0.0045193374735912,-0.0022367772447685,0.0029894159447706,0.0014884939917713,0.0015832691435124,0.0029132473255498,-0.0033003649103983,57.0,0.014524725639332202,57.0,0.9121411040824483,0.45317290724764325,0.7652712810953107,score_band_visibility,45,True
False,repeat_001::ep_89::line_89,Synergy,sce-2m,sce2m_synergy_run_0078,eval_run_0078_web_batch_20260622_141137,repeat_001,89,89,Win,True,57.0,57.0,18.0,57.0,0.0,11746,13,13,12,0,0.0,1,0.0769230769230769,0,3,0.2307692307692307,13,1.0,1.3099769230769231,7.1657,0.2307692307692307,0.2307692307692307,0.4298846153846153,0.9409,0.4615384615384615,180.875,447.0,0.5128205128205129,1.0,6,0.4615384615384615,8,0.6153846153846154,0.0769230769230769,0.0769230769230769,0.3159819267669376,0.7492471695881904,0.4038461538461538,1.0,0.0310650887573964,0.0769230769230769,0.2989226362758911,0.7737749708943281,0.2734000000010894,0,3173,C:\Users\Binich\PycharmProjects\PredictionRTS\output\learner_results\all_data\synergy\sce2m_synergy_run_0078\final_eval\eval_run_0078_web_batch_20260622_141137,web_batch_20260622_141137,0.0136930435213343,0.011788487216526103,0.0044231778406231,0.0047357638323733,-0.0019045563048082,0.002382652217837,0.0014884939917713,0.0006629556387296,0.0024875594053043,-0.0030819597068764,57.0,0.0136930435213343,57.0,0.9121411040824483,0.37555847221228184,0.7404346618839951,score_band_visibility,46,True
False,repeat_001::ep_168::line_168,Synergy,sce-2m,sce2m_synergy_run_0078,eval_run_0078_web_batch_20260622_141137,repeat_001,168,168,Win,True,57.0,57.0,3.0,57.0,0.0,22244,14,14,13,0,0.0,1,0.0714285714285714,0,7,0.5,14,1.0,3.2784214285714284,15.4502,0.3571428571428571,0.3571428571428571,0.3248714285714285,0.8553,0.3571428571428571,289.1111111111111,981.0,0.4523809523809524,1.0,5,0.3571428571428571,9,0.6428571428571429,0.0714285714285714,0.0714285714285714,0.2988100172070475,0.7994203117460766,0.4,1.0,0.0285714285714285,0.0714285714285714,0.2887502220288856,0.7905113948254125,0.2331285714274957,0,5340,C:\Users\Binich\PycharmProjects\PredictionRTS\output\learner_results\all_data\synergy\sce2m_synergy_run_0078\final_eval\eval_run_0078_web_batch_20260622_141137,web_batch_20260622_141137,0.012177988247708101,0.012177988247708101,0.0039442090856867,0.0041753620381602,0.0005165760582579,0.0015917100142737,0.0014884939917713,0.0004616370595583,0.0012908432829492,-0.0004770566204741,57.0,0.012177988247708101,57.0,0.9121411040824483,0.23417012615415597,0.6951903911453948,score_band_visibility,47,True
False,repeat_001::ep_50::line_50,Synergy,sce-2m,sce2m_synergy_run_0078,eval_run_0078_web_batch_20260622_141137,repeat_001,50,50,Win,True,57.0,57.0,3.0,57.0,0.0,6558,13,13,13,0,0.0,1,0.0769230769230769,0,5,0.3846153846153846,13,1.0,3.5819846153846155,15.2307,0.3846153846153846,0.3846153846153846,0.2909076923076923,0.8961,0.3076923076923077,263.375,935.0,0.4102564102564102,1.0,4,0.3076923076923077,8,0.6153846153846154,0.0769230769230769,0.0769230769230769,0.2818507458841363,0.8102929796240295,0.3807692307692307,1.0,0.0292899408284023,0.0769230769230769,0.2754866818017075,0.7951410044068719,0.2348999999995271,0,5340,C:\Users\Binich\PycharmProjects\PredictionRTS\output\learner_results\all_data\synergy\sce2m_synergy_run_0078\final_eval\eval_run_0078_web_batch_20260622_141137,web_batch_20260622_141137,0.011995233896027201,0.011450278059729401,0.0044231778406231,0.0043368337415776,0.0011863067983602,0.000560421523695,0.0014884939917713,-0.0005449558362978,0.0001089459904705,8.743356081812493e-05,57.0,0.011995233896027201,57.0,0.9121411040824483,0.2171150813852331,0.6897327768193395,score_band_visibility,48,True
False,repeat_001::ep_30::line_30,Synergy,sce-2m,sce2m_synergy_run_0078,eval_run_0078_web_batch_20260622_141137,repeat_001,30,30,Win,True,57.0,57.0,18.0,57.0,0.0,3938,13,13,13,0,0.0,1,0.0769230769230769,0,4,0.3076923076923077,13,1.0,3.220446153846154,15.1445,0.3846153846153846,0.3846153846153846,0.2949461538461538,0.895,0.3076923076923077,239.875,924.0,0.4102564102564102,1.0,4,0.3076923076923077,8,0.6153846153846154,0.0769230769230769,0.0769230769230769,0.2773711358937417,0.8094194853745353,0.3807692307692307,1.0,0.0292899408284023,0.0769230769230769,0.2734708573060299,0.7948352814195488,0.2509500000007492,0,5340,C:\Users\Binich\PycharmProjects\PredictionRTS\output\learner_results\all_data\synergy\sce2m_synergy_run_0078\final_eval\eval_run_0078_web_batch_20260622_141137,web_batch_20260622_141137,0.011794269568821299,0.011249313732523499,0.0044231778406231,0.0043368337415776,0.0011420801570067,0.0004036838378426,0.0014884939917713,-0.0005449558362978,-0.0002032395284824,4.208324452137542e-05,57.0,0.011794269568821299,57.0,0.9121411040824483,0.19836064097968986,0.6837313558895657,score_band_visibility,49,True
False,repeat_001::ep_283::line_283,Synergy,sce-2m,sce2m_synergy_run_0078,eval_run_0078_web_batch_20260622_141137,repeat_001,283,283,Win,True,57.0,57.0,-3.0,57.0,0.0,37504,14,14,14,2,0.1428571428571428,1,0.0714285714285714,0,3,0.2142857142857142,14,1.0,1.4492142857142858,15.5919,0.1428571428571428,0.2857142857142857,0.3809357142857142,0.9233,0.4285714285714285,647.4285714285714,2026.0,0.4523809523809524,1.0,6,0.4285714285714285,7,0.5,0.2142857142857142,0.0714285714285714,0.2765334293149759,0.8206905458758436,0.3892857142857143,1.0,0.0278061224489795,0.0714285714285714,0.2749757574774534,0.7979559767708309,0.3294666666657046,0,3173,C:\Users\Binich\PycharmProjects\PredictionRTS\output\learner_results\all_data\synergy\sce2m_synergy_run_0078\final_eval\eval_run_0078_web_batch_20260622_141137,web_batch_20260622_141137,0.011550300340338802,0.01145112135792012,0.0039442090856867,0.0040033743204447,0.0015935276431227,0.0005206952993134,0.0014884939917713,-9.917898241868075e-05,-0.0002616195802242,0.0006272572843392,57.0,0.011550300340338802,57.0,0.9121411040824483,0.1755928870206829,0.6764456746226835,score_band_visibility,50,True
False,repeat_001::ep_264::line_264,Synergy,sce-2m,sce2m_synergy_run_0078,eval_run_0078_web_batch_20260622_141137,repeat_001,264,264,Win,True,57.0,57.0,-3.0,57.0,0.0,35016,14,14,14,2,0.1428571428571428,1,0.0714285714285714,0,3,0.2142857142857142,14,1.0,1.454392857142857,15.5714,0.1428571428571428,0.2857142857142857,0.3807571428571429,0.9232,0.4285714285714285,620.7142857142857,2022.0,0.4523809523809524,1.0,6,0.4285714285714285,7,0.5,0.2142857142857142,0.0714285714285714,0.2765931474312009,0.8205352442181499,0.3892857142857143,1.0,0.0278061224489795,0.0714285714285714,0.2750026306297546,0.7979016211906381,0.2180999999978894,0,3173,C:\Users\Binich\PycharmProjects\PredictionRTS\output\learner_results\all_data\synergy\sce2m_synergy_run_0078\final_eval\eval_run_0078_web_batch_20260622_141137,web_batch_20260622_141137,0.0115445266133763,0.01144534763095762,0.0039442090856867,0.0040033743204447,0.0015856644308343,0.0005227847846393,0.0014884939917713,-9.917898241868075e-05,-0.0002574578047249,0.0006191942898754,57.0,0.0115445266133763,57.0,0.9121411040824483,0.17505406990949898,0.6762732531471045,score_band_visibility,51,True
False,repeat_001::ep_95::line_95,Synergy,sce-2m,sce2m_synergy_run_0078,eval_run_0078_web_batch_20260622_141137,repeat_001,95,95,Win,True,57.0,57.0,18.0,57.0,0.0,12538,13,13,12,0,0.0,1,0.0769230769230769,0,6,0.4615384615384615,13,1.0,3.371046153846154,15.2998,0.3846153846153846,0.3846153846153846,0.2858846153846154,0.8738,0.3076923076923077,248.625,952.0,0.4102564102564102,1.0,4,0.3076923076923077,8,0.6153846153846154,0.0769230769230769,0.0769230769230769,0.2774542366967978,0.8040359833674575,0.3807692307692307,1.0,0.0292899408284023,0.0769230769230769,0.2735082526674052,0.7929510557170716,0.27245000000183,0,5340,C:\Users\Binich\PycharmProjects\PredictionRTS\output\learner_results\all_data\synergy\sce2m_synergy_run_0078\final_eval\eval_run_0078_web_batch_20260622_141137,web_batch_20260622_141137,0.0115246004569672,0.0109796446206694,0.0044231778406231,0.0043368337415776,0.0008695034198032,0.000406591463192,0.0014884939917713,-0.0005449558362978,-0.0001974482057148,-0.0002374189032564,57.0,0.0115246004569672,57.0,0.9121411040824483,0.17319451643509987,0.6756781960352969,score_band_visibility,52,True
False,repeat_001::ep_57::line_57,Synergy,sce-2m,sce2m_synergy_run_0078,eval_run_0078_web_batch_20260622_141137,repeat_001,57,57,Win,True,57.0,57.0,-3.0,57.0,0.0,7492,14,14,14,1,0.0714285714285714,1,0.0714285714285714,0,4,0.2857142857142857,14,1.0,1.5000285714285713,8.6767,0.2142857142857142,0.2857142857142857,0.3895357142857142,0.9233,0.4285714285714285,193.875,438.0,0.4761904761904762,1.0,6,0.4285714285714285,8,0.5714285714285714,0.1428571428571428,0.0714285714285714,0.2946131696839252,0.7628194024104902,0.3999999999999999,1.0,0.0285714285714285,0.0714285714285714,0.2868616406434807,0.7777010765579573,0.1657000000001574,0,3173,C:\Users\Binich\PycharmProjects\PredictionRTS\output\learner_results\all_data\synergy\sce2m_synergy_run_0078\final_eval\eval_run_0078_web_batch_20260622_141137,web_batch_20260622_141137,0.0115145681181895,0.0101779719416722,0.0039442090856867,0.0041753620381602,-0.0013365961765173,0.001444865943013,0.0014884939917713,0.0004616370595583,0.0009983635749429,-0.0023773127653529,57.0,0.0115145681181895,57.0,0.9121411040824483,0.17225827614633543,0.6753785991428922,score_band_visibility,53,True
False,repeat_001::ep_172::line_172,Synergy,sce-2m,sce2m_synergy_run_0078,eval_run_0078_web_batch_20260622_141137,repeat_001,172,172,Win,True,57.0,57.0,-3.0,57.0,0.0,22762,14,14,14,2,0.1428571428571428,1,0.0714285714285714,0,3,0.2142857142857142,14,1.0,1.4463285714285714,15.4726,0.1428571428571428,0.2857142857142857,0.3805357142857142,0.9225,0.4285714285714285,605.8571428571429,2003.0,0.4523809523809524,1.0,6,0.4285714285714285,7,0.5,0.2142857142857142,0.0714285714285714,0.2764649474845579,0.8197185230404436,0.3892857142857143,1.0,0.0278061224489795,0.0714285714285714,0.2749449406537653,0.7976157687784409,0.1929333333284451,0,3173,C:\Users\Binich\PycharmProjects\PredictionRTS\output\learner_results\all_data\synergy\sce2m_synergy_run_0078\final_eval\eval_run_0078_web_batch_20260622_141137,web_batch_20260622_141137,0.011498688892982601,0.01139950991056392,0.0039442090856867,0.0040033743204447,0.0015443123158854,0.0005182991791945,0.0014884939917713,-9.917898241868075e-05,-0.0002663921018977,0.0005767915336389,57.0,0.011498688892982601,57.0,0.9121411040824483,0.17077639134135783,0.6749043960052994,score_band_visibility,54,True
False,repeat_001::ep_45::line_45,Synergy,sce-2m,sce2m_synergy_run_0078,eval_run_0078_web_batch_20260622_141137,repeat_001,45,45,Win,True,57.0,57.0,3.0,57.0,0.0,5918,14,14,14,1,0.0714285714285714,1,0.0714285714285714,0,3,0.2142857142857142,14,1.0,1.4874928571428572,15.1928,0.2142857142857142,0.2142857142857142,0.3930428571428571,0.9231,0.4285714285714285,322.25,895.0,0.4761904761904762,1.0,6,0.4285714285714285,8,0.5714285714285714,0.1428571428571428,0.0714285714285714,0.288567374467965,0.8181544768346511,0.3749999999999999,1.0,0.0267857142857142,0.0714285714285714,0.2753910327962985,0.7970683526064135,0.3360000000007801,0,3173,C:\Users\Binich\PycharmProjects\PredictionRTS\output\learner_results\all_data\synergy\sce2m_synergy_run_0078\final_eval\eval_run_0078_web_batch_20260622_141137,web_batch_20260622_141137,0.0112248666489515,0.0103779329438968,0.0039442090856867,0.0037740573634907,0.0014651217423424,0.0005529844656604,0.0014884939917713,-0.0008469337050547,0.0005770300836289,0.0004955889496763,57.0,0.0112248666489515,57.0,0.9121411040824483,0.1452226872148945,0.6667272106848311,score_band_visibility,55,True
False,repeat_001::ep_34::line_34,Synergy,sce-2m,sce2m_synergy_run_0078,eval_run_0078_web_batch_20260622_141137,repeat_001,34,34,Win,True,57.0,57.0,-3.0,57.0,0.0,4466,14,14,14,1,0.0714285714285714,1,0.0714285714285714,0,3,0.2142857142857142,14,1.0,1.5020214285714284,15.1565,0.2142857142857142,0.2142857142857142,0.3930214285714286,0.923,0.4285714285714285,320.125,892.0,0.4761904761904762,1.0,6,0.4285714285714285,8,0.5714285714285714,0.1428571428571428,0.0714285714285714,0.2888577532383238,0.8178953689901218,0.3749999999999999,1.0,0.0267857142857142,0.0714285714285714,0.27552170324296,0.7969776648608282,0.2742666666672259,0,3173,C:\Users\Binich\PycharmProjects\PredictionRTS\output\learner_results\all_data\synergy\sce2m_synergy_run_0078\final_eval\eval_run_0078_web_batch_20260622_141137,web_batch_20260622_141137,0.011221907638472,0.010374973933417301,0.0039442090856867,0.0037740573634907,0.0014520026294021,0.0005631445681212,0.0014884939917713,-0.0008469337050547,0.0005972666772859,0.0004821365168627,57.0,0.011221907638472,57.0,0.9121411040824483,0.14494654574009289,0.6666388454128946,score_band_visibility,56,True
False,repeat_001::ep_48::line_48,Synergy,sce-2m,sce2m_synergy_run_0078,eval_run_0078_web_batch_20260622_141137,repeat_001,48,48,Win,True,57.0,57.0,3.0,57.0,0.0,6304,14,14,13,1,0.0714285714285714,1,0.0714285714285714,0,6,0.4285714285714285,14,1.0,2.7106142857142856,15.223,0.2857142857142857,0.3571428571428571,0.3274642857142857,0.8815,0.3571428571428571,184.75,897.0,0.4285714285714285,1.0,5,0.3571428571428571,8,0.5714285714285714,0.1428571428571428,0.0714285714285714,0.2805586340477008,0.8058645819291916,0.3892857142857143,1.0,0.0278061224489795,0.0714285714285714,0.2767870996071797,0.7927668893895028,0.2233833333331603,0,3602,C:\Users\Binich\PycharmProjects\PredictionRTS\output\learner_results\all_data\synergy\sce2m_synergy_run_0078\final_eval\eval_run_0078_web_batch_20260622_141137,web_batch_20260622_141137,0.010940472600083802,0.01084129361766512,0.0039442090856867,0.0040033743204447,0.000842861464646,0.0006615337375351,0.0014884939917713,-9.917898241868075e-05,1.889828429348465e-05,-0.0001424812168292,57.0,0.010940472600083802,57.0,0.9121411040824483,0.11868239862071185,0.6582343183346927,score_band_visibility,57,True
False,repeat_001::ep_204::line_204,Synergy,sce-2m,sce2m_synergy_run_0078,eval_run_0078_web_batch_20260622_141137,repeat_001,204,204,Win,True,57.0,57.0,-3.0,57.0,0.0,27006,14,14,14,2,0.1428571428571428,1,0.0714285714285714,0,4,0.2857142857142857,14,1.0,2.05955,15.5061,0.2142857142857142,0.3571428571428571,0.3257642857142857,0.9228,0.3571428571428571,347.57142857142856,943.0,0.4047619047619047,1.0,5,0.3571428571428571,7,0.5,0.2142857142857142,0.0714285714285714,0.2588916224129565,0.8200147699569906,0.3785714285714286,1.0,0.0270408163265306,0.0714285714285714,0.2632869443715447,0.7977194551992324,0.2411500000008004,0,3173,C:\Users\Binich\PycharmProjects\PredictionRTS\output\learner_results\all_data\synergy\sce2m_synergy_run_0078\final_eval\eval_run_0078_web_batch_20260622_141137,web_batch_20260622_141137,0.0108234015294271,0.0097752540745399,0.0039442090856867,0.0038313866027292,0.0015593118492399,-0.0003881524304915,0.0014884939917713,-0.0006599950243957,-0.0014910830055637,0.0005921721630765,57.0,0.0108234015294271,57.0,0.9121411040824483,0.10775706451604401,0.6547382114211989,score_band_visibility,58,True
False,repeat_001::ep_109::line_109,Synergy,sce-2m,sce2m_synergy_run_0078,eval_run_0078_web_batch_20260622_141137,repeat_001,109,109,Win,True,57.0,57.0,3.0,57.0,0.0,14386,14,14,14,2,0.1428571428571428,1,0.0714285714285714,0,4,0.2857142857142857,14,1.0,2.0634357142857143,15.3684,0.2142857142857142,0.3571428571428571,0.3255071428571429,0.9222,0.3571428571428571,312.85714285714283,916.0,0.4047619047619047,1.0,5,0.3571428571428571,7,0.5,0.2142857142857142,0.0714285714285714,0.25899928730915,0.8189835206004321,0.3785714285714286,1.0,0.0270408163265306,0.0714285714285714,0.2633353935748318,0.7973585179244369,0.2563499999990171,0,3173,C:\Users\Binich\PycharmProjects\PredictionRTS\output\learner_results\all_data\synergy\sce2m_synergy_run_0078\final_eval\eval_run_0078_web_batch_20260622_141137,web_batch_20260622_141137,0.0107711874530723,0.009726807099944598,0.0039442090856867,0.0038313866027292,0.0015070977728851,-0.000384385328732,0.0014884939917713,-0.0006599950243957,-0.001483579802927,0.0005386314734523,57.0,0.0107711874530723,57.0,0.9121411040824483,0.10288433015098797,0.6531789364243811,score_band_visibility,59,True
False,repeat_001::ep_103::line_103,Synergy,sce-2m,sce2m_synergy_run_0078,eval_run_0078_web_batch_20260622_141137,repeat_001,103,103,Win,True,57.0,57.0,3.0,57.0,0.0,13594,14,14,14,2,0.1428571428571428,1,0.0714285714285714,0,4,0.2857142857142857,14,1.0,2.066542857142857,15.3351,0.2142857142857142,0.3571428571428571,0.3254285714285714,0.922,0.3571428571428571,310.85714285714283,912.0,0.4047619047619047,1.0,5,0.3571428571428571,7,0.5,0.2142857142857142,0.0714285714285714,0.2590552110312012,0.8187162734704028,0.3785714285714286,1.0,0.0270408163265306,0.0714285714285714,0.2633605592497548,0.7972649814289265,0.2542750000014138,0,3173,C:\Users\Binich\PycharmProjects\PredictionRTS\output\learner_results\all_data\synergy\sce2m_synergy_run_0078\final_eval\eval_run_0078_web_batch_20260622_141137,web_batch_20260622_141137,0.010757656232941799,0.009715232602563899,0.0039442090856867,0.0038313866027292,0.0014935665527546,-0.0003824286059822,0.0014884939917713,-0.0006599950243957,-0.0014796824600271,0.0005247564629605,57.0,0.010757656232941799,57.0,0.9121411040824483,0.10162156643028163,0.652774852033755,score_band_visibility,60,True
False,repeat_001::ep_97::line_97,Synergy,sce-2m,sce2m_synergy_run_0078,eval_run_0078_web_batch_20260622_141137,repeat_001,97,97,Win,True,57.0,57.0,3.0,57.0,0.0,12802,14,14,14,2,0.1428571428571428,1,0.0714285714285714,0,4,0.2857142857142857,14,1.0,2.0610214285714283,15.318,0.2142857142857142,0.3571428571428571,0.3253714285714286,0.9219,0.3571428571428571,309.7142857142857,910.0,0.4047619047619047,1.0,5,0.3571428571428571,7,0.5,0.2142857142857142,0.0714285714285714,0.2589739470210309,0.8185796374121179,0.3785714285714286,1.0,0.0270408163265306,0.0714285714285714,0.2633239904451782,0.797217158808527,0.2506749999984237,0,3173,C:\Users\Binich\PycharmProjects\PredictionRTS\output\learner_results\all_data\synergy\sce2m_synergy_run_0078\final_eval\eval_run_0078_web_batch_20260622_141137,web_batch_20260622_141137,0.010750738094729501,0.0097054711067994,0.0039442090856867,0.0038313866027292,0.0014866484145423,-0.0003852719635344,0.0014884939917713,-0.0006599950243957,-0.001485345776084,0.0005176625542549,57.0,0.010750738094729501,57.0,0.9121411040824483,0.10097595030216697,0.6525682548727583,score_band_visibility,61,True
False,repeat_001::ep_51::line_51,Synergy,sce-2m,sce2m_synergy_run_0078,eval_run_0078_web_batch_20260622_141137,repeat_001,51,51,Win,True,57.0,57.0,3.0,57.0,0.0,6690,14,14,14,2,0.1428571428571428,1,0.0714285714285714,0,4,0.2857142857142857,14,1.0,2.0729214285714286,15.243,0.2142857142857142,0.3571428571428571,0.3255857142857143,0.9232,0.3571428571428571,303.85714285714283,899.0,0.4047619047619047,1.0,5,0.3571428571428571,7,0.5,0.2142857142857142,0.0714285714285714,0.2592855200634121,0.818500228974369,0.3785714285714286,1.0,0.0270408163265306,0.0714285714285714,0.2634641983142497,0.7971893658553149,0.1755750000009825,0,3173,C:\Users\Binich\PycharmProjects\PredictionRTS\output\learner_results\all_data\synergy\sce2m_synergy_run_0078\final_eval\eval_run_0078_web_batch_20260622_141137,web_batch_20260622_141137,0.010746717497571799,0.0097123521813813,0.0039442090856867,0.0038313866027292,0.0014826278173846,-0.0003743702917948,0.0014884939917713,-0.0006599950243957,-0.0014636321465189,0.0005135398049974,57.0,0.010746717497571799,57.0,0.9121411040824483,0.10060073918466568,0.6524481873151579,score_band_visibility,62,True
False,repeat_001::ep_294::line_294,Synergy,sce-2m,sce2m_synergy_run_0078,eval_run_0078_web_batch_20260622_141137,repeat_001,294,294,Win,True,57.0,57.0,-3.0,57.0,0.0,38956,14,14,13,1,0.0714285714285714,1,0.0714285714285714,0,3,0.2142857142857142,14,1.0,1.4556928571428571,15.607,0.1428571428571428,0.2142857142857142,0.3806071428571428,0.9231,0.4285714285714285,748.7142857142857,2027.0,0.4523809523809524,1.0,6,0.4285714285714285,7,0.5,0.1428571428571428,0.0714285714285714,0.2765409273055891,0.8207227129300583,0.3642857142857142,1.0,0.0260204081632653,0.0714285714285714,0.2662291315732293,0.7979672352398061,0.2349666666627096,0,3173,C:\Users\Binich\PycharmProjects\PredictionRTS\output\learner_results\all_data\synergy\sce2m_synergy_run_0078\final_eval\eval_run_0078_web_batch_20260622_141137,web_batch_20260622_141137,0.010629929044244701,0.0090627926220366,0.0039442090856867,0.0036020696457752,0.0015951563210115,-0.0001593866751763,0.0014884939917713,-0.0014077497470318,-0.0002610970427498,0.0006289273423662,57.0,0.010629929044244701,57.0,0.9121411040824483,0.08970177956117738,0.6489605202356417,score_band_visibility,63,True
False,repeat_001::ep_248::line_248,Synergy,sce-2m,sce2m_synergy_run_0078,eval_run_0078_web_batch_20260622_141137,repeat_001,248,248,Win,True,57.0,57.0,-3.0,57.0,0.0,32904,14,14,14,1,0.0714285714285714,1,0.0714285714285714,0,3,0.2142857142857142,14,1.0,1.4532357142857144,15.5418,0.1428571428571428,0.2142857142857142,0.3805142857142857,0.9231,0.4285714285714285,739.1428571428571,2018.0,0.4523809523809524,1.0,6,0.4285714285714285,7,0.5,0.1428571428571428,0.0714285714285714,0.2765248282753095,0.8203239659695087,0.3642857142857142,1.0,0.0260204081632653,0.0714285714285714,0.2662218870096036,0.7978276738036136,0.1629000000017792,0,3173,C:\Users\Binich\PycharmProjects\PredictionRTS\output\learner_results\all_data\synergy\sce2m_synergy_run_0078\final_eval\eval_run_0078_web_batch_20260622_141137,web_batch_20260622_141137,0.0106097397426834,0.009042040029305799,0.0039442090856867,0.0036020696457752,0.0015749670194502,-0.0001599499663458,0.0014884939917713,-0.0014077497470318,-0.0002622189895562,0.0006082250872641,57.0,0.0106097397426834,57.0,0.9121411040824483,0.08781766879273731,0.6483576047897408,score_band_visibility,64,True
False,repeat_001::ep_125::line_125,Synergy,sce-2m,sce2m_synergy_run_0078,eval_run_0078_web_batch_20260622_141137,repeat_001,125,125,Win,True,57.0,57.0,3.0,57.0,0.0,16498,14,14,14,2,0.1428571428571428,1,0.0714285714285714,0,4,0.2857142857142857,14,1.0,1.1026285714285715,15.3845,0.1428571428571428,0.2142857142857142,0.3776,0.9223,0.4285714285714285,350.57142857142856,918.0,0.4523809523809524,1.0,6,0.4285714285714285,7,0.5,0.2142857142857142,0.0714285714285714,0.2664589029951496,0.8191135261675433,0.3642857142857142,1.0,0.0260204081632653,0.0714285714285714,0.2616922206335316,0.7974040198729258,0.271700000000763,0,3173,C:\Users\Binich\PycharmProjects\PredictionRTS\output\learner_results\all_data\synergy\sce2m_synergy_run_0078\final_eval\eval_run_0078_web_batch_20260622_141137,web_batch_20260622_141137,0.0105484529202085,0.0086285551722344,0.0039442090856867,0.0036020696457752,0.0015136801969753,-0.0005121480009423,0.0014884939917713,-0.0014077497470318,-0.0009637166900406,0.0005453811384813,57.0,0.0105484529202085,57.0,0.9121411040824483,0.08209824547153761,0.646527389326957,score_band_visibility,65,True
False,repeat_001::ep_262::line_262,Synergy,sce-2m,sce2m_synergy_run_0078,eval_run_0078_web_batch_20260622_141137,repeat_001,262,262,Win,True,57.0,57.0,3.0,57.0,0.0,34752,14,14,14,1,0.0714285714285714,1,0.0714285714285714,0,4,0.2857142857142857,14,1.0,2.074392857142857,15.5573,0.2142857142857142,0.2857142857142857,0.3287428571428571,0.9232,0.3571428571428571,361.1428571428572,958.0,0.4047619047619047,1.0,5,0.3571428571428571,7,0.5,0.1428571428571428,0.0714285714285714,0.2600010659266354,0.8204489444503136,0.3535714285714286,1.0,0.0252551020408163,0.0714285714285714,0.2550361939527002,0.7978714162718954,0.17220000000151,0,3173,C:\Users\Binich\PycharmProjects\PredictionRTS\output\learner_results\all_data\synergy\sce2m_synergy_run_0078\final_eval\eval_run_0078_web_batch_20260622_141137,web_batch_20260622_141137,0.010444079918312001,0.007445835846750201,0.0039442090856867,0.0034300819280597,0.0015812949127943,-0.001029678282553,0.0014884939917713,-0.0019685657890088,-0.001413765515914,0.0006147137546343,57.0,0.010444079918312001,57.0,0.9121411040824483,0.07235792353863073,0.6434104863084267,score_band_visibility,66,True
False,repeat_001::ep_151::line_151,Synergy,sce-2m,sce2m_synergy_run_0078,eval_run_0078_web_batch_20260622_141137,repeat_001,151,151,Win,True,57.0,57.0,-3.0,57.0,0.0,19960,14,14,14,2,0.1428571428571428,1,0.0714285714285714,0,3,0.2142857142857142,14,1.0,1.4541357142857143,15.4475,0.2142857142857142,0.2857142857142857,0.3255857142857143,0.9225,0.3571428571428571,317.1428571428572,925.0,0.4047619047619047,1.0,5,0.3571428571428571,7,0.5,0.2142857142857142,0.0714285714285714,0.2458800245466124,0.8195636359170841,0.3535714285714286,1.0,0.0252551020408163,0.0714285714285714,0.2486817253316899,0.7975615582852651,0.1796333333340764,0,3173,C:\Users\Binich\PycharmProjects\PredictionRTS\output\learner_results\all_data\synergy\sce2m_synergy_run_0078\final_eval\eval_run_0078_web_batch_20260622_141137,web_batch_20260622_141137,0.0103992550977605,0.006906927980469902,0.0039442090856867,0.0034300819280597,0.0015364700922428,-0.0015237613282818,0.0014884939917713,-0.0019685657890088,-0.0023978656140994,0.0005687500610835,57.0,0.0103992550977605,57.0,0.9121411040824483,0.0681747710487813,0.6420718775116749,score_band_visibility,67,True
False,repeat_001::ep_66::line_66,Synergy,sce-2m,sce2m_synergy_run_0078,eval_run_0078_web_batch_20260622_141137,repeat_001,66,66,Win,True,57.0,57.0,-3.0,57.0,0.0,8710,14,14,14,1,0.0714285714285714,1,0.0714285714285714,0,4,0.2857142857142857,14,1.0,2.0637142857142856,15.2747,0.2142857142857142,0.2857142857142857,0.3287857142857143,0.9233,0.3571428571428571,332.7142857142857,902.0,0.4047619047619047,1.0,5,0.3571428571428571,7,0.5,0.1428571428571428,0.0714285714285714,0.2600739360583066,0.8187289721737547,0.3535714285714286,1.0,0.0252551020408163,0.0714285714285714,0.2550689855119523,0.7972694259750999,0.2386249999979384,0,3173,C:\Users\Binich\PycharmProjects\PredictionRTS\output\learner_results\all_data\synergy\sce2m_synergy_run_0078\final_eval\eval_run_0078_web_batch_20260622_141137,web_batch_20260622_141137,0.010356994517283401,0.0073613001087125,0.0039442090856867,0.0034300819280597,0.0014942095117657,-0.0010271286195621,0.0014884939917713,-0.0019685657890088,-0.001408687172058,0.0005254157577571,57.0,0.010356994517283401,57.0,0.9121411040824483,0.0642309191767554,0.6408098449126266,score_band_visibility,68,True
False,repeat_001::ep_90::line_90,Synergy,sce-2m,sce2m_synergy_run_0078,eval_run_0078_web_batch_20260622_141137,repeat_001,90,90,Win,True,57.0,57.0,-3.0,57.0,0.0,11878,14,14,14,1,0.0714285714285714,1,0.0714285714285714,0,4,0.2857142857142857,14,1.0,2.0564571428571425,15.2919,0.2142857142857142,0.2857142857142857,0.3285714285714285,0.9219,0.3571428571428571,336.2857142857143,905.0,0.4047619047619047,1.0,5,0.3571428571428571,7,0.5,0.1428571428571428,0.0714285714285714,0.2598761945292574,0.8184165991088055,0.3535714285714286,1.0,0.0252551020408163,0.0714285714285714,0.2549800018238801,0.7971600954023677,0.2962000000028553,0,3173,C:\Users\Binich\PycharmProjects\PredictionRTS\output\learner_results\all_data\synergy\sce2m_synergy_run_0078\final_eval\eval_run_0078_web_batch_20260622_141137,web_batch_20260622_141137,0.010341178486989,0.007338565273047401,0.0039442090856867,0.0034300819280597,0.0014783934814713,-0.0010340474249328,0.0014884939917713,-0.0019685657890088,-0.001422467845375,0.0005091978864818,57.0,0.010341178486989,57.0,0.9121411040824483,0.06275493186232672,0.6403375289720095,score_band_visibility,69,True
False,repeat_001::ep_176::line_176,Synergy,sce-2m,sce2m_synergy_run_0078,eval_run_0078_web_batch_20260622_141137,repeat_001,176,176,Win,True,57.0,57.0,3.0,57.0,0.0,23300,14,14,13,0,0.0,1,0.0714285714285714,0,5,0.3571428571428571,14,1.0,2.68025,17.2947,0.2142857142857142,0.2142857142857142,0.2897428571428571,0.8788,0.3571428571428571,140.42857142857142,934.0,0.4047619047619047,1.0,5,0.3571428571428571,7,0.5,0.0714285714285714,0.0714285714285714,0.2530121206659736,0.8170914026532623,0.3285714285714285,1.0,0.023469387755102,0.0714285714285714,0.2431411685854024,0.7966962766429275,0.2694999999960146,0,10062,C:\Users\Binich\PycharmProjects\PredictionRTS\output\learner_results\all_data\synergy\sce2m_synergy_run_0078\final_eval\eval_run_0078_web_batch_20260622_141137,web_batch_20260622_141137,0.0098727766466584,0.004641080327386098,0.0039442090856867,0.0030287772533902,0.0014112963158102,-0.0019545597656504,0.0014884939917713,-0.0032771365536219,-0.0019008274493887,0.0004403959699849,57.0,0.0098727766466584,57.0,0.9121411040824483,0.019042624695858528,0.6263495906787396,score_band_visibility,70,True
False,repeat_001::ep_191::line_191,Synergy,sce-2m,sce2m_synergy_run_0078,eval_run_0078_web_batch_20260622_141137,repeat_001,191,191,Win,True,57.0,57.0,-3.0,57.0,0.0,25270,14,14,14,1,0.0714285714285714,1,0.0714285714285714,0,3,0.2142857142857142,14,1.0,1.4418714285714285,15.4903,0.1428571428571428,0.2142857142857142,0.3192857142857143,0.9227,0.3571428571428571,684.8333333333334,2007.0,0.3809523809523809,1.0,5,0.3571428571428571,6,0.4285714285714285,0.1428571428571428,0.0714285714285714,0.2365637717016578,0.8198875628376285,0.3178571428571428,1.0,0.022704081632653,0.0714285714285714,0.2319894115514603,0.7976749327074557,0.2679666666693947,0,3173,C:\Users\Binich\PycharmProjects\PredictionRTS\output\learner_results\all_data\synergy\sce2m_synergy_run_0078\final_eval\eval_run_0078_web_batch_20260622_141137,web_batch_20260622_141137,0.009842363728906001,0.0031827617006559006,0.0039442090856867,0.0028567895356747,0.0015528711157733,-0.0028216494326511,0.0014884939917713,-0.003837952595599,-0.0030471183917599,0.0005855677886326,57.0,0.009842363728906001,57.0,0.9121411040824483,0.01620442320270666,0.625441366200931,score_band_visibility,71,True
False,repeat_001::ep_263::line_263,Synergy,sce-2m,sce2m_synergy_run_0078,eval_run_0078_web_batch_20260622_141137,repeat_001,263,263,Win,True,57.0,57.0,3.0,57.0,0.0,34884,14,14,14,0,0.0,1,0.0714285714285714,0,6,0.4285714285714285,14,1.0,3.2568642857142858,15.5648,0.3571428571428571,0.3571428571428571,0.2688642857142857,0.8741,0.2857142857142857,279.625,1015.0,0.3809523809523809,1.0,4,0.2857142857142857,8,0.5714285714285714,0.0714285714285714,0.0714285714285714,0.2601966726514917,0.8057648604330956,0.3535714285714285,1.0,0.0252551020408163,0.0714285714285714,0.2551242169788855,0.7927319868658691,0.182449999999316,0,5340,C:\Users\Binich\PycharmProjects\PredictionRTS\output\learner_results\all_data\synergy\sce2m_synergy_run_0078\final_eval\eval_run_0078_web_batch_20260622_141137,web_batch_20260622_141137,0.009700597385014501,0.006709197423867901,0.0039442090856867,0.0034300819280597,0.0008378123794968,-0.0010228341721378,0.0014884939917713,-0.0019685657890088,-0.0014001336178156,-0.0001476585850742,57.0,0.009700597385014501,57.0,0.9121411040824483,0.0029744709769028792,0.6212077814886738,score_band_visibility,72,True
False,repeat_001::ep_143::line_143,Synergy,sce-2m,sce2m_synergy_run_0078,eval_run_0078_web_batch_20260622_141137,repeat_001,143,143,Win,True,57.0,57.0,3.0,57.0,0.0,18924,14,14,14,1,0.0714285714285714,1,0.0714285714285714,0,4,0.2857142857142857,14,1.0,2.0724142857142858,15.439,0.2142857142857142,0.2857142857142857,0.2644071428571428,0.9224,0.2857142857142857,344.1666666666667,924.0,0.3333333333333333,1.0,4,0.2857142857142857,6,0.4285714285714285,0.1428571428571428,0.0714285714285714,0.2193440354381172,0.8194811148236958,0.3071428571428571,1.0,0.021938775510204,0.0714285714285714,0.220490530232867,0.7975326759025791,0.2094000000010254,0,3173,C:\Users\Binich\PycharmProjects\PredictionRTS\output\learner_results\all_data\synergy\sce2m_synergy_run_0078\final_eval\eval_run_0078_web_batch_20260622_141137,web_batch_20260622_141137,0.009649796790947799,0.0015352988781386,0.0039442090856867,0.0026848018179592,0.0015322918955306,-0.0037157292752331,0.0014884939917713,-0.0043987686375761,-0.0042471675730936,0.0005644657081087,57.0,0.009649796790947799,57.0,0.9121411040824483,-0.001766354060239226,0.6196907174767883,score_band_visibility,73,True
False,repeat_001::ep_40::line_40,Synergy,sce-2m,sce2m_synergy_run_0078,eval_run_0078_web_batch_20260622_141137,repeat_001,40,40,Win,True,57.0,57.0,-3.0,57.0,0.0,5258,14,14,14,1,0.0714285714285714,1,0.0714285714285714,0,4,0.2857142857142857,14,1.0,2.103078571428572,15.1652,0.2142857142857142,0.2857142857142857,0.26455,0.9231,0.2857142857142857,326.0,893.0,0.3333333333333333,1.0,4,0.2857142857142857,6,0.4285714285714285,0.1428571428571428,0.0714285714285714,0.2201124167021974,0.8179803393575256,0.3071428571428571,1.0,0.021938775510204,0.0714285714285714,0.2208363018017031,0.7970074044894195,0.2131000000016314,0,3173,C:\Users\Binich\PycharmProjects\PredictionRTS\output\learner_results\all_data\synergy\sce2m_synergy_run_0078\final_eval\eval_run_0078_web_batch_20260622_141137,web_batch_20260622_141137,0.0095738097328384,0.0014861968170361986,0.0039442090856867,0.0026848018179592,0.0014563048374212,-0.0036888442782261,0.0014884939917713,-0.0043987686375761,-0.0041936188257261,0.000486548031924,57.0,0.0095738097328384,57.0,0.9121411040824483,-0.008857636243097277,0.6174215071782737,score_band_visibility,74,True
False,repeat_001::ep_108::line_108,Synergy,sce-2m,sce2m_synergy_run_0078,eval_run_0078_web_batch_20260622_141137,repeat_001,108,108,Win,True,57.0,57.0,3.0,57.0,0.0,14254,14,14,13,0,0.0,1,0.0714285714285714,0,6,0.4285714285714285,14,1.0,2.0634071428571428,15.3603,0.2142857142857142,0.2142857142857142,0.3166928571428571,0.8799,0.3571428571428571,212.42857142857144,915.0,0.4047619047619047,1.0,5,0.3571428571428571,7,0.5,0.0714285714285714,0.0714285714285714,0.2563498304714041,0.806243159229189,0.3285714285714285,1.0,0.023469387755102,0.0714285714285714,0.2446431379978461,0.7928993914445017,0.2570999999988999,0,3602,C:\Users\Binich\PycharmProjects\PredictionRTS\output\learner_results\all_data\synergy\sce2m_synergy_run_0078\final_eval\eval_run_0078_web_batch_20260622_141137,web_batch_20260622_141137,0.0093235098695614,0.0042085971345904,0.0039442090856867,0.0030287772533902,0.0008620295387132,-0.0018377761813491,0.0014884939917713,-0.0032771365536219,-0.0016682213363661,-0.0001228261357481,57.0,0.0093235098695614,57.0,0.9121411040824483,-0.03221617919751204,0.6099467734328611,score_band_visibility,75,True
False,repeat_001::ep_104::line_104,Synergy,sce-2m,sce2m_synergy_run_0078,eval_run_0078_web_batch_20260622_141137,repeat_001,104,104,Win,True,57.0,57.0,-3.0,57.0,0.0,13726,14,14,14,1,0.0714285714285714,1,0.0714285714285714,0,3,0.2142857142857142,14,1.0,1.4515571428571428,15.3431,0.2142857142857142,0.2142857142857142,0.2643857142857143,0.922,0.2857142857142857,338.0,913.0,0.3333333333333333,1.0,4,0.2857142857142857,6,0.4285714285714285,0.1428571428571428,0.0714285714285714,0.2062340461103203,0.8187661122751362,0.2821428571428571,1.0,0.0201530612244897,0.0714285714285714,0.2058410350353584,0.7972824250105833,0.2410333333363231,0,3173,C:\Users\Binich\PycharmProjects\PredictionRTS\output\learner_results\all_data\synergy\sce2m_synergy_run_0078\final_eval\eval_run_0078_web_batch_20260622_141137,web_batch_20260622_141137,0.0092122902050461,-0.0013498300024510999,0.0039442090856867,0.0022834971432897,0.0014960899842984,-0.004854780805308,0.0014884939917713,-0.0057073394021892,-0.0051608071154963,0.0005273440078239,57.0,0.0092122902050461,57.0,0.9121411040824483,-0.042595446996316864,0.6066254077372435,score_band_visibility,76,True
False,repeat_001::ep_100::line_100,Synergy,sce-2m,sce2m_synergy_run_0078,eval_run_0078_web_batch_20260622_141137,repeat_001,100,100,Win,True,57.0,57.0,-3.0,57.0,0.0,13198,14,14,14,1,0.0714285714285714,1,0.0714285714285714,0,3,0.2142857142857142,14,1.0,1.4499214285714286,15.3261,0.2142857142857142,0.2142857142857142,0.26435,0.922,0.2857142857142857,336.8333333333333,911.0,0.3333333333333333,1.0,4,0.2857142857142857,6,0.4285714285714285,0.1428571428571428,0.0714285714285714,0.2062204870846732,0.818660167179313,0.2821428571428571,1.0,0.0201530612244897,0.0714285714285714,0.2058349334738172,0.7972453442270452,0.2371333333333799,0,3173,C:\Users\Binich\PycharmProjects\PredictionRTS\output\learner_results\all_data\synergy\sce2m_synergy_run_0078\final_eval\eval_run_0078_web_batch_20260622_141137,web_batch_20260622_141137,0.0092069260074468,-0.0013556686186509005,0.0039442090856867,0.0022834971432897,0.0014907257866991,-0.0048552552239085,0.0014884939917713,-0.0057073394021892,-0.00516175204853,0.0005218435210051,57.0,0.0092069260074468,57.0,0.9121411040824483,-0.043096045911548884,0.6064652160843692,score_band_visibility,77,True
False,repeat_001::ep_94::line_94,Synergy,sce-2m,sce2m_synergy_run_0078,eval_run_0078_web_batch_20260622_141137,repeat_001,94,94,Win,True,63.0,63.0,3.0,63.0,0.0,12416,14,14,14,2,0.1428571428571428,1,0.0714285714285714,0,3,0.2142857142857142,14,1.0,2.3923071428571427,15.2839,0.2857142857142857,0.3571428571428571,0.3953642857142857,0.8997,0.4285714285714285,276.8888888888889,907.0,0.5,1.0,6,0.4285714285714285,9,0.6428571428571429,0.2142857142857142,0.0714285714285714,0.3118746646620295,0.8117065582841254,0.4357142857142857,1.0,0.0311224489795918,0.0714285714285714,0.3071293133836275,0.7948115811137295,0.2699333333329908,0,1624,C:\Users\Binich\PycharmProjects\PredictionRTS\output\learner_results\all_data\synergy\sce2m_synergy_run_0078\final_eval\eval_run_0078_web_batch_20260622_141137,web_batch_20260622_141137,0.0244200959836522,0.0244200959836522,0.0057773039357348,0.0069556200837809,0.0016678467845755,0.0044246634682314,0.002180280510023,0.0034143812013066,0.0032244009838955,0.000235568108516,63.0,0.0244200959836522,57.0,1.3360641578775445,1.3766309955241116,1.349045545924446,score_band_visibility,78,True
False,repeat_001::ep_140::line_140,Synergy,sce-2m,sce2m_synergy_run_0078,eval_run_0078_web_batch_20260622_141137,repeat_001,140,140,Win,True,63.0,63.0,3.0,63.0,0.0,18518,14,14,14,1,0.0714285714285714,1,0.0714285714285714,0,3,0.2142857142857142,14,1.0,2.387585714285714,15.4236,0.2857142857142857,0.2857142857142857,0.3952571428571428,0.8996,0.4285714285714285,365.8888888888889,973.0,0.5,1.0,6,0.4285714285714285,9,0.6428571428571429,0.1428571428571428,0.0714285714285714,0.3115646466332507,0.8125458695070722,0.4107142857142857,1.0,0.0293367346938775,0.0714285714285714,0.2982398052706771,0.7951053400417609,0.379833333333579,0,1624,C:\Users\Binich\PycharmProjects\PredictionRTS\output\learner_results\all_data\synergy\sce2m_synergy_run_0078\final_eval\eval_run_0078_web_batch_20260622_141137,web_batch_20260622_141137,0.0209653647562196,0.0209653647562196,0.0057773039357348,0.0063678066524873,0.0017300928960677,0.0034122364435463,0.002180280510023,0.0014976443183605,0.0031927545493968,0.0002993957191603,63.0,0.0209653647562196,57.0,1.3360641578775445,1.0542277520088068,1.2458765079995486,score_band_visibility,79,True
False,repeat_001::ep_134::line_134,Synergy,sce-2m,sce2m_synergy_run_0078,eval_run_0078_web_batch_20260622_141137,repeat_001,134,134,Win,True,63.0,63.0,3.0,63.0,0.0,17706,14,14,14,1,0.0714285714285714,1,0.0714285714285714,0,3,0.2142857142857142,14,1.0,2.3887214285714284,15.408,0.2857142857142857,0.2857142857142857,0.3953428571428571,0.8997,0.4285714285714285,364.8888888888889,970.0,0.5,1.0,6,0.4285714285714285,9,0.6428571428571429,0.1428571428571428,0.0714285714285714,0.3116335992651328,0.8124792695214105,0.4107142857142857,1.0,0.0293367346938775,0.0714285714285714,0.298270833955024,0.7950820300467794,0.2865000000037791,0,1624,C:\Users\Binich\PycharmProjects\PredictionRTS\output\learner_results\all_data\synergy\sce2m_synergy_run_0078\final_eval\eval_run_0078_web_batch_20260622_141137,web_batch_20260622_141137,0.0209639593399604,0.0209639593399604,0.0057773039357348,0.0063678066524873,0.0017251536196473,0.0034157703037075,0.002180280510023,0.0014976443183605,0.0031997931882688,0.000294330949576,63.0,0.0209639593399604,57.0,1.3360641578775445,1.0540965954207466,1.245834537891369,score_band_visibility,80,True
False,repeat_001::ep_169::line_169,Synergy,sce-2m,sce2m_synergy_run_0078,eval_run_0078_web_batch_20260622_141137,repeat_001,169,169,Win,True,63.0,63.0,3.0,63.0,0.0,22376,14,14,14,1,0.0714285714285714,1,0.0714285714285714,0,3,0.2142857142857142,14,1.0,2.3844,15.4568,0.2857142857142857,0.2857142857142857,0.3951857142857143,0.8989,0.4285714285714285,361.77777777777777,982.0,0.5,1.0,6,0.4285714285714285,9,0.6428571428571429,0.1428571428571428,0.0714285714285714,0.3114691991013526,0.8125410599918292,0.4107142857142857,1.0,0.0293367346938775,0.0714285714285714,0.2981968538813229,0.7951036567114259,0.197833333335969,0,1624,C:\Users\Binich\PycharmProjects\PredictionRTS\output\learner_results\all_data\synergy\sce2m_synergy_run_0078\final_eval\eval_run_0078_web_batch_20260622_141137,web_batch_20260622_141137,0.0209601163282719,0.0209601163282719,0.0057773039357348,0.0063678066524873,0.0017297362064229,0.0034073447052434,0.002180280510023,0.0014976443183605,0.0031830113287262,0.0002990299670317,63.0,0.0209601163282719,57.0,1.3360641578775445,1.0537379569763428,1.24571977358916,score_band_visibility,81,True
False,repeat_001::ep_181::line_181,Synergy,sce-2m,sce2m_synergy_run_0078,eval_run_0078_web_batch_20260622_141137,repeat_001,181,181,Win,True,63.0,63.0,3.0,63.0,0.0,23950,14,14,12,0,0.0,1,0.0714285714285714,0,4,0.2857142857142857,14,1.0,2.157,12.9841,0.2857142857142857,0.2857142857142857,0.3839714285714286,0.9164,0.4285714285714285,139.11111111111111,989.0,0.5,1.0,6,0.4285714285714285,9,0.6428571428571429,0.0714285714285714,0.0714285714285714,0.3121105617882189,0.8008866465078033,0.4107142857142857,1.0,0.0293367346938775,0.0714285714285714,0.2984854670904128,0.7910246119920168,0.1539333333369086,0,1624,C:\Users\Binich\PycharmProjects\PredictionRTS\output\learner_results\all_data\synergy\sce2m_synergy_run_0078\final_eval\eval_run_0078_web_batch_20260622_141137,web_batch_20260622_141137,0.0201286564556727,0.0201286564556727,0.0057773039357348,0.0063678066524873,0.0008654061447366,0.0034402148943305,0.002180280510023,0.0014976443183605,0.0032484812058806,-0.0005872602978997,63.0,0.0201286564556727,57.0,1.3360641578775445,0.9761442623785669,1.2208897913178718,score_band_visibility,82,True
False,repeat_001::ep_145::line_145,Synergy,sce-2m,sce2m_synergy_run_0078,eval_run_0078_web_batch_20260622_141137,repeat_001,145,145,Win,True,63.0,63.0,18.0,63.0,0.0,19178,13,13,12,0,0.0,1,0.0769230769230769,0,3,0.2307692307692307,13,1.0,2.319184615384615,13.0734,0.3076923076923077,0.3076923076923077,0.3600923076923076,0.8994,0.3846153846153846,260.5,974.0,0.4615384615384615,1.0,5,0.3846153846153846,8,0.6153846153846154,0.0769230769230769,0.0769230769230769,0.2971313605629325,0.7964602004039283,0.3923076923076923,1.0,0.0301775147928994,0.0769230769230769,0.2864014199456273,0.7902995316798364,0.2251999999991483,0,1624,C:\Users\Binich\PycharmProjects\PredictionRTS\output\learner_results\all_data\synergy\sce2m_synergy_run_0078\final_eval\eval_run_0078_web_batch_20260622_141137,web_batch_20260622_141137,0.01816587471927416,0.01816587471927416,0.0064788762948244,0.0066445708800701,0.0007117650954065,0.002063961479462,0.002180280510023,8.642045948816067e-05,0.0017194142923026,-0.0009238809348357,63.0,0.01816587471927416,57.0,1.3360641578775445,0.7929730816213985,1.1622750134755777,score_band_visibility,83,True
False,repeat_001::ep_59::line_59,Synergy,sce-2m,sce2m_synergy_run_0078,eval_run_0078_web_batch_20260622_141137,repeat_001,59,59,Win,True,63.0,63.0,3.0,63.0,0.0,7756,14,14,14,1,0.0714285714285714,1,0.0714285714285714,0,4,0.2857142857142857,14,1.0,3.011192857142857,15.2507,0.2857142857142857,0.3571428571428571,0.3311428571428571,0.9009,0.3571428571428571,362.125,938.0,0.4285714285714285,1.0,5,0.3571428571428571,8,0.5714285714285714,0.1428571428571428,0.0714285714285714,0.284290393226866,0.8118585500203954,0.3892857142857143,1.0,0.0278061224489795,0.0714285714285714,0.278466391237804,0.794864778221424,0.2414749999992693,0,1624,C:\Users\Binich\PycharmProjects\PredictionRTS\output\learner_results\all_data\synergy\sce2m_synergy_run_0078\final_eval\eval_run_0078_web_batch_20260622_141137,web_batch_20260622_141137,0.016660910227245602,0.0165156372173667,0.0057773039357348,0.0058639665685213,0.0016791189971983,0.0011602402157682,0.002180280510023,-0.0001452730098789,0.0004086168741619,0.0002471267164538,63.0,0.016660910227245602,57.0,1.3360641578775445,0.6525264298666821,1.1173320849140687,score_band_visibility,84,True
False,repeat_001::ep_46::line_46,Synergy,sce-2m,sce2m_synergy_run_0078,eval_run_0078_web_batch_20260622_141137,repeat_001,46,46,Win,True,63.0,63.0,9.0,63.0,0.0,6040,13,13,13,2,0.1538461538461538,1,0.0769230769230769,0,3,0.2307692307692307,13,1.0,2.605023076923077,15.2016,0.2307692307692307,0.3846153846153846,0.2799307692307692,0.9018,0.3076923076923077,316.5,896.0,0.358974358974359,1.0,4,0.3076923076923077,6,0.4615384615384615,0.2307692307692307,0.0769230769230769,0.2385962688743318,0.8118199187353183,0.3576923076923076,1.0,0.0275147928994082,0.0769230769230769,0.2479452440703723,0.7956754330958229,0.3032333333337078,0,1624,C:\Users\Binich\PycharmProjects\PredictionRTS\output\learner_results\all_data\synergy\sce2m_synergy_run_0078\final_eval\eval_run_0078_web_batch_20260622_141137,web_batch_20260622_141137,0.0162781177038225,0.0113947783048326,0.0064788762948244,0.0057680680121057,0.0018508928868694,-0.0023158164820912,0.002180280510023,-0.0025675229168987,-0.0042558089948511,0.0002441888996402,63.0,0.0162781177038225,57.0,1.3360641578775445,0.6168033755911309,1.1059007075458922,score_band_visibility,85,True
False,repeat_001::ep_221::line_221,Synergy,sce-2m,sce2m_synergy_run_0078,eval_run_0078_web_batch_20260622_141137,repeat_001,221,221,Win,True,63.0,63.0,3.0,63.0,0.0,29270,14,14,14,1,0.0714285714285714,1,0.0714285714285714,0,4,0.2857142857142857,14,1.0,2.4392285714285715,12.9688,0.2857142857142857,0.3571428571428571,0.3304714285714286,0.8986,0.3571428571428571,163.875,484.0,0.4285714285714285,1.0,5,0.3571428571428571,8,0.5714285714285714,0.1428571428571428,0.0714285714285714,0.2787581803286171,0.7954307192365295,0.3892857142857143,1.0,0.0278061224489795,0.0714285714285714,0.275976895433592,0.789115037447071,0.2644666666640205,0,1624,C:\Users\Binich\PycharmProjects\PredictionRTS\output\learner_results\all_data\synergy\sce2m_synergy_run_0078\final_eval\eval_run_0078_web_batch_20260622_141137,web_batch_20260622_141137,0.015159038722227201,0.015013765712348302,0.0057773039357348,0.0058639665685213,0.000460776434164,0.0008767112737841,0.002180280510023,-0.0001452730098789,-0.0001561077446182,-0.0010021705148173,63.0,0.015159038722227201,57.0,1.3360641578775445,0.5123684225762029,1.0724815225811153,score_band_visibility,86,True
False,repeat_001::ep_269::line_269,Synergy,sce-2m,sce2m_synergy_run_0078,eval_run_0078_web_batch_20260622_141137,repeat_001,269,269,Win,True,63.0,63.0,-3.0,63.0,0.0,35676,14,14,14,2,0.1428571428571428,0,0.0,0,2,0.1428571428571428,14,1.0,0.9315357142857144,8.2786,0.1428571428571428,0.2857142857142857,0.4733571428571428,0.9214,0.5714285714285714,227.8,529.0,0.5952380952380952,1.0,7,0.5,10,0.7142857142857143,0.1428571428571428,0.0,0.3427368131968875,0.7575848594531309,0.475,1.0,0.0,0.0,0.3204815659385994,0.7651547008085958,0.3166999999990594,0,8476,C:\Users\Binich\PycharmProjects\PredictionRTS\output\learner_results\all_data\synergy\sce2m_synergy_run_0078\final_eval\eval_run_0078_web_batch_20260622_141137,web_batch_20260622_141137,0.0145520297452848,0.0033034604505971007,-0.00334313673243,-0.0032891282901931,-0.0046163042720646,0.0059453529321827,0.002180280510023,0.0064263963030791,0.0063747886111689,-0.0038802576137489,63.0,0.0145520297452848,57.0,1.3360641578775445,0.4557209874718015,1.0543543433477067,score_band_visibility,87,True
False,repeat_001::ep_296::line_296,Synergy,sce-2m,sce2m_synergy_run_0078,eval_run_0078_web_batch_20260622_141137,repeat_001,296,296,Win,True,63.0,63.0,3.0,63.0,0.0,39220,14,14,14,1,0.0714285714285714,1,0.0714285714285714,0,4,0.2857142857142857,14,1.0,2.9945,15.6206,0.2857142857142857,0.3571428571428571,0.2669428571428571,0.8991,0.2857142857142857,401.7142857142857,1028.0,0.3571428571428571,1.0,4,0.2857142857142857,7,0.5,0.1428571428571428,0.0714285714285714,0.2431947905907244,0.8136056313279159,0.3428571428571428,1.0,0.0244897959183673,0.0714285714285714,0.2437233700515402,0.7954762566790562,0.1743750000002819,0,1624,C:\Users\Binich\PycharmProjects\PredictionRTS\output\learner_results\all_data\synergy\sce2m_synergy_run_0078\final_eval\eval_run_0078_web_batch_20260622_141137,web_batch_20260622_141137,0.014538585856046199,0.008037012471746,0.0057773039357348,0.0047723130532618,0.0018086883570266,-0.0027966461632357,0.002180280510023,-0.0037049272210645,-0.0037863949518622,0.0003799880703968,63.0,0.014538585856046199,57.0,1.3360641578775445,0.45446637366521414,1.0539528669295988,score_band_visibility,88,True
False,repeat_001::ep_170::line_170,Synergy,sce-2m,sce2m_synergy_run_0078,eval_run_0078_web_batch_20260622_141137,repeat_001,170,170,Win,True,63.0,63.0,12.0,63.0,0.0,22498,13,13,12,1,0.0769230769230769,1,0.0769230769230769,0,3,0.2307692307692307,13,1.0,1.938053846153846,13.007,0.2307692307692307,0.3076923076923077,0.2554076923076923,0.8987,0.3076923076923077,100.83333333333331,469.0,0.358974358974359,1.0,4,0.3076923076923077,6,0.4615384615384615,0.1538461538461538,0.0769230769230769,0.2247760385253698,0.7957498704742035,0.3307692307692308,1.0,0.0254437869822485,0.0769230769230769,0.2323030634902625,0.7900509162044327,0.2043499999970777,0,1624,C:\Users\Binich\PycharmProjects\PredictionRTS\output\learner_results\all_data\synergy\sce2m_synergy_run_0078\final_eval\eval_run_0078_web_batch_20260622_141137,web_batch_20260622_141137,0.014404585029649402,0.005675577838679301,0.0064788762948244,0.0050863435592445,0.0006590846655575,-0.0040973060924371,0.002180280510023,-0.004631701098533,-0.0056665689310318,-0.0009778998266888,63.0,0.014404585029649402,57.0,1.3360641578775445,0.4419611168970445,1.0499511847637846,score_band_visibility,89,True
False,repeat_001::ep_41::line_41,Synergy,sce-2m,sce2m_synergy_run_0078,eval_run_0078_web_batch_20260622_141137,repeat_001,41,41,Win,True,63.0,63.0,3.0,63.0,0.0,5390,14,14,14,2,0.1428571428571428,1,0.0714285714285714,0,3,0.2142857142857142,14,1.0,2.4247,15.1748,0.2142857142857142,0.3571428571428571,0.2599,0.9018,0.2857142857142857,315.3333333333333,894.0,0.3333333333333333,1.0,4,0.2857142857142857,6,0.4285714285714285,0.2142857142857142,0.0714285714285714,0.2216482090087978,0.8116509522220634,0.3321428571428571,1.0,0.0237244897959183,0.0714285714285714,0.2302774083396733,0.7947921189920079,0.1702666666668998,0,1624,C:\Users\Binich\PycharmProjects\PredictionRTS\output\learner_results\all_data\synergy\sce2m_synergy_run_0078\final_eval\eval_run_0078_web_batch_20260622_141137,web_batch_20260622_141137,0.014141700311127,0.005287306252907799,0.0057773039357348,0.0045203930112788,0.0016637228540904,-0.0043280081730349,0.002180280510023,-0.0045263858851843,-0.0059858556909312,0.000231339400521,63.0,0.014141700311127,57.0,1.3360641578775445,0.417428127109235,1.0421006280316856,score_band_visibility,90,True
False,repeat_001::ep_130::line_130,Synergy,sce-2m,sce2m_synergy_run_0078,eval_run_0078_web_batch_20260622_141137,repeat_001,130,130,Win,True,63.0,63.0,3.0,63.0,0.0,17168,14,14,14,1,0.0714285714285714,1,0.0714285714285714,0,3,0.2142857142857142,14,1.0,2.391621428571429,15.3908,0.2142857142857142,0.2857142857142857,0.2597071428571428,0.8997,0.2857142857142857,440.0,968.0,0.3333333333333333,1.0,4,0.2857142857142857,6,0.4285714285714285,0.1428571428571428,0.0714285714285714,0.2209325799963845,0.812372624257605,0.3071428571428571,1.0,0.021938775510204,0.0714285714285714,0.2212053752840873,0.7950447042044474,0.1833666666684053,0,1624,C:\Users\Binich\PycharmProjects\PredictionRTS\output\learner_results\all_data\synergy\sce2m_synergy_run_0078\final_eval\eval_run_0078_web_batch_20260622_141137,web_batch_20260622_141137,0.013607408477968902,0.0018030627269840001,0.0057773039357348,0.0039325795799852,0.0017172444522259,-0.0053612229828545,0.002180280510023,-0.0064431227681304,-0.0060589066252782,0.0002862208323881,63.0,0.013607408477968902,57.0,1.3360641578775445,0.3675668184707848,1.0261450092673814,score_band_visibility,91,True
False,repeat_001::ep_55::line_55,Synergy,sce-2m,sce2m_synergy_run_0078,eval_run_0078_web_batch_20260622_141137,repeat_001,55,55,Win,True,63.0,63.0,3.0,63.0,0.0,7228,14,14,13,0,0.0,1,0.0714285714285714,0,3,0.2142857142857142,14,1.0,1.8264714285714283,13.1823,0.2857142857142857,0.2142857142857142,0.2665285714285714,0.9014,0.2857142857142857,212.28571428571428,936.0,0.3571428571428571,1.0,4,0.2857142857142857,7,0.5,0.0714285714285714,0.0714285714285714,0.2253160310210007,0.797874566630576,0.2928571428571428,1.0,0.0209183673469387,0.0714285714285714,0.2181779282451646,0.7899703840349872,0.2276999999999418,0,1624,C:\Users\Binich\PycharmProjects\PredictionRTS\output\learner_results\all_data\synergy\sce2m_synergy_run_0078\final_eval\eval_run_0078_web_batch_20260622_141137,web_batch_20260622_141137,0.012196290920554399,-0.0010481293145916002,0.0057773039357348,0.0035966861906746,0.000642020284122,-0.0057060192481892,0.002180280510023,-0.0075384009869568,-0.0056114468556801,-0.0008163217668481,63.0,0.012196290920554399,57.0,1.3360641578775445,0.2358781725120867,0.984004642560598,score_band_visibility,92,True
False,repeat_001::ep_7::line_7,Synergy,sce-2m,sce2m_synergy_run_0078,eval_run_0078_web_batch_20260622_141137,repeat_001,7,7,Win,True,63.0,63.0,3.0,63.0,0.0,912,14,14,14,0,0.0,1,0.0714285714285714,0,4,0.2857142857142857,14,1.0,2.444,13.2345,0.2857142857142857,0.2857142857142857,0.2049785714285714,0.9013,0.2142857142857142,89.0,425.0,0.2857142857142857,1.0,3,0.2142857142857142,6,0.4285714285714285,0.0714285714285714,0.0714285714285714,0.1983463375862132,0.79823221739224,0.2714285714285714,1.0,0.0193877551020408,0.0714285714285714,0.1985415661995102,0.7900955618015697,0.2036333333338783,0,1624,C:\Users\Binich\PycharmProjects\PredictionRTS\output\learner_results\all_data\synergy\sce2m_synergy_run_0078\final_eval\eval_run_0078_web_batch_20260622_141137,web_batch_20260622_141137,0.0117189754064706,-0.0054047495192885995,0.0057773039357348,0.0030928461067087,0.0006685448540041,-0.0079424066105629,0.002180280510023,-0.0091813183151963,-0.0083644952512688,-0.0007891232820215,63.0,0.0117189754064706,57.0,1.3360641578775445,0.1913340213784674,0.9697505141978399,score_band_visibility,93,True
False,repeat_001::ep_235::line_235,Synergy,sce-2m,sce2m_synergy_run_0078,eval_run_0078_web_batch_20260622_141137,repeat_001,235,235,Win,True,63.0,63.0,3.0,63.0,0.0,31178,14,14,12,2,0.1428571428571428,0,0.0,0,4,0.2857142857142857,14,1.0,0.9335857142857142,8.351,0.1428571428571428,0.2857142857142857,0.4249428571428572,0.9203,0.5,193.2,521.0,0.5714285714285714,1.0,7,0.5,10,0.7142857142857143,0.1428571428571428,0.0,0.3210738805482928,0.7581182273445589,0.4571428571428571,1.0,0.0,0.0,0.3044832462467317,0.7653413795705957,0.1855749999997158,0,8476,C:\Users\Binich\PycharmProjects\PredictionRTS\output\learner_results\all_data\synergy\sce2m_synergy_run_0078\final_eval\eval_run_0078_web_batch_20260622_141137,web_batch_20260622_141137,0.011360881640080402,0.00015186868197980107,-0.00334313673243,-0.0032891282901931,-0.0045767479354775,0.0041233026005112,0.002180280510023,0.0050572985295462,0.0041634508324816,-0.003839696261567,63.0,0.011360881640080402,57.0,1.3360641578775445,0.15791591033988178,0.9590567186654925,score_band_visibility,94,True
False,repeat_001::ep_273::line_273,Synergy,sce-2m,sce2m_synergy_run_0078,eval_run_0078_web_batch_20260622_141137,repeat_001,273,273,Win,True,63.0,63.0,15.0,63.0,0.0,36194,13,13,13,1,0.0769230769230769,0,0.0,0,3,0.2307692307692307,13,1.0,2.023876923076924,12.9535,0.2307692307692307,0.3076923076923077,0.4278153846153846,0.899,0.4615384615384615,310.44444444444446,1021.0,0.5384615384615384,1.0,6,0.4615384615384615,9,0.6923076923076923,0.0769230769230769,0.0,0.3313734215473847,0.7954346374191299,0.4423076923076923,1.0,0.0,0.0,0.3039257320040154,0.7784021230966954,0.2252333333340554,0,1624,C:\Users\Binich\PycharmProjects\PredictionRTS\output\learner_results\all_data\synergy\sce2m_synergy_run_0078\final_eval\eval_run_0078_web_batch_20260622_141137,web_batch_20260622_141137,0.010159981979501,0.0017184780913222994,-0.00334313673243,-0.0032891282901931,-0.0018092388655556,0.0040598072440977,0.002180280510023,0.0039198942253803,0.0052148211378732,-0.0010018725464039,63.0,0.010159981979501,57.0,1.3360641578775445,0.04584526859709187,0.9231941133077997,score_band_visibility,95,True
False,repeat_001::ep_49::line_49,Synergy,sce-2m,sce2m_synergy_run_0078,eval_run_0078_web_batch_20260622_141137,repeat_001,49,49,Win,True,63.0,63.0,3.0,63.0,0.0,6436,14,14,12,1,0.0714285714285714,0,0.0,0,2,0.1428571428571428,14,1.0,1.7045428571428574,13.198,0.2857142857142857,0.2857142857142857,0.2795785714285714,0.9015,0.2857142857142857,264.625,934.0,0.3809523809523809,1.0,4,0.2857142857142857,8,0.5714285714285714,0.0714285714285714,0.0,0.234537787900877,0.7980213423570997,0.3285714285714285,1.0,0.0,0.0,0.2205420045553946,0.7793074698249849,0.2163000000017234,0,1624,C:\Users\Binich\PycharmProjects\PredictionRTS\output\learner_results\all_data\synergy\sce2m_synergy_run_0078\final_eval\eval_run_0078_web_batch_20260622_141137,web_batch_20260622_141137,0.002180280510023,-0.016306364523264,-0.00334313673243,-0.0032891282901931,-0.0016174002250557,-0.0054367743457173,0.002180280510023,-0.0048002054398909,-0.0046700960374351,-0.0008051598239734,63.0,0.002180280510023,57.0,1.3360641578775445,-0.6988383165150998,0.6848953660718984,score_band_visibility,96,True
False,repeat_001::ep_72::line_72,Synergy,sce-2m,sce2m_synergy_run_0078,eval_run_0078_web_batch_20260622_141137,repeat_001,72,72,Win,True,63.0,63.0,3.0,63.0,0.0,9532,14,14,14,2,0.1428571428571428,0,0.0,0,3,0.2142857142857142,14,1.0,1.908728571428572,13.1511,0.2142857142857142,0.3571428571428571,0.3333285714285714,0.901,0.3571428571428571,192.875,476.0,0.4285714285714285,1.0,5,0.3571428571428571,8,0.5714285714285714,0.1428571428571428,0.0,0.267496103205351,0.797522032646397,0.3892857142857143,1.0,0.0,0.0,0.2566232464424079,0.779132711426239,0.2712333333316034,0,1624,C:\Users\Binich\PycharmProjects\PredictionRTS\output\learner_results\all_data\synergy\sce2m_synergy_run_0078\final_eval\eval_run_0078_web_batch_20260622_141137,web_batch_20260622_141137,0.002180280510023,-0.007579166084915601,-0.00334313673243,-0.0032891282901931,-0.0016544306936969,-0.0013274778687397,0.002180280510023,-0.0001452730098789,-0.0013057330983573,-0.0008431311329877,63.0,0.002180280510023,57.0,1.3360641578775445,-0.6988383165150998,0.6848953660718984,score_band_visibility,97,True
False,repeat_001::ep_82::line_82,Synergy,sce-2m,sce2m_synergy_run_0078,eval_run_0078_web_batch_20260622_141137,repeat_001,82,82,Win,True,66.0,66.0,9.0,66.0,0.0,10842,13,13,13,2,0.1538461538461538,0,0.0,0,2,0.1538461538461538,13,1.0,0.3806153846153846,4.948,0.0769230769230769,0.2307692307692307,0.3330461538461539,0.9007,0.4615384615384615,180.28571428571428,479.0,0.4871794871794871,1.0,6,0.4615384615384615,7,0.5384615384615384,0.1538461538461538,0.0,0.2562527440769024,0.7026156729997324,0.3923076923076923,1.0,0.0,0.0,0.2526214271422984,0.7459154855499063,0.2524499999978502,0,4237,C:\Users\Binich\PycharmProjects\PredictionRTS\output\learner_results\all_data\synergy\sce2m_synergy_run_0078\final_eval\eval_run_0078_web_batch_20260622_141137,web_batch_20260622_141137,0.0026263045077731,-0.017196408766922997,-0.0038735127344019,-0.0038109360570138,-0.0100721138335829,-0.0020661506496975,0.0025261737691488,0.0001001307386243,-0.0028426779375835,-0.0093393057844148,66.0,0.0026263045077731,57.0,1.5480256847750926,-0.6572143596589364,0.8423488705562034,score_band_visibility,98,True
False,repeat_001::ep_178::line_178,Synergy,sce-2m,sce2m_synergy_run_0078,eval_run_0078_web_batch_20260622_141137,repeat_001,178,178,Win,True,72.0,72.0,21.0,72.0,0.0,23554,13,13,11,0,0.0,1,0.0769230769230769,0,2,0.1538461538461538,13,1.0,0.944746153846154,7.5483,0.1538461538461538,0.1538461538461538,0.511,0.8987,0.6153846153846154,237.88888888888889,987.0,0.6410256410256411,1.0,8,0.6153846153846154,9,0.6923076923076923,0.0769230769230769,0.0769230769230769,0.3687281313845337,0.7416676921981047,0.4653846153846154,1.0,0.0357988165680473,0.0769230769230769,0.3441968898922709,0.7711221538077981,0.1551000000006297,0,4237,C:\Users\Binich\PycharmProjects\PredictionRTS\output\learner_results\all_data\synergy\sce2m_synergy_run_0078\final_eval\eval_run_0078_web_batch_20260622_141137,web_batch_20260622_141137,0.0464767269866779,0.0415296322121692,0.0095624239761264,0.0125380484471336,-0.0049470947745087,0.0127613991101262,0.0032179602874004,0.0083968951658913,0.0133247226999026,-0.0075135905943346,72.0,0.0464767269866779,57.0,1.9719487385701886,3.4350051231347236,2.4401267816308403,score_band_visibility,99,True
False,repeat_001::ep_8::line_8,Synergy,sce-2m,sce2m_synergy_run_0078,eval_run_0078_web_batch_20260622_141137,repeat_001,8,8,Win,True,72.0,72.0,21.0,72.0,0.0,1034,13,13,11,0,0.0,1,0.0769230769230769,0,3,0.2307692307692307,13,1.0,1.3338307692307692,7.3254,0.2307692307692307,0.2307692307692307,0.3801692307692307,0.9013,0.4615384615384615,260.0,918.0,0.5128205128205129,1.0,6,0.4615384615384615,8,0.6153846153846154,0.0769230769230769,0.0769230769230769,0.3014390494931093,0.7395150995648008,0.4038461538461538,1.0,0.0310650887573964,0.0769230769230769,0.2923783415026684,0.7703687463861417,0.1718499999991962,0,4237,C:\Users\Binich\PycharmProjects\PredictionRTS\output\learner_results\all_data\synergy\sce2m_synergy_run_0078\final_eval\eval_run_0078_web_batch_20260622_141137,web_batch_20260622_141137,0.028502791973734898,0.0233200732920806,0.0095624239761264,0.0102382005082524,-0.0051827186816543,0.0040509700310073,0.0032179602874004,0.0014332371709484,0.0031867586602104,-0.0077552010442603,72.0,0.028502791973734898,57.0,1.9719487385701886,1.7576373149267897,1.903369083004301,score_band_visibility,100,True
False,repeat_001::ep_298::line_298,Synergy,sce-3,sce3_synergy_run_0076,eval_run_0076_web_batch_20260622_141137,repeat_001,298,298,Win,True,90.0,90.0,15.0,90.0,0.0,77364,24,24,22,21,0.875,1,0.0416666666666666,0,1,0.0416666666666666,24,1.0,1.3575916666666668,24.1403,0.0833333333333333,0.0833333333333333,0.0324375,0.6785,0.0416666666666666,7.0,13.0,0.0555555555555555,1.0,1,0.0416666666666666,2,0.0833333333333333,0.0416666666666666,0.0416666666666666,0.0458120425835205,0.7863864132711196,0.0624999999999999,1.0,0.0026041666666666,0.0416666666666666,0.0508237524959175,0.7814852446448918,,0,ood:205582:103-15:agg:d1.000,C:\Users\Binich\PycharmProjects\PredictionRTS\output\learner_results\all_data\synergy\sce3_synergy_run_0076\final_eval\eval_run_0076_web_batch_20260622_141137,web_batch_20260622_141137,0.0352738290138209,0.033213540751134606,0.0128508736183567,0.0041647171846779,0.0044520208485034,-0.0004406344920221,0.0138062173622829,-0.0016196537706642,-0.0012561887498894,0.0041680287655968,90.0,0.0352738290138209,72.0,1.5052444911946032,4.500247985656231,2.4636456094223242,high_score_positive_contribution,1,True
False,repeat_001::ep_49::line_49,Synergy,sce-3,sce3_synergy_run_0076,eval_run_0076_web_batch_20260622_141137,repeat_001,49,49,Win,True,72.0,72.0,9.0,72.0,0.0,12306,25,25,24,19,0.76,2,0.08,0,3,0.12,25,1.0,0.427116,5.6615,0.12,0.12,0.058328,0.8615,0.12,4.75,12.0,0.1333333333333333,1.0,3,0.12,4,0.16,0.08,0.08,0.06944301281594,0.7030466222903298,0.126,1.0,0.01008,0.08,0.091349355767173,0.7580663178016154,0.2480999999932009,0,138667,C:\Users\Binich\PycharmProjects\PredictionRTS\output\learner_results\all_data\synergy\sce3_synergy_run_0076\final_eval\eval_run_0076_web_batch_20260622_141137,web_batch_20260622_141137,0.0308549760804052,0.0308549760804052,0.0111289055400428,0.0087544249503024,0.0013103715155008,0.0020838064969699,0.0058487433782582,0.0017287241993311,0.0007661056707289,0.001042567325513,72.0,0.0308549760804052,72.0,0.637668415578117,3.88234695539533,1.6759655483196252,high_score_positive_contribution,2,True
False,repeat_001::ep_286::line_286,Synergy,sce-3,sce3_synergy_run_0076,eval_run_0076_web_batch_20260622_141137,repeat_001,286,286,Win,True,78.0,78.0,15.0,78.0,0.0,74350,24,24,23,21,0.875,1,0.0416666666666666,0,1,0.0416666666666666,24,1.0,1.2897958333333337,22.4378,0.0833333333333333,0.0833333333333333,0.0323624999999999,0.6767,0.0416666666666666,6.5,12.0,0.0555555555555555,1.0,1,0.0416666666666666,2,0.0833333333333333,0.0416666666666666,0.0416666666666666,0.0455701192175207,0.7796970749557615,0.0624999999999999,1.0,0.0026041666666666,0.0416666666666666,0.0507148869812176,0.7791439762345165,,0,ood:168869:103-8:agg:d1.000,C:\Users\Binich\PycharmProjects\PredictionRTS\output\learner_results\all_data\synergy\sce3_synergy_run_0076\final_eval\eval_run_0076_web_batch_20260622_141137,web_batch_20260622_141137,0.0216363559583862,0.0203588596842952,0.0079129778956452,0.0025644416093934,0.0026577017470812,-0.0002801878523852,0.0085012347062664,-0.0009973084217058,-0.0007928221222949,0.0024821138058987,78.0,0.0216363559583862,72.0,0.9268604407836124,2.593280549065226,1.460114875433729,high_score_positive_contribution,3,True
False,repeat_001::ep_197::line_197,Synergy,sce-3,sce3_synergy_run_0076,eval_run_0076_web_batch_20260622_141137,repeat_001,197,197,Win,True,75.0,75.0,15.0,75.0,0.0,49702,27,27,24,20,0.7407407407407407,1,0.037037037037037,0,2,0.074074074074074,27,1.0,1.6072333333333333,25.9085,0.1111111111111111,0.1111111111111111,0.0554666666666666,0.6736,0.074074074074074,3.8,10.0,0.1111111111111111,1.0,2,0.074074074074074,5,0.1851851851851851,0.037037037037037,0.037037037037037,0.0744840316907152,0.7906857618669674,0.1037037037037037,1.0,0.0038408779149519,0.037037037037037,0.0772215179645255,0.7822955722089941,0.3174999999941974,0,136960,C:\Users\Binich\PycharmProjects\PredictionRTS\output\learner_results\all_data\synergy\sce3_synergy_run_0076\final_eval\eval_run_0076_web_batch_20260622_141137,web_batch_20260622_141137,0.0215981538287255,0.0215981538287255,0.0058362379115828,0.0035829469822432,0.0023381169243765,0.0015853205149144,0.0071749890422623,0.0010805424533463,0.0012795755992721,0.0022118584538348,75.0,0.0215981538287255,72.0,0.7822644281808647,2.5879386344029385,1.3600801741719284,high_score_positive_contribution,4,True
False,repeat_001::ep_175::line_175,Synergy,sce-3,sce3_synergy_run_0076,eval_run_0076_web_batch_20260622_141137,repeat_001,175,175,Win,True,87.0,87.0,9.0,87.0,0.0,44108,26,26,24,17,0.6538461538461539,0,0.0,0,1,0.0384615384615384,26,1.0,1.7779153846153848,19.1351,0.1538461538461538,0.1538461538461538,0.0587038461538461,0.5865,0.1153846153846153,2.4285714285714284,7.0,0.1538461538461538,1.0,2,0.0769230769230769,7,0.2692307692307692,0.0,0.0,0.094781171679938,0.7386585542867538,0.1423076923076923,0.0,0.0,0.0,0.0924592195636644,0.7585304940003639,0.2413000000274223,0,141160,C:\Users\Binich\PycharmProjects\PredictionRTS\output\learner_results\all_data\synergy\sce3_synergy_run_0076\final_eval\eval_run_0076_web_batch_20260622_141137,web_batch_20260622_141137,0.0124115181125662,0.0077634355930818995,-0.0015687226896106,-0.0014310616810445,0.0028203990900486,0.004579079540529,-0.0016482981488292,0.0050120394819886,0.0046050610012801,0.002883966701668,87.0,0.0124115181125662,72.0,1.3606484785918556,1.3033447003706882,1.342311269561082,high_score_positive_contribution,5,True
False,repeat_001::ep_203::line_203,Synergy,sce-3,sce3_synergy_run_0076,eval_run_0076_web_batch_20260622_141137,repeat_001,203,203,Win,True,72.0,72.0,-3.0,72.0,0.0,51154,26,26,24,19,0.7307692307692307,1,0.0384615384615384,0,2,0.0769230769230769,26,1.0,1.8187846153846152,20.7452,0.1538461538461538,0.1538461538461538,0.0793538461538461,0.8153,0.1153846153846153,5.166666666666667,16.0,0.1538461538461538,1.0,3,0.1153846153846153,6,0.2307692307692307,0.0384615384615384,0.0384615384615384,0.1019801633485693,0.8144883906430922,0.1461538461538462,1.0,0.0056213017751479,0.0384615384615384,0.10473722735301,0.7908401674943131,0.2299000000220985,0,187107,C:\Users\Binich\PycharmProjects\PredictionRTS\output\learner_results\all_data\synergy\sce3_synergy_run_0076\final_eval\eval_run_0076_web_batch_20260622_141137,web_batch_20260622_141137,0.022847854304583796,0.022847854304583796,0.0049687059953468,0.0045854127107698,0.0021159609396205,0.0028338706112414,0.0058487433782582,0.0024951606693471,0.002553670309745,0.0020095475744412,72.0,0.022847854304583796,72.0,0.637668415578117,2.7626878788756413,1.3176746438333249,high_score_positive_contribution,6,True
False,repeat_001::ep_215::line_215,Synergy,sce-3,sce3_synergy_run_0076,eval_run_0076_web_batch_20260622_141137,repeat_001,215,215,Win,True,72.0,72.0,9.0,72.0,0.0,54238,26,26,25,13,0.5,1,0.0384615384615384,0,2,0.0769230769230769,26,1.0,6.785553846153846,87.1995,0.2307692307692307,0.2307692307692307,0.0319730769230769,0.3313,0.0384615384615384,1.5,4.0,0.1025641025641025,1.0,1,0.0384615384615384,6,0.2307692307692307,0.0384615384615384,0.0384615384615384,0.094546368506493,0.7582375249358279,0.1346153846153846,1.0,0.0051775147928994,0.0384615384615384,0.0973535581356142,0.7711523644967705,0.2750999999534542,0,34820,C:\Users\Binich\PycharmProjects\PredictionRTS\output\learner_results\all_data\synergy\sce3_synergy_run_0076\final_eval\eval_run_0076_web_batch_20260622_141137,web_batch_20260622_141137,0.0210964951524499,0.0210964951524499,0.0049687059953468,0.0041704590028855,0.00163202981686,0.0024201957954866,0.0058487433782582,0.0020563611636128,0.0021452636553249,0.0015214588001151,72.0,0.0210964951524499,72.0,0.637668415578117,2.5177902457643495,1.2393074012377114,high_score_positive_contribution,7,True
False,repeat_001::ep_129::line_129,Synergy,sce-3,sce3_synergy_run_0076,eval_run_0076_web_batch_20260622_141137,repeat_001,129,129,Win,True,72.0,72.0,3.0,72.0,0.0,32296,25,25,24,18,0.72,1,0.04,0,2,0.08,25,1.0,4.942052,106.4013,0.12,0.12,0.0700399999999999,0.8915,0.08,5.75,12.0,0.1066666666666666,1.0,2,0.08,4,0.16,0.04,0.04,0.0810928785612909,0.9330861226206236,0.106,1.0,0.00424,0.04,0.0815917953525809,0.8325801429172183,0.2907000000504922,0,180586,C:\Users\Binich\PycharmProjects\PredictionRTS\output\learner_results\all_data\synergy\sce3_synergy_run_0076\final_eval\eval_run_0076_web_batch_20260622_141137,web_batch_20260622_141137,0.0199866716424564,0.0199866716424564,0.0051968615340393,0.0032938554631898,0.0031419399771457,0.0015371329004317,0.0058487433782582,0.0009681383893917,0.0014061398382812,0.0030386201213423,72.0,0.0199866716424564,72.0,0.637668415578117,2.3626004033853523,1.1896466516764324,high_score_positive_contribution,8,True
False,repeat_001::ep_88::line_88,Synergy,sce-3,sce3_synergy_run_0076,eval_run_0076_web_batch_20260622_141137,repeat_001,88,88,Win,True,72.0,72.0,3.0,72.0,0.0,21984,25,25,23,19,0.76,1,0.04,0,2,0.08,25,1.0,5.669476,129.9989,0.12,0.12,0.0591239999999999,0.895,0.08,4.5,11.0,0.1066666666666666,1.0,2,0.08,4,0.16,0.04,0.04,0.0762648653519501,0.9399283469370115,0.106,1.0,0.00424,0.04,0.0794191894083775,0.834974921427954,0.2418999999918014,0,18336,C:\Users\Binich\PycharmProjects\PredictionRTS\output\learner_results\all_data\synergy\sce3_synergy_run_0076\final_eval\eval_run_0076_web_batch_20260622_141137,web_batch_20260622_141137,0.019923814252271698,0.019923814252271698,0.0051968615340393,0.0032938554631898,0.003200804232015,0.0014154112553777,0.0058487433782582,0.0009681383893917,0.0011408927115832,0.0030979901032663,72.0,0.019923814252271698,72.0,0.637668415578117,2.353810872088456,1.1868340016614254,high_score_positive_contribution,9,True
False,repeat_001::ep_183::line_183,Synergy,sce-3,sce3_synergy_run_0076,eval_run_0076_web_batch_20260622_141137,repeat_001,183,183,Win,True,90.0,90.0,9.0,90.0,0.0,46134,27,27,24,21,0.7777777777777778,0,0.0,0,1,0.037037037037037,27,1.0,1.0448037037037037,19.5,0.074074074074074,0.074074074074074,0.0396407407407407,0.7703,0.037037037037037,8.75,32.0,0.074074074074074,1.0,1,0.037037037037037,4,0.1481481481481481,0.0,0.0,0.050803849416244,0.7954967796610168,0.0666666666666666,0.0,0.0,0.0,0.0461950655706431,0.778423872881356,0.2870999999800006,0,150820,C:\Users\Binich\PycharmProjects\PredictionRTS\output\learner_results\all_data\synergy\sce3_synergy_run_0076\final_eval\eval_run_0076_web_batch_20260622_141137,web_batch_20260622_141137,0.0042743915867976,-0.0031660381649225,-0.0017354307331399,-0.001583140499434,0.0042743915867976,-0.0010527830020975,-0.0018234626704902,-0.0012456128465585,-0.0006088193760958,0.004354631323199,90.0,0.0042743915867976,72.0,1.5052444911946032,0.1655066823606139,1.0765283923677267,high_score_positive_contribution,10,True
False,repeat_001::ep_257::line_257,Synergy,sce-3,sce3_synergy_run_0076,eval_run_0076_web_batch_20260622_141137,repeat_001,257,257,Win,True,72.0,72.0,3.0,72.0,0.0,66982,26,26,26,20,0.7692307692307693,1,0.0384615384615384,0,1,0.0384615384615384,26,1.0,0.6614038461538462,13.2454,0.0769230769230769,0.0769230769230769,0.0147538461538461,0.2836,0.0384615384615384,2.0,3.0,0.0512820512820512,1.0,1,0.0384615384615384,2,0.0769230769230769,0.0384615384615384,0.0384615384615384,0.0329341231172932,0.6130029438942759,0.0576923076923076,1.0,0.0022189349112426,0.0384615384615384,0.0427049707873973,0.7203202611322272,,0,ood:173545:79-49:agg:d0.500,C:\Users\Binich\PycharmProjects\PredictionRTS\output\learner_results\all_data\synergy\sce3_synergy_run_0076\final_eval\eval_run_0076_web_batch_20260622_141137,web_batch_20260622_141137,0.0126041143239805,0.0110936189985093,0.0049687059953468,0.0014041009503238,0.0003825640000517,-0.0006415264508553,0.0058487433782582,-0.0008689688746159,-0.0012396630941047,0.0002612583079263,72.0,0.0126041143239805,72.0,0.637668415578117,1.330275987573599,0.8593028386166712,high_score_positive_contribution,11,True
False,repeat_001::ep_50::line_50,Synergy,sce-3,sce3_synergy_run_0076,eval_run_0076_web_batch_20260622_141137,repeat_001,50,50,Win,True,81.0,81.0,9.0,81.0,0.0,12568,27,27,25,18,0.6666666666666666,0,0.0,0,1,0.037037037037037,27,1.0,1.6418222222222223,21.4029,0.1481481481481481,0.1481481481481481,0.0374925925925925,0.5123,0.037037037037037,1.8333333333333333,6.0,0.0987654320987654,1.0,1,0.037037037037037,6,0.2222222222222222,0.0,0.0,0.0701331816381858,0.7263132290648315,0.1037037037037036,0.0,0.0,0.0,0.0678562280334799,0.754209630172691,0.2519999999890387,0,141160,C:\Users\Binich\PycharmProjects\PredictionRTS\output\learner_results\all_data\synergy\sce3_synergy_run_0076\final_eval\eval_run_0076_web_batch_20260622_141137,web_batch_20260622_141137,0.0048122555459479,0.0011520757936227999,-0.001235306602552,-0.0011269040442657,0.0020424936917877,0.0012897582350666,-0.0012979691055074,0.0014800036190936,0.0013509773975648,0.0020910174448437,81.0,0.0048122555459479,72.0,1.0714564533863602,0.24071776078007134,0.8056200717523477,high_score_positive_contribution,12,True
False,repeat_001::ep_194::line_194,Synergy,sce-3,sce3_synergy_run_0076,eval_run_0076_web_batch_20260622_141137,repeat_001,194,194,Win,True,84.0,84.0,15.0,84.0,0.0,48926,25,25,25,19,0.76,0,0.0,0,1,0.04,25,1.0,1.2694,17.4084,0.12,0.12,0.026496,0.3624,0.04,1.75,4.0,0.08,1.0,1,0.04,4,0.16,0.0,0.0,0.055466514061969,0.6627793394725705,0.086,0.0,0.0,0.0,0.055059931327886,0.7319727688153996,0.2476999999885265,0,116089,C:\Users\Binich\PycharmProjects\PredictionRTS\output\learner_results\all_data\synergy\sce3_synergy_run_0076\final_eval\eval_run_0076_web_batch_20260622_141137,web_batch_20260622_141137,0.0017682097300322226,-0.0023859214058724776,-0.0014020146460813,-0.0012789828626551,0.0012757751719188,9.662567076802265e-05,-0.0014731336271683,0.0003958088873454,-3.340783305735172e-06,0.0013218920068918,84.0,0.0017682097300322226,72.0,1.2160524659891079,-0.1849400002175917,0.767734876802964,high_score_positive_contribution,13,True
False,repeat_001::ep_120::line_120,Synergy,sce-3,sce3_synergy_run_0076,eval_run_0076_web_batch_20260622_141137,repeat_001,120,120,Win,True,81.0,81.0,18.0,81.0,0.0,30048,24,24,24,21,0.875,0,0.0,0,0,0.0,24,1.0,0.3741041666666667,8.9785,0.0416666666666666,0.0416666666666666,0.0362541666666666,0.7701,0.0416666666666666,14.0,27.0,0.0555555555555555,1.0,1,0.0416666666666666,2,0.0833333333333333,0.0,0.0,0.0354277161327291,0.7202651871854994,0.0479166666666666,0.0,0.0,0.0,0.0327133055930614,0.7520928155149247,,0,ood:166598:89-48:agg:d0.500,C:\Users\Binich\PycharmProjects\PredictionRTS\output\learner_results\all_data\synergy\sce3_synergy_run_0076\final_eval\eval_run_0076_web_batch_20260622_141137,web_batch_20260622_141137,0.0019550660526344,-0.005808414616977699,-0.001235306602552,-0.0011269040442657,0.0019550660526344,-0.0020185376312828,-0.0012979691055074,-0.0020847632860042,-0.0018527808036312,0.0020028386788384,81.0,0.0019550660526344,72.0,1.0714564533863602,-0.1588113383258276,0.6777707600384602,high_score_positive_contribution,14,True
False,repeat_001::ep_207::line_207,Synergy,sce-3,sce3_synergy_run_0076,eval_run_0076_web_batch_20260622_141137,repeat_001,207,207,Win,True,72.0,72.0,9.0,72.0,0.0,52122,26,26,26,14,0.5384615384615384,0,0.0,0,1,0.0384615384615384,26,1.0,6.295326923076924,125.7536,0.2692307692307692,0.2692307692307692,0.0556692307692307,0.7474,0.0384615384615384,5.375,36.0,0.1282051282051282,1.0,1,0.0384615384615384,8,0.3076923076923077,0.0,0.0,0.1014622772583777,0.8947548513777903,0.1596153846153846,0.0,0.0,0.0,0.1015234093816545,0.8131641979822266,0.240400000052432,0,118168,C:\Users\Binich\PycharmProjects\PredictionRTS\output\learner_results\all_data\synergy\sce3_synergy_run_0076\final_eval\eval_run_0076_web_batch_20260622_141137,web_batch_20260622_141137,0.0083255990124531,0.006147273410867,-0.0007351824719641,-0.0006706675890974,0.0026646911935704,0.0026538143928456,-0.0007724755405246,0.0030070934260371,0.0025252180683314,0.002706019672193,72.0,0.0083255990124531,72.0,0.637668415578117,0.7319987742751052,0.6678541303611533,high_score_positive_contribution,15,True
False,repeat_001::ep_252::line_252,Synergy,sce-3,sce3_synergy_run_0076,eval_run_0076_web_batch_20260622_141137,repeat_001,252,252,Win,True,78.0,78.0,15.0,78.0,0.0,65812,26,26,25,18,0.6923076923076923,0,0.0,0,1,0.0384615384615384,26,1.0,1.1137884615384617,17.32,0.0769230769230769,0.0769230769230769,0.0421307692307692,0.7954,0.0384615384615384,5.0,17.0,0.0769230769230769,1.0,1,0.0384615384615384,4,0.1538461538461538,0.0,0.0,0.0537442853324871,0.7922071156661786,0.0692307692307692,0.0,0.0,0.0,0.0484156976303884,0.7772724904831625,0.2362999999832027,0,169961,C:\Users\Binich\PycharmProjects\PredictionRTS\output\learner_results\all_data\synergy\sce3_synergy_run_0076\final_eval\eval_run_0076_web_batch_20260622_141137,web_batch_20260622_141137,0.0025908377609865,-0.0016680683888759002,-0.0010685985590227,-0.0009748252258762,0.0025908377609865,-0.0004674202630827,-0.0011228045838465,-0.0006252575180343,-0.00014007474179,0.00263989228729,78.0,0.0025908377609865,72.0,0.9268604407836124,-0.06990953518348278,0.607894048474142,high_score_positive_contribution,16,True
False,repeat_001::ep_288::line_288,Synergy,sce-3,sce3_synergy_run_0076,eval_run_0076_web_batch_20260622_141137,repeat_001,288,288,Win,True,81.0,81.0,-3.0,81.0,0.0,74834,24,24,23,20,0.8333333333333334,0,0.0,0,1,0.0416666666666666,24,1.0,0.0,0.0,0.0,0.0,0.0539708333333333,0.8226,0.125,7.0,15.0,0.125,1.0,3,0.125,3,0.125,0.0,0.0,0.0536912499999999,0.54678,0.08125,0.0,0.0,0.0,0.0525985625,0.691373,0.2450999999155101,0,197892,C:\Users\Binich\PycharmProjects\PredictionRTS\output\learner_results\all_data\synergy\sce3_synergy_run_0076\final_eval\eval_run_0076_web_batch_20260622_141137,web_batch_20260622_141137,4.522191870154443e-05,-0.004314284620988756,-0.001235306602552,-0.0011269040442657,-0.0005527539404015,-0.0001465728469637,-0.0012979691055074,4.522191870154443e-05,-0.0001668231148951,-0.0005265270285146,81.0,4.522191870154443e-05,72.0,1.0714564533863602,-0.4258703864038672,0.5923118646534874,high_score_positive_contribution,17,True
False,repeat_001::ep_140::line_140,Synergy,sce-3,sce3_synergy_run_0076,eval_run_0076_web_batch_20260622_141137,repeat_001,140,140,Win,True,78.0,78.0,18.0,78.0,0.0,35258,24,24,23,16,0.6666666666666666,0,0.0,0,1,0.0416666666666666,24,1.0,0.7208,8.9392,0.0833333333333333,0.0833333333333333,0.0305666666666666,0.2168,0.0833333333333333,1.8,3.0,0.125,1.0,2,0.0833333333333333,5,0.2083333333333333,0.0,0.0,0.062125538064274,0.5538378372898538,0.1020833333333333,0.0,0.0,0.0,0.0636856587955899,0.6938432430514488,0.2736999999797262,0,178711,C:\Users\Binich\PycharmProjects\PredictionRTS\output\learner_results\all_data\synergy\sce3_synergy_run_0076\final_eval\eval_run_0076_web_batch_20260622_141137,web_batch_20260622_141137,0.0019667804755262,-0.0015893499193963,-0.0010685985590227,-0.0009748252258762,-0.0003899020261771,0.0007760752494494,-0.0011228045838465,0.0011907052260768,0.0005292095239171,-0.0003664562628974,78.0,0.0019667804755262,72.0,0.9268604407836124,-0.15717327657477495,0.5799696512289285,high_score_positive_contribution,18,True
False,repeat_001::ep_89::line_89,Synergy,sce-3,sce3_synergy_run_0076,eval_run_0076_web_batch_20260622_141137,repeat_001,89,89,Win,True,78.0,78.0,9.0,78.0,0.0,22186,21,21,21,15,0.7142857142857143,0,0.0,0,1,0.0476190476190476,21,1.0,0.4255095238095238,8.9357,0.0476190476190476,0.0476190476190476,0.0426904761904761,0.7965,0.0476190476190476,6.5,12.0,0.0634920634920634,1.0,1,0.0476190476190476,2,0.0952380952380952,0.0,0.0,0.0408432761674408,0.7277087995162577,0.0547619047619047,0.0,0.0,0.0,0.037546140942015,0.7546980798306901,0.2452999999889016,0,178711,C:\Users\Binich\PycharmProjects\PredictionRTS\output\learner_results\all_data\synergy\sce3_synergy_run_0076\final_eval\eval_run_0076_web_batch_20260622_141137,web_batch_20260622_141137,0.0017843047276078,-0.0041595368607667,-0.0010685985590227,-0.0009748252258762,0.0017843047276078,-0.0013525728066274,-0.0011228045838465,-0.0014250404130017,-0.0011702837955227,0.0018264299964795,78.0,0.0017843047276078,72.0,0.9268604407836124,-0.1826893899950178,0.5718044949344508,high_score_positive_contribution,19,True
False,repeat_001::ep_297::line_297,Synergy,sce-3,sce3_synergy_run_0076,eval_run_0076_web_batch_20260622_141137,repeat_001,297,297,Win,True,78.0,78.0,15.0,78.0,0.0,77132,27,27,25,20,0.7407407407407407,0,0.0,0,0,0.0,27,1.0,0.3132814814814815,8.4586,0.037037037037037,0.037037037037037,0.0440111111111111,0.7114,0.074074074074074,4.4,16.0,0.0987654320987654,1.0,2,0.074074074074074,5,0.1851851851851851,0.0,0.0,0.0496218089530484,0.6967188417323091,0.0777777777777777,0.0,0.0,0.0,0.049552036251094,0.7438515946063082,,0,ood:199170:338-1:agg:d1.000,C:\Users\Binich\PycharmProjects\PredictionRTS\output\learner_results\all_data\synergy\sce3_synergy_run_0076\final_eval\eval_run_0076_web_batch_20260622_141137,web_batch_20260622_141137,0.0013967841511378,-0.002297139696269,-0.0010685985590227,-0.0009748252258762,0.0013967841511378,-0.000374883552591,-0.0011228045838465,-0.0001528119260704,-0.0004692747629328,0.0014355800711504,78.0,0.0013967841511378,72.0,0.9268604407836124,-0.2368775168813817,0.5544642943308143,high_score_positive_contribution,20,True
False,repeat_001::ep_134::line_134,Synergy,sce-3,sce3_synergy_run_0076,eval_run_0076_web_batch_20260622_141137,repeat_001,134,134,Win,True,78.0,78.0,15.0,78.0,0.0,33596,21,21,21,16,0.7619047619047619,0,0.0,0,1,0.0476190476190476,21,1.0,0.4266380952380952,5.2,0.0952380952380952,0.0952380952380952,0.0457619047619047,0.761,0.0476190476190476,3.0,10.0,0.0793650793650793,1.0,1,0.0476190476190476,4,0.1904761904761904,0.0,0.0,0.0492586549771961,0.6651421052631579,0.0857142857142857,0.0,0.0,0.0,0.0521663947397382,0.7327997368421052,0.2440000000092368,0,126067,C:\Users\Binich\PycharmProjects\PredictionRTS\output\learner_results\all_data\synergy\sce3_synergy_run_0076\final_eval\eval_run_0076_web_batch_20260622_141137,web_batch_20260622_141137,0.0012878136268782,-0.0020404003693352,-0.0010685985590227,-0.0009748252258762,0.0010019260746965,-0.000161985627468,-0.0011228045838465,0.0002858875521817,-0.0004982743945923,0.001037329606366,78.0,0.0012878136268782,72.0,0.9268604407836124,-0.25211518154745377,0.5495882416376713,high_score_positive_contribution,21,True
False,repeat_001::ep_52::line_52,Synergy,sce-3,sce3_synergy_run_0076,eval_run_0076_web_batch_20260622_141137,repeat_001,52,52,Win,True,78.0,78.0,-3.0,78.0,0.0,13062,26,26,23,22,0.8461538461538461,0,0.0,0,1,0.0384615384615384,26,1.0,0.1852923076923076,4.8176,0.0384615384615384,0.0384615384615384,0.0426615384615384,0.8589,0.0769230769230769,5.333333333333333,13.0,0.0769230769230769,1.0,1,0.0384615384615384,3,0.1153846153846153,0.0,0.0,0.040877336556112,0.6877207504589138,0.0596153846153846,0.0,0.0,0.0,0.039260186065635,0.7407022626606198,0.2566999999942254,0,126067,C:\Users\Binich\PycharmProjects\PredictionRTS\output\learner_results\all_data\synergy\sce3_synergy_run_0076\final_eval\eval_run_0076_web_batch_20260622_141137,web_batch_20260622_141137,0.0012842655881341,-0.0042517126778219005,-0.0010685985590227,-0.0009748252258762,0.0012842655881341,-0.001212991088217,-0.0011228045838465,-0.0011567588089936,-0.001167563905913,0.0013220948148351,78.0,0.0012842655881341,72.0,0.9268604407836124,-0.252611314102309,0.5494294792201176,high_score_positive_contribution,22,True
False,repeat_001::ep_119::line_119,Synergy,sce-3,sce3_synergy_run_0076,eval_run_0076_web_batch_20260622_141137,repeat_001,119,119,Win,True,75.0,75.0,3.0,75.0,0.0,29816,27,27,24,17,0.6296296296296297,0,0.0,0,1,0.037037037037037,27,1.0,0.6359222222222222,10.469,0.074074074074074,0.074074074074074,0.0730518518518518,0.8808,0.1111111111111111,9.0,17.0,0.1111111111111111,1.0,2,0.074074074074074,4,0.1481481481481481,0.0,0.0,0.0687701662587242,0.7688225394498998,0.0944444444444444,0.0,0.0,0.0,0.0640021303719814,0.7690878888074648,0.2380999999900268,0,108766,C:\Users\Binich\PycharmProjects\PredictionRTS\output\learner_results\all_data\synergy\sce3_synergy_run_0076\final_eval\eval_run_0076_web_batch_20260622_141137,web_batch_20260622_141137,0.0032651790114438,0.0005929020262780999,-0.0009018905154934,-0.0008227464074868,0.0019398523990739,0.0006767537180826,-0.0009476400621855,0.0006485728942873,0.0008944779016553,0.0019791337655808,75.0,0.0032651790114438,72.0,0.7822644281808647,0.024385558969584272,0.539743190033255,high_score_positive_contribution,23,True
False,repeat_001::ep_234::line_234,Synergy,sce-3,sce3_synergy_run_0076,eval_run_0076_web_batch_20260622_141137,repeat_001,234,234,Win,True,78.0,78.0,9.0,78.0,0.0,59256,25,25,25,20,0.8,0,0.0,0,1,0.04,25,1.0,0.093348,2.3337,0.04,0.04,0.0359839999999999,0.4686,0.12,3.6666666666666665,6.0,0.1066666666666666,1.0,2,0.08,3,0.12,0.0,0.0,0.0458226126985413,0.5162653174635349,0.082,0.0,0.0,0.0,0.0493201757143436,0.6806928611122371,0.2431999999998879,0,178319,C:\Users\Binich\PycharmProjects\PredictionRTS\output\learner_results\all_data\synergy\sce3_synergy_run_0076\final_eval\eval_run_0076_web_batch_20260622_141137,web_batch_20260622_141137,8.057619635972902e-05,-0.004339152740720172,-0.0010685985590227,-0.0009748252258762,-0.0008597356620935,-0.000393764906241,-0.0011228045838465,8.057619635972902e-05,-0.0007726592755882,-0.0008403264330642,78.0,8.057619635972902e-05,72.0,0.9268604407836124,-0.4209266951522473,0.49556855728413735,high_score_positive_contribution,24,True
False,repeat_001::ep_238::line_238,Synergy,sce-3,sce3_synergy_run_0076,eval_run_0076_web_batch_20260622_141137,repeat_001,238,238,Win,True,75.0,75.0,9.0,75.0,0.0,60344,26,26,25,21,0.8076923076923077,0,0.0,0,1,0.0384615384615384,26,1.0,2.046719230769231,18.2459,0.1153846153846153,0.1153846153846153,0.0371884615384615,0.6669,0.0384615384615384,2.75,8.0,0.0769230769230769,1.0,1,0.0384615384615384,4,0.1538461538461538,0.0,0.0,0.0637454737509419,0.7584565268941688,0.0826923076923077,0.0,0.0,0.0,0.0576277708802315,0.765459784412959,0.2426999999443069,0,25855,C:\Users\Binich\PycharmProjects\PredictionRTS\output\learner_results\all_data\synergy\sce3_synergy_run_0076\final_eval\eval_run_0076_web_batch_20260622_141137,web_batch_20260622_141137,0.0021693991826611,-0.0005028778025045999,-0.0009018905154934,-0.0008227464074868,0.0018304505281706,0.0002386448159319,-0.0009476400621855,0.0001003038385586,0.0005558284288928,0.0018687919781513,75.0,0.0021693991826611,72.0,0.7822644281808647,-0.12884051470754299,0.4907108464565743,high_score_positive_contribution,25,True
False,repeat_001::ep_7::line_7,Synergy,sce-3,sce3_synergy_run_0076,eval_run_0076_web_batch_20260622_141137,repeat_001,7,7,Win,True,75.0,75.0,3.0,75.0,0.0,1722,25,25,23,20,0.8,0,0.0,0,1,0.04,25,1.0,0.596572,14.9143,0.04,0.04,0.01942,0.3855,0.04,3.0,5.0,0.0533333333333333,1.0,1,0.04,2,0.08,0.0,0.0,0.031403985333724,0.6550996333431002,0.046,0.0,0.0,0.0,0.0302317934001758,0.729284871670085,0.4644000000055825,0,182763,C:\Users\Binich\PycharmProjects\PredictionRTS\output\learner_results\all_data\synergy\sce3_synergy_run_0076\final_eval\eval_run_0076_web_batch_20260622_141137,web_batch_20260622_141137,0.0007396320997296,-0.0051884138916169,-0.0009018905154934,-0.0008227464074868,0.0007396320997296,-0.0016442771674714,-0.0009476400621855,-0.0016114918387094,-0.0016238926155055,0.0007686018793766,75.0,0.0007396320997296,72.0,0.7822644281808647,-0.3287689954441945,0.4267337326208458,high_score_positive_contribution,26,True
False,repeat_001::ep_160::line_160,Synergy,sce-3,sce3_synergy_run_0076,eval_run_0076_web_batch_20260622_141137,repeat_001,160,160,Win,True,75.0,75.0,3.0,75.0,0.0,40338,25,25,24,20,0.8,0,0.0,0,1,0.04,25,1.0,0.264084,6.6021,0.04,0.04,0.032372,0.6093,0.04,3.0,7.0,0.0666666666666666,1.0,1,0.04,3,0.12,0.0,0.0,0.0360742649640708,0.6418566241017702,0.052,0.0,0.0,0.0,0.0344334192338318,0.7246498184356196,0.2412000000049374,0,174418,C:\Users\Binich\PycharmProjects\PredictionRTS\output\learner_results\all_data\synergy\sce3_synergy_run_0076\final_eval\eval_run_0076_web_batch_20260622_141137,web_batch_20260622_141137,0.0005998666904556,-0.0047594858273407,-0.0009018905154934,-0.0008227464074868,0.0005998666904556,-0.0013554999681915,-0.0009476400621855,-0.0013315755644391,-0.0013091295266158,0.0006276356879141,75.0,0.0005998666904556,72.0,0.7822644281808647,-0.3483127982560445,0.4204797157210538,high_score_positive_contribution,27,True
False,repeat_001::ep_211::line_211,Synergy,sce-3,sce3_synergy_run_0076,eval_run_0076_web_batch_20260622_141137,repeat_001,211,211,Win,True,72.0,72.0,9.0,72.0,0.0,53190,26,26,25,16,0.6153846153846154,0,0.0,0,1,0.0384615384615384,26,1.0,0.9965884615384616,13.578,0.0769230769230769,0.0769230769230769,0.0309423076923076,0.3928,0.0769230769230769,1.8333333333333333,6.0,0.1025641025641025,1.0,2,0.0769230769230769,6,0.2307692307692307,0.0,0.0,0.057407522370891,0.6481903265756214,0.1,0.0,0.0,0.0,0.0608333850669009,0.7268666143014675,0.2509999999347201,0,94362,C:\Users\Binich\PycharmProjects\PredictionRTS\output\learner_results\all_data\synergy\sce3_synergy_run_0076\final_eval\eval_run_0076_web_batch_20260622_141137,web_batch_20260622_141137,0.0016575672610851,-0.000520758340501,-0.0007351824719641,-0.0006706675890974,0.0005434749985807,0.0003741296160946,-0.0007724755405246,0.0007399626464098,0.0001048855951968,0.0005665792353243,72.0,0.0016575672610851,72.0,0.637668415578117,-0.20041145776170846,0.3694828561093729,high_score_positive_contribution,28,True
False,repeat_001::ep_294::line_294,Synergy,sce-3,sce3_synergy_run_0076,eval_run_0076_web_batch_20260622_141137,repeat_001,294,294,Win,True,72.0,72.0,3.0,72.0,0.0,76366,26,26,25,20,0.7692307692307693,0,0.0,0,1,0.0384615384615384,26,1.0,0.7295576923076923,15.0,0.0769230769230769,0.0769230769230769,0.0361807692307692,0.7407,0.0384615384615384,2.75,9.0,0.0641025641025641,1.0,1,0.0384615384615384,4,0.1538461538461538,0.0,0.0,0.0436865925943262,0.76221,0.0692307692307692,0.0,0.0,0.0,0.043889735898216,0.7667735,0.2408999999943262,0,108733,C:\Users\Binich\PycharmProjects\PredictionRTS\output\learner_results\all_data\synergy\sce3_synergy_run_0076\final_eval\eval_run_0076_web_batch_20260622_141137,web_batch_20260622_141137,0.001524396232117,-0.0016592479620442,-0.0007351824719641,-0.0006706675890974,0.001524396232117,-0.0005751492236935,-0.0007724755405246,-0.0004301693688816,-0.000648931149094,0.0015559279671356,72.0,0.001524396232117,72.0,0.637668415578117,-0.2190331492368957,0.363523914837313,high_score_positive_contribution,29,True
False,repeat_001::ep_287::line_287,Synergy,sce-3,sce3_synergy_run_0076,eval_run_0076_web_batch_20260622_141137,repeat_001,287,287,Win,True,72.0,72.0,9.0,72.0,0.0,74602,26,26,25,20,0.7692307692307693,0,0.0,0,1,0.0384615384615384,26,1.0,0.4636115384615384,6.7357,0.0769230769230769,0.0769230769230769,0.05195,0.5868,0.0769230769230769,4.5,9.0,0.1025641025641025,1.0,2,0.0769230769230769,4,0.1538461538461538,0.0,0.0,0.0578874112695803,0.6370299795048907,0.0884615384615384,0.0,0.0,0.0,0.0570108735328496,0.7229604928267117,0.2461000000266722,0,173545,C:\Users\Binich\PycharmProjects\PredictionRTS\output\learner_results\all_data\synergy\sce3_synergy_run_0076\final_eval\eval_run_0076_web_batch_20260622_141137,web_batch_20260622_141137,0.0009085956457016,-0.0012697299558845,-0.0007351824719641,-0.0006706675890974,0.0004474615555798,0.0001599709494463,-0.0007724755405246,0.0003011631406755,0.0001312503017526,0.0004697409012949,72.0,0.0009085956457016,72.0,0.637668415578117,-0.30514233243779926,0.33596897621302385,high_score_positive_contribution,30,True
False,repeat_001::ep_187::line_187,Synergy,sce-3,sce3_synergy_run_0076,eval_run_0076_web_batch_20260622_141137,repeat_001,187,187,Win,True,72.0,72.0,12.0,72.0,0.0,47192,26,26,26,20,0.7692307692307693,0,0.0,0,1,0.0384615384615384,26,1.0,0.6,15.6,0.0384615384615384,0.0384615384615384,0.0329115384615384,0.3983,0.1153846153846153,2.0,5.0,0.1025641025641025,1.0,1,0.0384615384615384,5,0.1923076923076923,0.0,0.0,0.0500176923076923,0.66324,0.0807692307692307,0.0,0.0,0.0,0.0507771923076923,0.7321340000000001,0.3424999999879219,0,48346,C:\Users\Binich\PycharmProjects\PredictionRTS\output\learner_results\all_data\synergy\sce3_synergy_run_0076\final_eval\eval_run_0076_web_batch_20260622_141137,web_batch_20260622_141137,0.0006815787935872778,-0.0016860218575762223,-0.0007351824719641,-0.0006706675890974,0.0006729486567346,-0.0001892750495774,-0.0007724755405246,8.630136852677782e-06,-0.0003011056699591,0.0006971652549945,72.0,0.0006815787935872778,72.0,0.637668415578117,-0.33688675772682936,0.3258107601205342,high_score_positive_contribution,31,True
False,repeat_001::ep_62::line_62,Synergy,sce-3,sce3_synergy_run_0076,eval_run_0076_web_batch_20260622_141137,repeat_001,62,62,Win,True,72.0,72.0,9.0,72.0,0.0,15462,24,24,21,20,0.8333333333333334,0,0.0,0,1,0.0416666666666666,24,1.0,0.1413458333333333,3.3923,0.0416666666666666,0.0416666666666666,0.0472166666666666,0.8634,0.0833333333333333,5.666666666666667,14.0,0.0833333333333333,1.0,1,0.0416666666666666,3,0.125,0.0,0.0,0.0433867045117965,0.6603409082831179,0.0645833333333333,0.0,0.0,0.0,0.0421281836969751,0.7311193178990912,0.2377000000137741,0,182125,C:\Users\Binich\PycharmProjects\PredictionRTS\output\learner_results\all_data\synergy\sce3_synergy_run_0076\final_eval\eval_run_0076_web_batch_20260622_141137,web_batch_20260622_141137,0.0006480075168624,-0.0028110674618970002,-0.0007351824719641,-0.0006706675890974,0.0006480075168624,-0.0006738413184821,-0.0007724755405246,-0.0006069080586912,-0.0006654067569213,0.0006720098355185,72.0,0.0006480075168624,72.0,0.637668415578117,-0.3415811267832445,0.3243085620224814,high_score_positive_contribution,32,True
False,repeat_001::ep_148::line_148,Synergy,sce-3,sce3_synergy_run_0076,eval_run_0076_web_batch_20260622_141137,repeat_001,148,148,Win,True,72.0,72.0,15.0,72.0,0.0,37384,25,25,25,19,0.76,0,0.0,0,1,0.04,25,1.0,5.1393,106.4103,0.12,0.12,0.018756,0.1689,0.04,1.25,2.0,0.0666666666666666,0.6666666666666666,0,0.0,4,0.16,0.0,0.0,0.0569504837189357,0.6163087793863602,0.076,0.0,0.0,0.0,0.052227717673521,0.7157080727852261,0.2386999999544059,0,177199,C:\Users\Binich\PycharmProjects\PredictionRTS\output\learner_results\all_data\synergy\sce3_synergy_run_0076\final_eval\eval_run_0076_web_batch_20260622_141137,web_batch_20260622_141137,0.000269195256702,-0.002189879103641,-0.0007351824719641,-0.0006706675890974,0.000269195256702,-0.0001080084332394,-0.0007724755405246,-0.0001727403255175,7.97762626485101e-05,0.0002899430432307,72.0,0.000269195256702,72.0,0.637668415578117,-0.39455154452639407,0.3073580283446735,high_score_positive_contribution,33,True
False,repeat_001::ep_117::line_117,Synergy,sce-3,sce3_synergy_run_0076,eval_run_0076_web_batch_20260622_141137,repeat_001,117,117,Win,True,69.0,69.0,3.0,69.0,0.0,29292,26,26,25,19,0.7307692307692307,1,0.0384615384615384,0,2,0.0769230769230769,26,1.0,6.363453846153846,118.8247,0.1923076923076923,0.1923076923076923,0.0301423076923076,0.3837,0.0384615384615384,1.8,5.0,0.0897435897435897,1.0,1,0.0384615384615384,5,0.1923076923076923,0.0384615384615384,0.0384615384615384,0.0816072401150859,0.7840600538328442,0.1153846153846153,1.0,0.0044378698224852,0.0384615384615384,0.0848001811287117,0.7801902496107262,0.2369999999700667,0,41867,C:\Users\Binich\PycharmProjects\PredictionRTS\output\learner_results\all_data\synergy\sce3_synergy_run_0076\final_eval\eval_run_0076_web_batch_20260622_141137,web_batch_20260622_141137,0.0148403939126175,0.0148403939126175,0.0038420152934541,0.0026900101950183,0.0014337335673683,0.0013275685007247,0.004522497714254,0.0010245686417981,0.0011091380262662,0.0013497111637047,69.0,0.0148403939126175,72.0,0.4930724029753694,1.6429814526776656,0.8610432988801042,positive_contribution_fill,34,True
False,repeat_001::ep_58::line_58,Synergy,sce-3,sce3_synergy_run_0076,eval_run_0076_web_batch_20260622_141137,repeat_001,58,58,Win,True,69.0,69.0,3.0,69.0,0.0,14474,26,26,25,19,0.7307692307692307,1,0.0384615384615384,0,2,0.0769230769230769,26,1.0,1.6488923076923077,18.4024,0.1153846153846153,0.1153846153846153,0.0203615384615384,0.3294,0.0384615384615384,2.0,4.0,0.0641025641025641,1.0,1,0.0384615384615384,3,0.1153846153846153,0.0384615384615384,0.0384615384615384,0.0513338577722059,0.6579868309720305,0.0769230769230769,1.0,0.0029585798816568,0.0384615384615384,0.0577156206128772,0.7360646216094414,0.2355999999963387,0,185429,C:\Users\Binich\PycharmProjects\PredictionRTS\output\learner_results\all_data\synergy\sce3_synergy_run_0076\final_eval\eval_run_0076_web_batch_20260622_141137,web_batch_20260622_141137,0.010734277151427201,0.010627850846472501,0.0038420152934541,0.0016204772064429,0.0005950599384097,0.0001542269988665,0.004522497714254,-0.0001064263049547,-0.0001769152907645,0.0005038321442217,69.0,0.010734277151427201,72.0,0.4930724029753694,1.0688112290151537,0.6773088273081005,positive_contribution_fill,35,True
False,repeat_001::ep_150::line_150,Synergy,sce-3,sce3_synergy_run_0076,eval_run_0076_web_batch_20260622_141137,repeat_001,150,150,Win,True,66.0,66.0,3.0,66.0,0.0,37858,22,22,21,14,0.6363636363636364,0,0.0,0,1,0.0454545454545454,22,1.0,11.26986818181818,116.0987,0.1363636363636363,0.1363636363636363,0.11715,0.8216,0.1363636363636363,11.857142857142858,57.0,0.1969696969696969,1.0,3,0.1363636363636363,7,0.3181818181818182,0.0,0.0,0.1390646893500232,0.9147588165143654,0.1636363636363636,0.0,0.0,0.0,0.1198518374802377,0.8201655857800279,0.2425999999786654,0,169961,C:\Users\Binich\PycharmProjects\PredictionRTS\output\learner_results\all_data\synergy\sce3_synergy_run_0076\final_eval\eval_run_0076_web_batch_20260622_141137,web_batch_20260622_141137,0.0052885957139059,0.004098172879479,-0.0004017663849056,-0.0003665099523185,0.0015502623146513,0.0020114353818413,-0.0004221464972028,0.0017268980174133,0.0025089488432128,0.0015736557229028,66.0,0.0052885957139059,72.0,0.34847639037262174,0.3073257889201673,0.33530819790783634,positive_contribution_fill,36,True
False,repeat_001::ep_173::line_173,Synergy,sce-3,sce3_synergy_run_0076,eval_run_0076_web_batch_20260622_141137,repeat_001,173,173,Win,True,69.0,69.0,3.0,69.0,0.0,43584,23,23,22,16,0.6956521739130435,0,0.0,0,1,0.0434782608695652,23,1.0,1.1032304347826083,21.2318,0.0869565217391304,0.0869565217391304,0.0819782608695652,0.8836,0.0869565217391304,8.0,17.0,0.1159420289855072,1.0,2,0.0869565217391304,4,0.1739130434782608,0.0,0.0,0.0762930427922352,0.8370054093584103,0.0999999999999999,0.0,0.0,0.0,0.0693318692565058,0.7929518932754436,0.2377999999794156,0,108766,C:\Users\Binich\PycharmProjects\PredictionRTS\output\learner_results\all_data\synergy\sce3_synergy_run_0076\final_eval\eval_run_0076_web_batch_20260622_141137,web_batch_20260622_141137,0.0029059177099914,0.0012215434919849001,-0.0005684744284349,-0.0005185887707079,0.0016762877130782,0.0006574593338163,-0.0005973110188637,0.0005721706630969,0.0008833838962188,0.0017049441338937,69.0,0.0029059177099914,72.0,0.4930724029753694,-0.025850991475808598,0.3270169167509925,positive_contribution_fill,37,True
False,repeat_001::ep_93::line_93,Synergy,sce-3,sce3_synergy_run_0076,eval_run_0076_web_batch_20260622_141137,repeat_001,93,93,Win,True,69.0,69.0,9.0,69.0,0.0,23134,25,25,23,18,0.72,0,0.0,0,1,0.04,25,1.0,3.396524,31.1397,0.16,0.16,0.0292039999999999,0.241,0.08,1.6,3.0,0.1066666666666666,1.0,1,0.04,5,0.2,0.0,0.0,0.0827114041274858,0.6750703167500005,0.1159999999999999,0.0,0.0,0.0,0.0778201318573686,0.7362746108625001,0.3068000000041593,0,195590,C:\Users\Binich\PycharmProjects\PredictionRTS\output\learner_results\all_data\synergy\sce3_synergy_run_0076\final_eval\eval_run_0076_web_batch_20260622_141137,web_batch_20260622_141137,0.0026668985450094,0.0009825243270028998,-0.0005684744284349,-0.0005185887707079,0.0005990510985785,0.0010251828854848,-0.0005973110188637,0.0010426645609461,0.0011560443737172,0.0006184525360172,69.0,0.0026668985450094,72.0,0.4930724029753694,-0.05927373500674479,0.3163216388210929,positive_contribution_fill,38,True
False,repeat_001::ep_79::line_79,Synergy,sce-3,sce3_synergy_run_0076,eval_run_0076_web_batch_20260622_141137,repeat_001,79,79,Win,True,69.0,69.0,9.0,69.0,0.0,19636,25,25,24,20,0.8,0,0.0,0,1,0.04,25,1.0,5.028644,61.417,0.12,0.12,0.043072,0.7768,0.04,14.75,56.0,0.08,1.0,1,0.04,4,0.16,0.0,0.0,0.0729256665460149,0.877030926530098,0.086,0.0,0.0,0.0,0.0629165499457067,0.8069608242855343,0.2508000000034371,0,194982,C:\Users\Binich\PycharmProjects\PredictionRTS\output\learner_results\all_data\synergy\sce3_synergy_run_0076\final_eval\eval_run_0076_web_batch_20260622_141137,web_batch_20260622_141137,0.0024825755447013,0.0007982013266947999,-0.0005684744284349,-0.0005185887707079,0.0019425484223358,0.0003795386198866,-0.0005973110188637,0.0001604885024789,0.0007403333000848,0.0019734923985547,69.0,0.0024825755447013,72.0,0.4930724029753694,-0.0850481550898132,0.30807382439451103,positive_contribution_fill,39,True
False,repeat_001::ep_292::line_292,Synergy,sce-3,sce3_synergy_run_0076,eval_run_0076_web_batch_20260622_141137,repeat_001,292,292,Win,True,69.0,69.0,-3.0,69.0,0.0,75902,28,28,27,20,0.7142857142857143,0,0.0,0,1,0.0357142857142857,28,1.0,2.0384964285714284,37.8358,0.0714285714285714,0.0714285714285714,0.0387785714285714,0.8858,0.0357142857142857,5.0,18.0,0.0595238095238095,1.0,1,0.0357142857142857,4,0.1428571428571428,0.0,0.0,0.0501904120430102,0.8821206186998023,0.0642857142857142,0.0,0.0,0.0,0.0450856854193546,0.8087422165449307,0.2488999999741281,0,108766,C:\Users\Binich\PycharmProjects\PredictionRTS\output\learner_results\all_data\synergy\sce3_synergy_run_0076\final_eval\eval_run_0076_web_batch_20260622_141137,web_batch_20260622_141137,0.0019764064494838,-0.0005789263712161999,-0.0005684744284349,-0.0005185887707079,0.0019764064494838,-0.0003929196723772,-0.0005973110188637,-0.0004780389303163,-0.0002254903774932,0.0020076413139571,69.0,0.0019764064494838,72.0,0.4930724029753694,-0.1558272486993761,0.2854245144394509,positive_contribution_fill,40,True
False,repeat_001::ep_136::line_136,Synergy,sce-3,sce3_synergy_run_0076,eval_run_0076_web_batch_20260622_141137,repeat_001,136,136,Win,True,63.0,63.0,9.0,63.0,0.0,34270,43,43,34,15,0.3488372093023256,1,0.0232558139534883,0,1,0.0232558139534883,43,1.0,4.017311627906977,73.7047,0.1627906976744186,0.1627906976744186,0.0516441860465116,0.7327,0.1162790697674418,1.7857142857142858,8.0,0.1472868217054263,1.0,3,0.0697674418604651,14,0.3255813953488372,0.0232558139534883,0.0232558139534883,0.1026201758997884,0.8720229581731971,0.1523255813953488,1.0,0.0035424553812871,0.0232558139534883,0.1041441954339745,0.8086964074536422,,0,ood:184245:71-33:agg:d0.500,C:\Users\Binich\PycharmProjects\PredictionRTS\output\learner_results\all_data\synergy\sce3_synergy_run_0076\final_eval\eval_run_0076_web_batch_20260622_141137,web_batch_20260622_141137,0.0061673718078992,0.0061673718078992,0.0008676392866974,0.0008446031090727,0.0008168637679036,0.0008954445168867,0.0018700063862458,0.000872814741093,0.0008277218214308,0.0008021253496547,63.0,0.0061673718078992,72.0,0.20388037776987408,0.43020760056429985,0.27630508906409035,positive_contribution_fill,41,True
False,repeat_001::ep_60::line_60,Synergy,sce-3,sce3_synergy_run_0076,eval_run_0076_web_batch_20260622_141137,repeat_001,60,60,Win,True,69.0,69.0,15.0,69.0,0.0,14988,25,25,23,20,0.8,0,0.0,0,1,0.04,25,1.0,0.70872,11.58,0.08,0.08,0.05016,0.774,0.08,14.75,54.0,0.1066666666666666,1.0,2,0.08,4,0.16,0.0,0.0,0.0617192399805615,0.746843188137164,0.092,0.0,0.0,0.0,0.0599736579912526,0.7613951158480075,0.2535999999793148,0,183395,C:\Users\Binich\PycharmProjects\PredictionRTS\output\learner_results\all_data\synergy\sce3_synergy_run_0076\final_eval\eval_run_0076_web_batch_20260622_141137,web_batch_20260622_141137,0.0016654759971691,-1.8898220837399902e-05,-0.0005684744284349,-0.0005185887707079,0.0010765039084707,0.0002520483745261,-0.0005973110188637,0.0003369237141723,0.0002642694796193,0.0011000073396211,69.0,0.0016654759971691,72.0,0.4930724029753694,-0.19930555624201526,0.27151145602580634,positive_contribution_fill,42,True
False,repeat_001::ep_145::line_145,Synergy,sce-3,sce3_synergy_run_0076,eval_run_0076_web_batch_20260622_141137,repeat_001,145,145,Win,True,69.0,69.0,3.0,69.0,0.0,36598,26,26,25,20,0.7692307692307693,0,0.0,0,1,0.0384615384615384,26,1.0,5.31415,138.1679,0.0384615384615384,0.0384615384615384,0.0303807692307692,0.5108,0.0769230769230769,2.25,6.0,0.0769230769230769,1.0,1,0.0384615384615384,4,0.1538461538461538,0.0,0.0,0.0465374461267355,0.826243599295124,0.0653846153846153,0.0,0.0,0.0,0.0438264661416463,0.7891852597532933,0.2438999999867519,0,7493,C:\Users\Binich\PycharmProjects\PredictionRTS\output\learner_results\all_data\synergy\sce3_synergy_run_0076\final_eval\eval_run_0076_web_batch_20260622_141137,web_batch_20260622_141137,0.0016046972032527,-0.0009728726377451001,-0.0005684744284349,-0.0005185887707079,0.0016046972032527,-0.0004474708340108,-0.0005973110188637,-0.0004457247889805,-0.0003806732004899,0.0016327385605164,69.0,0.0016046972032527,72.0,0.4930724029753694,-0.207804431390125,0.26879181597841123,positive_contribution_fill,43,True
False,repeat_001::ep_162::line_162,Synergy,sce-3,sce3_synergy_run_0076,eval_run_0076_web_batch_20260622_141137,repeat_001,162,162,Win,True,69.0,69.0,3.0,69.0,0.0,40812,24,24,24,19,0.7916666666666666,0,0.0,0,1,0.0416666666666666,24,1.0,5.4638833333333325,131.1332,0.0416666666666666,0.0416666666666666,0.0159958333333333,0.2839,0.0416666666666666,2.0,3.0,0.0555555555555555,1.0,1,0.0416666666666666,2,0.0833333333333333,0.0,0.0,0.0369511658265619,0.7568279798374868,0.0479166666666666,0.0,0.0,0.0,0.0333988579552862,0.7648897929431204,0.2493000000072243,0,179438,C:\Users\Binich\PycharmProjects\PredictionRTS\output\learner_results\all_data\synergy\sce3_synergy_run_0076\final_eval\eval_run_0076_web_batch_20260622_141137,web_batch_20260622_141137,0.001142925479203,-0.0024000433145059,-0.0005684744284349,-0.0005185887707079,0.001142925479203,-0.0008992095817383,-0.0005973110188637,-0.0009593849939641,-0.00078791106504,0.001166999565421,69.0,0.001142925479203,72.0,0.4930724029753694,-0.272375311737371,0.2481291342672925,positive_contribution_fill,44,True
False,repeat_001::ep_283::line_283,Synergy,sce-3,sce3_synergy_run_0076,eval_run_0076_web_batch_20260622_141137,repeat_001,283,283,Win,True,63.0,63.0,3.0,63.0,0.0,73574,27,27,26,19,0.7037037037037037,1,0.037037037037037,0,2,0.074074074074074,27,1.0,1.8097814814814812,17.1781,0.1851851851851851,0.1851851851851851,0.0260666666666666,0.3038,0.037037037037037,1.6,4.0,0.0864197530864197,1.0,1,0.037037037037037,5,0.1851851851851851,0.037037037037037,0.037037037037037,0.0662572847085707,0.6439626770819152,0.1111111111111111,1.0,0.0041152263374485,0.037037037037037,0.0761120744151531,0.7309424925342258,0.2427999999099483,0,176540,C:\Users\Binich\PycharmProjects\PredictionRTS\output\learner_results\all_data\synergy\sce3_synergy_run_0076\final_eval\eval_run_0076_web_batch_20260622_141137,web_batch_20260622_141137,0.0053777215030495,0.0053777215030495,0.0015210897329633,0.0010158357685371,0.0002057964077721,0.0003933062349181,0.0018700063862458,0.0003716869726131,0.0001889861541432,0.000169422504945,63.0,0.0053777215030495,72.0,0.20388037776987408,0.3197885066807417,0.24097097902135176,positive_contribution_fill,45,True
False,repeat_001::ep_157::line_157,Synergy,sce-3,sce3_synergy_run_0076,eval_run_0076_web_batch_20260622_141137,repeat_001,157,157,Win,True,69.0,69.0,12.0,69.0,0.0,39512,22,22,21,17,0.7727272727272727,0,0.0,0,0,0.0,22,1.0,1.141145454545455,16.1596,0.0909090909090909,0.0909090909090909,0.0350545454545454,0.5712,0.0454545454545454,3.0,7.0,0.0757575757575757,1.0,1,0.0454545454545454,3,0.1363636363636363,0.0,0.0,0.0530600748424323,0.7184524631875105,0.075,0.0,0.0,0.0,0.0501270336790945,0.7514583621156287,,0,ood:101621:71-17:agg:d0.500,C:\Users\Binich\PycharmProjects\PredictionRTS\output\learner_results\all_data\synergy\sce3_synergy_run_0076\final_eval\eval_run_0076_web_batch_20260622_141137,web_batch_20260622_141137,0.0008876410256,-0.0011342305740416,-0.0005684744284349,-0.0005185887707079,0.0008876410256,-0.0001745213293428,-0.0005973110188637,-0.0001629760522923,-0.0001035833067815,0.0009095218579472,69.0,0.0008876410256,72.0,0.4930724029753694,-0.30807247778198843,0.2367060411330149,positive_contribution_fill,46,True
False,repeat_001::ep_247::line_247,Synergy,sce-3,sce3_synergy_run_0076,eval_run_0076_web_batch_20260622_141137,repeat_001,247,247,Win,True,69.0,69.0,9.0,69.0,0.0,62762,25,25,25,18,0.72,0,0.0,0,1,0.04,25,1.0,0.892,12.2,0.12,0.12,0.0242879999999999,0.2072,0.04,1.1666666666666667,3.0,0.0933333333333333,1.0,1,0.04,6,0.24,0.0,0.0,0.0545227701798212,0.5819798198198198,0.098,0.0,0.0,0.0,0.0588352465809195,0.7036929369369369,0.2369999999700667,0,194982,C:\Users\Binich\PycharmProjects\PredictionRTS\output\learner_results\all_data\synergy\sce3_synergy_run_0076\final_eval\eval_run_0076_web_batch_20260622_141137,web_batch_20260622_141137,0.000716089706586,-0.0009884969099620308,-0.0005684744284349,-0.0005185887707079,-2.0212398541530804e-05,0.0002027307807202,-0.0005973110188637,0.0005133589258658,-4.1446074504370287e-05,-6.131308828418094e-06,69.0,0.000716089706586,72.0,0.4930724029753694,-0.3320609966031906,0.22902971511023024,positive_contribution_fill,47,True
False,repeat_001::ep_123::line_123,Synergy,sce-3,sce3_synergy_run_0076,eval_run_0076_web_batch_20260622_141137,repeat_001,123,123,Win,True,66.0,66.0,-3.0,66.0,0.0,30784,26,26,25,17,0.6538461538461539,0,0.0,0,1,0.0384615384615384,26,1.0,2.6563923076923075,32.4672,0.1153846153846153,0.1153846153846153,0.0693423076923076,0.7682,0.0769230769230769,5.571428571428571,28.0,0.141025641025641,1.0,2,0.0769230769230769,7,0.2692307692307692,0.0,0.0,0.0934313500304206,0.8362696601612538,0.1192307692307692,0.0,0.0,0.0,0.0837748767444585,0.7926943810564389,0.2452999999604799,0,29809,C:\Users\Binich\PycharmProjects\PredictionRTS\output\learner_results\all_data\synergy\sce3_synergy_run_0076\final_eval\eval_run_0076_web_batch_20260622_141137,web_batch_20260622_141137,0.0028921500473488002,0.0017017272129219003,-0.0004017663849056,-0.0003665099523185,0.001181248642746,0.0009068602876231,-0.0004221464972028,0.0008040411169797,0.0011388782592441,0.001201471702577,66.0,0.0028921500473488002,72.0,0.34847639037262174,-0.027776163700214594,0.2280755730693141,positive_contribution_fill,48,True
False,repeat_001::ep_296::line_296,Synergy,sce-3,sce3_synergy_run_0076,eval_run_0076_web_batch_20260622_141137,repeat_001,296,296,Win,True,66.0,66.0,9.0,66.0,0.0,76870,26,26,26,19,0.7307692307692307,0,0.0,0,1,0.0384615384615384,26,1.0,5.12895,101.0346,0.1153846153846153,0.1153846153846153,0.0547230769230769,0.7805,0.0769230769230769,11.166666666666666,60.0,0.1282051282051282,1.0,2,0.0769230769230769,6,0.2307692307692307,0.0,0.0,0.0849742156204875,0.8981251933181189,0.1134615384615384,0.0,0.0,0.0,0.0779499354907578,0.8143438176613416,0.2436999999417821,0,29809,C:\Users\Binich\PycharmProjects\PredictionRTS\output\learner_results\all_data\synergy\sce3_synergy_run_0076\final_eval\eval_run_0076_web_batch_20260622_141137,web_batch_20260622_141137,0.0028847193426515,0.0016942965082246,-0.0004017663849056,-0.0003665099523185,0.0014720599914524,0.0007285169653781,-0.0004221464972028,0.000684142385821,0.0008849658510688,0.0014947815313404,66.0,0.0028847193426515,72.0,0.34847639037262174,-0.028815220703742702,0.22774307482818512,positive_contribution_fill,49,True
False,repeat_001::ep_13::line_13,Synergy,sce-3,sce3_synergy_run_0076,eval_run_0076_web_batch_20260622_141137,repeat_001,13,13,Win,True,63.0,63.0,15.0,63.0,0.0,3314,29,29,26,17,0.5862068965517241,1,0.0344827586206896,0,1,0.0344827586206896,29,1.0,3.700734482758621,102.3154,0.0689655172413793,0.0689655172413793,0.0346620689655172,0.4881,0.0689655172413793,2.4,6.0,0.1034482758620689,1.0,2,0.0689655172413793,5,0.1724137931034483,0.0344827586206896,0.0344827586206896,0.0585994547179062,0.8108160058371336,0.0844827586206896,1.0,0.0029131985731272,0.0344827586206896,0.0628352718644371,0.7889580158361001,,0,ood:176540:71-29:agg:d0.500,C:\Users\Binich\PycharmProjects\PredictionRTS\output\learner_results\all_data\synergy\sce3_synergy_run_0076\final_eval\eval_run_0076_web_batch_20260622_141137,web_batch_20260622_141137,0.004791597669299855,0.004791597669299855,0.001399976072664,0.0006564837297846,0.0006617399150214,0.0001554793926904,0.0018700063862458,4.791217289365503e-05,5.447184604434439e-05,0.0006323201881696,63.0,0.004791597669299855,72.0,0.20388037776987408,0.23782910993421416,0.21474397206246293,positive_contribution_fill,50,True
False,repeat_001::ep_27::line_27,Synergy,sce-3,sce3_synergy_run_0076,eval_run_0076_web_batch_20260622_141137,repeat_001,27,27,Win,True,66.0,66.0,3.0,66.0,0.0,6832,26,26,26,17,0.6538461538461539,0,0.0,0,1,0.0384615384615384,26,1.0,1.3579307692307694,16.8545,0.1153846153846153,0.1153846153846153,0.0547038461538461,0.768,0.0769230769230769,2.2857142857142856,9.0,0.1282051282051282,1.0,2,0.0769230769230769,7,0.2692307692307692,0.0,0.0,0.0792918526942609,0.7814491723919641,0.1192307692307692,0.0,0.0,0.0,0.0774121029431866,0.7735072103371874,0.2490000000108239,0,169961,C:\Users\Binich\PycharmProjects\PredictionRTS\output\learner_results\all_data\synergy\sce3_synergy_run_0076\final_eval\eval_run_0076_web_batch_20260622_141137,web_batch_20260622_141137,0.0024396034444339,0.001249180610007,-0.0004017663849056,-0.0003665099523185,0.0009235122823707,0.0007120500450835,-0.0004221464972028,0.0008040411169797,0.0007143616741943,0.0009415210229901,66.0,0.0024396034444339,72.0,0.34847639037262174,-0.09105706858564581,0.20782568350597613,positive_contribution_fill,51,True
False,repeat_001::ep_64::line_64,Synergy,sce-3,sce3_synergy_run_0076,eval_run_0076_web_batch_20260622_141137,repeat_001,64,64,Win,True,69.0,69.0,9.0,69.0,0.0,15956,26,26,25,20,0.7692307692307693,0,0.0,0,1,0.0384615384615384,26,1.0,0.4400999999999999,7.1621,0.0769230769230769,0.0769230769230769,0.0269884615384615,0.5017,0.0384615384615384,2.0,6.0,0.0641025641025641,1.0,1,0.0384615384615384,4,0.1538461538461538,0.0,0.0,0.0383590789363423,0.6174382896615216,0.0692307692307692,0.0,0.0,0.0,0.0414923547521232,0.7161034013815326,0.3051999999854615,0,64547,C:\Users\Binich\PycharmProjects\PredictionRTS\output\learner_results\all_data\synergy\sce3_synergy_run_0076\final_eval\eval_run_0076_web_batch_20260622_141137,web_batch_20260622_141137,0.0002156670602733,-0.0023499202955605,-0.0005684744284349,-0.0005185887707079,0.0002156670602733,-0.000548587843522,-0.0005973110188637,-0.0003326252943053,-0.0007281010542386,0.0002317746875557,69.0,0.0002156670602733,72.0,0.4930724029753694,-0.4020365475848089,0.20663753879611238,positive_contribution_fill,52,True
False,repeat_001::ep_278::line_278,Synergy,sce-3,sce3_synergy_run_0076,eval_run_0076_web_batch_20260622_141137,repeat_001,278,278,Win,True,69.0,69.0,3.0,69.0,0.0,72234,26,26,25,21,0.8076923076923077,0,0.0,0,1,0.0384615384615384,26,1.0,1.0150807692307693,8.4098,0.1538461538461538,0.1538461538461538,0.0179307692307692,0.1662,0.0384615384615384,1.25,2.0,0.0641025641025641,0.6666666666666666,0,0.0,4,0.1538461538461538,0.0,0.0,0.0485386313934914,0.432584418516225,0.0865384615384615,0.0,0.0,0.0,0.0521308456655327,0.6514045464806788,0.2428000000236352,0,99373,C:\Users\Binich\PycharmProjects\PredictionRTS\output\learner_results\all_data\synergy\sce3_synergy_run_0076\final_eval\eval_run_0076_web_batch_20260622_141137,web_batch_20260622_141137,0.0001763224317334,-0.0026097966937779376,-0.0005684744284349,-0.0005185887707079,-0.001014031549967,-8.771335753783811e-05,-0.0005973110188637,0.0001763224317334,-0.0002956602038859,-0.001008488769853,69.0,0.0001763224317334,72.0,0.4930724029753694,-0.4075382211811837,0.20487700324527244,positive_contribution_fill,53,True
False,repeat_001::ep_179::line_179,Synergy,sce-3,sce3_synergy_run_0076,eval_run_0076_web_batch_20260622_141137,repeat_001,179,179,Win,True,66.0,66.0,9.0,66.0,0.0,45086,25,25,24,17,0.68,0,0.0,0,1,0.04,25,1.0,5.551056,101.2953,0.24,0.24,0.0307,0.1675,0.04,1.1428571428571428,2.0,0.1066666666666666,0.6666666666666666,0,0.0,7,0.28,0.0,0.0,0.0880225878459778,0.6143095784368253,0.1359999999999999,0.0,0.0,0.0,0.08721016453069,0.7150083524528889,0.2432999999655294,0,173545,C:\Users\Binich\PycharmProjects\PredictionRTS\output\learner_results\all_data\synergy\sce3_synergy_run_0076\final_eval\eval_run_0076_web_batch_20260622_141137,web_batch_20260622_141137,0.0023022979779581,0.0011118751435312,-0.0004017663849056,-0.0003665099523185,0.0001377120756688,0.001012039140075,-0.0004221464972028,0.0011525467622143,0.0009764885223746,0.0001489696831083,66.0,0.0023022979779581,72.0,0.34847639037262174,-0.11025689045667371,0.2016817405072472,positive_contribution_fill,54,True
False,repeat_001::ep_3::line_3,Synergy,sce-3,sce3_synergy_run_0076,eval_run_0076_web_batch_20260622_141137,repeat_001,3,3,Win,True,69.0,69.0,21.0,69.0,0.0,754,24,24,23,18,0.75,0,0.0,0,1,0.0416666666666666,24,1.0,2.5784708333333333,57.5833,0.0833333333333333,0.0833333333333333,0.0158583333333333,0.1806,0.0416666666666666,1.3333333333333333,2.0,0.0555555555555555,0.6666666666666666,0,0.0,3,0.125,0.0,0.0,0.0406363958832904,0.5949937809192507,0.0583333333333333,0.0,0.0,0.0,0.0387030448141473,0.7082478233217377,0.2613999999994121,0,14768,C:\Users\Binich\PycharmProjects\PredictionRTS\output\learner_results\all_data\synergy\sce3_synergy_run_0076\final_eval\eval_run_0076_web_batch_20260622_141137,web_batch_20260622_141137,6.636003718048789e-05,-0.002940512741899312,-0.0005684744284349,-0.0005185887707079,6.636003718048789e-05,-0.0006694246985214,-0.0005973110188637,-0.0006530738625519,-0.0006313576186891,8.11849063406826e-05,69.0,6.636003718048789e-05,72.0,0.4930724029753694,-0.42291458194901743,0.19995656779956564,positive_contribution_fill,55,True
False,repeat_001::ep_202::line_202,Synergy,sce-3,sce3_synergy_run_0076,eval_run_0076_web_batch_20260622_141137,repeat_001,202,202,Win,True,66.0,66.0,9.0,66.0,0.0,50902,26,26,26,13,0.5,0,0.0,0,1,0.0384615384615384,26,1.0,5.148646153846154,133.8648,0.0384615384615384,0.0384615384615384,0.0626192307692307,0.798,0.1153846153846153,8.0,14.0,0.1025641025641025,1.0,2,0.0769230769230769,3,0.1153846153846153,0.0,0.0,0.0638702352871478,0.9115961174658428,0.0788461538461538,0.0,0.0,0.0,0.0563377597253703,0.8190586411130449,0.2434000000448577,0,204070,C:\Users\Binich\PycharmProjects\PredictionRTS\output\learner_results\all_data\synergy\sce3_synergy_run_0076\final_eval\eval_run_0076_web_batch_20260622_141137,web_batch_20260622_141137,0.0016022059237984312,0.0003765330882403907,-0.0004017663849056,-0.0003665099523185,0.0015353930098549,6.68129139435312e-05,-0.0004221464972028,-3.525000113114045e-05,0.0002513514127991,0.0015586586697855,66.0,0.0016022059237984312,72.0,0.34847639037262174,-0.20815279422651173,0.17035505130089904,positive_contribution_fill,56,True
False,repeat_001::ep_83::line_83,Synergy,sce-3,sce3_synergy_run_0076,eval_run_0076_web_batch_20260622_141137,repeat_001,83,83,Win,True,66.0,66.0,3.0,66.0,0.0,20664,30,30,28,20,0.6666666666666666,0,0.0,0,1,0.0333333333333333,30,1.0,1.07871,25.8647,0.0666666666666666,0.0666666666666666,0.0641666666666666,0.819,0.0666666666666666,5.5,16.0,0.1,1.0,2,0.0666666666666666,6,0.2,0.0,0.0,0.0641165171372369,0.8341697209233592,0.0866666666666666,0.0,0.0,0.0,0.0591857660450899,0.7919594023231757,0.3202000000044336,0,102830,C:\Users\Binich\PycharmProjects\PredictionRTS\output\learner_results\all_data\synergy\sce3_synergy_run_0076\final_eval\eval_run_0076_web_batch_20260622_141137,web_batch_20260622_141137,0.0014526661105110001,0.00026224327608410003,-0.0004017663849056,-0.0003665099523185,0.0011713758612695,0.0001540108592465,-0.0004221464972028,0.000127279389995,0.0002587456452441,0.001191514099969,66.0,0.0014526661105110001,72.0,0.34847639037262174,-0.22906338031924736,0.16366366375122363,positive_contribution_fill,57,True
False,repeat_001::ep_76::line_76,Synergy,sce-3,sce3_synergy_run_0076,eval_run_0076_web_batch_20260622_141137,repeat_001,76,76,Win,True,66.0,66.0,3.0,66.0,0.0,18920,29,29,25,21,0.7241379310344828,0,0.0,0,1,0.0344827586206896,29,1.0,0.8118103448275862,10.56,0.1379310344827586,0.1379310344827586,0.0330206896551724,0.4252,0.1034482758620689,1.8333333333333333,5.0,0.1034482758620689,1.0,1,0.0344827586206896,6,0.2068965517241379,0.0,0.0,0.0605071940388616,0.6330074708171206,0.1137931034482758,0.0,0.0,0.0,0.0670558235243843,0.7215526147859922,0.3661000000079184,0,176831,C:\Users\Binich\PycharmProjects\PredictionRTS\output\learner_results\all_data\synergy\sce3_synergy_run_0076\final_eval\eval_run_0076_web_batch_20260622_141137,web_batch_20260622_141137,0.0013116224862205,0.0001211996517936,-0.0004017663849056,-0.0003665099523185,0.0002256194789934,0.0003949698897303,-0.0004221464972028,0.0006910331174968,0.0001503812897344,0.0002376323351365,66.0,0.0013116224862205,72.0,0.34847639037262174,-0.24878591964654406,0.1573524511664887,positive_contribution_fill,58,True
False,repeat_001::ep_12::line_12,Synergy,sce-3,sce3_synergy_run_0076,eval_run_0076_web_batch_20260622_141137,repeat_001,12,12,Win,True,66.0,66.0,9.0,66.0,0.0,3032,25,25,24,21,0.84,0,0.0,0,1,0.04,25,1.0,1.094052,27.3513,0.04,0.04,0.063816,0.8987,0.08,7.0,13.0,0.0933333333333333,1.0,2,0.08,3,0.12,0.0,0.0,0.058861147222185,0.8625186805546261,0.072,0.0,0.0,0.0,0.0516875162499832,0.8018815381941191,0.2501000000023623,0,66298,C:\Users\Binich\PycharmProjects\PredictionRTS\output\learner_results\all_data\synergy\sce3_synergy_run_0076\final_eval\eval_run_0076_web_batch_20260622_141137,web_batch_20260622_141137,0.0013046573765041,-0.00013885975211555014,-0.0004017663849056,-0.0003665099523185,0.0013046573765041,-7.556446542005004e-05,-0.0004221464972028,-0.0001775298287727,0.0001009612745221,0.0013259406915883,66.0,0.0013046573765041,72.0,0.34847639037262174,-0.24975987115262352,0.15704078668454324,positive_contribution_fill,59,True
False,repeat_001::ep_242::line_242,Synergy,sce-3,sce3_synergy_run_0076,eval_run_0076_web_batch_20260622_141137,repeat_001,242,242,Win,True,66.0,66.0,3.0,66.0,0.0,61452,27,27,25,22,0.8148148148148148,0,0.0,0,1,0.037037037037037,27,1.0,1.5645962962962965,33.6389,0.074074074074074,0.074074074074074,0.0431407407407407,0.8047,0.074074074074074,8.0,28.0,0.0864197530864197,1.0,1,0.037037037037037,4,0.1481481481481481,0.0,0.0,0.0571401853133909,0.849748661148654,0.0759259259259259,0.0,0.0,0.0,0.0522871574651,0.7974120314020289,0.2653000000236716,0,102092,C:\Users\Binich\PycharmProjects\PredictionRTS\output\learner_results\all_data\synergy\sce3_synergy_run_0076\final_eval\eval_run_0076_web_batch_20260622_141137,web_batch_20260622_141137,0.0012446196340916,-9.894782019301728e-05,-0.0004017663849056,-0.0003665099523185,0.0012446196340916,-5.7205137522792665e-05,-0.0004221464972028,-9.59394823349245e-05,4.92920492906761e-05,0.0012653871402063,66.0,0.0012446196340916,72.0,0.34847639037262174,-0.258155122918232,0.15435430611954853,positive_contribution_fill,60,True
False,repeat_001::ep_99::line_99,Synergy,sce-3,sce3_synergy_run_0076,eval_run_0076_web_batch_20260622_141137,repeat_001,99,99,Win,True,66.0,66.0,-3.0,66.0,0.0,24686,25,25,24,18,0.72,0,0.0,0,1,0.04,25,1.0,6.622412000000001,151.2132,0.08,0.08,0.030324,0.3581,0.04,1.8,5.0,0.0933333333333333,1.0,1,0.04,5,0.2,0.0,0.0,0.061533100891703,0.7826181359590902,0.078,0.0,0.0,0.0,0.0549898954012663,0.7739163475856816,0.3573000000187676,0,143822,C:\Users\Binich\PycharmProjects\PredictionRTS\output\learner_results\all_data\synergy\sce3_synergy_run_0076\final_eval\eval_run_0076_web_batch_20260622_141137,web_batch_20260622_141137,0.0009545532168123966,-0.00028870476598225243,-0.0004017663849056,-0.0003665099523185,0.0009290081184616,2.5545098350796705e-05,-0.0004221464972028,-5.283514836774906e-05,0.0001811825596377,0.0009470640760721,66.0,0.0009545532168123966,72.0,0.34847639037262174,-0.2987159518893751,0.14137484084878277,positive_contribution_fill,61,True
False,repeat_001::ep_182::line_182,Synergy,sce-3,sce3_synergy_run_0076,eval_run_0076_web_batch_20260622_141137,repeat_001,182,182,Win,True,63.0,63.0,6.0,63.0,0.0,45872,26,26,24,16,0.6153846153846154,0,0.0,0,1,0.0384615384615384,26,1.0,6.784600000000001,33.9624,0.3076923076923077,0.3076923076923077,0.0526307692307692,0.5684,0.0384615384615384,1.6666666666666667,7.0,0.141025641025641,1.0,1,0.0384615384615384,9,0.3461538461538461,0.0,0.0,0.138427184033702,0.7795331566975416,0.1788461538461538,0.0,0.0,0.0,0.1248883866613197,0.7728366048441395,0.2379999999675419,0,176540,C:\Users\Binich\PycharmProjects\PredictionRTS\output\learner_results\all_data\synergy\sce3_synergy_run_0076\final_eval\eval_run_0076_web_batch_20260622_141137,web_batch_20260622_141137,0.0029973553218979,0.0023008838710506,-0.0002350583413763,-0.0002144311339291,0.0005350418823029,0.0012670343989628,-0.0002469819755419,0.0011952790406322,0.0014566930743963,0.0005455328372704,63.0,0.0029973553218979,72.0,0.20388037776987408,-0.01306500482882831,0.13445785533828933,positive_contribution_fill,62,True
False,repeat_001::ep_90::line_90,Synergy,sce-3,sce3_synergy_run_0076,eval_run_0076_web_batch_20260622_141137,repeat_001,90,90,Win,True,63.0,63.0,9.0,63.0,0.0,22458,28,28,25,16,0.5714285714285714,0,0.0,0,0,0.0,28,1.0,5.639607142857143,122.6846,0.1071428571428571,0.1071428571428571,0.1027714285714285,0.7984,0.1428571428571428,5.285714285714286,11.0,0.1785714285714285,1.0,4,0.1428571428571428,7,0.25,0.0,0.0,0.1147470541926078,0.9093733213349552,0.1464285714285714,0.0,0.0,0.0,0.1028861743866735,0.8182806624672343,,0,ood:180383:71-30:agg:d0.500,C:\Users\Binich\PycharmProjects\PredictionRTS\output\learner_results\all_data\synergy\sce3_synergy_run_0076\final_eval\eval_run_0076_web_batch_20260622_141137,web_batch_20260622_141137,0.0025662088327084,0.0018697373818611,-0.0002350583413763,-0.0002144311339291,0.0008921863470438,0.0008729096353147,-0.0002469819755419,0.0008011128503499,0.0010407376033098,0.0009057456771853,63.0,0.0025662088327084,72.0,0.20388037776987408,-0.07335346970372406,0.1151655465783227,positive_contribution_fill,63,True
False,repeat_001::ep_87::line_87,Synergy,sce-3,sce3_synergy_run_0076,eval_run_0076_web_batch_20260622_141137,repeat_001,87,87,Win,True,63.0,63.0,9.0,63.0,0.0,21742,28,28,28,17,0.6071428571428571,0,0.0,0,1,0.0357142857142857,28,1.0,0.3251785714285714,9.105,0.0357142857142857,0.0357142857142857,0.0791857142857142,0.7638,0.1428571428571428,5.25,25.0,0.1785714285714285,1.0,4,0.1428571428571428,8,0.2857142857142857,0.0,0.0,0.0841353830336112,0.7197707249411149,0.1267857142857142,0.0,0.0,0.0,0.082235922365125,0.7519197537293902,0.3424999999879219,0,193616,C:\Users\Binich\PycharmProjects\PredictionRTS\output\learner_results\all_data\synergy\sce3_synergy_run_0076\final_eval\eval_run_0076_web_batch_20260622_141137,web_batch_20260622_141137,0.0014359338709032002,0.0007394624200559,-0.0002350583413763,-0.0002144311339291,0.0003706565261932,0.0005030024825396,-0.0002469819755419,0.0005622748621704,0.0005030255137592,0.00037973517887,63.0,0.0014359338709032002,72.0,0.20388037776987408,-0.23140309794461764,0.06458966554123675,positive_contribution_fill,64,True
False,repeat_001::ep_61::line_61,Synergy,sce-3,sce3_synergy_run_0076,eval_run_0076_web_batch_20260622_141137,repeat_001,61,61,Win,True,63.0,63.0,3.0,63.0,0.0,15230,25,25,24,20,0.8,0,0.0,0,1,0.04,25,1.0,5.06568,116.142,0.08,0.08,0.0526839999999999,0.7755,0.08,15.25,55.0,0.1066666666666666,1.0,2,0.08,4,0.16,0.0,0.0,0.0707319101613319,0.9009397052528104,0.092,0.0,0.0,0.0,0.0640293595725993,0.8153288968384835,0.3057000000126209,0,160076,C:\Users\Binich\PycharmProjects\PredictionRTS\output\learner_results\all_data\synergy\sce3_synergy_run_0076\final_eval\eval_run_0076_web_batch_20260622_141137,web_batch_20260622_141137,0.0011851719824378,0.0004887005315905,-0.0002350583413763,-0.0002144311339291,0.0008689884459175,0.0001768690388714,-0.0002469819755419,0.0001393144976489,0.0002675855938688,0.0008823484733371,63.0,0.0011851719824378,72.0,0.20388037776987408,-0.2664678605804651,0.053368941497765554,positive_contribution_fill,65,True
False,repeat_001::ep_168::line_168,Synergy,sce-3,sce3_synergy_run_0076,eval_run_0076_web_batch_20260622_141137,repeat_001,168,168,Win,True,63.0,63.0,9.0,63.0,0.0,42314,29,29,26,14,0.4827586206896552,0,0.0,0,3,0.1034482758620689,29,1.0,6.276710344827586,126.9419,0.1724137931034483,0.1724137931034483,0.0258068965517241,0.2484,0.0344827586206896,1.3333333333333333,3.0,0.0919540229885057,1.0,1,0.0344827586206896,6,0.2068965517241379,0.0,0.0,0.0767125966584179,0.7453105323352458,0.1086206896551724,0.0,0.0,0.0,0.0725379098755984,0.760858686317336,0.2454000000398082,0,69089,C:\Users\Binich\PycharmProjects\PredictionRTS\output\learner_results\all_data\synergy\sce3_synergy_run_0076\final_eval\eval_run_0076_web_batch_20260622_141137,web_batch_20260622_141137,0.0011115957640899,0.00041512431324260005,-0.0002350583413763,-0.0002144311339291,0.0004409075218449,0.0003292823660086,-0.0002469819755419,0.0003414058762364,0.0003726398856319,0.0004505897297558,63.0,0.0011115957640899,72.0,0.20388037776987408,-0.2767562367280565,0.050076661130536326,positive_contribution_fill,66,True
False,repeat_001::ep_164::line_164,Synergy,sce-3,sce3_synergy_run_0076,eval_run_0076_web_batch_20260622_141137,repeat_001,164,164,Win,True,63.0,63.0,3.0,63.0,0.0,41296,24,24,21,17,0.7083333333333334,0,0.0,0,1,0.0416666666666666,24,1.0,4.002204166666666,33.6241,0.2083333333333333,0.2083333333333333,0.0208333333333333,0.1,0.0,1.0,1.0,0.0694444444444444,0.3333333333333333,0,0.0,5,0.2083333333333333,0.0,0.0,0.0756787033124194,0.4383075639382818,0.1041666666666666,0.0,0.0,0.0,0.070513749823922,0.6534076473783986,0.2546000000052117,0,85876,C:\Users\Binich\PycharmProjects\PredictionRTS\output\learner_results\all_data\synergy\sce3_synergy_run_0076\final_eval\eval_run_0076_web_batch_20260622_141137,web_batch_20260622_141137,0.0005802729665898,-0.0005197477691964999,-0.0002350583413763,-0.0002144311339291,-0.000403549284939,0.0002930236665654,-0.0002469819755419,0.0002872493000244,0.0003544789381762,-0.0004011221532148,63.0,0.0005802729665898,72.0,0.20388037776987408,-0.3510526455299312,0.026301810313936413,positive_contribution_fill,67,True
False,repeat_001::ep_41::line_41,Synergy,sce-3,sce3_synergy_run_0076,eval_run_0076_web_batch_20260622_141137,repeat_001,41,41,Win,True,63.0,63.0,9.0,63.0,0.0,10340,27,27,27,19,0.7037037037037037,0,0.0,0,1,0.037037037037037,27,1.0,0.5056296296296297,8.942,0.074074074074074,0.074074074074074,0.0488703703703703,0.7569,0.074074074074074,6.0,23.0,0.0987654320987654,1.0,2,0.074074074074074,5,0.1851851851851851,0.0,0.0,0.0560279702149225,0.7158990571217401,0.0907407407407407,0.0,0.0,0.0,0.0569718458559744,0.750564669992609,0.28280000000791,0,140355,C:\Users\Binich\PycharmProjects\PredictionRTS\output\learner_results\all_data\synergy\sce3_synergy_run_0076\final_eval\eval_run_0076_web_batch_20260622_141137,web_batch_20260622_141137,0.0005344581406501584,-0.0001620133101971415,-0.0002350583413763,-0.0002144311339291,0.0003600069345597,5.044807307095847e-05,-0.0002469819755419,0.0001240031330195,9.302201493922408e-06,0.0003689940922092,63.0,0.0005344581406501584,72.0,0.20388037776987408,-0.35745906560679175,0.02425175588934103,positive_contribution_fill,68,True
False,repeat_001::ep_122::line_122,Synergy,sce-3,sce3_synergy_run_0076,eval_run_0076_web_batch_20260622_141137,repeat_001,122,122,Win,True,63.0,63.0,3.0,63.0,0.0,30532,24,24,24,15,0.625,0,0.0,0,1,0.0416666666666666,24,1.0,1.566920833333333,20.3778,0.0833333333333333,0.0833333333333333,0.0367916666666666,0.683,0.0416666666666666,2.2,9.0,0.0694444444444444,1.0,1,0.0416666666666666,5,0.2083333333333333,0.0,0.0,0.0535966216104711,0.7732248951536977,0.0812499999999999,0.0,0.0,0.0,0.052555979724712,0.7706287133037941,0.2519999999890387,0,7522,C:\Users\Binich\PycharmProjects\PredictionRTS\output\learner_results\all_data\synergy\sce3_synergy_run_0076\final_eval\eval_run_0076_web_batch_20260622_141137,web_batch_20260622_141137,0.0005262950618313702,-0.00019882955238250454,-0.0002350583413763,-0.0002144311339291,0.0005176900813497,-2.865316336657477e-05,-0.0002469819755419,8.604980481670224e-06,-3.340587320526642e-05,0.0005280319598495,63.0,0.0005262950618313702,72.0,0.20388037776987408,-0.35860053260925456,0.023886486448552943,positive_contribution_fill,69,True
False,repeat_001::ep_227::line_227,Synergy,sce-3,sce3_synergy_run_0076,eval_run_0076_web_batch_20260622_141137,repeat_001,227,227,Win,True,63.0,63.0,3.0,63.0,0.0,57372,30,30,25,20,0.6666666666666666,0,0.0,0,0,0.0,30,1.0,1.04185,14.7885,0.1,0.1,0.0344266666666666,0.7328,0.0333333333333333,4.25,14.0,0.0666666666666666,1.0,1,0.0333333333333333,4,0.1333333333333333,0.0,0.0,0.0503205627585693,0.7584748508380903,0.0716666666666666,0.0,0.0,0.0,0.0477275865746895,0.7654661977933316,,0,ood:106131:71-18:agg:d0.500,C:\Users\Binich\PycharmProjects\PredictionRTS\output\learner_results\all_data\synergy\sce3_synergy_run_0076\final_eval\eval_run_0076_web_batch_20260622_141137,web_batch_20260622_141137,0.0004771179155894,-0.00044241652302479996,-0.0002350583413763,-0.0002144311339291,0.0004771179155894,-0.0001151439800762,-0.0002469819755419,-0.0001079190076907,-9.095178246311882e-05,0.000487111221905,63.0,0.0004771179155894,72.0,0.20388037776987408,-0.36547711569225755,0.021685979861991986,positive_contribution_fill,70,True
False,repeat_001::ep_100::line_100,Synergy,sce-3,sce3_synergy_run_0076,eval_run_0076_web_batch_20260622_141137,repeat_001,100,100,Win,True,63.0,63.0,3.0,63.0,0.0,24958,28,28,24,20,0.7142857142857143,0,0.0,0,1,0.0357142857142857,28,1.0,0.0,0.0,0.0,0.0,0.0506571428571428,0.5782,0.1785714285714285,2.2857142857142856,7.0,0.1428571428571428,1.0,1,0.0357142857142857,7,0.25,0.0,0.0,0.0580542857142857,0.47346,0.0910714285714285,0.0,0.0,0.0,0.0579994285714285,0.6657109999999999,0.3217999999947096,0,69280,C:\Users\Binich\PycharmProjects\PredictionRTS\output\learner_results\all_data\synergy\sce3_synergy_run_0076\final_eval\eval_run_0076_web_batch_20260622_141137,web_batch_20260622_141137,0.00019687909643371877,-0.0008064496950943812,-0.0002350583413763,-0.0002144311339291,-0.0003068573406808,6.885512186231874e-05,-0.0002469819755419,0.0001280239745714,4.4895630405138975e-05,-0.0003035994886443,63.0,0.00019687909643371877,72.0,0.20388037776987408,-0.4046637230957187,0.009146265492884414,positive_contribution_fill,71,True
False,repeat_001::ep_155::line_155,Synergy,sce-3,sce3_synergy_run_0076,eval_run_0076_web_batch_20260622_141137,repeat_001,155,155,Win,True,60.0,60.0,3.0,60.0,0.0,39028,23,23,22,14,0.6086956521739131,1,0.0434782608695652,0,2,0.0869565217391304,23,1.0,3.2561260869565216,25.1182,0.217391304347826,0.217391304347826,0.0477043478260869,0.5972,0.0434782608695652,2.333333333333333,9.0,0.1159420289855072,1.0,1,0.0434782608695652,6,0.2608695652173913,0.0434782608695652,0.0434782608695652,0.0954084035608186,0.7652589458457438,0.1369565217391304,1.0,0.0059546313799621,0.0434782608695652,0.099564216384977,0.774362370176445,0.2372000000150365,0,203420,C:\Users\Binich\PycharmProjects\PredictionRTS\output\learner_results\all_data\synergy\sce3_synergy_run_0076\final_eval\eval_run_0076_web_batch_20260622_141137,web_batch_20260622_141137,0.0021252034126344,0.0021252034126344,0.000531111903292,0.0004552845990215,0.0001590662923777,0.0002365215944708,0.0005437607222416,0.0001994583012308,0.0002038493188671,0.000147115035165,60.0,0.0021252034126344,72.0,0.059284365167126395,-0.1350205374972045,-0.0028932036854594848,positive_contribution_fill,72,True
False,repeat_001::ep_26::line_26,Synergy,sce-3,sce3_synergy_run_0076,eval_run_0076_web_batch_20260622_141137,repeat_001,26,26,Win,True,60.0,60.0,9.0,60.0,0.0,6580,27,27,26,17,0.6296296296296297,0,0.0,0,1,0.037037037037037,27,1.0,3.654822222222222,33.9108,0.1481481481481481,0.1481481481481481,0.0857592592592592,0.7125,0.1111111111111111,3.375,9.0,0.1728395061728395,1.0,3,0.1111111111111111,8,0.2962962962962963,0.0,0.0,0.1165125520084846,0.8226562371899395,0.1518518518518518,0.0,0.0,0.0,0.1055787965519662,0.7879296830164788,0.251500000004512,0,65090,C:\Users\Binich\PycharmProjects\PredictionRTS\output\learner_results\all_data\synergy\sce3_synergy_run_0076\final_eval\eval_run_0076_web_batch_20260622_141137,web_batch_20260622_141137,0.0007100430532379,0.0005075229859702417,-6.835029784701155e-05,-6.235231553966863e-05,0.0001900708404216,0.0002678499381794,-7.18174538809781e-05,0.0002521222746369,0.0003116435052213,0.0001934177306371,60.0,0.0007100430532379,72.0,0.059284365167126395,-0.3329065176897078,-0.06621671734706056,positive_contribution_fill,73,True
False,repeat_001::ep_19::line_19,Synergy,sce-3,sce3_synergy_run_0076,eval_run_0076_web_batch_20260622_141137,repeat_001,19,19,Win,True,60.0,60.0,6.0,60.0,0.0,4776,28,28,26,20,0.7142857142857143,0,0.0,0,1,0.0357142857142857,28,1.0,2.808907142857143,22.0691,0.2142857142857142,0.2142857142857142,0.0497357142857142,0.7926,0.0357142857142857,3.142857142857143,16.0,0.1071428571428571,1.0,1,0.0357142857142857,7,0.25,0.0,0.0,0.0947717830904092,0.8130493402683581,0.1303571428571428,0.0,0.0,0.0,0.0882723023906841,0.7845672690939254,0.2458000000018501,0,133638,C:\Users\Binich\PycharmProjects\PredictionRTS\output\learner_results\all_data\synergy\sce3_synergy_run_0076\final_eval\eval_run_0076_web_batch_20260622_141137,web_batch_20260622_141137,0.0005362174663019,0.0003336973990342417,-6.835029784701155e-05,-6.235231553966863e-05,0.000182386922078,0.0001777050265775,-7.18174538809781e-05,0.0001761255176464,0.0002005976365832,0.0001856677965866,60.0,0.0005362174663019,72.0,0.059284365167126395,-0.35721305399491954,-0.07399480896472829,positive_contribution_fill,74,True
False,repeat_001::ep_53::line_53,Synergy,sce-3,sce3_synergy_run_0076,eval_run_0076_web_batch_20260622_141137,repeat_001,53,53,Win,True,54.0,54.0,9.0,54.0,0.0,13274,22,22,22,20,0.9090909090909092,0,0.0,0,0,0.0,22,1.0,0.0,0.0,0.0,0.0,0.0,0.0,0.0,0.0,0.0,0.0,0.0,0,0.0,0,0.0,0.0,0.0,0.0,0.0,0.0,0.0,0.0,0.0,0.0,0.5,,0,ood:62254:103-6:agg:d0.500,C:\Users\Binich\PycharmProjects\PredictionRTS\output\learner_results\all_data\synergy\sce3_synergy_run_0076\final_eval\eval_run_0076_web_batch_20260622_141137,web_batch_20260622_141137,0.004798250455853699,0.004798250455853699,0.0002650657892115,0.0002418053212392,0.001814605755678,0.0010939271746092,0.0002785115894408,0.001104334825675,0.0010993126903981,0.0018235491414235,54.0,0.004798250455853699,72.0,-0.22990766003836896,0.23875938838603591,-0.0799342045425594,positive_contribution_fill,75,True
False,repeat_001::ep_66::line_66,Synergy,sce-3,sce3_synergy_run_0076,eval_run_0076_web_batch_20260622_141137,repeat_001,66,66,Win,True,54.0,54.0,9.0,54.0,0.0,16410,25,25,25,23,0.92,0,0.0,0,0,0.0,25,1.0,0.0,0.0,0.0,0.0,0.0,0.0,0.0,0.0,0.0,0.0,0.0,0,0.0,0,0.0,0.0,0.0,0.0,0.0,0.0,0.0,0.0,0.0,0.0,0.5,,0,ood:196500:103-10:agg:d0.500,C:\Users\Binich\PycharmProjects\PredictionRTS\output\learner_results\all_data\synergy\sce3_synergy_run_0076\final_eval\eval_run_0076_web_batch_20260622_141137,web_batch_20260622_141137,0.004798250455853699,0.004798250455853699,0.0002650657892115,0.0002418053212392,0.001814605755678,0.0010939271746092,0.0002785115894408,0.001104334825675,0.0010993126903981,0.0018235491414235,54.0,0.004798250455853699,72.0,-0.22990766003836896,0.23875938838603591,-0.0799342045425594,positive_contribution_fill,76,True
False,repeat_001::ep_138::line_138,Synergy,sce-3,sce3_synergy_run_0076,eval_run_0076_web_batch_20260622_141137,repeat_001,138,138,Win,True,60.0,60.0,15.0,60.0,0.0,34784,22,22,20,16,0.7272727272727273,0,0.0,0,1,0.0454545454545454,22,1.0,0.9521409090909092,11.9586,0.0909090909090909,0.0909090909090909,0.0821772727272727,0.8361,0.0909090909090909,12.5,30.0,0.1212121212121212,1.0,2,0.0909090909090909,4,0.1818181818181818,0.0,0.0,0.0795252367073623,0.7686690243458144,0.1045454545454545,0.0,0.0,0.0,0.0723772656092221,0.769034158521035,0.3316000000381791,0,178703,C:\Users\Binich\PycharmProjects\PredictionRTS\output\learner_results\all_data\synergy\sce3_synergy_run_0076\final_eval\eval_run_0076_web_batch_20260622_141137,web_batch_20260622_141137,0.0003266677127422454,0.0001241476454745872,-6.835029784701155e-05,-6.235231553966863e-05,0.000146890057024,9.491201996280444e-05,-7.18174538809781e-05,8.486563575544102e-05,0.000122722470658,0.0001498659633469,60.0,0.0003266677127422454,72.0,0.059284365167126395,-0.3865150041993003,-0.08337143303013014,positive_contribution_fill,77,True
False,repeat_001::ep_109::line_109,Synergy,sce-3,sce3_synergy_run_0076,eval_run_0076_web_batch_20260622_141137,repeat_001,109,109,Win,True,60.0,60.0,15.0,60.0,0.0,27206,27,27,26,21,0.7777777777777778,0,0.0,0,0,0.0,27,1.0,3.967485185185185,98.0812,0.074074074074074,0.074074074074074,0.0330777777777777,0.6931,0.037037037037037,3.6666666666666665,9.0,0.0617283950617283,1.0,1,0.037037037037037,3,0.1111111111111111,0.0,0.0,0.0489202475839694,0.8709207884072345,0.0611111111111111,0.0,0.0,0.0,0.0434030003016751,0.8048222759425321,,0,ood:199170:338-1:agg:d1.500,C:\Users\Binich\PycharmProjects\PredictionRTS\output\learner_results\all_data\synergy\sce3_synergy_run_0076\final_eval\eval_run_0076_web_batch_20260622_141137,web_batch_20260622_141137,0.0002286744471295,-9.855377726640494e-05,-6.835029784701155e-05,-6.235231553966863e-05,0.0002286744471295,-5.600719917754558e-05,-7.18174538809781e-05,-6.870095795070111e-05,-3.359939701247971e-05,0.0002323529968278,60.0,0.0002286744471295,72.0,0.059284365167126395,-0.4002176869301196,-0.0877562915039923,positive_contribution_fill,78,True
False,repeat_001::ep_103::line_103,Synergy,sce-3,sce3_synergy_run_0076,eval_run_0076_web_batch_20260622_141137,repeat_001,103,103,Win,True,60.0,60.0,15.0,60.0,0.0,25684,23,23,21,16,0.6956521739130435,0,0.0,0,1,0.0434782608695652,23,1.0,5.714265217391304,32.8701,0.217391304347826,0.217391304347826,0.0217391304347826,0.1,0.0,1.0,1.0,0.072463768115942,0.3333333333333333,0,0.0,5,0.217391304347826,0.0,0.0,0.0879830348243788,0.4366948759158481,0.108695652173913,0.0,0.0,0.0,0.07763584393184,0.6528432065705468,0.2455000000054497,0,203420,C:\Users\Binich\PycharmProjects\PredictionRTS\output\learner_results\all_data\synergy\sce3_synergy_run_0076\final_eval\eval_run_0076_web_batch_20260622_141137,web_batch_20260622_141137,0.00022184163854890805,-9.931242899925024e-05,-6.835029784701155e-05,-6.235231553966863e-05,-0.0001186340002805,0.0001223025517265,-7.18174538809781e-05,9.953908682240804e-05,0.0001659225774348,-0.0001179393204806,60.0,0.00022184163854890805,72.0,0.059284365167126395,-0.40117313838440904,-0.08806203596936493,positive_contribution_fill,79,True
False,repeat_001::ep_152::line_152,Synergy,sce-3,sce3_synergy_run_0076,eval_run_0076_web_batch_20260622_141137,repeat_001,152,152,Win,True,60.0,60.0,3.0,60.0,0.0,38372,27,27,21,24,0.8888888888888888,0,0.0,0,0,0.0,27,1.0,0.3345037037037037,9.0316,0.037037037037037,0.037037037037037,0.0321555555555555,0.7682,0.037037037037037,16.0,31.0,0.0493827160493827,1.0,1,0.037037037037037,2,0.074074074074074,0.0,0.0,0.0314919719017026,0.7202832413459719,0.0425925925925925,0.0,0.0,0.0,0.0290787947631736,0.7520991344710901,,0,ood:199170:338-1:agg:d1.500,C:\Users\Binich\PycharmProjects\PredictionRTS\output\learner_results\all_data\synergy\sce3_synergy_run_0076\final_eval\eval_run_0076_web_batch_20260622_141137,web_batch_20260622_141137,0.0001081894850706,-0.00035912383411205827,-6.835029784701155e-05,-6.235231553966863e-05,0.0001081894850706,-0.0001306181648648,-7.18174538809781e-05,-0.0001341750870502,-0.000122618236194,0.0001108328988424,60.0,0.0001081894850706,72.0,0.059284365167126395,-0.4170654488513549,-0.09314757531878762,positive_contribution_fill,80,True
False,repeat_001::ep_97::line_97,Synergy,sce-3,sce3_synergy_run_0076,eval_run_0076_web_batch_20260622_141137,repeat_001,97,97,Win,True,60.0,60.0,9.0,60.0,0.0,24202,24,24,24,15,0.625,0,0.0,0,1,0.0416666666666666,24,1.0,1.8314666666666664,13.7237,0.1666666666666666,0.1666666666666666,0.0166666666666666,0.1,0.0,0.6666666666666666,1.0,0.0555555555555555,0.3333333333333333,0,0.0,6,0.25,0.0,0.0,0.0561307368646904,0.3613922364555275,0.0958333333333333,0.0,0.0,0.0,0.0588004982557773,0.6264872827594347,0.2921999999898617,0,204845,C:\Users\Binich\PycharmProjects\PredictionRTS\output\learner_results\all_data\synergy\sce3_synergy_run_0076\final_eval\eval_run_0076_web_batch_20260622_141137,web_batch_20260622_141137,7.8257294514206e-05,-0.00030312634949285227,-6.835029784701155e-05,-6.235231553966863e-05,-0.0001788635767394,2.4194260403310927e-05,-7.18174538809781e-05,5.406303411089507e-05,3.229799254707204e-06,-0.0001786863540343,60.0,7.8257294514206e-05,72.0,0.059284365167126395,-0.42125095392732154,-0.09448693694309693,positive_contribution_fill,81,True
False,repeat_001::ep_128::line_128,Synergy,sce-3,sce3_synergy_run_0076,eval_run_0076_web_batch_20260622_141137,repeat_001,128,128,Win,True,60.0,60.0,15.0,60.0,0.0,32054,27,27,27,20,0.7407407407407407,0,0.0,0,0,0.0,27,1.0,1.3450703703703706,27.4125,0.074074074074074,0.074074074074074,0.0176074074074074,0.2754,0.037037037037037,1.6666666666666667,3.0,0.0617283950617283,1.0,1,0.037037037037037,3,0.1111111111111111,0.0,0.0,0.0416338114805406,0.6757038623454727,0.0611111111111111,0.0,0.0,0.0,0.0401241040551321,0.7364963518209154,,0,ood:199170:338-1:agg:d1.000,C:\Users\Binich\PycharmProjects\PredictionRTS\output\learner_results\all_data\synergy\sce3_synergy_run_0076\final_eval\eval_run_0076_web_batch_20260622_141137,web_batch_20260622_141137,7.253340269103104e-05,-0.00027177371761191174,-6.835029784701155e-05,-6.235231553966863e-05,7.253340269103104e-05,-7.308609508458338e-05,-7.18174538809781e-05,-6.870095795070111e-05,-7.081650876369028e-05,7.487048037536834e-05,60.0,7.253340269103104e-05,72.0,0.059284365167126395,-0.42205134233307634,-0.09474306123293846,positive_contribution_fill,82,True
False,repeat_001::ep_124::line_124,Synergy,sce-3,sce3_synergy_run_0076,eval_run_0076_web_batch_20260622_141137,repeat_001,124,124,Win,True,60.0,60.0,9.0,60.0,0.0,31066,29,29,26,22,0.7586206896551724,0,0.0,0,0,0.0,29,1.0,0.5022172413793103,14.5643,0.0344827586206896,0.0344827586206896,0.0222724137931034,0.2639,0.0689655172413793,1.75,3.0,0.0804597701149425,1.0,1,0.0344827586206896,4,0.1379310344827586,0.0,0.0,0.0389976572547741,0.6163320603884499,0.0586206896551724,0.0,0.0,0.0,0.0380661871439587,0.7157162211359575,,0,ood:199170:338-1:agg:d1.000,C:\Users\Binich\PycharmProjects\PredictionRTS\output\learner_results\all_data\synergy\sce3_synergy_run_0076\final_eval\eval_run_0076_web_batch_20260622_141137,web_batch_20260622_141137,2.504584433845543e-05,-0.0003387855577077863,-6.835029784701155e-05,-6.235231553966863e-05,2.504584433845543e-05,-8.380523532829204e-05,-7.18174538809781e-05,-7.750609945029141e-05,-8.428125957205981e-05,2.69749368529149e-05,60.0,2.504584433845543e-05,72.0,0.059284365167126395,-0.42869166543791204,-0.09686796462648589,positive_contribution_fill,83,True
False,repeat_001::ep_233::line_233,Synergy,sce-3,sce3_synergy_run_0076,eval_run_0076_web_batch_20260622_141137,repeat_001,233,233,Win,True,57.0,57.0,9.0,57.0,0.0,59014,20,20,20,17,0.85,0,0.0,0,1,0.05,20,1.0,0.3766649999999999,7.5333,0.05,0.05,0.005,0.1,0.0,1.0,1.0,0.0166666666666666,0.3333333333333333,0,0.0,1,0.05,0.0,0.0,0.0150931342074794,0.3018626841495896,0.0249999999999999,0.0,0.0,0.0,0.0155419103933657,0.6056519394523564,0.2564000000120359,0,122131,C:\Users\Binich\PycharmProjects\PredictionRTS\output\learner_results\all_data\synergy\sce3_synergy_run_0076\final_eval\eval_run_0076_web_batch_20260622_141137,web_batch_20260622_141137,0.0011893551992642527,0.0011893551992642527,9.835774568228532e-05,8.972650284976744e-05,0.0003259063716483,0.0002894283632067,0.0001033470677799,0.0002825891480973,0.0002969843991524,0.0003262400043846,57.0,0.0011893551992642527,72.0,-0.08531164743562128,-0.2658829092309139,-0.14309445121011494,positive_contribution_fill,84,True
False,repeat_001::ep_25::line_25,Synergy,sce-3,sce3_synergy_run_0076,eval_run_0076_web_batch_20260622_141137,repeat_001,25,25,Win,True,54.0,54.0,3.0,54.0,0.0,6318,23,23,21,20,0.8695652173913043,0,0.0,0,1,0.0434782608695652,23,1.0,0.5991826086956522,13.7812,0.0434782608695652,0.0434782608695652,0.0043478260869565,0.1,0.0,1.0,1.0,0.0144927536231884,0.3333333333333333,0,0.0,1,0.0434782608695652,0.0,0.0,0.015730430833563,0.3617999091719509,0.0217391304347826,0.0,0.0,0.0,0.0146873895272773,0.6266299682101828,0.2453999999971756,0,143822,C:\Users\Binich\PycharmProjects\PredictionRTS\output\learner_results\all_data\synergy\sce3_synergy_run_0076\final_eval\eval_run_0076_web_batch_20260622_141137,web_batch_20260622_141137,0.0030812702272961,0.0030812702272961,0.0002650657892115,0.0002418053212392,0.0006923771590775,0.0007972459946396,0.0002785115894408,0.0008062643736875,0.0007877242117348,0.0006916790167995,54.0,0.0030812702272961,72.0,-0.22990766003836896,-0.0013309400656197742,-0.15676310964708923,positive_contribution_fill,85,True
False,repeat_001::ep_144::line_144,Synergy,sce-3,sce3_synergy_run_0076,eval_run_0076_web_batch_20260622_141137,repeat_001,144,144,Win,True,57.0,57.0,3.0,57.0,0.0,36346,27,27,24,23,0.8518518518518519,0,0.0,0,1,0.037037037037037,27,1.0,2.347640740740741,36.8778,0.1111111111111111,0.1111111111111111,0.0111111111111111,0.1,0.0,1.0,1.0,0.037037037037037,0.3333333333333333,0,0.0,3,0.1111111111111111,0.0,0.0,0.0425368164754205,0.4446717636066538,0.0555555555555555,0.0,0.0,0.0,0.0385860118583836,0.6556351172623288,0.2458000000160609,0,196161,C:\Users\Binich\PycharmProjects\PredictionRTS\output\learner_results\all_data\synergy\sce3_synergy_run_0076\final_eval\eval_run_0076_web_batch_20260622_141137,web_batch_20260622_141137,0.0006967967475661528,0.0006967967475661528,9.835774568228532e-05,8.972650284976744e-05,0.0001615359819786,0.0001167014345402,0.0001033470677799,0.0001271280147354,9.526946945592032e-05,0.0001604574410071,57.0,0.0006967967475661528,72.0,-0.08531164743562128,-0.3347587870557753,-0.16513473211407056,positive_contribution_fill,86,True
False,repeat_001::ep_104::line_104,Synergy,sce-3,sce3_synergy_run_0076,eval_run_0076_web_batch_20260622_141137,repeat_001,104,104,Win,True,57.0,57.0,9.0,57.0,0.0,25946,27,27,19,23,0.8518518518518519,0,0.0,0,1,0.037037037037037,27,1.0,0.3343,9.0261,0.037037037037037,0.037037037037037,0.0222592592592592,0.501,0.037037037037037,3.5,6.0,0.0493827160493827,1.0,1,0.037037037037037,2,0.074074074074074,0.0,0.0,0.0285208327469069,0.640062484166487,0.0425925925925925,0.0,0.0,0.0,0.0277417821435155,0.7240218694582704,0.2891999999974359,0,97333,C:\Users\Binich\PycharmProjects\PredictionRTS\output\learner_results\all_data\synergy\sce3_synergy_run_0076\final_eval\eval_run_0076_web_batch_20260622_141137,web_batch_20260622_141137,0.0006824968345134528,0.000619142011241131,9.835774568228532e-05,8.972650284976744e-05,-6.335482327232178e-05,0.0001979842953732,0.0001033470677799,0.0001930812228283,0.0001982889237996,-6.636549376507434e-05,57.0,0.0006824968345134528,72.0,-0.08531164743562128,-0.33675838539974523,-0.16577460358414095,positive_contribution_fill,87,True
False,repeat_001::ep_293::line_293,Synergy,sce-3,sce3_synergy_run_0076,eval_run_0076_web_batch_20260622_141137,repeat_001,293,293,Win,True,48.0,48.0,6.0,48.0,0.0,76114,22,22,20,19,0.8636363636363636,0,0.0,0,1,0.0454545454545454,22,1.0,0.4084727272727272,8.9864,0.0454545454545454,0.0454545454545454,0.0045454545454545,0.1,0.0,1.0,1.0,0.0151515151515151,0.3333333333333333,0,0.0,1,0.0454545454545454,0.0,0.0,0.0145146765340166,0.3193228837483672,0.0227272727272727,0.0,0.0,0.0,0.0144861498948529,0.6117630093119285,0.260899999943831,0,26040,C:\Users\Binich\PycharmProjects\PredictionRTS\output\learner_results\all_data\synergy\sce3_synergy_run_0076\final_eval\eval_run_0076_web_batch_20260622_141137,web_batch_20260622_141137,0.0072331534838515005,0.0072331534838515005,0.0005984818762701,0.000545962958018,0.0018607762944416,0.0018092493178077,0.0006288406327627,0.0017898424045514,0.0018329453539403,0.0018617557973652,48.0,0.0072331534838515005,72.0,-0.5190996852438643,0.5792389454692478,-0.16763132341566844,positive_contribution_fill,88,True
False,repeat_001::ep_38::line_38,Synergy,sce-3,sce3_synergy_run_0076,eval_run_0076_web_batch_20260622_141137,repeat_001,38,38,Win,True,51.0,51.0,9.0,51.0,0.0,9644,21,21,18,18,0.8571428571428571,0,0.0,0,1,0.0476190476190476,21,1.0,0.6928571428571428,14.55,0.0476190476190476,0.0476190476190476,0.0047619047619047,0.1,0.0,1.0,1.0,0.0158730158730158,0.3333333333333333,0,0.0,1,0.0476190476190476,0.0,0.0,0.0174793909417127,0.3670672097759674,0.0238095238095238,0.0,0.0,0.0,0.016199059257104,0.6284735234215886,0.2788999999978614,0,172715,C:\Users\Binich\PycharmProjects\PredictionRTS\output\learner_results\all_data\synergy\sce3_synergy_run_0076\final_eval\eval_run_0076_web_batch_20260622_141137,web_batch_20260622_141137,0.004896580989410501,0.004896580989410501,0.0004317738327408,0.0003938841396286,0.0011012208920481,0.0012489186660755,0.0004536761111017,0.0012671073478158,0.0012267165204529,0.0010998550181808,51.0,0.004896580989410501,72.0,-0.3745036726411166,0.2525092322723059,-0.17385954306882143,positive_contribution_fill,89,True
False,repeat_001::ep_17::line_17,Synergy,sce-3,sce3_synergy_run_0076,eval_run_0076_web_batch_20260622_141137,repeat_001,17,17,Win,True,57.0,57.0,3.0,57.0,0.0,4272,24,24,23,17,0.7083333333333334,0,0.0,0,1,0.0416666666666666,24,1.0,4.848066666666667,31.1636,0.2083333333333333,0.2083333333333333,0.0208333333333333,0.1,0.0,1.0,1.0,0.0694444444444444,0.3333333333333333,0,0.0,5,0.2083333333333333,0.0,0.0,0.0849207732290848,0.4328267692815982,0.1041666666666666,0.0,0.0,0.0,0.0746726812864215,0.6514893692485594,0.2378999999876896,0,106131,C:\Users\Binich\PycharmProjects\PredictionRTS\output\learner_results\all_data\synergy\sce3_synergy_run_0076\final_eval\eval_run_0076_web_batch_20260622_141137,web_batch_20260622_141137,0.0004666006494769528,0.00019261814733595282,9.835774568228532e-05,8.972650284976744e-05,0.000175169333165,-0.000153785986528,0.0001033470677799,-0.000120196515613,-0.0002162585818222,0.000174207921928,57.0,0.0004666006494769528,72.0,-0.08531164743562128,-0.3669477755364144,-0.17543520842787508,positive_contribution_fill,90,True
False,repeat_001::ep_86::line_86,Synergy,sce-3,sce3_synergy_run_0076,eval_run_0076_web_batch_20260622_141137,repeat_001,86,86,Win,True,48.0,48.0,3.0,48.0,0.0,21470,28,28,25,23,0.8214285714285714,0,0.0,0,0,0.0,28,1.0,0.3228142857142857,9.0388,0.0357142857142857,0.0357142857142857,0.0035714285714285,0.1,0.0,0.3333333333333333,1.0,0.0119047619047619,0.3333333333333333,0,0.0,3,0.1071428571428571,0.0,0.0,0.0114250973200591,0.3199027249616572,0.0285714285714285,0.0,0.0,0.0,0.0151412937940266,0.61196595373658,,0,ood:199170:338-1:agg:d0.500,C:\Users\Binich\PycharmProjects\PredictionRTS\output\learner_results\all_data\synergy\sce3_synergy_run_0076\final_eval\eval_run_0076_web_batch_20260622_141137,web_batch_20260622_141137,0.007018288822652499,0.007018288822652499,0.0005984818762701,0.000545962958018,0.0018567154226122,0.0017793693992096,0.0006288406327627,0.0016089185337799,0.0019711228861633,0.0018576600369136,48.0,0.007018288822652499,72.0,-0.5190996852438643,0.549193796304508,-0.17724577114838516,positive_contribution_fill,91,True
False,repeat_001::ep_114::line_114,Synergy,sce-3,sce3_synergy_run_0076,eval_run_0076_web_batch_20260622_141137,repeat_001,114,114,Win,True,57.0,57.0,9.0,57.0,0.0,28436,22,22,22,16,0.7272727272727273,0,0.0,0,1,0.0454545454545454,22,1.0,5.328440909090909,86.562,0.2272727272727272,0.2272727272727272,0.0227272727272727,0.1,0.0,1.0,1.0,0.0757575757575757,0.3333333333333333,0,0.0,5,0.2272727272727272,0.0,0.0,0.0752257390451834,0.4885758372858888,0.1136363636363636,0.0,0.0,0.0,0.0736243098430598,0.6710015430500611,0.2795000000332948,0,130328,C:\Users\Binich\PycharmProjects\PredictionRTS\output\learner_results\all_data\synergy\sce3_synergy_run_0076\final_eval\eval_run_0076_web_batch_20260622_141137,web_batch_20260622_141137,0.0004024345889826528,8.813004559075281e-05,9.835774568228532e-05,8.972650284976744e-05,0.0001110032726707,-0.0001459279244643,0.0001033470677799,-0.0001683766189276,-0.0001449987151717,0.0001094905843834,57.0,0.0004024345889826528,72.0,-0.08531164743562128,-0.37592030200077986,-0.17830641689647203,positive_contribution_fill,92,True
False,repeat_001::ep_178::line_178,Synergy,sce-3,sce3_synergy_run_0076,eval_run_0076_web_batch_20260622_141137,repeat_001,178,178,Win,True,57.0,57.0,9.0,57.0,0.0,44844,28,28,27,15,0.5357142857142857,0,0.0,0,0,0.0,28,1.0,6.441096428571428,98.5218,0.2142857142857142,0.2142857142857142,0.0214285714285714,0.1,0.0,1.0,1.0,0.0714285714285714,0.3333333333333333,0,0.0,6,0.2142857142857142,0.0,0.0,0.0818956445948395,0.4931410463151182,0.1071428571428571,0.0,0.0,0.0,0.0743530400676778,0.6725993662102914,,0,ood:34600:71-9:agg:d0.500,C:\Users\Binich\PycharmProjects\PredictionRTS\output\learner_results\all_data\synergy\sce3_synergy_run_0076\final_eval\eval_run_0076_web_batch_20260622_141137,web_batch_20260622_141137,0.00039718012484135277,0.00011045117341405272,9.835774568228532e-05,8.972650284976744e-05,0.0001057488085294,-0.0001513901176297,0.0001033470677799,-0.0001353388337976,-0.0001940234603169,0.0001041909769768,57.0,0.00039718012484135277,72.0,-0.08531164743562128,-0.37665504897138535,-0.1785415359270658,positive_contribution_fill,93,True
False,repeat_001::ep_72::line_72,Synergy,sce-3,sce3_synergy_run_0076,eval_run_0076_web_batch_20260622_141137,repeat_001,72,72,Win,True,57.0,57.0,12.0,57.0,0.0,17912,31,31,30,22,0.7096774193548387,0,0.0,0,1,0.032258064516129,31,1.0,5.607925806451613,142.2798,0.1290322580645161,0.1290322580645161,0.0155870967741935,0.1832,0.032258064516129,1.25,2.0,0.053763440860215,0.6666666666666666,0,0.0,4,0.1290322580645161,0.0,0.0,0.0512186723748653,0.6286925633472069,0.0725806451612903,0.0,0.0,0.0,0.048451628375141,0.7200423971715224,0.2720000000238087,0,25855,C:\Users\Binich\PycharmProjects\PredictionRTS\output\learner_results\all_data\synergy\sce3_synergy_run_0076\final_eval\eval_run_0076_web_batch_20260622_141137,web_batch_20260622_141137,0.00037469252145529115,0.0003244242492810048,9.835774568228532e-05,8.972650284976744e-05,-5.026827217428634e-05,4.275376324884695e-05,0.0001033470677799,4.050744189449141e-05,3.1456605887023995e-05,-5.316651071732245e-05,57.0,0.00037469252145529115,72.0,-0.08531164743562128,-0.37979955581732944,-0.1795477781177679,positive_contribution_fill,94,True
False,repeat_001::ep_270::line_270,Synergy,sce-3,sce3_synergy_run_0076,eval_run_0076_web_batch_20260622_141137,repeat_001,270,270,Win,True,57.0,57.0,3.0,57.0,0.0,70248,23,23,22,15,0.6521739130434783,0,0.0,0,1,0.0434782608695652,23,1.0,3.472769565217391,25.3179,0.2608695652173913,0.2608695652173913,0.0414260869565217,0.1896,0.1304347826086956,1.4285714285714286,2.0,0.144927536231884,0.6666666666666666,0,0.0,7,0.3043478260869565,0.0,0.0,0.111650090769009,0.5436229830199417,0.1695652173913043,0.0,0.0,0.0,0.1095903669330105,0.6902680440569796,0.2296000000114872,0,166602,C:\Users\Binich\PycharmProjects\PredictionRTS\output\learner_results\all_data\synergy\sce3_synergy_run_0076\final_eval\eval_run_0076_web_batch_20260622_141137,web_batch_20260622_141137,0.00033907642696029926,-0.0005293673681709007,9.835774568228532e-05,8.972650284976744e-05,4.764511064834649e-05,-0.0004155112964531,0.0001033470677799,-0.0004529324986781,-0.0004127228301604,4.558808629930229e-05,57.0,0.00033907642696029926,72.0,-0.08531164743562128,-0.384779857677096,-0.18114147471289319,positive_contribution_fill,95,True
False,repeat_001::ep_153::line_153,Synergy,sce-3,sce3_synergy_run_0076,eval_run_0076_web_batch_20260622_141137,repeat_001,153,153,Win,True,57.0,57.0,-3.0,57.0,0.0,38594,23,23,22,14,0.6086956521739131,0,0.0,0,1,0.0434782608695652,23,1.0,5.464339130434783,29.5227,0.3478260869565217,0.3478260869565217,0.0389217391304347,0.1952,0.0434782608695652,1.125,2.0,0.1304347826086956,0.6666666666666666,0,0.0,8,0.3478260869565217,0.0,0.0,0.1310947172549769,0.5573523395921838,0.1847826086956521,0.0,0.0,0.0,0.1236665358082178,0.6950733188572643,0.2585000000294712,0,172412,C:\Users\Binich\PycharmProjects\PredictionRTS\output\learner_results\all_data\synergy\sce3_synergy_run_0076\final_eval\eval_run_0076_web_batch_20260622_141137,web_batch_20260622_141137,0.0003232742125753823,-0.0007281007558302176,9.835774568228532e-05,8.972650284976744e-05,3.18428962634295e-05,-0.000521019138488,0.0001033470677799,-0.0005303558299176,-0.0005556435733135,2.9650108583021493e-05,57.0,0.0003232742125753823,72.0,-0.08531164743562128,-0.38698952717639207,-0.18184856895266793,positive_contribution_fill,96,True
False,repeat_001::ep_29::line_29,Synergy,sce-3,sce3_synergy_run_0076,eval_run_0076_web_batch_20260622_141137,repeat_001,29,29,Win,True,57.0,57.0,0.0,57.0,0.0,7356,26,26,25,20,0.7692307692307693,0,0.0,0,1,0.0384615384615384,26,1.0,1.6104846153846155,21.9341,0.0769230769230769,0.0769230769230769,0.0582192307692307,0.7984,0.0769230769230769,5.75,14.0,0.1025641025641025,1.0,2,0.0769230769230769,4,0.1538461538461538,0.0,0.0,0.0690478776442999,0.8142620469028405,0.0884615384615384,0.0,0.0,0.0,0.0620330834014734,0.7849917164159942,0.3513999999995576,0,7522,C:\Users\Binich\PycharmProjects\PredictionRTS\output\learner_results\all_data\synergy\sce3_synergy_run_0076\final_eval\eval_run_0076_web_batch_20260622_141137,web_batch_20260622_141137,0.0002914313163119528,-7.176133541503016e-05,9.835774568228532e-05,8.972650284976744e-05,-0.0002638550303748,-5.904595400556693e-05,0.0001033470677799,-4.0291667346616e-05,-9.959056381698404e-05,-0.0002685882807157,57.0,0.0002914313163119528,72.0,-0.08531164743562128,-0.39144221177670424,-0.18327342802476784,positive_contribution_fill,97,True
False,repeat_001::ep_118::line_118,Synergy,sce-3,sce3_synergy_run_0076,eval_run_0076_web_batch_20260622_141137,repeat_001,118,118,Win,True,57.0,57.0,3.0,57.0,0.0,29554,27,27,26,18,0.6666666666666666,0,0.0,0,1,0.037037037037037,27,1.0,2.527033333333333,30.1733,0.1481481481481481,0.1481481481481481,0.0281259259259259,0.3594,0.037037037037037,1.8,5.0,0.0864197530864197,1.0,1,0.037037037037037,5,0.1851851851851851,0.0,0.0,0.0691409760906646,0.7082513810416371,0.0981481481481481,0.0,0.0,0.0,0.0654652910926509,0.747887983364573,0.2458999999817024,0,25855,C:\Users\Binich\PycharmProjects\PredictionRTS\output\learner_results\all_data\synergy\sce3_synergy_run_0076\final_eval\eval_run_0076_web_batch_20260622_141137,web_batch_20260622_141137,0.0002914313163119528,-2.47549913885308e-05,9.835774568228532e-05,8.972650284976744e-05,-0.0001418388775994,-8.477204681689408e-05,0.0001033470677799,-8.95753832841895e-05,-0.0001002748505092,-0.0001455238369237,57.0,0.0002914313163119528,72.0,-0.08531164743562128,-0.39144221177670424,-0.18327342802476784,positive_contribution_fill,98,True
False,repeat_001::ep_127::line_127,Synergy,sce-3,sce3_synergy_run_0076,eval_run_0076_web_batch_20260622_141137,repeat_001,127,127,Win,True,57.0,57.0,9.0,57.0,0.0,31792,23,23,21,10,0.4347826086956521,0,0.0,0,1,0.0434782608695652,23,1.0,10.468126086956522,101.127,0.1739130434782608,0.1739130434782608,0.0453434782608695,0.3234,0.0869565217391304,2.1666666666666665,5.0,0.144927536231884,1.0,2,0.0869565217391304,6,0.2608695652173913,0.0,0.0,0.1119398390620584,0.7610251472639413,0.1434782608695652,0.0,0.0,0.0,0.1005903188822741,0.7663588015423795,0.2485999999635169,0,67292,C:\Users\Binich\PycharmProjects\PredictionRTS\output\learner_results\all_data\synergy\sce3_synergy_run_0076\final_eval\eval_run_0076_web_batch_20260622_141137,web_batch_20260622_141137,0.0002914313163119528,-0.0005794073855850472,9.835774568228532e-05,8.972650284976744e-05,-0.0002025804253446,-0.0003480514885706,0.0001033470677799,-0.0003202067879818,-0.0004148525209209,-0.0002067872403199,57.0,0.0002914313163119528,72.0,-0.08531164743562128,-0.39144221177670424,-0.18327342802476784,positive_contribution_fill,99,True
False,repeat_001::ep_195::line_195,Synergy,sce-3,sce3_synergy_run_0076,eval_run_0076_web_batch_20260622_141137,repeat_001,195,195,Win,True,57.0,57.0,-3.0,57.0,0.0,49208,29,29,27,18,0.6206896551724138,0,0.0,0,1,0.0344827586206896,29,1.0,4.210755172413792,37.3439,0.1724137931034483,0.1724137931034483,0.0324827586206896,0.342,0.0344827586206896,1.4285714285714286,4.0,0.1034482758620689,1.0,1,0.0344827586206896,7,0.2413793103448276,0.0,0.0,0.0848855617977086,0.7181118188404421,0.1137931034482758,0.0,0.0,0.0,0.0780260890158654,0.7513391365941546,0.2630000000181098,0,7522,C:\Users\Binich\PycharmProjects\PredictionRTS\output\learner_results\all_data\synergy\sce3_synergy_run_0076\final_eval\eval_run_0076_web_batch_20260622_141137,web_batch_20260622_141137,0.0002914313163119528,-0.00020985224505774722,9.835774568228532e-05,8.972650284976744e-05,-0.0001531880439792,-0.0001789214346839,0.0001033470677799,-0.0001691740827066,-0.0002159997728426,-0.0001569705086657,57.0,0.0002914313163119528,72.0,-0.08531164743562128,-0.39144221177670424,-0.18327342802476784,positive_contribution_fill,100,True
False,repeat_001::ep_257::line_257,Synergy,sce-3m,sce3m_synergy_run_0079,eval_run_0079_web_batch_20260622_141137,repeat_001,257,257,Win,True,81.0,81.0,9.0,81.0,0.0,61092,26,26,23,22,0.8461538461538461,0,0.0,0,3,0.1153846153846153,26,1.0,0.1800346153846154,4.6809,0.0384615384615384,0.0384615384615384,0.03505,0.8113,0.0384615384615384,1030.0,2059.0,0.0512820512820512,1.0,1,0.0384615384615384,2,0.0769230769230769,0.0,0.0,0.0308048900035996,0.670927140093591,0.0442307692307692,0.0,0.0,0.0,0.029342969732389,0.7348244990327568,0.2185499999995954,0,ood:24305:131-2:agg:d1.000,C:\Users\Binich\PycharmProjects\PredictionRTS\output\learner_results\all_data\synergy\sce3m_synergy_run_0079\final_eval\eval_run_0079_web_batch_20260622_141137,web_batch_20260622_141137,0.0023591019888886,-0.0044752291017369,-0.0014889925358484,-0.0013901615746929,0.0023591019888886,-0.0013326125121609,-0.0015414500704229,-0.0010811143975004,-0.0014854701313048,0.0024168605233647,81.0,0.0023591019888886,72.0,1.3382680956758244,0.5450865553108862,1.0844500027590442,high_score_positive_contribution,1,True
False,repeat_001::ep_84::line_84,Synergy,sce-3m,sce3m_synergy_run_0079,eval_run_0079_web_batch_20260622_141137,repeat_001,84,84,Win,True,72.0,72.0,0.0,72.0,0.0,20186,23,23,22,18,0.782608695652174,0,0.0,0,4,0.1739130434782608,23,1.0,0.2318391304347826,5.3323,0.0434782608695652,0.0434782608695652,0.1125521739130434,0.8391,0.1304347826086956,494.25,1925.0,0.144927536231884,1.0,3,0.1304347826086956,4,0.1739130434782608,0.0,0.0,0.0832922979677174,0.6908428532575022,0.1065217391304347,0.0,0.0,0.0,0.074764142781125,0.7417949986401258,0.2149500000037107,0,100431,C:\Users\Binich\PycharmProjects\PredictionRTS\output\learner_results\all_data\synergy\sce3m_synergy_run_0079\final_eval\eval_run_0079_web_batch_20260622_141137,web_batch_20260622_141137,0.0054021764489606,0.0031604023681431,-0.0007550969814872,-0.0007049778850852,0.0014042178662956,0.0020492734051585,-0.0007816992142451,0.0019486851775065,0.002407680866303,0.0014352734321704,72.0,0.0054021764489606,72.0,0.6786616958356042,1.9074975176138866,1.0718891588046546,high_score_positive_contribution,2,True
False,repeat_001::ep_223::line_223,Synergy,sce-3m,sce3m_synergy_run_0079,eval_run_0079_web_batch_20260622_141137,repeat_001,223,223,Win,True,78.0,78.0,9.0,78.0,0.0,53104,25,25,21,21,0.84,0,0.0,0,3,0.12,25,1.0,0.18838,4.7095,0.04,0.04,0.036448,0.8112,0.04,1017.0,2033.0,0.0533333333333333,1.0,1,0.04,2,0.08,0.0,0.0,0.0320570758217478,0.6714268955436962,0.046,0.0,0.0,0.0,0.0305256841197865,0.7349994134402936,0.2467499999880829,0,ood:96156:88-15:agg:d0.500,C:\Users\Binich\PycharmProjects\PredictionRTS\output\learner_results\all_data\synergy\sce3m_synergy_run_0079\final_eval\eval_run_0079_web_batch_20260622_141137,web_batch_20260622_141137,0.0019801128522047,-0.0034975752926197996,-0.0012443606843947,-0.0011617670114903,0.0019801128522047,-0.0009967384931971,-0.0012881997850303,-0.0007866221707121,-0.0011171429132349,0.0020284550243152,78.0,0.0019801128522047,72.0,1.1183992957290843,0.3754098151631349,0.8806426619479806,high_score_positive_contribution,3,True
False,repeat_001::ep_95::line_95,Synergy,sce-3m,sce3m_synergy_run_0079,eval_run_0079_web_batch_20260622_141137,repeat_001,95,95,Win,True,75.0,75.0,3.0,75.0,0.0,22788,25,25,23,20,0.8,0,0.0,0,3,0.12,25,1.0,0.108,2.7,0.04,0.04,0.068812,0.8167,0.08,9.333333333333334,16.0,0.0933333333333333,1.0,2,0.08,3,0.12,0.0,0.0,0.0520451748031496,0.6300493700787402,0.072,0.0,0.0,0.0,0.0486203286614173,0.7205172795275591,0.2602999999983997,0,80945,C:\Users\Binich\PycharmProjects\PredictionRTS\output\learner_results\all_data\synergy\sce3m_synergy_run_0079\final_eval\eval_run_0079_web_batch_20260622_141137,web_batch_20260622_141137,0.0024034389363053,-0.0005646118445610999,-0.0009997288329409,-0.0009333724482878,0.0010190390856643,0.0006365158935133,-0.0010349494996377,0.0007478839571277,0.0006962251791134,0.0010530222572097,75.0,0.0024034389363053,72.0,0.8985304957823442,0.564936593155223,0.7917804469416655,high_score_positive_contribution,4,True
False,repeat_001::ep_57::line_57,Synergy,sce-3m,sce3m_synergy_run_0079,eval_run_0079_web_batch_20260622_141137,repeat_001,57,57,Win,True,75.0,75.0,15.0,75.0,0.0,13782,25,25,22,22,0.88,0,0.0,0,2,0.08,25,1.0,0.209888,5.2472,0.04,0.04,0.036452,0.8113,0.04,952.0,1903.0,0.0533333333333333,1.0,1,0.04,2,0.08,0.0,0.0,0.0324418700036727,0.6810467500918201,0.046,0.0,0.0,0.0,0.0306988415016527,0.738366362532137,0.2214500000015107,0,ood:24305:131-2:agg:d1.000,C:\Users\Binich\PycharmProjects\PredictionRTS\output\learner_results\all_data\synergy\sce3m_synergy_run_0079\final_eval\eval_run_0079_web_batch_20260622_141137,web_batch_20260622_141137,0.0017237750936204,-0.0026632868741487,-0.0009997288329409,-0.0009333724482878,0.0017237750936204,-0.000787032955387,-0.0010349494996377,-0.0006319782315157,-0.00086683963655,0.0017637423694264,75.0,0.0017237750936204,72.0,0.8985304957823442,0.26064516614460004,0.6944071902982661,high_score_positive_contribution,5,True
False,repeat_001::ep_115::line_115,Synergy,sce-3m,sce3m_synergy_run_0079,eval_run_0079_web_batch_20260622_141137,repeat_001,115,115,Win,True,72.0,72.0,3.0,72.0,0.0,27538,24,24,23,20,0.8333333333333334,0,0.0,0,3,0.125,24,1.0,0.2102166666666667,5.0452,0.0416666666666666,0.0416666666666666,0.0731291666666666,0.8445,0.0833333333333333,669.0,1950.0,0.0972222222222222,1.0,2,0.0833333333333333,3,0.125,0.0,0.0,0.0566943531159439,0.687484474782655,0.075,0.0,0.0,0.0,0.0517624589021747,0.7406195661739292,0.22376666666446,0,85627,C:\Users\Binich\PycharmProjects\PredictionRTS\output\learner_results\all_data\synergy\sce3m_synergy_run_0079\final_eval\eval_run_0079_web_batch_20260622_141137,web_batch_20260622_141137,0.0027235732939522,0.0004817992131347,-0.0007550969814872,-0.0007049778850852,0.0013691645790767,0.00066927534457,-0.0007816992142451,0.0006851333703055,0.0008058513481778,0.0013999224979986,72.0,0.0027235732939522,72.0,0.6786616958356042,0.7082635356900586,0.6881342845890297,high_score_positive_contribution,6,True
False,repeat_001::ep_151::line_151,Synergy,sce-3m,sce3m_synergy_run_0079,eval_run_0079_web_batch_20260622_141137,repeat_001,151,151,Win,True,75.0,75.0,15.0,75.0,0.0,36000,22,22,21,19,0.8636363636363636,0,0.0,0,2,0.0909090909090909,22,1.0,0.2270590909090909,4.9953,0.0454545454545454,0.0454545454545454,0.041390909090909,0.8106,0.0454545454545454,990.0,1979.0,0.0606060606060606,1.0,1,0.0454545454545454,2,0.0909090909090909,0.0,0.0,0.0366558977994923,0.6764297515888311,0.0522727272727272,0.0,0.0,0.0,0.034790608555226,0.7367504130560909,0.2424999999988131,0,ood:94742:131-12:agg:d1.000,C:\Users\Binich\PycharmProjects\PredictionRTS\output\learner_results\all_data\synergy\sce3m_synergy_run_0079\final_eval\eval_run_0079_web_batch_20260622_141137,web_batch_20260622_141137,0.0016599725003714,-0.0020691662930921,-0.0009997288329409,-0.0009333724482878,0.0016599725003714,-0.000462013595824,-0.0010349494996377,-0.0002990744167731,-0.0005308351389793,0.0016993980110827,75.0,0.0016599725003714,72.0,0.8985304957823442,0.23208018897879637,0.6852663976052089,high_score_positive_contribution,7,True
False,repeat_001::ep_13::line_13,Synergy,sce-3m,sce3m_synergy_run_0079,eval_run_0079_web_batch_20260622_141137,repeat_001,13,13,Win,True,72.0,72.0,21.0,72.0,0.0,3224,25,25,24,21,0.84,0,0.0,0,3,0.12,25,1.0,0.20914,5.2285,0.04,0.04,0.068804,0.8123,0.08,627.3333333333334,1870.0,0.0933333333333333,1.0,2,0.08,3,0.12,0.0,0.0,0.0541345841153101,0.6810246028827527,0.072,0.0,0.0,0.0,0.0495605628518895,0.7383586110089634,0.2300666666658438,0,ood:31058:88-5:agg:d0.500,C:\Users\Binich\PycharmProjects\PredictionRTS\output\learner_results\all_data\synergy\sce3m_synergy_run_0079\final_eval\eval_run_0079_web_batch_20260622_141137,web_batch_20260622_141137,0.0024037887922451003,0.00016201471142760003,-0.0007550969814872,-0.0007049778850852,0.0013017392585538,0.0005371714388298,-0.0007816992142451,0.0005648780948615,0.0006516923119196,0.0013319246508227,72.0,0.0024037887922451003,72.0,0.6786616958356042,0.5650932267091714,0.6423197857151457,high_score_positive_contribution,8,True
False,repeat_001::ep_92::line_92,Synergy,sce-3m,sce3m_synergy_run_0079,eval_run_0079_web_batch_20260622_141137,repeat_001,92,92,Win,True,72.0,72.0,3.0,72.0,0.0,22082,26,26,24,22,0.8461538461538461,0,0.0,0,3,0.1153846153846153,26,1.0,0.15,3.9,0.0384615384615384,0.0384615384615384,0.0681461538461538,0.861,0.0769230769230769,653.3333333333334,1931.0,0.0897435897435897,1.0,2,0.0769230769230769,3,0.1153846153846153,0.0,0.0,0.051683469839513,0.6705302158273381,0.0692307692307692,0.0,0.0,0.0,0.04748833065855,0.7346855755395683,0.2338666666664342,0,101472,C:\Users\Binich\PycharmProjects\PredictionRTS\output\learner_results\all_data\synergy\sce3m_synergy_run_0079\final_eval\eval_run_0079_web_batch_20260622_141137,web_batch_20260622_141137,0.0020589234408067,-0.00018285064001079992,-0.0007550969814872,-0.0007049778850852,0.0011922034315485,0.0004128467840373,-0.0007816992142451,0.0004538732252209,0.0005040768769245,0.0012214587254521,72.0,0.0020589234408067,72.0,0.6786616958356042,0.4106940026734123,0.5929120340237028,high_score_positive_contribution,9,True
False,repeat_001::ep_47::line_47,Synergy,sce-3m,sce3m_synergy_run_0079,eval_run_0079_web_batch_20260622_141137,repeat_001,47,47,Win,True,72.0,72.0,9.0,72.0,0.0,11472,24,24,22,20,0.8333333333333334,0,0.0,0,3,0.125,24,1.0,0.2217375,5.3217,0.0416666666666666,0.0416666666666666,0.0379708333333333,0.8113,0.0416666666666666,947.0,1893.0,0.0555555555555555,1.0,1,0.0416666666666666,2,0.0833333333333333,0.0,0.0,0.0338467651625907,0.682322363902178,0.0479166666666666,0.0,0.0,0.0,0.0320018776564991,0.7388128273657623,0.2101999999979398,0,ood:85627:88-13:agg:d0.500,C:\Users\Binich\PycharmProjects\PredictionRTS\output\learner_results\all_data\synergy\sce3m_synergy_run_0079\final_eval\eval_run_0079_web_batch_20260622_141137,web_batch_20260622_141137,0.0013152847210727,-0.0018432649602907,-0.0007550969814872,-0.0007049778850852,0.0013152847210727,-0.0005162710675379,-0.0007816992142451,-0.000400504533008,-0.0005701173969864,0.0013455851315315,72.0,0.0013152847210727,72.0,0.6786616958356042,0.07776046553788028,0.4863733021403326,high_score_positive_contribution,10,True
False,repeat_001::ep_73::line_73,Synergy,sce-3m,sce3m_synergy_run_0079,eval_run_0079_web_batch_20260622_141137,repeat_001,73,73,Win,True,72.0,72.0,9.0,72.0,0.0,17614,25,25,24,22,0.88,0,0.0,0,2,0.08,25,1.0,0.205944,5.1486,0.04,0.04,0.03644,0.811,0.04,958.0,1915.0,0.0533333333333333,1.0,1,0.04,2,0.08,0.0,0.0,0.0323699678650172,0.6792491966254308,0.046,0.0,0.0,0.0,0.0306664855392577,0.7377372188189008,0.2273499999958517,0,ood:6232:88-1:agg:d0.500,C:\Users\Binich\PycharmProjects\PredictionRTS\output\learner_results\all_data\synergy\sce3m_synergy_run_0079\final_eval\eval_run_0079_web_batch_20260622_141137,web_batch_20260622_141137,0.0012832083437286,-0.0020322886458012,-0.0007550969814872,-0.0007049778850852,0.0012832083437286,-0.0005963886163929,-0.0007816992142451,-0.0004773342923194,-0.0006590557535671,0.0013132363849823,72.0,0.0012832083437286,72.0,0.6786616958356042,0.06339959179063209,0.48177782254121315,high_score_positive_contribution,11,True
False,repeat_001::ep_113::line_113,Synergy,sce-3m,sce3m_synergy_run_0079,eval_run_0079_web_batch_20260622_141137,repeat_001,113,113,Win,True,72.0,72.0,3.0,72.0,0.0,27084,23,23,22,20,0.8695652173913043,0,0.0,0,2,0.0869565217391304,23,1.0,0.2232478260869565,5.1347,0.0434782608695652,0.0434782608695652,0.039591304347826,0.8106,0.0434782608695652,974.5,1948.0,0.0579710144927536,1.0,1,0.0434782608695652,2,0.0869565217391304,0.0,0.0,0.0351689864035454,0.6788866872815451,0.0499999999999999,0.0,0.0,0.0,0.0333260438815954,0.7376103405485408,0.2311500000047317,0,ood:22272:134-1:agg:d0.500,C:\Users\Binich\PycharmProjects\PredictionRTS\output\learner_results\all_data\synergy\sce3m_synergy_run_0079\final_eval\eval_run_0079_web_batch_20260622_141137,web_batch_20260622_141137,0.0012794246295803,-0.0017161703982543999,-0.0007550969814872,-0.0007049778850852,0.0012794246295803,-0.0004368270219564,-0.0007816992142451,-0.0003169939250608,-0.000490488199127,0.0013094205422927,72.0,0.0012794246295803,72.0,0.6786616958356042,0.061705589983741406,0.48123574196300817,high_score_positive_contribution,12,True
False,repeat_001::ep_300::line_300,Synergy,sce-3m,sce3m_synergy_run_0079,eval_run_0079_web_batch_20260622_141137,repeat_001,300,300,Win,True,72.0,72.0,12.0,72.0,0.0,71248,25,25,24,22,0.88,0,0.0,0,2,0.08,25,1.0,0.1951119999999999,4.8778,0.04,0.04,0.036448,0.8112,0.04,1047.5,2094.0,0.0533333333333333,1.0,1,0.04,2,0.08,0.0,0.0,0.032180121813709,0.6745030453427254,0.046,0.0,0.0,0.0,0.030581054816169,0.7360760658699539,0.2457500000190293,0,ood:85627:88-13:agg:d0.500,C:\Users\Binich\PycharmProjects\PredictionRTS\output\learner_results\all_data\synergy\sce3m_synergy_run_0079\final_eval\eval_run_0079_web_batch_20260622_141137,web_batch_20260622_141137,0.0012336700902701,-0.0020869523601954,-0.0007550969814872,-0.0007049778850852,0.0012336700902701,-0.0006015140773286,-0.0007816992142451,-0.0004773342923194,-0.0006704890056691,0.0012632774888005,72.0,0.0012336700902701,72.0,0.6786616958356042,0.04122088389151356,0.47468063601349525,high_score_positive_contribution,13,True
False,repeat_001::ep_245::line_245,Synergy,sce-3m,sce3m_synergy_run_0079,eval_run_0079_web_batch_20260622_141137,repeat_001,245,245,Win,True,72.0,72.0,3.0,72.0,0.0,58278,24,24,22,20,0.8333333333333334,0,0.0,0,3,0.125,24,1.0,0.1962583333333333,4.7102,0.0416666666666666,0.0416666666666666,0.0379708333333333,0.8113,0.0416666666666666,1025.5,2050.0,0.0555555555555555,1.0,1,0.0416666666666666,2,0.0833333333333333,0.0,0.0,0.0333945764900092,0.6714698357602209,0.0479166666666666,0.0,0.0,0.0,0.0317983927538374,0.7350144425160773,0.2559999999931506,0,ood:85627:88-13:agg:d0.500,C:\Users\Binich\PycharmProjects\PredictionRTS\output\learner_results\all_data\synergy\sce3m_synergy_run_0079\final_eval\eval_run_0079_web_batch_20260622_141137,web_batch_20260622_141137,0.0012020107738807,-0.001968747090697,-0.0007550969814872,-0.0007049778850852,0.0012020107738807,-0.0005284792507522,-0.0007816992142451,-0.000400504533008,-0.0005973499206847,0.0012313493445835,72.0,0.0012020107738807,72.0,0.6786616958356042,0.027046731969211583,0.4701449073983586,high_score_positive_contribution,14,True
False,repeat_001::ep_212::line_212,Synergy,sce-3m,sce3m_synergy_run_0079,eval_run_0079_web_batch_20260622_141137,repeat_001,212,212,Win,True,75.0,75.0,3.0,75.0,0.0,50462,23,23,22,19,0.8260869565217391,0,0.0,0,3,0.1304347826086956,23,1.0,0.0,0.0,0.0,0.0,0.072095652173913,0.8471,0.0869565217391304,1030.0,2024.0,0.0869565217391304,1.0,2,0.0869565217391304,2,0.0869565217391304,0.0,0.0,0.047715652173913,0.55413,0.0565217391304347,0.0,0.0,0.0,0.041254652173913,0.6939455,0.2380499999929952,0,78774,C:\Users\Binich\PycharmProjects\PredictionRTS\output\learner_results\all_data\synergy\sce3m_synergy_run_0079\final_eval\eval_run_0079_web_batch_20260622_141137,web_batch_20260622_141137,5.144166436677139e-05,-0.003020277052813594,-0.0009997288329409,-0.0009333724482878,-3.009547344654837e-05,5.144166436677139e-05,-0.0010349494996377,-7.35724628674166e-05,0.0003510117286467,-5.020787510218082e-06,75.0,5.144166436677139e-05,72.0,0.8985304957823442,-0.48807308788951415,0.4548173490073496,high_score_positive_contribution,15,True
False,repeat_001::ep_88::line_88,Synergy,sce-3m,sce3m_synergy_run_0079,eval_run_0079_web_batch_20260622_141137,repeat_001,88,88,Win,True,72.0,72.0,12.0,72.0,0.0,21074,23,23,22,20,0.8695652173913043,0,0.0,0,2,0.0869565217391304,23,1.0,0.0,0.0,0.0,0.0,0.0720434782608695,0.8462,0.0869565217391304,991.5,1928.0,0.0869565217391304,1.0,2,0.0869565217391304,2,0.0869565217391304,0.0,0.0,0.0477,0.55386,0.0565217391304347,0.0,0.0,0.0,0.0412476086956521,0.693851,0.2197999999964395,0,85627,C:\Users\Binich\PycharmProjects\PredictionRTS\output\learner_results\all_data\synergy\sce3m_synergy_run_0079\final_eval\eval_run_0079_web_batch_20260622_141137,web_batch_20260622_141137,3.843140424194089e-05,-0.0022844613969356924,-0.0007550969814872,-0.0007049778850852,-2.5549307134009396e-05,3.843140424194089e-05,-0.0007816992142451,-5.5569413226123806e-05,0.0002641771550079,-6.6342814580102885e-06,72.0,3.843140424194089e-05,72.0,0.6786616958356042,-0.49389789475804646,0.30344262684563605,high_score_positive_contribution,16,True
False,repeat_001::ep_274::line_274,Synergy,sce-3m,sce3m_synergy_run_0079,eval_run_0079_web_batch_20260622_141137,repeat_001,274,274,Win,True,72.0,72.0,3.0,72.0,0.0,65066,23,23,22,20,0.8695652173913043,0,0.0,0,2,0.0869565217391304,23,1.0,0.0,0.0,0.0,0.0,0.0719478260869565,0.8434,0.0869565217391304,1046.0,2072.0,0.0869565217391304,1.0,2,0.0869565217391304,2,0.0869565217391304,0.0,0.0,0.047671304347826,0.5530200000000001,0.0565217391304347,0.0,0.0,0.0,0.0412346956521739,0.693557,0.2455000000054497,0,ood:81023:88-11:agg:d0.500,C:\Users\Binich\PycharmProjects\PredictionRTS\output\learner_results\all_data\synergy\sce3m_synergy_run_0079\final_eval\eval_run_0079_web_batch_20260622_141137,web_batch_20260622_141137,3.76566794413536e-05,-0.002294003674733758,-0.0007550969814872,-0.0007049778850852,-3.431686013148778e-05,3.76566794413536e-05,-0.0007816992142451,-5.5569413226123806e-05,0.0002624489935673,-1.5476282121925453e-05,72.0,3.76566794413536e-05,72.0,0.6786616958356042,-0.49424474580455796,0.30333163451075235,high_score_positive_contribution,17,True
False,repeat_001::ep_140::line_140,Synergy,sce-3m,sce3m_synergy_run_0079,eval_run_0079_web_batch_20260622_141137,repeat_001,140,140,Win,True,54.0,54.0,3.0,54.0,0.0,33438,26,26,23,24,0.9230769230769232,0,0.0,0,1,0.0384615384615384,26,1.0,0.2783961538461538,7.2383,0.0384615384615384,0.0384615384615384,0.0038461538461538,0.1,0.0,1.0,1.0,0.0128205128205128,0.3333333333333333,0,0.0,1,0.0384615384615384,0.0,0.0,0.0114599445153212,0.2979585573983513,0.0192307692307692,0.0,0.0,0.0,0.0118877442626637,0.604285495089423,0.2695000000016989,0,41954,C:\Users\Binich\PycharmProjects\PredictionRTS\output\learner_results\all_data\synergy\sce3m_synergy_run_0079\final_eval\eval_run_0079_web_batch_20260622_141137,web_batch_20260622_141137,0.0077505878580851,0.0077505878580851,0.0007126941272352,0.0006653894941301,0.0025451113692902,0.0016262714562985,0.0007378024981104,0.0014633189130207,0.0018106117936686,0.0025486649928751,54.0,0.0077505878580851,72.0,-0.6405511038448362,2.9589017766187595,0.5112738179035143,positive_contribution_fill,18,True
False,repeat_001::ep_165::line_165,Synergy,sce-3m,sce3m_synergy_run_0079,eval_run_0079_web_batch_20260622_141137,repeat_001,165,165,Win,True,51.0,51.0,3.0,51.0,0.0,39288,26,26,24,21,0.8076923076923077,0,0.0,0,2,0.0769230769230769,26,1.0,-0.1032538461538462,10.5929,0.0769230769230769,0.0769230769230769,0.0115384615384615,0.1,0.0,1.0,1.0,0.0384615384615384,0.3333333333333333,0,0.0,3,0.1153846153846153,0.0,0.0,0.0302417253532662,0.3357582953347999,0.0442307692307692,0.0,0.0,0.0,0.029089545639739,0.6175154033671799,0.249100000004887,0,80271,C:\Users\Binich\PycharmProjects\PredictionRTS\output\learner_results\all_data\synergy\sce3m_synergy_run_0079\final_eval\eval_run_0079_web_batch_20260622_141137,web_batch_20260622_141137,0.007331827414446801,0.007331827414446801,0.0009573259786889,0.0008937840573326,0.0029185178642103,0.0008760600370288,0.000991052783503,0.0006950866936832,0.0009980605330976,0.0029190439204591,51.0,0.007331827414446801,72.0,-0.8604199037915763,2.7714190756604045,0.30176856963305754,positive_contribution_fill,19,True
False,repeat_001::ep_90::line_90,Synergy,sce-3m,sce3m_synergy_run_0079,eval_run_0079_web_batch_20260622_141137,repeat_001,90,90,Win,True,69.0,69.0,15.0,69.0,0.0,21518,22,22,19,19,0.8636363636363636,0,0.0,0,2,0.0909090909090909,22,1.0,0.2378318181818182,5.2323,0.0454545454545454,0.0454545454545454,0.0414,0.8108,0.0454545454545454,965.5,1930.0,0.0606060606060606,1.0,1,0.0454545454545454,2,0.0909090909090909,0.0,0.0,0.0368472786357698,0.6806401299869356,0.0522727272727272,0.0,0.0,0.0,0.0348767299315509,0.7382240454954274,0.2338499999936516,0,ood:16471:131-1:agg:d1.000,C:\Users\Binich\PycharmProjects\PredictionRTS\output\learner_results\all_data\synergy\sce3m_synergy_run_0079\final_eval\eval_run_0079_web_batch_20260622_141137,web_batch_20260622_141137,0.0008772966121247,-0.001023322083037,-0.0005104651300334,-0.0004765833218826,0.0008772966121247,-0.0002324128438386,-0.0005284489288525,-0.0001527084705546,-0.0002632546668558,0.0008976796839697,69.0,0.0008772966121247,72.0,0.4587928958888641,-0.11833062878749401,0.2741133679924296,positive_contribution_fill,20,True
False,repeat_001::ep_64::line_64,Synergy,sce-3m,sce3m_synergy_run_0079,eval_run_0079_web_batch_20260622_141137,repeat_001,64,64,Win,True,69.0,69.0,15.0,69.0,0.0,15426,23,23,20,20,0.8695652173913043,0,0.0,0,2,0.0869565217391304,23,1.0,0.2243043478260869,5.159,0.0434782608695652,0.0434782608695652,0.0396043478260869,0.8109,0.0434782608695652,955.0,1909.0,0.0579710144927536,1.0,1,0.0434782608695652,2,0.0869565217391304,0.0,0.0,0.0351913196350568,0.6794003516063065,0.0499999999999999,0.0,0.0,0.0,0.0333360938357755,0.7377901230622073,0.225949999993702,0,ood:78774:131-7:agg:d0.500,C:\Users\Binich\PycharmProjects\PredictionRTS\output\learner_results\all_data\synergy\sce3m_synergy_run_0079\final_eval\eval_run_0079_web_batch_20260622_141137,web_batch_20260622_141137,0.0008685486575537,-0.0011561436095193,-0.0005104651300334,-0.0004765833218826,0.0008685486575537,-0.0002948987771382,-0.0005284489288525,-0.0002142961091663,-0.0003306734854322,0.0008888574481478,69.0,0.0008685486575537,72.0,0.4587928958888641,-0.12224716430499069,0.27286007662683065,positive_contribution_fill,21,True
False,repeat_001::ep_171::line_171,Synergy,sce-3m,sce3m_synergy_run_0079,eval_run_0079_web_batch_20260622_141137,repeat_001,171,171,Win,True,69.0,69.0,21.0,69.0,0.0,40810,23,23,20,19,0.8260869565217391,0,0.0,0,3,0.1304347826086956,23,1.0,0.208791304347826,4.8022,0.0434782608695652,0.0434782608695652,0.0395999999999999,0.8108,0.0434782608695652,997.5,1994.0,0.0579710144927536,1.0,1,0.0434782608695652,2,0.0869565217391304,0.0,0.0,0.0349134738725677,0.6730098990690573,0.0499999999999999,0.0,0.0,0.0,0.0332110632426554,0.73555346467417,0.237399999988952,0,ood:24305:131-2:agg:d0.500,C:\Users\Binich\PycharmProjects\PredictionRTS\output\learner_results\all_data\synergy\sce3m_synergy_run_0079\final_eval\eval_run_0079_web_batch_20260622_141137,web_batch_20260622_141137,0.0008234572207638,-0.0012063061032081,-0.0005104651300334,-0.0004765833218826,0.0008234572207638,-0.0002999698340371,-0.0005284489288525,-0.0002142961091663,-0.0003419853796551,0.000843383127759,69.0,0.0008234572207638,72.0,0.4587928958888641,-0.14243499361860498,0.2663999712464741,positive_contribution_fill,22,True
False,repeat_001::ep_173::line_173,Synergy,sce-3m,sce3m_synergy_run_0079,eval_run_0079_web_batch_20260622_141137,repeat_001,173,173,Win,True,69.0,69.0,15.0,69.0,0.0,41264,22,22,21,18,0.8181818181818182,0,0.0,0,3,0.1363636363636363,22,1.0,0.2164772727272727,4.7625,0.0454545454545454,0.0454545454545454,0.0414,0.8108,0.0454545454545454,998.0,1995.0,0.0606060606060606,1.0,1,0.0454545454545454,2,0.0909090909090909,0.0,0.0,0.036467417442845,0.672283183742591,0.0522727272727272,0.0,0.0,0.0,0.0347057923947348,0.7352991143099068,0.2408500000115054,0,ood:88392:131-11:agg:d0.500,C:\Users\Binich\PycharmProjects\PredictionRTS\output\learner_results\all_data\synergy\sce3m_synergy_run_0079\final_eval\eval_run_0079_web_batch_20260622_141137,web_batch_20260622_141137,0.0008183294715134,-0.0010892221986403999,-0.0005104651300334,-0.0004765833218826,0.0008183294715134,-0.0002393458188307,-0.0005284489288525,-0.0001527084705546,-0.0002787199004993,0.0008382118374013,69.0,0.0008183294715134,72.0,0.4587928958888641,-0.14473073165668138,0.2656653350742896,positive_contribution_fill,23,True
False,repeat_001::ep_230::line_230,Synergy,sce-3m,sce3m_synergy_run_0079,eval_run_0079_web_batch_20260622_141137,repeat_001,230,230,Win,True,69.0,69.0,3.0,69.0,0.0,54738,24,24,23,21,0.875,0,0.0,0,2,0.0833333333333333,24,1.0,0.1960291666666666,4.7047,0.0416666666666666,0.0416666666666666,0.037975,0.8114,0.0416666666666666,1020.0,2039.0,0.0555555555555555,1.0,1,0.0416666666666666,2,0.0833333333333333,0.0,0.0,0.0333915887267336,0.6713981294416071,0.0479166666666666,0.0,0.0,0.0,0.0317970482603634,0.7349893453045625,0.2664000000009991,0,ood:24305:131-2:agg:d1.000,C:\Users\Binich\PycharmProjects\PredictionRTS\output\learner_results\all_data\synergy\sce3m_synergy_run_0079\final_eval\eval_run_0079_web_batch_20260622_141137,web_batch_20260622_141137,0.0008120844724565,-0.0013314845541444,-0.0005104651300334,-0.0004765833218826,0.0008120844724565,-0.000357320201272,-0.0005284489288525,-0.0002707514445604,-0.000403945668827,0.0008319138103665,69.0,0.0008120844724565,72.0,0.4587928958888641,-0.14752667217221221,0.2647706341093197,positive_contribution_fill,24,True
False,repeat_001::ep_268::line_268,Synergy,sce-3m,sce3m_synergy_run_0079,eval_run_0079_web_batch_20260622_141137,repeat_001,268,268,Win,True,69.0,69.0,9.0,69.0,0.0,63684,24,24,23,21,0.875,0,0.0,0,2,0.0833333333333333,24,1.0,0.1929541666666666,4.6309,0.0416666666666666,0.0416666666666666,0.0379708333333333,0.8113,0.0416666666666666,1034.5,2068.0,0.0555555555555555,1.0,1,0.0416666666666666,2,0.0833333333333333,0.0,0.0,0.0333331674486873,0.6699960187684968,0.0479166666666666,0.0,0.0,0.0,0.0317707586852426,0.7344986065689738,0.2301500000072565,0,ood:24305:131-2:agg:d0.500,C:\Users\Binich\PycharmProjects\PredictionRTS\output\learner_results\all_data\synergy\sce3m_synergy_run_0079\final_eval\eval_run_0079_web_batch_20260622_141137,web_batch_20260622_141137,0.0008021910909752,-0.0013424442021127,-0.0005104651300334,-0.0004765833218826,0.0008021910909752,-0.000358386467759,-0.0005284489288525,-0.0002707514445604,-0.0004063241658453,0.0008219364215043,69.0,0.0008021910909752,72.0,0.4587928958888641,-0.1519560253021549,0.26335324110773806,positive_contribution_fill,25,True
False,repeat_001::ep_50::line_50,Synergy,sce-3m,sce3m_synergy_run_0079,eval_run_0079_web_batch_20260622_141137,repeat_001,50,50,Win,True,66.0,66.0,3.0,66.0,0.0,12158,24,24,24,19,0.7916666666666666,0,0.0,0,4,0.1666666666666666,24,1.0,0.2201999999999999,5.2848,0.0416666666666666,0.0416666666666666,0.074625,0.8796,0.0833333333333333,641.0,1896.0,0.0972222222222222,1.0,2,0.0833333333333333,3,0.125,0.0,0.0,0.0573167543354618,0.7021821040510834,0.075,0.0,0.0,0.0,0.0520425394509578,0.7457637364178792,0.2289333333346614,0,ood:31058:88-5:agg:d0.500,C:\Users\Binich\PycharmProjects\PredictionRTS\output\learner_results\all_data\synergy\sce3m_synergy_run_0079\final_eval\eval_run_0079_web_batch_20260622_141137,web_batch_20260622_141137,0.0010187620774311,0.00022954139671140002,-0.0002658332785797,-0.0002481887586801,0.0005360242719982,0.0002415353446126,-0.0002751986434599,0.0002412024608203,0.0002968975362685,0.0005473112450096,66.0,0.0010187620774311,72.0,0.23892409594212405,-0.05499530681309379,0.14486988706045434,positive_contribution_fill,26,True
False,repeat_001::ep_30::line_30,Synergy,sce-3m,sce3m_synergy_run_0079,eval_run_0079_web_batch_20260622_141137,repeat_001,30,30,Win,True,66.0,66.0,15.0,66.0,0.0,7408,23,23,22,19,0.8260869565217391,0,0.0,0,3,0.1304347826086956,23,1.0,0.0,0.0,0.0,0.0,0.1093,0.8624,0.1304347826086956,641.0,1882.0,0.1304347826086956,1.0,3,0.1304347826086956,3,0.1304347826086956,0.0,0.0,0.0719204347826086,0.55872,0.0847826086956521,0.0,0.0,0.0,0.0620381086956521,0.695552,0.2374999999995945,0,ood:100431:88-16:agg:d0.500,C:\Users\Binich\PycharmProjects\PredictionRTS\output\learner_results\all_data\synergy\sce3m_synergy_run_0079\final_eval\eval_run_0079_web_batch_20260622_141137,web_batch_20260622_141137,0.0008407757281115845,5.1555047391884474e-05,-0.0002658332785797,-0.0002481887586801,8.863696906184506e-06,0.0004526571013925,-0.0002751986434599,0.0003792549298129,0.0006065233392829,1.567440673842926e-05,66.0,0.0008407757281115845,72.0,0.23892409594212405,-0.1346813469132962,0.11937035422838957,positive_contribution_fill,27,True
False,repeat_001::ep_15::line_15,Synergy,sce-3m,sce3m_synergy_run_0079,eval_run_0079_web_batch_20260622_141137,repeat_001,15,15,Win,True,66.0,66.0,-3.0,66.0,0.0,3728,23,23,21,19,0.8260869565217391,0,0.0,0,3,0.1304347826086956,23,1.0,0.0,0.0,0.0,0.0,0.0902521739130434,0.8191,0.1304347826086956,630.3333333333334,1871.0,0.1304347826086956,1.0,3,0.1304347826086956,3,0.1304347826086956,0.0,0.0,0.0662060869565217,0.54573,0.0847826086956521,0.0,0.0,0.0,0.059466652173913,0.6910054999999999,0.2214666666636352,0,88115,C:\Users\Binich\PycharmProjects\PredictionRTS\output\learner_results\all_data\synergy\sce3m_synergy_run_0079\final_eval\eval_run_0079_web_batch_20260622_141137,web_batch_20260622_141137,0.0007775989245616,-5.049063584933866e-05,-0.0002658332785797,-0.0002481887586801,-3.886887969123862e-05,0.0003983439947487,-0.0002751986434599,0.0003792549298129,0.000485368296158,-3.246348009113731e-05,66.0,0.0007775989245616,72.0,0.23892409594212405,-0.16296615257583177,0.11031921641637818,positive_contribution_fill,28,True
False,repeat_001::ep_292::line_292,Synergy,sce-3m,sce3m_synergy_run_0079,eval_run_0079_web_batch_20260622_141137,repeat_001,292,292,Win,True,54.0,54.0,-3.0,54.0,0.0,69312,28,28,25,26,0.9285714285714286,0,0.0,0,1,0.0357142857142857,28,1.0,0.0,0.0,0.0,0.0,0.0289785714285714,0.8114,0.0357142857142857,2087.0,2087.0,0.0357142857142857,1.0,1,0.0357142857142857,1,0.0357142857142857,0.0,0.0,0.0194078571428571,0.54342,0.0232142857142857,0.0,0.0,0.0,0.0168585357142857,0.690197,0.2257000000156495,0,ood:85627:88-13:agg:d0.500,C:\Users\Binich\PycharmProjects\PredictionRTS\output\learner_results\all_data\synergy\sce3m_synergy_run_0079\final_eval\eval_run_0079_web_batch_20260622_141137,web_batch_20260622_141137,0.0049002490795392005,0.0049002490795392005,0.0007126941272352,0.0006653894941301,0.0001269635692483,0.0013447932114496,0.0007378024981104,0.0013126061793656,0.0013588372650654,0.0001099840451161,54.0,0.0049002490795392005,72.0,-0.6405511038448362,1.6827802590150145,0.10291493227031606,positive_contribution_fill,29,True
False,repeat_001::ep_169::line_169,Synergy,sce-3m,sce3m_synergy_run_0079,eval_run_0079_web_batch_20260622_141137,repeat_001,169,169,Win,True,66.0,66.0,3.0,66.0,0.0,40336,25,25,23,21,0.84,0,0.0,0,3,0.12,25,1.0,0.0,0.0,0.0,0.0,0.101876,0.8968,0.12,673.6666666666666,1993.0,0.12,1.0,3,0.12,3,0.12,0.0,0.0,0.0665627999999999,0.56904,0.078,0.0,0.0,0.0,0.0572532599999999,0.699164,0.2277666666733087,0,ood:96156:88-15:agg:d0.500,C:\Users\Binich\PycharmProjects\PredictionRTS\output\learner_results\all_data\synergy\sce3m_synergy_run_0079\final_eval\eval_run_0079_web_batch_20260622_141137,web_batch_20260622_141137,0.0006819174973836349,-0.00010730318333606513,-0.0002658332785797,-0.0002481887586801,4.6785189630234834e-05,0.0003515937564421,-0.0002751986434599,0.0002835385513113,0.0004929312911806,5.391790112496729e-05,66.0,0.0006819174973836349,72.0,0.23892409594212405,-0.20580356157993862,0.096611245535064,positive_contribution_fill,30,True
False,repeat_001::ep_131::line_131,Synergy,sce-3m,sce3m_synergy_run_0079,eval_run_0079_web_batch_20260622_141137,repeat_001,131,131,Win,True,54.0,54.0,0.0,54.0,0.0,31310,27,27,22,24,0.8888888888888888,0,0.0,0,2,0.074074074074074,27,1.0,0.0,0.0,0.0,0.0,0.0300148148148148,0.8104,0.037037037037037,1963.0,1963.0,0.037037037037037,1.0,1,0.037037037037037,1,0.037037037037037,0.0,0.0,0.0201155555555555,0.54312,0.024074074074074,0.0,0.0,0.0,0.0174779259259259,0.690092,0.2365999999938139,0,ood:85627:88-13:agg:d0.500,C:\Users\Binich\PycharmProjects\PredictionRTS\output\learner_results\all_data\synergy\sce3m_synergy_run_0079\final_eval\eval_run_0079_web_batch_20260622_141137,web_batch_20260622_141137,0.0048356013323197,0.0048356013323197,0.0007126941272352,0.0006653894941301,0.0001299190001801,0.0013097193461817,0.0007378024981104,0.0012800768664822,0.0013186103360875,0.0001129645714121,54.0,0.0048356013323197,72.0,-0.6405511038448362,1.6538368990493968,0.09365305708131838,positive_contribution_fill,31,True
False,repeat_001::ep_154::line_154,Synergy,sce-3m,sce3m_synergy_run_0079,eval_run_0079_web_batch_20260622_141137,repeat_001,154,154,Win,True,54.0,54.0,3.0,54.0,0.0,36706,25,25,24,22,0.88,0,0.0,0,1,0.04,25,1.0,0.0,0.0,0.0,0.0,0.03242,0.8105,0.04,1982.0,1982.0,0.04,1.0,1,0.04,1,0.04,0.0,0.0,0.021726,0.54315,0.026,0.0,0.0,0.0,0.0188767,0.6901025000000001,0.2293999999949392,0,ood:6232:88-1:agg:d0.500,C:\Users\Binich\PycharmProjects\PredictionRTS\output\learner_results\all_data\synergy\sce3m_synergy_run_0079\final_eval\eval_run_0079_web_batch_20260622_141137,web_batch_20260622_141137,0.0046832325262901,0.0046832325262901,0.0007126941272352,0.0006653894941301,0.0001296234570869,0.0012305117441041,0.0007378024981104,0.0012072112056234,0.0012270695990631,0.0001126665187825,54.0,0.0046832325262901,72.0,-0.6405511038448362,1.5856200563886247,0.07182366742987129,positive_contribution_fill,32,True
False,repeat_001::ep_259::line_259,Synergy,sce-3m,sce3m_synergy_run_0079,eval_run_0079_web_batch_20260622_141137,repeat_001,259,259,Win,True,60.0,60.0,3.0,60.0,0.0,61586,25,25,25,22,0.88,0,0.0,0,2,0.08,25,1.0,0.093508,2.183,0.08,0.04,0.008,0.1,0.0,1.0,1.0,0.0266666666666666,0.3333333333333333,0,0.0,2,0.08,0.0,0.0,0.0135106949439474,0.2016736436017401,0.026,0.0,0.0,0.0,0.0151798127247763,0.570585775260609,0.2230500000166557,0,ood:103241:88-21:agg:d0.500,C:\Users\Binich\PycharmProjects\PredictionRTS\output\learner_results\all_data\synergy\sce3m_synergy_run_0079\final_eval\eval_run_0079_web_batch_20260622_141137,web_batch_20260622_141137,0.0025884556561061997,0.0025884556561061997,0.0002234304243277,0.000208600367725,0.0010952651776465,0.0004513956648704,0.0002313019273252,0.0003784620942114,0.000531084488936,0.0010989042906311,60.0,0.0025884556561061997,72.0,-0.20081350395135605,0.647770191403793,0.07073327856229164,positive_contribution_fill,33,True
False,repeat_001::ep_128::line_128,Synergy,sce-3m,sce3m_synergy_run_0079,eval_run_0079_web_batch_20260622_141137,repeat_001,128,128,Win,True,66.0,66.0,9.0,66.0,0.0,30594,23,23,23,20,0.8695652173913043,0,0.0,0,2,0.0869565217391304,23,1.0,0.2187695652173913,5.0317,0.0434782608695652,0.0434782608695652,0.0395826086956521,0.8104,0.0434782608695652,980.5,1960.0,0.0579710144927536,1.0,1,0.0434782608695652,2,0.0869565217391304,0.0,0.0,0.035087639148686,0.6770157004197794,0.0499999999999999,0.0,0.0,0.0,0.0332894376169087,0.7369554951469228,0.2206999999998515,0,ood:22282:88-4:agg:d1.000,C:\Users\Binich\PycharmProjects\PredictionRTS\output\learner_results\all_data\synergy\sce3m_synergy_run_0079\final_eval\eval_run_0079_web_batch_20260622_141137,web_batch_20260622_141137,0.0004435487301188,-0.0006118291793711,-0.0002658332785797,-0.0002481887586801,0.0004435487301188,-0.0001545589354983,-0.0002751986434599,-0.0001115982932719,-0.0001744019874999,0.0004540504682651,66.0,0.0004435487301188,72.0,0.23892409594212405,-0.312523336548764,0.062460917545039865,positive_contribution_fill,34,True
False,repeat_001::ep_78::line_78,Synergy,sce-3m,sce3m_synergy_run_0079,eval_run_0079_web_batch_20260622_141137,repeat_001,78,78,Win,True,54.0,54.0,3.0,54.0,0.0,18784,24,24,23,22,0.9166666666666666,0,0.0,0,1,0.0416666666666666,24,1.0,0.0,0.0,0.0,0.0,0.0337791666666666,0.8107,0.0416666666666666,1920.0,1920.0,0.0416666666666666,1.0,1,0.0416666666666666,1,0.0416666666666666,0.0,0.0,0.0226337499999999,0.54321,0.0270833333333333,0.0,0.0,0.0,0.0196643541666666,0.6901235,0.2087000000017269,0,ood:31058:88-5:agg:d0.500,C:\Users\Binich\PycharmProjects\PredictionRTS\output\learner_results\all_data\synergy\sce3m_synergy_run_0079\final_eval\eval_run_0079_web_batch_20260622_141137,web_batch_20260622_141137,0.0045970524511398,0.0045970524511398,0.0007126941272352,0.0006653894941301,0.0001290323709006,0.0011859096893732,0.0007378024981104,0.0011662242713903,0.0011754713559069,0.0001120704135233,54.0,0.0045970524511398,72.0,-0.6405511038448362,1.547036485510741,0.0594769247489485,positive_contribution_fill,35,True
False,repeat_001::ep_267::line_267,Synergy,sce-3m,sce3m_synergy_run_0079,eval_run_0079_web_batch_20260622_141137,repeat_001,267,267,Win,True,66.0,66.0,21.0,66.0,0.0,63452,22,22,21,19,0.8636363636363636,0,0.0,0,2,0.0909090909090909,22,1.0,0.2098636363636363,4.617,0.0454545454545454,0.0454545454545454,0.0414227272727272,0.8113,0.0454545454545454,1034.0,2067.0,0.0606060606060606,1.0,1,0.0454545454545454,2,0.0909090909090909,0.0,0.0,0.0363516379744631,0.6697360354381885,0.0522727272727272,0.0,0.0,0.0,0.0346536916339629,0.7344076124033659,0.2322499999962701,0,ood:22301:134-2:agg:d0.500,C:\Users\Binich\PycharmProjects\PredictionRTS\output\learner_results\all_data\synergy\sce3m_synergy_run_0079\final_eval\eval_run_0079_web_batch_20260622_141137,web_batch_20260622_141137,0.0004167991407164,-0.0005776908351870835,-0.0002658332785797,-0.0002481887586801,0.0004167991407164,-0.0001257437977384,-0.0002751986434599,-7.952549744538345e-05,-0.0001476028081521,0.0004270737408562,66.0,0.0004167991407164,72.0,0.23892409594212405,-0.32449936090081744,0.058628589752382776,positive_contribution_fill,36,True
False,repeat_001::ep_218::line_218,Synergy,sce-3m,sce3m_synergy_run_0079,eval_run_0079_web_batch_20260622_141137,repeat_001,218,218,Win,True,54.0,54.0,9.0,54.0,0.0,51924,27,27,21,24,0.8888888888888888,0,0.0,0,2,0.074074074074074,27,1.0,0.0,0.0,0.0,0.0,0.0300407407407407,0.8111,0.037037037037037,1014.0,2028.0,0.037037037037037,1.0,1,0.037037037037037,2,0.074074074074074,0.0,0.0,0.0201233333333333,0.54333,0.0296296296296296,0.0,0.0,0.0,0.0194258703703703,0.6901655,0.3042499999992287,0,ood:6860:88-2:agg:d0.500,C:\Users\Binich\PycharmProjects\PredictionRTS\output\learner_results\all_data\synergy\sce3m_synergy_run_0079\final_eval\eval_run_0079_web_batch_20260622_141137,web_batch_20260622_141137,0.004513037956923101,0.004513037956923101,0.0007126941272352,0.0006653894941301,0.0001278501985279,0.0011994141787608,0.0007378024981104,0.0010698874601587,0.0013181682323486,0.0001108782030049,54.0,0.004513037956923101,72.0,-0.6405511038448362,1.5094224640942344,0.047440437895666376,positive_contribution_fill,37,True
False,repeat_001::ep_120::line_120,Synergy,sce-3m,sce3m_synergy_run_0079,eval_run_0079_web_batch_20260622_141137,repeat_001,120,120,Win,True,60.0,60.0,15.0,60.0,0.0,28748,23,23,22,21,0.9130434782608696,0,0.0,0,1,0.0434782608695652,23,1.0,0.0231565217391304,0.5326,0.0434782608695652,0.0434782608695652,0.0078782608695652,0.1812,0.0434782608695652,2.0,2.0,0.0289855072463768,0.6666666666666666,0,0.0,1,0.0434782608695652,0.0,0.0,0.0119385532454515,0.2745867246453867,0.0326086956521739,0.0,0.0,0.0,0.016785392438714,0.5961053536258853,0.2621999999945501,0,ood:41954:88-6:agg:d0.500,C:\Users\Binich\PycharmProjects\PredictionRTS\output\learner_results\all_data\synergy\sce3m_synergy_run_0079\final_eval\eval_run_0079_web_batch_20260622_141137,web_batch_20260622_141137,0.0022563792994087996,0.0022563792994087996,0.0002234304243277,0.000208600367725,0.0008700777498733,0.0004228926831664,0.0002313019273252,0.0003000761469912,0.0005591000596602,0.000871804735436,60.0,0.0022563792994087996,72.0,-0.20081350395135605,0.49909671179545156,0.02315776508762238,positive_contribution_fill,38,True
False,repeat_001::ep_96::line_96,Synergy,sce-3m,sce3m_synergy_run_0079,eval_run_0079_web_batch_20260622_141137,repeat_001,96,96,Win,True,66.0,66.0,15.0,66.0,0.0,23000,22,22,22,18,0.8181818181818182,0,0.0,0,3,0.1363636363636363,22,1.0,0.0,0.0,0.0,0.0,0.0750545454545454,0.8403,0.0909090909090909,1012.5,1934.0,0.0909090909090909,1.0,2,0.0909090909090909,2,0.0909090909090909,0.0,0.0,0.0497890909090909,0.55209,0.059090909090909,0.0,0.0,0.0,0.043086909090909,0.6932315,0.2215000000092004,0,ood:6232:88-1:agg:d0.500,C:\Users\Binich\PycharmProjects\PredictionRTS\output\learner_results\all_data\synergy\sce3m_synergy_run_0079\final_eval\eval_run_0079_web_batch_20260622_141137,web_batch_20260622_141137,6.907158249444271e-05,-0.000735647755656325,-0.0002658332785797,-0.0002481887586801,-1.5498657431067806e-05,5.2378692460121e-05,-0.0002751986434599,1.6692890034321717e-05,0.0001372967533255,-8.894814945945563e-06,66.0,6.907158249444271e-05,72.0,0.23892409594212405,-0.4801800198634773,0.008810778884331627,positive_contribution_fill,39,True
False,repeat_001::ep_148::line_148,Synergy,sce-3m,sce3m_synergy_run_0079,eval_run_0079_web_batch_20260622_141137,repeat_001,148,148,Win,True,66.0,66.0,9.0,66.0,0.0,35294,23,23,20,20,0.8695652173913043,0,0.0,0,2,0.0869565217391304,23,1.0,0.0,0.0,0.0,0.0,0.0724391304347826,0.8555,0.0869565217391304,1002.5,1976.0,0.0869565217391304,1.0,2,0.0869565217391304,2,0.0869565217391304,0.0,0.0,0.0478186956521739,0.55665,0.0565217391304347,0.0,0.0,0.0,0.0413010217391304,0.6948274999999999,0.2409499999984632,0,ood:6232:88-1:agg:d0.500,C:\Users\Binich\PycharmProjects\PredictionRTS\output\learner_results\all_data\synergy\sce3m_synergy_run_0079\final_eval\eval_run_0079_web_batch_20260622_141137,web_batch_20260622_141137,1.5915362819573846e-05,-0.0007928686318436643,-0.0002658332785797,-0.0002481887586801,1.2573509818836622e-06,1.4658011837690183e-05,-0.0002751986434599,-1.9563313943538177e-05,9.552062600708468e-05,8.003473271361975e-06,66.0,1.5915362819573846e-05,72.0,0.23892409594212405,-0.5039785227755336,0.0011952579524736051,positive_contribution_fill,40,True
False,repeat_001::ep_162::line_162,Synergy,sce-3m,sce3m_synergy_run_0079,eval_run_0079_web_batch_20260622_141137,repeat_001,162,162,Win,True,66.0,66.0,15.0,66.0,0.0,38562,23,23,21,20,0.8695652173913043,0,0.0,0,2,0.0869565217391304,23,1.0,0.0,0.0,0.0,0.0,0.071795652173913,0.8407,0.0869565217391304,1013.0,1988.0,0.0869565217391304,1.0,2,0.0869565217391304,2,0.0869565217391304,0.0,0.0,0.047625652173913,0.55221,0.0565217391304347,0.0,0.0,0.0,0.041214152173913,0.6932735,0.2463499999976193,0,100431,C:\Users\Binich\PycharmProjects\PredictionRTS\output\learner_results\all_data\synergy\sce3m_synergy_run_0079\final_eval\eval_run_0079_web_batch_20260622_141137,web_batch_20260622_141137,1.2823193352576286e-05,-0.0008110185111519153,-0.0002658332785797,-0.0002481887586801,-1.5057709841253416e-05,1.2823193352576286e-05,-0.0002751986434599,-1.9563313943538177e-05,9.142773708161474e-05,-8.450123150753225e-06,66.0,1.2823193352576286e-05,72.0,0.23892409594212405,-0.5053629140003991,0.0007522527605166307,positive_contribution_fill,41,True
False,repeat_001::ep_210::line_210,Synergy,sce-3m,sce3m_synergy_run_0079,eval_run_0079_web_batch_20260622_141137,repeat_001,210,210,Win,True,66.0,66.0,9.0,66.0,0.0,50028,23,23,22,20,0.8695652173913043,0,0.0,0,2,0.0869565217391304,23,1.0,0.0,0.0,0.0,0.0,0.0717826086956521,0.8399,0.0869565217391304,1059.0,2022.0,0.0869565217391304,1.0,2,0.0869565217391304,2,0.0869565217391304,0.0,0.0,0.0476217391304347,0.55197,0.0565217391304347,0.0,0.0,0.0,0.0412123913043478,0.6931895,0.2405500000008942,0,ood:31058:88-5:agg:d0.500,C:\Users\Binich\PycharmProjects\PredictionRTS\output\learner_results\all_data\synergy\sce3m_synergy_run_0079\final_eval\eval_run_0079_web_batch_20260622_141137,web_batch_20260622_141137,1.2786001085986187e-05,-0.0008119375985981342,-0.0002658332785797,-0.0002481887586801,-1.5939605020882194e-05,1.2786001085986187e-05,-0.0002751986434599,-1.9563313943538177e-05,9.134477311690936e-05,-9.339506741137895e-06,66.0,1.2786001085986187e-05,72.0,0.23892409594212405,-0.5053795653023571,0.000746924343890093,positive_contribution_fill,42,True
False,repeat_001::ep_150::line_150,Synergy,sce-3m,sce3m_synergy_run_0079,eval_run_0079_web_batch_20260622_141137,repeat_001,150,150,Win,True,66.0,66.0,3.0,66.0,0.0,35788,23,23,23,20,0.8695652173913043,0,0.0,0,2,0.0869565217391304,23,1.0,0.0,0.0,0.0,0.0,0.0694173913043478,0.8105,0.0869565217391304,995.0,1978.0,0.0869565217391304,1.0,2,0.0869565217391304,2,0.0869565217391304,0.0,0.0,0.0469121739130434,0.54315,0.0565217391304347,0.0,0.0,0.0,0.0408930869565217,0.6901025000000001,0.2797499999971364,0,ood:100431:88-16:agg:d0.500,C:\Users\Binich\PycharmProjects\PredictionRTS\output\learner_results\all_data\synergy\sce3m_synergy_run_0079\final_eval\eval_run_0079_web_batch_20260622_141137,web_batch_20260622_141137,6.041803410972704e-06,-0.0008510914441245153,-0.0002658332785797,-0.0002481887586801,-4.834925287224974e-05,6.041803410972704e-06,-0.0002751986434599,-1.9563313943538177e-05,7.630064085031719e-05,-4.202435368777192e-05,66.0,6.041803410972704e-06,72.0,0.23892409594212405,-0.5083990013907397,-0.00021929520439234462,positive_contribution_fill,43,True
False,repeat_001::ep_246::line_246,Synergy,sce-3m,sce3m_synergy_run_0079,eval_run_0079_web_batch_20260622_141137,repeat_001,246,246,Win,True,57.0,57.0,-3.0,57.0,0.0,58510,24,24,22,22,0.9166666666666666,0,0.0,0,1,0.0416666666666666,24,1.0,0.0,0.0,0.0,0.0,0.0338041666666666,0.8113,0.0416666666666666,2051.0,2051.0,0.0416666666666666,1.0,1,0.0416666666666666,1,0.0416666666666666,0.0,0.0,0.02264125,0.54339,0.0270833333333333,0.0,0.0,0.0,0.0196677291666666,0.6901865,0.2415999999811902,0,ood:16471:131-1:agg:d0.500,C:\Users\Binich\PycharmProjects\PredictionRTS\output\learner_results\all_data\synergy\sce3m_synergy_run_0079\final_eval\eval_run_0079_web_batch_20260622_141137,web_batch_20260622_141137,0.0030178267242131195,0.0030178267242131195,0.0004680622757815,0.0004369949309275,8.35774948330198e-05,0.0007787213525414,0.0004845522127178,0.0007659184574119,0.000771711503285,7.242783078497027e-05,57.0,0.0030178267242131195,72.0,-0.42068230389809613,0.8400033614297329,-0.017262890993190838,positive_contribution_fill,44,True
False,repeat_001::ep_135::line_135,Synergy,sce-3m,sce3m_synergy_run_0079,eval_run_0079_web_batch_20260622_141137,repeat_001,135,135,Win,True,57.0,57.0,-3.0,57.0,0.0,32218,23,23,22,21,0.9130434782608696,0,0.0,0,1,0.0434782608695652,23,1.0,0.0,0.0,0.0,0.0,0.0352391304347826,0.8105,0.0434782608695652,1967.0,1967.0,0.0434782608695652,1.0,1,0.0434782608695652,1,0.0434782608695652,0.0,0.0,0.0236152173913043,0.54315,0.0282608695652173,0.0,0.0,0.0,0.020518152173913,0.6901025000000001,0.1967000000036023,0,ood:24305:131-2:agg:d0.500,C:\Users\Binich\PycharmProjects\PredictionRTS\output\learner_results\all_data\synergy\sce3m_synergy_run_0079\final_eval\eval_run_0079_web_batch_20260622_141137,web_batch_20260622_141137,0.0029584938404840513,0.0029584938404840513,0.0004680622757815,0.0004369949309275,8.513027959715145e-05,0.0007470945889454,0.0004845522127178,0.0007366595525147,0.0007353523690232,7.399380066497273e-05,57.0,0.0029584938404840513,72.0,-0.42068230389809613,0.813439512178532,-0.025763322753575124,positive_contribution_fill,45,True
False,repeat_001::ep_27::line_27,Synergy,sce-3m,sce3m_synergy_run_0079,eval_run_0079_web_batch_20260622_141137,repeat_001,27,27,Win,True,57.0,57.0,9.0,57.0,0.0,6712,23,23,21,21,0.9130434782608696,0,0.0,0,1,0.0434782608695652,23,1.0,0.0,0.0,0.0,0.0,0.0352869565217391,0.8116,0.0434782608695652,1879.0,1879.0,0.0434782608695652,1.0,1,0.0434782608695652,1,0.0434782608695652,0.0,0.0,0.0236295652173913,0.54348,0.0282608695652173,0.0,0.0,0.0,0.0205246086956521,0.690218,0.2226000000007388,0,ood:16471:131-1:agg:d0.500,C:\Users\Binich\PycharmProjects\PredictionRTS\output\learner_results\all_data\synergy\sce3m_synergy_run_0079\final_eval\eval_run_0079_web_batch_20260622_141137,web_batch_20260622_141137,0.002956118646943371,0.002956118646943371,0.0004680622757815,0.0004369949309275,8.299520054647095e-05,0.0007468544744554,0.0004845522127178,0.0007366595525147,0.0007348167509524,7.184059207996988e-05,57.0,0.002956118646943371,72.0,-0.42068230389809613,0.8123761173257694,-0.026103609106459147,positive_contribution_fill,46,True
False,repeat_001::ep_22::line_22,Synergy,sce-3m,sce3m_synergy_run_0079,eval_run_0079_web_batch_20260622_141137,repeat_001,22,22,Win,True,57.0,57.0,3.0,57.0,0.0,5502,26,26,25,20,0.7692307692307693,0,0.0,0,4,0.1538461538461538,26,1.0,1.2717807692307692,11.1194,0.1538461538461538,0.1538461538461538,0.0153846153846153,0.1,0.0,1.0,1.0,0.0512820512820512,0.3333333333333333,0,0.0,4,0.1538461538461538,0.0,0.0,0.0473124789331878,0.340600679943559,0.0769230769230769,0.0,0.0,0.0,0.0482136924430114,0.6192102379802457,0.2371749999987571,0,80271,C:\Users\Binich\PycharmProjects\PredictionRTS\output\learner_results\all_data\synergy\sce3m_synergy_run_0079\final_eval\eval_run_0079_web_batch_20260622_141137,web_batch_20260622_141137,0.0027852209413946,0.0020298559533189,0.0004680622757815,0.0004369949309275,0.0013956115219678,-0.0002828873109899,0.0004845522127178,-0.0004724776770858,-0.0001492890694184,0.0013956026940955,57.0,0.0027852209413946,72.0,-0.42068230389809613,0.7358637248335504,-0.05058757470396924,positive_contribution_fill,47,True
False,repeat_001::ep_237::line_237,Synergy,sce-3m,sce3m_synergy_run_0079,eval_run_0079_web_batch_20260622_141137,repeat_001,237,237,Win,True,60.0,60.0,15.0,60.0,0.0,56452,23,23,21,19,0.8260869565217391,0,0.0,0,2,0.0869565217391304,23,1.0,1.1885,15.8296,0.0869565217391304,0.0869565217391304,0.008695652173913,0.1,0.0,1.0,1.0,0.0289855072463768,0.3333333333333333,0,0.0,2,0.0869565217391304,0.0,0.0,0.0312671060603083,0.3751389103973735,0.0434782608695652,0.0,0.0,0.0,0.0292875890314865,0.6312986186390808,0.27519999999015,0,6232,C:\Users\Binich\PycharmProjects\PredictionRTS\output\learner_results\all_data\synergy\sce3m_synergy_run_0079\final_eval\eval_run_0079_web_batch_20260622_141137,web_batch_20260622_141137,0.0015949613108317002,0.0015949613108317002,0.0002234304243277,0.000208600367725,0.0005595286996568,0.0002009480001023,0.0002313019273252,0.0001711518916947,0.0002146651789497,0.0005586187291487,60.0,0.0015949613108317002,72.0,-0.20081350395135605,0.20297411271829321,-0.0716014666170683,positive_contribution_fill,48,True
False,repeat_001::ep_289::line_289,Synergy,sce-3m,sce3m_synergy_run_0079,eval_run_0079_web_batch_20260622_141137,repeat_001,289,289,Win,True,60.0,60.0,9.0,60.0,0.0,68556,28,28,21,26,0.9285714285714286,0,0.0,0,1,0.0357142857142857,28,1.0,0.0,0.0,0.0,0.0,0.0289785714285714,0.8114,0.0357142857142857,2084.0,2084.0,0.0357142857142857,1.0,1,0.0357142857142857,1,0.0357142857142857,0.0,0.0,0.0194078571428571,0.54342,0.0232142857142857,0.0,0.0,0.0,0.0168585357142857,0.690197,0.232600000003913,0,ood:85627:88-13:agg:d0.500,C:\Users\Binich\PycharmProjects\PredictionRTS\output\learner_results\all_data\synergy\sce3m_synergy_run_0079\final_eval\eval_run_0079_web_batch_20260622_141137,web_batch_20260622_141137,0.001536233693127714,0.001536233693127714,0.0002234304243277,0.000208600367725,3.980322422661385e-05,0.0004215942104544,0.0002313019273252,0.0004115035390688,0.0004259970373317,3.448012398378367e-05,60.0,0.001536233693127714,72.0,-0.20081350395135605,0.17668124634263527,-0.08001518385727885,positive_contribution_fill,49,True
False,repeat_001::ep_67::line_67,Synergy,sce-3m,sce3m_synergy_run_0079,eval_run_0079_web_batch_20260622_141137,repeat_001,67,67,Win,True,60.0,60.0,9.0,60.0,0.0,16142,24,24,24,21,0.875,0,0.0,0,2,0.0833333333333333,24,1.0,0.0,0.0,0.0,0.0,0.0337875,0.8109,0.0416666666666666,1911.0,1911.0,0.0416666666666666,1.0,1,0.0416666666666666,1,0.0416666666666666,0.0,0.0,0.0226362499999999,0.5432699999999999,0.0270833333333333,0.0,0.0,0.0,0.0196654791666666,0.6901444999999999,0.2489000000025498,0,ood:6232:88-1:agg:d0.500,C:\Users\Binich\PycharmProjects\PredictionRTS\output\learner_results\all_data\synergy\sce3m_synergy_run_0079\final_eval\eval_run_0079_web_batch_20260622_141137,web_batch_20260622_141137,0.001440975925509913,0.001440975925509913,0.0002234304243277,0.000208600367725,4.026648971591295e-05,0.0003717640729826,0.0002313019273252,0.0003656126434335,0.0003684670650007,3.4947323185788145e-05,60.0,0.001440975925509913,72.0,-0.20081350395135605,0.13403351341666106,-0.09366245839359058,positive_contribution_fill,50,True
False,repeat_001::ep_49::line_49,Synergy,sce-3m,sce3m_synergy_run_0079,eval_run_0079_web_batch_20260622_141137,repeat_001,49,49,Win,True,60.0,60.0,9.0,60.0,0.0,11926,24,24,23,22,0.9166666666666666,0,0.0,0,1,0.0416666666666666,24,1.0,0.0,0.0,0.0,0.0,0.0338041666666666,0.8113,0.0416666666666666,1895.0,1895.0,0.0416666666666666,1.0,1,0.0416666666666666,1,0.0416666666666666,0.0,0.0,0.02264125,0.54339,0.0270833333333333,0.0,0.0,0.0,0.0196677291666666,0.6901865,0.2351999999987697,0,ood:41954:88-6:agg:d0.500,C:\Users\Binich\PycharmProjects\PredictionRTS\output\learner_results\all_data\synergy\sce3m_synergy_run_0079\final_eval\eval_run_0079_web_batch_20260622_141137,web_batch_20260622_141137,0.001440565370094573,0.001440565370094573,0.0002234304243277,0.000208600367725,3.989587732447288e-05,0.0003717241299587,0.0002313019273252,0.0003656126434335,0.0003683779649827,3.4573563824184426e-05,60.0,0.001440565370094573,72.0,-0.20081350395135605,0.13384970417839523,-0.09372127734983565,positive_contribution_fill,51,True
False,repeat_001::ep_273::line_273,Synergy,sce-3m,sce3m_synergy_run_0079,eval_run_0079_web_batch_20260622_141137,repeat_001,273,273,Win,True,60.0,60.0,3.0,60.0,0.0,64844,24,24,21,22,0.9166666666666666,0,0.0,0,1,0.0416666666666666,24,1.0,0.0,0.0,0.0,0.0,0.0338041666666666,0.8113,0.0416666666666666,2071.0,2071.0,0.0416666666666666,1.0,1,0.0416666666666666,1,0.0416666666666666,0.0,0.0,0.02264125,0.54339,0.0270833333333333,0.0,0.0,0.0,0.0196677291666666,0.6901865,0.2365999999938139,0,ood:102845:88-20:agg:d0.500,C:\Users\Binich\PycharmProjects\PredictionRTS\output\learner_results\all_data\synergy\sce3m_synergy_run_0079\final_eval\eval_run_0079_web_batch_20260622_141137,web_batch_20260622_141137,0.001440565370094573,0.001440565370094573,0.0002234304243277,0.000208600367725,3.989587732447288e-05,0.0003717241299587,0.0002313019273252,0.0003656126434335,0.0003683779649827,3.4573563824184426e-05,60.0,0.001440565370094573,72.0,-0.20081350395135605,0.13384970417839523,-0.09372127734983565,positive_contribution_fill,52,True
False,repeat_001::ep_189::line_189,Synergy,sce-3m,sce3m_synergy_run_0079,eval_run_0079_web_batch_20260622_141137,repeat_001,189,189,Win,True,60.0,60.0,3.0,60.0,0.0,45116,23,23,23,21,0.9130434782608696,0,0.0,0,1,0.0434782608695652,23,1.0,0.0,0.0,0.0,0.0,0.0352565217391304,0.8109,0.0434782608695652,2007.0,2007.0,0.0434782608695652,1.0,1,0.0434782608695652,1,0.0434782608695652,0.0,0.0,0.0236204347826086,0.5432699999999999,0.0282608695652173,0.0,0.0,0.0,0.0205204999999999,0.6901444999999999,0.230200000004288,0,ood:6232:88-1:agg:d0.500,C:\Users\Binich\PycharmProjects\PredictionRTS\output\learner_results\all_data\synergy\sce3m_synergy_run_0079\final_eval\eval_run_0079_web_batch_20260622_141137,web_batch_20260622_141137,0.0014118304122740129,0.0014118304122740129,0.0002234304243277,0.000208600367725,4.026648971591295e-05,0.0003565853540704,0.0002313019273252,0.0003516458491098,0.0003509288886332,3.4947323185788145e-05,60.0,0.0014118304122740129,72.0,-0.20081350395135605,0.12098481307904328,-0.09783804250162828,positive_contribution_fill,53,True
False,repeat_001::ep_35::line_35,Synergy,sce-3m,sce3m_synergy_run_0079,eval_run_0079_web_batch_20260622_141137,repeat_001,35,35,Win,True,60.0,60.0,3.0,60.0,0.0,8578,23,23,21,20,0.8695652173913043,0,0.0,0,2,0.0869565217391304,23,1.0,0.0,0.0,0.0,0.0,0.0352782608695652,0.8114,0.0434782608695652,1886.0,1886.0,0.0434782608695652,1.0,1,0.0434782608695652,1,0.0434782608695652,0.0,0.0,0.0236269565217391,0.54342,0.0282608695652173,0.0,0.0,0.0,0.0205234347826086,0.690197,0.2404999999967572,0,ood:22301:134-2:agg:d0.500,C:\Users\Binich\PycharmProjects\PredictionRTS\output\learner_results\all_data\synergy\sce3m_synergy_run_0079\final_eval\eval_run_0079_web_batch_20260622_141137,web_batch_20260622_141137,0.0014113150471883138,0.0014113150471883138,0.0002234304243277,0.000208600367725,3.980322422661385e-05,0.000356533254474,0.0002313019273252,0.0003516458491098,0.0003508126712184,3.448012398378367e-05,60.0,0.0014113150471883138,72.0,-0.20081350395135605,0.12075407963773012,-0.0979118772028485,positive_contribution_fill,54,True
False,repeat_001::ep_276::line_276,Synergy,sce-3m,sce3m_synergy_run_0079,eval_run_0079_web_batch_20260622_141137,repeat_001,276,276,Win,True,60.0,60.0,15.0,60.0,0.0,65510,23,23,22,21,0.9130434782608696,0,0.0,0,1,0.0434782608695652,23,1.0,0.0,0.0,0.0,0.0,0.0371260869565217,0.8539,0.0434782608695652,33.0,33.0,0.0434782608695652,1.0,1,0.0434782608695652,1,0.0434782608695652,0.0,0.0,0.024181304347826,0.55617,0.0282608695652173,0.0,0.0,0.0,0.0207728913043478,0.6946595,0.2479000000050746,0,96156,C:\Users\Binich\PycharmProjects\PredictionRTS\output\learner_results\all_data\synergy\sce3m_synergy_run_0079\final_eval\eval_run_0079_web_batch_20260622_141137,web_batch_20260622_141137,0.001367509014908298,0.001367509014908298,0.0002234304243277,0.000208600367725,4.256576361976924e-07,0.0003521047887844,0.0002313019273252,0.0003516458491098,0.0003409341909629,-5.231808186572073e-06,60.0,0.001367509014908298,72.0,-0.20081350395135605,0.10114173712808261,-0.10418782680593569,positive_contribution_fill,55,True
False,repeat_001::ep_100::line_100,Synergy,sce-3m,sce3m_synergy_run_0079,eval_run_0079_web_batch_20260622_141137,repeat_001,100,100,Win,True,63.0,63.0,15.0,63.0,0.0,23958,25,25,22,16,0.64,0,0.0,1,6,0.24,25,1.0,0.678364,10.9351,0.16,0.16,0.095764,0.8857,0.12,279.7142857142857,1938.0,0.1733333333333333,1.0,3,0.12,6,0.24,0.0,0.0,0.0971131818009817,0.7746433225062217,0.152,0.0,0.0,0.0,0.0969009318104417,0.7711251628771776,0.2246500000021948,0,80271,C:\Users\Binich\PycharmProjects\PredictionRTS\output\learner_results\all_data\synergy\sce3m_synergy_run_0079\final_eval\eval_run_0079_web_batch_20260622_141137,web_batch_20260622_141137,0.0002647158732033116,0.00020177189253240622,-2.1201427125991167e-05,-1.97941954775553e-05,6.398612778854165e-05,9.482929029506992e-05,-2.1948358067358903e-05,0.0001059004551197,9.09726836487022e-05,6.506663411714e-05,63.0,0.0002647158732033116,72.0,0.019055295995383994,-0.39258836547870374,-0.11267067567632409,positive_contribution_fill,56,True
False,repeat_001::ep_68::line_68,Synergy,sce-3m,sce3m_synergy_run_0079,eval_run_0079_web_batch_20260622_141137,repeat_001,68,68,Win,True,57.0,57.0,3.0,57.0,0.0,16424,29,29,27,26,0.896551724137931,0,0.0,0,2,0.0689655172413793,29,1.0,0.3785275862068965,10.9773,0.0344827586206896,0.0344827586206896,0.0314137931034482,0.811,0.0344827586206896,956.5,1912.0,0.0459770114942528,1.0,1,0.0344827586206896,2,0.0689655172413793,0.0,0.0,0.0304350927940662,0.7526176910279206,0.0396551724137931,0.0,0.0,0.0,0.0275751021021573,0.7634161918597722,0.2410999999966634,0,80271,C:\Users\Binich\PycharmProjects\PredictionRTS\output\learner_results\all_data\synergy\sce3m_synergy_run_0079\final_eval\eval_run_0079_web_batch_20260622_141137,web_batch_20260622_141137,0.0023277988269175,0.0010576864431560001,0.0004680622757815,0.0004369949309275,-0.0012701123837615,0.0004846505050164,0.0004845522127178,0.0004535389024743,0.000480759897415,-0.001292756595099,57.0,0.0023277988269175,72.0,-0.42068230389809613,0.5310718568262609,-0.1161209724663019,positive_contribution_fill,57,True
False,repeat_001::ep_110::line_110,Synergy,sce-3m,sce3m_synergy_run_0079,eval_run_0079_web_batch_20260622_141137,repeat_001,110,110,Win,True,63.0,63.0,9.0,63.0,0.0,26358,24,24,24,18,0.75,0,0.0,0,5,0.2083333333333333,24,1.0,0.865875,10.7357,0.125,0.125,0.0839874999999999,0.9049,0.0833333333333333,391.6,1945.0,0.125,1.0,2,0.0833333333333333,5,0.2083333333333333,0.0,0.0,0.0824683323535176,0.7785659745752493,0.1166666666666666,0.0,0.0,0.0,0.0779440828924162,0.7724980911013373,0.2238600000026736,0,80271,C:\Users\Binich\PycharmProjects\PredictionRTS\output\learner_results\all_data\synergy\sce3m_synergy_run_0079\final_eval\eval_run_0079_web_batch_20260622_141137,web_batch_20260622_141137,0.00019416425400856666,0.0001312202733376613,-2.1201427125991167e-05,-1.97941954775553e-05,6.513571325284346e-05,6.289572891934718e-05,-2.1948358067358903e-05,6.613281183637602e-05,6.620898650962768e-05,6.622598102288536e-05,63.0,0.00019416425400856666,72.0,0.019055295995383994,-0.42417494039178455,-0.12277837964850995,positive_contribution_fill,58,True
False,repeat_001::ep_107::line_107,Synergy,sce-3m,sce3m_synergy_run_0079,eval_run_0079_web_batch_20260622_141137,repeat_001,107,107,Win,True,63.0,63.0,-3.0,63.0,0.0,25672,27,27,23,22,0.8148148148148148,0,0.0,0,4,0.1481481481481481,27,1.0,0.4011111111111111,5.415,0.074074074074074,0.074074074074074,0.0622,0.8252,0.074074074074074,5.5,12.0,0.0987654320987654,1.0,2,0.074074074074074,4,0.1481481481481481,0.0,0.0,0.0586979620619646,0.688072487836523,0.0851851851851851,0.0,0.0,0.0,0.0562288977426989,0.740825370742783,0.2360750000001132,0,81492,C:\Users\Binich\PycharmProjects\PredictionRTS\output\learner_results\all_data\synergy\sce3m_synergy_run_0079\final_eval\eval_run_0079_web_batch_20260622_141137,web_batch_20260622_141137,9.563145738296751e-05,3.268747671206214e-05,-2.1201427125991167e-05,-1.97941954775553e-05,3.861539099683079e-05,2.631564112298824e-05,-2.1948358067358903e-05,3.070042526314848e-05,2.6014496774835158e-05,3.948046752985302e-05,63.0,9.563145738296751e-05,72.0,0.019055295995383994,-0.46828893235303026,-0.13689485707610854,positive_contribution_fill,59,True
False,repeat_001::ep_59::line_59,Synergy,sce-3m,sce3m_synergy_run_0079,eval_run_0079_web_batch_20260622_141137,repeat_001,59,59,Win,True,63.0,63.0,6.0,63.0,0.0,14266,24,24,23,21,0.875,0,0.0,0,2,0.0833333333333333,24,1.0,0.2144916666666666,5.1478,0.0416666666666666,0.0416666666666666,0.0379625,0.8111,0.0416666666666666,953.0,1905.0,0.0555555555555555,1.0,1,0.0416666666666666,2,0.0833333333333333,0.0,0.0,0.0337193854718176,0.6792652513236246,0.0479166666666666,0.0,0.0,0.0,0.0319445567956512,0.7377428379632686,0.2476499999986003,0,ood:4155:83-1:agg:d0.500,C:\Users\Binich\PycharmProjects\PredictionRTS\output\learner_results\all_data\synergy\sce3m_synergy_run_0079\final_eval\eval_run_0079_web_batch_20260622_141137,web_batch_20260622_141137,3.603431296652622e-05,-5.274722654376239e-05,-2.1201427125991167e-05,-1.97941954775553e-05,3.603431296652622e-05,-1.4592291173931492e-05,-2.1948358067358903e-05,-1.1245267665451743e-05,-1.622300849024562e-05,3.687747286713056e-05,63.0,3.603431296652622e-05,72.0,0.019055295995383994,-0.4949710934175326,-0.14543314861674933,positive_contribution_fill,60,True
False,repeat_001::ep_234::line_234,Synergy,sce-3m,sce3m_synergy_run_0079,eval_run_0079_web_batch_20260622_141137,repeat_001,234,234,Win,True,63.0,63.0,3.0,63.0,0.0,55736,27,27,26,24,0.8888888888888888,0,0.0,0,2,0.074074074074074,27,1.0,0.1761444444444444,4.7559,0.037037037037037,0.037037037037037,0.0343222222222222,0.8267,0.037037037037037,7.0,13.0,0.0493827160493827,1.0,1,0.037037037037037,2,0.074074074074074,0.0,0.0,0.0298863700194749,0.6769319905258235,0.0425925925925925,0.0,0.0,0.0,0.0283562739161711,0.7369261966840382,0.2319999999969013,0,81492,C:\Users\Binich\PycharmProjects\PredictionRTS\output\learner_results\all_data\synergy\sce3m_synergy_run_0079\final_eval\eval_run_0079_web_batch_20260622_141137,web_batch_20260622_141137,3.535051979538167e-05,-6.546786591887343e-05,-2.1201427125991167e-05,-1.97941954775553e-05,3.535051979538167e-05,-2.06368955309551e-05,-2.1948358067358903e-05,-1.7237509512394638e-05,-2.270444308141141e-05,3.618787342302332e-05,63.0,3.535051979538167e-05,72.0,0.019055295995383994,-0.4952772335808901,-0.1455311134690237,positive_contribution_fill,61,True
False,repeat_001::ep_126::line_126,Synergy,sce-3m,sce3m_synergy_run_0079,eval_run_0079_web_batch_20260622_141137,repeat_001,126,126,Win,True,63.0,63.0,3.0,63.0,0.0,30150,24,24,24,20,0.8333333333333334,0,0.0,0,3,0.125,24,1.0,0.203175,4.8762,0.0416666666666666,0.0416666666666666,0.0379291666666666,0.8103,0.0416666666666666,653.0,1958.0,0.0555555555555555,1.0,1,0.0416666666666666,3,0.125,0.0,0.0,0.0335085053586713,0.6742041286081122,0.0541666666666666,0.0,0.0,0.0,0.0340371607447354,0.7359714450128393,0.2187666666676098,0,ood:4155:83-1:agg:d0.500,C:\Users\Binich\PycharmProjects\PredictionRTS\output\learner_results\all_data\synergy\sce3m_synergy_run_0079\final_eval\eval_run_0079_web_batch_20260622_141137,web_batch_20260622_141137,3.455108350737036e-05,-4.367101106524803e-05,-2.1201427125991167e-05,-1.97941954775553e-05,3.455108350737036e-05,-1.1067217100063806e-05,-2.1948358067358903e-05,-4.210896801649214e-06,-1.6579596058683485e-05,3.538164890503206e-05,63.0,3.455108350737036e-05,72.0,0.019055295995383994,-0.4956351481757317,-0.14564564613937303,positive_contribution_fill,62,True
False,repeat_001::ep_228::line_228,Synergy,sce-3m,sce3m_synergy_run_0079,eval_run_0079_web_batch_20260622_141137,repeat_001,228,228,Win,True,63.0,63.0,-3.0,63.0,0.0,54264,23,23,20,20,0.8695652173913043,0,0.0,0,2,0.0869565217391304,23,1.0,0.0,0.0,0.0,0.0,0.0714434782608695,0.8319,0.0869565217391304,1025.5,2037.0,0.0869565217391304,1.0,2,0.0869565217391304,2,0.0869565217391304,0.0,0.0,0.04752,0.54957,0.0565217391304347,0.0,0.0,0.0,0.0411666086956521,0.6923495,0.2283000000034007,0,101551,C:\Users\Binich\PycharmProjects\PredictionRTS\output\learner_results\all_data\synergy\sce3m_synergy_run_0079\final_eval\eval_run_0079_web_batch_20260622_141137,web_batch_20260622_141137,9.426198037444676e-07,-6.553623399531579e-05,-2.1201427125991167e-05,-1.97941954775553e-05,-1.974608825909528e-06,9.426198037444676e-07,-2.1948358067358903e-05,-1.5602643022453651e-06,7.113130248155607e-06,-1.4541929716858142e-06,63.0,9.426198037444676e-07,72.0,0.019055295995383994,-0.5106819503413609,-0.15046062283237438,positive_contribution_fill,63,True
False,repeat_001::ep_38::line_38,Synergy,sce-3m,sce3m_synergy_run_0079,eval_run_0079_web_batch_20260622_141137,repeat_001,38,38,Win,True,54.0,54.0,9.0,54.0,0.0,9304,25,25,22,22,0.88,0,0.0,0,2,0.08,25,1.0,0.208148,5.2037,0.04,0.04,0.036456,0.8114,0.04,944.5,1888.0,0.0533333333333333,1.0,1,0.04,2,0.08,0.0,0.0,0.0324130459138236,0.6803261478455902,0.046,0.0,0.0,0.0,0.0306858706612206,0.7381141517459565,0.2391999999993288,0,ood:22282:88-4:agg:d0.500,C:\Users\Binich\PycharmProjects\PredictionRTS\output\learner_results\all_data\synergy\sce3m_synergy_run_0079\final_eval\eval_run_0079_web_batch_20260622_141137,web_batch_20260622_141137,0.0031282158627436002,0.0019064572183681,0.0007126941272352,0.0006653894941301,-0.0012217586443755,0.0005618004004092,0.0007378024981104,0.0004505293428587,0.000619597504673,-0.0012501905340088,54.0,0.0031282158627436002,72.0,-0.6405511038448362,0.8894255410137163,-0.15095857749009944,positive_contribution_fill,64,True
False,repeat_001::ep_132::line_132,Synergy,sce-3m,sce3m_synergy_run_0079,eval_run_0079_web_batch_20260622_141137,repeat_001,132,132,Win,True,60.0,60.0,15.0,60.0,0.0,31532,23,23,23,19,0.8260869565217391,0,0.0,0,2,0.0869565217391304,23,1.0,0.0015826086956521,0.0364,0.0434782608695652,0.0,0.0431130434782608,0.8104,0.0869565217391304,983.0,1964.0,0.072463768115942,1.0,1,0.0434782608695652,2,0.0869565217391304,0.0,0.0,0.0347361182339761,0.5445707193814515,0.0456521739130434,0.0,0.0,0.0,0.0316095140748544,0.6905997517835081,0.2864499999972736,0,ood:41954:88-6:agg:d0.500,C:\Users\Binich\PycharmProjects\PredictionRTS\output\learner_results\all_data\synergy\sce3m_synergy_run_0079\final_eval\eval_run_0079_web_batch_20260622_141137,web_batch_20260622_141137,0.0010046771905271865,0.0010046771905271865,0.0002234304243277,0.000208600367725,3.62493003779864e-05,0.0001597281301359,0.0002313019273252,0.0001453670406354,0.0001528473695324,3.089602280548439e-05,60.0,0.0010046771905271865,72.0,-0.20081350395135605,-0.06130123345816041,-0.15616957739353346,positive_contribution_fill,65,True
False,repeat_001::ep_159::line_159,Synergy,sce-3m,sce3m_synergy_run_0079,eval_run_0079_web_batch_20260622_141137,repeat_001,159,159,Win,True,60.0,60.0,9.0,60.0,0.0,37856,25,25,25,22,0.88,0,0.0,0,2,0.08,25,1.0,0.195384,4.8846,0.04,0.04,0.036424,0.8106,0.04,993.5,1986.0,0.0533333333333333,1.0,1,0.04,2,0.08,0.0,0.0,0.0321778348843771,0.6744458721094285,0.046,0.0,0.0,0.0,0.0305800256979697,0.7360560552383,0.2328500000174926,0,ood:22282:88-4:agg:d0.500,C:\Users\Binich\PycharmProjects\PredictionRTS\output\learner_results\all_data\synergy\sce3m_synergy_run_0079\final_eval\eval_run_0079_web_batch_20260622_141137,web_batch_20260622_141137,0.000982578260117,0.0006177163859863,0.0002234304243277,0.000208600367725,-0.0003648618741307,0.0001780040762731,0.0002313019273252,0.000141241464466,0.0001984359880277,-0.0003736210952923,60.0,0.000982578260117,72.0,-0.20081350395135605,-0.07119511723953094,-0.15933562020357203,positive_contribution_fill,66,True
False,repeat_001::ep_263::line_263,Synergy,sce-3m,sce3m_synergy_run_0079,eval_run_0079_web_batch_20260622_141137,repeat_001,263,263,Win,True,60.0,60.0,3.0,60.0,0.0,62524,24,24,24,21,0.875,0,0.0,0,2,0.0833333333333333,24,1.0,0.1104375,2.6505,0.0416666666666666,0.0416666666666666,0.0379708333333333,0.8113,0.0416666666666666,1032.5,2064.0,0.0555555555555555,1.0,1,0.0416666666666666,2,0.0833333333333333,0.0,0.0,0.0315498735063172,0.6271969641516146,0.0479166666666666,0.0,0.0,0.0,0.0309682764111761,0.719518937453065,0.2331999999967138,0,ood:22282:88-4:agg:d0.500,C:\Users\Binich\PycharmProjects\PredictionRTS\output\learner_results\all_data\synergy\sce3m_synergy_run_0079\final_eval\eval_run_0079_web_batch_20260622_141137,web_batch_20260622_141137,0.0009529522130979,0.0007340155953933001,0.0002234304243277,0.000208600367725,-0.0002189366177046,0.000171111672938,0.0002313019273252,0.000118507820782,0.0002096262620443,-0.0002264567480026,60.0,0.0009529522130979,72.0,-0.20081350395135605,-0.08445895674070798,-0.16358004884394867,positive_contribution_fill,67,True
False,repeat_001::ep_149::line_149,Synergy,sce-3m,sce3m_synergy_run_0079,eval_run_0079_web_batch_20260622_141137,repeat_001,149,149,Win,True,60.0,60.0,3.0,60.0,0.0,35566,28,28,24,25,0.8928571428571429,0,0.0,0,2,0.0714285714285714,28,1.0,0.0,0.0,0.0,0.0,0.0591392857142857,0.8453,0.0714285714285714,1017.0,1977.0,0.0714285714285714,1.0,2,0.0714285714285714,2,0.0714285714285714,0.0,0.0,0.0391703571428571,0.55359,0.0464285714285714,0.0,0.0,0.0,0.0338766607142857,0.6937565,0.2308499999941204,0,85627,C:\Users\Binich\PycharmProjects\PredictionRTS\output\learner_results\all_data\synergy\sce3m_synergy_run_0079\final_eval\eval_run_0079_web_batch_20260622_141137,web_batch_20260622_141137,0.0009273654200103406,0.0009273654200103406,0.0002234304243277,0.000208600367725,8.393824052140548e-06,0.0001194807113232,0.0002313019273252,0.0001361581652571,7.382921622048063e-05,2.80401808789997e-06,60.0,0.0009273654200103406,72.0,-0.20081350395135605,-0.0959143870464931,-0.16724578654179992,positive_contribution_fill,68,True
False,repeat_001::ep_134::line_134,Synergy,sce-3m,sce3m_synergy_run_0079,eval_run_0079_web_batch_20260622_141137,repeat_001,134,134,Win,True,60.0,60.0,-3.0,60.0,0.0,31996,24,24,23,21,0.875,0,0.0,0,2,0.0833333333333333,24,1.0,0.658375,15.801,0.0416666666666666,0.0416666666666666,0.0379333333333333,0.8104,0.0416666666666666,983.5,1966.0,0.0555555555555555,1.0,1,0.0416666666666666,2,0.0833333333333333,0.0,0.0,0.0382536353888092,0.7880872493314213,0.0479166666666666,0.0,0.0,0.0,0.0339849692582974,0.7758305372659975,0.2410000000026002,0,31058,C:\Users\Binich\PycharmProjects\PredictionRTS\output\learner_results\all_data\synergy\sce3m_synergy_run_0079\final_eval\eval_run_0079_web_batch_20260622_141137,web_batch_20260622_141137,0.0008993985089238,0.0001835624466374001,0.0002234304243277,0.000208600367725,-0.0007158360622864,0.0001175579687639,0.0002313019273252,0.000118507820782,9.016520117624694e-05,-0.0007275755003108,60.0,0.0008993985089238,72.0,-0.20081350395135605,-0.10843541692794885,-0.17125251610386577,positive_contribution_fill,69,True
False,repeat_001::ep_137::line_137,Synergy,sce-3m,sce3m_synergy_run_0079,eval_run_0079_web_batch_20260622_141137,repeat_001,137,137,Win,True,60.0,60.0,9.0,60.0,0.0,32702,27,27,23,24,0.8888888888888888,0,0.0,0,2,0.074074074074074,27,1.0,0.0,0.0,0.0,0.0,0.0615777777777777,0.8521,0.074074074074074,1000.0,1968.0,0.074074074074074,1.0,2,0.074074074074074,2,0.074074074074074,0.0,0.0,0.0406955555555555,0.55563,0.0481481481481481,0.0,0.0,0.0,0.0351648518518518,0.6944705,0.2407500000032314,0,96156,C:\Users\Binich\PycharmProjects\PredictionRTS\output\learner_results\all_data\synergy\sce3m_synergy_run_0079\final_eval\eval_run_0079_web_batch_20260622_141137,web_batch_20260622_141137,0.0008778005004722154,0.0008778005004722154,0.0002234304243277,0.000208600367725,2.093413397674081e-06,9.66121560552413e-05,0.0002313019273252,0.0001157622116414,4.665017501808607e-05,-3.5498910593567126e-06,60.0,0.0008778005004722154,72.0,-0.20081350395135605,-0.11810503358190856,-0.17434679343313286,positive_contribution_fill,70,True
False,repeat_001::ep_102::line_102,Synergy,sce-3m,sce3m_synergy_run_0079,eval_run_0079_web_batch_20260622_141137,repeat_001,102,102,Win,True,54.0,54.0,3.0,54.0,0.0,24432,24,24,23,19,0.7916666666666666,0,0.0,0,3,0.125,24,1.0,0.2796875,6.7125,0.0416666666666666,0.0416666666666666,0.0379458333333333,0.8107,0.0416666666666666,970.5,1940.0,0.0555555555555555,1.0,1,0.0416666666666666,2,0.0833333333333333,0.0,0.0,0.0347445079157317,0.7038681899775617,0.0479166666666666,0.0,0.0,0.0,0.0324058618954126,0.7463538664921465,0.2190499999912276,0,ood:22282:88-4:agg:d0.500,C:\Users\Binich\PycharmProjects\PredictionRTS\output\learner_results\all_data\synergy\sce3m_synergy_run_0079\final_eval\eval_run_0079_web_batch_20260622_141137,web_batch_20260622_141137,0.0029583035298856,0.0015046219538001999,0.0007126941272352,0.0006653894941301,-0.0014536815760854,0.0004644034127328,0.0007378024981104,0.0003780139976771,0.0004870727530522,-0.0014840827861282,54.0,0.0029583035298856,72.0,-0.6405511038448362,0.8133543084646648,-0.17530137190579587,positive_contribution_fill,71,True
False,repeat_001::ep_155::line_155,Synergy,sce-3m,sce3m_synergy_run_0079,eval_run_0079_web_batch_20260622_141137,repeat_001,155,155,Win,True,60.0,60.0,21.0,60.0,0.0,36928,23,23,21,20,0.8695652173913043,0,0.0,0,2,0.0869565217391304,23,1.0,0.5188739130434783,11.9341,0.0434782608695652,0.0434782608695652,0.0395869565217391,0.8105,0.0434782608695652,992.0,1983.0,0.0579710144927536,1.0,1,0.0434782608695652,2,0.0869565217391304,0.0,0.0,0.0387298066857581,0.7607855537724366,0.0499999999999999,0.0,0.0,0.0,0.0349284130085911,0.7662749438203528,0.2440999999890891,0,6232,C:\Users\Binich\PycharmProjects\PredictionRTS\output\learner_results\all_data\synergy\sce3m_synergy_run_0079\final_eval\eval_run_0079_web_batch_20260622_141137,web_batch_20260622_141137,0.0008579395838875167,0.00022642307727991674,0.0002234304243277,0.000208600367725,-0.0006315165066076,0.0001008095259927,0.0002313019273252,9.379733851691672e-05,8.167982695121442e-05,-0.000642539964454,60.0,0.0008579395838875167,72.0,-0.20081350395135605,-0.12699693906480586,-0.17719220318766,positive_contribution_fill,72,True
False,repeat_001::ep_164::line_164,Synergy,sce-3m,sce3m_synergy_run_0079,eval_run_0079_web_batch_20260622_141137,repeat_001,164,164,Win,True,57.0,57.0,9.0,57.0,0.0,39036,23,23,22,20,0.8695652173913043,0,0.0,0,2,0.0869565217391304,23,1.0,0.2085130434782608,4.7958,0.0434782608695652,0.0434782608695652,0.039595652173913,0.8107,0.0434782608695652,995.5,1990.0,0.0579710144927536,1.0,1,0.0434782608695652,2,0.0869565217391304,0.0,0.0,0.0349070873755595,0.6728630096378703,0.0499999999999999,0.0,0.0,0.0,0.0332081893190018,0.7355020533732546,0.2760499999965304,0,ood:16471:131-1:agg:d0.500,C:\Users\Binich\PycharmProjects\PredictionRTS\output\learner_results\all_data\synergy\sce3m_synergy_run_0079\final_eval\eval_run_0079_web_batch_20260622_141137,web_batch_20260622_141137,0.0018612636655175,0.0011071590073005,0.0004680622757815,0.0004369949309275,-0.000754104658217,0.0002751590916794,0.0004845522127178,0.0001964951544113,0.0003138160624794,-0.0007723673082406,57.0,0.0018612636655175,72.0,-0.42068230389809613,0.32219999827301316,-0.18295996720334118,positive_contribution_fill,73,True
False,repeat_001::ep_29::line_29,Synergy,sce-3m,sce3m_synergy_run_0079,eval_run_0079_web_batch_20260622_141137,repeat_001,29,29,Win,True,60.0,60.0,3.0,60.0,0.0,7186,24,24,24,21,0.875,0,0.0,0,2,0.0833333333333333,24,1.0,0.0,0.0,0.0,0.0,0.0557125,0.8117,0.0833333333333333,943.5,1881.0,0.0833333333333333,1.0,2,0.0833333333333333,2,0.0833333333333333,0.0,0.0,0.0417137499999999,0.5435099999999999,0.0541666666666666,0.0,0.0,0.0,0.0377295208333333,0.6902284999999999,0.2249000000027479,0,ood:22282:88-4:agg:d0.500,C:\Users\Binich\PycharmProjects\PredictionRTS\output\learner_results\all_data\synergy\sce3m_synergy_run_0079\final_eval\eval_run_0079_web_batch_20260622_141137,web_batch_20260622_141137,0.000798317343535866,0.000798317343535866,0.0002234304243277,0.000208600367725,3.952526493303478e-05,5.108298523831987e-05,0.0002313019273252,4.437637398661138e-05,2.850594635432552e-05,3.419980446258139e-05,60.0,0.000798317343535866,72.0,-0.20081350395135605,-0.15369033579826316,-0.18573409014236633,positive_contribution_fill,74,True
False,repeat_001::ep_226::line_226,Synergy,sce-3m,sce3m_synergy_run_0079,eval_run_0079_web_batch_20260622_141137,repeat_001,226,226,Win,True,54.0,54.0,-3.0,54.0,0.0,53810,24,24,21,20,0.8333333333333334,0,0.0,0,2,0.0833333333333333,24,1.0,0.6579541666666667,15.7909,0.0416666666666666,0.0416666666666666,0.0379708333333333,0.8113,0.0416666666666666,1018.0,2035.0,0.0555555555555555,1.0,1,0.0416666666666666,2,0.0833333333333333,0.0,0.0,0.0382623557000725,0.78829653680174,0.0479166666666666,0.0,0.0,0.0,0.0339888933983659,0.775903787880609,0.2512000000081116,0,31058,C:\Users\Binich\PycharmProjects\PredictionRTS\output\learner_results\all_data\synergy\sce3m_synergy_run_0079\final_eval\eval_run_0079_web_batch_20260622_141137,web_batch_20260622_141137,0.0028686620847900002,0.0005832400163072002,0.0007126941272352,0.0006653894941301,-0.0022854220684828,0.0003747619676372,0.0007378024981104,0.0003780139976771,0.0002871115684057,-0.0023228858122517,54.0,0.0028686620847900002,72.0,-0.6405511038448362,0.7732210520894535,-0.18814401394586353,positive_contribution_fill,75,True
False,repeat_001::ep_296::line_296,Synergy,sce-3m,sce3m_synergy_run_0079,eval_run_0079_web_batch_20260622_141137,repeat_001,296,296,Win,True,60.0,60.0,3.0,60.0,0.0,70270,24,24,23,20,0.8333333333333334,0,0.0,0,3,0.125,24,1.0,0.4730375,11.3023,0.0833333333333333,0.0416666666666666,0.0421416666666666,0.8114,0.0416666666666666,697.3333333333334,2090.0,0.0694444444444444,1.0,1,0.0416666666666666,3,0.125,0.0,0.0,0.0424025274527008,0.7556468487440323,0.0541666666666666,0.0,0.0,0.0,0.0380394706870487,0.7644763970604114,0.2424333333408412,0,6232,C:\Users\Binich\PycharmProjects\PredictionRTS\output\learner_results\all_data\synergy\sce3m_synergy_run_0079\final_eval\eval_run_0079_web_batch_20260622_141137,web_batch_20260622_141137,0.000753289707756385,0.0001376437658110851,0.0002234304243277,0.000208600367725,-0.0006156459419453,4.5580614391873776e-05,0.0002313019273252,4.437637398661131e-05,1.6231929668773666e-05,-0.00062653463853,60.0,0.000753289707756385,72.0,-0.20081350395135605,-0.17384960084335843,-0.19218505495679683,positive_contribution_fill,76,True
False,repeat_001::ep_3::line_3,Synergy,sce-3m,sce3m_synergy_run_0079,eval_run_0079_web_batch_20260622_141137,repeat_001,3,3,Win,True,60.0,60.0,3.0,60.0,0.0,714,24,24,24,20,0.8333333333333334,0,0.0,0,2,0.0833333333333333,24,1.0,0.0,0.0,0.0,0.0,0.0688083333333333,0.8391,0.0833333333333333,953.0,1869.0,0.0833333333333333,1.0,2,0.0833333333333333,2,0.0833333333333333,0.0,0.0,0.0456424999999999,0.5517299999999999,0.0541666666666666,0.0,0.0,0.0,0.0394974583333333,0.6931054999999999,0.2167499999998767,0,100431,C:\Users\Binich\PycharmProjects\PredictionRTS\output\learner_results\all_data\synergy\sce3m_synergy_run_0079\final_eval\eval_run_0079_web_batch_20260622_141137,web_batch_20260622_141137,0.0007415451637188449,0.0007415451637188449,0.0002234304243277,0.000208600367725,1.4138316119448873e-05,1.9697754234884625e-05,0.0002313019273252,4.437637398661138e-05,-4.150439278246308e-05,8.597288192752109e-06,60.0,0.0007415451637188449,72.0,-0.20081350395135605,-0.17910773558634346,-0.19386765807455203,positive_contribution_fill,77,True
False,repeat_001::ep_198::line_198,Synergy,sce-3m,sce3m_synergy_run_0079,eval_run_0079_web_batch_20260622_141137,repeat_001,198,198,Win,True,60.0,60.0,9.0,60.0,0.0,47194,24,24,23,21,0.875,0,0.0,0,2,0.0833333333333333,24,1.0,0.0,0.0,0.0,0.0,0.068775,0.8396,0.0833333333333333,1026.0,2013.0,0.0833333333333333,1.0,2,0.0833333333333333,2,0.0833333333333333,0.0,0.0,0.0456325,0.5518799999999999,0.0541666666666666,0.0,0.0,0.0,0.0394929583333333,0.6931579999999999,0.2446999999961008,0,100431,C:\Users\Binich\PycharmProjects\PredictionRTS\output\learner_results\all_data\synergy\sce3m_synergy_run_0079\final_eval\eval_run_0079_web_batch_20260622_141137,web_batch_20260622_141137,0.0007411617842772797,0.0007411617842772797,0.0002234304243277,0.000208600367725,1.3675050630149769e-05,1.9777640282618548e-05,0.0002313019273252,4.437637398661138e-05,-4.132619274648023e-05,8.130088990747978e-06,60.0,0.0007411617842772797,72.0,-0.20081350395135605,-0.17927937790425694,-0.19392258361628434,positive_contribution_fill,78,True
False,repeat_001::ep_195::line_195,Synergy,sce-3m,sce3m_synergy_run_0079,eval_run_0079_web_batch_20260622_141137,repeat_001,195,195,Win,True,60.0,60.0,15.0,60.0,0.0,46508,24,24,23,21,0.875,0,0.0,0,2,0.0833333333333333,24,1.0,0.0,0.0,0.0,0.0,0.0688375,0.8411,0.0833333333333333,1053.0,2011.0,0.0833333333333333,1.0,2,0.0833333333333333,2,0.0833333333333333,0.0,0.0,0.04565125,0.55233,0.0541666666666666,0.0,0.0,0.0,0.0395013958333333,0.6933155,0.2435499999933199,0,ood:41954:88-6:agg:d0.500,C:\Users\Binich\PycharmProjects\PredictionRTS\output\learner_results\all_data\synergy\sce3m_synergy_run_0079\final_eval\eval_run_0079_web_batch_20260622_141137,web_batch_20260622_141137,0.0007396222014698815,0.0007396222014698815,0.0002234304243277,0.000208600367725,1.228525416225245e-05,1.9627853943117587e-05,0.0002313019273252,4.437637398661138e-05,-4.166031781394816e-05,6.728491384735234e-06,60.0,0.0007396222014698815,72.0,-0.20081350395135605,-0.17996866254769708,-0.19414315470218518,positive_contribution_fill,79,True
False,repeat_001::ep_143::line_143,Synergy,sce-3m,sce3m_synergy_run_0079,eval_run_0079_web_batch_20260622_141137,repeat_001,143,143,Win,True,60.0,60.0,3.0,60.0,0.0,34114,24,24,21,21,0.875,0,0.0,0,2,0.0833333333333333,24,1.0,0.0,0.0,0.0,0.0,0.0700333333333333,0.8404,0.0833333333333333,94.0,94.0,0.0833333333333333,1.0,2,0.0833333333333333,2,0.0833333333333333,0.0,0.0,0.0460099999999999,0.5521199999999999,0.0541666666666666,0.0,0.0,0.0,0.0396628333333333,0.6932419999999999,0.2610000000018431,0,ood:85627:88-13:agg:d0.500,C:\Users\Binich\PycharmProjects\PredictionRTS\output\learner_results\all_data\synergy\sce3m_synergy_run_0079\final_eval\eval_run_0079_web_batch_20260622_141137,web_batch_20260622_141137,0.0007374048611924488,0.0007374048611924488,0.0002234304243277,0.000208600367725,1.2933825847271588e-05,1.676194198066582e-05,0.0002313019273252,4.437637398661138e-05,-4.8053244104835285e-05,7.382570267541228e-06,60.0,0.0007374048611924488,72.0,-0.20081350395135605,-0.18096138511849436,-0.19446082592484032,positive_contribution_fill,80,True
False,repeat_001::ep_62::line_62,Synergy,sce-3m,sce3m_synergy_run_0079,eval_run_0079_web_batch_20260622_141137,repeat_001,62,62,Win,True,60.0,60.0,3.0,60.0,0.0,14982,23,23,23,18,0.782608695652174,0,0.0,0,2,0.0869565217391304,23,1.0,0.0,0.0,0.0,0.0,0.0695478260869565,0.811,0.0869565217391304,958.0,1907.0,0.0869565217391304,1.0,2,0.0869565217391304,2,0.0869565217391304,0.0,0.0,0.046951304347826,0.5433,0.0565217391304347,0.0,0.0,0.0,0.0409106956521739,0.690155,0.2194500000030075,0,ood:85627:88-13:agg:d0.500,C:\Users\Binich\PycharmProjects\PredictionRTS\output\learner_results\all_data\synergy\sce3m_synergy_run_0079\final_eval\eval_run_0079_web_batch_20260622_141137,web_batch_20260622_141137,0.0007199493413350004,0.0007145586635894067,0.0002234304243277,0.000208600367725,4.0173836618052935e-05,-5.390677745593693e-06,0.0002313019273252,1.6442785339047445e-05,-6.482729097018385e-05,3.4853883345387044e-05,60.0,0.0007199493413350004,72.0,-0.20081350395135605,-0.18877637351871995,-0.19696162221291252,positive_contribution_fill,81,True
False,repeat_001::ep_294::line_294,Synergy,sce-3m,sce3m_synergy_run_0079,eval_run_0079_web_batch_20260622_141137,repeat_001,294,294,Win,True,60.0,60.0,3.0,60.0,0.0,69806,24,24,23,19,0.7916666666666666,0,0.0,0,4,0.1666666666666666,24,1.0,0.0,0.0,0.0,0.0,0.0607708333333333,0.8113,0.125,698.3333333333334,2088.0,0.1111111111111111,1.0,2,0.0833333333333333,3,0.125,0.0,0.0,0.0515645833333333,0.54339,0.0708333333333333,0.0,0.0,0.0,0.0479957291666666,0.6901865,0.2257333333280561,0,102845,C:\Users\Binich\PycharmProjects\PredictionRTS\output\learner_results\all_data\synergy\sce3m_synergy_run_0079\final_eval\eval_run_0079_web_batch_20260622_141137,web_batch_20260622_141137,0.0007032285967023729,0.00041875369581457285,0.0002234304243277,0.000208600367725,3.989587732447288e-05,-0.0001311674167532,0.0002313019273252,-0.0001533074841346,-0.0001470359390918,3.4573563824184426e-05,60.0,0.0007032285967023729,72.0,-0.20081350395135605,-0.19626239664574582,-0.1993571496135608,positive_contribution_fill,82,True
False,repeat_001::ep_16::line_16,Synergy,sce-3m,sce3m_synergy_run_0079,eval_run_0079_web_batch_20260622_141137,repeat_001,16,16,Win,True,42.0,42.0,9.0,42.0,0.0,4000,28,28,24,17,0.6071428571428571,0,0.0,0,8,0.2857142857142857,28,1.0,2.337535714285714,11.8718,0.25,0.25,0.0317892857142857,0.1901,0.0357142857142857,1.125,2.0,0.1071428571428571,0.6666666666666666,0,0.0,8,0.2857142857142857,0.0,0.0,0.0884079870965748,0.4741461038414762,0.1392857142857142,0.0,0.0,0.0,0.0885335941934586,0.6659511363445167,0.2232624999995991,0,9796,C:\Users\Binich\PycharmProjects\PredictionRTS\output\learner_results\all_data\synergy\sce3m_synergy_run_0079\final_eval\eval_run_0079_web_batch_20260622_141137,web_batch_20260622_141137,0.0069417232616547,-0.0068044866387427,0.0016912215330502,0.0015789677469403,0.0019207303419834,-0.006440103380695,0.0017508036396808,-0.0073061065197024,-0.0060826145344159,0.0018941891252479,42.0,0.0069417232616547,72.0,-1.5200263036317965,2.596766045911238,-0.20265275177802555,positive_contribution_fill,83,True
False,repeat_001::ep_254::line_254,Synergy,sce-3m,sce3m_synergy_run_0079,eval_run_0079_web_batch_20260622_141137,repeat_001,254,254,Win,True,60.0,60.0,9.0,60.0,0.0,60376,23,23,23,20,0.8695652173913043,0,0.0,0,1,0.0434782608695652,23,1.0,0.0,0.0,0.0,0.0,0.0751173913043478,0.8864,0.0869565217391304,32.0,40.0,0.0869565217391304,1.0,2,0.0869565217391304,2,0.0869565217391304,0.0,0.0,0.0486221739130434,0.56592,0.0565217391304347,0.0,0.0,0.0,0.0416625869565217,0.698072,0.2485999999919386,0,100431,C:\Users\Binich\PycharmProjects\PredictionRTS\output\learner_results\all_data\synergy\sce3m_synergy_run_0079\final_eval\eval_run_0079_web_batch_20260622_141137,web_batch_20260622_141137,0.0006797755047169475,0.0006313503112187165,0.0002234304243277,0.000208600367725,-2.9686599168238303e-05,-1.873859432999264e-05,0.0002313019273252,1.6442785339047445e-05,-9.46021926346339e-05,-3.5599756316843784e-05,60.0,0.0006797755047169475,72.0,-0.20081350395135605,-0.20676255036859895,-0.2027171988048738,positive_contribution_fill,84,True
False,repeat_001::ep_56::line_56,Synergy,sce-3m,sce3m_synergy_run_0079,eval_run_0079_web_batch_20260622_141137,repeat_001,56,56,Win,True,48.0,48.0,3.0,48.0,0.0,13540,24,24,22,19,0.7916666666666666,0,0.0,0,2,0.0833333333333333,24,1.0,0.6564458333333333,15.7547,0.0416666666666666,0.0416666666666666,0.0379708333333333,0.8113,0.0416666666666666,951.5,1902.0,0.0555555555555555,1.0,1,0.0416666666666666,2,0.0833333333333333,0.0,0.0,0.0382532725952285,0.7880785422854857,0.0479166666666666,0.0,0.0,0.0,0.0339848060011861,0.77582748979992,0.2349000000023693,0,31058,C:\Users\Binich\PycharmProjects\PredictionRTS\output\learner_results\all_data\synergy\sce3m_synergy_run_0079\final_eval\eval_run_0079_web_batch_20260622_141137,web_batch_20260622_141137,0.0048383856719784995,0.0009876458243819998,0.0012019578301427,0.0011221786205352,-0.0038507398475965,0.0006324259778329,0.0012443030688956,0.0006375201745721,0.0004850840726956,-0.0039138916544382,48.0,0.0048383856719784995,72.0,-1.0802887037383162,1.655083472185775,-0.20496960744260706,positive_contribution_fill,85,True
False,repeat_001::ep_4::line_4,Synergy,sce-3m,sce3m_synergy_run_0079,eval_run_0079_web_batch_20260622_141137,repeat_001,4,4,Win,True,60.0,60.0,-3.0,60.0,0.0,936,23,23,22,19,0.8260869565217391,0,0.0,0,3,0.1304347826086956,23,1.0,0.0,0.0,0.0,0.0,0.1096043478260869,0.8624,0.1304347826086956,650.3333333333334,1869.0,0.1304347826086956,1.0,3,0.1304347826086956,3,0.1304347826086956,0.0,0.0,0.0720117391304347,0.55872,0.0847826086956521,0.0,0.0,0.0,0.0620791956521739,0.695552,0.2442333333334545,0,85627,C:\Users\Binich\PycharmProjects\PredictionRTS\output\learner_results\all_data\synergy\sce3m_synergy_run_0079\final_eval\eval_run_0079_web_batch_20260622_141137,web_batch_20260622_141137,0.0006633327193779,-4.40609372487851e-05,0.0002234304243277,0.000208600367725,-7.449855681885147e-06,-0.0003811835225131,0.0002313019273252,-0.0003187602784317,-0.000511404328971,-1.3174194620643014e-05,60.0,0.0006633327193779,72.0,-0.20081350395135605,-0.21412412869691344,-0.20507290386993443,positive_contribution_fill,86,True
False,repeat_001::ep_72::line_72,Synergy,sce-3m,sce3m_synergy_run_0079,eval_run_0079_web_batch_20260622_141137,repeat_001,72,72,Win,True,60.0,60.0,-3.0,60.0,0.0,17372,24,24,22,20,0.8333333333333334,0,0.0,0,3,0.125,24,1.0,0.0,0.0,0.0,0.0,0.091575,0.8794,0.125,649.0,1914.0,0.125,1.0,3,0.125,3,0.125,0.0,0.0,0.0649725,0.56382,0.08125,0.0,0.0,0.0,0.057675125,0.697337,0.2158666666692473,0,103241,C:\Users\Binich\PycharmProjects\PredictionRTS\output\learner_results\all_data\synergy\sce3m_synergy_run_0079\final_eval\eval_run_0079_web_batch_20260622_141137,web_batch_20260622_141137,0.0006633327193779,6.027148538484823e-05,0.0002234304243277,0.000208600367725,-2.3200882318051803e-05,-0.0003030004562147,0.0002313019273252,-0.0002768598954603,-0.0003859650623374,-2.905896748878524e-05,60.0,0.0006633327193779,72.0,-0.20081350395135605,-0.21412412869691344,-0.20507290386993443,positive_contribution_fill,87,True
False,repeat_001::ep_112::line_112,Synergy,sce-3m,sce3m_synergy_run_0079,eval_run_0079_web_batch_20260622_141137,repeat_001,112,112,Win,True,60.0,60.0,3.0,60.0,0.0,26862,24,24,24,18,0.75,0,0.0,0,5,0.2083333333333333,24,1.0,0.8737041666666667,15.8375,0.0833333333333333,0.0833333333333333,0.049225,0.8106,0.0833333333333333,487.75,1947.0,0.0972222222222222,1.0,1,0.0416666666666666,4,0.1666666666666666,0.0,0.0,0.0598023044981789,0.7883662602805999,0.0854166666666666,0.0,0.0,0.0,0.0568068703575138,0.7759281910982099,0.2226999999983547,0,31058,C:\Users\Binich\PycharmProjects\PredictionRTS\output\learner_results\all_data\synergy\sce3m_synergy_run_0079\final_eval\eval_run_0079_web_batch_20260622_141137,web_batch_20260622_141137,0.0006633327193779,-0.0006672327152253999,0.0002234304243277,0.000208600367725,-0.0007166977699124,-0.0002875868047003,0.0002313019273252,-0.0003262808599906,-0.0002938321598911,-0.0007284445249295,60.0,0.0006633327193779,72.0,-0.20081350395135605,-0.21412412869691344,-0.20507290386993443,positive_contribution_fill,88,True
False,repeat_001::ep_161::line_161,Synergy,sce-3m,sce3m_synergy_run_0079,eval_run_0079_web_batch_20260622_141137,repeat_001,161,161,Win,True,60.0,60.0,3.0,60.0,0.0,38340,24,24,23,19,0.7916666666666666,0,0.0,0,4,0.1666666666666666,24,1.0,0.9406791666666666,15.9703,0.0833333333333333,0.0833333333333333,0.0773541666666666,0.8459,0.0833333333333333,511.75,1987.0,0.1111111111111111,1.0,2,0.0833333333333333,4,0.1666666666666666,0.0,0.0,0.0734187964170588,0.7997479055305483,0.0958333333333333,0.0,0.0,0.0,0.0665801250543431,0.7799117669356919,0.2433499999980881,0,85627,C:\Users\Binich\PycharmProjects\PredictionRTS\output\learner_results\all_data\synergy\sce3m_synergy_run_0079\final_eval\eval_run_0079_web_batch_20260622_141137,web_batch_20260622_141137,0.0006633327193779,-0.000999435880973,0.0002234304243277,0.000208600367725,-0.0007518492596173,-0.0004610860694172,0.0002313019273252,-0.0004498332713164,-0.0005364780948816,-0.0007638944954513,60.0,0.0006633327193779,72.0,-0.20081350395135605,-0.21412412869691344,-0.20507290386993443,positive_contribution_fill,89,True
False,repeat_001::ep_168::line_168,Synergy,sce-3m,sce3m_synergy_run_0079,eval_run_0079_web_batch_20260622_141137,repeat_001,168,168,Win,True,60.0,60.0,3.0,60.0,0.0,40094,25,25,25,19,0.76,0,0.0,0,3,0.12,25,1.0,0.825136,15.8265,0.08,0.08,0.040428,0.8107,0.04,664.6666666666666,1992.0,0.0666666666666666,1.0,1,0.04,3,0.12,0.0,0.0,0.047123789771389,0.78833032214973,0.066,0.0,0.0,0.0,0.044305705397125,0.7759156127524054,0.2285000000104749,0,31058,C:\Users\Binich\PycharmProjects\PredictionRTS\output\learner_results\all_data\synergy\sce3m_synergy_run_0079\final_eval\eval_run_0079_web_batch_20260622_141137,web_batch_20260622_141137,0.0006633327193779,-0.00021489365881918157,0.0002234304243277,0.000208600367725,-0.0007165867772738,-6.566043564382581e-05,0.0002313019273252,-9.597916527945584e-05,-6.790098183872859e-05,-0.0007283325898224,60.0,0.0006633327193779,72.0,-0.20081350395135605,-0.21412412869691344,-0.20507290386993443,positive_contribution_fill,90,True
False,repeat_001::ep_232::line_232,Synergy,sce-3m,sce3m_synergy_run_0079,eval_run_0079_web_batch_20260622_141137,repeat_001,232,232,Win,True,60.0,60.0,15.0,60.0,0.0,55232,26,26,24,21,0.8076923076923077,0,0.0,0,4,0.1538461538461538,26,1.0,0.5461576923076923,11.7143,0.1153846153846153,0.0769230769230769,0.0427461538461538,0.8114,0.0384615384615384,510.75,2040.0,0.0769230769230769,1.0,1,0.0384615384615384,4,0.1538461538461538,0.0,0.0,0.0473877340255964,0.7592095948752665,0.0692307692307692,0.0,0.0,0.0,0.0455552495422876,0.7657233582063432,0.2305250000063097,0,6232,C:\Users\Binich\PycharmProjects\PredictionRTS\output\learner_results\all_data\synergy\sce3m_synergy_run_0079\final_eval\eval_run_0079_web_batch_20260622_141137,web_batch_20260622_141137,0.0006633327193779,-0.00018545887086887175,0.0002234304243277,0.000208600367725,-0.0006266492574768,-8.784291191627173e-05,0.0002313019273252,-0.0001342994208537,-7.260446939845351e-05,-0.000637631386193,60.0,0.0006633327193779,72.0,-0.20081350395135605,-0.21412412869691344,-0.20507290386993443,positive_contribution_fill,91,True
False,repeat_001::ep_247::line_247,Synergy,sce-3m,sce3m_synergy_run_0079,eval_run_0079_web_batch_20260622_141137,repeat_001,247,247,Win,True,57.0,57.0,-3.0,57.0,0.0,58732,23,23,22,20,0.8695652173913043,0,0.0,0,2,0.0869565217391304,23,1.0,0.0,0.0,0.0,0.0,0.0551695652173913,0.8113,0.0869565217391304,1028.5,2052.0,0.0869565217391304,1.0,2,0.0869565217391304,2,0.0869565217391304,0.0,0.0,0.0426378260869565,0.54339,0.0565217391304347,0.0,0.0,0.0,0.0389696304347826,0.6901865,0.240900000008537,0,84761,C:\Users\Binich\PycharmProjects\PredictionRTS\output\learner_results\all_data\synergy\sce3m_synergy_run_0079\final_eval\eval_run_0079_web_batch_20260622_141137,web_batch_20260622_141137,0.0015685270167226126,0.0015685270167226126,0.0004680622757815,0.0004369949309275,8.35774948330198e-05,6.089426748245248e-05,0.0004845522127178,3.444583498034026e-05,2.5220192370977003e-05,7.242783078497027e-05,57.0,0.0015685270167226126,72.0,-0.42068230389809613,0.19113924881748992,-0.2248994070291086,positive_contribution_fill,92,True
False,repeat_001::ep_83::line_83,Synergy,sce-3m,sce3m_synergy_run_0079,eval_run_0079_web_batch_20260622_141137,repeat_001,83,83,Win,True,57.0,57.0,3.0,57.0,0.0,19964,24,24,20,21,0.875,0,0.0,0,2,0.0833333333333333,24,1.0,0.0,0.0,0.0,0.0,0.0692749999999999,0.8517,0.0833333333333333,968.0,1924.0,0.0833333333333333,1.0,2,0.0833333333333333,2,0.0833333333333333,0.0,0.0,0.0457824999999999,0.55551,0.0541666666666666,0.0,0.0,0.0,0.0395604583333333,0.6944285,0.221100000004526,0,24305,C:\Users\Binich\PycharmProjects\PredictionRTS\output\learner_results\all_data\synergy\sce3m_synergy_run_0079\final_eval\eval_run_0079_web_batch_20260622_141137,web_batch_20260622_141137,0.0015266566315527141,0.0015266566315527141,0.0004680622757815,0.0004369949309275,5.161864244346565e-06,3.892170310669576e-05,0.0004845522127178,9.2963644774872e-05,-9.217349250471702e-05,-6.653648155147503e-06,57.0,0.0015266566315527141,72.0,-0.42068230389809613,0.17239351239210882,-0.23089804268523056,positive_contribution_fill,93,True
False,repeat_001::ep_251::line_251,Synergy,sce-3m,sce3m_synergy_run_0079,eval_run_0079_web_batch_20260622_141137,repeat_001,251,251,Win,True,54.0,54.0,0.0,54.0,0.0,59680,24,24,21,21,0.875,0,0.0,0,2,0.0833333333333333,24,1.0,0.0,0.0,0.0,0.0,0.0530708333333333,0.8113,0.0833333333333333,1030.0,2055.0,0.0833333333333333,1.0,2,0.0833333333333333,2,0.0833333333333333,0.0,0.0,0.04092125,0.54339,0.0541666666666666,0.0,0.0,0.0,0.0373728958333333,0.6901865,0.2513499999992064,0,ood:6232:88-1:agg:d0.500,C:\Users\Binich\PycharmProjects\PredictionRTS\output\learner_results\all_data\synergy\sce3m_synergy_run_0079\final_eval\eval_run_0079_web_batch_20260622_141137,web_batch_20260622_141137,0.0025678340899042,0.0025678340899042,0.0007126941272352,0.0006653894941301,0.0001272591123415,0.0001831379425239,0.0007378024981104,0.0001415509155631,0.0001359749398029,0.0001102820977457,54.0,0.0025678340899042,72.0,-0.6405511038448362,0.6385377364566353,-0.23124267494836534,positive_contribution_fill,94,True
False,repeat_001::ep_66::line_66,Synergy,sce-3m,sce3m_synergy_run_0079,eval_run_0079_web_batch_20260622_141137,repeat_001,66,66,Win,True,57.0,57.0,3.0,57.0,0.0,15910,24,24,24,20,0.8333333333333334,0,0.0,0,3,0.125,24,1.0,0.0,0.0,0.0,0.0,0.0734166666666666,0.8511,0.0833333333333333,648.0,1910.0,0.0972222222222222,1.0,2,0.0833333333333333,3,0.125,0.0,0.0,0.0511916666666666,0.55533,0.0604166666666666,0.0,0.0,0.0,0.0441820833333333,0.6943655,0.2463666666680334,0,78774,C:\Users\Binich\PycharmProjects\PredictionRTS\output\learner_results\all_data\synergy\sce3m_synergy_run_0079\final_eval\eval_run_0079_web_batch_20260622_141137,web_batch_20260622_141137,0.0013959358722442463,0.0012006482655045,0.0004680622757815,0.0004369949309275,6.3264528174463344e-06,-0.0001329539870599,0.0004845522127178,-6.23336196798465e-05,-0.0002941028577317,-5.4791707451460175e-06,57.0,0.0013959358722442463,72.0,-0.42068230389809613,0.11386868895475699,-0.24962598618518314,positive_contribution_fill,95,True
False,repeat_001::ep_36::line_36,Synergy,sce-3m,sce3m_synergy_run_0079,eval_run_0079_web_batch_20260622_141137,repeat_001,36,36,Win,True,57.0,57.0,9.0,57.0,0.0,8840,27,27,23,18,0.6666666666666666,0,0.0,0,7,0.2592592592592592,27,1.0,1.0723407407407408,11.0752,0.1111111111111111,0.1111111111111111,0.1385814814814815,0.9271,0.1481481481481481,276.2857142857143,1887.0,0.1851851851851851,1.0,4,0.1481481481481481,7,0.2592592592592592,0.0,0.0,0.1189001731772631,0.7883334618888551,0.1518518518518518,0.0,0.0,0.0,0.1066532260779165,0.7759167116610992,0.2598571428588262,0,80271,C:\Users\Binich\PycharmProjects\PredictionRTS\output\learner_results\all_data\synergy\sce3m_synergy_run_0079\final_eval\eval_run_0079_web_batch_20260622_141137,web_batch_20260622_141137,0.0013896094194268,-0.0049020782193791,0.0004680622757815,0.0004369949309275,-0.0015011911538953,-0.0024562214037636,0.0004845522127178,-0.002334275081147,-0.0028217261651086,-0.0015257975176377,57.0,0.0013896094194268,72.0,-0.42068230389809613,0.11103628088059579,-0.2505323567689147,positive_contribution_fill,96,True
False,repeat_001::ep_240::line_240,Synergy,sce-3m,sce3m_synergy_run_0079,eval_run_0079_web_batch_20260622_141137,repeat_001,240,240,Win,True,57.0,57.0,3.0,57.0,0.0,57138,25,25,25,21,0.84,0,0.0,0,3,0.12,25,1.0,0.190052,4.7513,0.04,0.04,0.070756,0.8576,0.08,692.0,2045.0,0.0933333333333333,1.0,2,0.08,3,0.12,0.0,0.0,0.0543802983357399,0.6861174583934975,0.072,0.0,0.0,0.0,0.0496711342510829,0.7401411104377241,0.2355666666649843,0,ood:80271:83-11:agg:d0.500,C:\Users\Binich\PycharmProjects\PredictionRTS\output\learner_results\all_data\synergy\sce3m_synergy_run_0079\final_eval\eval_run_0079_web_batch_20260622_141137,web_batch_20260622_141137,0.0013896094194268,-0.00013749066698530004,0.0004680622757815,0.0004369949309275,-0.0008398601002366,-0.0003370887697063,0.0004845522127178,-0.0003501512164692,-0.000413137527683,-0.0008588509229379,57.0,0.0013896094194268,72.0,-0.42068230389809613,0.11103628088059579,-0.2505323567689147,positive_contribution_fill,97,True
False,repeat_001::ep_272::line_272,Synergy,sce-3m,sce3m_synergy_run_0079,eval_run_0079_web_batch_20260622_141137,repeat_001,272,272,Win,True,57.0,57.0,3.0,57.0,0.0,64612,26,26,25,22,0.8461538461538461,0,0.0,0,2,0.0769230769230769,26,1.0,0.584376923076923,10.5183,0.0769230769230769,0.0769230769230769,0.0399076923076923,0.8376,0.0384615384615384,49.333333333333336,146.0,0.0641025641025641,1.0,1,0.0384615384615384,3,0.1153846153846153,0.0,0.0,0.0439911138487666,0.7563320754643417,0.0634615384615384,0.0,0.0,0.0,0.0420075396934834,0.7647162264125196,0.2406500000091682,0,80271,C:\Users\Binich\PycharmProjects\PredictionRTS\output\learner_results\all_data\synergy\sce3m_synergy_run_0079\final_eval\eval_run_0079_web_batch_20260622_141137,web_batch_20260622_141137,0.0013896094194268,-9.4609963064012e-05,0.0004680622757815,0.0004369949309275,-0.0012941442152657,-5.208390588791209e-05,0.0004845522127178,-0.0001379912613372,-2.52993341201866e-05,-0.0013169924873914,57.0,0.0013896094194268,72.0,-0.42068230389809613,0.11103628088059579,-0.2505323567689147,positive_contribution_fill,98,True
False,repeat_001::ep_236::line_236,Synergy,sce-3m,sce3m_synergy_run_0079,eval_run_0079_web_batch_20260622_141137,repeat_001,236,236,Win,True,54.0,54.0,9.0,54.0,0.0,56230,24,24,23,20,0.8333333333333334,0,0.0,0,2,0.0833333333333333,24,1.0,0.0,0.0,0.0,0.0,0.0691041666666666,0.8471,0.0833333333333333,1051.0,2042.0,0.0833333333333333,1.0,2,0.0833333333333333,2,0.0833333333333333,0.0,0.0,0.04573125,0.55413,0.0541666666666666,0.0,0.0,0.0,0.0395373958333333,0.6939455,0.2631500000092046,0,85627,C:\Users\Binich\PycharmProjects\PredictionRTS\output\learner_results\all_data\synergy\sce3m_synergy_run_0079\final_eval\eval_run_0079_web_batch_20260622_141137,web_batch_20260622_141137,0.0023394617240408803,0.0023394617240408803,0.0007126941272352,0.0006653894941301,2.1454684985549173e-05,6.057000401653131e-05,0.0007378024981104,0.0001415509155631,-0.0001374346438722,3.57925634904617e-06,54.0,0.0023394617240408803,72.0,-0.6405511038448362,0.5362934375340591,-0.26396085060358976,positive_contribution_fill,99,True
False,repeat_001::ep_271::line_271,Synergy,sce-3m,sce3m_synergy_run_0079,eval_run_0079_web_batch_20260622_141137,repeat_001,271,271,Win,True,54.0,54.0,9.0,54.0,0.0,64360,25,25,23,20,0.8,0,0.0,0,4,0.16,25,1.0,0.0,0.0,0.0,0.0,0.113208,0.8403,0.16,587.5,2070.0,0.16,1.0,4,0.16,4,0.16,0.0,0.0,0.0819623999999999,0.55209,0.104,0.0,0.0,0.0,0.07328308,0.6932315,0.2285749999941799,0,ood:6860:88-2:agg:d0.500,C:\Users\Binich\PycharmProjects\PredictionRTS\output\learner_results\all_data\synergy\sce3m_synergy_run_0079\final_eval\eval_run_0079_web_batch_20260622_141137,web_batch_20260622_141137,0.0021574377347970287,-0.0014367384223686712,0.0007126941272352,0.0006653894941301,4.155161532132906e-05,-0.0018503280980068,0.0007378024981104,-0.0017438480591589,-0.0021968823855714,2.384683516182953e-05,54.0,0.0021574377347970287,72.0,-0.6405511038448362,0.45479971084355963,-0.29003884314454953,positive_contribution_fill,100,True
