experiment_id,map_key,map_id,trial,state,objective,avg_score,win_rate,score_std,stability,penalty_factor,num_episodes,status,phase,result_file,action_strategy,mode,beam_width,lookahead_steps,score_mode,min_visits,max_state_revisits,min_cum_prob,discount_factor,enable_backup,backup_score_threshold,backup_distance_threshold,masked_count,mask_0,mask_1,mask_2,is_multi_step,backup_enabled,scene_order
sce1_etg_run_0068,sce-1,MarineMicro_MvsM_4,0,TrialState.COMPLETE,43.96054221021879,51.5921052631579,0.9671052631578947,22.813706424669906,4.757554655989986,0.8810611336002503,152.0,completed,etg_only,C:\Users\Binich\PycharmProjects\PredictionRTS\output\learner_results\training_runs\run_0068\trials\trial_0000,best_subtree_quality,multi_step,3,4,future_reward,8,1,0.08706020878304858,0.9162213204002109,True,0.18340450985343382,0.3042422429595377,2,4.0,3.0,,1,1,0
sce1_etg_run_0068,sce-1,MarineMicro_MvsM_4,1,TrialState.COMPLETE,24.277142106195107,32.04424778761062,0.8495575221238938,30.404176873200026,4.329049577234045,0.8917737605691489,113.0,completed,etg_only,C:\Users\Binich\PycharmProjects\PredictionRTS\output\learner_results\training_runs\run_0068\trials\trial_0001,highest_transition_prob,multi_step,6,12,win_rate,1,4,0.002193048555664369,0.5325257964926398,False,,,3,3.0,1.0,7.0,1,0,0
sce1_etg_run_0068,sce-1,MarineMicro_MvsM_4,2,TrialState.COMPLETE,47.66457352941177,49.6764705882353,1.0,14.267858960192957,1.6199999999999997,0.9595,102.0,completed,etg_only,C:\Users\Binich\PycharmProjects\PredictionRTS\output\learner_results\training_runs\run_0068\trials\trial_0002,best_subtree_winrate,multi_step,10,5,quality,6,1,0.08692991511139551,0.8875664116805573,True,0.5978999788110851,0.9218742350231168,0,,,,1,1,0
sce1_etg_run_0068,sce-1,MarineMicro_MvsM_4,3,TrialState.COMPLETE,35.252564354182795,45.55045871559633,0.926605504587156,25.283887692635407,6.591030912063987,0.8352242271984003,109.0,completed,etg_only,C:\Users\Binich\PycharmProjects\PredictionRTS\output\learner_results\training_runs\run_0068\trials\trial_0003,random_beam,multi_step,4,13,win_rate,2,5,0.0014096175149815868,0.9934434683002586,True,0.005522117123602399,0.8154614284548342,2,8.0,8.0,,1,1,0
sce1_etg_run_0068,sce-1,MarineMicro_MvsM_4,4,TrialState.COMPLETE,43.62090472353845,47.80373831775701,0.9626168224299065,20.48406686600038,2.082529914506794,0.9479367521373302,107.0,completed,etg_only,C:\Users\Binich\PycharmProjects\PredictionRTS\output\learner_results\training_runs\run_0068\trials\trial_0004,random_beam,multi_step,7,6,win_rate,8,4,0.059487468132197734,0.7361074625809747,False,,,3,6.0,8.0,5.0,1,0,0
sce1_etg_run_0068,sce-1,MarineMicro_MvsM_4,5,TrialState.COMPLETE,45.73223399410918,48.3421052631579,0.9736842105263158,17.831486515636904,1.1367853653908964,0.9715803658652276,114.0,completed,etg_only,C:\Users\Binich\PycharmProjects\PredictionRTS\output\learner_results\training_runs\run_0068\trials\trial_0005,highest_transition_prob,multi_step,2,10,win_rate,3,3,0.03244160088734161,0.6143990827458112,False,,,0,,,,1,0,0
sce1_etg_run_0068,sce-1,MarineMicro_MvsM_4,6,TrialState.COMPLETE,35.20063661321391,45.55263157894737,0.9298245614035088,25.5751702864332,6.757320382276003,0.8310669904431,114.0,completed,etg_only,C:\Users\Binich\PycharmProjects\PredictionRTS\output\learner_results\training_runs\run_0068\trials\trial_0006,highest_transition_prob,multi_step,9,4,quality,9,2,0.0016599837974449212,0.6139675812709708,False,,,3,0.0,5.0,4.0,1,0,0
sce1_etg_run_0068,sce-1,MarineMicro_MvsM_4,7,TrialState.COMPLETE,40.452462512877716,47.201298701298704,0.935064935064935,23.562676812559204,3.3385839044264163,0.9165354023893396,154.0,completed,etg_only,C:\Users\Binich\PycharmProjects\PredictionRTS\output\learner_results\training_runs\run_0068\trials\trial_0007,random_beam,multi_step,4,9,win_rate,10,2,0.009874088417386247,0.6504391549083848,True,0.6095643339798968,0.5026790232288615,0,,,,1,1,0
sce1_etg_run_0068,sce-1,MarineMicro_MvsM_4,8,TrialState.COMPLETE,-2.0083959020747555,-5.358974358974359,0.4358974358974359,29.450947640046806,5.609117173591856,0.8597720706602036,117.0,completed,etg_only,C:\Users\Binich\PycharmProjects\PredictionRTS\output\learner_results\training_runs\run_0068\trials\trial_0008,best_subtree_quality,multi_step,6,15,win_rate,3,4,0.005439591236568527,0.8161529152967897,True,0.0902897700544083,0.835302495589238,1,2.0,,,1,1,0
sce1_etg_run_0068,sce-1,MarineMicro_MvsM_4,9,TrialState.COMPLETE,3.2953160640743873,5.945454545454545,0.6,24.078219642594526,3.049463093967112,0.9237634226508222,110.0,completed,etg_only,C:\Users\Binich\PycharmProjects\PredictionRTS\output\learner_results\training_runs\run_0068\trials\trial_0009,best_subtree_winrate,multi_step,6,5,win_rate,4,5,0.0018838307787619744,0.6705331755251293,False,,,3,2.0,7.0,8.0,1,0,0
sce1_etg_run_0068,sce-1,MarineMicro_MvsM_4,10,TrialState.COMPLETE,46.213808735279656,50.5546875,1.0,16.950206762082395,3.4346004134396764,0.9141349896640081,128.0,completed,etg_only,C:\Users\Binich\PycharmProjects\PredictionRTS\output\learner_results\training_runs\run_0068\trials\trial_0010,best_subtree_winrate,multi_step,10,2,quality,6,1,0.028889085246198647,0.8512642051688559,True,0.9923626654603367,0.9923605359159755,1,10.0,,,1,1,0
sce1_etg_run_0068,sce-1,MarineMicro_MvsM_4,11,TrialState.COMPLETE,44.857410224222086,47.89655172413793,1.0,17.704168275191304,2.538087933695015,0.9365478016576246,116.0,completed,etg_only,C:\Users\Binich\PycharmProjects\PredictionRTS\output\learner_results\training_runs\run_0068\trials\trial_0011,best_subtree_winrate,multi_step,10,2,quality,6,1,0.028583270352665145,0.8582116032488416,True,0.9956178741407942,0.9572929918589043,1,10.0,,,1,1,0
sce1_etg_run_0068,sce-1,MarineMicro_MvsM_4,12,TrialState.COMPLETE,44.745598056342786,48.744,0.992,18.995116846179176,2.985024082084886,0.9253743979478779,125.0,completed,etg_only,C:\Users\Binich\PycharmProjects\PredictionRTS\output\learner_results\training_runs\run_0068\trials\trial_0012,best_subtree_winrate,multi_step,9,2,quality,6,1,0.03215750776650425,0.9074537193978971,True,0.9983608982318003,0.9870247631124994,0,,,,1,1,0
sce1_etg_run_0068,sce-1,MarineMicro_MvsM_4,13,TrialState.COMPLETE,45.88337768770731,48.5945945945946,1.0,17.98116050047256,2.231702459506775,0.9442074385123306,111.0,completed,etg_only,C:\Users\Binich\PycharmProjects\PredictionRTS\output\learner_results\training_runs\run_0068\trials\trial_0013,best_subtree_winrate,multi_step,10,7,quality,5,2,0.016253241121997018,0.7948600397727954,True,0.6424332610120511,0.6310056170515543,1,10.0,,,1,1,0
sce1_etg_run_0068,sce-1,MarineMicro_MvsM_4,14,TrialState.COMPLETE,45.06348826119435,49.625,1.0,16.141077256490657,3.6767852806493884,0.9080803679837652,120.0,completed,etg_only,C:\Users\Binich\PycharmProjects\PredictionRTS\output\learner_results\training_runs\run_0068\trials\trial_0014,best_subtree_winrate,multi_step,8,2,quality,7,1,0.09353216098825012,0.9741172380014204,True,0.3937962157576021,0.027219026391197,0,,,,1,1,0
sce1_etg_run_0068,sce-1,MarineMicro_MvsM_4,15,TrialState.COMPLETE,0.8301855114950002,1.6721311475409837,0.5409836065573771,29.237984115365087,3.2903114881414672,0.9177422127964633,122.0,completed,etg_only,C:\Users\Binich\PycharmProjects\PredictionRTS\output\learner_results\training_runs\run_0068\trials\trial_0015,best_subtree_winrate,multi_step,9,4,future_reward,5,2,0.05032080089576964,0.8795854225236499,True,0.729902840570587,0.6975044705398569,1,7.0,,,1,1,0
sce1_etg_run_0068,sce-1,MarineMicro_MvsM_4,16,TrialState.COMPLETE,48.733966267262,51.50847457627118,0.9915254237288136,17.10622136935826,1.8311384308628205,0.9542215392284294,118.0,completed,etg_only,C:\Users\Binich\PycharmProjects\PredictionRTS\output\learner_results\training_runs\run_0068\trials\trial_0016,best_subtree_winrate,multi_step,8,7,quality,7,3,0.009593416372993263,0.7482690114488482,True,0.8353788760191748,0.9973367692750128,2,8.0,10.0,,1,1,0
sce1_etg_run_0068,sce-1,MarineMicro_MvsM_4,17,TrialState.COMPLETE,45.87778297439914,49.869565217391305,0.9710144927536232,20.630927286007513,2.103323879102434,0.9474169030224392,138.0,completed,etg_only,C:\Users\Binich\PycharmProjects\PredictionRTS\output\learner_results\training_runs\run_0068\trials\trial_0017,best_subtree_winrate,multi_step,8,9,quality,8,3,0.004354209536991511,0.7307005412116382,True,0.7810662589619394,0.7877878609794685,2,8.0,10.0,,1,1,0
sce1_etg_run_0068,sce-1,MarineMicro_MvsM_4,18,TrialState.COMPLETE,49.578524652966266,50.66379310344828,0.9913793103448276,15.9757056751576,0.516464168775016,0.9870883957806246,116.0,completed,etg_only,C:\Users\Binich\PycharmProjects\PredictionRTS\output\learner_results\training_runs\run_0068\trials\trial_0018,best_subtree_quality,multi_step,8,7,quality,7,3,0.010641137283776638,0.7797088093460516,True,0.41505562005208363,0.3290955629819805,2,6.0,10.0,,1,1,0
sce1_etg_run_0068,sce-1,MarineMicro_MvsM_4,19,TrialState.COMPLETE,36.578565457809226,45.79338842975206,0.9256198347107438,23.9837814881006,5.481554588664702,0.8629611352833825,121.0,completed,etg_only,C:\Users\Binich\PycharmProjects\PredictionRTS\output\learner_results\training_runs\run_0068\trials\trial_0019,best_subtree_quality,multi_step,7,7,future_reward,10,3,0.010701310612285367,0.776732504356154,True,0.36682754086610136,0.2926866606278574,2,5.0,10.0,,1,1,0
sce1_etg_run_0068,sce-1,MarineMicro_MvsM_4,20,TrialState.COMPLETE,45.58611439341188,49.08620689655172,1.0,18.682727116481626,2.852200424054945,0.9286949893986264,116.0,completed,etg_only,C:\Users\Binich\PycharmProjects\PredictionRTS\output\learner_results\training_runs\run_0068\trials\trial_0020,best_subtree_quality,multi_step,7,11,quality,7,3,0.004866412858664581,0.7044139319630974,True,0.40240006445095444,0.2825137975289682,2,8.0,10.0,,1,1,0
sce1_etg_run_0068,sce-1,MarineMicro_MvsM_4,21,TrialState.COMPLETE,47.23489306578783,50.945945945945944,1.0,15.761646823592793,2.913717911211673,0.9271570522197081,111.0,completed,etg_only,C:\Users\Binich\PycharmProjects\PredictionRTS\output\learner_results\training_runs\run_0068\trials\trial_0021,best_subtree_quality,multi_step,8,7,quality,7,4,0.015235108598711817,0.8285883029224396,True,0.5189889830055427,0.45892433625892237,2,6.0,7.0,,1,1,0
sce1_etg_run_0068,sce-1,MarineMicro_MvsM_4,22,TrialState.COMPLETE,-0.11289461700634372,-0.26732673267326734,0.504950495049505,27.750618970568592,6.546463672281419,0.8363384081929646,101.0,completed,etg_only,C:\Users\Binich\PycharmProjects\PredictionRTS\output\learner_results\training_runs\run_0068\trials\trial_0022,best_subtree_quality,multi_step,9,8,quality,5,2,0.007647281672770439,0.7756406557280897,True,0.815981592450115,0.06271589810696471,2,6.0,4.0,,1,1,0
sce1_etg_run_0068,sce-1,MarineMicro_MvsM_4,23,TrialState.COMPLETE,43.533814702428124,48.114285714285714,0.9809523809523809,16.17364951937287,3.1052351010254426,0.922369122474364,105.0,completed,etg_only,C:\Users\Binich\PycharmProjects\PredictionRTS\output\learner_results\training_runs\run_0068\trials\trial_0023,best_subtree_winrate,multi_step,8,5,quality,7,3,0.0028361227587976124,0.9466966159980404,True,0.2696428516949988,0.45503294252724674,1,9.0,,,1,1,0
sce1_etg_run_0068,sce-1,MarineMicro_MvsM_4,24,TrialState.COMPLETE,36.89085586390127,44.169642857142854,0.9285714285714286,22.053461176705323,4.021792853728165,0.8994551786567959,112.0,completed,etg_only,C:\Users\Binich\PycharmProjects\PredictionRTS\output\learner_results\training_runs\run_0068\trials\trial_0024,best_subtree_winrate,multi_step,10,6,quality,9,3,0.01763641800231044,0.7099338982857839,True,0.5451503925209504,0.8815876500588458,2,5.0,8.0,,1,1,0
sce1_etg_run_0068,sce-1,MarineMicro_MvsM_4,25,TrialState.COMPLETE,48.116119358583084,51.421052631578945,1.0,13.729782416621038,2.570879516352974,0.9357280120911756,114.0,completed,etg_only,C:\Users\Binich\PycharmProjects\PredictionRTS\output\learner_results\training_runs\run_0068\trials\trial_0025,best_subtree_quality,multi_step,5,8,quality,6,4,0.0035649463150544693,0.903758824833773,True,0.8773984056050292,0.1481554862242954,3,7.0,0.0,0.0,1,1,0
sce1_etg_run_0068,sce-1,MarineMicro_MvsM_4,26,TrialState.COMPLETE,0.8052148759208748,1.8620689655172413,0.5172413793103449,26.057263383358713,6.558730338298484,0.8360317415425379,116.0,completed,etg_only,C:\Users\Binich\PycharmProjects\PredictionRTS\output\learner_results\training_runs\run_0068\trials\trial_0026,best_subtree_quality,multi_step,5,8,future_reward,4,4,0.003550412179291112,0.5400273531815167,False,,,3,7.0,0.0,0.0,1,0,0
sce1_etg_run_0068,sce-1,MarineMicro_MvsM_4,27,TrialState.COMPLETE,35.969334416799164,43.275,0.8916666666666667,26.845844650522732,2.713399914557305,0.9321650021360673,120.0,completed,etg_only,C:\Users\Binich\PycharmProjects\PredictionRTS\output\learner_results\training_runs\run_0068\trials\trial_0027,best_subtree_quality,multi_step,5,10,quality,8,5,0.006731106173924945,0.7727553043679716,True,0.8542942098415017,0.14835658690295023,3,7.0,1.0,0.0,1,1,0
sce1_etg_run_0068,sce-1,MarineMicro_MvsM_4,28,TrialState.COMPLETE,42.36798559666603,49.064516129032256,0.9758064516129032,21.045550420642467,4.602988109479033,0.8849252972630242,124.0,completed,etg_only,C:\Users\Binich\PycharmProjects\PredictionRTS\output\learner_results\training_runs\run_0068\trials\trial_0028,best_subtree_quality,multi_step,5,10,quality,9,4,0.011061492888350875,0.9342391197603729,True,0.8881100326924573,0.18519636720455632,3,9.0,3.0,3.0,1,1,0
sce1_etg_run_0068,sce-1,MarineMicro_MvsM_4,29,TrialState.COMPLETE,48.55899721437951,50.7906976744186,0.9922480620155039,17.393607673089083,1.4587972830581568,0.9635300679235461,129.0,completed,etg_only,C:\Users\Binich\PycharmProjects\PredictionRTS\output\learner_results\training_runs\run_0068\trials\trial_0029,best_subtree_quality,multi_step,3,8,future_reward,7,3,0.0011509843237480673,0.8283223149573863,True,0.7077884801519742,0.3871572694018952,2,4.0,9.0,,1,1,0
sce1_etg_run_0068,sce-1,MarineMicro_MvsM_4,30,TrialState.COMPLETE,46.80622724132859,49.80582524271845,0.9902912621359223,18.442804923470508,2.040494988857928,0.9489876252785518,103.0,completed,etg_only,C:\Users\Binich\PycharmProjects\PredictionRTS\output\learner_results\training_runs\run_0068\trials\trial_0030,best_subtree_quality,multi_step,2,6,future_reward,7,3,0.02099885585820756,0.8181283236213472,True,0.6524905602599984,0.38520239762169434,2,4.0,9.0,,1,1,0
sce1_etg_run_0068,sce-1,MarineMicro_MvsM_4,31,TrialState.COMPLETE,39.81092021799183,47.765625,0.9453125,25.249531052266594,4.732770644175104,0.8816807338956224,128.0,completed,etg_only,C:\Users\Binich\PycharmProjects\PredictionRTS\output\learner_results\training_runs\run_0068\trials\trial_0031,best_subtree_quality,multi_step,3,8,future_reward,8,3,0.0010316351050794308,0.8552745724805204,True,0.9107279177968931,0.5577125597977299,2,4.0,9.0,,1,1,0
sce1_etg_run_0068,sce-1,MarineMicro_MvsM_4,32,TrialState.COMPLETE,50.983807036267436,53.42857142857143,1.0,17.372861782982454,1.8303048926340102,0.9542423776841498,126.0,completed,etg_only,C:\Users\Binich\PycharmProjects\PredictionRTS\output\learner_results\training_runs\run_0068\trials\trial_0032,best_subtree_quality,multi_step,3,9,future_reward,6,4,0.0029794705988864163,0.753687694653035,True,0.7319977133380864,0.19290210232226343,2,6.0,6.0,,1,1,0
sce1_etg_run_0068,sce-1,MarineMicro_MvsM_4,33,TrialState.COMPLETE,48.129868397921506,50.79545454545455,0.9924242424242424,16.87060319212433,1.8097545085809603,0.954756137285476,132.0,completed,etg_only,C:\Users\Binich\PycharmProjects\PredictionRTS\output\learner_results\training_runs\run_0068\trials\trial_0033,highest_transition_prob,multi_step,3,12,future_reward,7,4,0.002436294360711704,0.7493215234584656,True,0.7436055279799856,0.3728934058940714,2,5.0,6.0,,1,1,0
sce1_etg_run_0068,sce-1,MarineMicro_MvsM_4,34,TrialState.COMPLETE,3.393209667999011,6.203389830508475,0.635593220338983,27.70197304422462,5.575918821698921,0.860602029457527,118.0,completed,etg_only,C:\Users\Binich\PycharmProjects\PredictionRTS\output\learner_results\training_runs\run_0068\trials\trial_0034,best_subtree_quality,multi_step,4,9,future_reward,5,3,0.0011768745714588577,0.8022009835098538,True,0.6991803054577803,0.22223637820408718,2,6.0,9.0,,1,1,0
sce1_etg_run_0068,sce-1,MarineMicro_MvsM_4,35,TrialState.COMPLETE,44.65671361152671,49.85294117647059,1.0,17.100279242544854,4.169244535884169,0.8957688866028958,102.0,completed,etg_only,C:\Users\Binich\PycharmProjects\PredictionRTS\output\learner_results\training_runs\run_0068\trials\trial_0035,random_beam,multi_step,2,7,future_reward,6,2,0.007514553680938905,0.6789585611937896,False,,,2,3.0,10.0,,1,0,0
sce1_etg_run_0068,sce-1,MarineMicro_MvsM_4,36,TrialState.COMPLETE,41.0207219979177,48.34615384615385,0.9769230769230769,21.2543973869885,5.259105769151193,0.8685223557712202,130.0,completed,etg_only,C:\Users\Binich\PycharmProjects\PredictionRTS\output\learner_results\training_runs\run_0068\trials\trial_0036,best_subtree_quality,multi_step,3,11,future_reward,8,5,0.0013131816467031909,0.7179774074598992,True,0.46034887891662707,0.37090197333621305,2,3.0,9.0,,1,1,0
sce1_etg_run_0068,sce-1,MarineMicro_MvsM_4,37,TrialState.COMPLETE,1.0072409978900698,2.2222222222222223,0.5185185185185185,25.882331072150265,5.034348216101864,0.8741412945974534,108.0,completed,etg_only,C:\Users\Binich\PycharmProjects\PredictionRTS\output\learner_results\training_runs\run_0068\trials\trial_0037,highest_transition_prob,multi_step,4,5,future_reward,4,3,0.0018664644702649914,0.7657852681664,False,,,2,4.0,7.0,,1,0,0
sce1_etg_run_0068,sce-1,MarineMicro_MvsM_4,38,TrialState.COMPLETE,26.27368129052144,34.07339449541284,0.8715596330275229,30.435887322390556,4.610990288503216,0.8847252427874196,109.0,completed,etg_only,C:\Users\Binich\PycharmProjects\PredictionRTS\output\learner_results\training_runs\run_0068\trials\trial_0038,random_beam,multi_step,7,6,future_reward,1,4,0.0028563048794827007,0.7469714772178264,True,0.2824023180316495,0.24932759583223116,1,5.0,,,1,1,0
sce1_etg_run_0068,sce-1,MarineMicro_MvsM_4,39,TrialState.COMPLETE,43.220405831833915,48.323076923076925,0.9538461538461539,23.056190686973483,2.4926898892897786,0.9376827527677556,130.0,completed,etg_only,C:\Users\Binich\PycharmProjects\PredictionRTS\output\learner_results\training_runs\run_0068\trials\trial_0039,best_subtree_quality,multi_step,6,14,future_reward,9,3,0.01325201151520818,0.6082305911538108,True,0.6987660772220751,0.3657757559954342,2,9.0,6.0,,1,1,0
sce1_etg_run_0068,sce-1,MarineMicro_MvsM_4,40,TrialState.COMPLETE,47.338908404281405,51.52671755725191,1.0,16.64140345862986,3.250980735046729,0.9187254816238317,131.0,completed,etg_only,C:\Users\Binich\PycharmProjects\PredictionRTS\output\learner_results\training_runs\run_0068\trials\trial_0040,highest_transition_prob,multi_step,2,9,win_rate,7,2,0.0015364268530099002,0.6849885086844183,False,,,3,8.0,10.0,10.0,1,0,0
sce1_etg_run_0068,sce-1,MarineMicro_MvsM_4,41,TrialState.COMPLETE,48.56469119739184,52.58015267175573,0.9923664122137404,14.576439317707127,2.7705411579361465,0.9307364710515963,131.0,completed,etg_only,C:\Users\Binich\PycharmProjects\PredictionRTS\output\learner_results\training_runs\run_0068\trials\trial_0041,highest_transition_prob,multi_step,3,12,future_reward,7,4,0.002554211852495677,0.7556753844797384,True,0.8001837900645064,0.3429585938133313,2,5.0,6.0,,1,1,0
sce1_etg_run_0068,sce-1,MarineMicro_MvsM_4,42,TrialState.COMPLETE,44.48882015157088,50.24444444444445,0.9925925925925926,18.010065772667307,4.317785364976127,0.8920553658755968,135.0,completed,etg_only,C:\Users\Binich\PycharmProjects\PredictionRTS\output\learner_results\training_runs\run_0068\trials\trial_0042,highest_transition_prob,multi_step,3,12,future_reward,6,4,0.005718749173082645,0.6536185927128413,True,0.7964441025266732,0.33953176765373844,2,6.0,5.0,,1,1,0
sce1_etg_run_0068,sce-1,MarineMicro_MvsM_4,43,TrialState.COMPLETE,40.86648962424692,47.55118110236221,0.9448818897637795,21.133139502193476,3.6178389827521955,0.9095540254311951,127.0,completed,etg_only,C:\Users\Binich\PycharmProjects\PredictionRTS\output\learner_results\training_runs\run_0068\trials\trial_0043,highest_transition_prob,multi_step,3,13,future_reward,8,5,0.0022012273137281707,0.7950874002487298,True,0.5678590874217043,0.43001196922173035,2,2.0,6.0,,1,1,0
sce1_etg_run_0068,sce-1,MarineMicro_MvsM_4,44,TrialState.COMPLETE,46.36225531546767,49.488,0.992,19.03286252774395,2.2242608541565003,0.9443934786460875,125.0,completed,etg_only,C:\Users\Binich\PycharmProjects\PredictionRTS\output\learner_results\training_runs\run_0068\trials\trial_0044,highest_transition_prob,multi_step,4,11,future_reward,7,4,0.0038575771250189722,0.8418539276772996,True,0.9325647023980813,0.552572470870253,2,5.0,4.0,,1,1,0
sce1_etg_run_0068,sce-1,MarineMicro_MvsM_4,45,TrialState.COMPLETE,42.78889122782876,46.308724832214764,0.9798657718120806,19.352921264274173,2.2808745622780893,0.9429781359430478,149.0,completed,etg_only,C:\Users\Binich\PycharmProjects\PredictionRTS\output\learner_results\training_runs\run_0068\trials\trial_0045,random_beam,multi_step,4,10,win_rate,6,4,0.009416633956057992,0.8742819063965979,True,0.47022831942384385,0.11750531035713184,2,4.0,8.0,,1,1,0
sce1_etg_run_0068,sce-1,MarineMicro_MvsM_4,46,TrialState.COMPLETE,48.66706912530437,52.30088495575221,0.9911504424778761,17.52413504146115,2.446833112097437,0.9388291721975641,113.0,completed,etg_only,C:\Users\Binich\PycharmProjects\PredictionRTS\output\learner_results\training_runs\run_0068\trials\trial_0046,best_subtree_quality,multi_step,2,15,future_reward,7,3,0.022547398465186868,0.7369989760267917,True,0.8248737381146338,0.31722586494520044,1,6.0,,,1,1,0
sce1_etg_run_0068,sce-1,MarineMicro_MvsM_4,47,TrialState.COMPLETE,4.786816730846238,8.697247706422019,0.6422018348623854,25.877092908188285,5.719005678611124,0.857024858034722,109.0,completed,etg_only,C:\Users\Binich\PycharmProjects\PredictionRTS\output\learner_results\training_runs\run_0068\trials\trial_0047,highest_transition_prob,multi_step,2,15,future_reward,5,3,0.022569261045645692,0.7376763929855076,True,0.8495823730140715,0.31448259853632554,1,6.0,,,1,1,0
sce1_etg_run_0068,sce-1,MarineMicro_MvsM_4,48,TrialState.COMPLETE,33.47877681600631,42.25,0.9242424242424242,25.962494802380537,5.706093396350115,0.8573476650912472,132.0,completed,etg_only,C:\Users\Binich\PycharmProjects\PredictionRTS\output\learner_results\training_runs\run_0068\trials\trial_0048,best_subtree_quality,multi_step,2,14,win_rate,8,2,0.05019454416092464,0.7642423000562542,False,,,1,0.0,,,1,0,0
sce1_etg_run_0068,sce-1,MarineMicro_MvsM_4,49,TrialState.COMPLETE,45.76899090688026,50.87603305785124,1.0,15.885733631900687,4.0152833025827706,0.8996179174354307,121.0,completed,etg_only,C:\Users\Binich\PycharmProjects\PredictionRTS\output\learner_results\training_runs\run_0068\trials\trial_0049,best_subtree_quality,multi_step,8,14,future_reward,6,3,0.04197687139787771,0.6946928645989267,True,0.939241395059606,0.23334097178572574,1,7.0,,,1,1,0
sce1_etg_run_0068,sce-1,MarineMicro_MvsM_4,50,TrialState.COMPLETE,37.83231813880806,45.58474576271186,0.9576271186440678,20.873438750583155,5.333741491262248,0.8666564627184438,118.0,completed,etg_only,C:\Users\Binich\PycharmProjects\PredictionRTS\output\learner_results\training_runs\run_0068\trials\trial_0050,best_subtree_winrate,multi_step,6,13,quality,8,5,0.07278364078793638,0.6376047468066307,True,0.6228980716044372,0.26924568820132266,1,8.0,,,1,1,0
sce1_etg_run_0068,sce-1,MarineMicro_MvsM_4,51,TrialState.COMPLETE,44.22728089179657,48.39230769230769,1.0,16.968067817043487,3.442718067502434,0.9139320483124391,130.0,completed,etg_only,C:\Users\Binich\PycharmProjects\PredictionRTS\output\learner_results\training_runs\run_0068\trials\trial_0051,best_subtree_quality,multi_step,3,7,future_reward,7,3,0.0017540293327873962,0.7269080688780584,True,0.7649518050101236,0.5101472374340905,2,5.0,9.0,,1,1,0
sce1_etg_run_0068,sce-1,MarineMicro_MvsM_4,52,TrialState.COMPLETE,48.86920789270281,50.31297709923664,1.0,14.482990270224395,1.147830472195006,0.9713042381951249,131.0,completed,etg_only,C:\Users\Binich\PycharmProjects\PredictionRTS\output\learner_results\training_runs\run_0068\trials\trial_0052,best_subtree_quality,multi_step,3,9,future_reward,7,3,0.023408219963028738,0.7917886996254414,True,0.8273521382804597,0.416870942350775,2,6.0,7.0,,1,1,0
sce1_etg_run_0068,sce-1,MarineMicro_MvsM_4,53,TrialState.COMPLETE,46.91531059221589,48.93,1.0,16.809077904513384,1.6469972677572968,0.9588250683060676,100.0,completed,etg_only,C:\Users\Binich\PycharmProjects\PredictionRTS\output\learner_results\training_runs\run_0068\trials\trial_0053,best_subtree_quality,multi_step,2,9,future_reward,6,3,0.023953625618295383,0.7944362713612784,True,0.8079652691077629,0.19473968191282864,2,6.0,6.0,,1,1,0
sce1_etg_run_0068,sce-1,MarineMicro_MvsM_4,54,TrialState.COMPLETE,48.38269082220443,53.48360655737705,1.0,15.81254617387537,3.814937745232548,0.9046265563691863,122.0,completed,etg_only,C:\Users\Binich\PycharmProjects\PredictionRTS\output\learner_results\training_runs\run_0068\trials\trial_0054,best_subtree_quality,multi_step,9,3,future_reward,7,4,0.04025973635514183,0.7533121608799987,True,0.8327931920454126,0.32587543337738173,1,7.0,,,1,1,0
sce1_etg_run_0068,sce-1,MarineMicro_MvsM_4,55,TrialState.COMPLETE,44.32222994287071,49.8235294117647,1.0,17.74901917461637,4.41662767278384,0.889584308180404,102.0,completed,etg_only,C:\Users\Binich\PycharmProjects\PredictionRTS\output\learner_results\training_runs\run_0068\trials\trial_0055,random_beam,multi_step,2,4,quality,6,3,0.014575491178805234,0.7995605125662159,True,0.9373657336965187,0.6610605552187706,2,6.0,5.0,,1,1,0
sce1_etg_run_0068,sce-1,MarineMicro_MvsM_4,56,TrialState.COMPLETE,40.69578956944398,47.0655737704918,0.9754098360655737,21.70847749526877,4.541612476453654,0.8864596880886586,122.0,completed,etg_only,C:\Users\Binich\PycharmProjects\PredictionRTS\output\learner_results\training_runs\run_0068\trials\trial_0056,best_subtree_winrate,multi_step,7,12,future_reward,8,2,0.025887195833238386,0.7186186858268199,True,0.6711729042979983,0.42491950300076764,1,6.0,,,1,1,0
sce1_etg_run_0068,sce-1,MarineMicro_MvsM_4,57,TrialState.COMPLETE,31.61763849462953,40.77391304347826,0.8695652173913043,32.81067187724014,4.329855483772608,0.8917536129056848,115.0,completed,etg_only,C:\Users\Binich\PycharmProjects\PredictionRTS\output\learner_results\training_runs\run_0068\trials\trial_0057,best_subtree_quality,multi_step,8,15,quality,9,3,0.012267807601906065,0.7876209080678757,True,0.7708093407664796,0.7739052983553354,0,,,,1,1,0
sce1_etg_run_0068,sce-1,MarineMicro_MvsM_4,58,TrialState.COMPLETE,3.2324136033273,5.732142857142857,0.6339285714285714,26.554520109866534,4.418063059859019,0.8895484235035245,112.0,completed,etg_only,C:\Users\Binich\PycharmProjects\PredictionRTS\output\learner_results\training_runs\run_0068\trials\trial_0058,highest_transition_prob,multi_step,4,10,future_reward,5,4,0.020001369808456387,0.7554157596419944,True,0.9715639447922895,0.09540968082611355,2,5.0,7.0,,1,1,0
sce1_etg_run_0068,sce-1,MarineMicro_MvsM_4,59,TrialState.COMPLETE,48.70050295492655,51.4811320754717,0.9905660377358491,16.946214099417922,1.8001273191057572,0.9549968170223561,106.0,completed,etg_only,C:\Users\Binich\PycharmProjects\PredictionRTS\output\learner_results\training_runs\run_0068\trials\trial_0059,best_subtree_quality,multi_step,9,7,quality,7,3,0.032537718481664035,0.8115904149113413,True,0.05626209292882156,0.49487458198061635,2,7.0,8.0,,1,1,0
sce1_etg_run_0068,sce-1,MarineMicro_MvsM_4,60,TrialState.COMPLETE,42.71360591710753,48.56410256410256,0.9829059829059829,18.309020996100106,4.206935622834269,0.8948266094291433,117.0,completed,etg_only,C:\Users\Binich\PycharmProjects\PredictionRTS\output\learner_results\training_runs\run_0068\trials\trial_0060,best_subtree_quality,multi_step,9,6,quality,6,3,0.03442165741750543,0.8094070359139214,True,0.06766636191065423,0.5801310713121719,3,8.0,8.0,10.0,1,1,0
sce1_etg_run_0068,sce-1,MarineMicro_MvsM_4,61,TrialState.COMPLETE,45.05649650776881,50.03669724770642,0.9908256880733946,16.50127968654741,3.647731531814823,0.9088067117046295,109.0,completed,etg_only,C:\Users\Binich\PycharmProjects\PredictionRTS\output\learner_results\training_runs\run_0068\trials\trial_0061,best_subtree_quality,multi_step,10,7,quality,7,3,0.01853187624763527,0.7820027674527947,True,0.020601102449415765,0.48570401862415263,2,7.0,7.0,,1,1,0
sce1_etg_run_0068,sce-1,MarineMicro_MvsM_4,62,TrialState.COMPLETE,42.471224178006295,49.256410256410255,1.0,17.47631063089653,5.510093848157303,0.8622476537960674,117.0,completed,etg_only,C:\Users\Binich\PycharmProjects\PredictionRTS\output\learner_results\training_runs\run_0068\trials\trial_0062,best_subtree_quality,multi_step,8,8,quality,7,3,0.029852035042046105,0.8396584610908912,True,0.2757504435699689,0.41642864391477197,2,7.0,8.0,,1,1,0
sce1_etg_run_0068,sce-1,MarineMicro_MvsM_4,63,TrialState.COMPLETE,46.37338827795797,49.875,0.9732142857142857,18.558847043160537,1.7846856618147746,0.9553828584546307,112.0,completed,etg_only,C:\Users\Binich\PycharmProjects\PredictionRTS\output\learner_results\training_runs\run_0068\trials\trial_0063,best_subtree_quality,multi_step,9,7,quality,7,3,0.008936063095233952,0.8211152292281956,True,0.8676155199263161,0.5139677833277161,2,6.0,6.0,,1,1,0
sce1_etg_run_0068,sce-1,MarineMicro_MvsM_4,64,TrialState.COMPLETE,45.88454946546354,49.98620689655172,0.993103448275862,17.293804434515348,3.027246883762153,0.9243188279059462,145.0,completed,etg_only,C:\Users\Binich\PycharmProjects\PredictionRTS\output\learner_results\training_runs\run_0068\trials\trial_0064,best_subtree_winrate,multi_step,9,11,quality,7,4,0.0367637755489359,0.7408247659993517,True,0.15737410203152055,0.29290611208737144,2,8.0,5.0,,1,1,0
sce1_etg_run_0068,sce-1,MarineMicro_MvsM_4,65,TrialState.COMPLETE,39.455693819704614,46.27433628318584,0.9203539823008849,24.052394058756608,2.942631008737646,0.9264342247815589,113.0,completed,etg_only,C:\Users\Binich\PycharmProjects\PredictionRTS\output\learner_results\training_runs\run_0068\trials\trial_0065,best_subtree_quality,multi_step,7,6,quality,8,2,0.003001879950332452,0.707880833494584,True,0.1660425430956076,0.4717108874609275,2,7.0,8.0,,1,1,0
sce1_etg_run_0068,sce-1,MarineMicro_MvsM_4,66,TrialState.COMPLETE,43.964456584107396,49.401869158878505,1.0,18.810347029886234,4.4025966364018805,0.8899350840899529,107.0,completed,etg_only,C:\Users\Binich\PycharmProjects\PredictionRTS\output\learner_results\training_runs\run_0068\trials\trial_0066,best_subtree_quality,multi_step,3,5,win_rate,6,3,0.06187949761009793,0.761386408197852,True,0.7377151448981747,0.9334891350070031,2,6.0,7.0,,1,1,0
sce1_etg_run_0068,sce-1,MarineMicro_MvsM_4,67,TrialState.COMPLETE,39.032475462778606,45.84615384615385,0.9829059829059829,20.624280514615826,5.352556067180472,0.8661860983204882,117.0,completed,etg_only,C:\Users\Binich\PycharmProjects\PredictionRTS\output\learner_results\training_runs\run_0068\trials\trial_0067,best_subtree_winrate,multi_step,8,9,quality,7,3,0.006180191908685936,0.777157627894287,False,,,2,5.0,10.0,,1,0,0
sce1_etg_run_0068,sce-1,MarineMicro_MvsM_4,68,TrialState.COMPLETE,49.67253430093193,53.04,1.0,15.190075707513772,2.539566892208198,0.9365108276947951,100.0,completed,etg_only,C:\Users\Binich\PycharmProjects\PredictionRTS\output\learner_results\training_runs\run_0068\trials\trial_0068,best_subtree_quality,multi_step,4,13,future_reward,6,3,0.004825462865800912,0.734731874773243,True,0.33184878695605324,0.6079561690207512,1,9.0,,,1,1,0
sce1_etg_run_0068,sce-1,MarineMicro_MvsM_4,69,TrialState.COMPLETE,5.684538536678003,9.710526315789474,0.6578947368421053,27.49919414583562,4.407702343791715,0.8898074414052071,114.0,completed,etg_only,C:\Users\Binich\PycharmProjects\PredictionRTS\output\learner_results\training_runs\run_0068\trials\trial_0069,best_subtree_quality,multi_step,5,8,future_reward,4,3,0.004408720017508918,0.7337397046393214,True,0.3203386486711482,0.7581106610921597,1,9.0,,,1,1,0
sce1_etg_run_0068,sce-1,MarineMicro_MvsM_4,70,TrialState.COMPLETE,44.160035161913505,49.83620689655172,0.9741379310344828,19.437319226575834,3.614866941983693,0.9096283264504077,116.0,completed,etg_only,C:\Users\Binich\PycharmProjects\PredictionRTS\output\learner_results\training_runs\run_0068\trials\trial_0070,best_subtree_quality,multi_step,7,7,quality,5,2,0.008094369361867193,0.6979284895521317,True,0.42952435211093487,0.8574274898109875,1,10.0,,,1,1,0
sce1_etg_run_0068,sce-1,MarineMicro_MvsM_4,71,TrialState.COMPLETE,46.2280487455012,51.285714285714285,0.9920634920634921,16.670883820209976,3.656254936127415,0.9085936265968146,126.0,completed,etg_only,C:\Users\Binich\PycharmProjects\PredictionRTS\output\learner_results\training_runs\run_0068\trials\trial_0071,best_subtree_quality,multi_step,3,14,future_reward,6,3,0.0024417061766896105,0.7183353636561157,True,0.19553470056559868,0.7200298472303202,1,9.0,,,1,1,0
sce1_etg_run_0068,sce-1,MarineMicro_MvsM_4,72,TrialState.COMPLETE,39.79775201196075,46.8,0.9461538461538461,25.065575535444562,4.049004505907175,0.8987748873523206,130.0,completed,etg_only,C:\Users\Binich\PycharmProjects\PredictionRTS\output\learner_results\training_runs\run_0068\trials\trial_0072,best_subtree_quality,multi_step,4,13,future_reward,8,4,0.005400679626580451,0.7764993107368304,True,0.33079511158264957,0.33209679064053116,2,7.0,7.0,,1,1,0
sce1_etg_run_0068,sce-1,MarineMicro_MvsM_4,73,TrialState.COMPLETE,44.03643222545293,49.75247524752475,1.0,16.643261021732073,4.595584837645802,0.8851103790588549,101.0,completed,etg_only,C:\Users\Binich\PycharmProjects\PredictionRTS\output\learner_results\training_runs\run_0068\trials\trial_0073,best_subtree_quality,multi_step,2,12,future_reward,6,3,0.025412861444545357,0.7484530905150135,True,0.20603995911960976,0.6061044892624613,0,,,,1,1,0
sce1_etg_run_0068,sce-1,MarineMicro_MvsM_4,74,TrialState.COMPLETE,43.96283396915565,49.12871287128713,1.0,15.319477905392036,4.205995720397252,0.8948501069900687,101.0,completed,etg_only,C:\Users\Binich\PycharmProjects\PredictionRTS\output\learner_results\training_runs\run_0068\trials\trial_0074,best_subtree_quality,multi_step,3,13,future_reward,7,3,0.016315328166276656,0.6654481955238992,True,0.5097967181802822,0.014720877089412943,2,8.0,6.0,,1,1,0
sce1_etg_run_0068,sce-1,MarineMicro_MvsM_4,75,TrialState.COMPLETE,46.5417654064585,51.36,1.0,16.731718381564995,3.7525191538485188,0.906187021153787,100.0,completed,etg_only,C:\Users\Binich\PycharmProjects\PredictionRTS\output\learner_results\training_runs\run_0068\trials\trial_0075,best_subtree_winrate,multi_step,3,9,future_reward,7,3,0.0032391811888965705,0.8138272413265926,True,0.8879628327643583,0.40092493088729125,1,6.0,,,1,1,0
sce1_etg_run_0068,sce-1,MarineMicro_MvsM_4,76,TrialState.COMPLETE,46.30330002971288,50.179245283018865,1.0,16.96822622778217,3.0896799913550277,0.9227580002161243,106.0,completed,etg_only,C:\Users\Binich\PycharmProjects\PredictionRTS\output\learner_results\training_runs\run_0068\trials\trial_0076,highest_transition_prob,multi_step,2,15,future_reward,6,3,0.004734323449910626,0.8688157543157622,True,0.3835736609343956,0.1981649311008683,2,5.0,4.0,,1,1,0
sce1_etg_run_0068,sce-1,MarineMicro_MvsM_4,77,TrialState.COMPLETE,45.96572205792378,51.02290076335878,0.9465648854961832,20.15189103276065,1.9303799040544625,0.9517405023986384,131.0,completed,etg_only,C:\Users\Binich\PycharmProjects\PredictionRTS\output\learner_results\training_runs\run_0068\trials\trial_0077,best_subtree_quality,multi_step,4,10,future_reward,8,4,0.011811383726092573,0.7279436168355174,True,0.8253619916843326,0.44758019624916334,1,9.0,,,1,1,0
sce1_etg_run_0068,sce-1,MarineMicro_MvsM_4,78,TrialState.COMPLETE,48.69065539801037,52.13953488372093,1.0,16.162807428467165,2.6458843512141637,0.9338528912196459,129.0,completed,etg_only,C:\Users\Binich\PycharmProjects\PredictionRTS\output\learner_results\training_runs\run_0068\trials\trial_0078,random_beam,multi_step,3,8,quality,7,3,0.0025450779171051576,0.8366955488443549,False,,,2,6.0,10.0,,1,0,0
sce1_etg_run_0068,sce-1,MarineMicro_MvsM_4,79,TrialState.COMPLETE,43.26727720560041,47.73913043478261,1.0,15.703827811699556,3.746907988021516,0.9063273002994621,115.0,completed,etg_only,C:\Users\Binich\PycharmProjects\PredictionRTS\output\learner_results\training_runs\run_0068\trials\trial_0079,random_beam,multi_step,10,8,quality,2,3,0.0037258611790636797,0.8995897739131498,False,,,2,7.0,10.0,,1,0,0
sce1_etg_run_0068,sce-1,MarineMicro_MvsM_4,80,TrialState.COMPLETE,46.850386461346375,50.77981651376147,0.9908256880733946,18.090170577580682,2.7535587308202807,0.9311610317294929,109.0,completed,etg_only,C:\Users\Binich\PycharmProjects\PredictionRTS\output\learner_results\training_runs\run_0068\trials\trial_0080,random_beam,multi_step,9,6,quality,7,3,0.013749695886912716,0.8372231958405647,False,,,2,6.0,9.0,,1,0,0
sce1_etg_run_0068,sce-1,MarineMicro_MvsM_4,81,TrialState.COMPLETE,45.98923949717809,48.513513513513516,0.990990990990991,17.136371342567188,1.7365800729480037,0.9565854981762999,111.0,completed,etg_only,C:\Users\Binich\PycharmProjects\PredictionRTS\output\learner_results\training_runs\run_0068\trials\trial_0081,random_beam,multi_step,3,8,quality,7,3,0.0028101727039938607,0.8051455409369063,False,,,2,5.0,10.0,,1,0,0
sce1_etg_run_0068,sce-1,MarineMicro_MvsM_4,82,TrialState.COMPLETE,46.00086697136683,50.30232558139535,0.9922480620155039,18.783385636967047,3.1347074245590894,0.9216323143860228,129.0,completed,etg_only,C:\Users\Binich\PycharmProjects\PredictionRTS\output\learner_results\training_runs\run_0068\trials\trial_0082,random_beam,multi_step,3,7,quality,7,3,0.0066531525833567005,0.7657784218043557,False,,,2,6.0,10.0,,1,0,0
sce1_etg_run_0068,sce-1,MarineMicro_MvsM_4,83,TrialState.COMPLETE,46.2629508232994,51.36,0.99,16.07888055804881,3.6057216846821776,0.9098569578829455,100.0,completed,etg_only,C:\Users\Binich\PycharmProjects\PredictionRTS\output\learner_results\training_runs\run_0068\trials\trial_0083,best_subtree_quality,multi_step,2,14,quality,6,4,0.0021195770396465617,0.8608862569481763,False,,,2,7.0,9.0,,1,0,0
sce1_etg_run_0068,sce-1,MarineMicro_MvsM_4,84,TrialState.COMPLETE,44.191434495714724,46.992,1.0,18.41499215313436,2.3838657680330897,0.9404033557991728,125.0,completed,etg_only,C:\Users\Binich\PycharmProjects\PredictionRTS\output\learner_results\training_runs\run_0068\trials\trial_0084,random_beam,multi_step,4,7,win_rate,7,3,0.004018503633549255,0.7910124690450037,True,0.5595157246900833,0.2708660666214635,2,6.0,7.0,,1,1,0
sce1_etg_run_0068,sce-1,MarineMicro_MvsM_4,85,TrialState.COMPLETE,39.56362967477943,47.496,0.936,24.199379826764158,4.40219376568335,0.8899451558579162,125.0,completed,etg_only,C:\Users\Binich\PycharmProjects\PredictionRTS\output\learner_results\training_runs\run_0068\trials\trial_0085,highest_transition_prob,multi_step,3,10,future_reward,8,3,0.002486644321975947,0.827975661348879,True,0.42460855053232033,0.35711619936753747,2,8.0,10.0,,1,1,0
sce1_etg_run_0068,sce-1,MarineMicro_MvsM_4,86,TrialState.COMPLETE,39.2881076437068,46.116279069767444,0.9147286821705426,27.011805603636194,2.7458596203934076,0.9313535094901648,129.0,completed,etg_only,C:\Users\Binich\PycharmProjects\PredictionRTS\output\learner_results\training_runs\run_0068\trials\trial_0086,best_subtree_quality,multi_step,5,9,future_reward,8,3,0.04860286492154517,0.7425435298552459,False,,,3,10.0,8.0,2.0,1,0,0
sce1_etg_run_0068,sce-1,MarineMicro_MvsM_4,87,TrialState.COMPLETE,46.30196908945572,49.63846153846154,1.0,17.10510668064403,2.688634857404349,0.9327841285648912,130.0,completed,etg_only,C:\Users\Binich\PycharmProjects\PredictionRTS\output\learner_results\training_runs\run_0068\trials\trial_0087,best_subtree_winrate,multi_step,4,11,quality,6,4,0.002070603187364909,0.5091859094186276,True,0.7909209479288029,0.5424519180349533,1,5.0,,,1,1,0
sce1_etg_run_0068,sce-1,MarineMicro_MvsM_4,88,TrialState.COMPLETE,45.51433451846331,51.794117647058826,1.0,16.078446317544465,4.849804119755764,0.8787548970061059,102.0,completed,etg_only,C:\Users\Binich\PycharmProjects\PredictionRTS\output\learner_results\training_runs\run_0068\trials\trial_0088,best_subtree_quality,multi_step,2,8,future_reward,7,3,0.005022105965270366,0.8881554046814666,True,0.23462765670832197,0.3081740910578149,2,7.0,9.0,,1,1,0
sce1_etg_run_0068,sce-1,MarineMicro_MvsM_4,89,TrialState.COMPLETE,47.263953241851695,51.30232558139535,0.9922480620155039,17.11321383069022,2.8607847018711277,0.9284803824532218,129.0,completed,etg_only,C:\Users\Binich\PycharmProjects\PredictionRTS\output\learner_results\training_runs\run_0068\trials\trial_0089,highest_transition_prob,multi_step,3,7,quality,6,2,0.001583190061863381,0.7699208398805999,True,0.34767800771736174,0.16793774404396256,2,6.0,5.0,,1,1,0
sce1_etg_run_0068,sce-1,MarineMicro_MvsM_4,90,TrialState.COMPLETE,4.826134072497029,8.722222222222221,0.5925925925925926,26.955324263915646,2.6512554262172507,0.9337186143445687,108.0,completed,etg_only,C:\Users\Binich\PycharmProjects\PredictionRTS\output\learner_results\training_runs\run_0068\trials\trial_0090,best_subtree_quality,multi_step,3,15,future_reward,5,4,0.028108708488858363,0.6912330449590662,True,0.1315481217293128,0.8884498762564048,2,4.0,6.0,,1,1,0
sce1_etg_run_0068,sce-1,MarineMicro_MvsM_4,91,TrialState.COMPLETE,45.30791062731168,50.2093023255814,0.9844961240310077,18.768551305785472,3.336338965663177,0.9165915258584205,129.0,completed,etg_only,C:\Users\Binich\PycharmProjects\PredictionRTS\output\learner_results\training_runs\run_0068\trials\trial_0091,best_subtree_quality,multi_step,3,9,future_reward,7,3,0.0013506371895413483,0.8494128761222128,True,0.6764879646238713,0.3944970434864931,2,4.0,9.0,,1,1,0
sce1_etg_run_0068,sce-1,MarineMicro_MvsM_4,92,TrialState.COMPLETE,46.68377321673772,49.11363636363637,1.0,15.16907126822522,1.9789722991863088,0.9505256925203422,132.0,completed,etg_only,C:\Users\Binich\PycharmProjects\PredictionRTS\output\learner_results\training_runs\run_0068\trials\trial_0092,best_subtree_quality,multi_step,2,8,future_reward,7,3,0.0034035552970127013,0.8275677498115391,True,0.7191621428961293,0.25146200807007735,2,5.0,10.0,,1,1,0
sce1_etg_run_0068,sce-1,MarineMicro_MvsM_4,93,TrialState.COMPLETE,47.318391123650414,52.3125,0.9921875,17.671812831455636,3.5337811188304484,0.9116554720292388,128.0,completed,etg_only,C:\Users\Binich\PycharmProjects\PredictionRTS\output\learner_results\training_runs\run_0068\trials\trial_0093,best_subtree_quality,multi_step,3,6,future_reward,7,3,0.001198453952352981,0.7875658734291069,True,0.7589072741492225,0.975342316627493,2,6.0,9.0,,1,1,0
sce1_etg_run_0068,sce-1,MarineMicro_MvsM_4,94,TrialState.COMPLETE,39.38966535493939,45.54807692307692,0.9423076923076923,26.102932272540805,3.2904128179787935,0.9177396795505302,104.0,completed,etg_only,C:\Users\Binich\PycharmProjects\PredictionRTS\output\learner_results\training_runs\run_0068\trials\trial_0094,best_subtree_quality,multi_step,6,8,future_reward,8,3,0.010505699989677743,0.8049878422685153,True,0.8475463299956205,0.34965491978121493,2,5.0,10.0,,1,1,0
sce1_etg_run_0068,sce-1,MarineMicro_MvsM_4,95,TrialState.COMPLETE,46.898610127580646,50.266666666666666,1.0,14.999851851120251,2.6801510921108913,0.9329962226972277,135.0,completed,etg_only,C:\Users\Binich\PycharmProjects\PredictionRTS\output\learner_results\training_runs\run_0068\trials\trial_0095,best_subtree_quality,multi_step,4,8,future_reward,6,3,0.020915475555416396,0.7565210912345914,True,0.6175095018403833,0.4459446038452345,2,3.0,8.0,,1,1,0
sce1_etg_run_0068,sce-1,MarineMicro_MvsM_4,96,TrialState.COMPLETE,48.38233354197646,51.323076923076925,1.0,18.016323958956857,2.2919462802341783,0.9427013429941455,130.0,completed,etg_only,C:\Users\Binich\PycharmProjects\PredictionRTS\output\learner_results\training_runs\run_0068\trials\trial_0096,random_beam,multi_step,3,7,quality,7,3,0.0018787463129227586,0.8134392867777066,True,0.4752698501887207,0.38145371917636234,1,4.0,,,1,1,0
sce1_etg_run_0068,sce-1,MarineMicro_MvsM_4,97,TrialState.COMPLETE,44.317662263941386,47.76315789473684,0.9912280701754386,19.991358936624692,2.557036899506262,0.9360740775123435,114.0,completed,etg_only,C:\Users\Binich\PycharmProjects\PredictionRTS\output\learner_results\training_runs\run_0068\trials\trial_0097,best_subtree_winrate,multi_step,8,6,win_rate,7,3,0.018526997357241216,0.7267588391847157,True,0.7055362493004902,0.22174308661095965,2,7.0,9.0,,1,1,0
sce1_etg_run_0068,sce-1,MarineMicro_MvsM_4,98,TrialState.COMPLETE,39.68265194690636,46.74045801526717,0.9389312977099237,23.887966176183706,3.8312166940399317,0.9042195826490017,131.0,completed,etg_only,C:\Users\Binich\PycharmProjects\PredictionRTS\output\learner_results\training_runs\run_0068\trials\trial_0098,best_subtree_quality,multi_step,2,12,future_reward,8,3,0.002626085131933122,0.779894846925669,False,,,2,9.0,10.0,,1,0,0
sce1_etg_run_0068,sce-1,MarineMicro_MvsM_4,99,TrialState.COMPLETE,4.286305529522991,8.209090909090909,0.6454545454545455,26.280340199315066,7.641946620979709,0.8089513344755073,110.0,completed,etg_only,C:\Users\Binich\PycharmProjects\PredictionRTS\output\learner_results\training_runs\run_0068\trials\trial_0099,best_subtree_quality,multi_step,6,9,quality,5,4,0.0010238728484950911,0.7112074301225723,True,0.9049223157794267,0.8103892219077035,2,8.0,8.0,,1,1,0
sce1_etg_run_0068,sce-1,MarineMicro_MvsM_4,100,TrialState.COMPLETE,45.322740766778374,49.064516129032256,0.9838709677419355,18.548863948989624,2.444764443690832,0.9388808889077292,124.0,completed,etg_only,C:\Users\Binich\PycharmProjects\PredictionRTS\output\learner_results\training_runs\run_0068\trials\trial_0100,highest_transition_prob,multi_step,4,7,future_reward,7,5,0.0032019647203405423,0.8457018746767647,True,0.8019962150377687,0.49419330342444195,3,6.0,9.0,7.0,1,1,0
sce1_etg_run_0068,sce-1,MarineMicro_MvsM_4,101,TrialState.COMPLETE,45.68663408743499,49.057377049180324,1.0,17.250468836740122,2.7484086304623627,0.9312897842384409,122.0,completed,etg_only,C:\Users\Binich\PycharmProjects\PredictionRTS\output\learner_results\training_runs\run_0068\trials\trial_0101,best_subtree_quality,multi_step,9,3,future_reward,7,4,0.03851966154163286,0.7571241922539547,True,0.8246495897731062,0.31878311974530565,1,7.0,,,1,1,0
sce1_etg_run_0068,sce-1,MarineMicro_MvsM_4,102,TrialState.COMPLETE,47.55613990422065,51.21774193548387,0.9838709677419355,17.822403662819994,2.250777227941556,0.943730569301461,124.0,completed,etg_only,C:\Users\Binich\PycharmProjects\PredictionRTS\output\learner_results\training_runs\run_0068\trials\trial_0102,best_subtree_quality,multi_step,9,2,future_reward,6,4,0.03171814011462401,0.7412553254235226,True,0.8588828905582855,0.4174265453588468,1,8.0,,,1,1,0
sce1_etg_run_0068,sce-1,MarineMicro_MvsM_4,103,TrialState.COMPLETE,45.622266826715325,50.00869565217391,0.991304347826087,18.05522718587222,3.1884322919699635,0.9202891927007509,115.0,completed,etg_only,C:\Users\Binich\PycharmProjects\PredictionRTS\output\learner_results\training_runs\run_0068\trials\trial_0103,best_subtree_quality,multi_step,10,11,future_reward,7,4,0.04503214633061116,0.7535105137986167,True,0.8319474558635463,0.33255746795897967,1,7.0,,,1,1,0
sce1_etg_run_0068,sce-1,MarineMicro_MvsM_4,104,TrialState.COMPLETE,39.38278616944391,45.983193277310924,0.9663865546218487,20.799556876856016,4.549985065757993,0.8862503733560502,119.0,completed,etg_only,C:\Users\Binich\PycharmProjects\PredictionRTS\output\learner_results\training_runs\run_0068\trials\trial_0104,best_subtree_quality,multi_step,8,4,future_reward,8,3,0.023090043462604994,0.7972176344417125,True,0.7504479123707777,0.054212848443260325,1,6.0,,,1,1,0
sce1_etg_run_0068,sce-1,MarineMicro_MvsM_4,105,TrialState.COMPLETE,48.448418514248615,52.07692307692308,1.0,15.14271359921758,2.787034523767684,0.930324136905808,117.0,completed,etg_only,C:\Users\Binich\PycharmProjects\PredictionRTS\output\learner_results\training_runs\run_0068\trials\trial_0105,best_subtree_quality,multi_step,9,14,future_reward,7,4,0.008465314642784239,0.9957570063352268,True,0.5905313171132929,0.5323089105187432,1,6.0,,,1,1,0
sce1_etg_run_0068,sce-1,MarineMicro_MvsM_4,106,TrialState.COMPLETE,46.294052339621,49.705882352941174,1.0,15.737795293243636,2.7456146852754113,0.9313596328681147,102.0,completed,etg_only,C:\Users\Binich\PycharmProjects\PredictionRTS\output\learner_results\training_runs\run_0068\trials\trial_0106,best_subtree_quality,multi_step,9,14,future_reward,6,3,0.007128203863010791,0.9213682192141777,True,0.5781034631658376,0.6259783980199314,2,6.0,8.0,,1,1,0
sce1_etg_run_0068,sce-1,MarineMicro_MvsM_4,107,TrialState.COMPLETE,42.580025456478666,49.06956521739131,0.9739130434782609,20.23201154396942,4.3603429873971296,0.8909914253150717,115.0,completed,etg_only,C:\Users\Binich\PycharmProjects\PredictionRTS\output\learner_results\training_runs\run_0068\trials\trial_0107,best_subtree_quality,multi_step,8,15,quality,7,3,0.00878569506727767,0.9958369040780326,True,0.774338541763231,0.5380359588806471,0,,,,1,1,0
sce1_etg_run_0068,sce-1,MarineMicro_MvsM_4,108,TrialState.COMPLETE,48.017686505296034,51.06976744186046,0.9844961240310077,17.82263435339327,1.7982434713255138,0.9550439132168621,129.0,completed,etg_only,C:\Users\Binich\PycharmProjects\PredictionRTS\output\learner_results\training_runs\run_0068\trials\trial_0108,best_subtree_winrate,multi_step,3,14,future_reward,6,4,0.008245224730369233,0.964578107148014,True,0.6505964439613817,0.465026109752761,1,5.0,,,1,1,0
sce1_etg_run_0068,sce-1,MarineMicro_MvsM_4,109,TrialState.COMPLETE,46.0170607520487,50.862385321100916,0.963302752293578,19.165846865019102,2.431890414684905,0.9392027396328774,109.0,completed,etg_only,C:\Users\Binich\PycharmProjects\PredictionRTS\output\learner_results\training_runs\run_0068\trials\trial_0109,best_subtree_quality,multi_step,9,13,quality,7,3,0.01696778515415663,0.9752939526099679,True,0.6049372977048724,0.5776009816998028,2,6.0,6.0,,1,1,0
sce1_etg_run_0068,sce-1,MarineMicro_MvsM_4,110,TrialState.COMPLETE,41.111254966142,47.564516129032256,0.9516129032258065,22.257380774911887,3.669002628906132,0.9082749342773467,124.0,completed,etg_only,C:\Users\Binich\PycharmProjects\PredictionRTS\output\learner_results\training_runs\run_0068\trials\trial_0110,random_beam,multi_step,10,13,future_reward,8,4,0.005913943626779886,0.7721512282929602,False,,,2,5.0,7.0,,1,0,0
sce1_etg_run_0068,sce-1,MarineMicro_MvsM_4,111,TrialState.COMPLETE,45.41970025752934,47.9,1.0,18.423897524682445,2.071231517720798,0.94821921205698,120.0,completed,etg_only,C:\Users\Binich\PycharmProjects\PredictionRTS\output\learner_results\training_runs\run_0068\trials\trial_0111,best_subtree_quality,multi_step,9,3,future_reward,7,4,0.036334250640915514,0.7312051301167374,True,0.7838693391145556,0.2833797536086431,1,2.0,,,1,1,0
sce1_etg_run_0068,sce-1,MarineMicro_MvsM_4,112,TrialState.COMPLETE,46.11313040586038,50.1328125,0.9921875,18.870186097117426,2.9175196018638236,0.9270620099534044,128.0,completed,etg_only,C:\Users\Binich\PycharmProjects\PredictionRTS\output\learner_results\training_runs\run_0068\trials\trial_0112,best_subtree_quality,multi_step,9,14,future_reward,7,4,0.04189047707728111,0.5780580216893696,True,0.7323914240188495,0.40601620581649334,1,6.0,,,1,1,0
sce1_etg_run_0068,sce-1,MarineMicro_MvsM_4,113,TrialState.COMPLETE,50.621872236215175,54.1578947368421,1.0,16.829682918784133,2.6116395534270787,0.934709011164323,114.0,completed,etg_only,C:\Users\Binich\PycharmProjects\PredictionRTS\output\learner_results\training_runs\run_0068\trials\trial_0113,best_subtree_quality,multi_step,9,15,future_reward,7,3,0.010060480628883846,0.7461335286031635,True,0.678096637144664,0.6682950146744524,1,7.0,,,1,1,0
sce1_etg_run_0068,sce-1,MarineMicro_MvsM_4,114,TrialState.COMPLETE,47.417874040653984,50.53846153846154,1.0,16.541860115920294,2.4698713833484445,0.9382532154162889,117.0,completed,etg_only,C:\Users\Binich\PycharmProjects\PredictionRTS\output\learner_results\training_runs\run_0068\trials\trial_0114,best_subtree_quality,multi_step,8,15,future_reward,6,3,0.012348822508221146,0.7221633711469327,True,0.6879519757957108,0.5261579038477129,1,7.0,,,1,1,0
sce1_etg_run_0068,sce-1,MarineMicro_MvsM_4,115,TrialState.COMPLETE,47.056208819301894,51.49514563106796,1.0,16.022965185267868,3.4480429231667054,0.9137989269208324,103.0,completed,etg_only,C:\Users\Binich\PycharmProjects\PredictionRTS\output\learner_results\training_runs\run_0068\trials\trial_0115,best_subtree_quality,multi_step,3,15,future_reward,7,3,0.010472526387851002,0.7056941317122953,True,0.5451068576407561,0.6840370062040798,1,6.0,,,1,1,0
sce1_etg_run_0068,sce-1,MarineMicro_MvsM_4,116,TrialState.COMPLETE,47.00937734422132,51.35454545454545,0.990909090909091,17.180108140011207,3.048524242168186,0.9237868939457954,110.0,completed,etg_only,C:\Users\Binich\PycharmProjects\PredictionRTS\output\learner_results\training_runs\run_0068\trials\trial_0116,highest_transition_prob,multi_step,10,14,quality,7,3,0.009625386647794672,0.7843448138830411,True,0.6548270657123372,0.5867643101272371,1,8.0,,,1,1,0
sce1_etg_run_0068,sce-1,MarineMicro_MvsM_4,117,TrialState.COMPLETE,47.268273352434534,51.34710743801653,1.0,15.370741091949007,3.177459677163504,0.9205635080709124,121.0,completed,etg_only,C:\Users\Binich\PycharmProjects\PredictionRTS\output\learner_results\training_runs\run_0068\trials\trial_0117,best_subtree_quality,multi_step,7,15,future_reward,7,3,0.015064556324837063,0.7663553033702719,True,0.7171723930542552,0.48631782340253477,2,7.0,1.0,,1,1,0
sce1_etg_run_0068,sce-1,MarineMicro_MvsM_4,118,TrialState.COMPLETE,45.33438877011975,47.68421052631579,1.0,17.819634529155504,1.9711529080673176,0.9507211772983171,133.0,completed,etg_only,C:\Users\Binich\PycharmProjects\PredictionRTS\output\learner_results\training_runs\run_0068\trials\trial_0118,best_subtree_quality,multi_step,2,8,win_rate,6,3,0.004148791347910082,0.7421799972907472,True,0.05659310756516628,0.6466030279268214,2,5.0,2.0,,1,1,0
sce1_etg_run_0068,sce-1,MarineMicro_MvsM_4,119,TrialState.COMPLETE,32.12615703647847,44.47572815533981,0.9029126213592233,27.48091823771972,9.112192645822862,0.8,103.0,completed,etg_only,C:\Users\Binich\PycharmProjects\PredictionRTS\output\learner_results\training_runs\run_0068\trials\trial_0119,best_subtree_winrate,multi_step,3,14,future_reward,8,3,0.002247768676490186,0.8316506308953355,True,0.30173055422953343,0.43226174160276243,1,1.0,,,1,1,0
sce1_etg_run_0068,sce-1,MarineMicro_MvsM_4,120,TrialState.COMPLETE,48.9640479729371,51.5390625,1.0,16.679844847033014,1.9984954340703405,0.9500376141482415,128.0,completed,etg_only,C:\Users\Binich\PycharmProjects\PredictionRTS\output\learner_results\training_runs\run_0068\trials\trial_0120,best_subtree_quality,multi_step,4,7,quality,7,2,0.0017116936917275772,0.8220491740074112,False,,,2,6.0,9.0,,1,0,0
sce1_etg_run_0068,sce-1,MarineMicro_MvsM_4,121,TrialState.COMPLETE,45.469347599938274,49.63846153846154,0.9769230769230769,17.177804931030064,2.494061874952536,0.9376484531261866,130.0,completed,etg_only,C:\Users\Binich\PycharmProjects\PredictionRTS\output\learner_results\training_runs\run_0068\trials\trial_0121,best_subtree_quality,multi_step,4,8,quality,7,2,0.001701464009549116,0.8192221629162385,False,,,2,6.0,9.0,,1,0,0
sce1_etg_run_0068,sce-1,MarineMicro_MvsM_4,122,TrialState.COMPLETE,46.616527538990596,50.85,1.0,16.066346815626755,3.330165161069343,0.9167458709732664,120.0,completed,etg_only,C:\Users\Binich\PycharmProjects\PredictionRTS\output\learner_results\training_runs\run_0068\trials\trial_0122,best_subtree_quality,multi_step,4,7,quality,7,1,0.0011049673231693636,0.800084384710678,False,,,2,6.0,10.0,,1,0,0
sce1_etg_run_0068,sce-1,MarineMicro_MvsM_4,123,TrialState.COMPLETE,46.78648000823682,50.146153846153844,1.0,16.906126126103402,2.679905500409345,0.9330023624897664,130.0,completed,etg_only,C:\Users\Binich\PycharmProjects\PredictionRTS\output\learner_results\training_runs\run_0068\trials\trial_0123,best_subtree_quality,multi_step,5,7,quality,7,1,0.01148679469163971,0.7504452405868519,False,,,2,6.0,9.0,,1,0,0
sce1_etg_run_0068,sce-1,MarineMicro_MvsM_4,124,TrialState.COMPLETE,44.7116426170323,48.295081967213115,1.0,16.343489466576624,2.9679538406114068,0.9258011539847149,122.0,completed,etg_only,C:\Users\Binich\PycharmProjects\PredictionRTS\output\learner_results\training_runs\run_0068\trials\trial_0124,best_subtree_quality,multi_step,9,13,quality,6,2,0.0014489950979629466,0.765416204773298,False,,,2,7.0,7.0,,1,0,0
sce1_etg_run_0068,sce-1,MarineMicro_MvsM_4,125,TrialState.COMPLETE,39.38597623409611,44.42016806722689,0.9243697478991597,26.035365668989016,1.6314236954538484,0.9592144076136537,119.0,completed,etg_only,C:\Users\Binich\PycharmProjects\PredictionRTS\output\learner_results\training_runs\run_0068\trials\trial_0125,best_subtree_quality,multi_step,3,6,quality,8,3,0.0012610775329702257,0.7348610569881396,False,,,2,5.0,10.0,,1,0,0
sce1_etg_run_0068,sce-1,MarineMicro_MvsM_4,126,TrialState.COMPLETE,46.6341360073817,49.46218487394958,1.0,15.047147146324201,2.287039178536037,0.9428240205365991,119.0,completed,etg_only,C:\Users\Binich\PycharmProjects\PredictionRTS\output\learner_results\training_runs\run_0068\trials\trial_0126,random_beam,multi_step,3,9,future_reward,7,2,0.00197393757651714,0.7884019268352249,True,0.5300176066006155,0.3753399292122361,2,7.0,8.0,,1,1,0
sce1_etg_run_0068,sce-1,MarineMicro_MvsM_4,127,TrialState.COMPLETE,47.81364338249979,53.38235294117647,1.0,16.815634716960762,4.172696969586935,0.8956825757603266,102.0,completed,etg_only,C:\Users\Binich\PycharmProjects\PredictionRTS\output\learner_results\training_runs\run_0068\trials\trial_0127,best_subtree_quality,multi_step,4,8,quality,7,3,0.013683665635542748,0.8089883638101181,True,0.6287641861712123,0.7238513017445386,2,6.0,6.0,,1,1,0
sce1_etg_run_0068,sce-1,MarineMicro_MvsM_4,128,TrialState.COMPLETE,44.7497461957994,50.04651162790697,0.9922480620155039,17.540588794938458,3.954048247545985,0.9011487938113504,129.0,completed,etg_only,C:\Users\Binich\PycharmProjects\PredictionRTS\output\learner_results\training_runs\run_0068\trials\trial_0128,highest_transition_prob,multi_step,2,7,future_reward,6,5,0.006684787565639899,0.8221546902356205,False,,,1,4.0,,,1,0,0
sce1_etg_run_0068,sce-1,MarineMicro_MvsM_4,129,TrialState.COMPLETE,32.91727855597164,41.925,0.8916666666666667,29.389953640657552,4.7784624148231085,0.8805384396294222,120.0,completed,etg_only,C:\Users\Binich\PycharmProjects\PredictionRTS\output\learner_results\training_runs\run_0068\trials\trial_0129,best_subtree_quality,multi_step,3,15,quality,10,3,0.007767081978026462,0.7776951046451899,True,0.5820282448376919,0.6138317058906576,2,9.0,7.0,,1,1,0
sce1_etg_run_0068,sce-1,MarineMicro_MvsM_4,130,TrialState.COMPLETE,45.61312405400263,49.17142857142857,1.0,16.022280405352888,2.8946114610088993,0.9276347134747776,105.0,completed,etg_only,C:\Users\Binich\PycharmProjects\PredictionRTS\output\learner_results\training_runs\run_0068\trials\trial_0130,best_subtree_quality,multi_step,9,6,future_reward,7,3,0.0023542309925760115,0.7140727012847357,True,0.4959004072370479,0.29691780924356526,2,8.0,10.0,,1,1,0
sce1_etg_run_0068,sce-1,MarineMicro_MvsM_4,131,TrialState.COMPLETE,49.36370326542684,51.794871794871796,1.0,16.202531437511965,1.8775360920466002,0.953061597698835,117.0,completed,etg_only,C:\Users\Binich\PycharmProjects\PredictionRTS\output\learner_results\training_runs\run_0068\trials\trial_0131,best_subtree_quality,multi_step,9,10,future_reward,7,4,0.02712680799888457,0.7513167383338486,True,0.8386957635758807,0.3566031805048522,1,7.0,,,1,1,0
sce1_etg_run_0068,sce-1,MarineMicro_MvsM_4,132,TrialState.COMPLETE,49.79325489379395,51.803149606299215,0.9921259842519685,18.753703831585238,1.2468046148759762,0.9688298846281006,127.0,completed,etg_only,C:\Users\Binich\PycharmProjects\PredictionRTS\output\learner_results\training_runs\run_0068\trials\trial_0132,best_subtree_quality,multi_step,5,10,future_reward,7,4,0.029682572587244195,0.8612046019472939,True,0.8998739182692674,0.35134962650567664,1,6.0,,,1,1,0
sce1_etg_run_0068,sce-1,MarineMicro_MvsM_4,133,TrialState.COMPLETE,45.738571875000005,51.0703125,1.0,17.29666857092266,4.175999999999998,0.8956000000000001,128.0,completed,etg_only,C:\Users\Binich\PycharmProjects\PredictionRTS\output\learner_results\training_runs\run_0068\trials\trial_0133,best_subtree_quality,multi_step,5,10,future_reward,7,4,0.028424716028507567,0.8663980810145385,True,0.8786347112278639,0.25772011383192317,1,7.0,,,1,1,0
sce1_etg_run_0068,sce-1,MarineMicro_MvsM_4,134,TrialState.COMPLETE,46.9821864617997,49.372549019607845,0.9934640522875817,17.84570117325862,1.6861752266394512,0.9578456193340137,153.0,completed,etg_only,C:\Users\Binich\PycharmProjects\PredictionRTS\output\learner_results\training_runs\run_0068\trials\trial_0134,best_subtree_quality,multi_step,5,11,future_reward,7,4,0.02677085065269936,0.8877510981538521,True,0.9131888319658732,0.3580838456551646,1,6.0,,,1,1,0
sce1_etg_run_0068,sce-1,MarineMicro_MvsM_4,135,TrialState.COMPLETE,46.73202752074909,52.01574803149607,0.9921259842519685,17.98117311648974,3.7779569375525823,0.9055510765611854,127.0,completed,etg_only,C:\Users\Binich\PycharmProjects\PredictionRTS\output\learner_results\training_runs\run_0068\trials\trial_0135,best_subtree_quality,multi_step,6,10,future_reward,7,3,0.025317343663894265,0.8333600669327833,True,0.9558737877511577,0.3438083792196825,1,7.0,,,1,1,0
sce1_etg_run_0068,sce-1,MarineMicro_MvsM_4,136,TrialState.COMPLETE,44.54129895831763,48.84090909090909,0.9924242424242424,17.16357557288926,3.242855459147155,0.9189286135213212,132.0,completed,etg_only,C:\Users\Binich\PycharmProjects\PredictionRTS\output\learner_results\training_runs\run_0068\trials\trial_0136,best_subtree_winrate,multi_step,4,9,future_reward,6,4,0.019872777659296383,0.8551765722378932,True,0.8435679173529341,0.4025410450083998,1,6.0,,,1,1,0
sce1_etg_run_0068,sce-1,MarineMicro_MvsM_4,137,TrialState.COMPLETE,35.77141278607801,44.261538461538464,0.9076923076923077,26.474531693730995,4.385166040147852,0.8903708489963037,130.0,completed,etg_only,C:\Users\Binich\PycharmProjects\PredictionRTS\output\learner_results\training_runs\run_0068\trials\trial_0137,best_subtree_quality,multi_step,3,10,quality,8,4,0.03175175726078896,0.8477957867568728,True,0.8071441548928436,0.3876556080225133,2,8.0,9.0,,1,1,0
sce1_etg_run_0068,sce-1,MarineMicro_MvsM_4,138,TrialState.COMPLETE,41.69876182815247,48.81395348837209,0.9534883720930233,24.02833193404653,4.163650230537689,0.8959087442365578,129.0,completed,etg_only,C:\Users\Binich\PycharmProjects\PredictionRTS\output\learner_results\training_runs\run_0068\trials\trial_0138,random_beam,multi_step,3,9,future_reward,8,3,0.05589180313782423,0.7519671782449792,True,0.9062543713746921,0.11942158103777123,2,10.0,5.0,,1,1,0
sce1_etg_run_0068,sce-1,MarineMicro_MvsM_4,139,TrialState.COMPLETE,48.216824893713905,50.45669291338583,1.0,18.044894104327863,1.7756756460570176,0.9556081088485746,127.0,completed,etg_only,C:\Users\Binich\PycharmProjects\PredictionRTS\output\learner_results\training_runs\run_0068\trials\trial_0139,best_subtree_quality,multi_step,5,12,future_reward,7,3,0.022594165915308963,0.8808528140810877,False,,,1,5.0,,,1,0,0
sce1_etg_run_0068,sce-1,MarineMicro_MvsM_4,140,TrialState.COMPLETE,38.64284185414484,44.357142857142854,0.9910714285714286,18.82241119690318,4.839055851620256,0.8790236037094936,112.0,completed,etg_only,C:\Users\Binich\PycharmProjects\PredictionRTS\output\learner_results\training_runs\run_0068\trials\trial_0140,highest_transition_prob,multi_step,8,8,win_rate,7,3,0.029222681223908475,0.7595172358728811,True,0.7503564236304232,0.3126426695093628,2,7.0,10.0,,1,1,0
sce1_etg_run_0068,sce-1,MarineMicro_MvsM_4,141,TrialState.COMPLETE,44.203332366878115,48.08910891089109,0.9900990099009901,17.321136295644603,2.864468315872055,0.9283882921031986,101.0,completed,etg_only,C:\Users\Binich\PycharmProjects\PredictionRTS\output\learner_results\training_runs\run_0068\trials\trial_0141,best_subtree_quality,multi_step,9,7,future_reward,7,4,0.002767689669013094,0.7419986525755076,True,0.8649681724846627,0.5634000932133895,1,6.0,,,1,1,0
sce1_etg_run_0068,sce-1,MarineMicro_MvsM_4,142,TrialState.COMPLETE,46.17471659495392,50.37623762376238,0.9900990099009901,16.83516562692833,2.9694745294713103,0.9257631367632172,101.0,completed,etg_only,C:\Users\Binich\PycharmProjects\PredictionRTS\output\learner_results\training_runs\run_0068\trials\trial_0142,best_subtree_quality,multi_step,9,9,future_reward,7,4,0.0030419684273042154,0.9485674022212373,True,0.8132228882778532,0.3632416744846656,1,6.0,,,1,1,0
sce1_etg_run_0068,sce-1,MarineMicro_MvsM_4,143,TrialState.COMPLETE,48.0248237304168,49.80952380952381,0.9920634920634921,16.695077824998794,1.1246857083953044,0.9718828572901174,126.0,completed,etg_only,C:\Users\Binich\PycharmProjects\PredictionRTS\output\learner_results\training_runs\run_0068\trials\trial_0143,best_subtree_quality,multi_step,9,7,future_reward,7,4,0.033995888759821694,0.8144555021365244,True,0.7804281365810959,0.43902861215728256,1,3.0,,,1,1,0
sce1_etg_run_0068,sce-1,MarineMicro_MvsM_4,144,TrialState.COMPLETE,46.88089480919887,51.23275862068966,1.0,16.460693913506496,3.397719684556159,0.915057007886096,116.0,completed,etg_only,C:\Users\Binich\PycharmProjects\PredictionRTS\output\learner_results\training_runs\run_0068\trials\trial_0144,best_subtree_quality,multi_step,10,8,future_reward,6,4,0.0015562554076069646,0.7909278222254666,True,0.6706587009901823,0.5090795320219201,1,6.0,,,1,1,0
sce1_etg_run_0068,sce-1,MarineMicro_MvsM_4,145,TrialState.COMPLETE,43.717361299288406,46.97222222222222,0.9907407407407407,19.0620129972197,2.423804809047713,0.9394048797738072,108.0,completed,etg_only,C:\Users\Binich\PycharmProjects\PredictionRTS\output\learner_results\training_runs\run_0068\trials\trial_0145,best_subtree_quality,multi_step,9,10,future_reward,7,4,0.009146828854731533,0.7258315757667214,True,0.2541511806536043,0.21886374098217526,1,6.0,,,1,1,0
sce1_etg_run_0068,sce-1,MarineMicro_MvsM_4,146,TrialState.COMPLETE,45.052667442168506,49.66153846153846,0.9923076923076923,18.897111641792428,3.430925152366034,0.9142268711908491,130.0,completed,etg_only,C:\Users\Binich\PycharmProjects\PredictionRTS\output\learner_results\training_runs\run_0068\trials\trial_0146,best_subtree_quality,multi_step,4,12,quality,7,3,0.005173591017869066,0.7721158254439688,True,0.8870941457961704,0.4698460338221665,2,7.0,9.0,,1,1,0
sce1_etg_run_0068,sce-1,MarineMicro_MvsM_4,147,TrialState.COMPLETE,48.312691087100745,52.955357142857146,1.0,17.278903524683102,3.5068527954457416,0.9123286801138565,112.0,completed,etg_only,C:\Users\Binich\PycharmProjects\PredictionRTS\output\learner_results\training_runs\run_0068\trials\trial_0147,best_subtree_quality,multi_step,8,11,future_reward,7,4,0.003610541794155417,0.8384378804563009,True,0.11545464471145442,0.2971944607197461,1,5.0,,,1,1,0
sce1_etg_run_0068,sce-1,MarineMicro_MvsM_4,148,TrialState.COMPLETE,50.193509944147394,51.801980198019805,1.0,16.035863150136475,1.242014492669067,0.9689496376832734,101.0,completed,etg_only,C:\Users\Binich\PycharmProjects\PredictionRTS\output\learner_results\training_runs\run_0068\trials\trial_0148,best_subtree_quality,multi_step,2,8,future_reward,6,3,0.0018214921250156663,0.7363409246580126,True,0.4374533969116581,0.3413340618772917,2,6.0,6.0,,1,1,0
sce1_etg_run_0068,sce-1,MarineMicro_MvsM_4,149,TrialState.COMPLETE,3.9002499825561587,6.512195121951219,0.6341463414634146,27.89887833327014,2.222297777718793,0.9444425555570302,123.0,completed,etg_only,C:\Users\Binich\PycharmProjects\PredictionRTS\output\learner_results\training_runs\run_0068\trials\trial_0149,best_subtree_winrate,multi_step,2,8,quality,5,3,0.0017480936948904395,0.7338619257049571,True,0.44188638470142505,0.37767468878235855,2,7.0,6.0,,1,1,0
sce1_etg_run_0068,sce-1,MarineMicro_MvsM_4,150,TrialState.COMPLETE,48.913197123401844,54.0,0.9902912621359223,18.038793148446135,3.4127864654292646,0.9146803383642683,103.0,completed,etg_only,C:\Users\Binich\PycharmProjects\PredictionRTS\output\learner_results\training_runs\run_0068\trials\trial_0150,best_subtree_quality,multi_step,2,9,future_reward,6,3,0.001400461574854382,0.7466641057690016,True,0.4069355042278569,0.33495813663983964,2,6.0,7.0,,1,1,0
sce1_etg_run_0068,sce-1,MarineMicro_MvsM_4,151,TrialState.COMPLETE,46.630101974560674,50.86363636363637,1.0,15.495733883719137,3.3293210566457625,0.916766973583856,132.0,completed,etg_only,C:\Users\Binich\PycharmProjects\PredictionRTS\output\learner_results\training_runs\run_0068\trials\trial_0151,best_subtree_quality,multi_step,2,9,future_reward,6,3,0.0011380704838088902,0.7620170330978775,True,0.3996439816810921,0.3339131970045115,2,6.0,7.0,,1,1,0
sce1_etg_run_0068,sce-1,MarineMicro_MvsM_4,152,TrialState.COMPLETE,45.06456116845373,49.55813953488372,0.9922480620155039,16.499897569211864,3.342749765161187,0.9164312558709703,129.0,completed,etg_only,C:\Users\Binich\PycharmProjects\PredictionRTS\output\learner_results\training_runs\run_0068\trials\trial_0152,best_subtree_quality,multi_step,2,9,future_reward,6,3,0.001372210224028875,0.7476321741098468,True,0.3685892510244333,0.3479260820508396,2,6.0,6.0,,1,1,0
sce1_etg_run_0068,sce-1,MarineMicro_MvsM_4,153,TrialState.COMPLETE,46.204611820714355,50.79207920792079,0.9900990099009901,15.478069334718713,3.24886977129769,0.9187782557175578,101.0,completed,etg_only,C:\Users\Binich\PycharmProjects\PredictionRTS\output\learner_results\training_runs\run_0068\trials\trial_0153,best_subtree_quality,multi_step,2,8,future_reward,6,3,0.0019532101491211034,0.7187828630083377,True,0.4207872134561308,0.31201312081160976,2,6.0,5.0,,1,1,0
sce1_etg_run_0068,sce-1,MarineMicro_MvsM_4,154,TrialState.COMPLETE,46.856233449956726,54.09,1.0,15.515859628135335,5.349429876164374,0.8662642530958906,100.0,completed,etg_only,C:\Users\Binich\PycharmProjects\PredictionRTS\output\learner_results\training_runs\run_0068\trials\trial_0154,best_subtree_quality,multi_step,2,9,future_reward,6,3,0.001412957314796359,0.7383575390422583,True,0.4704432873079989,0.2703453518576587,2,5.0,8.0,,1,1,0
sce1_etg_run_0068,sce-1,MarineMicro_MvsM_4,155,TrialState.COMPLETE,47.461338929556376,50.470588235294116,1.0,14.908022502937703,2.3849528297222164,0.9403761792569446,102.0,completed,etg_only,C:\Users\Binich\PycharmProjects\PredictionRTS\output\learner_results\training_runs\run_0068\trials\trial_0155,best_subtree_quality,multi_step,2,10,future_reward,6,3,0.0017925279899805313,0.7004171634173378,True,0.4467633456263636,0.4225795258945485,2,6.0,7.0,,1,1,0
sce1_etg_run_0068,sce-1,MarineMicro_MvsM_4,156,TrialState.COMPLETE,4.081361097546146,7.271186440677966,0.6440677966101694,28.184218753195054,5.139938705537637,0.871501532361559,118.0,completed,etg_only,C:\Users\Binich\PycharmProjects\PredictionRTS\output\learner_results\training_runs\run_0068\trials\trial_0156,random_beam,multi_step,3,7,future_reward,5,3,0.0015366671885020308,0.7816423764413641,False,,,2,9.0,6.0,,1,0,0
sce1_etg_run_0068,sce-1,MarineMicro_MvsM_4,157,TrialState.COMPLETE,43.783618991969256,49.099236641221374,0.9770992366412213,17.931955765761366,3.4945057174486713,0.9126373570637832,131.0,completed,etg_only,C:\Users\Binich\PycharmProjects\PredictionRTS\output\learner_results\training_runs\run_0068\trials\trial_0157,best_subtree_quality,multi_step,3,8,quality,7,3,0.02476452674495706,0.7482647428114644,True,0.3775508288830749,0.24196723562147912,2,6.0,8.0,,1,1,0
sce1_etg_run_0068,sce-1,MarineMicro_MvsM_4,158,TrialState.COMPLETE,45.8821658427308,50.541984732824424,0.9923664122137404,16.600036577714107,3.4085556201315947,0.9147861094967101,131.0,completed,etg_only,C:\Users\Binich\PycharmProjects\PredictionRTS\output\learner_results\training_runs\run_0068\trials\trial_0158,best_subtree_quality,multi_step,2,9,future_reward,6,3,0.0025548159293293285,0.7611639133322874,True,0.41295117194298075,0.3931152025917732,2,7.0,7.0,,1,1,0
sce1_etg_run_0068,sce-1,MarineMicro_MvsM_4,159,TrialState.COMPLETE,44.37596358436761,52.36134453781513,0.9915966386554622,16.076879945451275,5.812924425536089,0.8546768893615978,119.0,completed,etg_only,C:\Users\Binich\PycharmProjects\PredictionRTS\output\learner_results\training_runs\run_0068\trials\trial_0159,highest_transition_prob,multi_step,7,7,quality,7,3,0.002300249270641961,0.8027705215057517,True,0.3482636618714567,0.9201060988778603,2,5.0,10.0,,1,1,0
sce1_etg_run_0068,sce-1,MarineMicro_MvsM_4,160,TrialState.COMPLETE,44.387016884472224,47.557377049180324,0.9836065573770492,17.52518056328855,2.0443318793241025,0.9488917030168974,122.0,completed,etg_only,C:\Users\Binich\PycharmProjects\PredictionRTS\output\learner_results\training_runs\run_0068\trials\trial_0160,best_subtree_quality,multi_step,3,8,future_reward,6,3,0.0012420680032679597,0.8610580794311067,True,0.8381319428708305,0.33426618498373123,2,6.0,6.0,,1,1,0
sce1_etg_run_0068,sce-1,MarineMicro_MvsM_4,161,TrialState.COMPLETE,43.233344300544154,48.86538461538461,1.0,16.91782042489499,4.610249450951652,0.8847437637262087,104.0,completed,etg_only,C:\Users\Binich\PycharmProjects\PredictionRTS\output\learner_results\training_runs\run_0068\trials\trial_0161,best_subtree_quality,multi_step,2,15,future_reward,7,3,0.010209129918165758,0.7287561689472208,True,0.49027749604375853,0.36452545733989206,1,6.0,,,1,1,0
sce1_etg_run_0068,sce-1,MarineMicro_MvsM_4,162,TrialState.COMPLETE,43.12774360304745,46.41346153846154,0.9903846153846154,18.271778668483787,2.4708365918600115,0.9382290852034997,104.0,completed,etg_only,C:\Users\Binich\PycharmProjects\PredictionRTS\output\learner_results\training_runs\run_0068\trials\trial_0162,best_subtree_quality,multi_step,9,13,future_reward,7,4,0.002075321003724921,0.7745486040567435,True,0.7986889186144349,0.452829744552983,2,4.0,8.0,,1,1,0
sce1_etg_run_0068,sce-1,MarineMicro_MvsM_4,163,TrialState.COMPLETE,46.42163718213244,50.16923076923077,0.9923076923076923,17.177417403063046,2.7010467432571366,0.9324738314185715,130.0,completed,etg_only,C:\Users\Binich\PycharmProjects\PredictionRTS\output\learner_results\training_runs\run_0068\trials\trial_0163,best_subtree_quality,multi_step,3,14,future_reward,7,3,0.004681983692133811,0.752834190850436,True,0.7220732501264601,0.2807072816897324,2,6.0,7.0,,1,1,0
sce1_etg_run_0068,sce-1,MarineMicro_MvsM_4,164,TrialState.COMPLETE,47.46168146953781,50.793103448275865,1.0,17.24594767063451,2.6235230789790513,0.9344119230255237,116.0,completed,etg_only,C:\Users\Binich\PycharmProjects\PredictionRTS\output\learner_results\training_runs\run_0068\trials\trial_0164,best_subtree_quality,multi_step,6,10,future_reward,7,4,0.00864561705484215,0.9842365053145702,True,0.7688847790373199,0.601968375743199,2,7.0,4.0,,1,1,0
sce1_etg_run_0068,sce-1,MarineMicro_MvsM_4,165,TrialState.COMPLETE,47.92913618812894,52.075,1.0,15.72639103545375,3.1845329327862197,0.9203866766803445,120.0,completed,etg_only,C:\Users\Binich\PycharmProjects\PredictionRTS\output\learner_results\training_runs\run_0068\trials\trial_0165,best_subtree_quality,multi_step,9,9,future_reward,7,3,0.030746784041880963,0.7389069225535451,True,0.7004999922553705,0.4080105165645239,1,6.0,,,1,1,0
sce1_etg_run_0068,sce-1,MarineMicro_MvsM_4,166,TrialState.COMPLETE,46.205278770744265,51.48780487804878,0.983739837398374,17.186384218284914,3.510580807989113,0.9122354798002722,123.0,completed,etg_only,C:\Users\Binich\PycharmProjects\PredictionRTS\output\learner_results\training_runs\run_0068\trials\trial_0166,best_subtree_quality,multi_step,4,6,future_reward,6,3,0.001000563658839588,0.7930774324083665,False,,,2,6.0,9.0,,1,0,0
sce1_etg_run_0068,sce-1,MarineMicro_MvsM_4,167,TrialState.COMPLETE,37.866995447809266,45.27,0.92,29.440059442874773,3.631740525149332,0.9092064868712667,100.0,completed,etg_only,C:\Users\Binich\PycharmProjects\PredictionRTS\output\learner_results\training_runs\run_0068\trials\trial_0167,best_subtree_winrate,multi_step,2,15,quality,8,3,0.012544751227062088,0.8291011283929602,True,0.926184144467156,0.31645970968898185,1,7.0,,,1,1,0
sce1_etg_run_0068,sce-1,MarineMicro_MvsM_4,168,TrialState.COMPLETE,46.74242678405357,48.59055118110236,0.9921259842519685,17.513259017912198,1.2159999999999995,0.9696,127.0,completed,etg_only,C:\Users\Binich\PycharmProjects\PredictionRTS\output\learner_results\training_runs\run_0068\trials\trial_0168,best_subtree_quality,multi_step,5,8,future_reward,7,4,0.0016373018948958949,0.7681398144585116,True,0.01493304991357676,0.3476041626201878,2,6.0,10.0,,1,1,0
sce1_etg_run_0068,sce-1,MarineMicro_MvsM_4,169,TrialState.COMPLETE,41.653544632765474,45.25,0.9848484848484849,19.731291484248153,2.6127130198042123,0.9346821745048947,132.0,completed,etg_only,C:\Users\Binich\PycharmProjects\PredictionRTS\output\learner_results\training_runs\run_0068\trials\trial_0169,best_subtree_quality,multi_step,3,7,win_rate,7,3,0.021617032317286247,0.7156486506431522,True,0.8271078524376738,0.6765909831882435,2,5.0,6.0,,1,1,0
sce1_etg_run_0068,sce-1,MarineMicro_MvsM_4,170,TrialState.COMPLETE,43.44023356725852,49.94117647058823,1.0,16.0933694356523,5.206880063915435,0.8698279984021141,102.0,completed,etg_only,C:\Users\Binich\PycharmProjects\PredictionRTS\output\learner_results\training_runs\run_0068\trials\trial_0170,random_beam,multi_step,2,7,future_reward,7,4,0.034566755436114656,0.816882222108883,True,0.8657743060782938,0.37333808670597673,2,8.0,5.0,,1,1,0
sce1_etg_run_0068,sce-1,MarineMicro_MvsM_4,171,TrialState.COMPLETE,45.64083432476125,51.91935483870968,0.9919354838709677,15.547324619032478,4.55125595347093,0.8862186011632267,124.0,completed,etg_only,C:\Users\Binich\PycharmProjects\PredictionRTS\output\learner_results\training_runs\run_0068\trials\trial_0171,best_subtree_quality,multi_step,9,9,future_reward,7,4,0.042551727816987656,0.7596280264756408,True,0.8235487546761308,0.32670697014894157,1,7.0,,,1,1,0
sce1_etg_run_0068,sce-1,MarineMicro_MvsM_4,172,TrialState.COMPLETE,44.14043314904761,48.8974358974359,0.9829059829059829,17.125172462983155,3.2634374119870952,0.9184140647003226,117.0,completed,etg_only,C:\Users\Binich\PycharmProjects\PredictionRTS\output\learner_results\training_runs\run_0068\trials\trial_0172,best_subtree_quality,multi_step,9,3,future_reward,7,4,0.03683368593877958,0.7489665053664859,True,0.7394382607681221,0.35139232990570207,1,7.0,,,1,1,0
sce1_etg_run_0068,sce-1,MarineMicro_MvsM_4,173,TrialState.COMPLETE,44.65511135212105,49.08403361344538,0.9831932773109243,18.311304233220504,2.987192986952752,0.9253201753261812,119.0,completed,etg_only,C:\Users\Binich\PycharmProjects\PredictionRTS\output\learner_results\training_runs\run_0068\trials\trial_0173,best_subtree_quality,multi_step,9,14,future_reward,7,4,0.027584291648809853,0.7257093105801822,True,0.846013815328519,0.30002824276004947,1,6.0,,,1,1,0
sce1_etg_run_0068,sce-1,MarineMicro_MvsM_4,174,TrialState.COMPLETE,48.64631786883409,52.09756097560975,0.991869918699187,17.224209958233395,2.3436819223106857,0.9414079519422328,123.0,completed,etg_only,C:\Users\Binich\PycharmProjects\PredictionRTS\output\learner_results\training_runs\run_0068\trials\trial_0174,best_subtree_quality,multi_step,9,5,future_reward,7,1,0.03869901640442181,0.7339411975368509,True,0.4473468889566271,0.8395489641505562,1,8.0,,,1,1,0
sce1_etg_run_0068,sce-1,MarineMicro_MvsM_4,175,TrialState.COMPLETE,49.162477371634054,51.744,1.0,15.12026666431515,1.9956111845747901,0.9501097203856302,125.0,completed,etg_only,C:\Users\Binich\PycharmProjects\PredictionRTS\output\learner_results\training_runs\run_0068\trials\trial_0175,best_subtree_quality,multi_step,9,8,future_reward,6,2,0.07897663652535257,0.7336588787244752,True,0.45141898391868457,0.8048062139158131,1,9.0,,,1,1,0
sce1_etg_run_0068,sce-1,MarineMicro_MvsM_4,176,TrialState.COMPLETE,46.45535962990718,49.21487603305785,0.9834710743801653,20.334478561621932,1.608256865343235,0.9597935783664191,121.0,completed,etg_only,C:\Users\Binich\PycharmProjects\PredictionRTS\output\learner_results\training_runs\run_0068\trials\trial_0176,best_subtree_quality,multi_step,10,8,quality,6,1,0.0897287726782594,0.7344760954364324,True,0.43912837129606835,0.8316096947515601,1,9.0,,,1,1,0
sce1_etg_run_0068,sce-1,MarineMicro_MvsM_4,177,TrialState.COMPLETE,47.55876366788425,49.889763779527556,1.0,14.787326104811061,1.8689205440574508,0.9532769863985637,127.0,completed,etg_only,C:\Users\Binich\PycharmProjects\PredictionRTS\output\learner_results\training_runs\run_0068\trials\trial_0177,highest_transition_prob,multi_step,8,8,future_reward,6,1,0.07117973261554317,0.7451872881903085,False,,,1,9.0,,,1,0,0
sce1_etg_run_0068,sce-1,MarineMicro_MvsM_4,178,TrialState.COMPLETE,50.3863929912725,52.35294117647059,1.0,15.676663722461104,1.5025311976794375,0.9624367200580141,153.0,completed,etg_only,C:\Users\Binich\PycharmProjects\PredictionRTS\output\learner_results\training_runs\run_0068\trials\trial_0178,best_subtree_quality,multi_step,9,9,future_reward,6,1,0.01908159663007686,0.6821458295285554,True,0.39300700566402563,0.7450253076860904,1,9.0,,,1,1,0
sce1_etg_run_0068,sce-1,MarineMicro_MvsM_4,179,TrialState.COMPLETE,4.8469444539142605,8.504347826086956,0.6521739130434783,25.9368376313266,5.04384981430615,0.8739037546423463,115.0,completed,etg_only,C:\Users\Binich\PycharmProjects\PredictionRTS\output\learner_results\training_runs\run_0068\trials\trial_0179,best_subtree_quality,multi_step,9,5,future_reward,5,1,0.02520033915752906,0.7055614542021318,True,0.45402016304084136,0.7860364921844636,1,9.0,,,1,1,0
sce1_etg_run_0068,sce-1,MarineMicro_MvsM_4,180,TrialState.COMPLETE,42.45092698254462,49.289256198347104,1.0,15.793836027753121,5.549549531268282,0.861261261718293,121.0,completed,etg_only,C:\Users\Binich\PycharmProjects\PredictionRTS\output\learner_results\training_runs\run_0068\trials\trial_0180,best_subtree_quality,multi_step,9,5,quality,6,1,0.019627763936328157,0.6434133750102783,True,0.3975748172334191,0.7583413458378989,1,9.0,,,1,1,0
sce1_etg_run_0068,sce-1,MarineMicro_MvsM_4,181,TrialState.COMPLETE,3.1378494255863667,5.4140625,0.609375,26.487475620490788,1.9561734644562614,0.9510956633885934,128.0,completed,etg_only,C:\Users\Binich\PycharmProjects\PredictionRTS\output\learner_results\training_runs\run_0068\trials\trial_0181,best_subtree_quality,multi_step,9,9,future_reward,3,1,0.017711800112015345,0.6798000620724887,True,0.41391246002542215,0.7366551757246067,1,9.0,,,1,1,0
sce1_etg_run_0068,sce-1,MarineMicro_MvsM_4,182,TrialState.COMPLETE,45.106939725387974,50.806451612903224,1.0,17.010469934982662,4.4872347558850185,0.8878191311028745,155.0,completed,etg_only,C:\Users\Binich\PycharmProjects\PredictionRTS\output\learner_results\training_runs\run_0068\trials\trial_0182,best_subtree_quality,multi_step,9,10,future_reward,6,1,0.0684818903956409,0.8441065363838937,True,0.35417901231998306,0.9483020475725021,1,10.0,,,1,1,0
sce1_etg_run_0068,sce-1,MarineMicro_MvsM_4,183,TrialState.COMPLETE,49.93084537527953,52.58974358974359,1.0,17.15348203975216,2.0223701679980155,0.9494407458000496,117.0,completed,etg_only,C:\Users\Binich\PycharmProjects\PredictionRTS\output\learner_results\training_runs\run_0068\trials\trial_0183,best_subtree_quality,multi_step,9,9,future_reward,6,2,0.02365112643745025,0.736920051806125,True,0.48225347366244464,0.898715681988194,1,9.0,,,1,1,0
sce1_etg_run_0068,sce-1,MarineMicro_MvsM_4,184,TrialState.COMPLETE,45.60974137823757,49.75,1.0,14.76101283787803,3.328851153175822,0.9167787211706044,120.0,completed,etg_only,C:\Users\Binich\PycharmProjects\PredictionRTS\output\learner_results\training_runs\run_0068\trials\trial_0184,best_subtree_quality,multi_step,9,9,future_reward,6,2,0.022925709503651005,0.6705553765279053,True,0.48466381064536146,0.8045838142781649,1,9.0,,,1,1,0
sce1_etg_run_0068,sce-1,MarineMicro_MvsM_4,185,TrialState.COMPLETE,49.578964021884524,52.42857142857143,1.0,16.434781435003224,2.174087394747508,0.9456478151313124,126.0,completed,etg_only,C:\Users\Binich\PycharmProjects\PredictionRTS\output\learner_results\training_runs\run_0068\trials\trial_0185,best_subtree_quality,multi_step,9,9,future_reward,6,2,0.08056697764593294,0.6139716120122587,True,0.5155543786508956,0.9993481674276371,1,8.0,,,1,1,0
sce1_etg_run_0068,sce-1,MarineMicro_MvsM_4,186,TrialState.COMPLETE,45.4796092384367,48.84,1.0,15.365623970408752,2.7521627858831326,0.9311959303529217,125.0,completed,etg_only,C:\Users\Binich\PycharmProjects\PredictionRTS\output\learner_results\training_runs\run_0068\trials\trial_0186,best_subtree_quality,multi_step,9,9,future_reward,6,2,0.07837668744451311,0.59217469516985,True,0.5167535334072,0.8758660123190756,1,8.0,,,1,1,0
sce1_etg_run_0068,sce-1,MarineMicro_MvsM_4,187,TrialState.COMPLETE,47.289877418460044,51.145161290322584,1.0,16.567405596525727,3.015169978624754,0.9246207505343811,124.0,completed,etg_only,C:\Users\Binich\PycharmProjects\PredictionRTS\output\learner_results\training_runs\run_0068\trials\trial_0187,best_subtree_quality,multi_step,9,9,future_reward,6,2,0.0600491442204072,0.6184102523045657,True,0.46193138975853776,0.9930772854041823,1,8.0,,,1,1,0
sce1_etg_run_0068,sce-1,MarineMicro_MvsM_4,188,TrialState.COMPLETE,49.220161284016,51.86046511627907,1.0,14.612166633910087,2.0364675298172568,0.9490883117545685,129.0,completed,etg_only,C:\Users\Binich\PycharmProjects\PredictionRTS\output\learner_results\training_runs\run_0068\trials\trial_0188,best_subtree_quality,multi_step,9,9,future_reward,6,2,0.09936585191684594,0.722612535432909,True,0.431593105708009,0.9125821615543768,1,9.0,,,1,1,0
sce1_etg_run_0068,sce-1,MarineMicro_MvsM_4,189,TrialState.COMPLETE,1.6580045205140173,3.1512605042016806,0.5630252100840336,30.761385445808244,2.620494304479205,0.9344876423880198,119.0,completed,etg_only,C:\Users\Binich\PycharmProjects\PredictionRTS\output\learner_results\training_runs\run_0068\trials\trial_0189,best_subtree_quality,multi_step,9,9,quality,5,2,0.09996255392453889,0.6582181429135215,True,0.43056180376257325,0.9753069355650046,1,9.0,,,1,1,0
sce1_etg_run_0068,sce-1,MarineMicro_MvsM_4,190,TrialState.COMPLETE,44.91857379117866,48.53389830508475,1.0,15.732769538310487,2.9796283753512767,0.9255092906162181,118.0,completed,etg_only,C:\Users\Binich\PycharmProjects\PredictionRTS\output\learner_results\training_runs\run_0068\trials\trial_0190,best_subtree_quality,multi_step,10,9,future_reward,6,2,0.08143783081240365,0.7286763351201472,False,,,1,10.0,,,1,0,0
sce1_etg_run_0068,sce-1,MarineMicro_MvsM_4,191,TrialState.COMPLETE,43.57371544947305,49.28971962616822,0.9813084112149533,19.56346458709097,3.965150283979487,0.9008712429005128,107.0,completed,etg_only,C:\Users\Binich\PycharmProjects\PredictionRTS\output\learner_results\training_runs\run_0068\trials\trial_0191,best_subtree_quality,multi_step,9,10,future_reward,6,2,0.09536930486536395,0.722816704241355,True,0.3833933976149987,0.9055737483972078,1,9.0,,,1,1,0
sce1_etg_run_0068,sce-1,MarineMicro_MvsM_4,192,TrialState.COMPLETE,52.154200499718506,53.016,1.0,14.890525309739747,0.6502184248389139,0.9837445393790272,125.0,completed,etg_only,C:\Users\Binich\PycharmProjects\PredictionRTS\output\learner_results\training_runs\run_0068\trials\trial_0192,best_subtree_quality,multi_step,9,9,future_reward,6,2,0.08439877699268711,0.557390288820505,True,0.3262890220739224,0.8487056299188495,1,8.0,,,1,1,0
sce1_etg_run_0068,sce-1,MarineMicro_MvsM_4,193,TrialState.COMPLETE,45.20302984847659,48.54761904761905,1.0,14.944663613529144,2.755718418126205,0.9311070395468448,126.0,completed,etg_only,C:\Users\Binich\PycharmProjects\PredictionRTS\output\learner_results\training_runs\run_0068\trials\trial_0193,best_subtree_quality,multi_step,9,9,future_reward,6,2,0.07400445155799518,0.5731349282921979,True,0.39715446170532753,0.8593923294585198,1,9.0,,,1,1,0
sce1_etg_run_0068,sce-1,MarineMicro_MvsM_4,194,TrialState.COMPLETE,43.81945969768351,49.921875,0.9921875,18.564334663121514,4.613112136983391,0.8846721965754152,128.0,completed,etg_only,C:\Users\Binich\PycharmProjects\PredictionRTS\output\learner_results\training_runs\run_0068\trials\trial_0194,best_subtree_quality,multi_step,9,9,future_reward,6,2,0.08656577957474881,0.6162905286295197,True,0.5069414839232917,0.9563121178421571,1,9.0,,,1,1,0
sce1_etg_run_0068,sce-1,MarineMicro_MvsM_4,195,TrialState.COMPLETE,49.05498415768087,53.214285714285715,1.0,16.045375708678595,3.1264548613405565,0.9218386284664861,126.0,completed,etg_only,C:\Users\Binich\PycharmProjects\PredictionRTS\output\learner_results\training_runs\run_0068\trials\trial_0195,best_subtree_quality,multi_step,9,10,future_reward,6,2,0.08335777568556739,0.5674508297345247,True,0.34048910674334537,0.9358733734925504,1,8.0,,,1,1,0
sce1_etg_run_0068,sce-1,MarineMicro_MvsM_4,196,TrialState.COMPLETE,46.36360895340168,50.11904761904762,1.0,16.436316324866276,2.9972147070238386,0.9250696323244041,126.0,completed,etg_only,C:\Users\Binich\PycharmProjects\PredictionRTS\output\learner_results\training_runs\run_0068\trials\trial_0196,best_subtree_quality,multi_step,9,10,future_reward,6,2,0.08324780468824307,0.5599988212582593,True,0.35133442924706787,0.9114566965191162,1,8.0,,,1,1,0
sce1_etg_run_0068,sce-1,MarineMicro_MvsM_4,197,TrialState.COMPLETE,-0.20475231920490153,-0.4396551724137931,0.5086206896551724,29.87366756315999,3.374580163228248,0.9156354959192938,116.0,completed,etg_only,C:\Users\Binich\PycharmProjects\PredictionRTS\output\learner_results\training_runs\run_0068\trials\trial_0197,best_subtree_quality,multi_step,8,10,future_reward,5,2,0.0682832769630432,0.5574155563006716,True,0.2889700316537408,0.9311005885225876,1,8.0,,,1,1,0
sce1_etg_run_0068,sce-1,MarineMicro_MvsM_4,198,TrialState.COMPLETE,46.864444532755535,50.688,1.0,15.594571363137879,3.0173259684694336,0.9245668507882642,125.0,completed,etg_only,C:\Users\Binich\PycharmProjects\PredictionRTS\output\learner_results\training_runs\run_0068\trials\trial_0198,best_subtree_winrate,multi_step,9,9,quality,6,2,0.09154417523475085,0.5506556270068914,True,0.32171112693747667,0.8890219220523585,1,8.0,,,1,1,0
sce1_etg_run_0068,sce-1,MarineMicro_MvsM_4,199,TrialState.COMPLETE,47.239832970227226,50.43307086614173,1.0,15.156189739514836,2.5326539439884015,0.93668365140029,127.0,completed,etg_only,C:\Users\Binich\PycharmProjects\PredictionRTS\output\learner_results\training_runs\run_0068\trials\trial_0199,best_subtree_quality,multi_step,9,8,future_reward,6,2,0.0760912391648645,0.5159727209072509,True,0.3125960238455794,0.9988466232733624,1,9.0,,,1,1,0
sce1m_etg_run_0071,sce-1m,MarineMicro_MvsM_4_mirror,0,TrialState.COMPLETE,10.888353328336935,18.302325581395348,0.7364341085271318,28.440500832702067,7.6866470074045425,0.8078338248148864,129.0,completed,etg_only,C:\Users\Binich\PycharmProjects\PredictionRTS\output\learner_results\training_runs\run_0071\trials\trial_0000,best_subtree_quality,multi_step,3,4,future_reward,8,1,0.08706020878304858,0.9162213204002109,True,0.18340450985343382,0.3042422429595377,2,4.0,3.0,,1,1,1
sce1m_etg_run_0071,sce-1m,MarineMicro_MvsM_4_mirror,1,TrialState.COMPLETE,1.3372748613151457,3.292682926829268,0.4878048780487805,30.4152111354115,6.696903083396148,0.8325774229150963,123.0,completed,etg_only,C:\Users\Binich\PycharmProjects\PredictionRTS\output\learner_results\training_runs\run_0071\trials\trial_0001,highest_transition_prob,multi_step,6,12,win_rate,1,4,0.002193048555664369,0.5325257964926398,False,,,3,3.0,1.0,7.0,1,0,1
sce1m_etg_run_0071,sce-1m,MarineMicro_MvsM_4_mirror,2,TrialState.COMPLETE,11.769254900021052,19.076923076923077,0.7350427350427351,26.210571967056286,6.427162972745648,0.8393209256813587,117.0,completed,etg_only,C:\Users\Binich\PycharmProjects\PredictionRTS\output\learner_results\training_runs\run_0071\trials\trial_0002,best_subtree_winrate,multi_step,10,5,quality,6,1,0.08692991511139551,0.8875664116805573,True,0.5978999788110851,0.9218742350231168,0,,,,1,1,1
sce1m_etg_run_0071,sce-1m,MarineMicro_MvsM_4_mirror,3,TrialState.COMPLETE,4.698491292080446,9.451327433628318,0.5929203539823009,28.974200043304464,6.462610929300009,0.8384347267674997,113.0,completed,etg_only,C:\Users\Binich\PycharmProjects\PredictionRTS\output\learner_results\training_runs\run_0071\trials\trial_0003,random_beam,multi_step,4,13,win_rate,2,5,0.0014096175149815868,0.9934434683002586,True,0.005522117123602399,0.8154614284548342,2,8.0,8.0,,1,1,1
sce1m_etg_run_0071,sce-1m,MarineMicro_MvsM_4_mirror,4,TrialState.COMPLETE,11.542920730166582,17.429752066115704,0.7768595041322314,24.784634818351158,5.900971033893459,0.8524757241526635,121.0,completed,etg_only,C:\Users\Binich\PycharmProjects\PredictionRTS\output\learner_results\training_runs\run_0071\trials\trial_0004,random_beam,multi_step,7,6,win_rate,8,4,0.059487468132197734,0.7361074625809747,False,,,3,6.0,8.0,5.0,1,0,1
sce1m_etg_run_0071,sce-1m,MarineMicro_MvsM_4_mirror,5,TrialState.COMPLETE,7.766437373401416,13.214876033057852,0.6611570247933884,30.23604291405102,4.443899442160684,0.8889025139459829,121.0,completed,etg_only,C:\Users\Binich\PycharmProjects\PredictionRTS\output\learner_results\training_runs\run_0071\trials\trial_0005,highest_transition_prob,multi_step,2,10,win_rate,3,3,0.03244160088734161,0.6143990827458112,False,,,0,,,,1,0,1
sce1m_etg_run_0071,sce-1m,MarineMicro_MvsM_4_mirror,6,TrialState.COMPLETE,14.513772419505019,21.456,0.808,23.801345844300485,6.512696442766089,0.8371825889308477,125.0,completed,etg_only,C:\Users\Binich\PycharmProjects\PredictionRTS\output\learner_results\training_runs\run_0071\trials\trial_0006,highest_transition_prob,multi_step,9,4,quality,9,2,0.0016599837974449212,0.6139675812709708,False,,,3,0.0,5.0,4.0,1,0,1
sce1m_etg_run_0071,sce-1m,MarineMicro_MvsM_4_mirror,7,TrialState.COMPLETE,9.246291979097403,14.291338582677165,0.7165354330708661,25.667808275596176,3.882555424972108,0.9029361143756973,127.0,completed,etg_only,C:\Users\Binich\PycharmProjects\PredictionRTS\output\learner_results\training_runs\run_0071\trials\trial_0007,random_beam,multi_step,4,9,win_rate,10,2,0.009874088417386247,0.6504391549083848,True,0.6095643339798968,0.5026790232288615,0,,,,1,1,1
sce1m_etg_run_0071,sce-1m,MarineMicro_MvsM_4_mirror,8,TrialState.COMPLETE,4.836283130403922,8.588709677419354,0.6290322580645161,26.757878579532477,4.192758197620943,0.8951810450594764,124.0,completed,etg_only,C:\Users\Binich\PycharmProjects\PredictionRTS\output\learner_results\training_runs\run_0071\trials\trial_0008,best_subtree_quality,multi_step,6,15,win_rate,3,4,0.005439591236568527,0.8161529152967897,True,0.0902897700544083,0.835302495589238,1,2.0,,,1,1,1
sce1m_etg_run_0071,sce-1m,MarineMicro_MvsM_4_mirror,9,TrialState.COMPLETE,12.379167098233088,19.098214285714285,0.7321428571428571,27.748539157632305,4.5869913955151445,0.8853252151121214,112.0,completed,etg_only,C:\Users\Binich\PycharmProjects\PredictionRTS\output\learner_results\training_runs\run_0071\trials\trial_0009,best_subtree_winrate,multi_step,6,5,win_rate,4,5,0.0018838307787619744,0.6705331755251293,False,,,3,2.0,7.0,8.0,1,0,1
sce1m_etg_run_0071,sce-1m,MarineMicro_MvsM_4_mirror,10,TrialState.COMPLETE,12.875803306754696,18.5609756097561,0.7967479674796748,24.671548519808375,5.173281087739586,0.8706679728065103,123.0,completed,etg_only,C:\Users\Binich\PycharmProjects\PredictionRTS\output\learner_results\training_runs\run_0071\trials\trial_0010,highest_transition_prob,multi_step,10,2,quality,10,2,0.0052798792801754275,0.5070421867133439,False,,,2,0.0,4.0,,1,0,1
sce1m_etg_run_0071,sce-1m,MarineMicro_MvsM_4_mirror,11,TrialState.COMPLETE,11.350351534219866,17.224137931034484,0.7413793103448276,22.47799161436488,4.445764312111526,0.8888558921972118,116.0,completed,etg_only,C:\Users\Binich\PycharmProjects\PredictionRTS\output\learner_results\training_runs\run_0071\trials\trial_0011,highest_transition_prob,multi_step,10,2,quality,10,2,0.004662943079154421,0.5018020980095577,False,,,2,0.0,4.0,,1,0,1
sce1m_etg_run_0071,sce-1m,MarineMicro_MvsM_4_mirror,12,TrialState.COMPLETE,13.70323470802939,19.475806451612904,0.7903225806451613,23.60510596407994,4.389075612344634,0.8902731096913842,124.0,completed,etg_only,C:\Users\Binich\PycharmProjects\PredictionRTS\output\learner_results\training_runs\run_0071\trials\trial_0012,highest_transition_prob,multi_step,8,2,quality,8,2,0.0036612230095609904,0.5841613556217937,False,,,1,0.0,,,1,0,1
sce1m_etg_run_0071,sce-1m,MarineMicro_MvsM_4_mirror,13,TrialState.COMPLETE,12.57410958559578,19.485981308411215,0.7570093457943925,23.74410482112686,5.903193144332273,0.8524201713916931,107.0,completed,etg_only,C:\Users\Binich\PycharmProjects\PredictionRTS\output\learner_results\training_runs\run_0071\trials\trial_0013,highest_transition_prob,multi_step,8,7,quality,7,3,0.0011263659939968476,0.6147707603173816,False,,,1,0.0,,,1,0,1
sce1m_etg_run_0071,sce-1m,MarineMicro_MvsM_4_mirror,14,TrialState.COMPLETE,14.302071971714325,19.58823529411765,0.773109243697479,26.631444030910668,2.2234082794384675,0.9444147930140383,119.0,completed,etg_only,C:\Users\Binich\PycharmProjects\PredictionRTS\output\learner_results\training_runs\run_0071\trials\trial_0014,highest_transition_prob,multi_step,8,3,quality,8,2,0.0030882177491004903,0.7144062794961198,False,,,1,10.0,,,1,0,1
sce1m_etg_run_0071,sce-1m,MarineMicro_MvsM_4_mirror,15,TrialState.COMPLETE,11.389584386108064,17.275862068965516,0.7758620689655172,26.625624877529283,6.010590485812791,0.8497352378546802,116.0,completed,etg_only,C:\Users\Binich\PycharmProjects\PredictionRTS\output\learner_results\training_runs\run_0071\trials\trial_0015,highest_transition_prob,multi_step,8,4,future_reward,6,1,0.013841019068613191,0.7184976690392566,False,,,1,9.0,,,1,0,1
sce1m_etg_run_0071,sce-1m,MarineMicro_MvsM_4_mirror,16,TrialState.COMPLETE,13.74400874610497,20.085714285714285,0.7619047619047619,26.56353185270731,4.075937310145251,0.8981015672463687,105.0,completed,etg_only,C:\Users\Binich\PycharmProjects\PredictionRTS\output\learner_results\training_runs\run_0071\trials\trial_0016,highest_transition_prob,multi_step,9,7,quality,9,3,0.0026514128108106067,0.7694303120434564,False,,,3,6.0,0.0,0.0,1,0,1
sce1m_etg_run_0071,sce-1m,MarineMicro_MvsM_4_mirror,17,TrialState.COMPLETE,15.521468571223169,21.025641025641026,0.7948717948717948,24.799180279553678,2.851056338583098,0.9287235915354226,117.0,completed,etg_only,C:\Users\Binich\PycharmProjects\PredictionRTS\output\learner_results\training_runs\run_0071\trials\trial_0017,best_subtree_winrate,multi_step,9,4,quality,5,2,0.009917679033087932,0.6837510158202342,False,,,2,10.0,10.0,,1,0,1
sce1m_etg_run_0071,sce-1m,MarineMicro_MvsM_4_mirror,18,TrialState.COMPLETE,10.859819246499102,17.04310344827586,0.7327586206896551,24.348543906538,5.216524673535797,0.869586883161605,116.0,completed,etg_only,C:\Users\Binich\PycharmProjects\PredictionRTS\output\learner_results\training_runs\run_0071\trials\trial_0018,best_subtree_winrate,multi_step,9,7,quality,5,3,0.018184797194140956,0.5790740689994974,False,,,3,7.0,10.0,3.0,1,0,1
sce1m_etg_run_0071,sce-1m,MarineMicro_MvsM_4_mirror,19,TrialState.COMPLETE,14.99128791669127,20.557377049180328,0.7950819672131147,25.37652496599243,3.312397548129222,0.9171900612967694,122.0,completed,etg_only,C:\Users\Binich\PycharmProjects\PredictionRTS\output\learner_results\training_runs\run_0071\trials\trial_0019,best_subtree_winrate,multi_step,7,10,future_reward,5,1,0.009610819415191953,0.6616703820622021,False,,,2,5.0,6.0,,1,0,1
sce1m_etg_run_0071,sce-1m,MarineMicro_MvsM_4_mirror,20,TrialState.COMPLETE,12.93052512557751,17.975806451612904,0.7580645161290323,25.334365194997623,2.043898259713869,0.9489025435071533,124.0,completed,etg_only,C:\Users\Binich\PycharmProjects\PredictionRTS\output\learner_results\training_runs\run_0071\trials\trial_0020,best_subtree_winrate,multi_step,5,10,future_reward,5,1,0.00836283467968471,0.8104868219985009,False,,,2,5.0,10.0,,1,0,1
sce1m_etg_run_0071,sce-1m,MarineMicro_MvsM_4_mirror,21,TrialState.COMPLETE,13.523335230601994,19.53913043478261,0.782608695652174,24.18633712639602,4.625207254173691,0.8843698186456577,115.0,completed,etg_only,C:\Users\Binich\PycharmProjects\PredictionRTS\output\learner_results\training_runs\run_0071\trials\trial_0021,best_subtree_winrate,multi_step,9,12,future_reward,4,1,0.02401534424694128,0.6686733683659437,False,,,2,10.0,6.0,,1,0,1
sce1m_etg_run_0071,sce-1m,MarineMicro_MvsM_4_mirror,22,TrialState.COMPLETE,11.496029901479622,16.73949579831933,0.7478991596638656,24.743206243491677,3.269870620718173,0.9182532344820457,119.0,completed,etg_only,C:\Users\Binich\PycharmProjects\PredictionRTS\output\learner_results\training_runs\run_0071\trials\trial_0022,best_subtree_winrate,multi_step,7,9,future_reward,6,2,0.008346020191281061,0.6845049682579034,False,,,3,8.0,6.0,2.0,1,0,1
sce1m_etg_run_0071,sce-1m,MarineMicro_MvsM_4_mirror,23,TrialState.COMPLETE,10.951520771027377,16.289256198347108,0.7107438016528925,25.196890145422273,2.1627044214100164,0.9459323894647496,121.0,completed,etg_only,C:\Users\Binich\PycharmProjects\PredictionRTS\output\learner_results\training_runs\run_0071\trials\trial_0023,best_subtree_winrate,multi_step,7,8,future_reward,4,2,0.016557201738811766,0.6248658638147073,False,,,2,4.0,2.0,,1,0,1
sce1m_etg_run_0071,sce-1m,MarineMicro_MvsM_4_mirror,24,TrialState.COMPLETE,16.643754551155393,22.512,0.816,24.19011897449039,3.758425678079765,0.9060393580480058,125.0,completed,etg_only,C:\Users\Binich\PycharmProjects\PredictionRTS\output\learner_results\training_runs\run_0071\trials\trial_0024,best_subtree_winrate,multi_step,9,4,quality,7,1,0.04241082211470004,0.7722386754590369,False,,,2,3.0,5.0,,1,0,1
sce1m_etg_run_0071,sce-1m,MarineMicro_MvsM_4_mirror,25,TrialState.COMPLETE,10.576503182419128,17.635514018691588,0.6915887850467289,27.40263733925988,5.313056636297676,0.8671735840925581,107.0,completed,etg_only,C:\Users\Binich\PycharmProjects\PredictionRTS\output\learner_results\training_runs\run_0071\trials\trial_0025,best_subtree_winrate,multi_step,7,6,quality,7,1,0.0342136132054831,0.7811284478232833,False,,,2,5.0,8.0,,1,0,1
sce1m_etg_run_0071,sce-1m,MarineMicro_MvsM_4_mirror,26,TrialState.COMPLETE,11.531245875116214,16.594594594594593,0.7927927927927928,23.76854548695347,4.940163748073513,0.8764959062981621,111.0,completed,etg_only,C:\Users\Binich\PycharmProjects\PredictionRTS\output\learner_results\training_runs\run_0071\trials\trial_0026,best_subtree_winrate,multi_step,9,11,future_reward,5,1,0.013215939791945155,0.8456741753794149,True,0.9318926167315639,0.02591131934746843,2,2.0,5.0,,1,1,1
sce1m_etg_run_0071,sce-1m,MarineMicro_MvsM_4_mirror,27,TrialState.COMPLETE,14.222452602038675,19.88135593220339,0.7966101694915254,26.126540013493976,4.079477965067473,0.8980130508733132,118.0,completed,etg_only,C:\Users\Binich\PycharmProjects\PredictionRTS\output\learner_results\training_runs\run_0071\trials\trial_0027,best_subtree_winrate,multi_step,10,15,quality,7,1,0.03760653749964497,0.7050025110148855,False,,,1,3.0,,,1,0,1
sce1m_etg_run_0071,sce-1m,MarineMicro_MvsM_4_mirror,28,TrialState.COMPLETE,11.579787829958459,16.86,0.7266666666666667,25.729368433756783,2.193385908914886,0.9451653522771278,150.0,completed,etg_only,C:\Users\Binich\PycharmProjects\PredictionRTS\output\learner_results\training_runs\run_0071\trials\trial_0028,best_subtree_quality,multi_step,8,8,future_reward,3,1,0.05095157288286405,0.7590973025625448,False,,,2,6.0,9.0,,1,0,1
sce1m_etg_run_0071,sce-1m,MarineMicro_MvsM_4_mirror,29,TrialState.COMPLETE,11.766113140295191,19.453125,0.71875,26.814425739410773,6.339095915733121,0.841522602106672,128.0,completed,etg_only,C:\Users\Binich\PycharmProjects\PredictionRTS\output\learner_results\training_runs\run_0071\trials\trial_0029,best_subtree_quality,multi_step,5,3,future_reward,7,1,0.006905706276839377,0.9230731887263548,True,0.9377505170217982,0.019165353443496402,2,4.0,6.0,,1,1,1
sce1m_etg_run_0071,sce-1m,MarineMicro_MvsM_4_mirror,30,TrialState.COMPLETE,12.416313488974483,18.545454545454547,0.71900826446281,25.150127745596734,2.7538578908608677,0.9311535527284783,121.0,completed,etg_only,C:\Users\Binich\PycharmProjects\PredictionRTS\output\learner_results\training_runs\run_0071\trials\trial_0030,best_subtree_winrate,multi_step,9,5,quality,6,2,0.023236550657796676,0.5567598685384798,False,,,1,7.0,,,1,0,1
sce1m_etg_run_0071,sce-1m,MarineMicro_MvsM_4_mirror,31,TrialState.COMPLETE,13.713174912272319,20.061068702290076,0.7480916030534351,26.833030723143686,3.4498501740277008,0.9137537456493074,131.0,completed,etg_only,C:\Users\Binich\PycharmProjects\PredictionRTS\output\learner_results\training_runs\run_0071\trials\trial_0031,best_subtree_winrate,multi_step,9,4,quality,9,2,0.011346720403547148,0.6408878288117987,False,,,3,3.0,4.0,5.0,1,0,1
sce1m_etg_run_0071,sce-1m,MarineMicro_MvsM_4_mirror,32,TrialState.COMPLETE,14.26761075638549,19.794117647058822,0.7941176470588235,26.005406012375815,3.6930096651111612,0.907674758372221,102.0,completed,etg_only,C:\Users\Binich\PycharmProjects\PredictionRTS\output\learner_results\training_runs\run_0071\trials\trial_0032,best_subtree_winrate,multi_step,10,3,quality,5,1,0.09883073473564595,0.6932640206213845,False,,,3,1.0,5.0,10.0,1,0,1
sce1m_etg_run_0071,sce-1m,MarineMicro_MvsM_4_mirror,33,TrialState.COMPLETE,12.733116959553167,20.594594594594593,0.7297297297297297,27.390528506450426,6.109386375759136,0.8472653406060215,111.0,completed,etg_only,C:\Users\Binich\PycharmProjects\PredictionRTS\output\learner_results\training_runs\run_0071\trials\trial_0033,best_subtree_winrate,multi_step,8,5,quality,4,2,0.0018066231414686424,0.7412084316044485,False,,,3,5.0,3.0,3.0,1,0,1
sce1m_etg_run_0071,sce-1m,MarineMicro_MvsM_4_mirror,34,TrialState.COMPLETE,13.940971194723998,19.714285714285715,0.7857142857142857,27.843128342885024,3.999600076865568,0.9000099980783608,112.0,completed,etg_only,C:\Users\Binich\PycharmProjects\PredictionRTS\output\learner_results\training_runs\run_0071\trials\trial_0034,random_beam,multi_step,6,6,quality,9,1,0.0665877973124666,0.5850271792389493,False,,,2,1.0,7.0,,1,0,1
sce1m_etg_run_0071,sce-1m,MarineMicro_MvsM_4_mirror,35,TrialState.COMPLETE,15.263789586607386,20.612068965517242,0.8017241379310345,24.053378697261316,3.0532862612234952,0.9236678434694126,116.0,completed,etg_only,C:\Users\Binich\PycharmProjects\PredictionRTS\output\learner_results\training_runs\run_0071\trials\trial_0035,best_subtree_quality,multi_step,9,4,quality,6,3,0.003972072809704532,0.7994382255256481,True,0.36046113849331646,0.5567204017712553,2,4.0,5.0,,1,1,1
sce1m_etg_run_0071,sce-1m,MarineMicro_MvsM_4_mirror,36,TrialState.COMPLETE,13.707946095827722,18.724137931034484,0.7586206896551724,25.98261560951879,1.3983503546254312,0.9650412411343642,116.0,completed,etg_only,C:\Users\Binich\PycharmProjects\PredictionRTS\output\learner_results\training_runs\run_0071\trials\trial_0036,best_subtree_quality,multi_step,7,13,quality,6,4,0.006373400870829545,0.8738484348816122,True,0.3403211115531319,0.5747155869238117,2,4.0,7.0,,1,1,1
sce1m_etg_run_0071,sce-1m,MarineMicro_MvsM_4_mirror,37,TrialState.COMPLETE,12.397312603449427,19.155963302752294,0.7339449541284404,26.730793263121043,4.7288144057512875,0.8817796398562178,109.0,completed,etg_only,C:\Users\Binich\PycharmProjects\PredictionRTS\output\learner_results\training_runs\run_0071\trials\trial_0037,best_subtree_quality,multi_step,2,10,future_reward,7,3,0.0036766725875145216,0.7991636094765517,True,0.37900268299150736,0.34126845038848097,2,4.0,3.0,,1,1,1
sce1m_etg_run_0071,sce-1m,MarineMicro_MvsM_4_mirror,38,TrialState.COMPLETE,7.342658974655063,13.422413793103448,0.6551724137931034,29.455738525873656,6.601487623649212,0.8349628094087697,116.0,completed,etg_only,C:\Users\Binich\PycharmProjects\PredictionRTS\output\learner_results\training_runs\run_0071\trials\trial_0038,best_subtree_quality,multi_step,10,5,quality,1,4,0.023945740850442064,0.9417522962532897,True,0.7317398539349759,0.6478981451339741,2,3.0,5.0,,1,1,1
sce1m_etg_run_0071,sce-1m,MarineMicro_MvsM_4_mirror,39,TrialState.COMPLETE,8.132245248728944,12.85344827586207,0.7068965517241379,26.468346192732916,4.1990178250325805,0.8950245543741855,116.0,completed,etg_only,C:\Users\Binich\PycharmProjects\PredictionRTS\output\learner_results\training_runs\run_0071\trials\trial_0039,random_beam,multi_step,8,3,win_rate,5,3,0.0086764725226683,0.8562762917677649,True,0.2910799442474563,0.30684539208467315,2,5.0,9.0,,1,1,1
sce1m_etg_run_0071,sce-1m,MarineMicro_MvsM_4_mirror,40,TrialState.COMPLETE,10.561959183673471,17.114285714285714,0.7714285714285715,23.0561692129354,8.30008725956981,0.8,105.0,completed,etg_only,C:\Users\Binich\PycharmProjects\PredictionRTS\output\learner_results\training_runs\run_0071\trials\trial_0040,best_subtree_quality,multi_step,3,4,quality,2,3,0.004569666051829489,0.8356840227743954,True,0.49000909330174114,0.6554960725110633,2,7.0,2.0,,1,1,1
sce1m_etg_run_0071,sce-1m,MarineMicro_MvsM_4_mirror,41,TrialState.COMPLETE,12.789212618433568,18.64864864864865,0.7477477477477478,25.99606645527016,3.313919173105176,0.9171520206723706,111.0,completed,etg_only,C:\Users\Binich\PycharmProjects\PredictionRTS\output\learner_results\training_runs\run_0071\trials\trial_0041,best_subtree_winrate,multi_step,9,6,quality,6,2,0.0013610108392646113,0.6502833126391755,True,0.7610851290315885,0.18075898992460426,3,1.0,4.0,0.0,1,1,1
sce1m_etg_run_0071,sce-1m,MarineMicro_MvsM_4_mirror,42,TrialState.COMPLETE,16.81947816609342,22.057142857142857,0.8285714285714286,23.66545747605612,3.1876706209318635,0.9203082344767034,105.0,completed,etg_only,C:\Users\Binich\PycharmProjects\PredictionRTS\output\learner_results\training_runs\run_0071\trials\trial_0042,best_subtree_quality,multi_step,10,4,quality,8,3,0.0020567757080569658,0.7338029267220854,False,,,3,3.0,6.0,7.0,1,0,1
sce1m_etg_run_0071,sce-1m,MarineMicro_MvsM_4_mirror,43,TrialState.COMPLETE,17.5881436537497,23.943396226415093,0.8207547169811321,22.126066838655824,4.200178963699968,0.8949955259075008,106.0,completed,etg_only,C:\Users\Binich\PycharmProjects\PredictionRTS\output\learner_results\training_runs\run_0071\trials\trial_0043,best_subtree_quality,multi_step,10,4,quality,8,4,0.0023275972273224628,0.7813591855693852,False,,,2,2.0,6.0,,1,0,1
sce1m_etg_run_0071,sce-1m,MarineMicro_MvsM_4_mirror,44,TrialState.COMPLETE,13.289680219224696,19.42105263157895,0.7456140350877193,25.44408894124255,3.2897212117446983,0.9177569697063825,114.0,completed,etg_only,C:\Users\Binich\PycharmProjects\PredictionRTS\output\learner_results\training_runs\run_0071\trials\trial_0044,best_subtree_quality,multi_step,10,4,quality,8,5,0.0022737395306380677,0.7826131071544801,False,,,0,,,,1,0,1
sce1m_etg_run_0071,sce-1m,MarineMicro_MvsM_4_mirror,45,TrialState.COMPLETE,16.137275711958544,22.512820512820515,0.8205128205128205,24.746791343289278,5.055813841274282,0.8736046539681429,117.0,completed,etg_only,C:\Users\Binich\PycharmProjects\PredictionRTS\output\learner_results\training_runs\run_0071\trials\trial_0045,best_subtree_quality,multi_step,10,2,quality,8,4,0.0024902899477476587,0.7329441330178257,True,0.20589135893484622,0.39854032186498056,3,2.0,6.0,7.0,1,1,1
sce1m_etg_run_0071,sce-1m,MarineMicro_MvsM_4_mirror,46,TrialState.COMPLETE,16.457929797731904,23.17699115044248,0.831858407079646,25.593911778982992,5.854873049281649,0.8536281737679587,113.0,completed,etg_only,C:\Users\Binich\PycharmProjects\PredictionRTS\output\learner_results\training_runs\run_0071\trials\trial_0046,best_subtree_quality,multi_step,10,2,quality,8,5,0.0010429331971787844,0.7363225658086069,False,,,3,2.0,7.0,7.0,1,0,1
sce1m_etg_run_0071,sce-1m,MarineMicro_MvsM_4_mirror,47,TrialState.COMPLETE,10.032872227125436,15.616071428571429,0.7142857142857143,27.068776667603807,4.021626867621081,0.899459328309473,112.0,completed,etg_only,C:\Users\Binich\PycharmProjects\PredictionRTS\output\learner_results\training_runs\run_0071\trials\trial_0047,best_subtree_quality,multi_step,10,2,quality,8,5,0.0011878785422573285,0.732030614417666,False,,,3,2.0,7.0,7.0,1,0,1
sce1m_etg_run_0071,sce-1m,MarineMicro_MvsM_4_mirror,48,TrialState.COMPLETE,13.662654478113064,19.314285714285713,0.8095238095238095,23.222859955005454,5.046811550946389,0.8738297112263402,105.0,completed,etg_only,C:\Users\Binich\PycharmProjects\PredictionRTS\output\learner_results\training_runs\run_0071\trials\trial_0048,best_subtree_quality,multi_step,10,2,win_rate,8,5,0.0014611869976111503,0.7449948655299315,False,,,3,2.0,6.0,8.0,1,0,1
sce1m_etg_run_0071,sce-1m,MarineMicro_MvsM_4_mirror,49,TrialState.COMPLETE,13.802451602221142,20.523364485981308,0.794392523364486,23.476114643903323,6.136447360156465,0.8465888159960884,107.0,completed,etg_only,C:\Users\Binich\PycharmProjects\PredictionRTS\output\learner_results\training_runs\run_0071\trials\trial_0049,best_subtree_quality,multi_step,10,3,quality,9,4,0.0010332248739135094,0.7611371740228076,True,0.1831803878104598,0.3825864461756251,3,3.0,8.0,7.0,1,1,1
sce1m_etg_run_0071,sce-1m,MarineMicro_MvsM_4_mirror,50,TrialState.COMPLETE,21.308727411877943,24.86046511627907,0.8992248062015504,20.460491020670123,1.8723554228292782,0.9531911144292681,129.0,completed,etg_only,C:\Users\Binich\PycharmProjects\PredictionRTS\output\learner_results\training_runs\run_0071\trials\trial_0050,best_subtree_quality,multi_step,10,2,quality,8,4,0.002299877371429003,0.712867249449838,False,,,3,1.0,7.0,9.0,1,0,1
sce1m_etg_run_0071,sce-1m,MarineMicro_MvsM_4_mirror,51,TrialState.COMPLETE,14.407514349955344,19.553571428571427,0.7946428571428571,22.991007281463908,2.9105002296773206,0.927237494258067,112.0,completed,etg_only,C:\Users\Binich\PycharmProjects\PredictionRTS\output\learner_results\training_runs\run_0071\trials\trial_0051,best_subtree_quality,multi_step,10,2,quality,8,4,0.0021971874893060815,0.7216956351990066,False,,,3,1.0,7.0,10.0,1,0,1
sce1m_etg_run_0071,sce-1m,MarineMicro_MvsM_4_mirror,52,TrialState.COMPLETE,11.36639302336859,17.794871794871796,0.7521367521367521,24.606836122466504,6.0303567162491065,0.8492410820937724,117.0,completed,etg_only,C:\Users\Binich\PycharmProjects\PredictionRTS\output\learner_results\training_runs\run_0071\trials\trial_0052,best_subtree_quality,multi_step,10,3,quality,9,4,0.0029202753819616823,0.8254094861260903,False,,,3,2.0,6.0,8.0,1,0,1
sce1m_etg_run_0071,sce-1m,MarineMicro_MvsM_4_mirror,53,TrialState.COMPLETE,12.794858139675268,20.317073170731707,0.7398373983739838,26.155668158155013,5.951495535331118,0.851212611616722,123.0,completed,etg_only,C:\Users\Binich\PycharmProjects\PredictionRTS\output\learner_results\training_runs\run_0071\trials\trial_0053,best_subtree_quality,multi_step,10,2,quality,8,5,0.0023971116897685595,0.7811032407017134,False,,,3,2.0,7.0,6.0,1,0,1
sce1m_etg_run_0071,sce-1m,MarineMicro_MvsM_4_mirror,54,TrialState.COMPLETE,12.06455747640607,18.457142857142856,0.7523809523809524,25.87921709694906,5.248854704085655,0.8687786323978586,105.0,completed,etg_only,C:\Users\Binich\PycharmProjects\PredictionRTS\output\learner_results\training_runs\run_0071\trials\trial_0054,best_subtree_quality,multi_step,10,3,quality,7,4,0.0017598031941661212,0.7030194069519118,False,,,3,1.0,8.0,9.0,1,0,1
sce1m_etg_run_0071,sce-1m,MarineMicro_MvsM_4_mirror,55,TrialState.COMPLETE,14.149548426692522,20.69047619047619,0.7698412698412699,25.10500623119781,4.4670801731783945,0.8883229956705401,126.0,completed,etg_only,C:\Users\Binich\PycharmProjects\PredictionRTS\output\learner_results\training_runs\run_0071\trials\trial_0055,best_subtree_quality,multi_step,9,2,quality,10,4,0.0014839935167976902,0.7490520883106396,False,,,3,3.0,6.0,6.0,1,0,1
sce1m_etg_run_0071,sce-1m,MarineMicro_MvsM_4_mirror,56,TrialState.COMPLETE,11.086738059718604,17.323529411764707,0.7745098039215687,25.755319939583575,6.947791716400582,0.8263052070899854,102.0,completed,etg_only,C:\Users\Binich\PycharmProjects\PredictionRTS\output\learner_results\training_runs\run_0071\trials\trial_0056,best_subtree_quality,multi_step,10,3,win_rate,9,5,0.0031674597224285775,0.7271547665885328,False,,,3,1.0,7.0,9.0,1,0,1
sce1m_etg_run_0071,sce-1m,MarineMicro_MvsM_4_mirror,57,TrialState.COMPLETE,18.319899617978123,24.176470588235293,0.8431372549019608,22.85436061910196,4.050578919737379,0.8987355270065656,102.0,completed,etg_only,C:\Users\Binich\PycharmProjects\PredictionRTS\output\learner_results\training_runs\run_0071\trials\trial_0057,best_subtree_quality,multi_step,9,5,quality,7,5,0.0019077665654373842,0.7967055340170004,False,,,3,0.0,5.0,6.0,1,0,1
sce1m_etg_run_0071,sce-1m,MarineMicro_MvsM_4_mirror,58,TrialState.COMPLETE,15.884168886672382,22.176923076923078,0.7923076923076923,25.681919825378316,3.8399248106896087,0.9040018797327598,130.0,completed,etg_only,C:\Users\Binich\PycharmProjects\PredictionRTS\output\learner_results\training_runs\run_0071\trials\trial_0058,random_beam,multi_step,9,5,quality,7,5,0.002003592003826977,0.8004907992916166,False,,,3,0.0,4.0,6.0,1,0,1
sce1m_etg_run_0071,sce-1m,MarineMicro_MvsM_4_mirror,59,TrialState.COMPLETE,13.143330659302297,19.17948717948718,0.7521367521367521,28.062998537513813,3.555531235782457,0.9111117191054385,117.0,completed,etg_only,C:\Users\Binich\PycharmProjects\PredictionRTS\output\learner_results\training_runs\run_0071\trials\trial_0059,best_subtree_quality,multi_step,9,4,quality,7,5,0.0012491597254121868,0.7659060256573595,False,,,3,0.0,5.0,9.0,1,0,1
sce1m_etg_run_0071,sce-1m,MarineMicro_MvsM_4_mirror,60,TrialState.COMPLETE,17.843654716783384,23.434426229508198,0.8278688524590164,22.980386400080764,3.2101570091870646,0.9197460747703234,122.0,completed,etg_only,C:\Users\Binich\PycharmProjects\PredictionRTS\output\learner_results\training_runs\run_0071\trials\trial_0060,best_subtree_quality,multi_step,9,5,quality,7,5,0.0010505808269745671,0.8763111456256004,False,,,3,1.0,4.0,6.0,1,0,1
sce1m_etg_run_0071,sce-1m,MarineMicro_MvsM_4_mirror,61,TrialState.COMPLETE,17.639831999745535,25.4,0.8083333333333333,24.565015774470815,5.633901453535771,0.8591524636616057,120.0,completed,etg_only,C:\Users\Binich\PycharmProjects\PredictionRTS\output\learner_results\training_runs\run_0071\trials\trial_0061,best_subtree_quality,multi_step,9,5,quality,7,5,0.0016523798781461353,0.9857819723961447,False,,,3,1.0,4.0,6.0,1,0,1
sce1m_etg_run_0071,sce-1m,MarineMicro_MvsM_4_mirror,62,TrialState.COMPLETE,11.338459784955274,18.294117647058822,0.7745098039215687,24.88979168462055,7.990737486894138,0.8002315628276465,102.0,completed,etg_only,C:\Users\Binich\PycharmProjects\PredictionRTS\output\learner_results\training_runs\run_0071\trials\trial_0062,best_subtree_quality,multi_step,8,7,quality,7,5,0.0016483968603045482,0.9879302591528576,False,,,3,0.0,4.0,6.0,1,0,1
sce1m_etg_run_0071,sce-1m,MarineMicro_MvsM_4_mirror,63,TrialState.COMPLETE,14.748614681447583,20.975609756097562,0.8130081300813008,25.58056408241497,5.40592379602783,0.8648519050993042,123.0,completed,etg_only,C:\Users\Binich\PycharmProjects\PredictionRTS\output\learner_results\training_runs\run_0071\trials\trial_0063,best_subtree_quality,multi_step,9,6,quality,7,5,0.0019483564868270512,0.8954522191897891,False,,,3,1.0,3.0,5.0,1,0,1
sce1m_etg_run_0071,sce-1m,MarineMicro_MvsM_4_mirror,64,TrialState.COMPLETE,16.717421969552408,23.168067226890756,0.8487394957983193,22.843758439138966,5.993253894018587,0.8501686526495353,119.0,completed,etg_only,C:\Users\Binich\PycharmProjects\PredictionRTS\output\learner_results\training_runs\run_0071\trials\trial_0064,best_subtree_quality,multi_step,9,5,quality,7,5,0.0015566059053793086,0.9782108387071851,False,,,3,0.0,5.0,4.0,1,0,1
sce1m_etg_run_0071,sce-1m,MarineMicro_MvsM_4_mirror,65,TrialState.COMPLETE,12.038369351069436,18.475,0.7333333333333333,24.95294321317628,4.4580065905195605,0.8885498352370109,120.0,completed,etg_only,C:\Users\Binich\PycharmProjects\PredictionRTS\output\learner_results\training_runs\run_0071\trials\trial_0065,best_subtree_quality,multi_step,8,5,quality,6,5,0.00154572613021623,0.9700663567639437,False,,,3,0.0,5.0,4.0,1,0,1
sce1m_etg_run_0071,sce-1m,MarineMicro_MvsM_4_mirror,66,TrialState.COMPLETE,17.02296754000944,23.734513274336283,0.8672566371681416,20.11296315091341,6.919862953570966,0.8270034261607259,113.0,completed,etg_only,C:\Users\Binich\PycharmProjects\PredictionRTS\output\learner_results\training_runs\run_0071\trials\trial_0066,best_subtree_quality,multi_step,9,6,quality,8,5,0.001262048454009175,0.9379509384916561,False,,,3,0.0,4.0,4.0,1,0,1
sce1m_etg_run_0071,sce-1m,MarineMicro_MvsM_4_mirror,67,TrialState.COMPLETE,16.14317194722344,21.394736842105264,0.7982456140350878,25.658218621437552,2.190113471812749,0.9452471632046813,114.0,completed,etg_only,C:\Users\Binich\PycharmProjects\PredictionRTS\output\learner_results\training_runs\run_0071\trials\trial_0067,best_subtree_quality,multi_step,9,6,quality,8,5,0.0012595822571002744,0.9458328513369837,False,,,3,1.0,4.0,6.0,1,0,1
sce1m_etg_run_0071,sce-1m,MarineMicro_MvsM_4_mirror,68,TrialState.COMPLETE,16.79379692678729,22.069565217391304,0.8260869565217391,21.731452557197983,3.154084964246699,0.9211478758938325,115.0,completed,etg_only,C:\Users\Binich\PycharmProjects\PredictionRTS\output\learner_results\training_runs\run_0071\trials\trial_0068,best_subtree_quality,multi_step,8,7,win_rate,9,4,0.002808523513383759,0.9071186833505075,False,,,3,0.0,4.0,5.0,1,0,1
sce1m_etg_run_0071,sce-1m,MarineMicro_MvsM_4_mirror,69,TrialState.COMPLETE,13.936698446191624,20.37142857142857,0.7904761904761904,23.642680189238533,5.381390838132294,0.8654652290466927,105.0,completed,etg_only,C:\Users\Binich\PycharmProjects\PredictionRTS\output\learner_results\training_runs\run_0071\trials\trial_0069,highest_transition_prob,multi_step,9,6,quality,8,5,0.003230529526768832,0.955745065515213,False,,,3,1.0,2.0,4.0,1,0,1
sce1m_etg_run_0071,sce-1m,MarineMicro_MvsM_4_mirror,70,TrialState.COMPLETE,12.819523565037738,20.16,0.752,26.196305082969236,6.176113525208605,0.8455971618697848,125.0,completed,etg_only,C:\Users\Binich\PycharmProjects\PredictionRTS\output\learner_results\training_runs\run_0071\trials\trial_0070,best_subtree_quality,multi_step,9,5,quality,10,3,0.002087570955144771,0.8816249604351554,False,,,3,1.0,3.0,5.0,1,0,1
sce1m_etg_run_0071,sce-1m,MarineMicro_MvsM_4_mirror,71,TrialState.COMPLETE,16.13497998547285,21.566037735849058,0.8113207547169812,24.292253159098802,3.1136675991835223,0.9221583100204119,106.0,completed,etg_only,C:\Users\Binich\PycharmProjects\PredictionRTS\output\learner_results\training_runs\run_0071\trials\trial_0071,best_subtree_quality,multi_step,8,7,win_rate,9,4,0.0010033765369370053,0.9126908662107677,False,,,3,0.0,4.0,5.0,1,0,1
sce1m_etg_run_0071,sce-1m,MarineMicro_MvsM_4_mirror,72,TrialState.COMPLETE,11.40928332944708,17.278846153846153,0.7403846153846154,21.345354714771275,4.326457951911307,0.8918385512022173,104.0,completed,etg_only,C:\Users\Binich\PycharmProjects\PredictionRTS\output\learner_results\training_runs\run_0071\trials\trial_0072,best_subtree_quality,multi_step,8,8,win_rate,9,4,0.0027133367979326334,0.9265434637750193,False,,,3,0.0,4.0,6.0,1,0,1
sce1m_etg_run_0071,sce-1m,MarineMicro_MvsM_4_mirror,73,TrialState.COMPLETE,12.017497151916041,17.22772277227723,0.7623762376237624,22.997581098854557,3.4003617116896456,0.9149909572077588,101.0,completed,etg_only,C:\Users\Binich\PycharmProjects\PredictionRTS\output\learner_results\training_runs\run_0071\trials\trial_0073,best_subtree_quality,multi_step,9,7,win_rate,8,4,0.0013008781033801663,0.9996328948523366,False,,,3,0.0,5.0,3.0,1,0,1
sce1m_etg_run_0071,sce-1m,MarineMicro_MvsM_4_mirror,74,TrialState.COMPLETE,12.031276396728034,17.067961165048544,0.7961165048543689,21.532212101386015,4.582865425542413,0.8854283643614397,103.0,completed,etg_only,C:\Users\Binich\PycharmProjects\PredictionRTS\output\learner_results\training_runs\run_0071\trials\trial_0074,best_subtree_quality,multi_step,10,5,win_rate,8,5,0.0017409215755523533,0.8607120047634772,False,,,3,1.0,3.0,5.0,1,0,1
sce1m_etg_run_0071,sce-1m,MarineMicro_MvsM_4_mirror,75,TrialState.COMPLETE,9.957714206605734,15.409090909090908,0.7363636363636363,24.346848014978505,4.896509880205576,0.8775872529948606,110.0,completed,etg_only,C:\Users\Binich\PycharmProjects\PredictionRTS\output\learner_results\training_runs\run_0071\trials\trial_0075,best_subtree_quality,multi_step,8,6,win_rate,9,3,0.0026744046711166414,0.9009610445858979,False,,,3,0.0,4.0,8.0,1,0,1
sce1m_etg_run_0071,sce-1m,MarineMicro_MvsM_4_mirror,76,TrialState.COMPLETE,16.04593760722062,21.72093023255814,0.8294573643410853,25.455227983516604,4.375186252575492,0.8906203436856127,129.0,completed,etg_only,C:\Users\Binich\PycharmProjects\PredictionRTS\output\learner_results\training_runs\run_0071\trials\trial_0076,best_subtree_quality,multi_step,5,4,quality,8,5,0.0018922757452384587,0.9596757353280196,False,,,3,1.0,5.0,5.0,1,0,1
sce1m_etg_run_0071,sce-1m,MarineMicro_MvsM_4_mirror,77,TrialState.COMPLETE,17.3863657393062,23.405405405405407,0.8468468468468469,24.301550900858114,4.9128769636231375,0.8771780759094215,111.0,completed,etg_only,C:\Users\Binich\PycharmProjects\PredictionRTS\output\learner_results\training_runs\run_0071\trials\trial_0077,random_beam,multi_step,9,6,quality,7,4,0.004576071227146025,0.9370745407272248,False,,,3,2.0,6.0,6.0,1,0,1
sce1m_etg_run_0071,sce-1m,MarineMicro_MvsM_4_mirror,78,TrialState.COMPLETE,11.370764847687925,18.897435897435898,0.7521367521367521,25.474768685490044,8.312277439866593,0.8,117.0,completed,etg_only,C:\Users\Binich\PycharmProjects\PredictionRTS\output\learner_results\training_runs\run_0071\trials\trial_0078,random_beam,multi_step,10,5,quality,7,4,0.0041508549013703966,0.9379302917346001,False,,,1,2.0,,,1,0,1
sce1m_etg_run_0071,sce-1m,MarineMicro_MvsM_4_mirror,79,TrialState.COMPLETE,9.891743518914488,16.42241379310345,0.7155172413793104,26.122110750007778,6.327470311984732,0.8418132422003817,116.0,completed,etg_only,C:\Users\Binich\PycharmProjects\PredictionRTS\output\learner_results\training_runs\run_0071\trials\trial_0079,random_beam,multi_step,9,4,quality,7,3,0.001157817455245093,0.9296330702904776,False,,,3,2.0,6.0,6.0,1,0,1
sce1m_etg_run_0071,sce-1m,MarineMicro_MvsM_4_mirror,80,TrialState.COMPLETE,15.616501823932047,21.345132743362832,0.7964601769911505,23.4621781542857,3.2564747024528655,0.9185881324386783,113.0,completed,etg_only,C:\Users\Binich\PycharmProjects\PredictionRTS\output\learner_results\training_runs\run_0071\trials\trial_0080,random_beam,multi_step,10,8,quality,6,5,0.0022793967957200384,0.9672999112417077,False,,,3,3.0,6.0,7.0,1,0,1
sce1m_etg_run_0071,sce-1m,MarineMicro_MvsM_4_mirror,81,TrialState.COMPLETE,18.29007318040327,23.571428571428573,0.8660714285714286,21.949908186317206,4.162655736491942,0.8959336065877015,112.0,completed,etg_only,C:\Users\Binich\PycharmProjects\PredictionRTS\output\learner_results\training_runs\run_0071\trials\trial_0081,random_beam,multi_step,9,6,quality,8,4,0.003541085917733902,0.9093822728526987,False,,,3,1.0,5.0,4.0,1,0,1
sce1m_etg_run_0071,sce-1m,MarineMicro_MvsM_4_mirror,82,TrialState.COMPLETE,13.608310238127528,19.736842105263158,0.7719298245614035,24.2548792818078,4.272000029352455,0.8931999992661886,114.0,completed,etg_only,C:\Users\Binich\PycharmProjects\PredictionRTS\output\learner_results\training_runs\run_0071\trials\trial_0082,random_beam,multi_step,9,6,quality,8,4,0.005223101954631933,0.8724775701774571,False,,,3,1.0,5.0,4.0,1,0,1
sce1m_etg_run_0071,sce-1m,MarineMicro_MvsM_4_mirror,83,TrialState.COMPLETE,8.057973615472202,12.9,0.6909090909090909,25.979344942403063,3.8361037249309624,0.9040974068767259,110.0,completed,etg_only,C:\Users\Binich\PycharmProjects\PredictionRTS\output\learner_results\training_runs\run_0071\trials\trial_0083,random_beam,multi_step,9,6,quality,7,4,0.0037409995460381457,0.9839930111791548,False,,,3,2.0,6.0,3.0,1,0,1
sce1m_etg_run_0071,sce-1m,MarineMicro_MvsM_4_mirror,84,TrialState.COMPLETE,14.51098066886625,21.241071428571427,0.7767857142857143,23.953543406126446,4.821355150621914,0.8794661212344521,112.0,completed,etg_only,C:\Users\Binich\PycharmProjects\PredictionRTS\output\learner_results\training_runs\run_0071\trials\trial_0084,random_beam,multi_step,9,5,quality,8,3,0.0032037848664272536,0.9493721264469059,False,,,3,1.0,6.0,7.0,1,0,1
sce1m_etg_run_0071,sce-1m,MarineMicro_MvsM_4_mirror,85,TrialState.COMPLETE,13.40159635586324,19.221238938053098,0.7345132743362832,25.89520559488408,2.030445790228827,0.9492388552442793,113.0,completed,etg_only,C:\Users\Binich\PycharmProjects\PredictionRTS\output\learner_results\training_runs\run_0071\trials\trial_0085,random_beam,multi_step,10,4,quality,7,4,0.0013945496231035268,0.8904597930449829,False,,,3,2.0,5.0,2.0,1,0,1
sce1m_etg_run_0071,sce-1m,MarineMicro_MvsM_4_mirror,86,TrialState.COMPLETE,13.782213166718886,19.210084033613445,0.7815126050420168,24.736552734150507,3.2790674128813704,0.9180233146779657,119.0,completed,etg_only,C:\Users\Binich\PycharmProjects\PredictionRTS\output\learner_results\training_runs\run_0071\trials\trial_0086,highest_transition_prob,multi_step,10,6,quality,7,5,0.006189734550742348,0.8181145865675746,False,,,3,1.0,6.0,6.0,1,0,1
sce1m_etg_run_0071,sce-1m,MarineMicro_MvsM_4_mirror,87,TrialState.COMPLETE,14.836523009495984,22.135135135135137,0.8378378378378378,23.605040875022187,8.536086138934659,0.8,111.0,completed,etg_only,C:\Users\Binich\PycharmProjects\PredictionRTS\output\learner_results\training_runs\run_0071\trials\trial_0087,random_beam,multi_step,9,5,quality,8,4,0.0024538284124001543,0.9161410843419157,False,,,3,1.0,5.0,4.0,1,0,1
sce1m_etg_run_0071,sce-1m,MarineMicro_MvsM_4_mirror,88,TrialState.COMPLETE,16.37250850170683,21.514285714285716,0.8,24.5034941281809,1.9496814369363218,0.9512579640765919,105.0,completed,etg_only,C:\Users\Binich\PycharmProjects\PredictionRTS\output\learner_results\training_runs\run_0071\trials\trial_0088,random_beam,multi_step,3,7,quality,6,5,0.0016952260264873537,0.6784968703942084,False,,,3,2.0,4.0,7.0,1,0,1
sce1m_etg_run_0071,sce-1m,MarineMicro_MvsM_4_mirror,89,TrialState.COMPLETE,14.52596138773798,20.084745762711865,0.8135593220338984,22.502570953374075,4.44101857192974,0.8889745357017564,118.0,completed,etg_only,C:\Users\Binich\PycharmProjects\PredictionRTS\output\learner_results\training_runs\run_0071\trials\trial_0089,best_subtree_quality,multi_step,10,4,quality,8,3,0.0020919371739694234,0.8446943377159335,False,,,0,,,,1,0,1
sce1m_etg_run_0071,sce-1m,MarineMicro_MvsM_4_mirror,90,TrialState.COMPLETE,17.64720181343638,23.05,0.8333333333333334,21.90199762578747,3.2509463321064596,0.9187263416973385,120.0,completed,etg_only,C:\Users\Binich\PycharmProjects\PredictionRTS\output\learner_results\training_runs\run_0071\trials\trial_0090,best_subtree_quality,multi_step,9,3,quality,7,4,0.0013829172519201156,0.7032977272866641,False,,,3,0.0,8.0,7.0,1,0,1
sce1m_etg_run_0071,sce-1m,MarineMicro_MvsM_4_mirror,91,TrialState.COMPLETE,13.223499782118727,19.928571428571427,0.753968253968254,26.260954954114684,4.797202617381719,0.880069934565457,126.0,completed,etg_only,C:\Users\Binich\PycharmProjects\PredictionRTS\output\learner_results\training_runs\run_0071\trials\trial_0091,best_subtree_quality,multi_step,9,3,quality,7,4,0.0011280212759054976,0.7009104386786073,False,,,3,0.0,8.0,7.0,1,0,1
sce1m_etg_run_0071,sce-1m,MarineMicro_MvsM_4_mirror,92,TrialState.COMPLETE,17.738240486781752,22.194915254237287,0.864406779661017,20.75574597778921,3.017277880653576,0.9245680529836606,118.0,completed,etg_only,C:\Users\Binich\PycharmProjects\PredictionRTS\output\learner_results\training_runs\run_0071\trials\trial_0092,best_subtree_quality,multi_step,8,3,quality,6,4,0.0014912243135808227,0.7157833912764289,False,,,3,0.0,7.0,8.0,1,0,1
sce1m_etg_run_0071,sce-1m,MarineMicro_MvsM_4_mirror,93,TrialState.COMPLETE,14.191823064422847,19.991803278688526,0.7786885245901639,23.785756828314863,3.5344779800401978,0.911638050498995,122.0,completed,etg_only,C:\Users\Binich\PycharmProjects\PredictionRTS\output\learner_results\training_runs\run_0071\trials\trial_0093,best_subtree_quality,multi_step,8,3,quality,6,4,0.0015950112612185799,0.6910279838241582,False,,,3,0.0,9.0,9.0,1,0,1
sce1m_etg_run_0071,sce-1m,MarineMicro_MvsM_4_mirror,94,TrialState.COMPLETE,13.48825381885518,18.84313725490196,0.7647058823529411,24.799092764097995,2.557220648531367,0.9360694837867158,153.0,completed,etg_only,C:\Users\Binich\PycharmProjects\PredictionRTS\output\learner_results\training_runs\run_0071\trials\trial_0094,best_subtree_quality,multi_step,7,3,quality,6,4,0.001354410547519311,0.7090930184666793,False,,,3,0.0,8.0,8.0,1,0,1
sce1m_etg_run_0071,sce-1m,MarineMicro_MvsM_4_mirror,95,TrialState.COMPLETE,20.47611027334194,27.09,0.86,22.071744380542288,4.8439563670762515,0.8789010908230936,100.0,completed,etg_only,C:\Users\Binich\PycharmProjects\PredictionRTS\output\learner_results\training_runs\run_0071\trials\trial_0095,best_subtree_quality,multi_step,8,5,quality,7,4,0.0011351255824393364,0.6709232942328234,False,,,3,0.0,7.0,8.0,1,0,1
sce1m_etg_run_0071,sce-1m,MarineMicro_MvsM_4_mirror,96,TrialState.COMPLETE,15.356505789629372,20.365853658536587,0.8211382113821138,21.120740121872085,3.2689352239990885,0.9182766194000228,123.0,completed,etg_only,C:\Users\Binich\PycharmProjects\PredictionRTS\output\learner_results\training_runs\run_0071\trials\trial_0096,best_subtree_quality,multi_step,8,3,quality,7,4,0.001877690270824971,0.6437807625662856,False,,,1,1.0,,,1,0,1
sce1m_etg_run_0071,sce-1m,MarineMicro_MvsM_4_mirror,97,TrialState.COMPLETE,16.981427426301092,22.70731707317073,0.8536585365853658,22.466499616028873,4.958380231870934,0.8760404942032266,123.0,completed,etg_only,C:\Users\Binich\PycharmProjects\PredictionRTS\output\learner_results\training_runs\run_0071\trials\trial_0097,highest_transition_prob,multi_step,7,4,future_reward,6,4,0.0014588874977149555,0.622318515976418,False,,,3,0.0,7.0,8.0,1,0,1
sce1m_etg_run_0071,sce-1m,MarineMicro_MvsM_4_mirror,98,TrialState.COMPLETE,12.894801526563874,18.991525423728813,0.7457627118644068,25.804183001694643,3.582163714276217,0.9104459071430946,118.0,completed,etg_only,C:\Users\Binich\PycharmProjects\PredictionRTS\output\learner_results\training_runs\run_0071\trials\trial_0098,best_subtree_quality,multi_step,8,5,quality,7,4,0.0011209807290403777,0.6592827113764776,False,,,3,1.0,8.0,8.0,1,0,1
sce1m_etg_run_0071,sce-1m,MarineMicro_MvsM_4_mirror,99,TrialState.COMPLETE,15.307607798063572,21.823529411764707,0.7941176470588235,25.535984515783046,4.668873685611481,0.883278157859713,102.0,completed,etg_only,C:\Users\Binich\PycharmProjects\PredictionRTS\output\learner_results\training_runs\run_0071\trials\trial_0099,random_beam,multi_step,6,4,quality,6,4,0.004545356299925452,0.6691954118830902,False,,,3,0.0,7.0,9.0,1,0,1
sce1m_etg_run_0071,sce-1m,MarineMicro_MvsM_4_mirror,100,TrialState.COMPLETE,13.260817898079996,19.305555555555557,0.7222222222222222,26.275061522757497,1.9567902691495878,0.9510802432712603,108.0,completed,etg_only,C:\Users\Binich\PycharmProjects\PredictionRTS\output\learner_results\training_runs\run_0071\trials\trial_0100,best_subtree_quality,multi_step,9,14,quality,7,4,0.003429018502063507,0.7564942448434057,False,,,3,9.0,9.0,10.0,1,0,1
sce1m_etg_run_0071,sce-1m,MarineMicro_MvsM_4_mirror,101,TrialState.COMPLETE,17.40714504284932,22.934579439252335,0.822429906542056,23.654945948232115,3.085425725053367,0.9228643568736659,107.0,completed,etg_only,C:\Users\Binich\PycharmProjects\PredictionRTS\output\learner_results\training_runs\run_0071\trials\trial_0101,best_subtree_quality,multi_step,9,6,quality,8,5,0.001268785054286249,0.7162702863302163,False,,,3,0.0,0.0,6.0,1,0,1
sce1m_etg_run_0071,sce-1m,MarineMicro_MvsM_4_mirror,102,TrialState.COMPLETE,20.241763708237084,24.710526315789473,0.8771929824561403,20.24703733328961,2.6465088885695183,0.9338372777857621,114.0,completed,etg_only,C:\Users\Binich\PycharmProjects\PredictionRTS\output\learner_results\training_runs\run_0071\trials\trial_0102,best_subtree_quality,multi_step,9,5,quality,7,4,0.001086906026627483,0.7187994285403119,False,,,3,0.0,0.0,6.0,1,0,1
sce1m_etg_run_0071,sce-1m,MarineMicro_MvsM_4_mirror,103,TrialState.COMPLETE,14.125491279093495,19.75221238938053,0.7964601769911505,22.971521797421346,4.084349234817831,0.8978912691295542,113.0,completed,etg_only,C:\Users\Binich\PycharmProjects\PredictionRTS\output\learner_results\training_runs\run_0071\trials\trial_0103,best_subtree_quality,multi_step,9,5,quality,7,5,0.0010904113797809132,0.7175713177030989,False,,,3,0.0,0.0,7.0,1,0,1
sce1m_etg_run_0071,sce-1m,MarineMicro_MvsM_4_mirror,104,TrialState.COMPLETE,16.12118069370295,22.084033613445378,0.8235294117647058,22.988334576195495,4.543217500151042,0.8864195624962239,119.0,completed,etg_only,C:\Users\Binich\PycharmProjects\PredictionRTS\output\learner_results\training_runs\run_0071\trials\trial_0104,best_subtree_quality,multi_step,8,5,quality,8,4,0.001000471719349272,0.6910016400605068,False,,,3,0.0,1.0,7.0,1,0,1
sce1m_etg_run_0071,sce-1m,MarineMicro_MvsM_4_mirror,105,TrialState.COMPLETE,10.732302670715573,17.33606557377049,0.7377049180327869,24.962795482292883,6.4324469764264585,0.8391888255893385,122.0,completed,etg_only,C:\Users\Binich\PycharmProjects\PredictionRTS\output\learner_results\training_runs\run_0071\trials\trial_0105,best_subtree_quality,multi_step,9,2,quality,7,5,0.0012401010745857755,0.6789636751324335,False,,,3,0.0,1.0,6.0,1,0,1
sce1m_etg_run_0071,sce-1m,MarineMicro_MvsM_4_mirror,106,TrialState.COMPLETE,14.870127340073019,20.06086956521739,0.7913043478260869,24.479019217537125,2.5302001891108885,0.9367449952722278,115.0,completed,etg_only,C:\Users\Binich\PycharmProjects\PredictionRTS\output\learner_results\training_runs\run_0071\trials\trial_0106,best_subtree_quality,multi_step,9,4,quality,7,4,0.0013687038948163597,0.7459829449543612,False,,,3,1.0,1.0,8.0,1,0,1
sce1m_etg_run_0071,sce-1m,MarineMicro_MvsM_4_mirror,107,TrialState.COMPLETE,12.857882396995342,19.59,0.75,24.528389674008363,4.994705061778884,0.8751323734555279,100.0,completed,etg_only,C:\Users\Binich\PycharmProjects\PredictionRTS\output\learner_results\training_runs\run_0071\trials\trial_0107,best_subtree_quality,multi_step,8,3,quality,6,5,0.0015607858698637946,0.7766790241996888,False,,,3,0.0,0.0,6.0,1,0,1
sce1m_etg_run_0071,sce-1m,MarineMicro_MvsM_4_mirror,108,TrialState.COMPLETE,18.46649645292992,23.76923076923077,0.8717948717948718,20.973073749100468,4.353650479210096,0.8911587380197477,117.0,completed,etg_only,C:\Users\Binich\PycharmProjects\PredictionRTS\output\learner_results\training_runs\run_0071\trials\trial_0108,best_subtree_quality,multi_step,9,5,quality,8,4,0.001756582099556758,0.7132681160568901,False,,,3,1.0,0.0,9.0,1,0,1
sce1m_etg_run_0071,sce-1m,MarineMicro_MvsM_4_mirror,109,TrialState.COMPLETE,18.121548122896282,23.63478260869565,0.8434782608695652,21.313123303559735,3.6395054087218006,0.909012364781955,115.0,completed,etg_only,C:\Users\Binich\PycharmProjects\PredictionRTS\output\learner_results\training_runs\run_0071\trials\trial_0109,best_subtree_quality,multi_step,8,5,future_reward,5,4,0.0017526684551520757,0.7244275504354409,False,,,2,1.0,7.0,,1,0,1
sce1m_etg_run_0071,sce-1m,MarineMicro_MvsM_4_mirror,110,TrialState.COMPLETE,9.85913237107642,16.5609756097561,0.7154471544715447,27.451108450220122,6.716023197658064,0.8320994200585484,123.0,completed,etg_only,C:\Users\Binich\PycharmProjects\PredictionRTS\output\learner_results\training_runs\run_0071\trials\trial_0110,best_subtree_quality,multi_step,7,5,future_reward,5,4,0.0017056226943178788,0.6976893124980381,False,,,3,1.0,7.0,9.0,1,0,1
sce1m_etg_run_0071,sce-1m,MarineMicro_MvsM_4_mirror,111,TrialState.COMPLETE,11.985384745376663,18.47222222222222,0.7777777777777778,22.928010660314737,6.63145299676014,0.8342136750809965,108.0,completed,etg_only,C:\Users\Binich\PycharmProjects\PredictionRTS\output\learner_results\training_runs\run_0071\trials\trial_0111,best_subtree_quality,multi_step,8,5,future_reward,4,4,0.001882846673067169,0.7890517315829187,False,,,2,1.0,7.0,,1,0,1
sce1m_etg_run_0071,sce-1m,MarineMicro_MvsM_4_mirror,112,TrialState.COMPLETE,17.08544929507284,22.58823529411765,0.8403361344537815,24.162757565897447,3.995975079237126,0.9001006230190718,119.0,completed,etg_only,C:\Users\Binich\PycharmProjects\PredictionRTS\output\learner_results\training_runs\run_0071\trials\trial_0112,best_subtree_quality,multi_step,8,4,future_reward,5,4,0.002208256385000845,0.7150283474843481,False,,,2,1.0,8.0,,1,0,1
sce1m_etg_run_0071,sce-1m,MarineMicro_MvsM_4_mirror,113,TrialState.COMPLETE,14.339650204061584,21.15,0.81,24.524426598801448,6.518634786068736,0.8370341303482816,100.0,completed,etg_only,C:\Users\Binich\PycharmProjects\PredictionRTS\output\learner_results\training_runs\run_0071\trials\trial_0113,best_subtree_quality,multi_step,9,5,future_reward,5,4,0.0014980231044263341,0.7245314998633511,False,,,2,1.0,0.0,,1,0,1
sce1m_etg_run_0071,sce-1m,MarineMicro_MvsM_4_mirror,114,TrialState.COMPLETE,13.616070089421,19.232142857142858,0.8035714285714286,23.104569022032795,4.758076302136183,0.8810480924465954,112.0,completed,etg_only,C:\Users\Binich\PycharmProjects\PredictionRTS\output\learner_results\training_runs\run_0071\trials\trial_0114,best_subtree_quality,multi_step,9,3,future_reward,8,4,0.002465254996426999,0.7069629598333905,False,,,2,0.0,7.0,,1,0,1
sce1m_etg_run_0071,sce-1m,MarineMicro_MvsM_4_mirror,115,TrialState.COMPLETE,11.652626863726198,17.63157894736842,0.7631578947368421,24.697561197127797,5.359972843601379,0.8660006789099655,114.0,completed,etg_only,C:\Users\Binich\PycharmProjects\PredictionRTS\output\learner_results\training_runs\run_0071\trials\trial_0115,best_subtree_quality,multi_step,8,5,quality,6,4,0.0011714348917215443,0.7539813262756607,False,,,3,1.0,7.0,10.0,1,0,1
sce1m_etg_run_0071,sce-1m,MarineMicro_MvsM_4_mirror,116,TrialState.COMPLETE,14.160469262309167,20.0,0.7747747747747747,24.932340877294727,3.4462305089228433,0.9138442372769289,111.0,completed,etg_only,C:\Users\Binich\PycharmProjects\PredictionRTS\output\learner_results\training_runs\run_0071\trials\trial_0116,best_subtree_quality,multi_step,10,4,quality,7,4,0.0017660631426545486,0.7355670140077735,False,,,3,0.0,8.0,8.0,1,0,1
sce1m_etg_run_0071,sce-1m,MarineMicro_MvsM_4_mirror,117,TrialState.COMPLETE,11.593275308085245,18.025,0.7666666666666667,25.73857756364947,6.442910523542674,0.8389272369114331,120.0,completed,etg_only,C:\Users\Binich\PycharmProjects\PredictionRTS\output\learner_results\training_runs\run_0071\trials\trial_0117,best_subtree_quality,multi_step,9,5,quality,7,4,0.001398068258952804,0.6594705146595463,True,0.8348758909262128,0.15975466952410117,3,1.0,7.0,9.0,1,1,1
sce1m_etg_run_0071,sce-1m,MarineMicro_MvsM_4_mirror,118,TrialState.COMPLETE,15.727381684399178,21.346153846153847,0.7788461538461539,25.713947588647606,2.1605249030226874,0.9459868774244328,104.0,completed,etg_only,C:\Users\Binich\PycharmProjects\PredictionRTS\output\learner_results\training_runs\run_0071\trials\trial_0118,best_subtree_quality,multi_step,4,4,quality,8,4,0.0020635737998131835,0.768574226180791,False,,,1,0.0,,,1,0,1
sce1m_etg_run_0071,sce-1m,MarineMicro_MvsM_4_mirror,119,TrialState.COMPLETE,16.320051416170816,22.008403361344538,0.8151260504201681,22.251237638440287,3.611160613849633,0.9097209846537592,119.0,completed,etg_only,C:\Users\Binich\PycharmProjects\PredictionRTS\output\learner_results\training_runs\run_0071\trials\trial_0119,best_subtree_quality,multi_step,8,11,quality,5,4,0.002881693784022602,0.6816274548261473,False,,,3,1.0,8.0,9.0,1,0,1
sce1m_etg_run_0071,sce-1m,MarineMicro_MvsM_4_mirror,120,TrialState.COMPLETE,15.72081983964966,20.675,0.8083333333333333,21.92873400358534,2.373036198248119,0.9406740950437971,120.0,completed,etg_only,C:\Users\Binich\PycharmProjects\PredictionRTS\output\learner_results\training_runs\run_0071\trials\trial_0120,best_subtree_quality,multi_step,10,9,quality,4,4,0.0016039959436294265,0.829528757033258,False,,,3,0.0,0.0,8.0,1,0,1
sce1m_etg_run_0071,sce-1m,MarineMicro_MvsM_4_mirror,121,TrialState.COMPLETE,14.614886314681026,19.105263157894736,0.7894736842105263,25.450457005186635,1.241697266484108,0.9689575683378973,114.0,completed,etg_only,C:\Users\Binich\PycharmProjects\PredictionRTS\output\learner_results\training_runs\run_0071\trials\trial_0121,best_subtree_quality,multi_step,9,6,quality,8,5,0.001262726882896348,0.7253528357223871,False,,,3,0.0,0.0,6.0,1,0,1
sce1m_etg_run_0071,sce-1m,MarineMicro_MvsM_4_mirror,122,TrialState.COMPLETE,17.37411745618122,21.92105263157895,0.8333333333333334,21.927370038075786,1.956314237605589,0.9510921440598603,114.0,completed,etg_only,C:\Users\Binich\PycharmProjects\PredictionRTS\output\learner_results\training_runs\run_0071\trials\trial_0122,best_subtree_quality,multi_step,9,6,quality,8,5,0.0011200179705319834,0.7109605413072532,False,,,3,0.0,0.0,6.0,1,0,1
sce1m_etg_run_0071,sce-1m,MarineMicro_MvsM_4_mirror,123,TrialState.COMPLETE,15.089563192684231,21.1858407079646,0.7964601769911505,24.337068370277915,4.229345139258343,0.8942663715185414,113.0,completed,etg_only,C:\Users\Binich\PycharmProjects\PredictionRTS\output\learner_results\training_runs\run_0071\trials\trial_0123,best_subtree_quality,multi_step,9,5,quality,8,4,0.001310821052843372,0.7429676333408824,False,,,3,0.0,9.0,5.0,1,0,1
sce1m_etg_run_0071,sce-1m,MarineMicro_MvsM_4_mirror,124,TrialState.COMPLETE,12.818591944529157,19.088709677419356,0.7741935483870968,23.257677225982196,5.304416677390452,0.8673895830652387,124.0,completed,etg_only,C:\Users\Binich\PycharmProjects\PredictionRTS\output\learner_results\training_runs\run_0071\trials\trial_0124,best_subtree_quality,multi_step,9,2,quality,7,5,0.0019400615447467033,0.6891663448925179,False,,,3,1.0,2.0,7.0,1,0,1
sce1m_etg_run_0071,sce-1m,MarineMicro_MvsM_4_mirror,125,TrialState.COMPLETE,12.012255844491538,17.44954128440367,0.7706422018348624,23.563105291583295,4.268786818786247,0.8932803295303438,109.0,completed,etg_only,C:\Users\Binich\PycharmProjects\PredictionRTS\output\learner_results\training_runs\run_0071\trials\trial_0125,best_subtree_quality,multi_step,9,5,quality,8,5,0.0015094085982213362,0.8102033653241565,False,,,3,1.0,1.0,5.0,1,0,1
sce1m_etg_run_0071,sce-1m,MarineMicro_MvsM_4_mirror,126,TrialState.COMPLETE,10.368721353271845,17.88888888888889,0.7222222222222222,24.761953093155924,7.898082002292617,0.8025479499426845,108.0,completed,etg_only,C:\Users\Binich\PycharmProjects\PredictionRTS\output\learner_results\training_runs\run_0071\trials\trial_0126,best_subtree_quality,multi_step,10,6,quality,9,4,0.0012051796539132246,0.7183986718352044,False,,,3,0.0,0.0,6.0,1,0,1
sce1m_etg_run_0071,sce-1m,MarineMicro_MvsM_4_mirror,127,TrialState.COMPLETE,15.29952257145023,22.008403361344538,0.8067226890756303,23.928287748888387,5.531287524769834,0.8617178118807541,119.0,completed,etg_only,C:\Users\Binich\PycharmProjects\PredictionRTS\output\learner_results\training_runs\run_0071\trials\trial_0127,highest_transition_prob,multi_step,9,4,quality,7,4,0.0017458606564251476,0.6991406876602098,False,,,3,2.0,6.0,10.0,1,0,1
sce1m_etg_run_0071,sce-1m,MarineMicro_MvsM_4_mirror,128,TrialState.COMPLETE,15.77255909493468,20.523364485981308,0.794392523364486,24.558283066715127,1.3028974439286072,0.9674275639017849,107.0,completed,etg_only,C:\Users\Binich\PycharmProjects\PredictionRTS\output\learner_results\training_runs\run_0071\trials\trial_0128,best_subtree_quality,multi_step,10,5,future_reward,9,4,0.001054822309593234,0.7923990995379117,False,,,3,1.0,7.0,7.0,1,0,1
sce1m_etg_run_0071,sce-1m,MarineMicro_MvsM_4_mirror,129,TrialState.COMPLETE,15.398513594600612,21.75,0.7741935483870968,25.222757581200355,3.4211554457763222,0.9144711138555919,124.0,completed,etg_only,C:\Users\Binich\PycharmProjects\PredictionRTS\output\learner_results\training_runs\run_0071\trials\trial_0129,best_subtree_quality,multi_step,8,6,quality,8,5,0.0023113803839372974,0.6706209006650701,False,,,3,0.0,10.0,9.0,1,0,1
sce1m_etg_run_0071,sce-1m,MarineMicro_MvsM_4_mirror,130,TrialState.COMPLETE,12.923918171464466,17.975,0.775,26.151947824206133,2.89062932506053,0.9277342668734867,120.0,completed,etg_only,C:\Users\Binich\PycharmProjects\PredictionRTS\output\learner_results\training_runs\run_0071\trials\trial_0130,best_subtree_quality,multi_step,7,4,quality,6,5,0.0014133746151898142,0.7330636804458038,False,,,0,,,,1,0,1
sce1m_etg_run_0071,sce-1m,MarineMicro_MvsM_4_mirror,131,TrialState.COMPLETE,11.497791922353144,18.234782608695653,0.7391304347826086,27.50156689126058,5.876563567422291,0.8530859108144427,115.0,completed,etg_only,C:\Users\Binich\PycharmProjects\PredictionRTS\output\learner_results\training_runs\run_0071\trials\trial_0131,random_beam,multi_step,9,6,quality,7,4,0.0016439045145737637,0.7088690108639658,False,,,3,2.0,6.0,6.0,1,0,1
sce1m_etg_run_0071,sce-1m,MarineMicro_MvsM_4_mirror,132,TrialState.COMPLETE,19.518318170693515,25.016129032258064,0.8790322580645161,21.35943693794224,4.4959854024235915,0.8876003649394102,124.0,completed,etg_only,C:\Users\Binich\PycharmProjects\PredictionRTS\output\learner_results\training_runs\run_0071\trials\trial_0132,random_beam,multi_step,9,6,quality,7,4,0.0075055764501628245,0.726643662994497,False,,,3,1.0,6.0,6.0,1,0,1
sce1m_etg_run_0071,sce-1m,MarineMicro_MvsM_4_mirror,133,TrialState.COMPLETE,13.692263716904332,18.756302521008404,0.7899159663865546,22.665253600664403,3.0336028187519584,0.9241599295312011,119.0,completed,etg_only,C:\Users\Binich\PycharmProjects\PredictionRTS\output\learner_results\training_runs\run_0071\trials\trial_0133,random_beam,multi_step,9,6,quality,7,4,0.007367052892804114,0.7278331572889083,False,,,3,1.0,5.0,6.0,1,0,1
sce1m_etg_run_0071,sce-1m,MarineMicro_MvsM_4_mirror,134,TrialState.COMPLETE,11.539700200476148,18.141732283464567,0.7322834645669292,26.40917414250127,5.254662385476443,0.8686334403630889,127.0,completed,etg_only,C:\Users\Binich\PycharmProjects\PredictionRTS\output\learner_results\training_runs\run_0071\trials\trial_0134,best_subtree_quality,multi_step,9,5,quality,7,4,0.002535693046905368,0.749043139951196,False,,,3,1.0,7.0,7.0,1,0,1
sce1m_etg_run_0071,sce-1m,MarineMicro_MvsM_4_mirror,135,TrialState.COMPLETE,14.901362499659893,20.633587786259543,0.7938931297709924,24.062960072134377,3.6127547942936005,0.9096811301426599,131.0,completed,etg_only,C:\Users\Binich\PycharmProjects\PredictionRTS\output\learner_results\training_runs\run_0071\trials\trial_0135,best_subtree_quality,multi_step,9,7,quality,8,4,0.01107465712165899,0.5193309426286259,False,,,3,0.0,6.0,5.0,1,0,1
sce1m_etg_run_0071,sce-1m,MarineMicro_MvsM_4_mirror,136,TrialState.COMPLETE,14.655098792828255,19.463414634146343,0.7886178861788617,23.395952913495904,1.8088193616862338,0.9547795159578442,123.0,completed,etg_only,C:\Users\Binich\PycharmProjects\PredictionRTS\output\learner_results\training_runs\run_0071\trials\trial_0136,best_subtree_quality,multi_step,8,5,quality,8,4,0.001351457822629404,0.6980716237555408,True,0.5322672988042958,0.7760366372688072,3,0.0,7.0,6.0,1,1,1
sce1m_etg_run_0071,sce-1m,MarineMicro_MvsM_4_mirror,137,TrialState.COMPLETE,14.41507226621483,20.64864864864865,0.7927927927927928,24.34794648782212,4.777069373307768,0.8805732656673058,111.0,completed,etg_only,C:\Users\Binich\PycharmProjects\PredictionRTS\output\learner_results\training_runs\run_0071\trials\trial_0137,random_beam,multi_step,10,3,quality,7,4,0.0018262364861845331,0.7576380579318662,False,,,2,1.0,5.0,,1,0,1
sce1m_etg_run_0071,sce-1m,MarineMicro_MvsM_4_mirror,138,TrialState.COMPLETE,16.643928439053692,23.10236220472441,0.8188976377952756,23.897364084099745,4.8091445396810615,0.8797713865079735,127.0,completed,etg_only,C:\Users\Binich\PycharmProjects\PredictionRTS\output\learner_results\training_runs\run_0071\trials\trial_0138,best_subtree_quality,multi_step,9,2,quality,7,4,0.0021173065691377623,0.7420095392924978,False,,,3,0.0,3.0,8.0,1,0,1
sce1m_etg_run_0071,sce-1m,MarineMicro_MvsM_4_mirror,139,TrialState.COMPLETE,16.586799091090793,22.035398230088497,0.8053097345132744,25.458252900987066,2.611441353256842,0.9347139661685789,113.0,completed,etg_only,C:\Users\Binich\PycharmProjects\PredictionRTS\output\learner_results\training_runs\run_0071\trials\trial_0139,best_subtree_quality,multi_step,9,6,quality,6,5,0.0011941041583029798,0.7220625090506915,False,,,3,1.0,0.0,2.0,1,0,1
sce1m_etg_run_0071,sce-1m,MarineMicro_MvsM_4_mirror,140,TrialState.COMPLETE,14.416391582646499,20.551181102362204,0.7952755905511811,24.476795587393468,4.717274786767516,0.8820681303308121,127.0,completed,etg_only,C:\Users\Binich\PycharmProjects\PredictionRTS\output\learner_results\training_runs\run_0071\trials\trial_0140,best_subtree_winrate,multi_step,10,7,quality,7,4,0.017589038285545262,0.6752753428983771,False,,,3,2.0,1.0,5.0,1,0,1
sce1m_etg_run_0071,sce-1m,MarineMicro_MvsM_4_mirror,141,TrialState.COMPLETE,11.895243755803127,17.8125,0.75,24.638649679633712,4.38383156157192,0.890404210960702,112.0,completed,etg_only,C:\Users\Binich\PycharmProjects\PredictionRTS\output\learner_results\training_runs\run_0071\trials\trial_0141,random_beam,multi_step,9,6,quality,7,4,0.005926774213544013,0.9044563164827168,False,,,3,2.0,6.0,6.0,1,0,1
sce1m_etg_run_0071,sce-1m,MarineMicro_MvsM_4_mirror,142,TrialState.COMPLETE,12.683442388347315,18.42222222222222,0.7703703703703704,25.267008695036733,4.251687617514176,0.8937078095621456,135.0,completed,etg_only,C:\Users\Binich\PycharmProjects\PredictionRTS\output\learner_results\training_runs\run_0071\trials\trial_0142,random_beam,multi_step,9,5,quality,7,4,0.005085849361144336,0.9212705575415682,False,,,3,6.0,6.0,6.0,1,0,1
sce1m_etg_run_0071,sce-1m,MarineMicro_MvsM_4_mirror,143,TrialState.COMPLETE,17.867497050670394,21.801724137931036,0.8706896551724138,21.001321726708717,2.349609431376888,0.9412597642155778,116.0,completed,etg_only,C:\Users\Binich\PycharmProjects\PredictionRTS\output\learner_results\training_runs\run_0071\trials\trial_0143,random_beam,multi_step,6,6,quality,8,4,0.0010283034024096557,0.8563120061544544,False,,,3,1.0,6.0,7.0,1,0,1
sce1m_etg_run_0071,sce-1m,MarineMicro_MvsM_4_mirror,144,TrialState.COMPLETE,17.389669326963133,23.467741935483872,0.8064516129032258,22.85064955802625,3.246246656854274,0.9188438335786432,124.0,completed,etg_only,C:\Users\Binich\PycharmProjects\PredictionRTS\output\learner_results\training_runs\run_0071\trials\trial_0144,random_beam,multi_step,6,5,quality,8,4,0.0010425879818221281,0.864690020951653,False,,,3,1.0,6.0,7.0,1,0,1
sce1m_etg_run_0071,sce-1m,MarineMicro_MvsM_4_mirror,145,TrialState.COMPLETE,10.415030300251837,16.140495867768596,0.71900826446281,25.631303751185193,4.102039626395671,0.8974490093401082,121.0,completed,etg_only,C:\Users\Binich\PycharmProjects\PredictionRTS\output\learner_results\training_runs\run_0071\trials\trial_0145,random_beam,multi_step,6,4,quality,8,4,0.0011470958357235584,0.8389202161757782,False,,,3,1.0,5.0,7.0,1,0,1
sce1m_etg_run_0071,sce-1m,MarineMicro_MvsM_4_mirror,146,TrialState.COMPLETE,16.061222363473462,21.322314049586776,0.8181818181818182,24.3195717108442,3.1740103948610257,0.9206497401284743,121.0,completed,etg_only,C:\Users\Binich\PycharmProjects\PredictionRTS\output\learner_results\training_runs\run_0071\trials\trial_0146,best_subtree_quality,multi_step,6,6,future_reward,8,4,0.001455314270709617,0.8693950440083754,False,,,3,0.0,7.0,8.0,1,0,1
sce1m_etg_run_0071,sce-1m,MarineMicro_MvsM_4_mirror,147,TrialState.COMPLETE,15.636403045857584,21.023809523809526,0.8095238095238095,23.450543800414252,3.2501299408530095,0.9187467514786748,126.0,completed,etg_only,C:\Users\Binich\PycharmProjects\PredictionRTS\output\learner_results\training_runs\run_0071\trials\trial_0147,highest_transition_prob,multi_step,6,7,quality,8,5,0.0012600082056953667,0.7096750968658202,False,,,3,1.0,8.0,5.0,1,0,1
sce1m_etg_run_0071,sce-1m,MarineMicro_MvsM_4_mirror,148,TrialState.COMPLETE,12.8037192411333,18.653465346534652,0.7623762376237624,25.72606477453271,3.9863402049243697,0.9003414948768907,101.0,completed,etg_only,C:\Users\Binich\PycharmProjects\PredictionRTS\output\learner_results\training_runs\run_0071\trials\trial_0148,best_subtree_quality,multi_step,8,5,quality,8,4,0.0010751899794692783,0.8535813007651248,False,,,3,0.0,5.0,7.0,1,0,1
sce1m_etg_run_0071,sce-1m,MarineMicro_MvsM_4_mirror,149,TrialState.COMPLETE,2.1281088110987194,4.241379310344827,0.5689655172413793,25.62919290832206,4.725508546262176,0.8818622863434455,116.0,completed,etg_only,C:\Users\Binich\PycharmProjects\PredictionRTS\output\learner_results\training_runs\run_0071\trials\trial_0149,random_beam,multi_step,7,3,quality,1,4,0.0015987792211335093,0.8808180765430513,False,,,3,1.0,6.0,9.0,1,0,1
sce1m_etg_run_0071,sce-1m,MarineMicro_MvsM_4_mirror,150,TrialState.COMPLETE,15.058610696123448,22.29,0.74,27.120580745994364,3.4823258614978214,0.9129418534625544,100.0,completed,etg_only,C:\Users\Binich\PycharmProjects\PredictionRTS\output\learner_results\training_runs\run_0071\trials\trial_0150,best_subtree_quality,multi_step,5,5,quality,9,4,0.0010029319086951563,0.8115015147231077,False,,,3,0.0,6.0,7.0,1,0,1
sce1m_etg_run_0071,sce-1m,MarineMicro_MvsM_4_mirror,151,TrialState.COMPLETE,16.79697888743431,22.601941747572816,0.8058252427184466,24.910457041492116,3.1103488144763367,0.9222412796380915,103.0,completed,etg_only,C:\Users\Binich\PycharmProjects\PredictionRTS\output\learner_results\training_runs\run_0071\trials\trial_0151,random_beam,multi_step,5,5,quality,8,4,0.014566110093032021,0.862744270376577,False,,,3,1.0,6.0,7.0,1,0,1
sce1m_etg_run_0071,sce-1m,MarineMicro_MvsM_4_mirror,152,TrialState.COMPLETE,15.972493695961898,21.201680672268907,0.8319327731092437,25.050731662752018,3.777852527892254,0.9055536868026937,119.0,completed,etg_only,C:\Users\Binich\PycharmProjects\PredictionRTS\output\learner_results\training_runs\run_0071\trials\trial_0152,random_beam,multi_step,6,5,quality,8,4,0.0010083320583828112,0.885301858490995,False,,,3,1.0,7.0,6.0,1,0,1
sce1m_etg_run_0071,sce-1m,MarineMicro_MvsM_4_mirror,153,TrialState.COMPLETE,19.844019034075774,25.023255813953487,0.8837209302325582,21.096112693930706,4.105271772641256,0.8973682056839686,129.0,completed,etg_only,C:\Users\Binich\PycharmProjects\PredictionRTS\output\learner_results\training_runs\run_0071\trials\trial_0153,random_beam,multi_step,6,6,quality,8,4,0.0013376884386802795,0.6874707212801183,False,,,3,1.0,5.0,8.0,1,0,1
sce1m_etg_run_0071,sce-1m,MarineMicro_MvsM_4_mirror,154,TrialState.COMPLETE,15.857130244194163,22.153846153846153,0.8251748251748252,22.94057622760712,5.30319547556856,0.8674201131107859,143.0,completed,etg_only,C:\Users\Binich\PycharmProjects\PredictionRTS\output\learner_results\training_runs\run_0071\trials\trial_0154,random_beam,multi_step,9,6,quality,7,4,0.0013315233635271485,0.6891789719300792,False,,,3,1.0,5.0,8.0,1,0,1
sce1m_etg_run_0071,sce-1m,MarineMicro_MvsM_4_mirror,155,TrialState.COMPLETE,14.376963327516519,20.327102803738317,0.794392523364486,23.84285613768861,4.386346853444402,0.8903413286638899,107.0,completed,etg_only,C:\Users\Binich\PycharmProjects\PredictionRTS\output\learner_results\training_runs\run_0071\trials\trial_0155,random_beam,multi_step,8,7,quality,8,4,0.0011845183466594033,0.7354591089754348,False,,,3,0.0,5.0,3.0,1,0,1
sce1m_etg_run_0071,sce-1m,MarineMicro_MvsM_4_mirror,156,TrialState.COMPLETE,17.5309656490102,22.990384615384617,0.8461538461538461,23.857548068736463,3.9529058857658805,0.901177352855853,104.0,completed,etg_only,C:\Users\Binich\PycharmProjects\PredictionRTS\output\learner_results\training_runs\run_0071\trials\trial_0156,best_subtree_quality,multi_step,4,6,quality,8,5,0.0014875628100504477,0.7165259475786924,False,,,3,1.0,5.0,8.0,1,0,1
sce1m_etg_run_0071,sce-1m,MarineMicro_MvsM_4_mirror,157,TrialState.COMPLETE,14.17152292538867,20.753731343283583,0.8134328358208955,23.502440828200108,6.421706184722809,0.8394573453819297,134.0,completed,etg_only,C:\Users\Binich\PycharmProjects\PredictionRTS\output\learner_results\training_runs\run_0071\trials\trial_0157,best_subtree_quality,multi_step,4,6,quality,9,4,0.0019128243918654685,0.7011588554341924,False,,,3,2.0,5.0,8.0,1,0,1
sce1m_etg_run_0071,sce-1m,MarineMicro_MvsM_4_mirror,158,TrialState.COMPLETE,11.614680623734088,17.929133858267715,0.7559055118110236,24.95671247730749,5.720029318509891,0.8569992670372527,127.0,completed,etg_only,C:\Users\Binich\PycharmProjects\PredictionRTS\output\learner_results\training_runs\run_0071\trials\trial_0158,random_beam,multi_step,5,4,quality,6,5,0.0014497332365583598,0.7185186405134347,False,,,3,1.0,4.0,8.0,1,0,1
sce1m_etg_run_0071,sce-1m,MarineMicro_MvsM_4_mirror,159,TrialState.COMPLETE,16.064837775798857,21.172131147540984,0.8032786885245902,22.809507876246936,2.2162103146965344,0.9445947421325867,122.0,completed,etg_only,C:\Users\Binich\PycharmProjects\PredictionRTS\output\learner_results\training_runs\run_0071\trials\trial_0159,best_subtree_quality,multi_step,7,6,future_reward,7,4,0.001661631195228325,0.6885401960505744,True,0.9954671222534055,0.12216234221962546,2,1.0,5.0,,1,1,1
sce1m_etg_run_0071,sce-1m,MarineMicro_MvsM_4_mirror,160,TrialState.COMPLETE,13.249412106694411,18.545454545454547,0.7520661157024794,23.757034625871892,2.0017937642528385,0.9499551558936791,121.0,completed,etg_only,C:\Users\Binich\PycharmProjects\PredictionRTS\output\learner_results\training_runs\run_0071\trials\trial_0160,best_subtree_quality,multi_step,2,2,quality,5,4,0.001554362076678556,0.6581013441980608,False,,,3,1.0,5.0,9.0,1,0,1
sce1m_etg_run_0071,sce-1m,MarineMicro_MvsM_4_mirror,161,TrialState.COMPLETE,15.63109918637721,21.77777777777778,0.8240740740740741,23.449841400921994,5.160677805185399,0.870983054870365,108.0,completed,etg_only,C:\Users\Binich\PycharmProjects\PredictionRTS\output\learner_results\training_runs\run_0071\trials\trial_0161,best_subtree_quality,multi_step,4,6,quality,8,5,0.02832613707955039,0.714180711885431,False,,,3,0.0,0.0,8.0,1,0,1
sce1m_etg_run_0071,sce-1m,MarineMicro_MvsM_4_mirror,162,TrialState.COMPLETE,10.517437340031663,17.761904761904763,0.7222222222222222,26.03734453928811,7.2048561391464805,0.819878596521338,126.0,completed,etg_only,C:\Users\Binich\PycharmProjects\PredictionRTS\output\learner_results\training_runs\run_0071\trials\trial_0162,best_subtree_quality,multi_step,6,7,quality,8,5,0.0013006576180954403,0.7275733265769144,False,,,3,0.0,4.0,9.0,1,0,1
sce1m_etg_run_0071,sce-1m,MarineMicro_MvsM_4_mirror,163,TrialState.COMPLETE,14.571698690665402,22.41509433962264,0.7924528301886793,24.83525640777958,7.186226052525962,0.8203443486868509,106.0,completed,etg_only,C:\Users\Binich\PycharmProjects\PredictionRTS\output\learner_results\training_runs\run_0071\trials\trial_0163,best_subtree_quality,multi_step,3,6,quality,8,5,0.0011275346760748223,0.7062798293844239,False,,,1,1.0,,,1,0,1
sce1m_etg_run_0071,sce-1m,MarineMicro_MvsM_4_mirror,164,TrialState.COMPLETE,14.239422743376126,20.43103448275862,0.7931034482758621,24.14475888652579,4.849445526532897,0.8787638618366775,116.0,completed,etg_only,C:\Users\Binich\PycharmProjects\PredictionRTS\output\learner_results\training_runs\run_0071\trials\trial_0164,best_subtree_quality,multi_step,9,6,quality,8,5,0.0017875324057831656,0.6982135302518853,False,,,3,1.0,7.0,6.0,1,0,1
sce1m_etg_run_0071,sce-1m,MarineMicro_MvsM_4_mirror,165,TrialState.COMPLETE,14.88008984161253,20.68141592920354,0.8141592920353983,23.901444206643372,4.651100967879589,0.8837224758030102,113.0,completed,etg_only,C:\Users\Binich\PycharmProjects\PredictionRTS\output\learner_results\training_runs\run_0071\trials\trial_0165,best_subtree_quality,multi_step,9,5,quality,7,5,0.0014642534468918295,0.6841167096990795,False,,,3,0.0,5.0,8.0,1,0,1
sce1m_etg_run_0071,sce-1m,MarineMicro_MvsM_4_mirror,166,TrialState.COMPLETE,13.82125050773866,20.97142857142857,0.7714285714285715,27.091892001942167,5.826961606660897,0.8543259598334776,105.0,completed,etg_only,C:\Users\Binich\PycharmProjects\PredictionRTS\output\learner_results\training_runs\run_0071\trials\trial_0166,best_subtree_quality,multi_step,9,5,quality,8,4,0.0012440551488039667,0.7641178572964349,False,,,3,2.0,8.0,9.0,1,0,1
sce1m_etg_run_0071,sce-1m,MarineMicro_MvsM_4_mirror,167,TrialState.COMPLETE,15.518647378903491,21.192660550458715,0.8073394495412844,25.976869409103518,3.7195888412529743,0.9070102789686756,109.0,completed,etg_only,C:\Users\Binich\PycharmProjects\PredictionRTS\output\learner_results\training_runs\run_0071\trials\trial_0167,best_subtree_quality,multi_step,2,4,win_rate,7,5,0.002016834583341435,0.7187304038570007,False,,,3,1.0,7.0,5.0,1,0,1
sce1m_etg_run_0071,sce-1m,MarineMicro_MvsM_4_mirror,168,TrialState.COMPLETE,15.786999662595628,21.490909090909092,0.8181818181818182,23.443062728292237,4.086727595900153,0.8978318101024961,110.0,completed,etg_only,C:\Users\Binich\PycharmProjects\PredictionRTS\output\learner_results\training_runs\run_0071\trials\trial_0168,random_beam,multi_step,10,6,quality,8,4,0.002209876861574189,0.7408347449679422,False,,,3,0.0,5.0,6.0,1,0,1
sce1m_etg_run_0071,sce-1m,MarineMicro_MvsM_4_mirror,169,TrialState.COMPLETE,15.827366890520842,21.56896551724138,0.8017241379310345,23.879808285608817,3.3887644501433836,0.9152808887464154,116.0,completed,etg_only,C:\Users\Binich\PycharmProjects\PredictionRTS\output\learner_results\training_runs\run_0071\trials\trial_0169,best_subtree_quality,multi_step,9,5,quality,7,3,0.0016452585637507086,0.6401608120172413,False,,,3,0.0,3.0,7.0,1,0,1
sce1m_etg_run_0071,sce-1m,MarineMicro_MvsM_4_mirror,170,TrialState.COMPLETE,17.352040542946188,24.38135593220339,0.8559322033898306,23.562365673411268,6.740683189656071,0.8314829202585983,118.0,completed,etg_only,C:\Users\Binich\PycharmProjects\PredictionRTS\output\learner_results\training_runs\run_0071\trials\trial_0170,best_subtree_quality,multi_step,8,6,quality,8,5,0.001358952634433925,0.7283750879490101,False,,,3,1.0,6.0,7.0,1,0,1
sce1m_etg_run_0071,sce-1m,MarineMicro_MvsM_4_mirror,171,TrialState.COMPLETE,17.53094937019931,21.55,0.8666666666666667,22.336013520769548,2.4537939599515157,0.9386551510012121,120.0,completed,etg_only,C:\Users\Binich\PycharmProjects\PredictionRTS\output\learner_results\training_runs\run_0071\trials\trial_0171,random_beam,multi_step,6,5,quality,8,4,0.0010969315846001604,0.8279695127410042,False,,,3,1.0,6.0,7.0,1,0,1
sce1m_etg_run_0071,sce-1m,MarineMicro_MvsM_4_mirror,172,TrialState.COMPLETE,16.899071818257283,22.18548387096774,0.8225806451612904,23.630682261007777,2.959618494875445,0.9260095376281139,124.0,completed,etg_only,C:\Users\Binich\PycharmProjects\PredictionRTS\output\learner_results\training_runs\run_0071\trials\trial_0172,random_beam,multi_step,6,5,quality,9,4,0.0011549809089366834,0.8210224246498495,False,,,3,1.0,6.0,8.0,1,0,1
sce1m_etg_run_0071,sce-1m,MarineMicro_MvsM_4_mirror,173,TrialState.COMPLETE,19.657982130717016,24.74380165289256,0.8925619834710744,22.090171677037482,4.396383337560571,0.8900904165609858,121.0,completed,etg_only,C:\Users\Binich\PycharmProjects\PredictionRTS\output\learner_results\training_runs\run_0071\trials\trial_0173,random_beam,multi_step,6,5,quality,8,4,0.001092319962030778,0.8470095596724582,False,,,3,1.0,6.0,6.0,1,0,1
sce1m_etg_run_0071,sce-1m,MarineMicro_MvsM_4_mirror,174,TrialState.COMPLETE,17.103150707171284,23.8125,0.8203125,23.176547278445078,4.977125211061825,0.8755718697234544,128.0,completed,etg_only,C:\Users\Binich\PycharmProjects\PredictionRTS\output\learner_results\training_runs\run_0071\trials\trial_0174,random_beam,multi_step,6,5,quality,8,4,0.0010763855118438768,0.8360102676779958,False,,,3,1.0,6.0,7.0,1,0,1
sce1m_etg_run_0071,sce-1m,MarineMicro_MvsM_4_mirror,175,TrialState.COMPLETE,14.072227294034972,20.35135135135135,0.7747747747747747,25.329414816189622,4.301159704375284,0.8924710073906179,111.0,completed,etg_only,C:\Users\Binich\PycharmProjects\PredictionRTS\output\learner_results\training_runs\run_0071\trials\trial_0175,random_beam,multi_step,6,4,quality,8,4,0.001114563767684488,0.8291137284673512,False,,,3,1.0,6.0,8.0,1,0,1
sce1m_etg_run_0071,sce-1m,MarineMicro_MvsM_4_mirror,176,TrialState.COMPLETE,14.362021745346352,19.53435114503817,0.8015267175572519,23.491852643193585,3.309082019108841,0.917272949522279,131.0,completed,etg_only,C:\Users\Binich\PycharmProjects\PredictionRTS\output\learner_results\training_runs\run_0071\trials\trial_0176,random_beam,multi_step,6,5,quality,5,4,0.021291852991193613,0.8021976246266648,False,,,3,1.0,7.0,6.0,1,0,1
sce1m_etg_run_0071,sce-1m,MarineMicro_MvsM_4_mirror,177,TrialState.COMPLETE,12.288743160152293,17.666666666666668,0.7301587301587301,26.971472289445334,1.893807099773863,0.9526548225056535,126.0,completed,etg_only,C:\Users\Binich\PycharmProjects\PredictionRTS\output\learner_results\training_runs\run_0071\trials\trial_0177,random_beam,multi_step,6,4,quality,7,4,0.0014421787075757733,0.8480355427427553,False,,,3,2.0,6.0,7.0,1,0,1
sce1m_etg_run_0071,sce-1m,MarineMicro_MvsM_4_mirror,178,TrialState.COMPLETE,13.675187867460027,20.11304347826087,0.7739130434782608,23.842878881249547,4.858254118702039,0.878543647032449,115.0,completed,etg_only,C:\Users\Binich\PycharmProjects\PredictionRTS\output\learner_results\training_runs\run_0071\trials\trial_0178,random_beam,multi_step,7,5,future_reward,7,4,0.0012316088683151365,0.853873974477513,False,,,3,1.0,6.0,10.0,1,0,1
sce1m_etg_run_0071,sce-1m,MarineMicro_MvsM_4_mirror,179,TrialState.COMPLETE,19.76883373349946,25.3125,0.8515625,22.07011200130167,3.3149199354790833,0.9171270016130229,128.0,completed,etg_only,C:\Users\Binich\PycharmProjects\PredictionRTS\output\learner_results\training_runs\run_0071\trials\trial_0179,random_beam,multi_step,6,5,quality,8,4,0.001766702775214332,0.8457618295633179,False,,,3,2.0,7.0,9.0,1,0,1
sce1m_etg_run_0071,sce-1m,MarineMicro_MvsM_4_mirror,180,TrialState.COMPLETE,14.678164352355134,19.975609756097562,0.8130081300813008,22.429823139998497,3.8476274339795165,0.9038093141505121,123.0,completed,etg_only,C:\Users\Binich\PycharmProjects\PredictionRTS\output\learner_results\training_runs\run_0071\trials\trial_0180,best_subtree_winrate,multi_step,6,4,quality,8,4,0.001861397541232069,0.8462300375828791,False,,,3,2.0,7.0,9.0,1,0,1
sce1m_etg_run_0071,sce-1m,MarineMicro_MvsM_4_mirror,181,TrialState.COMPLETE,12.72968736768033,19.032,0.768,24.457943004267552,5.163695334173118,0.8709076166456721,125.0,completed,etg_only,C:\Users\Binich\PycharmProjects\PredictionRTS\output\learner_results\training_runs\run_0071\trials\trial_0181,random_beam,multi_step,5,5,quality,8,4,0.0017372626215855632,0.8786781897230234,False,,,3,1.0,7.0,9.0,1,0,1
sce1m_etg_run_0071,sce-1m,MarineMicro_MvsM_4_mirror,182,TrialState.COMPLETE,15.751811837958714,20.902439024390244,0.8211382113821138,20.450779552258208,3.290600598992204,0.9177349850251949,123.0,completed,etg_only,C:\Users\Binich\PycharmProjects\PredictionRTS\output\learner_results\training_runs\run_0071\trials\trial_0182,random_beam,multi_step,6,5,quality,8,4,0.0015573178534494187,0.8321115250593741,False,,,3,1.0,9.0,8.0,1,0,1
sce1m_etg_run_0071,sce-1m,MarineMicro_MvsM_4_mirror,183,TrialState.COMPLETE,14.157450758186242,20.346774193548388,0.8064516129032258,23.447967225615265,5.487917105371117,0.862802072365722,124.0,completed,etg_only,C:\Users\Binich\PycharmProjects\PredictionRTS\output\learner_results\training_runs\run_0071\trials\trial_0183,random_beam,multi_step,6,5,quality,8,4,0.0023501292913793836,0.8208821760027363,False,,,3,3.0,7.0,6.0,1,0,1
sce1m_etg_run_0071,sce-1m,MarineMicro_MvsM_4_mirror,184,TrialState.COMPLETE,14.612082063424396,20.232,0.8,23.72817262243344,3.888686082877632,0.9027828479280592,125.0,completed,etg_only,C:\Users\Binich\PycharmProjects\PredictionRTS\output\learner_results\training_runs\run_0071\trials\trial_0184,random_beam,multi_step,5,5,quality,8,4,0.0013786971663338025,0.855802562563848,False,,,3,1.0,8.0,9.0,1,0,1
sce1m_etg_run_0071,sce-1m,MarineMicro_MvsM_4_mirror,185,TrialState.COMPLETE,15.852583585694145,22.071428571428573,0.8333333333333334,23.153106196158916,5.524478415577791,0.8618880396105553,126.0,completed,etg_only,C:\Users\Binich\PycharmProjects\PredictionRTS\output\learner_results\training_runs\run_0071\trials\trial_0185,random_beam,multi_step,6,3,quality,9,4,0.0010201342812594188,0.8680289353362383,False,,,3,2.0,6.0,8.0,1,0,1
sce1m_etg_run_0071,sce-1m,MarineMicro_MvsM_4_mirror,186,TrialState.COMPLETE,13.075241018449745,20.571428571428573,0.7333333333333333,27.018814306527446,5.330800329868101,0.8667299917532975,105.0,completed,etg_only,C:\Users\Binich\PycharmProjects\PredictionRTS\output\learner_results\training_runs\run_0071\trials\trial_0186,random_beam,multi_step,6,5,quality,7,4,0.0019560449521111196,0.8435191530492064,False,,,3,1.0,7.0,6.0,1,0,1
sce1m_etg_run_0071,sce-1m,MarineMicro_MvsM_4_mirror,187,TrialState.COMPLETE,14.92726129392188,19.9811320754717,0.8018867924528302,24.621275173541182,2.734498050656839,0.9316375487335791,106.0,completed,etg_only,C:\Users\Binich\PycharmProjects\PredictionRTS\output\learner_results\training_runs\run_0071\trials\trial_0187,random_beam,multi_step,7,4,quality,8,4,0.0011918747888684828,0.7777722699409726,False,,,3,2.0,5.0,4.0,1,0,1
sce1m_etg_run_0071,sce-1m,MarineMicro_MvsM_4_mirror,188,TrialState.COMPLETE,17.502083802923117,22.165289256198346,0.8347107438016529,22.41802223176923,2.1609396034291857,0.9459765099142704,121.0,completed,etg_only,C:\Users\Binich\PycharmProjects\PredictionRTS\output\learner_results\training_runs\run_0071\trials\trial_0188,highest_transition_prob,multi_step,6,6,quality,7,4,0.001301671936890837,0.895425997542756,False,,,3,1.0,4.0,7.0,1,0,1
sce1m_etg_run_0071,sce-1m,MarineMicro_MvsM_4_mirror,189,TrialState.COMPLETE,15.773881167595997,21.24590163934426,0.8114754098360656,23.022907863302766,3.40278599287647,0.9149303501780882,122.0,completed,etg_only,C:\Users\Binich\PycharmProjects\PredictionRTS\output\learner_results\training_runs\run_0071\trials\trial_0189,random_beam,multi_step,9,2,quality,8,4,0.0015722078031132505,0.8093023715466487,False,,,3,3.0,6.0,10.0,1,0,1
sce1m_etg_run_0071,sce-1m,MarineMicro_MvsM_4_mirror,190,TrialState.COMPLETE,14.25347048067284,22.25409836065574,0.7540983606557377,25.622915421139137,6.0263184187149434,0.8493420395321264,122.0,completed,etg_only,C:\Users\Binich\PycharmProjects\PredictionRTS\output\learner_results\training_runs\run_0071\trials\trial_0190,best_subtree_quality,multi_step,10,5,quality,7,4,0.0026819736810305464,0.7026604652583676,True,0.45128753023615326,0.9541201693886312,2,1.0,7.0,,1,1,1
sce1m_etg_run_0071,sce-1m,MarineMicro_MvsM_4_mirror,191,TrialState.COMPLETE,12.861497397046172,18.0,0.808695652173913,23.17044594342956,4.657772983027243,0.8835556754243189,115.0,completed,etg_only,C:\Users\Binich\PycharmProjects\PredictionRTS\output\learner_results\training_runs\run_0071\trials\trial_0191,highest_transition_prob,multi_step,6,6,quality,7,4,0.0011253468901137756,0.8863389140393442,False,,,3,1.0,4.0,7.0,1,0,1
sce1m_etg_run_0071,sce-1m,MarineMicro_MvsM_4_mirror,192,TrialState.COMPLETE,14.66691351170167,21.38135593220339,0.8135593220338984,23.726877947688326,6.273268639031898,0.8431682840242025,118.0,completed,etg_only,C:\Users\Binich\PycharmProjects\PredictionRTS\output\learner_results\training_runs\run_0071\trials\trial_0192,highest_transition_prob,multi_step,6,6,quality,7,4,0.0013113540985670426,0.8728651975186698,False,,,3,1.0,3.0,7.0,1,0,1
sce1m_etg_run_0071,sce-1m,MarineMicro_MvsM_4_mirror,193,TrialState.COMPLETE,13.596560840135508,19.22608695652174,0.7739130434782608,23.624990773245116,3.448433600985457,0.9137891599753636,115.0,completed,etg_only,C:\Users\Binich\PycharmProjects\PredictionRTS\output\learner_results\training_runs\run_0071\trials\trial_0193,highest_transition_prob,multi_step,6,6,quality,7,4,0.0014727315460175716,0.9024529842062078,False,,,3,1.0,4.0,0.0,1,0,1
sce1m_etg_run_0071,sce-1m,MarineMicro_MvsM_4_mirror,194,TrialState.COMPLETE,17.579691701251505,22.66386554621849,0.8571428571428571,20.58606745575382,3.8020437840996077,0.9049489053975098,119.0,completed,etg_only,C:\Users\Binich\PycharmProjects\PredictionRTS\output\learner_results\training_runs\run_0071\trials\trial_0194,highest_transition_prob,multi_step,6,6,quality,7,4,0.0017143263411275593,0.8952283671354877,False,,,3,1.0,4.0,6.0,1,0,1
sce1m_etg_run_0071,sce-1m,MarineMicro_MvsM_4_mirror,195,TrialState.COMPLETE,13.177151886152405,19.03125,0.765625,24.890051193950967,3.8258676815922708,0.9043533079601932,128.0,completed,etg_only,C:\Users\Binich\PycharmProjects\PredictionRTS\output\learner_results\training_runs\run_0071\trials\trial_0195,random_beam,multi_step,6,5,quality,6,4,0.007488175797127572,0.791786078255052,False,,,3,4.0,4.0,6.0,1,0,1
sce1m_etg_run_0071,sce-1m,MarineMicro_MvsM_4_mirror,196,TrialState.COMPLETE,10.6137208149183,17.008928571428573,0.7589285714285714,23.32897322449455,7.111066505521654,0.8222233373619586,112.0,completed,etg_only,C:\Users\Binich\PycharmProjects\PredictionRTS\output\learner_results\training_runs\run_0071\trials\trial_0196,highest_transition_prob,multi_step,9,7,quality,8,4,0.0017380830790676347,0.8597256969966837,False,,,3,0.0,5.0,6.0,1,0,1
sce1m_etg_run_0071,sce-1m,MarineMicro_MvsM_4_mirror,197,TrialState.COMPLETE,11.93708842552429,17.895652173913042,0.7913043478260869,25.424867632691555,6.281571903254249,0.8429607024186437,115.0,completed,etg_only,C:\Users\Binich\PycharmProjects\PredictionRTS\output\learner_results\training_runs\run_0071\trials\trial_0197,best_subtree_quality,multi_step,7,5,future_reward,8,4,0.0020906951918605093,0.9121531271510372,False,,,3,1.0,6.0,6.0,1,0,1
sce1m_etg_run_0071,sce-1m,MarineMicro_MvsM_4_mirror,198,TrialState.COMPLETE,14.216245799891086,19.086614173228348,0.7874015748031497,24.817768470256617,2.162734569893846,0.9459316357526538,127.0,completed,etg_only,C:\Users\Binich\PycharmProjects\PredictionRTS\output\learner_results\training_runs\run_0071\trials\trial_0198,best_subtree_quality,multi_step,6,4,quality,7,4,0.0018867942264184446,0.6698656887583734,False,,,3,0.0,2.0,9.0,1,0,1
sce1m_etg_run_0071,sce-1m,MarineMicro_MvsM_4_mirror,199,TrialState.COMPLETE,14.515871128870236,19.677966101694917,0.8305084745762712,24.14745709176954,4.471340751570748,0.8882164812107313,118.0,completed,etg_only,C:\Users\Binich\PycharmProjects\PredictionRTS\output\learner_results\training_runs\run_0071\trials\trial_0199,random_beam,multi_step,9,3,quality,8,4,0.001672599517518934,0.7072694699139959,False,,,3,1.0,4.0,6.0,1,0,1
sce2_etg_run_0069,sce-2,MarineMicro_MvsM_4_dist,0,TrialState.COMPLETE,67.89060077689388,70.21008403361344,1.0,9.864522587296928,1.3214530582866704,0.9669636735428332,119.0,completed,etg_only,C:\Users\Binich\PycharmProjects\PredictionRTS\output\learner_results\training_runs\run_0069\trials\trial_0000,best_subtree_quality,multi_step,3,4,future_reward,8,1,0.08706020878304858,0.9162213204002109,True,0.18340450985343382,0.3042422429595377,2,4.0,3.0,,1,1,2
sce2_etg_run_0069,sce-2,MarineMicro_MvsM_4_dist,1,TrialState.COMPLETE,20.10342019675759,24.42452830188679,0.8773584905660378,20.147544498171552,2.4744839696867604,0.938137900757831,106.0,completed,etg_only,C:\Users\Binich\PycharmProjects\PredictionRTS\output\learner_results\training_runs\run_0069\trials\trial_0001,highest_transition_prob,multi_step,6,12,win_rate,1,4,0.002193048555664369,0.5325257964926398,False,,,3,3.0,1.0,7.0,1,0,2
sce2_etg_run_0069,sce-2,MarineMicro_MvsM_4_dist,2,TrialState.COMPLETE,58.30331777480256,66.63302752293578,0.9908256880733946,14.898223864620352,4.676278117784754,0.8830930470553812,109.0,completed,etg_only,C:\Users\Binich\PycharmProjects\PredictionRTS\output\learner_results\training_runs\run_0069\trials\trial_0002,best_subtree_winrate,multi_step,10,5,quality,6,1,0.08692991511139551,0.8875664116805573,True,0.5978999788110851,0.9218742350231168,0,,,,1,1,2
sce2_etg_run_0069,sce-2,MarineMicro_MvsM_4_dist,3,TrialState.COMPLETE,37.201737832025515,39.371428571428574,0.9904761904761905,12.349865735038149,1.8409103124110313,0.9539772421897242,105.0,completed,etg_only,C:\Users\Binich\PycharmProjects\PredictionRTS\output\learner_results\training_runs\run_0069\trials\trial_0003,random_beam,multi_step,4,13,win_rate,2,5,0.0014096175149815868,0.9934434683002586,True,0.005522117123602399,0.8154614284548342,2,8.0,8.0,,1,1,2
sce2_etg_run_0069,sce-2,MarineMicro_MvsM_4_dist,4,TrialState.COMPLETE,43.05202033293941,44.44736842105263,1.0,9.499854205033754,1.2557306654423275,0.9686067333639418,114.0,completed,etg_only,C:\Users\Binich\PycharmProjects\PredictionRTS\output\learner_results\training_runs\run_0069\trials\trial_0004,random_beam,multi_step,7,6,win_rate,8,4,0.059487468132197734,0.7361074625809747,False,,,3,6.0,8.0,5.0,1,0,2
sce2_etg_run_0069,sce-2,MarineMicro_MvsM_4_dist,5,TrialState.COMPLETE,36.82029165604228,40.75221238938053,0.9823008849557522,13.916012915318651,3.2081615826116208,0.9197959604347095,113.0,completed,etg_only,C:\Users\Binich\PycharmProjects\PredictionRTS\output\learner_results\training_runs\run_0069\trials\trial_0005,highest_transition_prob,multi_step,2,10,win_rate,3,3,0.03244160088734161,0.6143990827458112,False,,,0,,,,1,0,2
sce2_etg_run_0069,sce-2,MarineMicro_MvsM_4_dist,6,TrialState.COMPLETE,69.73464691893159,72.15789473684211,1.0,8.054179417804326,1.3433029479299736,0.9664174263017506,114.0,completed,etg_only,C:\Users\Binich\PycharmProjects\PredictionRTS\output\learner_results\training_runs\run_0069\trials\trial_0006,highest_transition_prob,multi_step,9,4,quality,9,2,0.0016599837974449212,0.6139675812709708,False,,,3,0.0,5.0,4.0,1,0,2
sce2_etg_run_0069,sce-2,MarineMicro_MvsM_4_dist,7,TrialState.COMPLETE,41.08207716296494,43.21551724137931,1.0,10.119804784203716,1.974698177507016,0.9506325455623246,116.0,completed,etg_only,C:\Users\Binich\PycharmProjects\PredictionRTS\output\learner_results\training_runs\run_0069\trials\trial_0007,random_beam,multi_step,4,9,win_rate,10,2,0.009874088417386247,0.6504391549083848,True,0.6095643339798968,0.5026790232288615,0,,,,1,1,2
sce2_etg_run_0069,sce-2,MarineMicro_MvsM_4_dist,8,TrialState.COMPLETE,19.043352608224964,26.02777777777778,0.8518518518518519,21.755569033022724,5.6440281468244375,0.8588992963293891,108.0,completed,etg_only,C:\Users\Binich\PycharmProjects\PredictionRTS\output\learner_results\training_runs\run_0069\trials\trial_0008,best_subtree_quality,multi_step,6,15,win_rate,3,4,0.005439591236568527,0.8161529152967897,True,0.0902897700544083,0.835302495589238,1,2.0,,,1,1,2
sce2_etg_run_0069,sce-2,MarineMicro_MvsM_4_dist,9,TrialState.COMPLETE,22.414042507380085,27.321428571428573,0.8928571428571429,20.917018995867203,3.2468301682907534,0.9188292457927312,112.0,completed,etg_only,C:\Users\Binich\PycharmProjects\PredictionRTS\output\learner_results\training_runs\run_0069\trials\trial_0009,best_subtree_winrate,multi_step,6,5,win_rate,4,5,0.0018838307787619744,0.6705331755251293,False,,,3,2.0,7.0,8.0,1,0,2
sce2_etg_run_0069,sce-2,MarineMicro_MvsM_4_dist,10,TrialState.COMPLETE,69.02881121001451,71.29838709677419,1.0,9.200262828214235,1.2732831578246844,0.9681679210543829,124.0,completed,etg_only,C:\Users\Binich\PycharmProjects\PredictionRTS\output\learner_results\training_runs\run_0069\trials\trial_0010,highest_transition_prob,multi_step,10,2,quality,10,2,0.0052798792801754275,0.5070421867133439,False,,,2,0.0,4.0,,1,0,2
sce2_etg_run_0069,sce-2,MarineMicro_MvsM_4_dist,11,TrialState.COMPLETE,69.39339672475037,71.15322580645162,1.0,8.858242338980585,0.9893179468704688,0.9752670513282383,124.0,completed,etg_only,C:\Users\Binich\PycharmProjects\PredictionRTS\output\learner_results\training_runs\run_0069\trials\trial_0011,highest_transition_prob,multi_step,10,2,quality,10,2,0.004662943079154421,0.5018020980095577,False,,,2,0.0,4.0,,1,0,2
sce2_etg_run_0069,sce-2,MarineMicro_MvsM_4_dist,12,TrialState.COMPLETE,63.5841652690628,69.02521008403362,0.9915966386554622,16.35091146169331,2.8408147984136938,0.9289796300396577,119.0,completed,etg_only,C:\Users\Binich\PycharmProjects\PredictionRTS\output\learner_results\training_runs\run_0069\trials\trial_0012,highest_transition_prob,multi_step,8,2,quality,8,2,0.0037221936042097135,0.5822058762717826,False,,,1,0.0,,,1,0,2
sce2_etg_run_0069,sce-2,MarineMicro_MvsM_4_dist,13,TrialState.COMPLETE,65.50063674717703,69.85714285714286,1.0,11.327792262882491,2.4945229259518085,0.9376369268512048,112.0,completed,etg_only,C:\Users\Binich\PycharmProjects\PredictionRTS\output\learner_results\training_runs\run_0069\trials\trial_0013,highest_transition_prob,multi_step,9,7,quality,6,3,0.014657751246258333,0.7122364945990114,False,,,3,0.0,5.0,0.0,1,0,2
sce2_etg_run_0069,sce-2,MarineMicro_MvsM_4_dist,14,TrialState.COMPLETE,60.06209885829812,68.5304347826087,0.991304347826087,16.324599596464136,4.63529842365749,0.8841175394085627,115.0,completed,etg_only,C:\Users\Binich\PycharmProjects\PredictionRTS\output\learner_results\training_runs\run_0069\trials\trial_0014,highest_transition_prob,multi_step,8,3,quality,9,2,0.0010220690547060624,0.565230834575845,False,,,2,6.0,2.0,,1,0,2
sce2_etg_run_0069,sce-2,MarineMicro_MvsM_4_dist,15,TrialState.COMPLETE,62.076093509279495,66.93913043478261,0.991304347826087,15.066973358985477,2.5805592402573825,0.9354860189935654,115.0,completed,etg_only,C:\Users\Binich\PycharmProjects\PredictionRTS\output\learner_results\training_runs\run_0069\trials\trial_0015,highest_transition_prob,multi_step,9,7,future_reward,7,1,0.003344741667092666,0.5028719341278979,False,,,1,10.0,,,1,0,2
sce2_etg_run_0069,sce-2,MarineMicro_MvsM_4_dist,16,TrialState.COMPLETE,62.32770610963094,64.56637168141593,1.0,14.195771591677989,1.3868925965553958,0.9653276850861151,113.0,completed,etg_only,C:\Users\Binich\PycharmProjects\PredictionRTS\output\learner_results\training_runs\run_0069\trials\trial_0016,highest_transition_prob,multi_step,10,4,quality,10,3,0.010949643734854131,0.6205686969889618,False,,,3,2.0,6.0,3.0,1,0,2
sce2_etg_run_0069,sce-2,MarineMicro_MvsM_4_dist,17,TrialState.COMPLETE,68.83066304436328,72.275,1.0,9.197791854570314,1.9062397540708251,0.9523440061482293,120.0,completed,etg_only,C:\Users\Binich\PycharmProjects\PredictionRTS\output\learner_results\training_runs\run_0069\trials\trial_0017,best_subtree_winrate,multi_step,8,2,quality,9,2,0.0028490224537469993,0.5784214833917545,False,,,2,1.0,4.0,,1,0,2
sce2_etg_run_0069,sce-2,MarineMicro_MvsM_4_dist,18,TrialState.COMPLETE,68.80088200514169,69.80555555555556,1.0,9.751978273505001,0.5756983337031369,0.9856075416574216,108.0,completed,etg_only,C:\Users\Binich\PycharmProjects\PredictionRTS\output\learner_results\training_runs\run_0069\trials\trial_0018,best_subtree_quality,multi_step,9,8,quality,5,3,0.007137245092957812,0.7981876723077876,False,,,3,4.0,10.0,10.0,1,0,2
sce2_etg_run_0069,sce-2,MarineMicro_MvsM_4_dist,19,TrialState.COMPLETE,58.42681482429955,65.73170731707317,0.991869918699187,15.070605196458018,4.153845657234998,0.896153858569125,123.0,completed,etg_only,C:\Users\Binich\PycharmProjects\PredictionRTS\output\learner_results\training_runs\run_0069\trials\trial_0019,highest_transition_prob,multi_step,5,4,future_reward,7,1,0.023980345904032682,0.682635976821535,False,,,2,1.0,0.0,,1,0,2
sce2_etg_run_0069,sce-2,MarineMicro_MvsM_4_dist,20,TrialState.COMPLETE,60.56768954168278,69.13636363636364,0.990909090909091,13.172614341695473,4.636059403006881,0.8840985149248279,110.0,completed,etg_only,C:\Users\Binich\PycharmProjects\PredictionRTS\output\learner_results\training_runs\run_0069\trials\trial_0020,highest_transition_prob,multi_step,7,6,quality,9,2,0.0010083677199472219,0.5481850316374155,False,,,1,5.0,,,1,0,2
sce2_etg_run_0069,sce-2,MarineMicro_MvsM_4_dist,21,TrialState.COMPLETE,66.48495279569919,70.992,1.0,9.154230497425766,2.539467660750969,0.9365133084812258,125.0,completed,etg_only,C:\Users\Binich\PycharmProjects\PredictionRTS\output\learner_results\training_runs\run_0069\trials\trial_0021,highest_transition_prob,multi_step,10,2,quality,10,2,0.005041470618034518,0.5113727680988508,False,,,2,0.0,4.0,,1,0,2
sce2_etg_run_0069,sce-2,MarineMicro_MvsM_4_dist,22,TrialState.COMPLETE,62.398909090909086,66.38181818181818,1.0,15.73009958830049,2.399999999999999,0.9400000000000001,110.0,completed,etg_only,C:\Users\Binich\PycharmProjects\PredictionRTS\output\learner_results\training_runs\run_0069\trials\trial_0022,highest_transition_prob,multi_step,10,3,quality,10,2,0.004833868837896862,0.5975545985839155,False,,,2,1.0,5.0,,1,0,2
sce2_etg_run_0069,sce-2,MarineMicro_MvsM_4_dist,23,TrialState.COMPLETE,65.44566357543044,67.91150442477876,1.0,13.055739945492048,1.4523847588030223,0.9636903810299244,113.0,completed,etg_only,C:\Users\Binich\PycharmProjects\PredictionRTS\output\learner_results\training_runs\run_0069\trials\trial_0023,highest_transition_prob,multi_step,9,3,quality,9,1,0.0020133050442664464,0.501074558000193,False,,,2,0.0,3.0,,1,0,2
sce2_etg_run_0069,sce-2,MarineMicro_MvsM_4_dist,24,TrialState.COMPLETE,59.03122931659821,65.82644628099173,0.9834710743801653,14.525371183974551,3.526300319177305,0.9118424920205673,121.0,completed,etg_only,C:\Users\Binich\PycharmProjects\PredictionRTS\output\learner_results\training_runs\run_0069\trials\trial_0024,highest_transition_prob,multi_step,10,2,quality,7,2,0.006987718859925584,0.5445405497792203,False,,,3,1.0,6.0,2.0,1,0,2
sce2_etg_run_0069,sce-2,MarineMicro_MvsM_4_dist,25,TrialState.COMPLETE,63.99074774263262,67.35,0.9916666666666667,12.258772369205653,1.6757326689703724,0.9581066832757407,120.0,completed,etg_only,C:\Users\Binich\PycharmProjects\PredictionRTS\output\learner_results\training_runs\run_0069\trials\trial_0025,highest_transition_prob,multi_step,9,5,quality,10,3,0.017794229439574396,0.6348094518333909,False,,,1,3.0,,,1,0,2
sce2_etg_run_0069,sce-2,MarineMicro_MvsM_4_dist,26,TrialState.COMPLETE,66.00600276621577,69.13636363636364,1.0,12.607701306400186,1.811122659914616,0.9547219335021346,110.0,completed,etg_only,C:\Users\Binich\PycharmProjects\PredictionRTS\output\learner_results\training_runs\run_0069\trials\trial_0026,best_subtree_winrate,multi_step,8,3,future_reward,8,2,0.002555642089829614,0.5514053205234972,True,0.9646462051374901,0.010138500628939617,2,0.0,3.0,,1,1,2
sce2_etg_run_0069,sce-2,MarineMicro_MvsM_4_dist,27,TrialState.COMPLETE,62.34813067316996,67.24778761061947,0.9911504424778761,15.445898142925078,2.5832684485878175,0.9354182887853045,113.0,completed,etg_only,C:\Users\Binich\PycharmProjects\PredictionRTS\output\learner_results\training_runs\run_0069\trials\trial_0027,random_beam,multi_step,7,4,quality,9,3,0.0015632132104029684,0.7922287095621834,False,,,3,3.0,4.0,5.0,1,0,2
sce2_etg_run_0069,sce-2,MarineMicro_MvsM_4_dist,28,TrialState.COMPLETE,63.730821442704304,68.48360655737704,1.0,11.979650509802287,2.776013328498262,0.9305996667875435,122.0,completed,etg_only,C:\Users\Binich\PycharmProjects\PredictionRTS\output\learner_results\training_runs\run_0069\trials\trial_0028,best_subtree_quality,multi_step,10,2,quality,10,1,0.008735310374381465,0.6958022451045884,False,,,2,2.0,6.0,,1,0,2
sce2_etg_run_0069,sce-2,MarineMicro_MvsM_4_dist,29,TrialState.COMPLETE,58.14848061322674,65.2051282051282,0.9743589743589743,19.007663079736925,3.3901777789523857,0.9152455555261904,117.0,completed,etg_only,C:\Users\Binich\PycharmProjects\PredictionRTS\output\learner_results\training_runs\run_0069\trials\trial_0029,best_subtree_quality,multi_step,9,6,future_reward,8,1,0.003761428822261331,0.5889385843232843,True,0.9496899034333623,0.5143788732721962,1,1.0,,,1,1,2
sce2_etg_run_0069,sce-2,MarineMicro_MvsM_4_dist,30,TrialState.COMPLETE,64.44401817697299,68.2867132867133,1.0,12.417347654146973,2.2509181800014932,0.9437270454999627,143.0,completed,etg_only,C:\Users\Binich\PycharmProjects\PredictionRTS\output\learner_results\training_runs\run_0069\trials\trial_0030,highest_transition_prob,multi_step,8,10,quality,9,2,0.013341199251530631,0.5270972855767694,False,,,2,8.0,2.0,,1,0,2
sce2_etg_run_0069,sce-2,MarineMicro_MvsM_4_dist,31,TrialState.COMPLETE,69.50107848202661,72.36290322580645,1.0,8.956286922729065,1.5819292019556372,0.960451769951109,124.0,completed,etg_only,C:\Users\Binich\PycharmProjects\PredictionRTS\output\learner_results\training_runs\run_0069\trials\trial_0031,best_subtree_winrate,multi_step,8,2,quality,9,2,0.002623296160149281,0.5749612436990263,False,,,2,1.0,4.0,,1,0,2
sce2_etg_run_0069,sce-2,MarineMicro_MvsM_4_dist,32,TrialState.COMPLETE,62.543625654274834,68.05128205128206,0.9914529914529915,13.709343095128018,2.920437094242133,0.9269890726439467,117.0,completed,etg_only,C:\Users\Binich\PycharmProjects\PredictionRTS\output\learner_results\training_runs\run_0069\trials\trial_0032,best_subtree_winrate,multi_step,9,3,quality,8,2,0.00135051999028109,0.5263693725606824,False,,,2,0.0,5.0,,1,0,2
sce2_etg_run_0069,sce-2,MarineMicro_MvsM_4_dist,33,TrialState.COMPLETE,62.55553607113884,67.42105263157895,0.9912280701754386,16.784440756949447,2.5582084985909157,0.9360447875352271,114.0,completed,etg_only,C:\Users\Binich\PycharmProjects\PredictionRTS\output\learner_results\training_runs\run_0069\trials\trial_0033,best_subtree_winrate,multi_step,10,4,quality,10,1,0.002789563955601606,0.5621968072206817,False,,,3,1.0,4.0,3.0,1,0,2
sce2_etg_run_0069,sce-2,MarineMicro_MvsM_4_dist,34,TrialState.COMPLETE,63.42381291049219,66.85344827586206,0.9913793103448276,15.229992137988342,1.7220496611517773,0.9569487584712055,116.0,completed,etg_only,C:\Users\Binich\PycharmProjects\PredictionRTS\output\learner_results\training_runs\run_0069\trials\trial_0034,best_subtree_winrate,multi_step,10,2,quality,9,2,0.00407415933453284,0.6472741102229269,False,,,2,0.0,2.0,,1,0,2
sce2_etg_run_0069,sce-2,MarineMicro_MvsM_4_dist,35,TrialState.COMPLETE,44.62158925796859,52.81132075471698,0.9339622641509434,23.222107719473964,3.813326050607176,0.9046668487348206,106.0,completed,etg_only,C:\Users\Binich\PycharmProjects\PredictionRTS\output\learner_results\training_runs\run_0069\trials\trial_0035,best_subtree_winrate,multi_step,7,5,quality,1,3,0.006100098478341342,0.9301194397249982,True,0.3102415439047659,0.05087023571310689,2,2.0,4.0,,1,1,2
sce2_etg_run_0069,sce-2,MarineMicro_MvsM_4_dist,36,TrialState.COMPLETE,64.84022233936636,70.83620689655173,0.9913793103448276,11.516812272617413,3.0674463102046654,0.9233138422448833,116.0,completed,etg_only,C:\Users\Binich\PycharmProjects\PredictionRTS\output\learner_results\training_runs\run_0069\trials\trial_0036,random_beam,multi_step,8,3,quality,7,3,0.0021586121702016204,0.601975871782329,False,,,3,4.0,3.0,0.0,1,0,2
sce2_etg_run_0069,sce-2,MarineMicro_MvsM_4_dist,37,TrialState.COMPLETE,60.250486291602456,67.11111111111111,0.9907407407407407,15.300286449347894,3.7534983750463646,0.9061625406238409,108.0,completed,etg_only,C:\Users\Binich\PycharmProjects\PredictionRTS\output\learner_results\training_runs\run_0069\trials\trial_0037,highest_transition_prob,multi_step,9,12,future_reward,6,4,0.0016826595844759906,0.5272277575997344,False,,,1,1.0,,,1,0,2
sce2_etg_run_0069,sce-2,MarineMicro_MvsM_4_dist,38,TrialState.COMPLETE,62.51320047711488,66.22018348623853,0.9908256880733946,15.138115087642179,1.8895490251428073,0.9527612743714298,109.0,completed,etg_only,C:\Users\Binich\PycharmProjects\PredictionRTS\output\learner_results\training_runs\run_0069\trials\trial_0038,best_subtree_winrate,multi_step,10,4,quality,8,1,0.002512652988621103,0.766597185023409,True,0.4280145315838099,0.2885250249877589,3,3.0,6.0,7.0,1,1,2
sce2_etg_run_0069,sce-2,MarineMicro_MvsM_4_dist,39,TrialState.COMPLETE,39.82704895894549,41.62135922330097,1.0,10.826178722214387,1.72441294358399,0.9568896764104002,103.0,completed,etg_only,C:\Users\Binich\PycharmProjects\PredictionRTS\output\learner_results\training_runs\run_0069\trials\trial_0039,random_beam,multi_step,5,5,win_rate,10,2,0.004575132889089232,0.8420500672299005,False,,,0,,,,1,0,2
sce2_etg_run_0069,sce-2,MarineMicro_MvsM_4_dist,40,TrialState.COMPLETE,64.51925324796228,69.53097345132744,0.9911504424778761,13.66480577072018,2.5517579990895105,0.9362060500227622,113.0,completed,etg_only,C:\Users\Binich\PycharmProjects\PredictionRTS\output\learner_results\training_runs\run_0069\trials\trial_0040,highest_transition_prob,multi_step,6,15,quality,5,2,0.0012201774026591983,0.6194191040836297,False,,,2,0.0,5.0,,1,0,2
sce2_etg_run_0069,sce-2,MarineMicro_MvsM_4_dist,41,TrialState.COMPLETE,70.9236041301745,72.7560975609756,1.0,8.88621977244207,1.0074720839804943,0.9748131979004876,123.0,completed,etg_only,C:\Users\Binich\PycharmProjects\PredictionRTS\output\learner_results\training_runs\run_0069\trials\trial_0041,best_subtree_winrate,multi_step,8,2,quality,9,2,0.003099084702540012,0.5788195018600608,False,,,2,1.0,4.0,,1,0,2
sce2_etg_run_0069,sce-2,MarineMicro_MvsM_4_dist,42,TrialState.COMPLETE,63.37714607947783,69.47899159663865,0.9831932773109243,17.01943957223241,2.8892045686805816,0.9277698857829855,119.0,completed,etg_only,C:\Users\Binich\PycharmProjects\PredictionRTS\output\learner_results\training_runs\run_0069\trials\trial_0042,best_subtree_winrate,multi_step,7,2,quality,9,2,0.003398359793841718,0.6599411421730961,False,,,2,1.0,4.0,,1,0,2
sce2_etg_run_0069,sce-2,MarineMicro_MvsM_4_dist,43,TrialState.COMPLETE,67.28616180584604,69.8076923076923,1.0,10.860015691904058,1.4448439239229374,0.9638789019019266,130.0,completed,etg_only,C:\Users\Binich\PycharmProjects\PredictionRTS\output\learner_results\training_runs\run_0069\trials\trial_0043,best_subtree_winrate,multi_step,2,3,quality,8,2,0.007804747399166253,0.57001725595041,False,,,2,2.0,3.0,,1,0,2
sce2_etg_run_0069,sce-2,MarineMicro_MvsM_4_dist,44,TrialState.COMPLETE,38.50762378452312,41.263636363636365,1.0,12.606403331588185,2.6716138682745725,0.9332096532931357,110.0,completed,etg_only,C:\Users\Binich\PycharmProjects\PredictionRTS\output\learner_results\training_runs\run_0069\trials\trial_0044,best_subtree_winrate,multi_step,8,2,win_rate,10,4,0.05138100314768982,0.5337009008114034,False,,,2,0.0,5.0,,1,0,2
sce2_etg_run_0069,sce-2,MarineMicro_MvsM_4_dist,45,TrialState.COMPLETE,63.29472039935652,67.72173913043478,0.9826086956521739,17.05823673342841,1.9531442845362306,0.9511713928865942,115.0,completed,etg_only,C:\Users\Binich\PycharmProjects\PredictionRTS\output\learner_results\training_runs\run_0069\trials\trial_0045,best_subtree_winrate,multi_step,9,3,quality,9,3,0.005888512489559105,0.7181210196514746,False,,,1,2.0,,,1,0,2
sce2_etg_run_0069,sce-2,MarineMicro_MvsM_4_dist,46,TrialState.COMPLETE,56.20101202179111,63.05940594059406,0.9801980198019802,19.331819449070228,3.6302403127338,0.909243992181655,101.0,completed,etg_only,C:\Users\Binich\PycharmProjects\PredictionRTS\output\learner_results\training_runs\run_0069\trials\trial_0046,highest_transition_prob,multi_step,9,4,quality,10,2,0.0030154621963904018,0.5993927403310415,True,0.7919227671064586,0.6495773086149259,2,8.0,3.0,,1,1,2
sce2_etg_run_0069,sce-2,MarineMicro_MvsM_4_dist,47,TrialState.COMPLETE,36.139524375643276,39.44859813084112,0.9813084112149533,13.282856384667323,2.6573333264074317,0.9335666668398142,107.0,completed,etg_only,C:\Users\Binich\PycharmProjects\PredictionRTS\output\learner_results\training_runs\run_0069\trials\trial_0047,best_subtree_quality,multi_step,8,2,win_rate,9,1,0.002256151795463563,0.5150355808678874,False,,,3,0.0,7.0,2.0,1,0,2
sce2_etg_run_0069,sce-2,MarineMicro_MvsM_4_dist,48,TrialState.COMPLETE,64.43276796267779,67.6,0.9904761904761905,16.11600801332992,1.5075066222054625,0.9623123344448634,105.0,completed,etg_only,C:\Users\Binich\PycharmProjects\PredictionRTS\output\learner_results\training_runs\run_0069\trials\trial_0048,highest_transition_prob,multi_step,10,5,quality,7,2,0.0018877056039267727,0.573209327685801,False,,,2,1.0,2.0,,1,0,2
sce2_etg_run_0069,sce-2,MarineMicro_MvsM_4_dist,49,TrialState.COMPLETE,64.47464773358679,68.87603305785125,1.0,12.410719338994976,2.5561201067242516,0.9360969973318937,121.0,completed,etg_only,C:\Users\Binich\PycharmProjects\PredictionRTS\output\learner_results\training_runs\run_0069\trials\trial_0049,best_subtree_winrate,multi_step,3,3,quality,4,3,0.004203595859503315,0.9935245282369738,False,,,1,7.0,,,1,0,2
sce2_etg_run_0069,sce-2,MarineMicro_MvsM_4_dist,50,TrialState.COMPLETE,58.621291365962804,66.43243243243244,0.990990990990991,15.189862445404154,4.382329515495343,0.8904417621126164,111.0,completed,etg_only,C:\Users\Binich\PycharmProjects\PredictionRTS\output\learner_results\training_runs\run_0069\trials\trial_0050,highest_transition_prob,multi_step,9,10,future_reward,8,5,0.003227670061170932,0.6221259205235381,False,,,3,2.0,5.0,10.0,1,0,2
sce2_etg_run_0069,sce-2,MarineMicro_MvsM_4_dist,51,TrialState.COMPLETE,70.7521058194336,73.10810810810811,1.0,8.710924435951283,1.2890511597923422,0.9677737210051914,111.0,completed,etg_only,C:\Users\Binich\PycharmProjects\PredictionRTS\output\learner_results\training_runs\run_0069\trials\trial_0051,best_subtree_winrate,multi_step,8,2,quality,9,2,0.0027438831538332408,0.577572340016577,False,,,2,1.0,4.0,,1,0,2
sce2_etg_run_0069,sce-2,MarineMicro_MvsM_4_dist,52,TrialState.COMPLETE,63.079834161317805,70.56198347107438,1.0,12.31265730661501,4.241462012089699,0.8939634496977575,121.0,completed,etg_only,C:\Users\Binich\PycharmProjects\PredictionRTS\output\learner_results\training_runs\run_0069\trials\trial_0052,best_subtree_winrate,multi_step,7,2,quality,9,2,0.0015682982802972302,0.5569175945792233,False,,,2,10.0,4.0,,1,0,2
sce2_etg_run_0069,sce-2,MarineMicro_MvsM_4_dist,53,TrialState.COMPLETE,60.13826646027383,66.575,0.9833333333333333,16.433026957928355,3.2549400753178355,0.9186264981170541,120.0,completed,etg_only,C:\Users\Binich\PycharmProjects\PredictionRTS\output\learner_results\training_runs\run_0069\trials\trial_0053,best_subtree_winrate,multi_step,8,2,quality,10,2,0.002468378105919965,0.5015259170529137,False,,,2,1.0,5.0,,1,0,2
sce2_etg_run_0069,sce-2,MarineMicro_MvsM_4_dist,54,TrialState.COMPLETE,68.6935884483321,70.8,1.0,9.474175425861608,1.1900630235411904,0.9702484244114702,120.0,completed,etg_only,C:\Users\Binich\PycharmProjects\PredictionRTS\output\learner_results\training_runs\run_0069\trials\trial_0054,best_subtree_winrate,multi_step,6,4,quality,9,2,0.005798479986852289,0.5463927673548443,False,,,2,0.0,4.0,,1,0,2
sce2_etg_run_0069,sce-2,MarineMicro_MvsM_4_dist,55,TrialState.COMPLETE,61.77731976369986,67.47368421052632,0.9824561403508771,17.48945071826422,2.722956705991222,0.9319260823502195,114.0,completed,etg_only,C:\Users\Binich\PycharmProjects\PredictionRTS\output\learner_results\training_runs\run_0069\trials\trial_0055,highest_transition_prob,multi_step,9,3,quality,10,2,0.0012791037384496144,0.5798680232068175,False,,,2,1.0,7.0,,1,0,2
sce2_etg_run_0069,sce-2,MarineMicro_MvsM_4_dist,56,TrialState.COMPLETE,65.64331957430242,69.64864864864865,1.0,9.940950566915093,2.300305405522856,0.9424923648619286,111.0,completed,etg_only,C:\Users\Binich\PycharmProjects\PredictionRTS\output\learner_results\training_runs\run_0069\trials\trial_0056,random_beam,multi_step,10,7,quality,8,2,0.003650167679487888,0.644096175680675,False,,,2,3.0,4.0,,1,0,2
sce2_etg_run_0069,sce-2,MarineMicro_MvsM_4_dist,57,TrialState.COMPLETE,64.3846246531217,70.11111111111111,0.9907407407407407,14.902978408093421,2.9237939109650677,0.9269051522258733,108.0,completed,etg_only,C:\Users\Binich\PycharmProjects\PredictionRTS\output\learner_results\training_runs\run_0069\trials\trial_0057,highest_transition_prob,multi_step,8,2,quality,9,1,0.0018844692883607831,0.6056125919238332,False,,,3,0.0,3.0,4.0,1,0,2
sce2_etg_run_0069,sce-2,MarineMicro_MvsM_4_dist,58,TrialState.COMPLETE,39.52914730145915,40.94117647058823,1.0,12.04145090063434,1.379568728459447,0.9655107817885138,136.0,completed,etg_only,C:\Users\Binich\PycharmProjects\PredictionRTS\output\learner_results\training_runs\run_0069\trials\trial_0058,best_subtree_winrate,multi_step,7,12,win_rate,10,3,0.010439264768369169,0.6779008237855898,False,,,1,1.0,,,1,0,2
sce2_etg_run_0069,sce-2,MarineMicro_MvsM_4_dist,59,TrialState.COMPLETE,62.7764196565475,67.95652173913044,0.9826086956521739,15.414499839210016,2.3950696150316455,0.9401232596242088,115.0,completed,etg_only,C:\Users\Binich\PycharmProjects\PredictionRTS\output\learner_results\training_runs\run_0069\trials\trial_0059,best_subtree_quality,multi_step,9,3,quality,9,2,0.004470052182233919,0.5308328925974412,True,0.778167210046929,0.21686968782814503,2,0.0,6.0,,1,1,2
sce2_etg_run_0069,sce-2,MarineMicro_MvsM_4_dist,60,TrialState.COMPLETE,57.92770320484437,66.45132743362832,0.9823008849557522,16.3890699334089,4.502472481783045,0.8874381879554238,113.0,completed,etg_only,C:\Users\Binich\PycharmProjects\PredictionRTS\output\learner_results\training_runs\run_0069\trials\trial_0060,highest_transition_prob,multi_step,10,14,quality,10,1,0.002750632692499471,0.5823630476820012,False,,,2,5.0,1.0,,1,0,2
sce2_etg_run_0069,sce-2,MarineMicro_MvsM_4_dist,61,TrialState.COMPLETE,67.23586277361593,69.90756302521008,1.0,10.03355010325853,1.5287045555461165,0.961782386111347,119.0,completed,etg_only,C:\Users\Binich\PycharmProjects\PredictionRTS\output\learner_results\training_runs\run_0069\trials\trial_0061,best_subtree_winrate,multi_step,8,2,quality,9,2,0.003133674157544845,0.6322979532197334,False,,,2,2.0,4.0,,1,0,2
sce2_etg_run_0069,sce-2,MarineMicro_MvsM_4_dist,62,TrialState.COMPLETE,62.08784859681361,66.42105263157895,0.9824561403508771,18.611868848932435,1.941849654545423,0.9514537586363644,114.0,completed,etg_only,C:\Users\Binich\PycharmProjects\PredictionRTS\output\learner_results\training_runs\run_0069\trials\trial_0062,best_subtree_winrate,multi_step,8,2,quality,8,2,0.002175572206285026,0.5622337618738592,False,,,2,1.0,5.0,,1,0,2
sce2_etg_run_0069,sce-2,MarineMicro_MvsM_4_dist,63,TrialState.COMPLETE,61.97983641816944,69.1304347826087,0.991304347826087,13.92246963295411,3.8228693973169667,0.9044282650670759,115.0,completed,etg_only,C:\Users\Binich\PycharmProjects\PredictionRTS\output\learner_results\training_runs\run_0069\trials\trial_0063,best_subtree_winrate,multi_step,9,3,quality,9,2,0.002881174156166561,0.517841075928214,False,,,2,1.0,10.0,,1,0,2
sce2_etg_run_0069,sce-2,MarineMicro_MvsM_4_dist,64,TrialState.COMPLETE,65.81394232536236,68.84210526315789,0.9912280701754386,13.666182456570967,1.421071398139459,0.9644732150465135,114.0,completed,etg_only,C:\Users\Binich\PycharmProjects\PredictionRTS\output\learner_results\training_runs\run_0069\trials\trial_0064,best_subtree_winrate,multi_step,7,4,quality,10,2,0.0038282834366101296,0.5856928565885028,False,,,2,0.0,4.0,,1,0,2
sce2_etg_run_0069,sce-2,MarineMicro_MvsM_4_dist,65,TrialState.COMPLETE,65.51524269028852,68.06557377049181,1.0,11.323657018708435,1.4987494787321862,0.9625312630316953,122.0,completed,etg_only,C:\Users\Binich\PycharmProjects\PredictionRTS\output\learner_results\training_runs\run_0069\trials\trial_0065,highest_transition_prob,multi_step,8,2,quality,9,2,0.006725962712241376,0.5450401808382743,False,,,0,,,,1,0,2
sce2_etg_run_0069,sce-2,MarineMicro_MvsM_4_dist,66,TrialState.COMPLETE,60.873622493668776,66.5,1.0,13.198150494315037,3.3842872218533695,0.9153928194536658,102.0,completed,etg_only,C:\Users\Binich\PycharmProjects\PredictionRTS\output\learner_results\training_runs\run_0069\trials\trial_0066,best_subtree_winrate,multi_step,9,3,future_reward,8,3,0.004906366363617748,0.5407009184829455,False,,,3,1.0,5.0,7.0,1,0,2
sce2_etg_run_0069,sce-2,MarineMicro_MvsM_4_dist,67,TrialState.COMPLETE,62.438586241395065,67.66071428571429,1.0,13.445361369146564,3.0872438161190465,0.9228189045970239,112.0,completed,etg_only,C:\Users\Binich\PycharmProjects\PredictionRTS\output\learner_results\training_runs\run_0069\trials\trial_0067,highest_transition_prob,multi_step,10,8,quality,10,2,0.0016888892804743296,0.5000019230086451,False,,,2,6.0,3.0,,1,0,2
sce2_etg_run_0069,sce-2,MarineMicro_MvsM_4_dist,68,TrialState.COMPLETE,66.70969386085069,68.68867924528301,0.9905660377358491,11.110392217952482,0.7824607964359501,0.9804384800891013,106.0,completed,etg_only,C:\Users\Binich\PycharmProjects\PredictionRTS\output\learner_results\training_runs\run_0069\trials\trial_0068,best_subtree_winrate,multi_step,8,3,quality,2,3,0.0023927034539774302,0.6116129947618448,False,,,2,0.0,4.0,,1,0,2
sce2_etg_run_0069,sce-2,MarineMicro_MvsM_4_dist,69,TrialState.COMPLETE,66.43372550595508,68.78225806451613,0.9919354838709677,13.088754397395427,1.0516787438908892,0.9737080314027278,124.0,completed,etg_only,C:\Users\Binich\PycharmProjects\PredictionRTS\output\learner_results\training_runs\run_0069\trials\trial_0069,random_beam,multi_step,7,2,quality,7,1,0.005168872966115857,0.5892826031788235,True,0.29938481049828586,0.6653603179931892,1,2.0,,,1,1,2
sce2_etg_run_0069,sce-2,MarineMicro_MvsM_4_dist,70,TrialState.COMPLETE,56.87751042527202,61.95652173913044,0.9739130434782609,18.928419536838536,2.2954849436479963,0.9426128764088001,115.0,completed,etg_only,C:\Users\Binich\PycharmProjects\PredictionRTS\output\learner_results\training_runs\run_0069\trials\trial_0070,highest_transition_prob,multi_step,10,4,quality,9,2,0.08822469677478954,0.6614877466985996,False,,,2,1.0,3.0,,1,0,2
sce2_etg_run_0069,sce-2,MarineMicro_MvsM_4_dist,71,TrialState.COMPLETE,65.62344388840143,71.00943396226415,1.0,8.959547751199075,3.03395747484761,0.9241510631288097,106.0,completed,etg_only,C:\Users\Binich\PycharmProjects\PredictionRTS\output\learner_results\training_runs\run_0069\trials\trial_0071,best_subtree_quality,multi_step,9,8,quality,4,4,0.008642361558776027,0.8082539151204411,False,,,3,9.0,10.0,10.0,1,0,2
sce2_etg_run_0069,sce-2,MarineMicro_MvsM_4_dist,72,TrialState.COMPLETE,66.7021567253845,71.15702479338843,1.0,7.773666359499022,2.5042463936282306,0.9373938401592943,121.0,completed,etg_only,C:\Users\Binich\PycharmProjects\PredictionRTS\output\learner_results\training_runs\run_0069\trials\trial_0072,best_subtree_quality,multi_step,9,6,quality,4,2,0.007150620731569471,0.7519667352305885,False,,,3,4.0,9.0,9.0,1,0,2
sce2_etg_run_0069,sce-2,MarineMicro_MvsM_4_dist,73,TrialState.COMPLETE,67.00260289657943,70.05714285714286,1.0,9.350150058819857,1.7440277099464965,0.9563993072513376,105.0,completed,etg_only,C:\Users\Binich\PycharmProjects\PredictionRTS\output\learner_results\training_runs\run_0069\trials\trial_0073,best_subtree_quality,multi_step,8,11,quality,5,3,0.0034491446902042626,0.8537023961885256,False,,,3,3.0,4.0,6.0,1,0,2
sce2_etg_run_0069,sce-2,MarineMicro_MvsM_4_dist,74,TrialState.COMPLETE,65.36545995758688,68.859375,0.9921875,11.317667586979882,1.7306148255512102,0.9567346293612198,128.0,completed,etg_only,C:\Users\Binich\PycharmProjects\PredictionRTS\output\learner_results\training_runs\run_0069\trials\trial_0074,best_subtree_quality,multi_step,9,2,quality,6,2,0.013733017641946316,0.7916275083184975,False,,,3,4.0,6.0,4.0,1,0,2
sce2_etg_run_0069,sce-2,MarineMicro_MvsM_4_dist,75,TrialState.COMPLETE,61.43034963713389,68.725,0.9916666666666667,14.087206075017146,3.9452478354857603,0.901368804112856,120.0,completed,etg_only,C:\Users\Binich\PycharmProjects\PredictionRTS\output\learner_results\training_runs\run_0069\trials\trial_0075,best_subtree_quality,multi_step,5,9,quality,10,5,0.0011320703434944605,0.5170503215026037,False,,,3,0.0,5.0,8.0,1,0,2
sce2_etg_run_0069,sce-2,MarineMicro_MvsM_4_dist,76,TrialState.COMPLETE,58.50840160515509,64.28947368421052,0.9736842105263158,18.161422235544453,2.613033634833573,0.9346741591291606,114.0,completed,etg_only,C:\Users\Binich\PycharmProjects\PredictionRTS\output\learner_results\training_runs\run_0069\trials\trial_0076,best_subtree_winrate,multi_step,10,6,future_reward,5,3,0.004262663698034826,0.7710676693376608,False,,,2,2.0,3.0,,1,0,2
sce2_etg_run_0069,sce-2,MarineMicro_MvsM_4_dist,77,TrialState.COMPLETE,35.908100926307256,39.22641509433962,1.0,12.85865321953079,3.3837547071806706,0.9154061323204832,106.0,completed,etg_only,C:\Users\Binich\PycharmProjects\PredictionRTS\output\learner_results\training_runs\run_0069\trials\trial_0077,highest_transition_prob,multi_step,8,4,win_rate,9,2,0.006507476195139916,0.5598666150168757,False,,,2,0.0,8.0,,1,0,2
sce2_etg_run_0069,sce-2,MarineMicro_MvsM_4_dist,78,TrialState.COMPLETE,69.43513978117461,72.22131147540983,1.0,9.001377212552267,1.5431299362010964,0.9614217515949726,122.0,completed,etg_only,C:\Users\Binich\PycharmProjects\PredictionRTS\output\learner_results\training_runs\run_0069\trials\trial_0078,best_subtree_winrate,multi_step,10,11,quality,6,2,0.011926242835927813,0.9692719718036964,False,,,3,1.0,4.0,1.0,1,0,2
sce2_etg_run_0069,sce-2,MarineMicro_MvsM_4_dist,79,TrialState.COMPLETE,66.60350919647327,70.96460176991151,1.0,12.70142435294661,2.458179128562271,0.9385455217859432,113.0,completed,etg_only,C:\Users\Binich\PycharmProjects\PredictionRTS\output\learner_results\training_runs\run_0069\trials\trial_0079,best_subtree_winrate,multi_step,10,3,quality,8,2,0.018841699131627143,0.7010808756771411,False,,,3,1.0,5.0,1.0,1,0,2
sce2_etg_run_0069,sce-2,MarineMicro_MvsM_4_dist,80,TrialState.COMPLETE,60.55459723451222,66.04878048780488,1.0,11.840301618422945,3.327348794460839,0.916816280138479,123.0,completed,etg_only,C:\Users\Binich\PycharmProjects\PredictionRTS\output\learner_results\training_runs\run_0069\trials\trial_0080,best_subtree_winrate,multi_step,10,11,quality,3,2,0.017884202991099888,0.9368931141492198,True,0.4750458629939539,0.9577497258759704,2,2.0,4.0,,1,1,2
sce2_etg_run_0069,sce-2,MarineMicro_MvsM_4_dist,81,TrialState.COMPLETE,69.84944701873444,72.94117647058823,1.0,8.080263451116329,1.6954645381133757,0.9576133865471657,102.0,completed,etg_only,C:\Users\Binich\PycharmProjects\PredictionRTS\output\learner_results\training_runs\run_0069\trials\trial_0081,best_subtree_winrate,multi_step,10,14,quality,9,2,0.011109117124253887,0.9717733938703095,False,,,3,1.0,4.0,1.0,1,0,2
sce2_etg_run_0069,sce-2,MarineMicro_MvsM_4_dist,82,TrialState.COMPLETE,69.33306112057187,72.25862068965517,1.0,9.401137760981445,1.6194937247132606,0.9595126568821685,116.0,completed,etg_only,C:\Users\Binich\PycharmProjects\PredictionRTS\output\learner_results\training_runs\run_0069\trials\trial_0082,best_subtree_winrate,multi_step,10,14,quality,9,2,0.012372920397269978,0.9660451200739855,False,,,3,1.0,4.0,1.0,1,0,2
sce2_etg_run_0069,sce-2,MarineMicro_MvsM_4_dist,83,TrialState.COMPLETE,67.57560924676382,72.13392857142857,1.0,9.047982742533481,2.527697805978222,0.9368075548505445,112.0,completed,etg_only,C:\Users\Binich\PycharmProjects\PredictionRTS\output\learner_results\training_runs\run_0069\trials\trial_0083,best_subtree_winrate,multi_step,10,13,quality,9,2,0.02262180129923896,0.9620266040138954,False,,,3,1.0,4.0,1.0,1,0,2
sce2_etg_run_0069,sce-2,MarineMicro_MvsM_4_dist,84,TrialState.COMPLETE,59.01368404214209,67.4390243902439,0.975609756097561,16.698252837607697,4.1222412749219295,0.8969439681269518,123.0,completed,etg_only,C:\Users\Binich\PycharmProjects\PredictionRTS\output\learner_results\training_runs\run_0069\trials\trial_0084,best_subtree_winrate,multi_step,10,13,quality,10,2,0.011533779373157504,0.9656637979142907,False,,,3,0.0,5.0,1.0,1,0,2
sce2_etg_run_0069,sce-2,MarineMicro_MvsM_4_dist,85,TrialState.COMPLETE,67.85345936558238,71.25,1.0,9.528247477894347,1.9068298298484843,0.9523292542537879,100.0,completed,etg_only,C:\Users\Binich\PycharmProjects\PredictionRTS\output\learner_results\training_runs\run_0069\trials\trial_0085,best_subtree_winrate,multi_step,10,14,quality,8,2,0.011991915161690708,0.979222878161395,False,,,3,1.0,4.0,2.0,1,0,2
sce2_etg_run_0069,sce-2,MarineMicro_MvsM_4_dist,86,TrialState.COMPLETE,54.386470181544254,65.91,0.96,20.612663583341188,5.6182229672127,0.8595444258196825,100.0,completed,etg_only,C:\Users\Binich\PycharmProjects\PredictionRTS\output\learner_results\training_runs\run_0069\trials\trial_0086,best_subtree_winrate,multi_step,10,14,quality,9,2,0.008352291547792844,0.9243490306278214,False,,,3,0.0,3.0,0.0,1,0,2
sce2_etg_run_0069,sce-2,MarineMicro_MvsM_4_dist,87,TrialState.COMPLETE,65.51646242475836,69.54807692307692,1.0,11.437018008080592,2.3187496630727527,0.9420312584231811,104.0,completed,etg_only,C:\Users\Binich\PycharmProjects\PredictionRTS\output\learner_results\training_runs\run_0069\trials\trial_0087,best_subtree_winrate,multi_step,9,12,quality,9,2,0.009860848864444705,0.9018020835810051,False,,,3,1.0,2.0,3.0,1,0,2
sce2_etg_run_0069,sce-2,MarineMicro_MvsM_4_dist,88,TrialState.COMPLETE,64.88609380825181,70.125,1.0,11.052734794093787,2.9883243874499468,0.9252918903137514,112.0,completed,etg_only,C:\Users\Binich\PycharmProjects\PredictionRTS\output\learner_results\training_runs\run_0069\trials\trial_0088,best_subtree_winrate,multi_step,10,14,quality,10,1,0.012918629034431679,0.9504229405007051,False,,,3,2.0,4.0,1.0,1,0,2
sce2_etg_run_0069,sce-2,MarineMicro_MvsM_4_dist,89,TrialState.COMPLETE,66.48256807480578,69.69902912621359,1.0,11.510936084560672,1.8459144075498177,0.9538521398112545,103.0,completed,etg_only,C:\Users\Binich\PycharmProjects\PredictionRTS\output\learner_results\training_runs\run_0069\trials\trial_0089,highest_transition_prob,multi_step,10,15,quality,8,2,0.015950754925172592,0.9824759507217404,False,,,3,0.0,3.0,2.0,1,0,2
sce2_etg_run_0069,sce-2,MarineMicro_MvsM_4_dist,90,TrialState.COMPLETE,41.52983687877841,43.03636363636364,1.0,11.007375438749548,1.4002361075992833,0.964994097310018,110.0,completed,etg_only,C:\Users\Binich\PycharmProjects\PredictionRTS\output\learner_results\training_runs\run_0069\trials\trial_0090,best_subtree_winrate,multi_step,9,15,win_rate,10,2,0.015961050417621234,0.9991013393090259,False,,,3,1.0,5.0,4.0,1,0,2
sce2_etg_run_0069,sce-2,MarineMicro_MvsM_4_dist,91,TrialState.COMPLETE,69.67021556341895,71.33653846153847,1.0,9.756270741783576,0.9343446901438465,0.9766413827464039,104.0,completed,etg_only,C:\Users\Binich\PycharmProjects\PredictionRTS\output\learner_results\training_runs\run_0069\trials\trial_0091,best_subtree_winrate,multi_step,10,11,quality,9,2,0.010071323488433356,0.9440991577069116,False,,,2,1.0,4.0,,1,0,2
sce2_etg_run_0069,sce-2,MarineMicro_MvsM_4_dist,92,TrialState.COMPLETE,66.2751136446342,70.56,1.0,10.87871315919305,2.429073897599663,0.9392731525600084,100.0,completed,etg_only,C:\Users\Binich\PycharmProjects\PredictionRTS\output\learner_results\training_runs\run_0069\trials\trial_0092,best_subtree_winrate,multi_step,10,9,quality,9,2,0.009165801099508698,0.950395153846261,False,,,2,0.0,4.0,,1,0,2
sce2_etg_run_0069,sce-2,MarineMicro_MvsM_4_dist,93,TrialState.COMPLETE,67.77591597992172,71.14285714285714,1.0,10.190031142929719,1.8930592883974204,0.9526735177900645,105.0,completed,etg_only,C:\Users\Binich\PycharmProjects\PredictionRTS\output\learner_results\training_runs\run_0069\trials\trial_0093,best_subtree_winrate,multi_step,10,11,quality,9,2,0.01036386528230798,0.9057613935000104,False,,,2,1.0,4.0,,1,0,2
sce2_etg_run_0069,sce-2,MarineMicro_MvsM_4_dist,94,TrialState.COMPLETE,66.41025089550543,70.34285714285714,1.0,10.14169007370174,2.2362505062113716,0.9440937373447157,105.0,completed,etg_only,C:\Users\Binich\PycharmProjects\PredictionRTS\output\learner_results\training_runs\run_0069\trials\trial_0094,best_subtree_winrate,multi_step,10,13,quality,10,2,0.007713176659686372,0.9820933402162755,False,,,3,1.0,4.0,0.0,1,0,2
sce2_etg_run_0069,sce-2,MarineMicro_MvsM_4_dist,95,TrialState.COMPLETE,61.95649752701573,66.44554455445545,0.9900990099009901,17.525356593044304,2.3294155104701293,0.9417646122382468,101.0,completed,etg_only,C:\Users\Binich\PycharmProjects\PredictionRTS\output\learner_results\training_runs\run_0069\trials\trial_0095,best_subtree_winrate,multi_step,10,10,quality,9,2,0.012287368824621165,0.9672902412626718,False,,,2,2.0,5.0,,1,0,2
sce2_etg_run_0069,sce-2,MarineMicro_MvsM_4_dist,96,TrialState.COMPLETE,66.38998672329672,69.32432432432432,1.0,12.793693661974066,1.6931070758365891,0.9576723231040852,111.0,completed,etg_only,C:\Users\Binich\PycharmProjects\PredictionRTS\output\learner_results\training_runs\run_0069\trials\trial_0096,highest_transition_prob,multi_step,9,12,quality,8,2,0.020993808630586162,0.8650839124958192,False,,,2,0.0,3.0,,1,0,2
sce2_etg_run_0069,sce-2,MarineMicro_MvsM_4_dist,97,TrialState.COMPLETE,67.39446709255019,69.525,1.0,9.609858219557665,1.2257650672131262,0.9693558733196719,120.0,completed,etg_only,C:\Users\Binich\PycharmProjects\PredictionRTS\output\learner_results\training_runs\run_0069\trials\trial_0097,random_beam,multi_step,10,14,future_reward,10,2,0.014913635540807976,0.9442249381282024,False,,,2,0.0,4.0,,1,0,2
sce2_etg_run_0069,sce-2,MarineMicro_MvsM_4_dist,98,TrialState.COMPLETE,65.88258131914347,69.25210084033614,1.0,11.242340800692125,1.9462338212446442,0.9513441544688839,119.0,completed,etg_only,C:\Users\Binich\PycharmProjects\PredictionRTS\output\learner_results\training_runs\run_0069\trials\trial_0098,best_subtree_winrate,multi_step,9,2,quality,9,2,0.009246606959550641,0.8834846726603427,False,,,3,1.0,5.0,6.0,1,0,2
sce2_etg_run_0069,sce-2,MarineMicro_MvsM_4_dist,99,TrialState.COMPLETE,59.225916703284085,66.71794871794872,0.9829059829059829,17.91282124688937,3.874229466686452,0.9031442633328387,117.0,completed,etg_only,C:\Users\Binich\PycharmProjects\PredictionRTS\output\learner_results\training_runs\run_0069\trials\trial_0099,best_subtree_winrate,multi_step,10,2,quality,8,2,0.011038613081751959,0.9151730589215097,True,0.7480236280387035,0.17764340376450688,3,1.0,4.0,3.0,1,1,2
sce2_etg_run_0069,sce-2,MarineMicro_MvsM_4_dist,100,TrialState.COMPLETE,66.32542102609678,69.44628099173553,1.0,12.99201942784899,1.797567801224755,0.9550608049693812,121.0,completed,etg_only,C:\Users\Binich\PycharmProjects\PredictionRTS\output\learner_results\training_runs\run_0069\trials\trial_0100,highest_transition_prob,multi_step,9,13,quality,7,1,0.0014823306160250968,0.957826178337254,False,,,1,2.0,,,1,0,2
sce2_etg_run_0069,sce-2,MarineMicro_MvsM_4_dist,101,TrialState.COMPLETE,65.86147652104117,69.10714285714286,0.9910714285714286,13.22292188834624,1.5351927983825513,0.9616201800404363,112.0,completed,etg_only,C:\Users\Binich\PycharmProjects\PredictionRTS\output\learner_results\training_runs\run_0069\trials\trial_0101,best_subtree_winrate,multi_step,8,2,quality,9,2,0.002743409941419277,0.5779116274357442,False,,,2,1.0,3.0,,1,0,2
sce2_etg_run_0069,sce-2,MarineMicro_MvsM_4_dist,102,TrialState.COMPLETE,63.06342167074628,66.31304347826087,1.0,14.006436543613923,1.960170510695919,0.950995737232602,115.0,completed,etg_only,C:\Users\Binich\PycharmProjects\PredictionRTS\output\learner_results\training_runs\run_0069\trials\trial_0102,best_subtree_winrate,multi_step,10,7,quality,9,2,0.039247093116003155,0.5695049141271384,False,,,2,2.0,4.0,,1,0,2
sce2_etg_run_0069,sce-2,MarineMicro_MvsM_4_dist,103,TrialState.COMPLETE,63.14288080257039,68.89565217391305,0.991304347826087,13.257564805599452,3.0184119246876997,0.9245397018828075,115.0,completed,etg_only,C:\Users\Binich\PycharmProjects\PredictionRTS\output\learner_results\training_runs\run_0069\trials\trial_0103,best_subtree_winrate,multi_step,7,3,quality,9,2,0.0021773926419521917,0.5551280835000465,False,,,2,1.0,5.0,,1,0,2
sce2_etg_run_0069,sce-2,MarineMicro_MvsM_4_dist,104,TrialState.COMPLETE,70.23721844652111,71.5609756097561,1.0,7.808840457589593,0.7399324293474371,0.9815016892663141,123.0,completed,etg_only,C:\Users\Binich\PycharmProjects\PredictionRTS\output\learner_results\training_runs\run_0069\trials\trial_0104,best_subtree_winrate,multi_step,8,2,quality,10,2,0.00543652437191089,0.626374350058096,False,,,2,0.0,4.0,,1,0,2
sce2_etg_run_0069,sce-2,MarineMicro_MvsM_4_dist,105,TrialState.COMPLETE,65.84745198713439,71.05,1.0,10.5212879439734,2.9289503239215238,0.926776241901962,120.0,completed,etg_only,C:\Users\Binich\PycharmProjects\PredictionRTS\output\learner_results\training_runs\run_0069\trials\trial_0105,best_subtree_winrate,multi_step,9,2,quality,10,2,0.005911427137084063,0.6260910864685815,False,,,2,0.0,4.0,,1,0,2
sce2_etg_run_0069,sce-2,MarineMicro_MvsM_4_dist,106,TrialState.COMPLETE,64.4422797203906,68.92105263157895,1.0,11.423386858240397,2.599364194351389,0.9350158951412153,114.0,completed,etg_only,C:\Users\Binich\PycharmProjects\PredictionRTS\output\learner_results\training_runs\run_0069\trials\trial_0106,best_subtree_winrate,multi_step,8,3,quality,10,2,0.007573666700651242,0.5969768658452926,False,,,2,0.0,4.0,,1,0,2
sce2_etg_run_0069,sce-2,MarineMicro_MvsM_4_dist,107,TrialState.COMPLETE,65.66429597915132,69.21,1.0,11.417788752643833,2.049243762952568,0.9487689059261858,100.0,completed,etg_only,C:\Users\Binich\PycharmProjects\PredictionRTS\output\learner_results\training_runs\run_0069\trials\trial_0107,highest_transition_prob,multi_step,10,11,quality,10,2,0.00520273650809723,0.9735711455350478,False,,,2,0.0,3.0,,1,0,2
sce2_etg_run_0069,sce-2,MarineMicro_MvsM_4_dist,108,TrialState.COMPLETE,64.25619934300315,67.224,1.0,13.189610456719334,1.7659173253581235,0.955852066866047,125.0,completed,etg_only,C:\Users\Binich\PycharmProjects\PredictionRTS\output\learner_results\training_runs\run_0069\trials\trial_0108,best_subtree_winrate,multi_step,3,2,quality,10,2,0.003922396570909438,0.610653761710474,False,,,0,,,,1,0,2
sce2_etg_run_0069,sce-2,MarineMicro_MvsM_4_dist,109,TrialState.COMPLETE,64.45327881635717,66.59433962264151,1.0,16.922564093756534,1.2860317068487872,0.9678492073287803,106.0,completed,etg_only,C:\Users\Binich\PycharmProjects\PredictionRTS\output\learner_results\training_runs\run_0069\trials\trial_0109,best_subtree_winrate,multi_step,9,15,quality,9,2,0.002013251004083217,0.639074496172588,False,,,2,1.0,5.0,,1,0,2
sce2_etg_run_0069,sce-2,MarineMicro_MvsM_4_dist,110,TrialState.COMPLETE,39.936693134454536,41.970873786407765,1.0,13.143314820821107,1.9386593305684212,0.9515335167357895,103.0,completed,etg_only,C:\Users\Binich\PycharmProjects\PredictionRTS\output\learner_results\training_runs\run_0069\trials\trial_0110,highest_transition_prob,multi_step,7,9,win_rate,10,2,0.001731186789841211,0.6550566715788796,False,,,2,0.0,4.0,,1,0,2
sce2_etg_run_0069,sce-2,MarineMicro_MvsM_4_dist,111,TrialState.COMPLETE,63.70132112128503,69.93,1.0,10.612497349822991,3.5628078814328457,0.9109298029641788,100.0,completed,etg_only,C:\Users\Binich\PycharmProjects\PredictionRTS\output\learner_results\training_runs\run_0069\trials\trial_0111,best_subtree_winrate,multi_step,8,2,quality,9,2,0.0034655807120830776,0.5943140452406316,False,,,2,1.0,4.0,,1,0,2
sce2_etg_run_0069,sce-2,MarineMicro_MvsM_4_dist,112,TrialState.COMPLETE,68.06671684026375,72.55,0.9916666666666667,11.449781657306833,2.1564680593197325,0.9460882985170067,120.0,completed,etg_only,C:\Users\Binich\PycharmProjects\PredictionRTS\output\learner_results\training_runs\run_0069\trials\trial_0112,best_subtree_winrate,multi_step,8,2,quality,9,2,0.004741726634574964,0.53314811064477,False,,,2,0.0,4.0,,1,0,2
sce2_etg_run_0069,sce-2,MarineMicro_MvsM_4_dist,113,TrialState.COMPLETE,57.645874396490925,65.14285714285714,0.9915966386554622,17.223340482698273,4.303439360483982,0.8924140159879004,119.0,completed,etg_only,C:\Users\Binich\PycharmProjects\PredictionRTS\output\learner_results\training_runs\run_0069\trials\trial_0113,best_subtree_winrate,multi_step,8,3,quality,9,2,0.0027403668389611763,0.5112515489598979,False,,,2,1.0,3.0,,1,0,2
sce2_etg_run_0069,sce-2,MarineMicro_MvsM_4_dist,114,TrialState.COMPLETE,52.25180720201847,58.42718446601942,0.970873786407767,22.45712287451186,3.1545747686132306,0.9211356307846692,103.0,completed,etg_only,C:\Users\Binich\PycharmProjects\PredictionRTS\output\learner_results\training_runs\run_0069\trials\trial_0114,best_subtree_winrate,multi_step,8,2,quality,1,2,0.0024556925039259108,0.5707063161424589,False,,,2,1.0,4.0,,1,0,2
sce2_etg_run_0069,sce-2,MarineMicro_MvsM_4_dist,115,TrialState.COMPLETE,59.592569888574694,65.02564102564102,0.9829059829059829,16.444915322789033,2.704581483806559,0.932385462904836,117.0,completed,etg_only,C:\Users\Binich\PycharmProjects\PredictionRTS\output\learner_results\training_runs\run_0069\trials\trial_0115,best_subtree_winrate,multi_step,7,3,quality,8,2,0.0029918618600120205,0.6181190366875298,False,,,3,5.0,5.0,1.0,1,0,2
sce2_etg_run_0069,sce-2,MarineMicro_MvsM_4_dist,116,TrialState.COMPLETE,65.3079693381768,69.26732673267327,0.9900990099009901,12.964453373339092,1.909285579260054,0.9522678605184987,101.0,completed,etg_only,C:\Users\Binich\PycharmProjects\PredictionRTS\output\learner_results\training_runs\run_0069\trials\trial_0116,random_beam,multi_step,10,10,quality,10,2,0.0031664270447323726,0.990206912433427,False,,,2,1.0,6.0,,1,0,2
sce2_etg_run_0069,sce-2,MarineMicro_MvsM_4_dist,117,TrialState.COMPLETE,65.95281475309918,68.87394957983193,0.9915966386554622,15.392650555492652,1.3719048680779637,0.965702378298051,119.0,completed,etg_only,C:\Users\Binich\PycharmProjects\PredictionRTS\output\learner_results\training_runs\run_0069\trials\trial_0117,highest_transition_prob,multi_step,9,2,quality,9,2,0.0062050539340056795,0.5416305616944102,True,0.29473731940211406,0.3847292815976587,2,0.0,3.0,,1,1,2
sce2_etg_run_0069,sce-2,MarineMicro_MvsM_4_dist,118,TrialState.COMPLETE,62.95700565934923,69.216,1.0,11.94693868737929,3.6170794848883285,0.9095730128777918,125.0,completed,etg_only,C:\Users\Binich\PycharmProjects\PredictionRTS\output\learner_results\training_runs\run_0069\trials\trial_0118,best_subtree_winrate,multi_step,6,2,quality,8,2,0.005503305745053148,0.520788922573684,False,,,2,2.0,4.0,,1,0,2
sce2_etg_run_0069,sce-2,MarineMicro_MvsM_4_dist,119,TrialState.COMPLETE,64.8786565961992,69.1,1.0,10.82312339391915,2.4436141266574802,0.938909646833563,120.0,completed,etg_only,C:\Users\Binich\PycharmProjects\PredictionRTS\output\learner_results\training_runs\run_0069\trials\trial_0119,best_subtree_winrate,multi_step,10,3,future_reward,10,2,0.01390110229313285,0.6047146019530772,False,,,3,0.0,5.0,2.0,1,0,2
sce2_etg_run_0069,sce-2,MarineMicro_MvsM_4_dist,120,TrialState.COMPLETE,69.4620937565866,71.12903225806451,1.0,9.392831636958567,0.9374166629626336,0.9765645834259341,124.0,completed,etg_only,C:\Users\Binich\PycharmProjects\PredictionRTS\output\learner_results\training_runs\run_0069\trials\trial_0120,highest_transition_prob,multi_step,8,3,quality,6,3,0.0036495318891801203,0.5887125385511283,False,,,2,0.0,4.0,,1,0,2
sce2_etg_run_0069,sce-2,MarineMicro_MvsM_4_dist,121,TrialState.COMPLETE,68.93377148961746,72.0,1.0,8.701961728888175,1.7034602835458588,0.9574134929113536,116.0,completed,etg_only,C:\Users\Binich\PycharmProjects\PredictionRTS\output\learner_results\training_runs\run_0069\trials\trial_0121,highest_transition_prob,multi_step,8,3,quality,6,4,0.004339349398988651,0.5871787471306315,False,,,2,0.0,4.0,,1,0,2
sce2_etg_run_0069,sce-2,MarineMicro_MvsM_4_dist,122,TrialState.COMPLETE,69.93507595241698,71.74358974358974,1.0,8.362670254195583,1.0083207699176187,0.9747919807520595,117.0,completed,etg_only,C:\Users\Binich\PycharmProjects\PredictionRTS\output\learner_results\training_runs\run_0069\trials\trial_0122,highest_transition_prob,multi_step,8,3,quality,6,4,0.004095715348311873,0.585937824566299,False,,,2,0.0,4.0,,1,0,2
sce2_etg_run_0069,sce-2,MarineMicro_MvsM_4_dist,123,TrialState.COMPLETE,62.04073344584956,67.03636363636363,1.0,12.782038016989643,2.9808479574534728,0.9254788010636632,110.0,completed,etg_only,C:\Users\Binich\PycharmProjects\PredictionRTS\output\learner_results\training_runs\run_0069\trials\trial_0123,highest_transition_prob,multi_step,8,4,quality,6,5,0.0035724749509717063,0.7228293073567699,False,,,2,0.0,3.0,,1,0,2
sce2_etg_run_0069,sce-2,MarineMicro_MvsM_4_dist,124,TrialState.COMPLETE,64.39684167034959,70.35483870967742,0.9919354838709677,13.023052481723605,3.0897351657405157,0.9227566208564871,124.0,completed,etg_only,C:\Users\Binich\PycharmProjects\PredictionRTS\output\learner_results\training_runs\run_0069\trials\trial_0124,highest_transition_prob,multi_step,4,3,quality,5,4,0.004732112341646616,0.8276660336842694,False,,,2,0.0,4.0,,1,0,2
sce2_etg_run_0069,sce-2,MarineMicro_MvsM_4_dist,125,TrialState.COMPLETE,69.62701691484222,73.73170731707317,1.0,7.564436658675727,2.226825094164335,0.9443293726458917,123.0,completed,etg_only,C:\Users\Binich\PycharmProjects\PredictionRTS\output\learner_results\training_runs\run_0069\trials\trial_0125,highest_transition_prob,multi_step,8,2,quality,6,4,0.003960700888824993,0.564843200093434,False,,,2,0.0,4.0,,1,0,2
sce2_etg_run_0069,sce-2,MarineMicro_MvsM_4_dist,126,TrialState.COMPLETE,63.557655606537594,68.13934426229508,0.9918032786885246,14.809343292338655,2.3812490822318337,0.9404687729442042,122.0,completed,etg_only,C:\Users\Binich\PycharmProjects\PredictionRTS\output\learner_results\training_runs\run_0069\trials\trial_0126,highest_transition_prob,multi_step,8,2,quality,6,4,0.07362905185763254,0.5640546020674118,False,,,2,0.0,4.0,,1,0,2
sce2_etg_run_0069,sce-2,MarineMicro_MvsM_4_dist,127,TrialState.COMPLETE,71.4238671992667,73.66386554621849,1.0,8.338709279769287,1.2163349454130188,0.9695916263646746,119.0,completed,etg_only,C:\Users\Binich\PycharmProjects\PredictionRTS\output\learner_results\training_runs\run_0069\trials\trial_0127,highest_transition_prob,multi_step,8,3,quality,6,4,0.0031967438313313503,0.632232901941493,False,,,2,1.0,4.0,,1,0,2
sce2_etg_run_0069,sce-2,MarineMicro_MvsM_4_dist,128,TrialState.COMPLETE,60.12023048925714,67.71052631578948,0.9736842105263158,17.74365400975032,3.5240752401813844,0.9118981189954654,114.0,completed,etg_only,C:\Users\Binich\PycharmProjects\PredictionRTS\output\learner_results\training_runs\run_0069\trials\trial_0128,highest_transition_prob,multi_step,8,3,quality,6,4,0.004121426766122659,0.6041839664298629,False,,,2,0.0,5.0,,1,0,2
sce2_etg_run_0069,sce-2,MarineMicro_MvsM_4_dist,129,TrialState.COMPLETE,64.05767200018933,69.39823008849558,0.9823008849557522,16.902395401798547,2.412952488659243,0.9396761877835189,113.0,completed,etg_only,C:\Users\Binich\PycharmProjects\PredictionRTS\output\learner_results\training_runs\run_0069\trials\trial_0129,highest_transition_prob,multi_step,7,4,quality,6,4,0.003850900000324047,0.6710547230489402,False,,,2,1.0,4.0,,1,0,2
sce2_etg_run_0069,sce-2,MarineMicro_MvsM_4_dist,130,TrialState.COMPLETE,51.348557846855904,64.01785714285714,0.9732142857142857,19.37412769596587,7.033060298083988,0.8241734925479003,112.0,completed,etg_only,C:\Users\Binich\PycharmProjects\PredictionRTS\output\learner_results\training_runs\run_0069\trials\trial_0130,highest_transition_prob,multi_step,8,3,quality,6,4,0.0033028199897903133,0.6286162282480174,False,,,2,0.0,3.0,,1,0,2
sce2_etg_run_0069,sce-2,MarineMicro_MvsM_4_dist,131,TrialState.COMPLETE,68.4658433955277,69.88235294117646,1.0,9.948756495572985,0.8107967096306083,0.9797300822592347,119.0,completed,etg_only,C:\Users\Binich\PycharmProjects\PredictionRTS\output\learner_results\training_runs\run_0069\trials\trial_0131,highest_transition_prob,multi_step,8,2,quality,7,4,0.002636716439206379,0.5800425159472523,False,,,2,1.0,4.0,,1,0,2
sce2_etg_run_0069,sce-2,MarineMicro_MvsM_4_dist,132,TrialState.COMPLETE,69.09819791189248,71.58620689655173,1.0,7.906859707870909,1.3902169663799226,0.9652445758405019,116.0,completed,etg_only,C:\Users\Binich\PycharmProjects\PredictionRTS\output\learner_results\training_runs\run_0069\trials\trial_0132,highest_transition_prob,multi_step,8,13,quality,6,4,0.0030486958115487454,0.5919938697327669,False,,,2,1.0,4.0,,1,0,2
sce2_etg_run_0069,sce-2,MarineMicro_MvsM_4_dist,133,TrialState.COMPLETE,67.74900986481549,71.87394957983193,1.0,9.313002225450145,2.295652173913043,0.942608695652174,119.0,completed,etg_only,C:\Users\Binich\PycharmProjects\PredictionRTS\output\learner_results\training_runs\run_0069\trials\trial_0133,highest_transition_prob,multi_step,8,14,quality,7,4,0.009628690940777156,0.6153990846608347,False,,,2,1.0,4.0,,1,0,2
sce2_etg_run_0069,sce-2,MarineMicro_MvsM_4_dist,134,TrialState.COMPLETE,65.78460531858259,68.3305785123967,1.0,11.593235723531048,1.490385856078888,0.9627403535980278,121.0,completed,etg_only,C:\Users\Binich\PycharmProjects\PredictionRTS\output\learner_results\training_runs\run_0069\trials\trial_0134,highest_transition_prob,multi_step,7,2,quality,6,4,0.003734042832915011,0.550383587411984,False,,,3,0.0,5.0,0.0,1,0,2
sce2_etg_run_0069,sce-2,MarineMicro_MvsM_4_dist,135,TrialState.COMPLETE,68.77163839891703,72.49565217391304,1.0,8.51226625221405,2.0547515131320204,0.9486312121716995,115.0,completed,etg_only,C:\Users\Binich\PycharmProjects\PredictionRTS\output\learner_results\training_runs\run_0069\trials\trial_0135,highest_transition_prob,multi_step,9,3,quality,5,3,0.012801737282654282,0.6399295357983615,False,,,3,1.0,4.0,5.0,1,0,2
sce2_etg_run_0069,sce-2,MarineMicro_MvsM_4_dist,136,TrialState.COMPLETE,70.35118032571772,71.85,1.0,8.501617493159758,0.8344159634139319,0.9791396009146517,120.0,completed,etg_only,C:\Users\Binich\PycharmProjects\PredictionRTS\output\learner_results\training_runs\run_0069\trials\trial_0136,highest_transition_prob,multi_step,8,2,quality,6,4,0.002339455490723798,0.5744282343758866,False,,,2,0.0,4.0,,1,0,2
sce2_etg_run_0069,sce-2,MarineMicro_MvsM_4_dist,137,TrialState.COMPLETE,67.95403764825357,71.76923076923077,1.0,9.283184517874208,2.126367012763282,0.9468408246809179,117.0,completed,etg_only,C:\Users\Binich\PycharmProjects\PredictionRTS\output\learner_results\training_runs\run_0069\trials\trial_0137,highest_transition_prob,multi_step,8,2,quality,6,4,0.0022698092377056722,0.5742485649670676,False,,,2,0.0,4.0,,1,0,2
sce2_etg_run_0069,sce-2,MarineMicro_MvsM_4_dist,138,TrialState.COMPLETE,33.80296101414943,36.411764705882355,0.9803921568627451,14.715173535501739,2.1232087893149574,0.9469197802671261,102.0,completed,etg_only,C:\Users\Binich\PycharmProjects\PredictionRTS\output\learner_results\training_runs\run_0069\trials\trial_0138,highest_transition_prob,multi_step,8,2,win_rate,5,4,0.0020668597631452166,0.5997235475841753,False,,,2,0.0,5.0,,1,0,2
sce2_etg_run_0069,sce-2,MarineMicro_MvsM_4_dist,139,TrialState.COMPLETE,62.22312203369327,67.62931034482759,1.0,15.26350739984311,3.197541588739736,0.9200614602815066,116.0,completed,etg_only,C:\Users\Binich\PycharmProjects\PredictionRTS\output\learner_results\training_runs\run_0069\trials\trial_0139,highest_transition_prob,multi_step,8,2,quality,6,5,0.003314734159944326,0.584147491171567,True,0.6289848029395233,0.6534571898162946,2,0.0,3.0,,1,1,2
sce2_etg_run_0069,sce-2,MarineMicro_MvsM_4_dist,140,TrialState.COMPLETE,63.70587164981163,69.44347826086957,0.9826086956521739,14.746077623999058,2.65543672361328,0.933614081909668,115.0,completed,etg_only,C:\Users\Binich\PycharmProjects\PredictionRTS\output\learner_results\training_runs\run_0069\trials\trial_0140,highest_transition_prob,multi_step,7,3,quality,7,4,0.0024070842230231515,0.5583582230624394,False,,,2,7.0,4.0,,1,0,2
sce2_etg_run_0069,sce-2,MarineMicro_MvsM_4_dist,141,TrialState.COMPLETE,65.44016237864454,69.27272727272727,1.0,11.545096630100032,2.2130295976330725,0.9446742600591732,121.0,completed,etg_only,C:\Users\Binich\PycharmProjects\PredictionRTS\output\learner_results\training_runs\run_0069\trials\trial_0141,highest_transition_prob,multi_step,8,5,quality,2,4,0.011174267804722532,0.9433587086427591,False,,,2,1.0,4.0,,1,0,2
sce2_etg_run_0069,sce-2,MarineMicro_MvsM_4_dist,142,TrialState.COMPLETE,67.70462396376104,71.47058823529412,1.0,8.063116074474546,2.1077001684300343,0.9473074957892491,102.0,completed,etg_only,C:\Users\Binich\PycharmProjects\PredictionRTS\output\learner_results\training_runs\run_0069\trials\trial_0142,highest_transition_prob,multi_step,8,8,quality,6,3,0.0028896241940797,0.9566868887060812,False,,,2,0.0,4.0,,1,0,2
sce2_etg_run_0069,sce-2,MarineMicro_MvsM_4_dist,143,TrialState.COMPLETE,58.401740105925775,64.44642857142857,0.9910714285714286,18.031143338735923,3.4251993695075127,0.9143700157623121,112.0,completed,etg_only,C:\Users\Binich\PycharmProjects\PredictionRTS\output\learner_results\training_runs\run_0069\trials\trial_0143,best_subtree_winrate,multi_step,9,2,quality,6,4,0.002562517547023272,0.6129648884375111,False,,,1,1.0,,,1,0,2
sce2_etg_run_0069,sce-2,MarineMicro_MvsM_4_dist,144,TrialState.COMPLETE,70.64113636363636,72.54545454545455,1.0,7.655819371428108,1.05,0.97375,121.0,completed,etg_only,C:\Users\Binich\PycharmProjects\PredictionRTS\output\learner_results\training_runs\run_0069\trials\trial_0144,highest_transition_prob,multi_step,8,2,quality,6,4,0.0018535662528670418,0.5672169818429319,False,,,2,0.0,4.0,,1,0,2
sce2_etg_run_0069,sce-2,MarineMicro_MvsM_4_dist,145,TrialState.COMPLETE,68.34625723660035,71.46153846153847,0.9914529914529915,11.888037844277846,1.4139574414946978,0.9646510639626326,117.0,completed,etg_only,C:\Users\Binich\PycharmProjects\PredictionRTS\output\learner_results\training_runs\run_0069\trials\trial_0145,highest_transition_prob,multi_step,8,2,quality,5,4,0.001688140395862752,0.5758050361660663,False,,,2,0.0,4.0,,1,0,2
sce2_etg_run_0069,sce-2,MarineMicro_MvsM_4_dist,146,TrialState.COMPLETE,61.10873159733529,66.34821428571429,0.9910714285714286,15.327210759572903,2.826875523550654,0.9293281119112337,112.0,completed,etg_only,C:\Users\Binich\PycharmProjects\PredictionRTS\output\learner_results\training_runs\run_0069\trials\trial_0146,highest_transition_prob,multi_step,8,3,future_reward,6,4,0.0018838523278474713,0.559604179714639,False,,,2,0.0,3.0,,1,0,2
sce2_etg_run_0069,sce-2,MarineMicro_MvsM_4_dist,147,TrialState.COMPLETE,63.301264013401166,67.83870967741936,0.9919354838709677,12.879332717120613,2.371979809329442,0.9407005047667639,124.0,completed,etg_only,C:\Users\Binich\PycharmProjects\PredictionRTS\output\learner_results\training_runs\run_0069\trials\trial_0147,highest_transition_prob,multi_step,8,2,quality,6,4,0.004327310844875204,0.592011946460734,False,,,2,0.0,0.0,,1,0,2
sce2_etg_run_0069,sce-2,MarineMicro_MvsM_4_dist,148,TrialState.COMPLETE,67.53985427270224,70.77966101694915,1.0,8.305741931798318,1.8309252673426002,0.954226868316435,118.0,completed,etg_only,C:\Users\Binich\PycharmProjects\PredictionRTS\output\learner_results\training_runs\run_0069\trials\trial_0148,highest_transition_prob,multi_step,8,3,quality,7,4,0.0036830343719003065,0.5390327450592912,False,,,2,0.0,4.0,,1,0,2
sce2_etg_run_0069,sce-2,MarineMicro_MvsM_4_dist,149,TrialState.COMPLETE,66.67212017286404,69.36521739130434,1.0,12.348089403193628,1.5529957634230105,0.9611751059144247,115.0,completed,etg_only,C:\Users\Binich\PycharmProjects\PredictionRTS\output\learner_results\training_runs\run_0069\trials\trial_0149,random_beam,multi_step,8,2,quality,6,4,0.0013093471901434491,0.5702697635316984,False,,,2,0.0,5.0,,1,0,2
sce2_etg_run_0069,sce-2,MarineMicro_MvsM_4_dist,150,TrialState.COMPLETE,60.39982960087319,68.325,0.9833333333333333,14.35337503864509,4.04036266297155,0.8989909334257112,120.0,completed,etg_only,C:\Users\Binich\PycharmProjects\PredictionRTS\output\learner_results\training_runs\run_0069\trials\trial_0150,highest_transition_prob,multi_step,7,4,quality,5,4,0.001969885272214124,0.6290450111636008,False,,,2,1.0,4.0,,1,0,2
sce2_etg_run_0069,sce-2,MarineMicro_MvsM_4_dist,151,TrialState.COMPLETE,66.0338088143946,70.26724137931035,1.0,10.796198052555905,2.409903950583859,0.9397524012354035,116.0,completed,etg_only,C:\Users\Binich\PycharmProjects\PredictionRTS\output\learner_results\training_runs\run_0069\trials\trial_0151,best_subtree_winrate,multi_step,10,12,quality,6,2,0.001537264130823683,0.9675914971477136,False,,,2,1.0,4.0,,1,0,2
sce2_etg_run_0069,sce-2,MarineMicro_MvsM_4_dist,152,TrialState.COMPLETE,64.61583031962884,68.00826446280992,1.0,14.653291096648466,1.9953069939234915,0.9501173251519127,121.0,completed,etg_only,C:\Users\Binich\PycharmProjects\PredictionRTS\output\learner_results\training_runs\run_0069\trials\trial_0152,best_subtree_winrate,multi_step,8,2,quality,7,2,0.002313738973305899,0.549661266335921,False,,,3,1.0,4.0,3.0,1,0,2
sce2_etg_run_0069,sce-2,MarineMicro_MvsM_4_dist,153,TrialState.COMPLETE,68.6034848932609,71.1639344262295,1.0,9.77229326554577,1.4391837964624254,0.9640204050884393,122.0,completed,etg_only,C:\Users\Binich\PycharmProjects\PredictionRTS\output\learner_results\training_runs\run_0069\trials\trial_0153,best_subtree_winrate,multi_step,9,2,quality,6,3,0.010634598458798425,0.5990995663302355,False,,,2,0.0,4.0,,1,0,2
sce2_etg_run_0069,sce-2,MarineMicro_MvsM_4_dist,154,TrialState.COMPLETE,62.39674740721873,64.52678571428571,1.0,14.87625134078077,1.3204056476629347,0.9669898588084266,112.0,completed,etg_only,C:\Users\Binich\PycharmProjects\PredictionRTS\output\learner_results\training_runs\run_0069\trials\trial_0154,highest_transition_prob,multi_step,10,14,quality,9,2,0.008495271306659507,0.588519316831868,False,,,2,2.0,3.0,,1,0,2
sce2_etg_run_0069,sce-2,MarineMicro_MvsM_4_dist,155,TrialState.COMPLETE,66.5122826204974,70.89473684210526,0.9912280701754386,13.517609321653484,2.1405537954556797,0.946486155113608,114.0,completed,etg_only,C:\Users\Binich\PycharmProjects\PredictionRTS\output\learner_results\training_runs\run_0069\trials\trial_0155,best_subtree_winrate,multi_step,8,2,quality,9,2,0.003095871656295088,0.992849636107371,False,,,3,1.0,4.0,1.0,1,0,2
sce2_etg_run_0069,sce-2,MarineMicro_MvsM_4_dist,156,TrialState.COMPLETE,63.48929755270365,69.48717948717949,0.9914529914529915,14.596929418715561,3.137591966791353,0.9215602008302162,117.0,completed,etg_only,C:\Users\Binich\PycharmProjects\PredictionRTS\output\learner_results\training_runs\run_0069\trials\trial_0156,highest_transition_prob,multi_step,8,3,quality,6,4,0.01594164909748521,0.5661812247757334,False,,,2,1.0,5.0,,1,0,2
sce2_etg_run_0069,sce-2,MarineMicro_MvsM_4_dist,157,TrialState.COMPLETE,68.84205283955956,71.2566371681416,1.0,10.140411366096682,1.3554298516133632,0.966114253709666,113.0,completed,etg_only,C:\Users\Binich\PycharmProjects\PredictionRTS\output\learner_results\training_runs\run_0069\trials\trial_0157,best_subtree_winrate,multi_step,9,2,quality,9,2,0.0018068377910064335,0.9764490224137363,False,,,3,0.0,4.0,2.0,1,0,2
sce2_etg_run_0069,sce-2,MarineMicro_MvsM_4_dist,158,TrialState.COMPLETE,64.82419328432039,69.8256880733945,1.0,10.564649411462053,2.865131688393526,0.9283717077901619,109.0,completed,etg_only,C:\Users\Binich\PycharmProjects\PredictionRTS\output\learner_results\training_runs\run_0069\trials\trial_0158,highest_transition_prob,multi_step,10,7,quality,6,2,0.0026240385724120327,0.6864774464192032,False,,,2,0.0,4.0,,1,0,2
sce2_etg_run_0069,sce-2,MarineMicro_MvsM_4_dist,159,TrialState.COMPLETE,66.94913065531962,70.11818181818182,1.0,9.442391663692971,1.807834191182896,0.9548041452204276,110.0,completed,etg_only,C:\Users\Binich\PycharmProjects\PredictionRTS\output\learner_results\training_runs\run_0069\trials\trial_0159,best_subtree_winrate,multi_step,10,3,quality,9,2,0.004039855836758017,0.9328631985417035,False,,,2,2.0,4.0,,1,0,2
sce2_etg_run_0069,sce-2,MarineMicro_MvsM_4_dist,160,TrialState.COMPLETE,65.55145468507224,68.09243697478992,1.0,14.090339736609854,1.4926663827046955,0.9626833404323826,119.0,completed,etg_only,C:\Users\Binich\PycharmProjects\PredictionRTS\output\learner_results\training_runs\run_0069\trials\trial_0160,highest_transition_prob,multi_step,8,2,quality,7,5,0.004702404482451065,0.6177965459169166,False,,,2,1.0,5.0,,1,0,2
sce2_etg_run_0069,sce-2,MarineMicro_MvsM_4_dist,161,TrialState.COMPLETE,70.41016638696689,72.35036496350365,1.0,8.812392767583574,1.0726683009908584,0.9731832924752285,137.0,completed,etg_only,C:\Users\Binich\PycharmProjects\PredictionRTS\output\learner_results\training_runs\run_0069\trials\trial_0161,highest_transition_prob,multi_step,8,13,quality,6,4,0.0029512023955462537,0.5920750159977376,False,,,2,1.0,4.0,,1,0,2
sce2_etg_run_0069,sce-2,MarineMicro_MvsM_4_dist,162,TrialState.COMPLETE,67.16171384392867,69.60550458715596,1.0,10.864484981797515,1.4043663688507975,0.9648908407787301,109.0,completed,etg_only,C:\Users\Binich\PycharmProjects\PredictionRTS\output\learner_results\training_runs\run_0069\trials\trial_0162,highest_transition_prob,multi_step,8,13,quality,6,4,0.0029425980844826364,0.5842457301716294,False,,,2,1.0,4.0,,1,0,2
sce2_etg_run_0069,sce-2,MarineMicro_MvsM_4_dist,163,TrialState.COMPLETE,69.53249398448398,72.61016949152543,1.0,7.477688732812562,1.6954514931414166,0.9576137126714646,118.0,completed,etg_only,C:\Users\Binich\PycharmProjects\PredictionRTS\output\learner_results\training_runs\run_0069\trials\trial_0163,highest_transition_prob,multi_step,8,14,quality,6,4,0.01207883934929841,0.6504141305831542,False,,,2,0.0,4.0,,1,0,2
sce2_etg_run_0069,sce-2,MarineMicro_MvsM_4_dist,164,TrialState.COMPLETE,69.19367192000094,72.65789473684211,1.0,8.5571647905178,1.907141862223318,0.9523214534444171,114.0,completed,etg_only,C:\Users\Binich\PycharmProjects\PredictionRTS\output\learner_results\training_runs\run_0069\trials\trial_0164,highest_transition_prob,multi_step,8,15,quality,6,4,0.0034563679901520998,0.6464921760948891,False,,,2,0.0,4.0,,1,0,2
sce2_etg_run_0069,sce-2,MarineMicro_MvsM_4_dist,165,TrialState.COMPLETE,65.6449784688069,69.35135135135135,1.0,11.95761934232779,2.137736502792592,0.9465565874301852,111.0,completed,etg_only,C:\Users\Binich\PycharmProjects\PredictionRTS\output\learner_results\training_runs\run_0069\trials\trial_0165,highest_transition_prob,multi_step,8,14,quality,5,4,0.0028265123730939487,0.604256156523532,False,,,2,0.0,4.0,,1,0,2
sce2_etg_run_0069,sce-2,MarineMicro_MvsM_4_dist,166,TrialState.COMPLETE,62.51475831411782,66.21621621621621,0.990990990990991,15.247747082385176,1.8926734848115891,0.9526831628797102,111.0,completed,etg_only,C:\Users\Binich\PycharmProjects\PredictionRTS\output\learner_results\training_runs\run_0069\trials\trial_0166,highest_transition_prob,multi_step,8,13,quality,6,4,0.003169836477737765,0.6088050405296147,False,,,2,0.0,3.0,,1,0,2
sce2_etg_run_0069,sce-2,MarineMicro_MvsM_4_dist,167,TrialState.COMPLETE,70.56447369487451,71.73214285714286,1.0,8.751512259988825,0.6511274392534516,0.9837218140186637,112.0,completed,etg_only,C:\Users\Binich\PycharmProjects\PredictionRTS\output\learner_results\training_runs\run_0069\trials\trial_0167,highest_transition_prob,multi_step,8,10,quality,6,4,0.0021598688219491868,0.6334795447238961,True,0.8773316680663474,0.12656408708563172,2,0.0,4.0,,1,1,2
sce2_etg_run_0069,sce-2,MarineMicro_MvsM_4_dist,168,TrialState.COMPLETE,68.3501264647764,72.02608695652174,1.0,10.582562252050565,2.0414606135492694,0.9489634846612682,115.0,completed,etg_only,C:\Users\Binich\PycharmProjects\PredictionRTS\output\learner_results\training_runs\run_0069\trials\trial_0168,highest_transition_prob,multi_step,8,11,quality,6,4,0.002344196849771936,0.6609836431204511,True,0.8769279249702738,0.12042986294225405,2,0.0,4.0,,1,1,2
sce2_etg_run_0069,sce-2,MarineMicro_MvsM_4_dist,169,TrialState.COMPLETE,68.71223025036389,70.86206896551724,1.0,12.27900967008343,1.2135342625683117,0.9696616434357922,116.0,completed,etg_only,C:\Users\Binich\PycharmProjects\PredictionRTS\output\learner_results\training_runs\run_0069\trials\trial_0169,highest_transition_prob,multi_step,7,11,quality,6,4,0.00208403580903803,0.6239304824457735,True,0.6905383098366399,0.407996541485785,2,0.0,4.0,,1,1,2
sce2_etg_run_0069,sce-2,MarineMicro_MvsM_4_dist,170,TrialState.COMPLETE,64.9417244221424,70.33636363636364,1.0,9.43135705334967,3.0679090787868035,0.92330227303033,110.0,completed,etg_only,C:\Users\Binich\PycharmProjects\PredictionRTS\output\learner_results\training_runs\run_0069\trials\trial_0170,highest_transition_prob,multi_step,8,10,quality,6,4,0.0026394502215617657,0.5781857835701038,True,0.8657874721355467,0.09683292490479023,2,1.0,4.0,,1,1,2
sce2_etg_run_0069,sce-2,MarineMicro_MvsM_4_dist,171,TrialState.COMPLETE,70.15086460831986,70.9304347826087,1.0,8.338200972820095,0.4396252055570267,0.9890093698610744,115.0,completed,etg_only,C:\Users\Binich\PycharmProjects\PredictionRTS\output\learner_results\training_runs\run_0069\trials\trial_0171,highest_transition_prob,multi_step,8,12,quality,6,4,0.0035359638119293445,0.6423849931357303,True,0.3936559830320666,0.41265944466311805,2,0.0,4.0,,1,1,2
sce2_etg_run_0069,sce-2,MarineMicro_MvsM_4_dist,172,TrialState.COMPLETE,68.29626470475313,71.36842105263158,1.0,8.628048058303737,1.7218575401088663,0.9569535614972784,114.0,completed,etg_only,C:\Users\Binich\PycharmProjects\PredictionRTS\output\learner_results\training_runs\run_0069\trials\trial_0172,highest_transition_prob,multi_step,8,12,quality,6,4,0.0034940171019334594,0.6385860095737639,True,0.36654428737092537,0.4170351391138588,2,0.0,4.0,,1,1,2
sce2_etg_run_0069,sce-2,MarineMicro_MvsM_4_dist,173,TrialState.COMPLETE,31.66723686329691,36.27049180327869,0.9508196721311475,15.545826958502506,3.2702003917154676,0.9182449902071133,122.0,completed,etg_only,C:\Users\Binich\PycharmProjects\PredictionRTS\output\learner_results\training_runs\run_0069\trials\trial_0173,highest_transition_prob,multi_step,8,11,win_rate,6,4,0.01450778531150225,0.6544634555734643,True,0.5030982624259002,0.24209804671324406,2,0.0,4.0,,1,1,2
sce2_etg_run_0069,sce-2,MarineMicro_MvsM_4_dist,174,TrialState.COMPLETE,62.69000276547977,66.55263157894737,1.0,14.02384692402468,2.321548357639684,0.9419612910590079,114.0,completed,etg_only,C:\Users\Binich\PycharmProjects\PredictionRTS\output\learner_results\training_runs\run_0069\trials\trial_0174,highest_transition_prob,multi_step,8,10,quality,6,4,0.011650896822646584,0.6339107664222122,True,0.5269972564398306,0.3518073761373666,2,0.0,5.0,,1,1,2
sce2_etg_run_0069,sce-2,MarineMicro_MvsM_4_dist,175,TrialState.COMPLETE,67.99827782847481,70.59292035398231,1.0,9.093065692269136,1.470199851484753,0.9632450037128811,113.0,completed,etg_only,C:\Users\Binich\PycharmProjects\PredictionRTS\output\learner_results\training_runs\run_0069\trials\trial_0175,highest_transition_prob,multi_step,8,12,quality,5,4,0.0021461180229846474,0.6468070997656038,True,0.18795638761304775,0.5728492950694952,2,0.0,4.0,,1,1,2
sce2_etg_run_0069,sce-2,MarineMicro_MvsM_4_dist,176,TrialState.COMPLETE,67.3345406419159,71.15384615384616,1.0,9.255735467981701,2.147069044544582,0.9463232738863855,117.0,completed,etg_only,C:\Users\Binich\PycharmProjects\PredictionRTS\output\learner_results\training_runs\run_0069\trials\trial_0176,best_subtree_quality,multi_step,8,12,quality,6,4,0.010151355479431926,0.6224655806635808,True,0.41482498872957413,0.14982147021210118,2,1.0,4.0,,1,1,2
sce2_etg_run_0069,sce-2,MarineMicro_MvsM_4_dist,177,TrialState.COMPLETE,62.86048458820561,67.58035714285714,0.9910714285714286,16.475435390332493,2.458443286356458,0.9385389178410886,112.0,completed,etg_only,C:\Users\Binich\PycharmProjects\PredictionRTS\output\learner_results\training_runs\run_0069\trials\trial_0177,highest_transition_prob,multi_step,8,11,quality,7,4,0.002443377898003963,0.5892665079107143,True,0.20746011867508385,0.43489356745238006,2,0.0,3.0,,1,1,2
sce2_etg_run_0069,sce-2,MarineMicro_MvsM_4_dist,178,TrialState.COMPLETE,69.40406676940022,73.94871794871794,1.0,7.320321969760613,2.458271789090031,0.9385432052727493,117.0,completed,etg_only,C:\Users\Binich\PycharmProjects\PredictionRTS\output\learner_results\training_runs\run_0069\trials\trial_0178,highest_transition_prob,multi_step,8,13,quality,6,4,0.003930425778083974,0.5642643242704232,False,,,2,1.0,4.0,,1,0,2
sce2_etg_run_0069,sce-2,MarineMicro_MvsM_4_dist,179,TrialState.COMPLETE,66.60279497831125,69.26785714285714,0.9910714285714286,14.148436399511445,1.192493644087871,0.9701876588978032,112.0,completed,etg_only,C:\Users\Binich\PycharmProjects\PredictionRTS\output\learner_results\training_runs\run_0069\trials\trial_0179,random_beam,multi_step,7,12,quality,6,4,0.002703618602317658,0.5997681442676471,True,0.8956272753751813,0.5764738880936325,2,0.0,5.0,,1,1,2
sce2_etg_run_0069,sce-2,MarineMicro_MvsM_4_dist,180,TrialState.COMPLETE,65.60696194965172,68.25,1.0,12.825407261704067,1.5490332895814107,0.9612741677604647,112.0,completed,etg_only,C:\Users\Binich\PycharmProjects\PredictionRTS\output\learner_results\training_runs\run_0069\trials\trial_0180,highest_transition_prob,multi_step,8,10,quality,7,4,0.0016250923573240587,0.6137133949251375,False,,,2,0.0,3.0,,1,0,2
sce2_etg_run_0069,sce-2,MarineMicro_MvsM_4_dist,181,TrialState.COMPLETE,68.75411422996333,71.33035714285714,1.0,8.576742214576939,1.444682469616258,0.9638829382595936,112.0,completed,etg_only,C:\Users\Binich\PycharmProjects\PredictionRTS\output\learner_results\training_runs\run_0069\trials\trial_0181,highest_transition_prob,multi_step,8,13,quality,6,4,0.004020556924361377,0.5644954752361647,False,,,2,1.0,4.0,,1,0,2
sce2_etg_run_0069,sce-2,MarineMicro_MvsM_4_dist,182,TrialState.COMPLETE,69.01636133154776,70.71428571428571,1.0,10.174397640496403,0.960442075084094,0.9759889481228976,105.0,completed,etg_only,C:\Users\Binich\PycharmProjects\PredictionRTS\output\learner_results\training_runs\run_0069\trials\trial_0182,highest_transition_prob,multi_step,8,13,future_reward,6,4,0.0014007427580450154,0.5748704416512951,False,,,2,1.0,4.0,,1,0,2
sce2_etg_run_0069,sce-2,MarineMicro_MvsM_4_dist,183,TrialState.COMPLETE,67.25246448296625,70.34210526315789,1.0,8.39259170744455,1.7569225536443316,0.9560769361588917,114.0,completed,etg_only,C:\Users\Binich\PycharmProjects\PredictionRTS\output\learner_results\training_runs\run_0069\trials\trial_0183,highest_transition_prob,multi_step,8,14,quality,6,4,0.0032294417448078695,0.5492133558989103,False,,,2,1.0,4.0,,1,0,2
sce2_etg_run_0069,sce-2,MarineMicro_MvsM_4_dist,184,TrialState.COMPLETE,68.55034993704037,70.90178571428571,1.0,9.176795096317445,1.3265876189471233,0.9668353095263219,112.0,completed,etg_only,C:\Users\Binich\PycharmProjects\PredictionRTS\output\learner_results\training_runs\run_0069\trials\trial_0184,highest_transition_prob,multi_step,8,13,quality,6,4,0.0037243066760788614,0.5581880462069986,False,,,2,1.0,4.0,,1,0,2
sce2_etg_run_0069,sce-2,MarineMicro_MvsM_4_dist,185,TrialState.COMPLETE,69.88450812631295,72.35779816513761,1.0,8.531133415540875,1.3672555558863286,0.9658186111028417,109.0,completed,etg_only,C:\Users\Binich\PycharmProjects\PredictionRTS\output\learner_results\training_runs\run_0069\trials\trial_0185,highest_transition_prob,multi_step,8,12,quality,6,4,0.002925191722743826,0.5820049213201715,False,,,2,6.0,4.0,,1,0,2
sce2_etg_run_0069,sce-2,MarineMicro_MvsM_4_dist,186,TrialState.COMPLETE,69.22488098669609,72.13235294117646,1.0,8.468634885069081,1.612298413085959,0.9596925396728511,136.0,completed,etg_only,C:\Users\Binich\PycharmProjects\PredictionRTS\output\learner_results\training_runs\run_0069\trials\trial_0186,highest_transition_prob,multi_step,8,12,quality,6,4,0.002906866517421494,0.5819970839387136,False,,,2,6.0,4.0,,1,0,2
sce2_etg_run_0069,sce-2,MarineMicro_MvsM_4_dist,187,TrialState.COMPLETE,64.52845957509578,69.98076923076923,0.9903846153846154,11.689065213357747,2.758369083353421,0.9310407729161645,104.0,completed,etg_only,C:\Users\Binich\PycharmProjects\PredictionRTS\output\learner_results\training_runs\run_0069\trials\trial_0187,highest_transition_prob,multi_step,8,11,quality,5,4,0.0018363417227392923,0.6699201336421581,False,,,2,8.0,4.0,,1,0,2
sce2_etg_run_0069,sce-2,MarineMicro_MvsM_4_dist,188,TrialState.COMPLETE,68.75829956533497,71.70588235294117,1.0,8.009293909411468,1.644262752725368,0.9588934311818658,102.0,completed,etg_only,C:\Users\Binich\PycharmProjects\PredictionRTS\output\learner_results\training_runs\run_0069\trials\trial_0188,highest_transition_prob,multi_step,8,12,quality,6,4,0.003095589886188275,0.5952837879484828,False,,,2,0.0,4.0,,1,0,2
sce2_etg_run_0069,sce-2,MarineMicro_MvsM_4_dist,189,TrialState.COMPLETE,63.364755739963165,67.33018867924528,0.9905660377358491,12.32861504877997,1.997296690260623,0.9500675827434845,106.0,completed,etg_only,C:\Users\Binich\PycharmProjects\PredictionRTS\output\learner_results\training_runs\run_0069\trials\trial_0189,best_subtree_winrate,multi_step,8,9,quality,6,4,0.0022238829302137324,0.6310124409915001,False,,,2,7.0,5.0,,1,0,2
sce2_etg_run_0069,sce-2,MarineMicro_MvsM_4_dist,190,TrialState.COMPLETE,54.6759701769195,64.21100917431193,0.963302752293578,19.620282238753763,4.642284861266952,0.8839428784683262,109.0,completed,etg_only,C:\Users\Binich\PycharmProjects\PredictionRTS\output\learner_results\training_runs\run_0069\trials\trial_0190,highest_transition_prob,multi_step,7,2,quality,3,4,0.002506301627046298,0.5748473707213525,False,,,2,6.0,4.0,,1,0,2
sce2_etg_run_0069,sce-2,MarineMicro_MvsM_4_dist,191,TrialState.COMPLETE,69.48268664132986,70.46017699115045,1.0,8.495741148822106,0.5549179077102507,0.9861270523072437,113.0,completed,etg_only,C:\Users\Binich\PycharmProjects\PredictionRTS\output\learner_results\training_runs\run_0069\trials\trial_0191,highest_transition_prob,multi_step,8,11,quality,6,4,0.0035338396004793637,0.5667380265019376,False,,,2,5.0,4.0,,1,0,2
sce2_etg_run_0069,sce-2,MarineMicro_MvsM_4_dist,192,TrialState.COMPLETE,68.06146190066347,71.68141592920354,1.0,9.200101468010729,2.0200237295063115,0.9494994067623422,113.0,completed,etg_only,C:\Users\Binich\PycharmProjects\PredictionRTS\output\learner_results\training_runs\run_0069\trials\trial_0192,highest_transition_prob,multi_step,8,11,quality,6,4,0.003437702203338489,0.5861389418931586,False,,,2,5.0,4.0,,1,0,2
sce2_etg_run_0069,sce-2,MarineMicro_MvsM_4_dist,193,TrialState.COMPLETE,65.0359458388609,69.33644859813084,1.0,9.137520395398841,2.4809478109819905,0.9379763047254502,107.0,completed,etg_only,C:\Users\Binich\PycharmProjects\PredictionRTS\output\learner_results\training_runs\run_0069\trials\trial_0193,highest_transition_prob,multi_step,8,10,quality,6,4,0.002804042838670797,0.5666229267624393,False,,,2,5.0,4.0,,1,0,2
sce2_etg_run_0069,sce-2,MarineMicro_MvsM_4_dist,194,TrialState.COMPLETE,64.3807972969696,69.26086956521739,0.991304347826087,13.593532321769304,2.4922172992622094,0.9376945675184447,115.0,completed,etg_only,C:\Users\Binich\PycharmProjects\PredictionRTS\output\learner_results\training_runs\run_0069\trials\trial_0194,highest_transition_prob,multi_step,8,11,quality,6,4,0.0032631362834663444,0.6044666750515476,False,,,2,9.0,4.0,,1,0,2
sce2_etg_run_0069,sce-2,MarineMicro_MvsM_4_dist,195,TrialState.COMPLETE,68.88070372728171,73.00862068965517,1.0,7.778723955339014,2.2616052314810307,0.9434598692129742,116.0,completed,etg_only,C:\Users\Binich\PycharmProjects\PredictionRTS\output\learner_results\training_runs\run_0069\trials\trial_0195,highest_transition_prob,multi_step,8,11,quality,6,4,0.0043380117500396624,0.5931361696453167,False,,,2,6.0,4.0,,1,0,2
sce2_etg_run_0069,sce-2,MarineMicro_MvsM_4_dist,196,TrialState.COMPLETE,62.496220329780044,67.08620689655173,1.0,13.568198725212165,2.736769168571144,0.9315807707857214,116.0,completed,etg_only,C:\Users\Binich\PycharmProjects\PredictionRTS\output\learner_results\training_runs\run_0069\trials\trial_0196,best_subtree_winrate,multi_step,8,2,quality,7,4,0.0036277089591968846,0.5783058936404459,False,,,2,3.0,4.0,,1,0,2
sce2_etg_run_0069,sce-2,MarineMicro_MvsM_4_dist,197,TrialState.COMPLETE,58.54085623657135,65.33333333333333,0.9743589743589743,18.7744143045431,3.2154662745496827,0.9196133431362579,117.0,completed,etg_only,C:\Users\Binich\PycharmProjects\PredictionRTS\output\learner_results\training_runs\run_0069\trials\trial_0197,highest_transition_prob,multi_step,8,12,quality,6,4,0.012039754219508644,0.5534663515670878,False,,,2,0.0,3.0,,1,0,2
sce2_etg_run_0069,sce-2,MarineMicro_MvsM_4_dist,198,TrialState.COMPLETE,68.15586494546453,72.13513513513513,1.0,8.46027972881787,2.206564211582049,0.9448358947104488,111.0,completed,etg_only,C:\Users\Binich\PycharmProjects\PredictionRTS\output\learner_results\training_runs\run_0069\trials\trial_0198,best_subtree_winrate,multi_step,9,10,quality,5,4,0.0020010048719860335,0.6197339012926875,True,0.6815891022209046,0.29821172656743533,2,7.0,4.0,,1,1,2
sce2_etg_run_0069,sce-2,MarineMicro_MvsM_4_dist,199,TrialState.COMPLETE,60.21430627850129,66.90517241379311,0.9741379310344828,18.826786881478697,3.044461915499289,0.9238884521125178,116.0,completed,etg_only,C:\Users\Binich\PycharmProjects\PredictionRTS\output\learner_results\training_runs\run_0069\trials\trial_0199,highest_transition_prob,multi_step,8,2,quality,6,4,0.0029433639264888397,0.7372769968721599,False,,,2,0.0,3.0,,1,0,2
sce2m_etg_run_0072,sce-2m,MarineMicro_MvsM_4_dist_mirror,0,TrialState.COMPLETE,43.25238620058057,45.845454545454544,0.9818181818181818,17.600716082352164,1.5635994868556433,0.9609100128286089,110.0,completed,etg_only,C:\Users\Binich\PycharmProjects\PredictionRTS\output\learner_results\training_runs\run_0072\trials\trial_0000,best_subtree_quality,multi_step,3,4,future_reward,8,1,0.08706020878304858,0.9162213204002109,True,0.18340450985343382,0.3042422429595377,2,4.0,3.0,,1,1,3
sce2m_etg_run_0072,sce-2m,MarineMicro_MvsM_4_dist_mirror,1,TrialState.COMPLETE,7.378749767921052,12.352941176470589,0.6470588235294118,30.735955523421037,3.0743085207067726,0.9231422869823307,102.0,completed,etg_only,C:\Users\Binich\PycharmProjects\PredictionRTS\output\learner_results\training_runs\run_0072\trials\trial_0001,highest_transition_prob,multi_step,6,12,win_rate,1,4,0.002193048555664369,0.5325257964926398,False,,,3,3.0,1.0,7.0,1,0,3
sce2m_etg_run_0072,sce-2m,MarineMicro_MvsM_4_dist_mirror,2,TrialState.COMPLETE,38.63593748681934,45.65094339622642,0.9716981132075472,20.4427606104008,5.160627057110646,0.8709843235722339,106.0,completed,etg_only,C:\Users\Binich\PycharmProjects\PredictionRTS\output\learner_results\training_runs\run_0072\trials\trial_0002,best_subtree_winrate,multi_step,10,5,quality,6,1,0.08692991511139551,0.8875664116805573,True,0.5978999788110851,0.9218742350231168,0,,,,1,1,3
sce2m_etg_run_0072,sce-2m,MarineMicro_MvsM_4_dist_mirror,3,TrialState.COMPLETE,20.352008242908273,27.942857142857143,0.8380952380952381,29.383127186623724,5.238134275567993,0.8690466431108002,105.0,completed,etg_only,C:\Users\Binich\PycharmProjects\PredictionRTS\output\learner_results\training_runs\run_0072\trials\trial_0003,random_beam,multi_step,4,13,win_rate,2,5,0.0014096175149815868,0.9934434683002586,True,0.005522117123602399,0.8154614284548342,2,8.0,8.0,,1,1,3
sce2m_etg_run_0072,sce-2m,MarineMicro_MvsM_4_dist_mirror,4,TrialState.COMPLETE,-4.225144175317186,-14.176470588235293,0.37254901960784315,31.596230776913224,13.6009277563434,0.8,102.0,completed,etg_only,C:\Users\Binich\PycharmProjects\PredictionRTS\output\learner_results\training_runs\run_0072\trials\trial_0004,random_beam,multi_step,7,6,win_rate,8,4,0.059487468132197734,0.7361074625809747,False,,,3,6.0,8.0,5.0,1,0,3
sce2m_etg_run_0072,sce-2m,MarineMicro_MvsM_4_dist_mirror,5,TrialState.COMPLETE,48.29242538434474,49.833333333333336,1.0,7.232257984582378,1.2368491898236196,0.9690787702544095,108.0,completed,etg_only,C:\Users\Binich\PycharmProjects\PredictionRTS\output\learner_results\training_runs\run_0072\trials\trial_0005,highest_transition_prob,multi_step,2,10,win_rate,3,3,0.03244160088734161,0.6143990827458112,False,,,0,,,,1,0,3
sce2m_etg_run_0072,sce-2m,MarineMicro_MvsM_4_dist_mirror,6,TrialState.COMPLETE,39.70759833271114,44.46341463414634,0.991869918699187,18.282468693013133,3.9856085911598935,0.9003597852210027,123.0,completed,etg_only,C:\Users\Binich\PycharmProjects\PredictionRTS\output\learner_results\training_runs\run_0072\trials\trial_0006,highest_transition_prob,multi_step,9,4,quality,9,2,0.0016599837974449212,0.6139675812709708,False,,,3,0.0,5.0,4.0,1,0,3
sce2m_etg_run_0072,sce-2m,MarineMicro_MvsM_4_dist_mirror,7,TrialState.COMPLETE,34.44881030508674,39.38532110091743,0.981651376146789,18.390717770828086,4.359601678478063,0.8910099580380484,109.0,completed,etg_only,C:\Users\Binich\PycharmProjects\PredictionRTS\output\learner_results\training_runs\run_0072\trials\trial_0007,random_beam,multi_step,4,9,win_rate,10,2,0.009874088417386247,0.6504391549083848,True,0.6095643339798968,0.5026790232288615,0,,,,1,1,3
sce2m_etg_run_0072,sce-2m,MarineMicro_MvsM_4_dist_mirror,8,TrialState.COMPLETE,34.570603683156975,36.05825242718446,1.0,7.719380782448543,1.6502727047370078,0.9587431823815749,103.0,completed,etg_only,C:\Users\Binich\PycharmProjects\PredictionRTS\output\learner_results\training_runs\run_0072\trials\trial_0008,best_subtree_quality,multi_step,6,15,win_rate,3,4,0.005439591236568527,0.8161529152967897,True,0.0902897700544083,0.835302495589238,1,2.0,,,1,1,3
sce2m_etg_run_0072,sce-2m,MarineMicro_MvsM_4_dist_mirror,9,TrialState.COMPLETE,18.42035693670452,25.35135135135135,0.8108108108108109,27.48288530450062,4.1542734238116745,0.8961431644047081,111.0,completed,etg_only,C:\Users\Binich\PycharmProjects\PredictionRTS\output\learner_results\training_runs\run_0072\trials\trial_0009,best_subtree_winrate,multi_step,6,5,win_rate,4,5,0.0018838307787619744,0.6705331755251293,False,,,3,2.0,7.0,8.0,1,0,3
sce2m_etg_run_0072,sce-2m,MarineMicro_MvsM_4_dist_mirror,10,TrialState.COMPLETE,38.433318548164294,45.45762711864407,0.9745762711864406,19.81766207105809,5.2987369928580454,0.8675315751785488,118.0,completed,etg_only,C:\Users\Binich\PycharmProjects\PredictionRTS\output\learner_results\training_runs\run_0072\trials\trial_0010,highest_transition_prob,multi_step,2,9,future_reward,5,3,0.028889085246198647,0.5070611212744096,False,,,1,10.0,,,1,0,3
sce2m_etg_run_0072,sce-2m,MarineMicro_MvsM_4_dist_mirror,11,TrialState.COMPLETE,32.337584190130606,39.26086956521739,0.9217391304347826,24.28386007440789,4.256290276480724,0.8935927430879819,115.0,completed,etg_only,C:\Users\Binich\PycharmProjects\PredictionRTS\output\learner_results\training_runs\run_0072\trials\trial_0011,best_subtree_quality,multi_step,2,2,future_reward,7,1,0.029677092161075447,0.955661133484416,True,0.279520053672769,0.02098653270566464,2,5.0,2.0,,1,1,3
sce2m_etg_run_0072,sce-2m,MarineMicro_MvsM_4_dist_mirror,12,TrialState.COMPLETE,31.01967490307518,35.97222222222222,0.9444444444444444,20.01872194709397,3.4780843294249966,0.9130478917643751,108.0,completed,etg_only,C:\Users\Binich\PycharmProjects\PredictionRTS\output\learner_results\training_runs\run_0072\trials\trial_0012,best_subtree_quality,multi_step,4,8,future_reward,6,2,0.0331724798153602,0.8035028369111195,True,0.991488674284922,0.15953089830684708,1,5.0,,,1,1,3
sce2m_etg_run_0072,sce-2m,MarineMicro_MvsM_4_dist_mirror,13,TrialState.COMPLETE,37.665335425849456,46.008620689655174,0.9568965517241379,22.02408387450647,5.778611428276148,0.8555347142930962,116.0,completed,etg_only,C:\Users\Binich\PycharmProjects\PredictionRTS\output\learner_results\training_runs\run_0072\trials\trial_0013,best_subtree_quality,multi_step,3,11,future_reward,4,3,0.05636385245216713,0.8791118085065366,False,,,2,7.0,4.0,,1,0,3
sce2m_etg_run_0072,sce-2m,MarineMicro_MvsM_4_dist_mirror,14,TrialState.COMPLETE,34.704773677129474,42.769911504424776,0.911504424778761,26.389193567828293,4.391631555445766,0.8902092111138559,113.0,completed,etg_only,C:\Users\Binich\PycharmProjects\PredictionRTS\output\learner_results\training_runs\run_0072\trials\trial_0014,highest_transition_prob,multi_step,2,2,future_reward,8,1,0.01467362578338636,0.7238521455651894,True,0.3574855793610779,0.38796548493822797,0,,,,1,1,3
sce2m_etg_run_0072,sce-2m,MarineMicro_MvsM_4_dist_mirror,15,TrialState.COMPLETE,33.54159985139698,38.89090909090909,0.9363636363636364,22.547866439903697,3.1573271057700047,0.9210668223557499,110.0,completed,etg_only,C:\Users\Binich\PycharmProjects\PredictionRTS\output\learner_results\training_runs\run_0072\trials\trial_0015,best_subtree_quality,multi_step,3,7,quality,2,2,0.09892177652624858,0.582027767988615,False,,,1,0.0,,,1,0,3
sce2m_etg_run_0072,sce-2m,MarineMicro_MvsM_4_dist_mirror,16,TrialState.COMPLETE,37.07566114440402,44.97,0.97,20.09997761192783,6.001929217962923,0.8499517695509269,100.0,completed,etg_only,C:\Users\Binich\PycharmProjects\PredictionRTS\output\learner_results\training_runs\run_0072\trials\trial_0016,highest_transition_prob,multi_step,5,10,future_reward,10,3,0.0159767373277513,0.8987404107589941,True,0.24233852431655653,0.4737512775435134,2,4.0,0.0,,1,1,3
sce2m_etg_run_0072,sce-2m,MarineMicro_MvsM_4_dist_mirror,17,TrialState.COMPLETE,44.06835358478269,47.359223300970875,1.0,7.187981296921547,2.7794963572561127,0.9305125910685972,103.0,completed,etg_only,C:\Users\Binich\PycharmProjects\PredictionRTS\output\learner_results\training_runs\run_0072\trials\trial_0017,best_subtree_winrate,multi_step,8,14,win_rate,7,1,0.045147916233677136,0.77673000677556,False,,,0,,,,1,0,3
sce2m_etg_run_0072,sce-2m,MarineMicro_MvsM_4_dist_mirror,18,TrialState.COMPLETE,22.64171996865906,28.58490566037736,0.8584905660377359,25.84382263496108,3.093988239530964,0.9226502940117259,106.0,completed,etg_only,C:\Users\Binich\PycharmProjects\PredictionRTS\output\learner_results\training_runs\run_0072\trials\trial_0018,best_subtree_winrate,multi_step,8,15,win_rate,5,3,0.007243510897530961,0.8031509365284323,False,,,0,,,,1,0,3
sce2m_etg_run_0072,sce-2m,MarineMicro_MvsM_4_dist_mirror,19,TrialState.COMPLETE,40.709526662444695,43.9,0.975,12.897286536322284,1.9559355996077843,0.9511016100098054,120.0,completed,etg_only,C:\Users\Binich\PycharmProjects\PredictionRTS\output\learner_results\training_runs\run_0072\trials\trial_0019,best_subtree_winrate,multi_step,8,13,win_rate,4,2,0.019058953655426918,0.6710410253301867,False,,,0,,,,1,0,3
sce2m_etg_run_0072,sce-2m,MarineMicro_MvsM_4_dist_mirror,20,TrialState.COMPLETE,26.017191025864513,32.20754716981132,0.9339622641509434,18.425636867788967,5.4034003341423995,0.86491499164644,106.0,completed,etg_only,C:\Users\Binich\PycharmProjects\PredictionRTS\output\learner_results\training_runs\run_0072\trials\trial_0020,best_subtree_winrate,multi_step,10,13,win_rate,7,4,0.043178721352473665,0.5784205885373472,False,,,0,,,,1,0,3
sce2m_etg_run_0072,sce-2m,MarineMicro_MvsM_4_dist_mirror,21,TrialState.COMPLETE,49.179082299148995,50.271844660194176,1.0,7.136932759847748,0.8694826047713673,0.9782629348807158,103.0,completed,etg_only,C:\Users\Binich\PycharmProjects\PredictionRTS\output\learner_results\training_runs\run_0072\trials\trial_0021,highest_transition_prob,multi_step,3,11,win_rate,8,1,0.06258544751114084,0.7635248482666039,False,,,1,10.0,,,1,0,3
sce2m_etg_run_0072,sce-2m,MarineMicro_MvsM_4_dist_mirror,22,TrialState.COMPLETE,9.049763909879378,14.278846153846153,0.7307692307692307,23.820828285496304,5.308436487947772,0.8672890878013056,104.0,completed,etg_only,C:\Users\Binich\PycharmProjects\PredictionRTS\output\learner_results\training_runs\run_0072\trials\trial_0022,highest_transition_prob,multi_step,8,11,win_rate,7,1,0.05249062074948527,0.7661064039453538,False,,,1,10.0,,,1,0,3
sce2m_etg_run_0072,sce-2m,MarineMicro_MvsM_4_dist_mirror,23,TrialState.COMPLETE,50.08359513587061,51.0,1.0,5.682791360507513,0.7187489130426563,0.9820312771739336,102.0,completed,etg_only,C:\Users\Binich\PycharmProjects\PredictionRTS\output\learner_results\training_runs\run_0072\trials\trial_0023,highest_transition_prob,multi_step,5,14,win_rate,9,1,0.021673174407065933,0.7195172182293178,False,,,0,,,,1,0,3
sce2m_etg_run_0072,sce-2m,MarineMicro_MvsM_4_dist_mirror,24,TrialState.COMPLETE,45.80383742283657,49.77669902912621,0.9902912621359223,9.182012849989796,2.8316898833263937,0.9292077529168401,103.0,completed,etg_only,C:\Users\Binich\PycharmProjects\PredictionRTS\output\learner_results\training_runs\run_0072\trials\trial_0024,highest_transition_prob,multi_step,5,11,win_rate,9,2,0.01966665636004858,0.7042392298304216,False,,,1,8.0,,,1,0,3
sce2m_etg_run_0072,sce-2m,MarineMicro_MvsM_4_dist_mirror,25,TrialState.COMPLETE,50.14827954783331,51.57692307692308,1.0,5.765768191684148,1.107971118757165,0.9723007220310709,104.0,completed,etg_only,C:\Users\Binich\PycharmProjects\PredictionRTS\output\learner_results\training_runs\run_0072\trials\trial_0025,highest_transition_prob,multi_step,5,10,win_rate,9,1,0.025354065264096653,0.8463744975069192,False,,,0,,,,1,0,3
sce2m_etg_run_0072,sce-2m,MarineMicro_MvsM_4_dist_mirror,26,TrialState.COMPLETE,32.47330050452887,40.73831775700935,0.9345794392523364,23.151002258677128,5.883292729859962,0.8529176817535009,107.0,completed,etg_only,C:\Users\Binich\PycharmProjects\PredictionRTS\output\learner_results\training_runs\run_0072\trials\trial_0026,highest_transition_prob,multi_step,5,12,quality,9,1,0.010900336730830355,0.8445670097373595,False,,,1,9.0,,,1,0,3
sce2m_etg_run_0072,sce-2m,MarineMicro_MvsM_4_dist_mirror,27,TrialState.COMPLETE,33.11689297944389,38.04201680672269,0.9243697478991597,21.831437881323897,2.3295924267000174,0.9417601893324996,119.0,completed,etg_only,C:\Users\Binich\PycharmProjects\PredictionRTS\output\learner_results\training_runs\run_0072\trials\trial_0027,highest_transition_prob,multi_step,5,8,win_rate,10,1,0.003949029506531698,0.8620467635074738,False,,,0,,,,1,0,3
sce2m_etg_run_0072,sce-2m,MarineMicro_MvsM_4_dist_mirror,28,TrialState.COMPLETE,26.742540187656736,31.735294117647058,0.8823529411764706,26.012789641126435,1.7987315947714693,0.9550317101307133,102.0,completed,etg_only,C:\Users\Binich\PycharmProjects\PredictionRTS\output\learner_results\training_runs\run_0072\trials\trial_0028,highest_transition_prob,multi_step,7,14,win_rate,9,2,0.0248931787145809,0.8330396760937712,False,,,1,7.0,,,1,0,3
sce2m_etg_run_0072,sce-2m,MarineMicro_MvsM_4_dist_mirror,29,TrialState.COMPLETE,31.550655785106517,37.51456310679612,0.9514563106796117,19.215620707592464,4.642655678350125,0.8839336080412469,103.0,completed,etg_only,C:\Users\Binich\PycharmProjects\PredictionRTS\output\learner_results\training_runs\run_0072\trials\trial_0029,highest_transition_prob,multi_step,4,10,win_rate,8,1,0.011349262563693917,0.9496111798570536,False,,,0,,,,1,0,3
sce2m_etg_run_0072,sce-2m,MarineMicro_MvsM_4_dist_mirror,30,TrialState.COMPLETE,39.898603244614925,43.76923076923077,0.9829059829059829,17.807318487520135,2.903170758731987,0.9274207310317003,117.0,completed,etg_only,C:\Users\Binich\PycharmProjects\PredictionRTS\output\learner_results\training_runs\run_0072\trials\trial_0030,highest_transition_prob,multi_step,3,12,quality,9,1,0.07679883610382843,0.7009106099270098,False,,,1,9.0,,,1,0,3
sce2m_etg_run_0072,sce-2m,MarineMicro_MvsM_4_dist_mirror,31,TrialState.COMPLETE,50.73610370639318,52.386792452830186,1.0,5.712566014179454,1.2603854285778724,0.9684903642855532,106.0,completed,etg_only,C:\Users\Binich\PycharmProjects\PredictionRTS\output\learner_results\training_runs\run_0072\trials\trial_0031,highest_transition_prob,multi_step,2,10,win_rate,8,1,0.02243313775083924,0.7652877201286412,False,,,0,,,,1,0,3
sce2m_etg_run_0072,sce-2m,MarineMicro_MvsM_4_dist_mirror,32,TrialState.COMPLETE,48.50039591643114,51.716814159292035,0.9911504424778761,7.448310405958947,2.1527845741108558,0.9461803856472286,113.0,completed,etg_only,C:\Users\Binich\PycharmProjects\PredictionRTS\output\learner_results\training_runs\run_0072\trials\trial_0032,highest_transition_prob,multi_step,3,9,win_rate,8,1,0.021871283609383552,0.771071927896676,False,,,0,,,,1,0,3
sce2m_etg_run_0072,sce-2m,MarineMicro_MvsM_4_dist_mirror,33,TrialState.COMPLETE,49.9372042602151,51.029126213592235,1.0,5.58509860440828,0.8559205570612263,0.9786019860734694,103.0,completed,etg_only,C:\Users\Binich\PycharmProjects\PredictionRTS\output\learner_results\training_runs\run_0072\trials\trial_0033,highest_transition_prob,multi_step,6,11,win_rate,10,1,0.03734440275313518,0.7477206681655002,False,,,0,,,,1,0,3
sce2m_etg_run_0072,sce-2m,MarineMicro_MvsM_4_dist_mirror,34,TrialState.COMPLETE,48.368312782280526,50.31683168316832,1.0,7.298352849664375,1.5489996772110706,0.9612750080697232,101.0,completed,etg_only,C:\Users\Binich\PycharmProjects\PredictionRTS\output\learner_results\training_runs\run_0072\trials\trial_0034,highest_transition_prob,multi_step,6,7,win_rate,10,2,0.03643171178592898,0.71987956815169,False,,,0,,,,1,0,3
sce2m_etg_run_0072,sce-2m,MarineMicro_MvsM_4_dist_mirror,35,TrialState.COMPLETE,50.35210624815492,51.3206106870229,1.0,5.513712504407519,0.7548658723290529,0.9811283531917737,131.0,completed,etg_only,C:\Users\Binich\PycharmProjects\PredictionRTS\output\learner_results\training_runs\run_0072\trials\trial_0035,random_beam,multi_step,7,14,win_rate,10,1,0.015209901988084133,0.7417518739033411,False,,,0,,,,1,0,3
sce2m_etg_run_0072,sce-2m,MarineMicro_MvsM_4_dist_mirror,36,TrialState.COMPLETE,50.37110566978032,51.70992366412214,1.0,6.178624256587909,1.035637184876164,0.9741090703780959,131.0,completed,etg_only,C:\Users\Binich\PycharmProjects\PredictionRTS\output\learner_results\training_runs\run_0072\trials\trial_0036,random_beam,multi_step,7,14,win_rate,9,1,0.014364242494007229,0.6881534048860886,False,,,0,,,,1,0,3
sce2m_etg_run_0072,sce-2m,MarineMicro_MvsM_4_dist_mirror,37,TrialState.COMPLETE,31.393818859845545,38.285714285714285,0.9523809523809523,19.624432917843478,5.560512146288834,0.8609871963427791,105.0,completed,etg_only,C:\Users\Binich\PycharmProjects\PredictionRTS\output\learner_results\training_runs\run_0072\trials\trial_0037,random_beam,multi_step,7,13,win_rate,10,2,0.001043677583402517,0.6771291535654584,False,,,0,,,,1,0,3
sce2m_etg_run_0072,sce-2m,MarineMicro_MvsM_4_dist_mirror,38,TrialState.COMPLETE,33.30695602276403,36.979166666666664,0.9722222222222222,16.65018716528102,2.9428281642905474,0.9264292958927363,144.0,completed,etg_only,C:\Users\Binich\PycharmProjects\PredictionRTS\output\learner_results\training_runs\run_0072\trials\trial_0038,random_beam,multi_step,9,15,win_rate,9,1,0.006882111015351975,0.643773322170357,False,,,0,,,,1,0,3
sce2m_etg_run_0072,sce-2m,MarineMicro_MvsM_4_dist_mirror,39,TrialState.COMPLETE,32.27913501534692,38.73267326732673,0.9405940594059405,20.417373251165394,4.559309407862027,0.8860172648034493,101.0,completed,etg_only,C:\Users\Binich\PycharmProjects\PredictionRTS\output\learner_results\training_runs\run_0072\trials\trial_0039,random_beam,multi_step,7,12,quality,6,2,0.01328487511820667,0.7884618442493878,False,,,0,,,,1,0,3
sce2m_etg_run_0072,sce-2m,MarineMicro_MvsM_4_dist_mirror,40,TrialState.COMPLETE,30.202071394368954,38.92307692307692,0.9572649572649573,20.371403555971217,7.576686483035587,0.8105828379241103,117.0,completed,etg_only,C:\Users\Binich\PycharmProjects\PredictionRTS\output\learner_results\training_runs\run_0072\trials\trial_0040,random_beam,multi_step,7,14,win_rate,8,1,0.00818106509941924,0.9312970956399125,False,,,0,,,,1,0,3
sce2m_etg_run_0072,sce-2m,MarineMicro_MvsM_4_dist_mirror,41,TrialState.COMPLETE,48.94059410133559,49.90909090909091,1.0,5.589245872341598,0.7762087348130011,0.980594781629675,121.0,completed,etg_only,C:\Users\Binich\PycharmProjects\PredictionRTS\output\learner_results\training_runs\run_0072\trials\trial_0041,random_beam,multi_step,9,15,win_rate,9,1,0.016687548379422785,0.7392954555763942,False,,,0,,,,1,0,3
sce2m_etg_run_0072,sce-2m,MarineMicro_MvsM_4_dist_mirror,42,TrialState.COMPLETE,45.546206165219914,49.51485148514851,0.9900990099009901,8.257746272003931,2.8380844557961717,0.9290478886050957,101.0,completed,etg_only,C:\Users\Binich\PycharmProjects\PredictionRTS\output\learner_results\training_runs\run_0072\trials\trial_0042,random_beam,multi_step,6,14,win_rate,9,1,0.02165557819816108,0.701693292322372,False,,,0,,,,1,0,3
sce2m_etg_run_0072,sce-2m,MarineMicro_MvsM_4_dist_mirror,43,TrialState.COMPLETE,52.92491865937228,53.74285714285714,1.0,4.722849364784883,0.6087793072189281,0.9847805173195268,105.0,completed,etg_only,C:\Users\Binich\PycharmProjects\PredictionRTS\output\learner_results\training_runs\run_0072\trials\trial_0043,random_beam,multi_step,4,13,win_rate,10,1,0.02550568706987201,0.6392577031826172,False,,,0,,,,1,0,3
sce2m_etg_run_0072,sce-2m,MarineMicro_MvsM_4_dist_mirror,44,TrialState.COMPLETE,37.09662512583651,41.77570093457944,0.9813084112149533,16.3119750812324,3.8036210874015346,0.9049094728149616,107.0,completed,etg_only,C:\Users\Binich\PycharmProjects\PredictionRTS\output\learner_results\training_runs\run_0072\trials\trial_0044,random_beam,multi_step,4,13,win_rate,10,1,0.003486665124644916,0.6358134673945923,False,,,0,,,,1,0,3
sce2m_etg_run_0072,sce-2m,MarineMicro_MvsM_4_dist_mirror,45,TrialState.COMPLETE,48.30636368736956,50.56730769230769,1.0,6.490769219373895,1.7884630272946647,0.9552884243176334,104.0,completed,etg_only,C:\Users\Binich\PycharmProjects\PredictionRTS\output\learner_results\training_runs\run_0072\trials\trial_0045,random_beam,multi_step,7,10,win_rate,10,2,0.026797371540843704,0.5713387673567304,True,0.9881136084991533,0.6800580122371689,0,,,,1,1,3
sce2m_etg_run_0072,sce-2m,MarineMicro_MvsM_4_dist_mirror,46,TrialState.COMPLETE,54.21665451174493,55.70192307692308,1.0,4.437341129750467,1.06658333007787,0.9733354167480532,104.0,completed,etg_only,C:\Users\Binich\PycharmProjects\PredictionRTS\output\learner_results\training_runs\run_0072\trials\trial_0046,random_beam,multi_step,6,12,win_rate,8,1,0.014168296605309993,0.6849025150028283,False,,,3,1.0,10.0,0.0,1,0,3
sce2m_etg_run_0072,sce-2m,MarineMicro_MvsM_4_dist_mirror,47,TrialState.COMPLETE,51.688976249316,52.61392405063291,1.0,5.103640650845812,0.7031962112742565,0.9824200947181436,158.0,completed,etg_only,C:\Users\Binich\PycharmProjects\PredictionRTS\output\learner_results\training_runs\run_0072\trials\trial_0047,random_beam,multi_step,6,13,win_rate,7,4,0.012884749829736149,0.6158872374450334,False,,,3,1.0,10.0,0.0,1,0,3
sce2m_etg_run_0072,sce-2m,MarineMicro_MvsM_4_dist_mirror,48,TrialState.COMPLETE,38.25829429390862,43.48672566371681,0.9646017699115044,20.918770435552826,3.5178158014047667,0.9120546049648808,113.0,completed,etg_only,C:\Users\Binich\PycharmProjects\PredictionRTS\output\learner_results\training_runs\run_0072\trials\trial_0048,random_beam,multi_step,2,12,quality,7,5,0.012565129463892408,0.6062470463695907,True,0.7891500663114452,0.6110796170562365,3,1.0,10.0,0.0,1,1,3
sce2m_etg_run_0072,sce-2m,MarineMicro_MvsM_4_dist_mirror,49,TrialState.COMPLETE,42.3134782091122,45.15929203539823,0.9734513274336283,18.414868161632075,1.4985264815952328,0.9625368379601191,113.0,completed,etg_only,C:\Users\Binich\PycharmProjects\PredictionRTS\output\learner_results\training_runs\run_0072\trials\trial_0049,random_beam,multi_step,4,12,future_reward,8,4,0.009133036688303885,0.538024005328367,False,,,3,1.0,10.0,0.0,1,0,3
sce2m_etg_run_0072,sce-2m,MarineMicro_MvsM_4_dist_mirror,50,TrialState.COMPLETE,21.38339473813541,28.722772277227723,0.8415841584158416,27.889143638852346,4.61552653669617,0.8846118365825957,101.0,completed,etg_only,C:\Users\Binich\PycharmProjects\PredictionRTS\output\learner_results\training_runs\run_0072\trials\trial_0050,random_beam,multi_step,6,13,win_rate,6,5,0.00530524905458693,0.619961442330313,False,,,3,2.0,7.0,2.0,1,0,3
sce2m_etg_run_0072,sce-2m,MarineMicro_MvsM_4_dist_mirror,51,TrialState.COMPLETE,54.75894338239158,55.94117647058823,1.0,4.497981092671978,0.8453401682163214,0.978866495794592,102.0,completed,etg_only,C:\Users\Binich\PycharmProjects\PredictionRTS\output\learner_results\training_runs\run_0072\trials\trial_0051,random_beam,multi_step,6,13,win_rate,8,4,0.015810327204788577,0.6799199435611363,False,,,3,3.0,10.0,2.0,1,0,3
sce2m_etg_run_0072,sce-2m,MarineMicro_MvsM_4_dist_mirror,52,TrialState.COMPLETE,55.188718782245985,56.07692307692308,1.0,4.244209421019121,0.6335613624582846,0.9841609659385429,104.0,completed,etg_only,C:\Users\Binich\PycharmProjects\PredictionRTS\output\learner_results\training_runs\run_0072\trials\trial_0052,random_beam,multi_step,6,13,win_rate,8,4,0.01288698185174892,0.6568912391522708,False,,,3,3.0,10.0,2.0,1,0,3
sce2m_etg_run_0072,sce-2m,MarineMicro_MvsM_4_dist_mirror,53,TrialState.COMPLETE,54.808765920005236,55.82857142857143,1.0,3.982000317756422,0.730669248716823,0.9817332687820794,105.0,completed,etg_only,C:\Users\Binich\PycharmProjects\PredictionRTS\output\learner_results\training_runs\run_0072\trials\trial_0053,random_beam,multi_step,6,13,win_rate,7,4,0.017933947695146318,0.6534373546094143,False,,,3,3.0,10.0,2.0,1,0,3
sce2m_etg_run_0072,sce-2m,MarineMicro_MvsM_4_dist_mirror,54,TrialState.COMPLETE,53.97162713224273,55.42718446601942,1.0,5.117269337334772,1.050428484000696,0.9737392878999827,103.0,completed,etg_only,C:\Users\Binich\PycharmProjects\PredictionRTS\output\learner_results\training_runs\run_0072\trials\trial_0054,random_beam,multi_step,6,13,win_rate,6,4,0.01716807685356981,0.6574734774984063,False,,,3,3.0,10.0,2.0,1,0,3
sce2m_etg_run_0072,sce-2m,MarineMicro_MvsM_4_dist_mirror,55,TrialState.COMPLETE,49.55506010803696,51.02479338842975,1.0,6.7962833911277025,1.1521718621802912,0.9711957034454928,121.0,completed,etg_only,C:\Users\Binich\PycharmProjects\PredictionRTS\output\learner_results\training_runs\run_0072\trials\trial_0055,random_beam,multi_step,6,15,win_rate,6,4,0.017612154512279907,0.6564912022850459,True,0.44635016668221955,0.9992132659235922,3,3.0,9.0,3.0,1,1,3
sce2m_etg_run_0072,sce-2m,MarineMicro_MvsM_4_dist_mirror,56,TrialState.COMPLETE,35.36595214259087,40.0,0.9523809523809523,22.2338223691487,2.865750250279584,0.9283562437430104,105.0,completed,etg_only,C:\Users\Binich\PycharmProjects\PredictionRTS\output\learner_results\training_runs\run_0072\trials\trial_0056,random_beam,multi_step,5,13,future_reward,5,4,0.00917303577843528,0.6564564603301805,False,,,3,3.0,9.0,2.0,1,0,3
sce2m_etg_run_0072,sce-2m,MarineMicro_MvsM_4_dist_mirror,57,TrialState.COMPLETE,53.49964022330535,54.801980198019805,1.0,5.354779121976223,0.9505787710652923,0.9762355307233677,101.0,completed,etg_only,C:\Users\Binich\PycharmProjects\PredictionRTS\output\learner_results\training_runs\run_0072\trials\trial_0057,random_beam,multi_step,6,3,win_rate,7,3,0.011025702470271886,0.5889381703975071,False,,,2,4.0,10.0,,1,0,3
sce2m_etg_run_0072,sce-2m,MarineMicro_MvsM_4_dist_mirror,58,TrialState.COMPLETE,53.34935826693778,54.97674418604651,1.0,4.844024715687063,1.1840540528202257,0.9703986486794943,129.0,completed,etg_only,C:\Users\Binich\PycharmProjects\PredictionRTS\output\learner_results\training_runs\run_0072\trials\trial_0058,random_beam,multi_step,6,3,win_rate,7,4,0.005735210001564465,0.5952112140602113,False,,,2,4.0,10.0,,1,0,3
sce2m_etg_run_0072,sce-2m,MarineMicro_MvsM_4_dist_mirror,59,TrialState.COMPLETE,48.91953127166172,50.11764705882353,1.0,6.037942315461808,0.9562426470305536,0.9760939338242361,102.0,completed,etg_only,C:\Users\Binich\PycharmProjects\PredictionRTS\output\learner_results\training_runs\run_0072\trials\trial_0059,best_subtree_quality,multi_step,5,4,win_rate,6,3,0.010818043466904676,0.5695158097766604,False,,,3,3.0,9.0,2.0,1,0,3
sce2m_etg_run_0072,sce-2m,MarineMicro_MvsM_4_dist_mirror,60,TrialState.COMPLETE,52.368577282833385,54.34615384615385,1.0,5.397237952396846,1.455541136484985,0.9636114715878754,104.0,completed,etg_only,C:\Users\Binich\PycharmProjects\PredictionRTS\output\learner_results\training_runs\run_0072\trials\trial_0060,random_beam,multi_step,6,12,win_rate,7,4,0.0073561230616386595,0.5540428118113447,True,0.8034789212583382,0.18432730217626891,2,4.0,10.0,,1,1,3
sce2m_etg_run_0072,sce-2m,MarineMicro_MvsM_4_dist_mirror,61,TrialState.COMPLETE,53.62884223909619,54.98019801980198,1.0,5.274598568592501,0.9831581764904375,0.975421045587739,101.0,completed,etg_only,C:\Users\Binich\PycharmProjects\PredictionRTS\output\learner_results\training_runs\run_0072\trials\trial_0061,random_beam,multi_step,6,3,win_rate,7,4,0.006416230686713665,0.5088069418229019,False,,,2,4.0,10.0,,1,0,3
sce2m_etg_run_0072,sce-2m,MarineMicro_MvsM_4_dist_mirror,62,TrialState.COMPLETE,51.36345590232489,51.9,1.0,6.228161847608009,0.4135214625627053,0.9896619634359324,100.0,completed,etg_only,C:\Users\Binich\PycharmProjects\PredictionRTS\output\learner_results\training_runs\run_0072\trials\trial_0062,random_beam,multi_step,6,5,win_rate,7,5,0.004148828902925969,0.5157546105016395,False,,,2,3.0,9.0,,1,0,3
sce2m_etg_run_0072,sce-2m,MarineMicro_MvsM_4_dist_mirror,63,TrialState.COMPLETE,53.60603279937161,54.772277227722775,1.0,6.906563370194409,0.8517041739947029,0.9787073956501324,101.0,completed,etg_only,C:\Users\Binich\PycharmProjects\PredictionRTS\output\learner_results\training_runs\run_0072\trials\trial_0063,random_beam,multi_step,6,4,win_rate,8,3,0.009646323921785068,0.5015903926771218,False,,,3,4.0,10.0,2.0,1,0,3
sce2m_etg_run_0072,sce-2m,MarineMicro_MvsM_4_dist_mirror,64,TrialState.COMPLETE,48.29513732705214,50.31683168316832,1.0,6.659959701762106,1.6071714283174656,0.9598207142920634,101.0,completed,etg_only,C:\Users\Binich\PycharmProjects\PredictionRTS\output\learner_results\training_runs\run_0072\trials\trial_0064,random_beam,multi_step,5,3,win_rate,8,4,0.018571972845218047,0.5223994883451966,False,,,3,2.0,9.0,2.0,1,0,3
sce2m_etg_run_0072,sce-2m,MarineMicro_MvsM_4_dist_mirror,65,TrialState.COMPLETE,48.7067152107747,51.75,0.9921875,10.20799319161215,2.0558588186440745,0.9486035295338981,128.0,completed,etg_only,C:\Users\Binich\PycharmProjects\PredictionRTS\output\learner_results\training_runs\run_0072\trials\trial_0065,random_beam,multi_step,7,2,win_rate,8,4,0.002892778797114197,0.5387668729008991,False,,,3,5.0,10.0,1.0,1,0,3
sce2m_etg_run_0072,sce-2m,MarineMicro_MvsM_4_dist_mirror,66,TrialState.COMPLETE,32.98012055528373,38.017699115044245,0.9292035398230089,22.0108510250631,2.6564547866969885,0.9335886303325753,113.0,completed,etg_only,C:\Users\Binich\PycharmProjects\PredictionRTS\output\learner_results\training_runs\run_0072\trials\trial_0066,best_subtree_winrate,multi_step,6,4,future_reward,5,4,0.00839350737222453,0.5080513617781751,False,,,3,3.0,9.0,3.0,1,0,3
sce2m_etg_run_0072,sce-2m,MarineMicro_MvsM_4_dist_mirror,67,TrialState.COMPLETE,39.52266445322372,45.10909090909091,0.9818181818181818,19.79639336047465,4.304697935121222,0.8923825516219694,110.0,completed,etg_only,C:\Users\Binich\PycharmProjects\PredictionRTS\output\learner_results\training_runs\run_0072\trials\trial_0067,random_beam,multi_step,5,4,quality,8,3,0.006143166569868947,0.6734909428152998,False,,,3,5.0,10.0,1.0,1,0,3
sce2m_etg_run_0072,sce-2m,MarineMicro_MvsM_4_dist_mirror,68,TrialState.COMPLETE,47.596074174125356,49.41,1.0,5.8087778404755674,1.46846859006245,0.9632882852484388,100.0,completed,etg_only,C:\Users\Binich\PycharmProjects\PredictionRTS\output\learner_results\training_runs\run_0072\trials\trial_0068,random_beam,multi_step,6,5,win_rate,7,5,0.009871155029018357,0.5526374813118059,False,,,3,2.0,8.0,3.0,1,0,3
sce2m_etg_run_0072,sce-2m,MarineMicro_MvsM_4_dist_mirror,69,TrialState.COMPLETE,54.783219124672215,55.54455445544554,1.0,4.952296701861899,0.548270006474911,0.9862932498381273,101.0,completed,etg_only,C:\Users\Binich\PycharmProjects\PredictionRTS\output\learner_results\training_runs\run_0072\trials\trial_0069,best_subtree_quality,multi_step,7,6,win_rate,8,4,0.017032261948894303,0.6265479299389106,False,,,3,4.0,10.0,1.0,1,0,3
sce2m_etg_run_0072,sce-2m,MarineMicro_MvsM_4_dist_mirror,70,TrialState.COMPLETE,-1.7806138509748837,-3.9130434782608696,0.4782608695652174,34.38138151798247,1.9416271852236977,0.9514593203694075,115.0,completed,etg_only,C:\Users\Binich\PycharmProjects\PredictionRTS\output\learner_results\training_runs\run_0072\trials\trial_0070,best_subtree_quality,multi_step,8,7,win_rate,1,4,0.030080522548918583,0.6299750749383399,False,,,3,3.0,9.0,1.0,1,0,3
sce2m_etg_run_0072,sce-2m,MarineMicro_MvsM_4_dist_mirror,71,TrialState.COMPLETE,52.155649305781125,53.85,1.0,6.240793218814417,1.2585706178041822,0.9685357345548955,100.0,completed,etg_only,C:\Users\Binich\PycharmProjects\PredictionRTS\output\learner_results\training_runs\run_0072\trials\trial_0071,best_subtree_quality,multi_step,7,6,win_rate,8,4,0.01591928757414308,0.6583360891312571,False,,,3,4.0,10.0,1.0,1,0,3
sce2m_etg_run_0072,sce-2m,MarineMicro_MvsM_4_dist_mirror,72,TrialState.COMPLETE,52.0275117608563,54.46511627906977,1.0,6.851748502726783,1.7902133951012664,0.9552446651224683,129.0,completed,etg_only,C:\Users\Binich\PycharmProjects\PredictionRTS\output\learner_results\training_runs\run_0072\trials\trial_0072,best_subtree_quality,multi_step,6,6,win_rate,8,3,0.01234899204975967,0.6824109794013666,False,,,3,4.0,10.0,2.0,1,0,3
sce2m_etg_run_0072,sce-2m,MarineMicro_MvsM_4_dist_mirror,73,TrialState.COMPLETE,45.64714567309007,48.1875,1.0,10.571741519257838,2.1087247331029246,0.9472818816724269,128.0,completed,etg_only,C:\Users\Binich\PycharmProjects\PredictionRTS\output\learner_results\training_runs\run_0072\trials\trial_0073,best_subtree_quality,multi_step,7,6,win_rate,7,4,0.014490833967705036,0.706155691253614,False,,,3,6.0,10.0,1.0,1,0,3
sce2m_etg_run_0072,sce-2m,MarineMicro_MvsM_4_dist_mirror,74,TrialState.COMPLETE,18.181865429606034,21.6,0.9238095238095239,18.261904141056675,3.5529616245010875,0.9111759593874729,105.0,completed,etg_only,C:\Users\Binich\PycharmProjects\PredictionRTS\output\learner_results\training_runs\run_0072\trials\trial_0074,random_beam,multi_step,5,2,win_rate,6,5,0.019803482875095032,0.5023062884486293,False,,,3,3.0,9.0,3.0,1,0,3
sce2m_etg_run_0072,sce-2m,MarineMicro_MvsM_4_dist_mirror,75,TrialState.COMPLETE,33.90031907203925,38.44117647058823,0.9411764705882353,21.835199828650378,2.5203052340499403,0.9369923691487515,102.0,completed,etg_only,C:\Users\Binich\PycharmProjects\PredictionRTS\output\learner_results\training_runs\run_0072\trials\trial_0075,random_beam,multi_step,6,3,win_rate,8,4,0.013771091194630467,0.9995534801234836,False,,,3,4.0,8.0,1.0,1,0,3
sce2m_etg_run_0072,sce-2m,MarineMicro_MvsM_4_dist_mirror,76,TrialState.COMPLETE,53.32283420727123,54.088235294117645,1.0,5.118407651390533,0.566038867923396,0.9858490283019151,102.0,completed,etg_only,C:\Users\Binich\PycharmProjects\PredictionRTS\output\learner_results\training_runs\run_0072\trials\trial_0076,best_subtree_winrate,multi_step,7,5,win_rate,6,4,0.01682515229990262,0.6924334003365261,False,,,3,3.0,10.0,10.0,1,0,3
sce2m_etg_run_0072,sce-2m,MarineMicro_MvsM_4_dist_mirror,77,TrialState.COMPLETE,49.188911343376994,50.568,1.0,7.30625594952709,1.090878545026897,0.9727280363743276,125.0,completed,etg_only,C:\Users\Binich\PycharmProjects\PredictionRTS\output\learner_results\training_runs\run_0072\trials\trial_0077,best_subtree_quality,multi_step,6,14,win_rate,7,3,0.004904256639800455,0.6634864191797443,False,,,3,2.0,9.0,2.0,1,0,3
sce2m_etg_run_0072,sce-2m,MarineMicro_MvsM_4_dist_mirror,78,TrialState.COMPLETE,29.573723191584087,35.2,0.9333333333333333,22.358667223249245,3.9930318284284745,0.9001742042892882,120.0,completed,etg_only,C:\Users\Binich\PycharmProjects\PredictionRTS\output\learner_results\training_runs\run_0072\trials\trial_0078,random_beam,multi_step,7,11,win_rate,8,4,0.006672262850594636,0.7292158690671257,False,,,2,5.0,10.0,,1,0,3
sce2m_etg_run_0072,sce-2m,MarineMicro_MvsM_4_dist_mirror,79,TrialState.COMPLETE,36.30319566215361,44.44954128440367,0.9541284403669725,19.276589518358914,5.7602391313767605,0.855994021715581,109.0,completed,etg_only,C:\Users\Binich\PycharmProjects\PredictionRTS\output\learner_results\training_runs\run_0072\trials\trial_0079,random_beam,multi_step,8,8,quality,7,4,0.011950150906774797,0.602546221404179,True,0.6786750621304048,0.02508114050449678,3,4.0,8.0,0.0,1,1,3
sce2m_etg_run_0072,sce-2m,MarineMicro_MvsM_4_dist_mirror,80,TrialState.COMPLETE,49.804977777435916,51.23275862068966,1.0,7.114043613019456,1.1147405540463362,0.9721314861488416,116.0,completed,etg_only,C:\Users\Binich\PycharmProjects\PredictionRTS\output\learner_results\training_runs\run_0072\trials\trial_0080,random_beam,multi_step,5,12,win_rate,8,3,0.008099350694186878,0.6444336279374134,False,,,3,2.0,5.0,4.0,1,0,3
sce2m_etg_run_0072,sce-2m,MarineMicro_MvsM_4_dist_mirror,81,TrialState.COMPLETE,54.73018840018692,55.05,1.0,5.945376354781924,0.23237900077244555,0.9941905249806888,100.0,completed,etg_only,C:\Users\Binich\PycharmProjects\PredictionRTS\output\learner_results\training_runs\run_0072\trials\trial_0081,random_beam,multi_step,6,3,win_rate,7,3,0.010661294733964316,0.6195129429135732,False,,,2,4.0,10.0,,1,0,3
sce2m_etg_run_0072,sce-2m,MarineMicro_MvsM_4_dist_mirror,82,TrialState.COMPLETE,55.602161886252176,56.1,1.0,4.5596052460712,0.35496478698597594,0.9911258803253506,100.0,completed,etg_only,C:\Users\Binich\PycharmProjects\PredictionRTS\output\learner_results\training_runs\run_0072\trials\trial_0082,random_beam,multi_step,6,3,win_rate,7,3,0.010214918898216263,0.6243229829475732,False,,,2,4.0,10.0,,1,0,3
sce2m_etg_run_0072,sce-2m,MarineMicro_MvsM_4_dist_mirror,83,TrialState.COMPLETE,48.84242017683076,50.970873786407765,1.0,6.913412194317373,1.6703293088490065,0.9582417672787749,103.0,completed,etg_only,C:\Users\Binich\PycharmProjects\PredictionRTS\output\learner_results\training_runs\run_0072\trials\trial_0083,random_beam,multi_step,6,3,win_rate,6,4,0.019872343373362106,0.6688915160086615,False,,,2,6.0,9.0,,1,0,3
sce2m_etg_run_0072,sce-2m,MarineMicro_MvsM_4_dist_mirror,84,TrialState.COMPLETE,54.9884786022674,56.06603773584906,1.0,5.119826183526098,0.7687785169756405,0.980780537075609,106.0,completed,etg_only,C:\Users\Binich\PycharmProjects\PredictionRTS\output\learner_results\training_runs\run_0072\trials\trial_0084,random_beam,multi_step,6,2,win_rate,7,3,0.02309575608379779,0.6232474817036356,False,,,2,3.0,10.0,,1,0,3
sce2m_etg_run_0072,sce-2m,MarineMicro_MvsM_4_dist_mirror,85,TrialState.COMPLETE,49.91630304947377,50.725190839694655,1.0,7.500690487415655,0.637858844357781,0.9840535288910555,131.0,completed,etg_only,C:\Users\Binich\PycharmProjects\PredictionRTS\output\learner_results\training_runs\run_0072\trials\trial_0085,random_beam,multi_step,6,2,win_rate,6,3,0.01546176533346436,0.6196868000220425,False,,,2,0.0,10.0,,1,0,3
sce2m_etg_run_0072,sce-2m,MarineMicro_MvsM_4_dist_mirror,86,TrialState.COMPLETE,48.187499263590695,49.663366336633665,1.0,6.9556974690996345,1.1886967653695382,0.9702825808657616,101.0,completed,etg_only,C:\Users\Binich\PycharmProjects\PredictionRTS\output\learner_results\training_runs\run_0072\trials\trial_0086,random_beam,multi_step,7,13,win_rate,7,3,0.022954651687519142,0.6292289345050257,False,,,2,5.0,2.0,,1,0,3
sce2m_etg_run_0072,sce-2m,MarineMicro_MvsM_4_dist_mirror,87,TrialState.COMPLETE,35.63365226777074,42.026785714285715,0.9464285714285714,24.121885373122925,4.165090607973179,0.8958727348006705,112.0,completed,etg_only,C:\Users\Binich\PycharmProjects\PredictionRTS\output\learner_results\training_runs\run_0072\trials\trial_0087,random_beam,multi_step,5,2,future_reward,8,3,0.018444389709478134,0.6097702409818216,False,,,2,3.0,9.0,,1,0,3
sce2m_etg_run_0072,sce-2m,MarineMicro_MvsM_4_dist_mirror,88,TrialState.COMPLETE,51.63211542679918,52.83,1.0,5.513719252918125,0.9069729874698593,0.9773256753132535,100.0,completed,etg_only,C:\Users\Binich\PycharmProjects\PredictionRTS\output\learner_results\training_runs\run_0072\trials\trial_0088,best_subtree_quality,multi_step,6,14,win_rate,7,3,0.03225829648447462,0.6484214570542137,False,,,2,1.0,10.0,,1,0,3
sce2m_etg_run_0072,sce-2m,MarineMicro_MvsM_4_dist_mirror,89,TrialState.COMPLETE,46.03221865071285,49.26,0.98,12.946520768144621,1.8581797122201658,0.9535455071944958,100.0,completed,etg_only,C:\Users\Binich\PycharmProjects\PredictionRTS\output\learner_results\training_runs\run_0072\trials\trial_0089,best_subtree_winrate,multi_step,5,13,win_rate,7,3,0.010727015908560861,0.626878861419826,False,,,3,3.0,9.0,5.0,1,0,3
sce2m_etg_run_0072,sce-2m,MarineMicro_MvsM_4_dist_mirror,90,TrialState.COMPLETE,28.131692096276428,35.33653846153846,0.9134615384615384,23.88780288095349,5.138860670152424,0.8715284832461894,104.0,completed,etg_only,C:\Users\Binich\PycharmProjects\PredictionRTS\output\learner_results\training_runs\run_0072\trials\trial_0090,random_beam,multi_step,7,9,win_rate,5,4,0.023535231866564418,0.5934695528497053,False,,,3,2.0,7.0,4.0,1,0,3
sce2m_etg_run_0072,sce-2m,MarineMicro_MvsM_4_dist_mirror,91,TrialState.COMPLETE,53.951447633178844,54.68181818181818,1.0,5.472130743689615,0.5342693955133951,0.9866432651121652,132.0,completed,etg_only,C:\Users\Binich\PycharmProjects\PredictionRTS\output\learner_results\training_runs\run_0072\trials\trial_0091,random_beam,multi_step,6,3,win_rate,7,4,0.014145592223810219,0.7148518313567228,False,,,2,4.0,10.0,,1,0,3
sce2m_etg_run_0072,sce-2m,MarineMicro_MvsM_4_dist_mirror,92,TrialState.COMPLETE,26.18721945495604,32.56310679611651,0.9223300970873787,21.610708377131232,5.123157116702302,0.8719210720824424,103.0,completed,etg_only,C:\Users\Binich\PycharmProjects\PredictionRTS\output\learner_results\training_runs\run_0072\trials\trial_0092,random_beam,multi_step,6,2,win_rate,6,4,0.013629766735012223,0.7165247004713359,False,,,2,5.0,10.0,,1,0,3
sce2m_etg_run_0072,sce-2m,MarineMicro_MvsM_4_dist_mirror,93,TrialState.COMPLETE,19.056170656844078,23.325,0.8416666666666667,25.723906682306247,1.1729992028900398,0.970675019927749,120.0,completed,etg_only,C:\Users\Binich\PycharmProjects\PredictionRTS\output\learner_results\training_runs\run_0072\trials\trial_0093,random_beam,multi_step,6,4,win_rate,3,4,0.017436654619492557,0.6910098104336946,False,,,2,3.0,10.0,,1,0,3
sce2m_etg_run_0072,sce-2m,MarineMicro_MvsM_4_dist_mirror,94,TrialState.COMPLETE,55.00528166680249,56.359223300970875,1.0,4.685972392237953,0.9609370426828178,0.9759765739329296,103.0,completed,etg_only,C:\Users\Binich\PycharmProjects\PredictionRTS\output\learner_results\training_runs\run_0072\trials\trial_0094,random_beam,multi_step,6,3,win_rate,8,4,0.014764817561737567,0.677692651297907,False,,,2,4.0,10.0,,1,0,3
sce2m_etg_run_0072,sce-2m,MarineMicro_MvsM_4_dist_mirror,95,TrialState.COMPLETE,54.716838971811114,55.783018867924525,1.0,4.197943604799612,0.7645193234434087,0.9808870169139148,106.0,completed,etg_only,C:\Users\Binich\PycharmProjects\PredictionRTS\output\learner_results\training_runs\run_0072\trials\trial_0095,random_beam,multi_step,6,2,win_rate,9,4,0.02012015716369157,0.6369633017600215,False,,,2,3.0,10.0,,1,0,3
sce2m_etg_run_0072,sce-2m,MarineMicro_MvsM_4_dist_mirror,96,TrialState.COMPLETE,48.295602781431676,50.67326732673267,1.0,6.013366153236709,1.8768590783540466,0.9530785230411488,101.0,completed,etg_only,C:\Users\Binich\PycharmProjects\PredictionRTS\output\learner_results\training_runs\run_0072\trials\trial_0096,random_beam,multi_step,6,2,win_rate,9,3,0.021144892998674523,0.639003960557489,False,,,2,5.0,9.0,,1,0,3
sce2m_etg_run_0072,sce-2m,MarineMicro_MvsM_4_dist_mirror,97,TrialState.COMPLETE,51.215088764218166,53.43564356435643,1.0,6.495109876560765,1.6622274212634087,0.9584443144684148,101.0,completed,etg_only,C:\Users\Binich\PycharmProjects\PredictionRTS\output\learner_results\training_runs\run_0072\trials\trial_0097,random_beam,multi_step,7,3,win_rate,9,5,0.012001814290836254,0.6829345337172706,True,0.4362125436220956,0.6791503712467215,2,4.0,10.0,,1,1,3
sce2m_etg_run_0072,sce-2m,MarineMicro_MvsM_4_dist_mirror,98,TrialState.COMPLETE,11.621055904928477,15.057142857142857,0.8952380952380953,26.4855139459213,5.515458475826919,0.862113538104327,105.0,completed,etg_only,C:\Users\Binich\PycharmProjects\PredictionRTS\output\learner_results\training_runs\run_0072\trials\trial_0098,random_beam,multi_step,6,2,win_rate,9,2,0.028528343462623923,0.6010423892961753,False,,,2,2.0,10.0,,1,0,3
sce2m_etg_run_0072,sce-2m,MarineMicro_MvsM_4_dist_mirror,99,TrialState.COMPLETE,37.48780514531696,43.06363636363636,0.9454545454545454,21.296298130181846,3.1702601241994097,0.9207434968950148,110.0,completed,etg_only,C:\Users\Binich\PycharmProjects\PredictionRTS\output\learner_results\training_runs\run_0072\trials\trial_0099,random_beam,multi_step,5,3,quality,8,4,0.01601797738891848,0.6516290422979635,False,,,2,3.0,9.0,,1,0,3
sce2m_etg_run_0072,sce-2m,MarineMicro_MvsM_4_dist_mirror,100,TrialState.COMPLETE,-3.3330878957203245,-8.35897435897436,0.47863247863247865,33.37163479969884,6.676424039939003,0.8330893990015249,117.0,completed,etg_only,C:\Users\Binich\PycharmProjects\PredictionRTS\output\learner_results\training_runs\run_0072\trials\trial_0100,random_beam,multi_step,7,4,win_rate,8,4,0.03714258117259676,0.5810570086490471,False,,,1,4.0,,,1,0,3
sce2m_etg_run_0072,sce-2m,MarineMicro_MvsM_4_dist_mirror,101,TrialState.COMPLETE,54.78608256231487,55.55555555555556,1.0,3.90472964240124,0.5540205551332954,0.9861494861216676,108.0,completed,etg_only,C:\Users\Binich\PycharmProjects\PredictionRTS\output\learner_results\training_runs\run_0072\trials\trial_0101,random_beam,multi_step,6,2,win_rate,8,4,0.024890660554504597,0.6640661634732338,False,,,3,3.0,10.0,0.0,1,0,3
sce2m_etg_run_0072,sce-2m,MarineMicro_MvsM_4_dist_mirror,102,TrialState.COMPLETE,55.68056074766355,56.242990654205606,1.0,4.184620532367619,0.4000000000000003,0.99,107.0,completed,etg_only,C:\Users\Binich\PycharmProjects\PredictionRTS\output\learner_results\training_runs\run_0072\trials\trial_0102,random_beam,multi_step,6,2,win_rate,8,4,0.024996047233978677,0.6682149678540094,False,,,2,3.0,10.0,,1,0,3
sce2m_etg_run_0072,sce-2m,MarineMicro_MvsM_4_dist_mirror,103,TrialState.COMPLETE,54.48234688031317,55.5,1.0,4.940024914294072,0.7334436898643772,0.9816639077533905,156.0,completed,etg_only,C:\Users\Binich\PycharmProjects\PredictionRTS\output\learner_results\training_runs\run_0072\trials\trial_0103,random_beam,multi_step,6,2,win_rate,9,4,0.027023702523971415,0.668374233056705,False,,,2,3.0,10.0,,1,0,3
sce2m_etg_run_0072,sce-2m,MarineMicro_MvsM_4_dist_mirror,104,TrialState.COMPLETE,15.55097987645763,18.86111111111111,0.8981481481481481,19.231271954492616,3.2800147216693647,0.9179996319582658,108.0,completed,etg_only,C:\Users\Binich\PycharmProjects\PredictionRTS\output\learner_results\training_runs\run_0072\trials\trial_0104,random_beam,multi_step,6,2,win_rate,8,4,0.03338484030999728,0.6214786113825014,False,,,2,3.0,10.0,,1,0,3
sce2m_etg_run_0072,sce-2m,MarineMicro_MvsM_4_dist_mirror,105,TrialState.COMPLETE,49.378443977751886,50.97029702970297,1.0,7.1952341839080045,1.2492397688194206,0.9687690057795145,101.0,completed,etg_only,C:\Users\Binich\PycharmProjects\PredictionRTS\output\learner_results\training_runs\run_0072\trials\trial_0105,random_beam,multi_step,5,3,win_rate,9,3,0.023523459073406073,0.6381609886759484,False,,,2,4.0,9.0,,1,0,3
sce2m_etg_run_0072,sce-2m,MarineMicro_MvsM_4_dist_mirror,106,TrialState.COMPLETE,40.81146722476328,44.839285714285715,0.9910714285714286,15.72109227588652,3.2651257086885783,0.9183718572827855,112.0,completed,etg_only,C:\Users\Binich\PycharmProjects\PredictionRTS\output\learner_results\training_runs\run_0072\trials\trial_0106,best_subtree_quality,multi_step,6,2,future_reward,8,4,0.04409887700943825,0.6124691056102061,False,,,2,3.0,10.0,,1,0,3
sce2m_etg_run_0072,sce-2m,MarineMicro_MvsM_4_dist_mirror,107,TrialState.COMPLETE,49.18664705882353,50.088235294117645,1.0,6.270226785742018,0.7199999999999983,0.9820000000000001,102.0,completed,etg_only,C:\Users\Binich\PycharmProjects\PredictionRTS\output\learner_results\training_runs\run_0072\trials\trial_0107,random_beam,multi_step,6,3,win_rate,8,4,0.021436890214778778,0.650451482721747,False,,,2,3.0,9.0,,1,0,3
sce2m_etg_run_0072,sce-2m,MarineMicro_MvsM_4_dist_mirror,108,TrialState.COMPLETE,48.276100915195,50.198019801980195,1.0,6.288477285787499,1.5314698821720265,0.9617132529456993,101.0,completed,etg_only,C:\Users\Binich\PycharmProjects\PredictionRTS\output\learner_results\training_runs\run_0072\trials\trial_0108,random_beam,multi_step,7,2,win_rate,7,3,0.025053467014166764,0.6764914956935323,False,,,2,2.0,6.0,,1,0,3
sce2m_etg_run_0072,sce-2m,MarineMicro_MvsM_4_dist_mirror,109,TrialState.COMPLETE,50.51406156683904,51.77777777777778,1.0,6.196374886043859,0.9762614505106129,0.9755934637372347,135.0,completed,etg_only,C:\Users\Binich\PycharmProjects\PredictionRTS\output\learner_results\training_runs\run_0072\trials\trial_0109,random_beam,multi_step,6,2,win_rate,8,4,0.019873191945048368,0.6301057811073717,False,,,1,4.0,,,1,0,3
sce2m_etg_run_0072,sce-2m,MarineMicro_MvsM_4_dist_mirror,110,TrialState.COMPLETE,33.38056202468453,38.80909090909091,0.9090909090909091,26.505400977758015,2.1546216445366304,0.9461344588865842,110.0,completed,etg_only,C:\Users\Binich\PycharmProjects\PredictionRTS\output\learner_results\training_runs\run_0072\trials\trial_0110,best_subtree_winrate,multi_step,5,3,win_rate,9,4,0.010309443036613877,0.6978480274459504,False,,,2,3.0,10.0,,1,0,3
sce2m_etg_run_0072,sce-2m,MarineMicro_MvsM_4_dist_mirror,111,TrialState.COMPLETE,54.446780836900885,55.66981132075472,1.0,5.0650889804123365,0.8787746570988388,0.9780306335725291,106.0,completed,etg_only,C:\Users\Binich\PycharmProjects\PredictionRTS\output\learner_results\training_runs\run_0072\trials\trial_0111,random_beam,multi_step,6,2,win_rate,9,4,0.019220070105321424,0.6661185605618812,False,,,2,3.0,10.0,,1,0,3
sce2m_etg_run_0072,sce-2m,MarineMicro_MvsM_4_dist_mirror,112,TrialState.COMPLETE,55.19880706887934,55.87850467289719,1.0,4.558468098918392,0.4865538961693248,0.9878361525957668,107.0,completed,etg_only,C:\Users\Binich\PycharmProjects\PredictionRTS\output\learner_results\training_runs\run_0072\trials\trial_0112,random_beam,multi_step,6,2,win_rate,9,4,0.027712267353229108,0.6689179180972867,False,,,2,3.0,10.0,,1,0,3
sce2m_etg_run_0072,sce-2m,MarineMicro_MvsM_4_dist_mirror,113,TrialState.COMPLETE,51.489585645734195,52.48571428571429,1.0,6.561234328871919,0.7591617288906525,0.9810209567777337,105.0,completed,etg_only,C:\Users\Binich\PycharmProjects\PredictionRTS\output\learner_results\training_runs\run_0072\trials\trial_0113,random_beam,multi_step,6,4,win_rate,9,4,0.030073283071417017,0.6434116269080578,False,,,2,4.0,0.0,,1,0,3
sce2m_etg_run_0072,sce-2m,MarineMicro_MvsM_4_dist_mirror,114,TrialState.COMPLETE,50.13363110341316,51.89312977099237,1.0,6.4491574790251756,1.3562478696844726,0.9660938032578882,131.0,completed,etg_only,C:\Users\Binich\PycharmProjects\PredictionRTS\output\learner_results\training_runs\run_0072\trials\trial_0114,random_beam,multi_step,6,2,win_rate,8,4,0.027729172520102652,0.6607340799714528,False,,,2,2.0,10.0,,1,0,3
sce2m_etg_run_0072,sce-2m,MarineMicro_MvsM_4_dist_mirror,115,TrialState.COMPLETE,53.961457334130074,55.714285714285715,1.0,5.000408146606941,1.2584408883168703,0.9685389777920782,105.0,completed,etg_only,C:\Users\Binich\PycharmProjects\PredictionRTS\output\learner_results\training_runs\run_0072\trials\trial_0115,random_beam,multi_step,6,3,win_rate,8,3,0.012855147813296825,0.6347149979626594,False,,,2,3.0,10.0,,1,0,3
sce2m_etg_run_0072,sce-2m,MarineMicro_MvsM_4_dist_mirror,116,TrialState.COMPLETE,51.1168330220415,52.92,1.0,6.483332476435247,1.362938002992065,0.9659265499251983,100.0,completed,etg_only,C:\Users\Binich\PycharmProjects\PredictionRTS\output\learner_results\training_runs\run_0072\trials\trial_0116,random_beam,multi_step,7,3,win_rate,7,4,0.015031274541994407,0.6807422344454153,True,0.8441737083624576,0.25438106316015496,3,4.0,10.0,6.0,1,1,3
sce2m_etg_run_0072,sce-2m,MarineMicro_MvsM_4_dist_mirror,117,TrialState.COMPLETE,49.81988302782305,50.794117647058826,1.0,6.484276964385855,0.7672027111526641,0.9808199322211834,102.0,completed,etg_only,C:\Users\Binich\PycharmProjects\PredictionRTS\output\learner_results\training_runs\run_0072\trials\trial_0117,best_subtree_quality,multi_step,5,2,win_rate,7,4,0.017648499582452383,0.6162163053500948,False,,,2,3.0,9.0,,1,0,3
sce2m_etg_run_0072,sce-2m,MarineMicro_MvsM_4_dist_mirror,118,TrialState.COMPLETE,53.76138804448632,55.294117647058826,1.0,5.469323066860155,1.1087831167545794,0.9722804220811355,102.0,completed,etg_only,C:\Users\Binich\PycharmProjects\PredictionRTS\output\learner_results\training_runs\run_0072\trials\trial_0118,random_beam,multi_step,6,8,win_rate,8,4,0.032534097831695245,0.6506891725237655,False,,,3,4.0,10.0,4.0,1,0,3
sce2m_etg_run_0072,sce-2m,MarineMicro_MvsM_4_dist_mirror,119,TrialState.COMPLETE,46.429088448617385,48.17307692307692,1.0,6.78295701867259,1.4481022063376596,0.9637974448415585,104.0,completed,etg_only,C:\Users\Binich\PycharmProjects\PredictionRTS\output\learner_results\training_runs\run_0072\trials\trial_0119,random_beam,multi_step,6,2,win_rate,8,3,0.025730822491388118,0.9778830381998624,False,,,3,2.0,4.0,0.0,1,0,3
sce2m_etg_run_0072,sce-2m,MarineMicro_MvsM_4_dist_mirror,120,TrialState.COMPLETE,34.18779937183701,40.76635514018692,0.9532710280373832,20.703324686391245,4.810519099157431,0.8797370225210642,107.0,completed,etg_only,C:\Users\Binich\PycharmProjects\PredictionRTS\output\learner_results\training_runs\run_0072\trials\trial_0120,random_beam,multi_step,6,5,quality,9,4,0.008690506509645183,0.5878922297490784,False,,,2,3.0,10.0,,1,0,3
sce2m_etg_run_0072,sce-2m,MarineMicro_MvsM_4_dist_mirror,121,TrialState.COMPLETE,18.806683946836063,21.166666666666668,0.9444444444444444,13.378050015686973,2.3692104444966238,0.9407697388875844,108.0,completed,etg_only,C:\Users\Binich\PycharmProjects\PredictionRTS\output\learner_results\training_runs\run_0072\trials\trial_0121,random_beam,multi_step,6,2,win_rate,9,4,0.04131222394829871,0.6756246036323038,False,,,2,3.0,10.0,,1,0,3
sce2m_etg_run_0072,sce-2m,MarineMicro_MvsM_4_dist_mirror,122,TrialState.COMPLETE,51.92668396586419,55.00961538461539,0.9903846153846154,10.603423968326034,1.8751549800488356,0.9531211254987791,104.0,completed,etg_only,C:\Users\Binich\PycharmProjects\PredictionRTS\output\learner_results\training_runs\run_0072\trials\trial_0122,random_beam,multi_step,6,2,win_rate,9,4,0.026667203745071835,0.6643292880880503,False,,,2,3.0,10.0,,1,0,3
sce2m_etg_run_0072,sce-2m,MarineMicro_MvsM_4_dist_mirror,123,TrialState.COMPLETE,54.4153911226866,56.22115384615385,1.0,4.480635108590228,1.2847567863218319,0.9678810803419542,104.0,completed,etg_only,C:\Users\Binich\PycharmProjects\PredictionRTS\output\learner_results\training_runs\run_0072\trials\trial_0123,random_beam,multi_step,6,3,win_rate,10,4,0.02066436814564209,0.7072302096786185,False,,,2,3.0,10.0,,1,0,3
sce2m_etg_run_0072,sce-2m,MarineMicro_MvsM_4_dist_mirror,124,TrialState.COMPLETE,36.347586443974734,37.526785714285715,1.0,7.160107517933466,1.256914758742136,0.9685771310314466,112.0,completed,etg_only,C:\Users\Binich\PycharmProjects\PredictionRTS\output\learner_results\training_runs\run_0072\trials\trial_0124,random_beam,multi_step,6,2,win_rate,9,4,0.04870556477357598,0.6916080681952917,False,,,2,4.0,10.0,,1,0,3
sce2m_etg_run_0072,sce-2m,MarineMicro_MvsM_4_dist_mirror,125,TrialState.COMPLETE,46.2454023217837,50.76237623762376,0.9900990099009901,9.807199330590278,3.1949015732775083,0.9201274606680623,101.0,completed,etg_only,C:\Users\Binich\PycharmProjects\PredictionRTS\output\learner_results\training_runs\run_0072\trials\trial_0125,random_beam,multi_step,7,3,win_rate,8,4,0.022780522874471798,0.6685922238050974,False,,,2,4.0,9.0,,1,0,3
sce2m_etg_run_0072,sce-2m,MarineMicro_MvsM_4_dist_mirror,126,TrialState.COMPLETE,28.305831355422434,33.57142857142857,0.9428571428571428,20.414680592002153,4.229897191084475,0.8942525702228881,105.0,completed,etg_only,C:\Users\Binich\PycharmProjects\PredictionRTS\output\learner_results\training_runs\run_0072\trials\trial_0126,random_beam,multi_step,6,2,win_rate,7,4,0.02409290550734688,0.6223037559573971,False,,,3,2.0,10.0,7.0,1,0,3
sce2m_etg_run_0072,sce-2m,MarineMicro_MvsM_4_dist_mirror,127,TrialState.COMPLETE,48.80545442785276,49.42574257425743,1.0,6.382752959317208,0.5019960159204456,0.9874500996019888,101.0,completed,etg_only,C:\Users\Binich\PycharmProjects\PredictionRTS\output\learner_results\training_runs\run_0072\trials\trial_0127,random_beam,multi_step,5,3,win_rate,8,3,0.016442950824528364,0.6059614883397464,False,,,2,3.0,9.0,,1,0,3
sce2m_etg_run_0072,sce-2m,MarineMicro_MvsM_4_dist_mirror,128,TrialState.COMPLETE,36.14330946856656,43.25892857142857,0.9642857142857143,21.120718304763777,5.341767077651726,0.8664558230587068,112.0,completed,etg_only,C:\Users\Binich\PycharmProjects\PredictionRTS\output\learner_results\training_runs\run_0072\trials\trial_0128,best_subtree_quality,multi_step,7,4,future_reward,9,4,0.034773164789422877,0.6443248682639685,False,,,3,3.0,10.0,0.0,1,0,3
sce2m_etg_run_0072,sce-2m,MarineMicro_MvsM_4_dist_mirror,129,TrialState.COMPLETE,53.467267770634436,55.277227722772274,1.0,5.054394836769692,1.3097327971765849,0.9672566800705854,101.0,completed,etg_only,C:\Users\Binich\PycharmProjects\PredictionRTS\output\learner_results\training_runs\run_0072\trials\trial_0129,random_beam,multi_step,6,2,win_rate,8,5,0.01194898134642987,0.6331148395784383,False,,,2,4.0,10.0,,1,0,3
sce2m_etg_run_0072,sce-2m,MarineMicro_MvsM_4_dist_mirror,130,TrialState.COMPLETE,48.455928372547106,51.24,0.99,8.94664182808276,1.7912707302950606,0.9552182317426234,100.0,completed,etg_only,C:\Users\Binich\PycharmProjects\PredictionRTS\output\learner_results\training_runs\run_0072\trials\trial_0130,random_beam,multi_step,6,2,win_rate,9,4,0.030114663385908194,0.6613951036031515,False,,,3,2.0,10.0,1.0,1,0,3
sce2m_etg_run_0072,sce-2m,MarineMicro_MvsM_4_dist_mirror,131,TrialState.COMPLETE,53.84087235963516,55.528301886792455,1.0,4.630105641180016,1.2155455649247238,0.9696113608768819,106.0,completed,etg_only,C:\Users\Binich\PycharmProjects\PredictionRTS\output\learner_results\training_runs\run_0072\trials\trial_0131,random_beam,multi_step,6,2,win_rate,9,4,0.019009899063702245,0.6707621391807078,False,,,2,3.0,10.0,,1,0,3
sce2m_etg_run_0072,sce-2m,MarineMicro_MvsM_4_dist_mirror,132,TrialState.COMPLETE,55.26762399845374,55.65714285714286,1.0,4.381407843818874,0.2799416848895077,0.9930014578777623,105.0,completed,etg_only,C:\Users\Binich\PycharmProjects\PredictionRTS\output\learner_results\training_runs\run_0072\trials\trial_0132,random_beam,multi_step,6,7,win_rate,9,4,0.019197935765788866,0.6535460112144593,False,,,2,3.0,10.0,,1,0,3
sce2m_etg_run_0072,sce-2m,MarineMicro_MvsM_4_dist_mirror,133,TrialState.COMPLETE,49.143453563637316,50.416666666666664,1.0,5.6929537344178565,1.0101525445522117,0.9747461863861947,108.0,completed,etg_only,C:\Users\Binich\PycharmProjects\PredictionRTS\output\learner_results\training_runs\run_0072\trials\trial_0133,random_beam,multi_step,10,7,win_rate,10,4,0.015106186140989386,0.6533334206193461,False,,,2,3.0,9.0,,1,0,3
sce2m_etg_run_0072,sce-2m,MarineMicro_MvsM_4_dist_mirror,134,TrialState.COMPLETE,53.504512708314536,54.75,1.0,6.2263552741551775,0.9099450532861849,0.9772513736678454,100.0,completed,etg_only,C:\Users\Binich\PycharmProjects\PredictionRTS\output\learner_results\training_runs\run_0072\trials\trial_0134,random_beam,multi_step,6,6,win_rate,8,4,0.017991673715846625,0.6413707029543401,False,,,2,4.0,10.0,,1,0,3
sce2m_etg_run_0072,sce-2m,MarineMicro_MvsM_4_dist_mirror,135,TrialState.COMPLETE,52.17774264557349,54.70434782608696,0.991304347826087,7.984739698508027,1.5127906763095507,0.9621802330922612,115.0,completed,etg_only,C:\Users\Binich\PycharmProjects\PredictionRTS\output\learner_results\training_runs\run_0072\trials\trial_0135,random_beam,multi_step,6,9,win_rate,9,4,0.02116625013694868,0.6826335286752404,False,,,2,3.0,10.0,,1,0,3
sce2m_etg_run_0072,sce-2m,MarineMicro_MvsM_4_dist_mirror,136,TrialState.COMPLETE,51.280223718174696,52.86923076923077,1.0,5.886605998155031,1.2022168871659495,0.9699445778208513,130.0,completed,etg_only,C:\Users\Binich\PycharmProjects\PredictionRTS\output\learner_results\training_runs\run_0072\trials\trial_0136,random_beam,multi_step,6,7,win_rate,7,3,0.028048618333871064,0.6266514996755252,False,,,2,5.0,10.0,,1,0,3
sce2m_etg_run_0072,sce-2m,MarineMicro_MvsM_4_dist_mirror,137,TrialState.COMPLETE,51.28027818368641,52.47,1.0,5.152581877078713,0.9069729874698581,0.9773256753132535,100.0,completed,etg_only,C:\Users\Binich\PycharmProjects\PredictionRTS\output\learner_results\training_runs\run_0072\trials\trial_0137,best_subtree_winrate,multi_step,6,8,win_rate,8,4,0.024929628248028673,0.6602188521503668,True,0.5050760654666957,0.576889973905215,2,3.0,9.0,,1,1,3
sce2m_etg_run_0072,sce-2m,MarineMicro_MvsM_4_dist_mirror,138,TrialState.COMPLETE,49.45993157092244,50.49230769230769,1.0,6.922923075213638,0.817848237538587,0.9795537940615353,130.0,completed,etg_only,C:\Users\Binich\PycharmProjects\PredictionRTS\output\learner_results\training_runs\run_0072\trials\trial_0138,random_beam,multi_step,5,3,win_rate,10,4,0.013441282572010856,0.7546350898543447,False,,,3,2.0,6.0,3.0,1,0,3
sce2m_etg_run_0072,sce-2m,MarineMicro_MvsM_4_dist_mirror,139,TrialState.COMPLETE,54.15119584214386,55.5,1.0,3.9247733888526803,0.9721111047611797,0.9756972223809706,104.0,completed,etg_only,C:\Users\Binich\PycharmProjects\PredictionRTS\output\learner_results\training_runs\run_0072\trials\trial_0139,random_beam,multi_step,6,3,win_rate,7,3,0.016248305231248334,0.6966343090444789,False,,,2,3.0,10.0,,1,0,3
sce2m_etg_run_0072,sce-2m,MarineMicro_MvsM_4_dist_mirror,140,TrialState.COMPLETE,49.48247196389799,50.76923076923077,1.0,6.041571957361454,1.0138099678379446,0.9746547508040514,130.0,completed,etg_only,C:\Users\Binich\PycharmProjects\PredictionRTS\output\learner_results\training_runs\run_0072\trials\trial_0140,best_subtree_quality,multi_step,7,7,win_rate,9,4,0.009499436284679155,0.5988180446834812,False,,,2,4.0,1.0,,1,0,3
sce2m_etg_run_0072,sce-2m,MarineMicro_MvsM_4_dist_mirror,141,TrialState.COMPLETE,54.3863235512699,56.009433962264154,1.0,4.99149329759929,1.1591693014343307,0.9710207674641418,106.0,completed,etg_only,C:\Users\Binich\PycharmProjects\PredictionRTS\output\learner_results\training_runs\run_0072\trials\trial_0141,random_beam,multi_step,6,2,win_rate,9,4,0.019213029453993627,0.6715577631269056,False,,,2,3.0,10.0,,1,0,3
sce2m_etg_run_0072,sce-2m,MarineMicro_MvsM_4_dist_mirror,142,TrialState.COMPLETE,54.718791489086826,55.93457943925234,1.0,5.320162719803289,0.8694356602687403,0.9782641084932815,107.0,completed,etg_only,C:\Users\Binich\PycharmProjects\PredictionRTS\output\learner_results\training_runs\run_0072\trials\trial_0142,random_beam,multi_step,6,2,win_rate,9,4,0.02163821275942434,0.6510996215388821,False,,,2,3.0,10.0,,1,0,3
sce2m_etg_run_0072,sce-2m,MarineMicro_MvsM_4_dist_mirror,143,TrialState.COMPLETE,55.26761014686249,55.90654205607477,1.0,4.129974112929151,0.45714285714285774,0.9885714285714285,107.0,completed,etg_only,C:\Users\Binich\PycharmProjects\PredictionRTS\output\learner_results\training_runs\run_0072\trials\trial_0143,random_beam,multi_step,6,2,win_rate,9,4,0.023027451107204836,0.6486285159598589,False,,,2,3.0,10.0,,1,0,3
sce2m_etg_run_0072,sce-2m,MarineMicro_MvsM_4_dist_mirror,144,TrialState.COMPLETE,53.44714819523297,54.728155339805824,1.0,5.889259888485308,0.9362691920596329,0.9765932701985092,103.0,completed,etg_only,C:\Users\Binich\PycharmProjects\PredictionRTS\output\learner_results\training_runs\run_0072\trials\trial_0144,random_beam,multi_step,6,2,win_rate,8,4,0.02189245950953462,0.6135843461315093,False,,,2,4.0,10.0,,1,0,3
sce2m_etg_run_0072,sce-2m,MarineMicro_MvsM_4_dist_mirror,145,TrialState.COMPLETE,47.68869855725123,49.48854961832061,1.0,6.162390747790508,1.4547616165361053,0.9636309595865974,131.0,completed,etg_only,C:\Users\Binich\PycharmProjects\PredictionRTS\output\learner_results\training_runs\run_0072\trials\trial_0145,random_beam,multi_step,6,13,win_rate,9,4,0.017739684045918216,0.6488967248648169,False,,,2,3.0,9.0,,1,0,3
sce2m_etg_run_0072,sce-2m,MarineMicro_MvsM_4_dist_mirror,146,TrialState.COMPLETE,50.11132311689339,51.16153846153846,1.0,6.129128242886706,0.8210975480611009,0.9794725612984725,130.0,completed,etg_only,C:\Users\Binich\PycharmProjects\PredictionRTS\output\learner_results\training_runs\run_0072\trials\trial_0146,random_beam,multi_step,6,3,win_rate,9,4,0.023547082760967307,0.6354242843651782,False,,,3,2.0,10.0,0.0,1,0,3
sce2m_etg_run_0072,sce-2m,MarineMicro_MvsM_4_dist_mirror,147,TrialState.COMPLETE,37.04692296656659,44.919642857142854,0.9910714285714286,19.901605459672066,6.713289196702148,0.8321677700824462,112.0,completed,etg_only,C:\Users\Binich\PycharmProjects\PredictionRTS\output\learner_results\training_runs\run_0072\trials\trial_0147,random_beam,multi_step,6,2,quality,8,4,0.011531368250616902,0.6227015827800002,False,,,2,3.0,10.0,,1,0,3
sce2m_etg_run_0072,sce-2m,MarineMicro_MvsM_4_dist_mirror,148,TrialState.COMPLETE,52.81956152292829,54.06,1.0,6.840789428128891,0.9178235124467002,0.9770544121888325,100.0,completed,etg_only,C:\Users\Binich\PycharmProjects\PredictionRTS\output\learner_results\training_runs\run_0072\trials\trial_0148,highest_transition_prob,multi_step,7,4,win_rate,10,4,0.02060759666044196,0.6542172553881439,False,,,3,4.0,10.0,10.0,1,0,3
sce2m_etg_run_0072,sce-2m,MarineMicro_MvsM_4_dist_mirror,149,TrialState.COMPLETE,48.072513376924306,49.61764705882353,1.0,6.476267561064115,1.245632369521602,0.9688591907619599,102.0,completed,etg_only,C:\Users\Binich\PycharmProjects\PredictionRTS\output\learner_results\training_runs\run_0072\trials\trial_0149,random_beam,multi_step,5,2,win_rate,7,3,0.014680290165264792,0.6417653689980273,False,,,2,2.0,9.0,,1,0,3
sce2m_etg_run_0072,sce-2m,MarineMicro_MvsM_4_dist_mirror,150,TrialState.COMPLETE,54.469212128004045,55.47115384615385,1.0,4.833689327500569,0.7224956747275392,0.9819376081318115,104.0,completed,etg_only,C:\Users\Binich\PycharmProjects\PredictionRTS\output\learner_results\training_runs\run_0072\trials\trial_0150,random_beam,multi_step,6,3,win_rate,8,4,0.016470078712542427,0.6089348552431563,False,,,2,3.0,10.0,,1,0,3
sce2m_etg_run_0072,sce-2m,MarineMicro_MvsM_4_dist_mirror,151,TrialState.COMPLETE,53.10108807220144,54.990566037735846,1.0,5.630937592458943,1.3744015395206517,0.9656399615119837,106.0,completed,etg_only,C:\Users\Binich\PycharmProjects\PredictionRTS\output\learner_results\training_runs\run_0072\trials\trial_0151,random_beam,multi_step,6,2,win_rate,9,4,0.026539283581190454,0.6763838662583331,False,,,2,3.0,10.0,,1,0,3
sce2m_etg_run_0072,sce-2m,MarineMicro_MvsM_4_dist_mirror,152,TrialState.COMPLETE,54.90502277365456,55.96261682242991,1.0,5.18971886881044,0.7559289460184544,0.9811017763495387,107.0,completed,etg_only,C:\Users\Binich\PycharmProjects\PredictionRTS\output\learner_results\training_runs\run_0072\trials\trial_0152,random_beam,multi_step,6,2,win_rate,9,4,0.029165311146524153,0.66218072335286,False,,,2,3.0,10.0,,1,0,3
sce2m_etg_run_0072,sce-2m,MarineMicro_MvsM_4_dist_mirror,153,TrialState.COMPLETE,54.59190516961745,56.04807692307692,1.0,4.5812741922801425,1.0392304845413258,0.9740192378864668,104.0,completed,etg_only,C:\Users\Binich\PycharmProjects\PredictionRTS\output\learner_results\training_runs\run_0072\trials\trial_0153,random_beam,multi_step,6,6,win_rate,9,4,0.031401438179740386,0.656367786327518,False,,,2,3.0,10.0,,1,0,3
sce2m_etg_run_0072,sce-2m,MarineMicro_MvsM_4_dist_mirror,154,TrialState.COMPLETE,41.55275863667865,43.2992125984252,0.984251968503937,12.103435420833952,0.999195836276275,0.9750201040930931,127.0,completed,etg_only,C:\Users\Binich\PycharmProjects\PredictionRTS\output\learner_results\training_runs\run_0072\trials\trial_0154,random_beam,multi_step,6,2,win_rate,2,4,0.02305924205168195,0.6310392643539476,False,,,2,4.0,10.0,,1,0,3
sce2m_etg_run_0072,sce-2m,MarineMicro_MvsM_4_dist_mirror,155,TrialState.COMPLETE,14.98066539721515,18.714285714285715,0.9142857142857143,14.623994819808845,4.9784062755943514,0.8755398431101412,105.0,completed,etg_only,C:\Users\Binich\PycharmProjects\PredictionRTS\output\learner_results\training_runs\run_0072\trials\trial_0155,random_beam,multi_step,6,2,win_rate,9,4,0.03897390026250391,0.6842757061409958,False,,,3,3.0,10.0,3.0,1,0,3
sce2m_etg_run_0072,sce-2m,MarineMicro_MvsM_4_dist_mirror,156,TrialState.COMPLETE,48.771386902205904,50.97692307692308,1.0,6.58841101960963,1.7306153777771696,0.9567346155555707,130.0,completed,etg_only,C:\Users\Binich\PycharmProjects\PredictionRTS\output\learner_results\training_runs\run_0072\trials\trial_0156,random_beam,multi_step,6,3,win_rate,8,4,0.01855149739220606,0.6423742200506645,False,,,1,3.0,,,1,0,3
sce2m_etg_run_0072,sce-2m,MarineMicro_MvsM_4_dist_mirror,157,TrialState.COMPLETE,29.562847177747127,36.05769230769231,0.9326923076923077,23.69145696524582,4.838294974624008,0.8790426256343998,104.0,completed,etg_only,C:\Users\Binich\PycharmProjects\PredictionRTS\output\learner_results\training_runs\run_0072\trials\trial_0157,random_beam,multi_step,6,13,win_rate,9,4,0.007572203389274765,0.6629208288363929,False,,,2,3.0,10.0,,1,0,3
sce2m_etg_run_0072,sce-2m,MarineMicro_MvsM_4_dist_mirror,158,TrialState.COMPLETE,35.79512672399284,41.94444444444444,0.9629629629629629,21.102849260552006,4.551336550462515,0.8862165862384371,108.0,completed,etg_only,C:\Users\Binich\PycharmProjects\PredictionRTS\output\learner_results\training_runs\run_0072\trials\trial_0158,random_beam,multi_step,5,12,future_reward,8,4,0.013234307166074306,0.6471290322592861,False,,,2,4.0,10.0,,1,0,3
sce2m_etg_run_0072,sce-2m,MarineMicro_MvsM_4_dist_mirror,159,TrialState.COMPLETE,43.631650509783924,46.1484375,0.9921875,11.023476257904933,1.8836873400009977,0.952907816499975,128.0,completed,etg_only,C:\Users\Binich\PycharmProjects\PredictionRTS\output\learner_results\training_runs\run_0072\trials\trial_0159,best_subtree_quality,multi_step,6,2,win_rate,4,4,0.029187818713124203,0.6266465411387899,True,0.12686753331868972,0.7766013871459403,2,5.0,9.0,,1,1,3
sce2m_etg_run_0072,sce-2m,MarineMicro_MvsM_4_dist_mirror,160,TrialState.COMPLETE,32.076117857796284,40.63106796116505,0.9514563106796117,21.591975447231036,6.810959027297617,0.8297260243175596,103.0,completed,etg_only,C:\Users\Binich\PycharmProjects\PredictionRTS\output\learner_results\training_runs\run_0072\trials\trial_0160,random_beam,multi_step,6,3,win_rate,7,4,0.010628547946876487,0.6870272012465941,False,,,3,3.0,10.0,4.0,1,0,3
sce2m_etg_run_0072,sce-2m,MarineMicro_MvsM_4_dist_mirror,161,TrialState.COMPLETE,54.56050898137873,55.18269230769231,1.0,4.085067608603792,0.4509988913511886,0.9887250277162203,104.0,completed,etg_only,C:\Users\Binich\PycharmProjects\PredictionRTS\output\learner_results\training_runs\run_0072\trials\trial_0161,random_beam,multi_step,6,5,win_rate,9,4,0.03237014057594804,0.652551212649813,False,,,2,3.0,10.0,,1,0,3
sce2m_etg_run_0072,sce-2m,MarineMicro_MvsM_4_dist_mirror,162,TrialState.COMPLETE,16.229391703698205,20.504587155963304,0.8715596330275229,16.634011720883127,3.6742912362390867,0.9081427190940228,109.0,completed,etg_only,C:\Users\Binich\PycharmProjects\PredictionRTS\output\learner_results\training_runs\run_0072\trials\trial_0162,random_beam,multi_step,6,6,win_rate,9,4,0.030437212455710762,0.6333244106107335,False,,,2,3.0,10.0,,1,0,3
sce2m_etg_run_0072,sce-2m,MarineMicro_MvsM_4_dist_mirror,163,TrialState.COMPLETE,52.773653975332365,54.87378640776699,1.0,5.7869615946598145,1.5308820986607692,0.9617279475334808,103.0,completed,etg_only,C:\Users\Binich\PycharmProjects\PredictionRTS\output\learner_results\training_runs\run_0072\trials\trial_0163,random_beam,multi_step,6,6,win_rate,9,4,0.024557832339248395,0.6640549061229949,False,,,2,3.0,10.0,,1,0,3
sce2m_etg_run_0072,sce-2m,MarineMicro_MvsM_4_dist_mirror,164,TrialState.COMPLETE,53.94226597377387,55.03738317757009,1.0,4.062422355594138,0.7959079015533775,0.9801023024611656,107.0,completed,etg_only,C:\Users\Binich\PycharmProjects\PredictionRTS\output\learner_results\training_runs\run_0072\trials\trial_0164,random_beam,multi_step,6,2,win_rate,9,4,0.021402344271393127,0.654730860582164,False,,,2,3.0,10.0,,1,0,3
sce2m_etg_run_0072,sce-2m,MarineMicro_MvsM_4_dist_mirror,165,TrialState.COMPLETE,49.93050793708357,51.69230769230769,1.0,7.474928508890085,1.3632974296377163,0.9659175642590571,130.0,completed,etg_only,C:\Users\Binich\PycharmProjects\PredictionRTS\output\learner_results\training_runs\run_0072\trials\trial_0165,random_beam,multi_step,6,7,win_rate,9,4,0.026795231111351608,0.6174089683271434,False,,,2,2.0,10.0,,1,0,3
sce2m_etg_run_0072,sce-2m,MarineMicro_MvsM_4_dist_mirror,166,TrialState.COMPLETE,33.701564670383306,40.74,0.94,21.454426116771337,4.798499388563383,0.8800375152859155,100.0,completed,etg_only,C:\Users\Binich\PycharmProjects\PredictionRTS\output\learner_results\training_runs\run_0072\trials\trial_0166,random_beam,multi_step,6,6,win_rate,10,4,0.0021731348871959545,0.7085340002674803,False,,,2,4.0,9.0,,1,0,3
sce2m_etg_run_0072,sce-2m,MarineMicro_MvsM_4_dist_mirror,167,TrialState.COMPLETE,54.52380161446295,55.885714285714286,1.0,4.207282316388564,0.9747841205275413,0.9756303969868114,105.0,completed,etg_only,C:\Users\Binich\PycharmProjects\PredictionRTS\output\learner_results\training_runs\run_0072\trials\trial_0167,best_subtree_winrate,multi_step,6,5,win_rate,8,4,0.01928489717057676,0.63894477921123,False,,,2,3.0,10.0,,1,0,3
sce2m_etg_run_0072,sce-2m,MarineMicro_MvsM_4_dist_mirror,168,TrialState.COMPLETE,10.764192866262642,16.38235294117647,0.7843137254901961,21.95987611917586,6.4899274145432315,0.8377518146364192,102.0,completed,etg_only,C:\Users\Binich\PycharmProjects\PredictionRTS\output\learner_results\training_runs\run_0072\trials\trial_0168,random_beam,multi_step,7,14,win_rate,8,4,0.03561067174697728,0.6760555105918845,False,,,2,2.0,10.0,,1,0,3
sce2m_etg_run_0072,sce-2m,MarineMicro_MvsM_4_dist_mirror,169,TrialState.COMPLETE,48.76725324149818,50.089285714285715,0.9910714285714286,7.9659471361232495,0.7048915442916804,0.982377711392708,112.0,completed,etg_only,C:\Users\Binich\PycharmProjects\PredictionRTS\output\learner_results\training_runs\run_0072\trials\trial_0169,random_beam,multi_step,8,2,win_rate,9,4,0.015358211695340077,0.6578489667878678,False,,,3,3.0,9.0,1.0,1,0,3
sce2m_etg_run_0072,sce-2m,MarineMicro_MvsM_4_dist_mirror,170,TrialState.COMPLETE,54.406437166892445,55.11764705882353,1.0,5.571802464100997,0.516139516022558,0.987096512099436,102.0,completed,etg_only,C:\Users\Binich\PycharmProjects\PredictionRTS\output\learner_results\training_runs\run_0072\trials\trial_0170,random_beam,multi_step,6,3,win_rate,7,4,0.022428285885440276,0.6696079949638982,False,,,2,4.0,10.0,,1,0,3
sce2m_etg_run_0072,sce-2m,MarineMicro_MvsM_4_dist_mirror,171,TrialState.COMPLETE,54.261964536591364,55.2,1.0,5.013125628929378,0.679735843049734,0.9830066039237566,105.0,completed,etg_only,C:\Users\Binich\PycharmProjects\PredictionRTS\output\learner_results\training_runs\run_0072\trials\trial_0171,random_beam,multi_step,6,5,win_rate,9,4,0.029362079542142764,0.6513796273745235,False,,,2,3.0,10.0,,1,0,3
sce2m_etg_run_0072,sce-2m,MarineMicro_MvsM_4_dist_mirror,172,TrialState.COMPLETE,55.39612968577934,56.18446601941748,1.0,4.121333493349989,0.5612486080160927,0.9859687847995977,103.0,completed,etg_only,C:\Users\Binich\PycharmProjects\PredictionRTS\output\learner_results\training_runs\run_0072\trials\trial_0172,random_beam,multi_step,9,5,win_rate,9,4,0.02538012056816991,0.6494886162758202,False,,,2,3.0,10.0,,1,0,3
sce2m_etg_run_0072,sce-2m,MarineMicro_MvsM_4_dist_mirror,173,TrialState.COMPLETE,55.188718782245985,56.07692307692308,1.0,4.443431426300702,0.6335613624582874,0.9841609659385429,104.0,completed,etg_only,C:\Users\Binich\PycharmProjects\PredictionRTS\output\learner_results\training_runs\run_0072\trials\trial_0173,random_beam,multi_step,9,2,win_rate,9,4,0.02517253437804455,0.642971868145851,False,,,2,3.0,10.0,,1,0,3
sce2m_etg_run_0072,sce-2m,MarineMicro_MvsM_4_dist_mirror,174,TrialState.COMPLETE,54.41343858850632,55.970588235294116,1.0,4.761890962247264,1.1128342194594854,0.9721791445135128,102.0,completed,etg_only,C:\Users\Binich\PycharmProjects\PredictionRTS\output\learner_results\training_runs\run_0072\trials\trial_0174,random_beam,multi_step,9,2,win_rate,9,4,0.025152902052665634,0.6252964303625336,False,,,2,3.0,10.0,,1,0,3
sce2m_etg_run_0072,sce-2m,MarineMicro_MvsM_4_dist_mirror,175,TrialState.COMPLETE,47.49424806889686,49.093023255813954,1.0,6.650105624229788,1.3026496075307445,0.9674337598117314,129.0,completed,etg_only,C:\Users\Binich\PycharmProjects\PredictionRTS\output\learner_results\training_runs\run_0072\trials\trial_0175,random_beam,multi_step,9,2,win_rate,10,4,0.021650468874612885,0.6406007290413721,False,,,2,3.0,10.0,,1,0,3
sce2m_etg_run_0072,sce-2m,MarineMicro_MvsM_4_dist_mirror,176,TrialState.COMPLETE,54.87693729244348,56.50961538461539,1.0,4.708819859312482,1.1556816170554947,0.9711079595736126,104.0,completed,etg_only,C:\Users\Binich\PycharmProjects\PredictionRTS\output\learner_results\training_runs\run_0072\trials\trial_0176,random_beam,multi_step,9,2,win_rate,8,4,0.01752012660217783,0.6103975102537698,False,,,2,3.0,10.0,,1,0,3
sce2m_etg_run_0072,sce-2m,MarineMicro_MvsM_4_dist_mirror,177,TrialState.COMPLETE,50.16500510883282,51.214285714285715,1.0,7.983720681384547,0.8195218117902667,0.9795119547052433,126.0,completed,etg_only,C:\Users\Binich\PycharmProjects\PredictionRTS\output\learner_results\training_runs\run_0072\trials\trial_0177,random_beam,multi_step,10,2,win_rate,8,4,0.018293016565078427,0.6006299442191768,False,,,3,4.0,10.0,6.0,1,0,3
sce2m_etg_run_0072,sce-2m,MarineMicro_MvsM_4_dist_mirror,178,TrialState.COMPLETE,54.480118396055595,55.396039603960396,1.0,4.4590084763869795,0.6613622305514579,0.9834659442362136,101.0,completed,etg_only,C:\Users\Binich\PycharmProjects\PredictionRTS\output\learner_results\training_runs\run_0072\trials\trial_0178,best_subtree_quality,multi_step,9,3,win_rate,8,4,0.016787628439265005,0.5698182675450251,False,,,2,3.0,10.0,,1,0,3
sce2m_etg_run_0072,sce-2m,MarineMicro_MvsM_4_dist_mirror,179,TrialState.COMPLETE,37.344063989041295,44.55882352941177,0.9485294117647058,21.351665008048364,4.6575174589348,0.88356206352663,136.0,completed,etg_only,C:\Users\Binich\PycharmProjects\PredictionRTS\output\learner_results\training_runs\run_0072\trials\trial_0179,highest_transition_prob,multi_step,9,2,quality,8,4,0.012616952883508472,0.5874313895427603,False,,,2,7.0,10.0,,1,0,3
sce2m_etg_run_0072,sce-2m,MarineMicro_MvsM_4_dist_mirror,180,TrialState.COMPLETE,49.364979753710045,50.63358778625954,1.0,6.102441141965118,1.0021869577203915,0.9749453260569902,131.0,completed,etg_only,C:\Users\Binich\PycharmProjects\PredictionRTS\output\learner_results\training_runs\run_0072\trials\trial_0180,random_beam,multi_step,9,13,win_rate,8,3,0.023850203787614703,0.6220567264987494,False,,,3,3.0,9.0,2.0,1,0,3
sce2m_etg_run_0072,sce-2m,MarineMicro_MvsM_4_dist_mirror,181,TrialState.COMPLETE,55.307749326145554,56.5188679245283,1.0,4.304957940485426,0.8571428571428562,0.9785714285714286,106.0,completed,etg_only,C:\Users\Binich\PycharmProjects\PredictionRTS\output\learner_results\training_runs\run_0072\trials\trial_0181,random_beam,multi_step,9,2,win_rate,9,4,0.020146701386860925,0.6088959080994851,False,,,2,3.0,10.0,,1,0,3
sce2m_etg_run_0072,sce-2m,MarineMicro_MvsM_4_dist_mirror,182,TrialState.COMPLETE,49.530166153632706,50.29007633587786,1.0,6.762591930058581,0.604421577863483,0.984889460553413,131.0,completed,etg_only,C:\Users\Binich\PycharmProjects\PredictionRTS\output\learner_results\training_runs\run_0072\trials\trial_0182,random_beam,multi_step,9,2,win_rate,7,4,0.020331999234970758,0.61146647492368,False,,,2,3.0,3.0,,1,0,3
sce2m_etg_run_0072,sce-2m,MarineMicro_MvsM_4_dist_mirror,183,TrialState.COMPLETE,32.44063295037839,34.90909090909091,0.9818181818181818,13.081246433901578,2.1400792149326286,0.9464980196266843,110.0,completed,etg_only,C:\Users\Binich\PycharmProjects\PredictionRTS\output\learner_results\training_runs\run_0072\trials\trial_0183,random_beam,multi_step,9,2,win_rate,8,4,0.026797952141175172,0.6070877473397535,False,,,2,3.0,10.0,,1,0,3
sce2m_etg_run_0072,sce-2m,MarineMicro_MvsM_4_dist_mirror,184,TrialState.COMPLETE,50.714210146300765,51.70992366412214,1.0,6.649902197086364,0.7702301200743986,0.98074424699814,131.0,completed,etg_only,C:\Users\Binich\PycharmProjects\PredictionRTS\output\learner_results\training_runs\run_0072\trials\trial_0184,random_beam,multi_step,9,2,win_rate,9,4,0.014558647027408951,0.6441851983770511,False,,,2,2.0,10.0,,1,0,3
sce2m_etg_run_0072,sce-2m,MarineMicro_MvsM_4_dist_mirror,185,TrialState.COMPLETE,52.980956927025304,54.02325581395349,1.0,5.209509962639316,0.77174088915905,0.9807064777710237,129.0,completed,etg_only,C:\Users\Binich\PycharmProjects\PredictionRTS\output\learner_results\training_runs\run_0072\trials\trial_0185,random_beam,multi_step,9,3,win_rate,9,4,0.017383759410778663,0.6311125809308321,False,,,2,4.0,10.0,,1,0,3
sce2m_etg_run_0072,sce-2m,MarineMicro_MvsM_4_dist_mirror,186,TrialState.COMPLETE,48.309930886414335,50.038167938931295,1.0,6.976957253804472,1.3815350351165332,0.9654616241220867,131.0,completed,etg_only,C:\Users\Binich\PycharmProjects\PredictionRTS\output\learner_results\training_runs\run_0072\trials\trial_0186,random_beam,multi_step,10,2,win_rate,7,4,0.023163978374662737,0.6630718511696204,False,,,2,3.0,10.0,,1,0,3
sce2m_etg_run_0072,sce-2m,MarineMicro_MvsM_4_dist_mirror,187,TrialState.COMPLETE,50.96249295699246,52.0990099009901,1.0,5.906038109292626,0.8725823743349405,0.9781854406416265,101.0,completed,etg_only,C:\Users\Binich\PycharmProjects\PredictionRTS\output\learner_results\training_runs\run_0072\trials\trial_0187,random_beam,multi_step,8,2,win_rate,8,4,0.020271467264719675,0.615970525723822,False,,,1,4.0,,,1,0,3
sce2m_etg_run_0072,sce-2m,MarineMicro_MvsM_4_dist_mirror,188,TrialState.COMPLETE,36.93412628493358,40.698113207547166,0.9528301886792453,21.313105991526715,1.9023632072860863,0.9524409198178478,106.0,completed,etg_only,C:\Users\Binich\PycharmProjects\PredictionRTS\output\learner_results\training_runs\run_0072\trials\trial_0188,random_beam,multi_step,9,4,future_reward,9,4,0.024727713312949647,0.671717503031986,False,,,2,8.0,10.0,,1,0,3
sce2m_etg_run_0072,sce-2m,MarineMicro_MvsM_4_dist_mirror,189,TrialState.COMPLETE,51.756460098842965,52.81818181818182,1.0,6.198506884993012,0.804057756470047,0.9798985560882488,132.0,completed,etg_only,C:\Users\Binich\PycharmProjects\PredictionRTS\output\learner_results\training_runs\run_0072\trials\trial_0189,random_beam,multi_step,9,3,win_rate,8,4,0.01564520980824633,0.5912396592372471,True,0.8884998005144167,0.38983326522284695,2,3.0,10.0,,1,1,3
sce2m_etg_run_0072,sce-2m,MarineMicro_MvsM_4_dist_mirror,190,TrialState.COMPLETE,54.064871127747516,55.97222222222222,1.0,4.639720484343805,1.3630697647858934,0.9659232558803527,108.0,completed,etg_only,C:\Users\Binich\PycharmProjects\PredictionRTS\output\learner_results\training_runs\run_0072\trials\trial_0190,random_beam,multi_step,9,2,win_rate,9,4,0.02778905836370885,0.6484650156477024,False,,,3,3.0,10.0,9.0,1,0,3
sce2m_etg_run_0072,sce-2m,MarineMicro_MvsM_4_dist_mirror,191,TrialState.COMPLETE,54.106390816738916,54.96116504854369,1.0,4.677818614715243,0.6220932405998326,0.9844476689850041,103.0,completed,etg_only,C:\Users\Binich\PycharmProjects\PredictionRTS\output\learner_results\training_runs\run_0072\trials\trial_0191,random_beam,multi_step,9,2,win_rate,9,4,0.018934891756454384,0.6351268595180728,False,,,2,3.0,10.0,,1,0,3
sce2m_etg_run_0072,sce-2m,MarineMicro_MvsM_4_dist_mirror,192,TrialState.COMPLETE,48.23196099884898,50.46,1.0,7.861831847603967,1.766182323544203,0.9558454419113949,100.0,completed,etg_only,C:\Users\Binich\PycharmProjects\PredictionRTS\output\learner_results\training_runs\run_0072\trials\trial_0192,random_beam,multi_step,10,2,win_rate,9,4,0.02107589594951126,0.6242471387627679,False,,,2,3.0,10.0,,1,0,3
sce2m_etg_run_0072,sce-2m,MarineMicro_MvsM_4_dist_mirror,193,TrialState.COMPLETE,53.58576209940134,55.41346153846154,1.0,4.939266873587689,1.31931800563776,0.967017049859056,104.0,completed,etg_only,C:\Users\Binich\PycharmProjects\PredictionRTS\output\learner_results\training_runs\run_0072\trials\trial_0193,random_beam,multi_step,6,2,win_rate,9,4,0.022532402964945103,0.6380584490624543,False,,,2,3.0,10.0,,1,0,3
sce2m_etg_run_0072,sce-2m,MarineMicro_MvsM_4_dist_mirror,194,TrialState.COMPLETE,20.4624219908708,28.35576923076923,0.875,27.623818550869483,7.011122227574463,0.8247219443106384,104.0,completed,etg_only,C:\Users\Binich\PycharmProjects\PredictionRTS\output\learner_results\training_runs\run_0072\trials\trial_0194,random_beam,multi_step,6,3,win_rate,9,4,0.011309396517777601,0.6919681146598935,False,,,2,3.0,10.0,,1,0,3
sce2m_etg_run_0072,sce-2m,MarineMicro_MvsM_4_dist_mirror,195,TrialState.COMPLETE,56.44445932923244,57.05714285714286,1.0,4.322319860860813,0.42952275366779635,0.9892619311583051,105.0,completed,etg_only,C:\Users\Binich\PycharmProjects\PredictionRTS\output\learner_results\training_runs\run_0072\trials\trial_0195,random_beam,multi_step,8,2,win_rate,8,4,0.017005640326870644,0.6611098000563229,False,,,2,3.0,10.0,,1,0,3
sce2m_etg_run_0072,sce-2m,MarineMicro_MvsM_4_dist_mirror,196,TrialState.COMPLETE,48.16920964635769,50.07920792079208,1.0,7.035529589187534,1.5255818562109342,0.9618604535947266,101.0,completed,etg_only,C:\Users\Binich\PycharmProjects\PredictionRTS\output\learner_results\training_runs\run_0072\trials\trial_0196,random_beam,multi_step,8,2,win_rate,8,4,0.013654847322347287,0.6782028020381744,False,,,2,3.0,9.0,,1,0,3
sce2m_etg_run_0072,sce-2m,MarineMicro_MvsM_4_dist_mirror,197,TrialState.COMPLETE,49.845860666284054,51.714285714285715,1.0,5.598833697790121,1.4451906448631615,0.963870233878421,126.0,completed,etg_only,C:\Users\Binich\PycharmProjects\PredictionRTS\output\learner_results\training_runs\run_0072\trials\trial_0197,random_beam,multi_step,8,3,win_rate,8,2,0.017093303317751243,0.6610630604875591,False,,,2,2.0,10.0,,1,0,3
sce2m_etg_run_0072,sce-2m,MarineMicro_MvsM_4_dist_mirror,198,TrialState.COMPLETE,52.77005313068328,54.801980198019805,1.0,6.072205468125452,1.4831048513169922,0.9629223787170752,101.0,completed,etg_only,C:\Users\Binich\PycharmProjects\PredictionRTS\output\learner_results\training_runs\run_0072\trials\trial_0198,best_subtree_quality,multi_step,8,2,win_rate,7,3,0.01574348721106388,0.6503716043381285,False,,,2,4.0,10.0,,1,0,3
sce2m_etg_run_0072,sce-2m,MarineMicro_MvsM_4_dist_mirror,199,TrialState.COMPLETE,37.22500669730632,41.146341463414636,0.983739837398374,16.29538461607586,3.2139386216393184,0.919651534459017,123.0,completed,etg_only,C:\Users\Binich\PycharmProjects\PredictionRTS\output\learner_results\training_runs\run_0072\trials\trial_0199,random_beam,multi_step,9,2,win_rate,8,4,0.01823926368782157,0.9010598056887845,False,,,3,9.0,10.0,0.0,1,0,3
sce3_etg_run_0070,sce-3,MarineMicro_MvsM_8,0,TrialState.COMPLETE,18.921012103051197,25.722772277227723,0.7821782178217822,28.511633481784717,2.3832852022051454,0.9404178699448713,101.0,completed,etg_only,C:\Users\Binich\PycharmProjects\PredictionRTS\output\learner_results\training_runs\run_0070\trials\trial_0000,best_subtree_quality,multi_step,3,4,future_reward,8,1,0.08706020878304858,0.9162213204002109,True,0.18340450985343382,0.3042422429595377,2,4.0,3.0,,1,1,4
sce3_etg_run_0070,sce-3,MarineMicro_MvsM_8,1,TrialState.COMPLETE,47.81855412355405,56.271844660194176,0.9611650485436893,22.66479849396385,4.63551730578491,0.8841120673553773,103.0,completed,etg_only,C:\Users\Binich\PycharmProjects\PredictionRTS\output\learner_results\training_runs\run_0070\trials\trial_0001,highest_transition_prob,multi_step,6,12,win_rate,1,4,0.002193048555664369,0.5325257964926398,False,,,3,3.0,1.0,7.0,1,0,4
sce3_etg_run_0070,sce-3,MarineMicro_MvsM_8,2,TrialState.COMPLETE,14.540923726017326,24.11881188118812,0.7524752475247525,30.978845266309047,7.951784001144513,0.8012053999713872,101.0,completed,etg_only,C:\Users\Binich\PycharmProjects\PredictionRTS\output\learner_results\training_runs\run_0070\trials\trial_0002,best_subtree_winrate,multi_step,10,5,quality,6,1,0.08692991511139551,0.8875664116805573,True,0.5978999788110851,0.9218742350231168,0,,,,1,1,4
sce3_etg_run_0070,sce-3,MarineMicro_MvsM_8,3,TrialState.COMPLETE,11.070750950324815,19.29,0.67,38.903546110862436,5.736632698638026,0.8565841825340493,100.0,completed,etg_only,C:\Users\Binich\PycharmProjects\PredictionRTS\output\learner_results\training_runs\run_0070\trials\trial_0003,random_beam,multi_step,4,13,win_rate,2,5,0.0014096175149815868,0.9934434683002586,True,0.005522117123602399,0.8154614284548342,2,8.0,8.0,,1,1,4
sce3_etg_run_0070,sce-3,MarineMicro_MvsM_8,4,TrialState.COMPLETE,17.87114620789361,26.76,0.75,27.68361248103289,4.382369291691858,0.8904407677077035,100.0,completed,etg_only,C:\Users\Binich\PycharmProjects\PredictionRTS\output\learner_results\training_runs\run_0070\trials\trial_0004,random_beam,multi_step,7,6,win_rate,8,4,0.059487468132197734,0.7361074625809747,False,,,3,6.0,8.0,5.0,1,0,4
sce3_etg_run_0070,sce-3,MarineMicro_MvsM_8,5,TrialState.COMPLETE,13.112832075286736,23.316831683168317,0.7029702970297029,31.432760450932857,8.862632748658127,0.8,101.0,completed,etg_only,C:\Users\Binich\PycharmProjects\PredictionRTS\output\learner_results\training_runs\run_0070\trials\trial_0005,highest_transition_prob,multi_step,2,10,win_rate,3,3,0.03244160088734161,0.6143990827458112,False,,,0,,,,1,0,4
sce3_etg_run_0070,sce-3,MarineMicro_MvsM_8,6,TrialState.COMPLETE,14.76582294471848,24.653465346534652,0.7227722772277227,28.646509176361672,6.853460998168404,0.8286634750457899,101.0,completed,etg_only,C:\Users\Binich\PycharmProjects\PredictionRTS\output\learner_results\training_runs\run_0070\trials\trial_0006,highest_transition_prob,multi_step,9,4,quality,9,2,0.0016599837974449212,0.6139675812709708,False,,,3,0.0,5.0,4.0,1,0,4
sce3_etg_run_0070,sce-3,MarineMicro_MvsM_8,7,TrialState.COMPLETE,13.344893722131454,21.640776699029125,0.6990291262135923,30.92830869944862,4.71362905685345,0.8821592735786637,103.0,completed,etg_only,C:\Users\Binich\PycharmProjects\PredictionRTS\output\learner_results\training_runs\run_0070\trials\trial_0007,random_beam,multi_step,4,9,win_rate,10,2,0.009874088417386247,0.6504391549083848,True,0.6095643339798968,0.5026790232288615,0,,,,1,1,4
sce3_etg_run_0070,sce-3,MarineMicro_MvsM_8,8,TrialState.COMPLETE,17.99167672248083,25.8,0.74,29.54352720986443,2.3053075162773333,0.9423673120930667,100.0,completed,etg_only,C:\Users\Binich\PycharmProjects\PredictionRTS\output\learner_results\training_runs\run_0070\trials\trial_0008,best_subtree_quality,multi_step,6,15,win_rate,3,4,0.005439591236568527,0.8161529152967897,True,0.0902897700544083,0.835302495589238,1,2.0,,,1,1,4
sce3_etg_run_0070,sce-3,MarineMicro_MvsM_8,9,TrialState.COMPLETE,10.481570354459695,17.88,0.63,36.944899512652626,2.7798361050399656,0.9305040973740009,100.0,completed,etg_only,C:\Users\Binich\PycharmProjects\PredictionRTS\output\learner_results\training_runs\run_0070\trials\trial_0009,best_subtree_winrate,multi_step,6,5,win_rate,4,5,0.0018838307787619744,0.6705331755251293,False,,,3,2.0,7.0,8.0,1,0,4
sce3_etg_run_0070,sce-3,MarineMicro_MvsM_8,10,TrialState.COMPLETE,9.295501730103807,17.176470588235293,0.6764705882352942,39.56414790322114,11.741919034026038,0.8,102.0,completed,etg_only,C:\Users\Binich\PycharmProjects\PredictionRTS\output\learner_results\training_runs\run_0070\trials\trial_0010,highest_transition_prob,multi_step,8,11,future_reward,1,4,0.0052798792801754275,0.5054512650166778,False,,,2,10.0,0.0,,1,0,4
sce3_etg_run_0070,sce-3,MarineMicro_MvsM_8,11,TrialState.COMPLETE,15.492385850850697,23.792079207920793,0.7524752475247525,28.692054591245174,5.385849253229961,0.865353768669251,101.0,completed,etg_only,C:\Users\Binich\PycharmProjects\PredictionRTS\output\learner_results\training_runs\run_0070\trials\trial_0011,best_subtree_quality,multi_step,2,2,future_reward,7,1,0.018950465621024377,0.973190487521288,True,0.9775846850056862,0.05467433895107529,2,4.0,1.0,,1,1,4
sce3_etg_run_0070,sce-3,MarineMicro_MvsM_8,12,TrialState.COMPLETE,13.390795847772191,21.33,0.68,31.751552717938065,3.0710795406299045,0.9232230114842523,100.0,completed,etg_only,C:\Users\Binich\PycharmProjects\PredictionRTS\output\learner_results\training_runs\run_0070\trials\trial_0012,best_subtree_quality,multi_step,4,8,future_reward,5,3,0.0034483613242027615,0.8641262457038673,False,,,1,4.0,,,1,0,4
sce3_etg_run_0070,sce-3,MarineMicro_MvsM_8,13,TrialState.COMPLETE,46.47984662707568,52.794117647058826,0.9313725490196079,24.416459506031757,2.1892137568805854,0.9452696560779854,102.0,completed,etg_only,C:\Users\Binich\PycharmProjects\PredictionRTS\output\learner_results\training_runs\run_0070\trials\trial_0013,best_subtree_quality,multi_step,3,12,future_reward,7,2,0.018158532922746568,0.5421986030351381,True,0.3508998317063472,0.14729886833543204,3,6.0,3.0,10.0,1,1,4
sce3_etg_run_0070,sce-3,MarineMicro_MvsM_8,14,TrialState.COMPLETE,40.099785183107166,51.43689320388349,0.9514563106796117,23.965051375601025,7.225320220369337,0.8193669944907666,103.0,completed,etg_only,C:\Users\Binich\PycharmProjects\PredictionRTS\output\learner_results\training_runs\run_0070\trials\trial_0014,highest_transition_prob,multi_step,5,12,future_reward,6,2,0.016523103658343995,0.507548003494368,True,0.35100193278947844,0.013179214380923565,3,7.0,3.0,10.0,1,1,4
sce3_etg_run_0070,sce-3,MarineMicro_MvsM_8,15,TrialState.COMPLETE,9.583020408163264,19.057142857142857,0.6285714285714286,29.112533243205316,8.156158479714321,0.8,105.0,completed,etg_only,C:\Users\Binich\PycharmProjects\PredictionRTS\output\learner_results\training_runs\run_0070\trials\trial_0015,best_subtree_quality,multi_step,7,14,quality,5,3,0.014082312012343319,0.5579095883451428,False,,,3,2.0,2.0,0.0,1,0,4
sce3_etg_run_0070,sce-3,MarineMicro_MvsM_8,16,TrialState.COMPLETE,16.45468964453426,24.63,0.8,30.919784928100647,6.596245138988508,0.8350938715252872,100.0,completed,etg_only,C:\Users\Binich\PycharmProjects\PredictionRTS\output\learner_results\training_runs\run_0070\trials\trial_0016,highest_transition_prob,multi_step,5,12,future_reward,1,4,0.0028800345290462106,0.7247400575582708,True,0.3852741740140723,0.3331879009840065,3,9.0,5.0,8.0,1,1,4
sce3_etg_run_0070,sce-3,MarineMicro_MvsM_8,17,TrialState.COMPLETE,9.829437869822485,18.51923076923077,0.6634615384615384,35.87343691830156,8.594785921764096,0.8,104.0,completed,etg_only,C:\Users\Binich\PycharmProjects\PredictionRTS\output\learner_results\training_runs\run_0070\trials\trial_0017,best_subtree_winrate,multi_step,3,8,future_reward,7,2,0.03854691259466888,0.5653299319909967,False,,,1,6.0,,,1,0,4
sce3_etg_run_0070,sce-3,MarineMicro_MvsM_8,18,TrialState.COMPLETE,16.559673178999237,26.435643564356436,0.7425742574257426,27.944575924420928,6.257133363501379,0.8435716659124655,101.0,completed,etg_only,C:\Users\Binich\PycharmProjects\PredictionRTS\output\learner_results\training_runs\run_0070\trials\trial_0018,best_subtree_quality,multi_step,8,15,win_rate,4,3,0.007802632372559312,0.5687708764972357,False,,,2,0.0,0.0,,1,0,4
sce3_etg_run_0070,sce-3,MarineMicro_MvsM_8,19,TrialState.COMPLETE,50.089030795375656,54.76470588235294,0.9705882352941176,21.468251282971067,2.3064677281162242,0.9423383067970944,102.0,completed,etg_only,C:\Users\Binich\PycharmProjects\PredictionRTS\output\learner_results\training_runs\run_0070\trials\trial_0019,highest_transition_prob,multi_step,5,10,quality,10,5,0.0010685327573111032,0.6975516416375205,True,0.7938838211600072,0.533338515840887,3,5.0,3.0,10.0,1,1,4
sce3_etg_run_0070,sce-3,MarineMicro_MvsM_8,20,TrialState.COMPLETE,10.68350484940545,20.04950495049505,0.6336633663366337,30.91264480218115,6.363446614572532,0.8409138346356867,101.0,completed,etg_only,C:\Users\Binich\PycharmProjects\PredictionRTS\output\learner_results\training_runs\run_0070\trials\trial_0020,highest_transition_prob,multi_step,5,10,quality,10,5,0.001160465035080673,0.7939594166703321,False,,,2,3.0,4.0,,1,0,4
sce3_etg_run_0070,sce-3,MarineMicro_MvsM_8,21,TrialState.COMPLETE,44.23151280981034,50.56310679611651,0.941747572815534,25.709984424065333,2.844464551025557,0.9288883862243611,103.0,completed,etg_only,C:\Users\Binich\PycharmProjects\PredictionRTS\output\learner_results\training_runs\run_0070\trials\trial_0021,highest_transition_prob,multi_step,3,13,quality,9,5,0.0022580189629737646,0.6803354790548374,True,0.7972548839943041,0.5712588620907257,3,6.0,2.0,10.0,1,1,4
sce3_etg_run_0070,sce-3,MarineMicro_MvsM_8,22,TrialState.COMPLETE,16.23373337526102,24.66346153846154,0.7307692307692307,31.262723741063564,3.971671245137331,0.9007082188715667,104.0,completed,etg_only,C:\Users\Binich\PycharmProjects\PredictionRTS\output\learner_results\training_runs\run_0070\trials\trial_0022,highest_transition_prob,multi_step,7,11,quality,8,4,0.0011240719323683769,0.6088283097766539,True,0.7871225587874597,0.2958805407892789,3,5.0,2.0,8.0,1,1,4
sce3_etg_run_0070,sce-3,MarineMicro_MvsM_8,23,TrialState.COMPLETE,51.337966339329355,56.009433962264154,0.9716981132075472,19.44100669175944,2.268322905805157,0.9432919273548711,106.0,completed,etg_only,C:\Users\Binich\PycharmProjects\PredictionRTS\output\learner_results\training_runs\run_0070\trials\trial_0023,highest_transition_prob,multi_step,5,9,quality,7,5,0.0038542604858129163,0.5368435418039477,True,0.3164947953212187,0.6175254856502423,3,5.0,4.0,10.0,1,1,4
sce3_etg_run_0070,sce-3,MarineMicro_MvsM_8,24,TrialState.COMPLETE,45.852554922414846,52.306930693069305,0.9900990099009901,19.644737069753596,4.5851286947905425,0.8853717826302364,101.0,completed,etg_only,C:\Users\Binich\PycharmProjects\PredictionRTS\output\learner_results\training_runs\run_0070\trials\trial_0024,highest_transition_prob,multi_step,6,7,quality,9,5,0.004202909753002058,0.7025515322144145,True,0.49868455257276223,0.6588564108381304,3,3.0,10.0,7.0,1,1,4
sce3_etg_run_0070,sce-3,MarineMicro_MvsM_8,25,TrialState.COMPLETE,13.62568145287574,21.96,0.69,34.3493580726045,4.030301594794906,0.8992424601301273,100.0,completed,etg_only,C:\Users\Binich\PycharmProjects\PredictionRTS\output\learner_results\training_runs\run_0070\trials\trial_0025,highest_transition_prob,multi_step,5,9,quality,10,5,0.002423416710009879,0.7906910108303156,True,0.9605834958439385,0.6456148991420658,2,5.0,6.0,,1,1,4
sce3_etg_run_0070,sce-3,MarineMicro_MvsM_8,26,TrialState.COMPLETE,22.362322372031922,32.737864077669904,0.8252427184466019,30.278628806934552,6.891092311089713,0.8277226922227572,103.0,completed,etg_only,C:\Users\Binich\PycharmProjects\PredictionRTS\output\learner_results\training_runs\run_0070\trials\trial_0026,highest_transition_prob,multi_step,5,10,quality,2,4,0.001068582638487095,0.6447316565218565,True,0.7954739582163944,0.41900699970028166,3,5.0,4.0,6.0,1,1,4
sce3_etg_run_0070,sce-3,MarineMicro_MvsM_8,27,TrialState.COMPLETE,10.450038166007095,18.831683168316832,0.6336633663366337,31.81663719058693,4.9708072649059005,0.8757298183773525,101.0,completed,etg_only,C:\Users\Binich\PycharmProjects\PredictionRTS\output\learner_results\training_runs\run_0070\trials\trial_0027,highest_transition_prob,multi_step,6,11,quality,4,5,0.003643500290493207,0.5927375486525382,True,0.22201733771044974,0.733413088767563,2,3.0,1.0,,1,1,4
sce3_etg_run_0070,sce-3,MarineMicro_MvsM_8,28,TrialState.COMPLETE,15.303546641516656,24.78,0.72,29.757882989218167,5.690192266351322,0.8577451933412169,100.0,completed,etg_only,C:\Users\Binich\PycharmProjects\PredictionRTS\output\learner_results\training_runs\run_0070\trials\trial_0028,highest_transition_prob,multi_step,7,7,quality,6,4,0.0017986159403390921,0.5212015197443293,False,,,3,1.0,4.0,3.0,1,0,4
sce3_etg_run_0070,sce-3,MarineMicro_MvsM_8,29,TrialState.COMPLETE,15.044371488491064,23.796116504854368,0.7184466019417476,28.663213196424927,4.800746055906201,0.879981348602345,103.0,completed,etg_only,C:\Users\Binich\PycharmProjects\PredictionRTS\output\learner_results\training_runs\run_0070\trials\trial_0029,highest_transition_prob,multi_step,4,9,win_rate,8,5,0.006924301710709497,0.7715542504303534,True,0.6599202347523809,0.9961193188852786,2,7.0,1.0,,1,1,4
sce3_etg_run_0070,sce-3,MarineMicro_MvsM_8,30,TrialState.COMPLETE,15.537901781506271,25.980582524271846,0.7475728155339806,35.0893396758042,8.597555051582404,0.8,103.0,completed,etg_only,C:\Users\Binich\PycharmProjects\PredictionRTS\output\learner_results\training_runs\run_0070\trials\trial_0030,best_subtree_winrate,multi_step,8,7,quality,9,4,0.002720457787416716,0.5362344728962158,True,0.4109304262187049,0.4659556534953674,1,4.0,,,1,1,4
sce3_etg_run_0070,sce-3,MarineMicro_MvsM_8,31,TrialState.COMPLETE,41.52643425184739,52.35294117647059,0.9705882352941176,24.338159765299547,7.310481446962493,0.8172379638259377,102.0,completed,etg_only,C:\Users\Binich\PycharmProjects\PredictionRTS\output\learner_results\training_runs\run_0070\trials\trial_0031,best_subtree_quality,multi_step,3,12,future_reward,7,3,0.023332503692892373,0.560324069483379,True,0.23136567927313054,0.15050503043932295,3,7.0,3.0,10.0,1,1,4
sce3_etg_run_0070,sce-3,MarineMicro_MvsM_8,32,TrialState.COMPLETE,13.206421657450715,21.75,0.75,33.05007564287864,7.616437315063381,0.8095890671234155,100.0,completed,etg_only,C:\Users\Binich\PycharmProjects\PredictionRTS\output\learner_results\training_runs\run_0070\trials\trial_0032,best_subtree_quality,multi_step,4,13,future_reward,7,1,0.010180093953660293,0.5370364214177106,True,0.33050146310248013,0.20983768978518696,3,6.0,3.0,9.0,1,1,4
sce3_etg_run_0070,sce-3,MarineMicro_MvsM_8,33,TrialState.COMPLETE,49.58991894612368,52.95,0.98,21.530617733822687,1.7737804658814225,0.9556554883529644,100.0,completed,etg_only,C:\Users\Binich\PycharmProjects\PredictionRTS\output\learner_results\training_runs\run_0070\trials\trial_0033,random_beam,multi_step,2,11,quality,5,5,0.0013539955539805025,0.6391244278002536,True,0.4756464102981058,0.5569959864663167,3,4.0,4.0,10.0,1,1,4
sce3_etg_run_0070,sce-3,MarineMicro_MvsM_8,34,TrialState.COMPLETE,36.66746397412019,49.24752475247525,0.9306930693069307,25.56506199607677,8.361352320464158,0.8,101.0,completed,etg_only,C:\Users\Binich\PycharmProjects\PredictionRTS\output\learner_results\training_runs\run_0070\trials\trial_0034,random_beam,multi_step,2,10,quality,2,5,0.0015456304285686587,0.6457299371890695,True,0.5282385859600615,0.5777458585801816,3,3.0,6.0,9.0,1,1,4
sce3_etg_run_0070,sce-3,MarineMicro_MvsM_8,35,TrialState.COMPLETE,12.30726643598616,21.794117647058822,0.7058823529411765,34.538792693029116,9.214963602638917,0.8,102.0,completed,etg_only,C:\Users\Binich\PycharmProjects\PredictionRTS\output\learner_results\training_runs\run_0070\trials\trial_0035,random_beam,multi_step,9,11,quality,3,5,0.0013782967358072602,0.7080326999916321,True,0.48347387177399626,0.7202362431331245,3,4.0,4.0,9.0,1,1,4
sce3_etg_run_0070,sce-3,MarineMicro_MvsM_8,36,TrialState.COMPLETE,13.949445509200002,23.852941176470587,0.7058823529411765,35.19536429446453,6.860750085007801,0.8284812478748049,102.0,completed,etg_only,C:\Users\Binich\PycharmProjects\PredictionRTS\output\learner_results\training_runs\run_0070\trials\trial_0036,random_beam,multi_step,6,14,quality,5,5,0.002175484399174354,0.5877639793710837,True,0.7201121936680556,0.547409857471009,2,5.0,5.0,,1,1,4
sce3_etg_run_0070,sce-3,MarineMicro_MvsM_8,37,TrialState.COMPLETE,12.502004956321427,21.02912621359223,0.6796116504854369,32.9787976344083,5.008898408755037,0.874777539781124,103.0,completed,etg_only,C:\Users\Binich\PycharmProjects\PredictionRTS\output\learner_results\training_runs\run_0070\trials\trial_0037,random_beam,multi_step,10,8,win_rate,8,4,0.0013569223515168937,0.6289639288839168,False,,,3,4.0,2.0,7.0,1,0,4
sce3_etg_run_0070,sce-3,MarineMicro_MvsM_8,38,TrialState.COMPLETE,14.345972251948373,24.441176470588236,0.7254901960784313,30.81938959626724,7.637927752459129,0.8090518061885218,102.0,completed,etg_only,C:\Users\Binich\PycharmProjects\PredictionRTS\output\learner_results\training_runs\run_0070\trials\trial_0038,random_beam,multi_step,4,13,win_rate,6,5,0.0010059535820245474,0.6738134165161699,True,0.278756699476175,0.4193002843965281,3,1.0,6.0,9.0,1,1,4
sce3_etg_run_0070,sce-3,MarineMicro_MvsM_8,39,TrialState.COMPLETE,40.629462040595364,50.7029702970297,0.9207920792079208,25.784539290529523,5.189834623520416,0.8702541344119896,101.0,completed,etg_only,C:\Users\Binich\PycharmProjects\PredictionRTS\output\learner_results\training_runs\run_0070\trials\trial_0039,random_beam,multi_step,6,10,quality,1,4,0.004439573927458541,0.5830302915967098,False,,,0,,,,1,0,4
sce3_etg_run_0070,sce-3,MarineMicro_MvsM_8,40,TrialState.COMPLETE,14.963168989333676,22.97142857142857,0.7428571428571429,30.43915308966934,4.925598905599406,0.8768600273600149,105.0,completed,etg_only,C:\Users\Binich\PycharmProjects\PredictionRTS\output\learner_results\training_runs\run_0070\trials\trial_0040,best_subtree_winrate,multi_step,2,9,win_rate,2,5,0.001980113385493374,0.7529130032145782,True,0.12426484549049638,0.6283244261895574,2,5.0,3.0,,1,1,4
sce3_etg_run_0070,sce-3,MarineMicro_MvsM_8,41,TrialState.COMPLETE,48.90565260352234,54.056603773584904,0.9528301886792453,22.547990827398316,2.020015367914085,0.9494996158021479,106.0,completed,etg_only,C:\Users\Binich\PycharmProjects\PredictionRTS\output\learner_results\training_runs\run_0070\trials\trial_0041,highest_transition_prob,multi_step,3,12,quality,7,2,0.028740480432760045,0.5393899365884921,True,0.42347545163454337,0.3911405085405323,3,8.0,4.0,10.0,1,1,4
sce3_etg_run_0070,sce-3,MarineMicro_MvsM_8,42,TrialState.COMPLETE,49.31952880679251,55.97142857142857,0.9809523809523809,18.45997324605044,4.069389798646527,0.8982652550338368,105.0,completed,etg_only,C:\Users\Binich\PycharmProjects\PredictionRTS\output\learner_results\training_runs\run_0070\trials\trial_0042,highest_transition_prob,multi_step,2,11,quality,5,3,0.06514866090016931,0.5022750996443005,True,0.42205156777105873,0.4001525500953031,3,8.0,4.0,10.0,1,1,4
sce3_etg_run_0070,sce-3,MarineMicro_MvsM_8,43,TrialState.COMPLETE,47.82989534694975,53.881188118811885,0.9603960396039604,21.200264863240314,3.0280890944252308,0.9242977726393692,101.0,completed,etg_only,C:\Users\Binich\PycharmProjects\PredictionRTS\output\learner_results\training_runs\run_0070\trials\trial_0043,highest_transition_prob,multi_step,2,11,quality,5,2,0.09404382659014851,0.505019990613049,True,0.4503902729441486,0.38508728947752235,3,8.0,4.0,10.0,1,1,4
sce3_etg_run_0070,sce-3,MarineMicro_MvsM_8,44,TrialState.COMPLETE,50.92581266142514,55.74285714285714,0.9714285714285714,20.430149789175882,2.381812940425242,0.940454676489369,105.0,completed,etg_only,C:\Users\Binich\PycharmProjects\PredictionRTS\output\learner_results\training_runs\run_0070\trials\trial_0044,highest_transition_prob,multi_step,2,11,quality,4,3,0.0641088879871217,0.601574645257793,True,0.5445408386563699,0.48562397510003863,3,9.0,5.0,10.0,1,1,4
sce3_etg_run_0070,sce-3,MarineMicro_MvsM_8,45,TrialState.COMPLETE,49.85971814078685,57.69,0.98,20.588198075596612,4.723686317236138,0.8819078420690966,100.0,completed,etg_only,C:\Users\Binich\PycharmProjects\PredictionRTS\output\learner_results\training_runs\run_0070\trials\trial_0045,highest_transition_prob,multi_step,2,9,quality,4,3,0.05915320147231254,0.619332575816331,True,0.5413094378458961,0.5004131558610985,3,10.0,5.0,9.0,1,1,4
sce3_etg_run_0070,sce-3,MarineMicro_MvsM_8,46,TrialState.COMPLETE,50.393166157375084,53.294117647058826,0.9705882352941176,21.969938568235495,1.0311726015615814,0.9742206849609605,102.0,completed,etg_only,C:\Users\Binich\PycharmProjects\PredictionRTS\output\learner_results\training_runs\run_0070\trials\trial_0046,highest_transition_prob,multi_step,2,6,quality,4,3,0.05120425571193328,0.6598834031310584,True,0.5691172881655211,0.5157328880811959,3,10.0,5.0,9.0,1,1,4
sce3_etg_run_0070,sce-3,MarineMicro_MvsM_8,47,TrialState.COMPLETE,47.728593876826324,55.00961538461539,0.9615384615384616,21.80309399017439,3.906137292658384,0.9023465676835404,104.0,completed,etg_only,C:\Users\Binich\PycharmProjects\PredictionRTS\output\learner_results\training_runs\run_0070\trials\trial_0047,highest_transition_prob,multi_step,4,6,quality,3,3,0.04806330931292695,0.620203711848998,True,0.5665792620001584,0.4796263870337606,3,10.0,7.0,9.0,1,1,4
sce3_etg_run_0070,sce-3,MarineMicro_MvsM_8,48,TrialState.COMPLETE,40.76160397509324,51.45,0.96,24.229063126749246,6.989306790497865,0.8252673302375534,100.0,completed,etg_only,C:\Users\Binich\PycharmProjects\PredictionRTS\output\learner_results\training_runs\run_0070\trials\trial_0048,highest_transition_prob,multi_step,3,4,quality,4,3,0.07085997493539611,0.6677355351381293,True,0.6706782181064805,0.5074227017927962,3,10.0,5.0,8.0,1,1,4
sce3_etg_run_0070,sce-3,MarineMicro_MvsM_8,49,TrialState.COMPLETE,12.145491976776732,20.4,0.72,34.4882588716798,6.924041457579704,0.8268989635605074,100.0,completed,etg_only,C:\Users\Binich\PycharmProjects\PredictionRTS\output\learner_results\training_runs\run_0070\trials\trial_0049,highest_transition_prob,multi_step,2,6,quality,4,3,0.0478944589330156,0.6962216838045765,True,0.8833311252136203,0.6908225471254135,2,9.0,7.0,,1,1,4
sce3_etg_run_0070,sce-3,MarineMicro_MvsM_8,50,TrialState.COMPLETE,15.096540356914584,24.778846153846153,0.7019230769230769,31.697171898466696,5.281030719507517,0.867974232012312,104.0,completed,etg_only,C:\Users\Binich\PycharmProjects\PredictionRTS\output\learner_results\training_runs\run_0070\trials\trial_0050,highest_transition_prob,multi_step,3,3,quality,4,3,0.08004375773768146,0.6042077929741396,True,0.6212282847827266,0.5094471727867682,3,9.0,6.0,9.0,1,1,4
sce3_etg_run_0070,sce-3,MarineMicro_MvsM_8,51,TrialState.COMPLETE,40.519321635133814,53.28712871287129,0.9504950495049505,22.60479955767887,8.288884229728037,0.8,101.0,completed,etg_only,C:\Users\Binich\PycharmProjects\PredictionRTS\output\learner_results\training_runs\run_0070\trials\trial_0051,highest_transition_prob,multi_step,2,9,quality,3,3,0.053189522763733565,0.6327202897231666,True,0.548120505156113,0.602521465790552,3,10.0,5.0,9.0,1,1,4
sce3_etg_run_0070,sce-3,MarineMicro_MvsM_8,52,TrialState.COMPLETE,42.175003815205905,53.10576923076923,0.9519230769230769,23.807690365974818,6.628820066296343,0.8342794983425914,104.0,completed,etg_only,C:\Users\Binich\PycharmProjects\PredictionRTS\output\learner_results\training_runs\run_0070\trials\trial_0052,highest_transition_prob,multi_step,2,8,quality,5,3,0.0814412653542453,0.6633622405737661,True,0.5748873192246446,0.5451206481865983,3,9.0,5.0,10.0,1,1,4
sce3_etg_run_0070,sce-3,MarineMicro_MvsM_8,53,TrialState.COMPLETE,47.52292899408284,52.35576923076923,0.9615384615384616,21.676785823526817,2.24,0.944,104.0,completed,etg_only,C:\Users\Binich\PycharmProjects\PredictionRTS\output\learner_results\training_runs\run_0070\trials\trial_0053,highest_transition_prob,multi_step,3,10,quality,6,3,0.0314180794526643,0.7202183572885619,True,0.7111341642361092,0.7778729437960561,3,10.0,6.0,9.0,1,1,4
sce3_etg_run_0070,sce-3,MarineMicro_MvsM_8,54,TrialState.COMPLETE,14.989909715715385,24.980198019801982,0.7326732673267327,30.092260837913553,7.239329196256574,0.8190167700935856,101.0,completed,etg_only,C:\Users\Binich\PycharmProjects\PredictionRTS\output\learner_results\training_runs\run_0070\trials\trial_0054,random_beam,multi_step,2,5,quality,4,4,0.04054674648043793,0.6451973364309109,True,0.5053506214535608,0.46261707774276273,3,9.0,5.0,8.0,1,1,4
sce3_etg_run_0070,sce-3,MarineMicro_MvsM_8,55,TrialState.COMPLETE,51.11706513211988,56.05882352941177,0.9901960784313726,18.11716958881918,3.1649960254346907,0.9208750993641327,102.0,completed,etg_only,C:\Users\Binich\PycharmProjects\PredictionRTS\output\learner_results\training_runs\run_0070\trials\trial_0055,best_subtree_winrate,multi_step,2,9,quality,3,2,0.013142207125726009,0.7415109988853907,True,0.6309217683487685,0.547599478753493,3,10.0,3.0,10.0,1,1,4
sce3_etg_run_0070,sce-3,MarineMicro_MvsM_8,56,TrialState.COMPLETE,49.10611534819311,56.48076923076923,0.9807692307692307,18.810789032458704,4.540865121401947,0.8864783719649513,104.0,completed,etg_only,C:\Users\Binich\PycharmProjects\PredictionRTS\output\learner_results\training_runs\run_0070\trials\trial_0056,best_subtree_winrate,multi_step,4,8,quality,3,2,0.011729488117949478,0.7384258749339987,True,0.6390311282487033,0.33139730713820154,3,10.0,3.0,2.0,1,1,4
sce3_etg_run_0070,sce-3,MarineMicro_MvsM_8,57,TrialState.COMPLETE,13.092794957443049,21.504950495049506,0.7128712871287128,31.274138799826552,5.838039349069841,0.8540490162732539,101.0,completed,etg_only,C:\Users\Binich\PycharmProjects\PredictionRTS\output\learner_results\training_runs\run_0070\trials\trial_0057,best_subtree_winrate,multi_step,3,7,quality,3,1,0.02316602283266487,0.6821244108065494,True,0.5971867219663484,0.6088819083864306,2,9.0,3.0,,1,1,4
sce3_etg_run_0070,sce-3,MarineMicro_MvsM_8,58,TrialState.COMPLETE,43.349697469776125,53.35294117647059,0.9607843137254902,21.987807253568267,6.1731316911136505,0.8456717077221587,102.0,completed,etg_only,C:\Users\Binich\PycharmProjects\PredictionRTS\output\learner_results\training_runs\run_0070\trials\trial_0058,best_subtree_winrate,multi_step,5,9,quality,3,2,0.04067341331422034,0.8209196556087954,True,0.697183097407529,0.5249293946320008,3,10.0,2.0,5.0,1,1,4
sce3_etg_run_0070,sce-3,MarineMicro_MvsM_8,59,TrialState.COMPLETE,39.69659198324272,49.68,0.93,25.822037100120514,5.632441619272843,0.859188959518179,100.0,completed,etg_only,C:\Users\Binich\PycharmProjects\PredictionRTS\output\learner_results\training_runs\run_0070\trials\trial_0059,best_subtree_winrate,multi_step,2,9,quality,4,2,0.0068135804266972666,0.753619042410825,True,0.7594892809341103,0.4684537108123795,3,8.0,7.0,10.0,1,1,4
sce3_etg_run_0070,sce-3,MarineMicro_MvsM_8,60,TrialState.COMPLETE,47.360376214044045,56.542857142857144,0.9714285714285714,20.488802317562715,5.510530652912073,0.8622367336771981,105.0,completed,etg_only,C:\Users\Binich\PycharmProjects\PredictionRTS\output\learner_results\training_runs\run_0070\trials\trial_0060,highest_transition_prob,multi_step,3,8,quality,2,2,0.06092362095036862,0.9295808415643951,True,0.6126540566554083,0.6548277734958245,3,9.0,10.0,8.0,1,1,4
sce3_etg_run_0070,sce-3,MarineMicro_MvsM_8,61,TrialState.COMPLETE,38.77189184529887,49.35294117647059,0.9313725490196079,24.34903350291242,6.260354828556187,0.8434911292860954,102.0,completed,etg_only,C:\Users\Binich\PycharmProjects\PredictionRTS\output\learner_results\training_runs\run_0070\trials\trial_0061,highest_transition_prob,multi_step,2,10,quality,5,3,0.052810569606911474,0.5770525683929921,True,0.8788838812828803,0.5761175916338321,3,5.0,4.0,10.0,1,1,4
sce3_etg_run_0070,sce-3,MarineMicro_MvsM_8,62,TrialState.COMPLETE,39.74439514916204,50.14705882352941,0.9411764705882353,25.859498599548854,6.316333729889068,0.8420916567527733,102.0,completed,etg_only,C:\Users\Binich\PycharmProjects\PredictionRTS\output\learner_results\training_runs\run_0070\trials\trial_0062,highest_transition_prob,multi_step,2,10,quality,4,1,0.01445039238063672,0.686124083905587,True,0.4729841762320546,0.546702035510376,3,10.0,4.0,10.0,1,1,4
sce3_etg_run_0070,sce-3,MarineMicro_MvsM_8,63,TrialState.COMPLETE,12.058142165826023,19.08,0.67,36.47812495181187,2.2699641233266847,0.9432508969168328,100.0,completed,etg_only,C:\Users\Binich\PycharmProjects\PredictionRTS\output\learner_results\training_runs\run_0070\trials\trial_0063,best_subtree_winrate,multi_step,3,11,quality,6,4,0.003035322256833995,0.6579281941290517,True,0.5238349729630577,0.4408185612034803,1,4.0,,,1,1,4
sce3_etg_run_0070,sce-3,MarineMicro_MvsM_8,64,TrialState.COMPLETE,13.931168001561819,22.38,0.69,32.5950241601383,3.914032970530571,0.9021491757367357,100.0,completed,etg_only,C:\Users\Binich\PycharmProjects\PredictionRTS\output\learner_results\training_runs\run_0070\trials\trial_0064,highest_transition_prob,multi_step,2,9,quality,4,5,0.005095017041242002,0.6126288669932153,True,0.32127126053858,0.5970033438653058,3,6.0,5.0,9.0,1,1,4
sce3_etg_run_0070,sce-3,MarineMicro_MvsM_8,65,TrialState.COMPLETE,46.998144197433,54.9,0.97,21.92053831455788,4.698218543606556,0.8825445364098361,100.0,completed,etg_only,C:\Users\Binich\PycharmProjects\PredictionRTS\output\learner_results\training_runs\run_0070\trials\trial_0065,highest_transition_prob,multi_step,2,10,quality,10,3,0.07174079393016473,0.599429802079393,True,0.020771446168601715,0.5018606252768352,3,7.0,5.0,10.0,1,1,4
sce3_etg_run_0070,sce-3,MarineMicro_MvsM_8,66,TrialState.COMPLETE,45.5520154404094,51.23300970873787,0.9611650485436893,22.288576848510193,2.998464324326973,0.9250383918918257,103.0,completed,etg_only,C:\Users\Binich\PycharmProjects\PredictionRTS\output\learner_results\training_runs\run_0070\trials\trial_0066,random_beam,multi_step,5,11,quality,5,4,0.0012511287671737234,0.7110753782479327,True,0.3782353075034861,0.6864300522127992,3,10.0,3.0,9.0,1,1,4
sce3_etg_run_0070,sce-3,MarineMicro_MvsM_8,67,TrialState.COMPLETE,44.32649572348572,52.029411764705884,0.9411764705882353,21.627168771379758,3.792093657186624,0.9051976585703344,102.0,completed,etg_only,C:\Users\Binich\PycharmProjects\PredictionRTS\output\learner_results\training_runs\run_0070\trials\trial_0067,highest_transition_prob,multi_step,3,7,quality,4,5,0.0015966610214058802,0.6352796612966009,True,0.8364089064007905,0.5456658541399492,3,6.0,4.0,10.0,1,1,4
sce3_etg_run_0070,sce-3,MarineMicro_MvsM_8,68,TrialState.COMPLETE,48.03978824760194,53.31683168316832,0.9603960396039604,20.276275310244188,2.4727810229800293,0.9381804744254992,101.0,completed,etg_only,C:\Users\Binich\PycharmProjects\PredictionRTS\output\learner_results\training_runs\run_0070\trials\trial_0068,best_subtree_winrate,multi_step,2,8,future_reward,3,5,0.09937582080693728,0.5494263183848016,True,0.5741377642571581,0.6304670811669628,3,4.0,4.0,10.0,1,1,4
sce3_etg_run_0070,sce-3,MarineMicro_MvsM_8,69,TrialState.COMPLETE,11.900243994486004,20.264705882352942,0.6666666666666666,31.861196040776452,4.765605589620534,0.8808598602594866,102.0,completed,etg_only,C:\Users\Binich\PycharmProjects\PredictionRTS\output\learner_results\training_runs\run_0070\trials\trial_0069,best_subtree_quality,multi_step,4,12,quality,5,3,0.009365420726434334,0.7789876530824873,True,0.4564035628873118,0.36940536814831704,2,3.0,6.0,,1,1,4
sce3_etg_run_0070,sce-3,MarineMicro_MvsM_8,70,TrialState.COMPLETE,18.357710845032987,27.45,0.77,30.77121219581705,5.258749849723489,0.8685312537569128,100.0,completed,etg_only,C:\Users\Binich\PycharmProjects\PredictionRTS\output\learner_results\training_runs\run_0070\trials\trial_0070,highest_transition_prob,multi_step,7,9,quality,9,2,0.0345036558364829,0.734273286613394,True,0.6670751884469586,0.2626117540679734,3,5.0,5.0,0.0,1,1,4
sce3_etg_run_0070,sce-3,MarineMicro_MvsM_8,71,TrialState.COMPLETE,49.393156321707636,55.64150943396226,0.9811320754716981,17.3129838283978,3.809015805181222,0.9047746048704695,106.0,completed,etg_only,C:\Users\Binich\PycharmProjects\PredictionRTS\output\learner_results\training_runs\run_0070\trials\trial_0071,highest_transition_prob,multi_step,2,11,quality,5,3,0.06309401408862604,0.5683152487191464,True,0.4180360182203897,0.44016490921838325,3,8.0,4.0,10.0,1,1,4
sce3_etg_run_0070,sce-3,MarineMicro_MvsM_8,72,TrialState.COMPLETE,45.3093833419989,51.728155339805824,0.941747572815534,24.287594889763533,2.7962564723022263,0.9300935881924444,103.0,completed,etg_only,C:\Users\Binich\PycharmProjects\PredictionRTS\output\learner_results\training_runs\run_0070\trials\trial_0072,highest_transition_prob,multi_step,2,10,quality,5,3,0.05348299570071105,0.6223838671737557,True,0.2870303834583526,0.44269876519501805,3,9.0,3.0,10.0,1,1,4
sce3_etg_run_0070,sce-3,MarineMicro_MvsM_8,73,TrialState.COMPLETE,48.672319923438415,54.05714285714286,0.9714285714285714,21.986934896034256,2.925263085305276,0.9268684228673681,105.0,completed,etg_only,C:\Users\Binich\PycharmProjects\PredictionRTS\output\learner_results\training_runs\run_0070\trials\trial_0073,highest_transition_prob,multi_step,9,11,quality,6,3,0.04474590174855,0.5228252850681101,True,0.39123790810135695,0.4927688871303585,3,10.0,2.0,9.0,1,1,4
sce3_etg_run_0070,sce-3,MarineMicro_MvsM_8,74,TrialState.COMPLETE,48.96812554367142,56.22,0.97,22.117224057281692,4.082103412828524,0.8979474146792868,100.0,completed,etg_only,C:\Users\Binich\PycharmProjects\PredictionRTS\output\learner_results\training_runs\run_0070\trials\trial_0074,highest_transition_prob,multi_step,2,13,quality,4,3,0.06770790799231952,0.5747500088142107,True,0.5281669117865488,0.5706112986167615,3,9.0,3.0,10.0,1,1,4
sce3_etg_run_0070,sce-3,MarineMicro_MvsM_8,75,TrialState.COMPLETE,45.748561266345796,52.52884615384615,0.9519230769230769,21.35548782414255,3.403654804919328,0.9149086298770168,104.0,completed,etg_only,C:\Users\Binich\PycharmProjects\PredictionRTS\output\learner_results\training_runs\run_0070\trials\trial_0075,random_beam,multi_step,3,12,quality,5,5,0.05713755647211599,0.5588654052465546,False,,,3,10.0,4.0,8.0,1,0,4
sce3_etg_run_0070,sce-3,MarineMicro_MvsM_8,76,TrialState.COMPLETE,13.417661648698658,22.29,0.73,30.19214964191851,7.015956172499101,0.8246010956875225,100.0,completed,etg_only,C:\Users\Binich\PycharmProjects\PredictionRTS\output\learner_results\training_runs\run_0070\trials\trial_0076,highest_transition_prob,multi_step,2,10,quality,4,4,0.026749280325600356,0.5932071562144215,True,0.4433688939837201,0.43622485176195597,0,,,,1,1,4
sce3_etg_run_0070,sce-3,MarineMicro_MvsM_8,77,TrialState.COMPLETE,6.9980769757495,13.871287128712872,0.5643564356435643,32.62619471393525,4.2423916602824265,0.8939402084929393,101.0,completed,etg_only,C:\Users\Binich\PycharmProjects\PredictionRTS\output\learner_results\training_runs\run_0070\trials\trial_0077,highest_transition_prob,multi_step,3,11,win_rate,6,3,0.07973608267126835,0.6547033631301796,True,0.4951891527573292,0.5332265615145799,3,7.0,5.0,9.0,1,1,4
sce3_etg_run_0070,sce-3,MarineMicro_MvsM_8,78,TrialState.COMPLETE,49.49921257594031,54.6,0.9809523809523809,18.844021408848562,3.032701586302982,0.9241824603424255,105.0,completed,etg_only,C:\Users\Binich\PycharmProjects\PredictionRTS\output\learner_results\training_runs\run_0070\trials\trial_0078,highest_transition_prob,multi_step,5,9,quality,3,5,0.035575077487189494,0.521387335225169,True,0.2378781883125207,0.34988542453589805,3,8.0,3.0,10.0,1,1,4
sce3_etg_run_0070,sce-3,MarineMicro_MvsM_8,79,TrialState.COMPLETE,31.642980353689147,39.53465346534654,0.8514851485148515,25.85663610798024,2.400474948836862,0.9399881262790785,101.0,completed,etg_only,C:\Users\Binich\PycharmProjects\PredictionRTS\output\learner_results\training_runs\run_0070\trials\trial_0079,random_beam,multi_step,5,9,future_reward,2,5,0.022980562570175146,0.5226730782591058,True,0.28322139338645286,0.2754378440928698,3,4.0,3.0,9.0,1,1,4
sce3_etg_run_0070,sce-3,MarineMicro_MvsM_8,80,TrialState.COMPLETE,16.012342258524853,22.823529411764707,0.7450980392156863,32.36598667468065,2.336677324630906,0.9415830668842273,102.0,completed,etg_only,C:\Users\Binich\PycharmProjects\PredictionRTS\output\learner_results\training_runs\run_0070\trials\trial_0080,best_subtree_quality,multi_step,6,8,quality,3,5,0.01943765604644732,0.5492216175910222,False,,,3,5.0,2.0,7.0,1,0,4
sce3_etg_run_0070,sce-3,MarineMicro_MvsM_8,81,TrialState.COMPLETE,47.98538650580806,54.911764705882355,0.9803921568627451,19.52278856506932,4.3463694907032995,0.8913407627324175,102.0,completed,etg_only,C:\Users\Binich\PycharmProjects\PredictionRTS\output\learner_results\training_runs\run_0070\trials\trial_0081,highest_transition_prob,multi_step,5,11,quality,4,5,0.034869907788166864,0.6958984639499841,True,0.20104920519684788,0.3319541912268525,3,8.0,4.0,10.0,1,1,4
sce3_etg_run_0070,sce-3,MarineMicro_MvsM_8,82,TrialState.COMPLETE,37.562017735228906,46.81132075471698,0.9150943396226415,26.9927010426219,4.92544731522192,0.876863817119452,106.0,completed,etg_only,C:\Users\Binich\PycharmProjects\PredictionRTS\output\learner_results\training_runs\run_0070\trials\trial_0082,highest_transition_prob,multi_step,2,10,quality,3,5,0.04494060009156661,0.5686397992968077,True,0.3635125652546565,0.3732371346067329,3,9.0,3.0,10.0,1,1,4
sce3_etg_run_0070,sce-3,MarineMicro_MvsM_8,83,TrialState.COMPLETE,51.17842169751188,56.67326732673267,0.9801980198019802,19.73743937513051,3.1485307486945864,0.9212867312826354,101.0,completed,etg_only,C:\Users\Binich\PycharmProjects\PredictionRTS\output\learner_results\training_runs\run_0070\trials\trial_0083,highest_transition_prob,multi_step,4,9,quality,5,5,0.0036305079043322023,0.5171880893220735,True,0.23609731433482067,0.48087361987743316,3,8.0,4.0,10.0,1,1,4
sce3_etg_run_0070,sce-3,MarineMicro_MvsM_8,84,TrialState.COMPLETE,15.012524136970608,24.0,0.7058823529411765,30.25771656560861,4.553762454374953,0.8861559386406261,102.0,completed,etg_only,C:\Users\Binich\PycharmProjects\PredictionRTS\output\learner_results\training_runs\run_0070\trials\trial_0084,highest_transition_prob,multi_step,4,9,quality,8,5,0.0034238557539731647,0.5307400370519488,True,0.15299596728501286,0.5865706895076037,3,8.0,5.0,1.0,1,1,4
sce3_etg_run_0070,sce-3,MarineMicro_MvsM_8,85,TrialState.COMPLETE,51.632248308951446,55.38235294117647,0.9803921568627451,17.257589474305725,1.9626899340534025,0.950932751648665,102.0,completed,etg_only,C:\Users\Binich\PycharmProjects\PredictionRTS\output\learner_results\training_runs\run_0070\trials\trial_0085,highest_transition_prob,multi_step,5,9,quality,3,5,0.0012237636999117589,0.6353065154993472,True,0.22504522660634113,0.5058835535123986,3,9.0,2.0,10.0,1,1,4
sce3_etg_run_0070,sce-3,MarineMicro_MvsM_8,86,TrialState.COMPLETE,12.707151314461708,21.89423076923077,0.6923076923076923,29.328680590464938,6.466464495872289,0.8383383876031928,104.0,completed,etg_only,C:\Users\Binich\PycharmProjects\PredictionRTS\output\learner_results\training_runs\run_0070\trials\trial_0086,highest_transition_prob,multi_step,6,8,quality,4,5,0.0018201242422484394,0.6348619648425964,True,0.24548509049306427,0.49516712147468206,3,9.0,1.0,9.0,1,1,4
sce3_etg_run_0070,sce-3,MarineMicro_MvsM_8,87,TrialState.COMPLETE,31.932698187375397,39.57692307692308,0.9326923076923077,26.524912929492526,5.396885817012584,0.8650778545746853,104.0,completed,etg_only,C:\Users\Binich\PycharmProjects\PredictionRTS\output\learner_results\training_runs\run_0070\trials\trial_0087,best_subtree_winrate,multi_step,5,6,quality,2,5,0.0015042225185526936,0.6752038319836681,True,0.18424183514113918,0.5199069156535839,3,10.0,2.0,4.0,1,1,4
sce3_etg_run_0070,sce-3,MarineMicro_MvsM_8,88,TrialState.COMPLETE,50.749728961448476,56.8235294117647,0.9901960784313726,16.430729080947316,3.9218457170933863,0.9019538570726653,102.0,completed,etg_only,C:\Users\Binich\PycharmProjects\PredictionRTS\output\learner_results\training_runs\run_0070\trials\trial_0088,highest_transition_prob,multi_step,4,2,quality,3,5,0.0011675640845498902,0.615524515557588,True,0.10515378479476026,0.6813889857105357,3,10.0,6.0,10.0,1,1,4
sce3_etg_run_0070,sce-3,MarineMicro_MvsM_8,89,TrialState.COMPLETE,44.06739031545197,52.15384615384615,0.9423076923076923,23.097106558202196,4.132736315398787,0.8966815921150303,104.0,completed,etg_only,C:\Users\Binich\PycharmProjects\PredictionRTS\output\learner_results\training_runs\run_0070\trials\trial_0089,highest_transition_prob,multi_step,4,2,win_rate,3,5,0.0011691055753739743,0.613963356867838,True,0.07480608169607418,0.7544219356688424,2,10.0,6.0,,1,1,4
sce3_etg_run_0070,sce-3,MarineMicro_MvsM_8,90,TrialState.COMPLETE,48.521965741853116,54.42857142857143,0.9619047619047619,21.863584484951506,2.9285675317564115,0.9267858117060898,105.0,completed,etg_only,C:\Users\Binich\PycharmProjects\PredictionRTS\output\learner_results\training_runs\run_0070\trials\trial_0090,highest_transition_prob,multi_step,4,3,quality,2,5,0.004266926386012182,0.6002773119464052,True,0.1048972812277099,0.6360337100583293,3,9.0,7.0,9.0,1,1,4
sce3_etg_run_0070,sce-3,MarineMicro_MvsM_8,91,TrialState.COMPLETE,51.08192292148904,55.32,1.0,17.432659005441483,3.064408588945019,0.9233897852763745,100.0,completed,etg_only,C:\Users\Binich\PycharmProjects\PredictionRTS\output\learner_results\training_runs\run_0070\trials\trial_0091,highest_transition_prob,multi_step,5,3,quality,3,5,0.0010115830243722912,0.6448245652528439,True,0.3163065453980725,0.8613470031337287,3,10.0,5.0,10.0,1,1,4
sce3_etg_run_0070,sce-3,MarineMicro_MvsM_8,92,TrialState.COMPLETE,49.31681131328481,53.53398058252427,0.941747572815534,24.33536542500554,0.8717041739947036,0.9782073956501324,103.0,completed,etg_only,C:\Users\Binich\PycharmProjects\PredictionRTS\output\learner_results\training_runs\run_0070\trials\trial_0092,highest_transition_prob,multi_step,5,3,quality,3,5,0.0010100297653474167,0.6511517500557688,True,0.3176232624066763,0.8643665164429803,3,10.0,6.0,10.0,1,1,4
sce3_etg_run_0070,sce-3,MarineMicro_MvsM_8,93,TrialState.COMPLETE,47.797429573571335,55.54455445544554,0.9900990099009901,21.44138902719111,5.234825021033783,0.8691293744741554,101.0,completed,etg_only,C:\Users\Binich\PycharmProjects\PredictionRTS\output\learner_results\training_runs\run_0070\trials\trial_0093,highest_transition_prob,multi_step,6,2,quality,3,5,0.0012130326242102577,0.6218778494867333,True,0.15391464330652566,0.9078163017173143,3,10.0,5.0,10.0,1,1,4
sce3_etg_run_0070,sce-3,MarineMicro_MvsM_8,94,TrialState.COMPLETE,9.322414091370598,17.04950495049505,0.6138613861386139,34.34547147217541,4.370781856778882,0.8907304535805279,101.0,completed,etg_only,C:\Users\Binich\PycharmProjects\PredictionRTS\output\learner_results\training_runs\run_0070\trials\trial_0094,highest_transition_prob,multi_step,6,4,quality,3,5,0.0024572162943062286,0.6936742205371096,True,0.20545501432036817,0.9937604008025825,3,9.0,9.0,9.0,1,1,4
sce3_etg_run_0070,sce-3,MarineMicro_MvsM_8,95,TrialState.COMPLETE,31.894870513448435,38.705882352941174,0.8921568627450981,27.15806608787191,3.0544069806475873,0.9236398254838103,102.0,completed,etg_only,C:\Users\Binich\PycharmProjects\PredictionRTS\output\learner_results\training_runs\run_0070\trials\trial_0095,highest_transition_prob,multi_step,5,3,quality,2,4,0.0020296369618953178,0.6624314680768059,True,0.9932234188167521,0.8232177483974162,3,10.0,5.0,6.0,1,1,4
sce3_etg_run_0070,sce-3,MarineMicro_MvsM_8,96,TrialState.COMPLETE,44.391497595262635,52.78846153846154,0.9615384615384616,23.976620454150055,5.017235847696862,0.8745691038075785,104.0,completed,etg_only,C:\Users\Binich\PycharmProjects\PredictionRTS\output\learner_results\training_runs\run_0070\trials\trial_0096,highest_transition_prob,multi_step,5,2,quality,4,5,0.0016838896930944742,0.5896316802255909,True,0.753348543321798,0.48036797787890134,3,10.0,6.0,10.0,1,1,4
sce3_etg_run_0070,sce-3,MarineMicro_MvsM_8,97,TrialState.COMPLETE,49.83621468476567,54.48,0.98,19.807816638892835,2.6627898013383096,0.9334302549665423,100.0,completed,etg_only,C:\Users\Binich\PycharmProjects\PredictionRTS\output\learner_results\training_runs\run_0070\trials\trial_0097,highest_transition_prob,multi_step,4,5,future_reward,3,5,0.0013373365912272464,0.6289805522338812,True,0.2541433725534337,0.4064240492260942,3,9.0,5.0,10.0,1,1,4
sce3_etg_run_0070,sce-3,MarineMicro_MvsM_8,98,TrialState.COMPLETE,13.980274645550896,22.514285714285716,0.7238095238095238,28.46990534238008,5.684271091103703,0.8578932227224074,105.0,completed,etg_only,C:\Users\Binich\PycharmProjects\PredictionRTS\output\learner_results\training_runs\run_0070\trials\trial_0098,highest_transition_prob,multi_step,5,2,quality,4,5,0.005989557676075635,0.6056253355048548,False,,,1,9.0,,,1,0,4
sce3_etg_run_0070,sce-3,MarineMicro_MvsM_8,99,TrialState.COMPLETE,6.589440000000001,12.48,0.66,41.68536433809833,10.430873491991873,0.8,100.0,completed,etg_only,C:\Users\Binich\PycharmProjects\PredictionRTS\output\learner_results\training_runs\run_0070\trials\trial_0099,highest_transition_prob,multi_step,4,9,quality,1,4,0.001485036988888601,0.7655995817278968,True,0.5471630618061464,0.6874435964879451,3,10.0,2.0,9.0,1,1,4
sce3_etg_run_0070,sce-3,MarineMicro_MvsM_8,100,TrialState.COMPLETE,49.32255919515409,55.285714285714285,0.9809523809523809,18.923260710521518,3.621503716978244,0.9094624070755439,105.0,completed,etg_only,C:\Users\Binich\PycharmProjects\PredictionRTS\output\learner_results\training_runs\run_0070\trials\trial_0100,best_subtree_winrate,multi_step,4,7,quality,3,5,0.0011115536438386757,0.7151370155939974,True,0.05820016469012784,0.5222082519688348,3,10.0,0.0,10.0,1,1,4
sce3_etg_run_0070,sce-3,MarineMicro_MvsM_8,101,TrialState.COMPLETE,39.851446884720524,53.44660194174757,0.9320388349514563,26.035348694747373,8.740949918863075,0.8,103.0,completed,etg_only,C:\Users\Binich\PycharmProjects\PredictionRTS\output\learner_results\training_runs\run_0070\trials\trial_0101,highest_transition_prob,multi_step,4,5,future_reward,3,5,0.001296798000402128,0.6297900478530112,True,0.2709142011346999,0.40666213371736454,3,9.0,5.0,10.0,1,1,4
sce3_etg_run_0070,sce-3,MarineMicro_MvsM_8,102,TrialState.COMPLETE,44.886007996383555,56.628571428571426,0.9809523809523809,20.176486617964436,7.678802545881952,0.8080299363529512,105.0,completed,etg_only,C:\Users\Binich\PycharmProjects\PredictionRTS\output\learner_results\training_runs\run_0070\trials\trial_0102,highest_transition_prob,multi_step,4,4,future_reward,2,5,0.0010111242646336476,0.6495015161275743,True,0.2566752218610092,0.46533864465084207,3,9.0,6.0,10.0,1,1,4
sce3_etg_run_0070,sce-3,MarineMicro_MvsM_8,103,TrialState.COMPLETE,44.811357696295154,51.57142857142857,0.9619047619047619,20.945215224874783,3.866764041823385,0.9033308989544153,105.0,completed,etg_only,C:\Users\Binich\PycharmProjects\PredictionRTS\output\learner_results\training_runs\run_0070\trials\trial_0103,highest_transition_prob,multi_step,5,5,future_reward,4,5,0.001384647605766059,0.6422964059637409,True,0.150584051834733,0.564950114643076,3,10.0,5.0,10.0,1,1,4
sce3_etg_run_0070,sce-3,MarineMicro_MvsM_8,104,TrialState.COMPLETE,16.94089200978117,26.625,0.7115384615384616,28.018258984784573,4.230878943946373,0.8942280264013407,104.0,completed,etg_only,C:\Users\Binich\PycharmProjects\PredictionRTS\output\learner_results\training_runs\run_0070\trials\trial_0104,highest_transition_prob,multi_step,5,3,future_reward,10,5,0.001208764510028765,0.6668169363408178,True,0.33194929842121135,0.7787345890326142,3,9.0,1.0,9.0,1,1,4
sce3_etg_run_0070,sce-3,MarineMicro_MvsM_8,105,TrialState.COMPLETE,47.72029165114863,55.17142857142857,0.9619047619047619,21.17071523764536,4.031959674519186,0.8992010081370203,105.0,completed,etg_only,C:\Users\Binich\PycharmProjects\PredictionRTS\output\learner_results\training_runs\run_0070\trials\trial_0105,highest_transition_prob,multi_step,4,10,future_reward,3,5,0.008240735893141045,0.5113719073191959,True,0.30399357173643793,0.6076880418266543,3,10.0,4.0,9.0,1,1,4
sce3_etg_run_0070,sce-3,MarineMicro_MvsM_8,106,TrialState.COMPLETE,12.02382594542917,21.028846153846153,0.6923076923076923,29.56266380041439,6.9639533034187115,0.8259011674145322,104.0,completed,etg_only,C:\Users\Binich\PycharmProjects\PredictionRTS\output\learner_results\training_runs\run_0070\trials\trial_0106,highest_transition_prob,multi_step,4,9,quality,7,1,0.0011037606265925544,0.621083300153245,True,0.5923794840404726,0.4139068792739439,3,5.0,5.0,8.0,1,1,4
sce3_etg_run_0070,sce-3,MarineMicro_MvsM_8,107,TrialState.COMPLETE,46.87768080762792,51.57142857142857,0.9619047619047619,21.201463176307588,2.2006029526271704,0.9449849261843207,105.0,completed,etg_only,C:\Users\Binich\PycharmProjects\PredictionRTS\output\learner_results\training_runs\run_0070\trials\trial_0107,highest_transition_prob,multi_step,3,6,quality,4,5,0.012264149105570924,0.6882633226912225,True,0.6285274820789924,0.45827029247799533,3,6.0,6.0,10.0,1,1,4
sce3_etg_run_0070,sce-3,MarineMicro_MvsM_8,108,TrialState.COMPLETE,43.29563112952697,51.262135922330096,0.970873786407767,20.05330816232997,5.20277646567033,0.8699305883582418,103.0,completed,etg_only,C:\Users\Binich\PycharmProjects\PredictionRTS\output\learner_results\training_runs\run_0070\trials\trial_0108,best_subtree_quality,multi_step,3,8,quality,3,2,0.002608211677860293,0.7309227269061579,True,0.34935259910267624,0.5079476564606759,3,9.0,5.0,10.0,1,1,4
sce3_etg_run_0070,sce-3,MarineMicro_MvsM_8,109,TrialState.COMPLETE,47.27821070046146,53.24271844660194,0.970873786407767,20.521107305338873,3.415423973654583,0.9146144006586354,103.0,completed,etg_only,C:\Users\Binich\PycharmProjects\PredictionRTS\output\learner_results\training_runs\run_0070\trials\trial_0109,highest_transition_prob,multi_step,6,10,win_rate,9,3,0.0017063331619550965,0.7033574382808098,True,0.20865734260738775,0.6708914235850434,3,10.0,4.0,9.0,1,1,4
sce3_etg_run_0070,sce-3,MarineMicro_MvsM_8,110,TrialState.COMPLETE,42.41919015332175,52.11764705882353,0.9509803921568627,22.653093160930265,5.765341404268026,0.8558664648932993,102.0,completed,etg_only,C:\Users\Binich\PycharmProjects\PredictionRTS\output\learner_results\training_runs\run_0070\trials\trial_0110,best_subtree_winrate,multi_step,5,9,future_reward,3,5,0.002038869166562712,0.6789327511338169,True,0.5572217734280348,0.5517986130958947,3,10.0,5.0,10.0,1,1,4
sce3_etg_run_0070,sce-3,MarineMicro_MvsM_8,111,TrialState.COMPLETE,37.7360193985474,48.48571428571429,0.9238095238095239,24.3126908995181,6.300780324365817,0.8424804918908546,105.0,completed,etg_only,C:\Users\Binich\PycharmProjects\PredictionRTS\output\learner_results\training_runs\run_0070\trials\trial_0111,random_beam,multi_step,2,10,quality,5,5,0.0013095186266289377,0.6383677857359917,True,0.5151053668919231,0.6207086037226652,3,5.0,4.0,10.0,1,1,4
sce3_etg_run_0070,sce-3,MarineMicro_MvsM_8,112,TrialState.COMPLETE,36.35640138408305,48.794117647058826,0.9313725490196079,23.722388794213078,8.49210961975177,0.8,102.0,completed,etg_only,C:\Users\Binich\PycharmProjects\PredictionRTS\output\learner_results\training_runs\run_0070\trials\trial_0112,random_beam,multi_step,2,4,quality,5,5,0.00149370802803589,0.5794139372790287,True,0.6495773445682563,0.5812748540144472,3,4.0,4.0,10.0,1,1,4
sce3_etg_run_0070,sce-3,MarineMicro_MvsM_8,113,TrialState.COMPLETE,40.13899871394493,49.5,0.9615384615384616,21.314946002205193,6.267023303028096,0.8433244174242975,104.0,completed,etg_only,C:\Users\Binich\PycharmProjects\PredictionRTS\output\learner_results\training_runs\run_0070\trials\trial_0113,highest_transition_prob,multi_step,2,8,quality,6,5,0.001384615175867143,0.6576751817124789,True,0.5906759033045182,0.4897233784637383,3,7.0,4.0,10.0,1,1,4
sce3_etg_run_0070,sce-3,MarineMicro_MvsM_8,114,TrialState.COMPLETE,48.99106297970784,54.67289719626168,0.9719626168224299,21.746962705935665,3.1230322120529115,0.9219241946986771,107.0,completed,etg_only,C:\Users\Binich\PycharmProjects\PredictionRTS\output\learner_results\training_runs\run_0070\trials\trial_0114,highest_transition_prob,multi_step,3,9,quality,4,5,0.0030737526415462336,0.8068199036103921,True,0.9413421690799362,0.5324877060908988,3,9.0,5.0,10.0,1,1,4
sce3_etg_run_0070,sce-3,MarineMicro_MvsM_8,115,TrialState.COMPLETE,50.89538664844996,57.25471698113208,1.0,16.540437196632663,4.442834175411465,0.8889291456147134,106.0,completed,etg_only,C:\Users\Binich\PycharmProjects\PredictionRTS\output\learner_results\training_runs\run_0070\trials\trial_0115,highest_transition_prob,multi_step,2,12,quality,2,5,0.0010879770244467174,0.6119512657851152,True,0.47318083247594456,0.5608805991885945,3,3.0,3.0,10.0,1,1,4
sce3_etg_run_0070,sce-3,MarineMicro_MvsM_8,116,TrialState.COMPLETE,45.88736954601268,53.16831683168317,0.9603960396039604,21.480854614952513,4.054056961057014,0.8986485759735746,101.0,completed,etg_only,C:\Users\Binich\PycharmProjects\PredictionRTS\output\learner_results\training_runs\run_0070\trials\trial_0116,highest_transition_prob,multi_step,2,12,quality,2,3,0.0010803055207830679,0.6066690185321698,True,0.6874486755974794,0.43464804058662493,3,3.0,8.0,9.0,1,1,4
sce3_etg_run_0070,sce-3,MarineMicro_MvsM_8,117,TrialState.COMPLETE,42.31309264792204,49.74757281553398,0.9514563106796117,24.244594411671347,4.241934720817207,0.8939516319795698,103.0,completed,etg_only,C:\Users\Binich\PycharmProjects\PredictionRTS\output\learner_results\training_runs\run_0070\trials\trial_0117,highest_transition_prob,multi_step,3,8,quality,2,5,0.00464525562994265,0.5501840017655809,False,,,3,2.0,3.0,10.0,1,0,4
sce3_etg_run_0070,sce-3,MarineMicro_MvsM_8,118,TrialState.COMPLETE,46.94133821004492,55.33980582524272,0.9805825242718447,20.42298029755062,5.398599474006148,0.8650350131498463,103.0,completed,etg_only,C:\Users\Binich\PycharmProjects\PredictionRTS\output\learner_results\training_runs\run_0070\trials\trial_0118,highest_transition_prob,multi_step,5,3,quality,1,5,0.003743890271445248,0.6257445070870842,True,0.29464643423764286,0.5645120915192183,3,8.0,3.0,10.0,1,1,4
sce3_etg_run_0070,sce-3,MarineMicro_MvsM_8,119,TrialState.COMPLETE,47.95310910639972,54.83653846153846,0.9519230769230769,21.98824448904594,3.2544396732664533,0.9186390081683387,104.0,completed,etg_only,C:\Users\Binich\PycharmProjects\PredictionRTS\output\learner_results\training_runs\run_0070\trials\trial_0119,highest_transition_prob,multi_step,7,2,quality,3,4,0.0011802025187850208,0.5956424388606,True,0.1677743105545716,0.7086166033280424,3,10.0,2.0,9.0,1,1,4
sce3_etg_run_0070,sce-3,MarineMicro_MvsM_8,120,TrialState.COMPLETE,4.641840000000001,9.21,0.63,44.6894383495698,9.744052373419532,0.8,100.0,completed,etg_only,C:\Users\Binich\PycharmProjects\PredictionRTS\output\learner_results\training_runs\run_0070\trials\trial_0120,highest_transition_prob,multi_step,4,5,quality,2,3,0.08806366668166032,0.5855067380818625,True,0.2558364731219537,0.4828605215307209,3,1.0,6.0,10.0,1,1,4
sce3_etg_run_0070,sce-3,MarineMicro_MvsM_8,121,TrialState.COMPLETE,45.00711317818465,51.94117647058823,0.9803921568627451,21.403602193350796,4.646734201145101,0.8838316449713725,102.0,completed,etg_only,C:\Users\Binich\PycharmProjects\PredictionRTS\output\learner_results\training_runs\run_0070\trials\trial_0121,random_beam,multi_step,2,14,quality,5,5,0.0012846910315535412,0.6379426158545548,True,0.40468020280252903,0.5554018213769532,3,2.0,4.0,10.0,1,1,4
sce3_etg_run_0070,sce-3,MarineMicro_MvsM_8,122,TrialState.COMPLETE,42.96051988142018,50.851485148514854,0.9603960396039604,21.44040145673623,4.813544712852289,0.8796613821786927,101.0,completed,etg_only,C:\Users\Binich\PycharmProjects\PredictionRTS\output\learner_results\training_runs\run_0070\trials\trial_0122,highest_transition_prob,multi_step,2,11,quality,8,5,0.0015713980951231334,0.6152785863516993,True,0.49294529024333955,0.5929608788814923,3,4.0,4.0,10.0,1,1,4
sce3_etg_run_0070,sce-3,MarineMicro_MvsM_8,123,TrialState.COMPLETE,45.799240384585154,54.11538461538461,0.9711538461538461,20.908825746149404,5.1414368046842815,0.871464079882893,104.0,completed,etg_only,C:\Users\Binich\PycharmProjects\PredictionRTS\output\learner_results\training_runs\run_0070\trials\trial_0123,best_subtree_winrate,multi_step,2,10,quality,4,5,0.001857110632618474,0.6114454489281022,True,0.47260006175906,0.647777244536317,3,3.0,5.0,10.0,1,1,4
sce3_etg_run_0070,sce-3,MarineMicro_MvsM_8,124,TrialState.COMPLETE,14.244235519281721,22.217821782178216,0.7326732673267327,29.43985443100447,4.998447142604214,0.8750388214348946,101.0,completed,etg_only,C:\Users\Binich\PycharmProjects\PredictionRTS\output\learner_results\training_runs\run_0070\trials\trial_0124,highest_transition_prob,multi_step,2,12,quality,3,5,0.0010125693513028358,0.66880044788605,True,0.5385225357372776,0.5067774123029223,3,6.0,3.0,9.0,1,1,4
sce3_etg_run_0070,sce-3,MarineMicro_MvsM_8,125,TrialState.COMPLETE,38.65013164071082,50.714285714285715,0.9333333333333333,25.159572365854174,7.337916923342973,0.8165520769164256,105.0,completed,etg_only,C:\Users\Binich\PycharmProjects\PredictionRTS\output\learner_results\training_runs\run_0070\trials\trial_0125,highest_transition_prob,multi_step,2,9,quality,4,5,0.0022832779029671496,0.7457289616974705,True,0.12776726592664467,0.5329051812319475,3,5.0,3.0,10.0,1,1,4
sce3_etg_run_0070,sce-3,MarineMicro_MvsM_8,126,TrialState.COMPLETE,14.439608492498778,24.778846153846153,0.6730769230769231,31.887710657498314,5.368633415407332,0.8657841646148167,104.0,completed,etg_only,C:\Users\Binich\PycharmProjects\PredictionRTS\output\learner_results\training_runs\run_0070\trials\trial_0126,highest_transition_prob,multi_step,3,7,quality,5,5,0.001138493381534952,0.645313714334825,True,0.4715955822514232,0.026314610154194618,3,4.0,5.0,9.0,1,1,4
sce3_etg_run_0070,sce-3,MarineMicro_MvsM_8,127,TrialState.COMPLETE,46.301205318241024,51.66,0.98,21.689730288779526,3.417632306809018,0.9145591923297746,100.0,completed,etg_only,C:\Users\Binich\PycharmProjects\PredictionRTS\output\learner_results\training_runs\run_0070\trials\trial_0127,best_subtree_quality,multi_step,2,12,quality,6,3,0.07398802403475996,0.6268105562529335,True,0.8145725726956679,0.4561758831571376,3,10.0,2.0,10.0,1,1,4
sce3_etg_run_0070,sce-3,MarineMicro_MvsM_8,128,TrialState.COMPLETE,47.41852918632573,54.4,0.9809523809523809,22.25077847755316,4.456413730980855,0.8885896567254786,105.0,completed,etg_only,C:\Users\Binich\PycharmProjects\PredictionRTS\output\learner_results\training_runs\run_0070\trials\trial_0128,highest_transition_prob,multi_step,5,10,quality,4,5,0.0012845492716444735,0.8483490309772923,True,0.4426880583361388,0.6149030812468368,3,9.0,4.0,10.0,1,1,4
sce3_etg_run_0070,sce-3,MarineMicro_MvsM_8,129,TrialState.COMPLETE,43.70931617583759,51.457142857142856,0.9333333333333333,25.77301230483752,3.5957944121286025,0.910105139696785,105.0,completed,etg_only,C:\Users\Binich\PycharmProjects\PredictionRTS\output\learner_results\training_runs\run_0070\trials\trial_0129,random_beam,multi_step,6,9,quality,3,5,0.005872190908917084,0.6551937767143052,True,0.22835993561217527,0.5183946655721707,1,10.0,,,1,1,4
sce3_etg_run_0070,sce-3,MarineMicro_MvsM_8,130,TrialState.COMPLETE,14.421945539198642,23.762376237623762,0.7524752475247525,29.152432609076758,7.737222270753209,0.8065694432311697,101.0,completed,etg_only,C:\Users\Binich\PycharmProjects\PredictionRTS\output\learner_results\training_runs\run_0070\trials\trial_0130,highest_transition_prob,multi_step,2,10,win_rate,2,3,0.0014201805342955991,0.6329821514317823,True,0.5702902024267895,0.4768656710873316,3,9.0,4.0,8.0,1,1,4
sce3_etg_run_0070,sce-3,MarineMicro_MvsM_8,131,TrialState.COMPLETE,48.59480869040503,53.5,0.9901960784313726,20.563030790574565,3.307704366271396,0.9173073908432151,102.0,completed,etg_only,C:\Users\Binich\PycharmProjects\PredictionRTS\output\learner_results\training_runs\run_0070\trials\trial_0131,highest_transition_prob,multi_step,5,9,quality,3,5,0.06034153302925774,0.5311343530090484,True,0.18284091439954608,0.35204418674413324,3,8.0,3.0,10.0,1,1,4
sce3_etg_run_0070,sce-3,MarineMicro_MvsM_8,132,TrialState.COMPLETE,38.08128,50.64,0.94,26.05437391303042,9.332069897378275,0.8,100.0,completed,etg_only,C:\Users\Binich\PycharmProjects\PredictionRTS\output\learner_results\training_runs\run_0070\trials\trial_0132,highest_transition_prob,multi_step,5,9,quality,3,5,0.0479703389707531,0.5042309049140806,True,0.2732438627524439,0.950592509861244,3,8.0,3.0,10.0,1,1,4
sce3_etg_run_0070,sce-3,MarineMicro_MvsM_8,133,TrialState.COMPLETE,47.41906976480265,55.14,0.97,19.547388572389917,4.5370773066476335,0.8865730673338091,100.0,completed,etg_only,C:\Users\Binich\PycharmProjects\PredictionRTS\output\learner_results\training_runs\run_0070\trials\trial_0133,highest_transition_prob,multi_step,5,11,quality,3,5,0.01552896099701837,0.5113923572355014,True,0.2404697212898021,0.5421551573108403,3,10.0,3.0,9.0,1,1,4
sce3_etg_run_0070,sce-3,MarineMicro_MvsM_8,134,TrialState.COMPLETE,47.280935640264794,53.76699029126213,0.9611650485436893,22.33948304218651,3.4041063427653726,0.9148973414308657,103.0,completed,etg_only,C:\Users\Binich\PycharmProjects\PredictionRTS\output\learner_results\training_runs\run_0070\trials\trial_0134,highest_transition_prob,multi_step,5,9,quality,3,5,0.05271296932834389,0.6024370535527623,True,0.22049264326612852,0.30811511057747865,3,8.0,5.0,10.0,1,1,4
sce3_etg_run_0070,sce-3,MarineMicro_MvsM_8,135,TrialState.COMPLETE,45.32752582248211,50.94117647058823,0.9705882352941176,21.64953630324051,3.329400342368731,0.9167649914407817,102.0,completed,etg_only,C:\Users\Binich\PycharmProjects\PredictionRTS\output\learner_results\training_runs\run_0070\trials\trial_0135,highest_transition_prob,multi_step,4,8,future_reward,7,5,0.039212710425342766,0.5184396135228821,True,0.5091330370957586,0.3639074415296116,3,9.0,2.0,10.0,1,1,4
sce3_etg_run_0070,sce-3,MarineMicro_MvsM_8,136,TrialState.COMPLETE,41.52239862868575,51.96116504854369,0.9611650485436893,21.255232287922322,6.744339731264278,0.831391506718393,103.0,completed,etg_only,C:\Users\Binich\PycharmProjects\PredictionRTS\output\learner_results\training_runs\run_0070\trials\trial_0136,best_subtree_winrate,multi_step,6,10,quality,5,5,0.0011013385770299263,0.9984306989626105,True,0.042629910000787086,0.3898151694123717,3,5.0,5.0,10.0,1,1,4
sce3_etg_run_0070,sce-3,MarineMicro_MvsM_8,137,TrialState.COMPLETE,15.905623572048698,23.287128712871286,0.7524752475247525,32.71973293654578,3.6919830696229936,0.9077004232594251,101.0,completed,etg_only,C:\Users\Binich\PycharmProjects\PredictionRTS\output\learner_results\training_runs\run_0070\trials\trial_0137,highest_transition_prob,multi_step,2,13,quality,4,5,0.001628967256682222,0.5478061084573562,False,,,3,4.0,3.0,9.0,1,0,4
sce3_etg_run_0070,sce-3,MarineMicro_MvsM_8,138,TrialState.COMPLETE,16.46267399128633,25.26,0.75,27.672231568848943,5.241121158540346,0.8689719710364914,100.0,completed,etg_only,C:\Users\Binich\PycharmProjects\PredictionRTS\output\learner_results\training_runs\run_0070\trials\trial_0138,highest_transition_prob,multi_step,5,9,quality,3,2,0.007229904600669557,0.9715119561029235,True,0.3436140826182992,0.42557344819592835,3,7.0,6.0,5.0,1,1,4
sce3_etg_run_0070,sce-3,MarineMicro_MvsM_8,139,TrialState.COMPLETE,9.463437139561707,18.852941176470587,0.6274509803921569,31.725043320733572,8.0928986833046,0.8,102.0,completed,etg_only,C:\Users\Binich\PycharmProjects\PredictionRTS\output\learner_results\training_runs\run_0070\trials\trial_0139,highest_transition_prob,multi_step,4,2,quality,2,5,0.018590543436595178,0.563364626227896,True,0.37422835355953743,0.5705356271687941,3,9.0,2.0,7.0,1,1,4
sce3_etg_run_0070,sce-3,MarineMicro_MvsM_8,140,TrialState.COMPLETE,11.498180553307998,20.650485436893202,0.6699029126213593,32.22786249696952,6.7534194612962235,0.8311645134675945,103.0,completed,etg_only,C:\Users\Binich\PycharmProjects\PredictionRTS\output\learner_results\training_runs\run_0070\trials\trial_0140,highest_transition_prob,multi_step,5,11,quality,9,4,0.06723562267707478,0.5366778420408002,True,0.30462408002704805,0.4532490872178198,0,,,,1,1,4
sce3_etg_run_0070,sce-3,MarineMicro_MvsM_8,141,TrialState.COMPLETE,51.22766938127069,55.285714285714285,1.0,19.604039567062163,2.9360531608377443,0.9265986709790563,105.0,completed,etg_only,C:\Users\Binich\PycharmProjects\PredictionRTS\output\learner_results\training_runs\run_0070\trials\trial_0141,highest_transition_prob,multi_step,2,11,quality,5,3,0.061633623586188915,0.573310150359589,True,0.41398000635659504,0.41146225966011524,3,8.0,4.0,10.0,1,1,4
sce3_etg_run_0070,sce-3,MarineMicro_MvsM_8,142,TrialState.COMPLETE,48.51496631360415,55.02,0.95,21.93170308024436,2.872856711546688,0.9281785822113328,100.0,completed,etg_only,C:\Users\Binich\PycharmProjects\PredictionRTS\output\learner_results\training_runs\run_0070\trials\trial_0142,highest_transition_prob,multi_step,2,12,quality,5,3,0.0012521598886473429,0.5744967178380899,True,0.4317332884888475,0.31263976467083265,3,8.0,4.0,10.0,1,1,4
sce3_etg_run_0070,sce-3,MarineMicro_MvsM_8,143,TrialState.COMPLETE,46.79656879690531,53.628571428571426,0.9714285714285714,21.15532450949502,4.069198798953895,0.8982700300261526,105.0,completed,etg_only,C:\Users\Binich\PycharmProjects\PredictionRTS\output\learner_results\training_runs\run_0070\trials\trial_0143,highest_transition_prob,multi_step,2,11,quality,5,3,0.001009354209925355,0.6202488587972159,True,0.0025251495572158472,0.4994722647538722,3,8.0,4.0,10.0,1,1,4
sce3_etg_run_0070,sce-3,MarineMicro_MvsM_8,144,TrialState.COMPLETE,43.87137503053776,50.94059405940594,0.9702970297029703,21.234113121181515,4.496388672456657,0.8875902831885836,101.0,completed,etg_only,C:\Users\Binich\PycharmProjects\PredictionRTS\output\learner_results\training_runs\run_0070\trials\trial_0144,highest_transition_prob,multi_step,2,4,quality,4,1,0.05459811823772802,0.5903814473015392,True,0.3972542223126263,0.8489035019476836,3,10.0,5.0,3.0,1,1,4
sce3_etg_run_0070,sce-3,MarineMicro_MvsM_8,145,TrialState.COMPLETE,42.38936776778383,50.970873786407765,0.941747572815534,23.797061216407965,4.676775442441343,0.8830806139389664,103.0,completed,etg_only,C:\Users\Binich\PycharmProjects\PredictionRTS\output\learner_results\training_runs\run_0070\trials\trial_0145,highest_transition_prob,multi_step,2,10,quality,6,3,0.07420862393110295,0.5259420769651773,True,0.2669813398062282,0.3935299754875245,3,7.0,4.0,10.0,1,1,4
sce3_etg_run_0070,sce-3,MarineMicro_MvsM_8,146,TrialState.COMPLETE,43.416496839089305,50.6764705882353,0.9705882352941176,21.884349213180386,4.691978159315334,0.8827005460171167,102.0,completed,etg_only,C:\Users\Binich\PycharmProjects\PredictionRTS\output\learner_results\training_runs\run_0070\trials\trial_0146,highest_transition_prob,multi_step,3,11,quality,3,3,0.04429011470537558,0.6118114366040361,True,0.4577513531457735,0.3482848857990988,3,3.0,3.0,10.0,1,1,4
sce3_etg_run_0070,sce-3,MarineMicro_MvsM_8,147,TrialState.COMPLETE,45.04822244676995,50.44117647058823,0.9607843137254902,23.41466505830027,2.818531458226169,0.9295367135443457,102.0,completed,etg_only,C:\Users\Binich\PycharmProjects\PredictionRTS\output\learner_results\training_runs\run_0070\trials\trial_0147,highest_transition_prob,multi_step,2,3,future_reward,4,3,0.012647621056797549,0.6416937866580833,True,0.524958121593293,0.5971162071975933,3,10.0,5.0,10.0,1,1,4
sce3_etg_run_0070,sce-3,MarineMicro_MvsM_8,148,TrialState.COMPLETE,12.615745438617726,22.38,0.65,29.465498468547928,5.310385815308377,0.8672403546172905,100.0,completed,etg_only,C:\Users\Binich\PycharmProjects\PredictionRTS\output\learner_results\training_runs\run_0070\trials\trial_0148,random_beam,multi_step,3,9,quality,5,5,0.009295325237746295,0.5978571981291457,True,0.605622996293733,0.5214838938520853,3,9.0,1.0,9.0,1,1,4
sce3_etg_run_0070,sce-3,MarineMicro_MvsM_8,149,TrialState.COMPLETE,15.26378570241787,22.980582524271846,0.7184466019417476,29.74127287595514,3.0200156391483897,0.9244996090212902,103.0,completed,etg_only,C:\Users\Binich\PycharmProjects\PredictionRTS\output\learner_results\training_runs\run_0070\trials\trial_0149,best_subtree_winrate,multi_step,4,6,quality,10,3,0.02783793980078573,0.5579452838483844,True,0.49365240339490346,0.41553260409845294,3,8.0,4.0,6.0,1,1,4
sce3_etg_run_0070,sce-3,MarineMicro_MvsM_8,150,TrialState.COMPLETE,39.75251409582108,50.31,0.96,23.799871848394474,7.077027350575537,0.8230743162356116,100.0,completed,etg_only,C:\Users\Binich\PycharmProjects\PredictionRTS\output\learner_results\training_runs\run_0070\trials\trial_0150,highest_transition_prob,multi_step,2,8,quality,3,5,0.06065983227384778,0.542217741867272,True,0.5468588613047345,0.4799096356096424,3,10.0,4.0,10.0,1,1,4
sce3_etg_run_0070,sce-3,MarineMicro_MvsM_8,151,TrialState.COMPLETE,47.37172033563056,56.35294117647059,0.9607843137254902,22.632462828919486,5.002529478086405,0.8749367630478398,102.0,completed,etg_only,C:\Users\Binich\PycharmProjects\PredictionRTS\output\learner_results\training_runs\run_0070\trials\trial_0151,highest_transition_prob,multi_step,2,11,quality,5,3,0.06545664025246888,0.5707775957950714,True,0.3691194440247036,0.44293680151274956,3,7.0,4.0,10.0,1,1,4
sce3_etg_run_0070,sce-3,MarineMicro_MvsM_8,152,TrialState.COMPLETE,46.78196040567588,52.09615384615385,0.9711538461538461,21.50112663898248,3.0133742860950967,0.9246656428476225,104.0,completed,etg_only,C:\Users\Binich\PycharmProjects\PredictionRTS\output\learner_results\training_runs\run_0070\trials\trial_0152,highest_transition_prob,multi_step,2,12,quality,5,3,0.05754933163255569,0.6242386201092953,True,0.4065881142051838,0.5505093685769429,3,8.0,3.0,10.0,1,1,4
sce3_etg_run_0070,sce-3,MarineMicro_MvsM_8,153,TrialState.COMPLETE,44.427548398497315,52.45631067961165,0.9514563106796117,24.535995629575464,4.393790225410825,0.8901552443647294,103.0,completed,etg_only,C:\Users\Binich\PycharmProjects\PredictionRTS\output\learner_results\training_runs\run_0070\trials\trial_0153,highest_transition_prob,multi_step,2,11,quality,5,3,0.08643561426853798,0.5849407946933424,True,0.2417595487139288,0.4962634927136311,3,8.0,5.0,10.0,1,1,4
sce3_etg_run_0070,sce-3,MarineMicro_MvsM_8,154,TrialState.COMPLETE,47.25223335553028,55.0,0.9705882352941176,19.54782972758929,4.593367843789988,0.8851658039052503,102.0,completed,etg_only,C:\Users\Binich\PycharmProjects\PredictionRTS\output\learner_results\training_runs\run_0070\trials\trial_0154,highest_transition_prob,multi_step,10,10,quality,4,3,0.0011731233992619018,0.6076249733704691,True,0.42888189012196953,0.43556687436132285,3,8.0,4.0,10.0,1,1,4
sce3_etg_run_0070,sce-3,MarineMicro_MvsM_8,155,TrialState.COMPLETE,47.817307668150434,53.38235294117647,0.9509803921568627,23.514719677735716,2.3230415510730817,0.9419239612231729,102.0,completed,etg_only,C:\Users\Binich\PycharmProjects\PredictionRTS\output\learner_results\training_runs\run_0070\trials\trial_0155,highest_transition_prob,multi_step,2,13,quality,6,5,0.06200052205870535,0.5152047183145841,True,0.7364984472477247,0.4670813933041654,3,9.0,5.0,10.0,1,1,4
sce3_etg_run_0070,sce-3,MarineMicro_MvsM_8,156,TrialState.COMPLETE,15.749202711040072,25.647058823529413,0.696078431372549,31.362099975589846,4.7123433247919815,0.8821914168802004,102.0,completed,etg_only,C:\Users\Binich\PycharmProjects\PredictionRTS\output\learner_results\training_runs\run_0070\trials\trial_0156,highest_transition_prob,multi_step,5,9,quality,5,5,0.07091723876803584,0.6334430522971273,True,0.3338694590392037,0.40897356509863525,3,3.0,3.0,9.0,1,1,4
sce3_etg_run_0070,sce-3,MarineMicro_MvsM_8,157,TrialState.COMPLETE,47.28084015877239,52.73529411764706,0.9705882352941176,22.007096213199603,3.0504816890325066,0.9237379577741873,102.0,completed,etg_only,C:\Users\Binich\PycharmProjects\PredictionRTS\output\learner_results\training_runs\run_0070\trials\trial_0157,best_subtree_quality,multi_step,2,10,quality,3,5,0.051278236278268836,0.6531800423728729,True,0.18912646668817856,0.37944813463993354,3,10.0,5.0,10.0,1,1,4
sce3_etg_run_0070,sce-3,MarineMicro_MvsM_8,158,TrialState.COMPLETE,11.871856571182969,20.67,0.66,37.666179790363664,5.190785734902092,0.8702303566274476,100.0,completed,etg_only,C:\Users\Binich\PycharmProjects\PredictionRTS\output\learner_results\training_runs\run_0070\trials\trial_0158,highest_transition_prob,multi_step,3,12,win_rate,4,3,0.0014347927153415669,0.5789661197433017,True,0.8665043712425937,0.5788008192166261,3,2.0,4.0,9.0,1,1,4
sce3_etg_run_0070,sce-3,MarineMicro_MvsM_8,159,TrialState.COMPLETE,29.984095029297585,37.470588235294116,0.8725490196078431,29.28484379546129,3.316514715536659,0.9170871321115835,102.0,completed,etg_only,C:\Users\Binich\PycharmProjects\PredictionRTS\output\learner_results\training_runs\run_0070\trials\trial_0159,highest_transition_prob,multi_step,6,11,future_reward,2,5,0.020547662324360377,0.6165995535444536,True,0.31486062202912707,0.5163702107052461,3,8.0,4.0,10.0,1,1,4
sce3_etg_run_0070,sce-3,MarineMicro_MvsM_8,160,TrialState.COMPLETE,50.13973836534488,53.05714285714286,1.0,16.671520381678892,2.1994433433048814,0.945013916417378,105.0,completed,etg_only,C:\Users\Binich\PycharmProjects\PredictionRTS\output\learner_results\training_runs\run_0070\trials\trial_0160,random_beam,multi_step,2,5,quality,5,3,0.0010953371899518475,0.5637990600968961,False,,,3,9.0,3.0,10.0,1,0,4
sce3_etg_run_0070,sce-3,MarineMicro_MvsM_8,161,TrialState.COMPLETE,47.95139845480089,53.33009708737864,0.970873786407767,22.71665414885584,2.955296835464588,0.9261175791133853,103.0,completed,etg_only,C:\Users\Binich\PycharmProjects\PredictionRTS\output\learner_results\training_runs\run_0070\trials\trial_0161,random_beam,multi_step,2,5,quality,5,3,0.0010803190421727555,0.5526764903415479,False,,,3,9.0,3.0,10.0,1,0,4
sce3_etg_run_0070,sce-3,MarineMicro_MvsM_8,162,TrialState.COMPLETE,48.01956960614172,53.38834951456311,0.9805825242718447,19.573725706992953,3.310008555898909,0.9172497861025273,103.0,completed,etg_only,C:\Users\Binich\PycharmProjects\PredictionRTS\output\learner_results\training_runs\run_0070\trials\trial_0162,random_beam,multi_step,2,5,quality,5,3,0.001338561583376071,0.5356824086677213,False,,,3,0.0,3.0,10.0,1,0,4
sce3_etg_run_0070,sce-3,MarineMicro_MvsM_8,163,TrialState.COMPLETE,44.68273610664648,54.088235294117645,0.9607843137254902,22.887663832495935,5.606922835647146,0.8598269291088213,102.0,completed,etg_only,C:\Users\Binich\PycharmProjects\PredictionRTS\output\learner_results\training_runs\run_0070\trials\trial_0163,random_beam,multi_step,2,6,quality,5,3,0.0012013334275712292,0.5638269398519853,False,,,3,9.0,3.0,10.0,1,0,4
sce3_etg_run_0070,sce-3,MarineMicro_MvsM_8,164,TrialState.COMPLETE,41.382298299094266,54.08653846153846,0.9519230769230769,24.494155730313064,7.849809138280322,0.8037547715429919,104.0,completed,etg_only,C:\Users\Binich\PycharmProjects\PredictionRTS\output\learner_results\training_runs\run_0070\trials\trial_0164,random_beam,multi_step,2,4,quality,6,3,0.0011080668855655003,0.5956230785466415,False,,,3,9.0,5.0,10.0,1,0,4
sce3_etg_run_0070,sce-3,MarineMicro_MvsM_8,165,TrialState.COMPLETE,50.90537276012989,54.28846153846154,0.9807692307692307,17.301441178812397,1.7572383868110708,0.9560690403297232,104.0,completed,etg_only,C:\Users\Binich\PycharmProjects\PredictionRTS\output\learner_results\training_runs\run_0070\trials\trial_0165,random_beam,multi_step,2,9,quality,5,3,0.07814026117784181,0.6453801931509797,False,,,3,2.0,7.0,10.0,1,0,4
sce3_etg_run_0070,sce-3,MarineMicro_MvsM_8,166,TrialState.COMPLETE,43.504335188138064,54.52427184466019,0.970873786407767,18.310082457908834,7.126959258478862,0.8218260185380284,103.0,completed,etg_only,C:\Users\Binich\PycharmProjects\PredictionRTS\output\learner_results\training_runs\run_0070\trials\trial_0166,random_beam,multi_step,5,9,quality,3,3,0.07999321098711332,0.6466721542867029,True,0.563882937965276,0.7326411745433113,3,2.0,6.0,10.0,1,1,4
sce3_etg_run_0070,sce-3,MarineMicro_MvsM_8,167,TrialState.COMPLETE,50.535889140599416,55.0188679245283,0.9716981132075472,20.49205144204237,2.1891106061119046,0.9452722348472024,106.0,completed,etg_only,C:\Users\Binich\PycharmProjects\PredictionRTS\output\learner_results\training_runs\run_0070\trials\trial_0167,random_beam,multi_step,2,9,quality,4,2,0.035811019640081675,0.6668471399443484,False,,,3,3.0,7.0,10.0,1,0,4
sce3_etg_run_0070,sce-3,MarineMicro_MvsM_8,168,TrialState.COMPLETE,15.560110078517033,25.514851485148515,0.7326732673267327,27.80042519134424,6.7057477454504495,0.8323563063637387,101.0,completed,etg_only,C:\Users\Binich\PycharmProjects\PredictionRTS\output\learner_results\training_runs\run_0070\trials\trial_0168,random_beam,multi_step,2,8,quality,4,2,0.09224672386079907,0.6656200926595031,False,,,3,2.0,7.0,9.0,1,0,4
sce3_etg_run_0070,sce-3,MarineMicro_MvsM_8,169,TrialState.COMPLETE,43.90532988229504,56.04950495049505,0.9702970297029703,20.521119880285887,7.707568062951902,0.8073107984262025,101.0,completed,etg_only,C:\Users\Binich\PycharmProjects\PredictionRTS\output\learner_results\training_runs\run_0070\trials\trial_0169,random_beam,multi_step,2,9,quality,4,2,0.0010017823936216855,0.6739111049938739,False,,,3,1.0,8.0,10.0,1,0,4
sce3_etg_run_0070,sce-3,MarineMicro_MvsM_8,170,TrialState.COMPLETE,47.04067128746248,54.542857142857144,0.9904761904761905,21.660158101444964,5.1701521172130755,0.870746197069673,105.0,completed,etg_only,C:\Users\Binich\PycharmProjects\PredictionRTS\output\learner_results\training_runs\run_0070\trials\trial_0170,random_beam,multi_step,3,9,quality,5,2,0.0013104934134542004,0.684819229282979,False,,,3,3.0,7.0,10.0,1,0,4
sce3_etg_run_0070,sce-3,MarineMicro_MvsM_8,171,TrialState.COMPLETE,42.17766336686553,52.16504854368932,0.9320388349514563,24.102570900772594,5.300047253313138,0.8674988186671715,103.0,completed,etg_only,C:\Users\Binich\PycharmProjects\PredictionRTS\output\learner_results\training_runs\run_0070\trials\trial_0171,random_beam,multi_step,2,9,quality,4,2,0.03334223100765464,0.6329795714306425,False,,,3,1.0,7.0,10.0,1,0,4
sce3_etg_run_0070,sce-3,MarineMicro_MvsM_8,172,TrialState.COMPLETE,48.56442789606408,53.15533980582524,0.9902912621359223,19.281641392460457,3.096426498390626,0.9225893375402343,103.0,completed,etg_only,C:\Users\Binich\PycharmProjects\PredictionRTS\output\learner_results\training_runs\run_0070\trials\trial_0172,random_beam,multi_step,2,9,quality,3,2,0.041640800984270455,0.6596983317861072,False,,,3,10.0,8.0,10.0,1,0,4
sce3_etg_run_0070,sce-3,MarineMicro_MvsM_8,173,TrialState.COMPLETE,46.215286035139584,52.714285714285715,0.9809523809523809,19.595293062469917,4.250548334961882,0.8937362916259529,105.0,completed,etg_only,C:\Users\Binich\PycharmProjects\PredictionRTS\output\learner_results\training_runs\run_0070\trials\trial_0173,random_beam,multi_step,2,9,quality,5,5,0.0012067318216730134,0.6455788804577407,False,,,3,6.0,6.0,10.0,1,0,4
sce3_etg_run_0070,sce-3,MarineMicro_MvsM_8,174,TrialState.COMPLETE,51.17884255714819,55.3235294117647,0.9803921568627451,20.935082556820728,2.256623925956424,0.9435844018510894,102.0,completed,etg_only,C:\Users\Binich\PycharmProjects\PredictionRTS\output\learner_results\training_runs\run_0070\trials\trial_0174,random_beam,multi_step,4,8,quality,3,5,0.030801394591168114,0.6276999638169704,False,,,3,4.0,7.0,10.0,1,0,4
sce3_etg_run_0070,sce-3,MarineMicro_MvsM_8,175,TrialState.COMPLETE,48.25007588987227,52.689320388349515,0.9611650485436893,21.149963449307894,1.8901336850610444,0.9527466578734739,103.0,completed,etg_only,C:\Users\Binich\PycharmProjects\PredictionRTS\output\learner_results\training_runs\run_0070\trials\trial_0175,random_beam,multi_step,4,7,quality,4,5,0.03752697212348187,0.6269875251520772,False,,,3,4.0,7.0,10.0,1,0,4
sce3_etg_run_0070,sce-3,MarineMicro_MvsM_8,176,TrialState.COMPLETE,11.804613610149943,20.61764705882353,0.7156862745098039,29.32376541293903,8.730603040428251,0.8,102.0,completed,etg_only,C:\Users\Binich\PycharmProjects\PredictionRTS\output\learner_results\training_runs\run_0070\trials\trial_0176,random_beam,multi_step,4,8,quality,4,3,0.029689963122331128,0.6399986931537868,False,,,3,3.0,7.0,9.0,1,0,4
sce3_etg_run_0070,sce-3,MarineMicro_MvsM_8,177,TrialState.COMPLETE,43.54419486813571,54.2970297029703,0.9504950495049505,23.346950340188684,6.250734572555587,0.8437316356861103,101.0,completed,etg_only,C:\Users\Binich\PycharmProjects\PredictionRTS\output\learner_results\training_runs\run_0070\trials\trial_0177,random_beam,multi_step,4,10,quality,5,5,0.010684644497228649,0.6540461998686022,False,,,3,4.0,8.0,10.0,1,0,4
sce3_etg_run_0070,sce-3,MarineMicro_MvsM_8,178,TrialState.COMPLETE,45.19850500987251,55.73076923076923,0.9711538461538461,21.882655042658246,6.595806586530752,0.8351048353367312,104.0,completed,etg_only,C:\Users\Binich\PycharmProjects\PredictionRTS\output\learner_results\training_runs\run_0070\trials\trial_0178,random_beam,multi_step,2,6,quality,3,2,0.050153030903605816,0.6145668716851636,False,,,3,2.0,7.0,10.0,1,0,4
sce3_etg_run_0070,sce-3,MarineMicro_MvsM_8,179,TrialState.COMPLETE,49.97489679379109,57.54,0.98,17.921729827223707,4.550022490979769,0.8862494377255058,100.0,completed,etg_only,C:\Users\Binich\PycharmProjects\PredictionRTS\output\learner_results\training_runs\run_0070\trials\trial_0179,random_beam,multi_step,4,10,quality,1,5,0.07517152689263835,0.62596992874468,False,,,3,4.0,6.0,10.0,1,0,4
sce3_etg_run_0070,sce-3,MarineMicro_MvsM_8,180,TrialState.COMPLETE,47.5683487994261,55.398058252427184,0.9514563106796117,24.2204037413637,3.9010413375743784,0.9024739665606405,103.0,completed,etg_only,C:\Users\Binich\PycharmProjects\PredictionRTS\output\learner_results\training_runs\run_0070\trials\trial_0180,random_beam,multi_step,4,8,future_reward,1,1,0.07461812108551939,0.6019224864151912,False,,,3,3.0,7.0,10.0,1,0,4
sce3_etg_run_0070,sce-3,MarineMicro_MvsM_8,181,TrialState.COMPLETE,47.13167610085631,54.54,0.97,21.09996208527399,4.364241433805272,0.8908939641548682,100.0,completed,etg_only,C:\Users\Binich\PycharmProjects\PredictionRTS\output\learner_results\training_runs\run_0070\trials\trial_0181,random_beam,multi_step,4,10,quality,1,5,0.06879531981924698,0.627349910612458,False,,,3,4.0,6.0,10.0,1,0,4
sce3_etg_run_0070,sce-3,MarineMicro_MvsM_8,182,TrialState.COMPLETE,50.40627586049528,57.21,0.98,18.431112283310522,4.037772859393587,0.8990556785151603,100.0,completed,etg_only,C:\Users\Binich\PycharmProjects\PredictionRTS\output\learner_results\training_runs\run_0070\trials\trial_0182,random_beam,multi_step,4,5,quality,1,5,0.08436600815971163,0.6385048578210748,False,,,3,4.0,6.0,10.0,1,0,4
sce3_etg_run_0070,sce-3,MarineMicro_MvsM_8,183,TrialState.COMPLETE,48.52686292704875,55.21782178217822,0.9801980198019802,18.899213646167556,4.136793524716467,0.8965801618820883,101.0,completed,etg_only,C:\Users\Binich\PycharmProjects\PredictionRTS\output\learner_results\training_runs\run_0070\trials\trial_0183,random_beam,multi_step,4,5,quality,1,5,0.026204759670079854,0.6395989017282021,False,,,3,4.0,6.0,10.0,1,0,4
sce3_etg_run_0070,sce-3,MarineMicro_MvsM_8,184,TrialState.COMPLETE,50.32627902959342,54.14423076923077,0.9711538461538461,20.55593600830463,1.7162395590124346,0.9570940110246892,104.0,completed,etg_only,C:\Users\Binich\PycharmProjects\PredictionRTS\output\learner_results\training_runs\run_0070\trials\trial_0184,random_beam,multi_step,4,5,quality,1,5,0.08511876148695428,0.7231359023330562,False,,,3,5.0,7.0,10.0,1,0,4
sce3_etg_run_0070,sce-3,MarineMicro_MvsM_8,185,TrialState.COMPLETE,16.70574717184107,25.21698113207547,0.8113207547169812,32.514729526315534,7.338192393738194,0.8165451901565451,106.0,completed,etg_only,C:\Users\Binich\PycharmProjects\PredictionRTS\output\learner_results\training_runs\run_0070\trials\trial_0185,random_beam,multi_step,4,4,quality,2,5,0.09975629991984404,0.7162453467013973,False,,,3,5.0,7.0,10.0,1,0,4
sce3_etg_run_0070,sce-3,MarineMicro_MvsM_8,186,TrialState.COMPLETE,46.49193368033767,54.20388349514563,0.970873786407767,21.123473908593,4.661800149403379,0.8834549962649155,103.0,completed,etg_only,C:\Users\Binich\PycharmProjects\PredictionRTS\output\learner_results\training_runs\run_0070\trials\trial_0186,random_beam,multi_step,4,5,quality,1,5,0.0827535321620838,0.7280440538191041,False,,,3,5.0,7.0,9.0,1,0,4
sce3_etg_run_0070,sce-3,MarineMicro_MvsM_8,187,TrialState.COMPLETE,47.63730531499856,53.271844660194176,0.9902912621359223,19.03098861502444,3.8801036255520396,0.902997409361199,103.0,completed,etg_only,C:\Users\Binich\PycharmProjects\PredictionRTS\output\learner_results\training_runs\run_0070\trials\trial_0187,random_beam,multi_step,4,5,quality,1,3,0.08976559150096153,0.7391447477908417,False,,,3,4.0,7.0,10.0,1,0,4
sce3_etg_run_0070,sce-3,MarineMicro_MvsM_8,188,TrialState.COMPLETE,41.09922745825938,52.57281553398058,0.9514563106796117,23.128010983929602,7.13424884733083,0.8216437788167292,103.0,completed,etg_only,C:\Users\Binich\PycharmProjects\PredictionRTS\output\learner_results\training_runs\run_0070\trials\trial_0188,random_beam,multi_step,4,6,quality,1,5,0.08271144391467093,0.7038339429578236,False,,,3,5.0,6.0,9.0,1,0,4
sce3_etg_run_0070,sce-3,MarineMicro_MvsM_8,189,TrialState.COMPLETE,50.94242150127813,56.34905660377358,0.9811320754716981,19.43787513274127,3.142535770688537,0.9214366057327865,106.0,completed,etg_only,C:\Users\Binich\PycharmProjects\PredictionRTS\output\learner_results\training_runs\run_0070\trials\trial_0189,best_subtree_winrate,multi_step,4,9,quality,1,5,0.07723530907786104,0.7548516823653947,False,,,3,4.0,7.0,10.0,1,0,4
sce3_etg_run_0070,sce-3,MarineMicro_MvsM_8,190,TrialState.COMPLETE,44.439383611372634,51.26732673267327,0.9306930693069307,26.549371564641678,2.745317569454054,0.9313670607636486,101.0,completed,etg_only,C:\Users\Binich\PycharmProjects\PredictionRTS\output\learner_results\training_runs\run_0070\trials\trial_0190,best_subtree_winrate,multi_step,4,3,quality,1,5,0.07492124800849777,0.7604911915917137,False,,,3,5.0,8.0,10.0,1,0,4
sce3_etg_run_0070,sce-3,MarineMicro_MvsM_8,191,TrialState.COMPLETE,48.43610149942329,53.35294117647059,0.9803921568627451,19.889226100552346,2.9600000000000013,0.9259999999999999,102.0,completed,etg_only,C:\Users\Binich\PycharmProjects\PredictionRTS\output\learner_results\training_runs\run_0070\trials\trial_0191,best_subtree_winrate,multi_step,4,9,quality,1,5,0.06358827068768803,0.675077787059339,False,,,3,4.0,7.0,10.0,1,0,4
sce3_etg_run_0070,sce-3,MarineMicro_MvsM_8,192,TrialState.COMPLETE,55.36523045791338,57.1764705882353,1.0,15.812263647590107,1.2671227249165735,0.9683219318770857,102.0,completed,etg_only,C:\Users\Binich\PycharmProjects\PredictionRTS\output\learner_results\training_runs\run_0070\trials\trial_0192,best_subtree_winrate,multi_step,4,9,quality,1,5,0.07751576200443704,0.7704604446688527,False,,,3,4.0,7.0,10.0,1,0,4
sce3_etg_run_0070,sce-3,MarineMicro_MvsM_8,193,TrialState.COMPLETE,53.945238242103734,58.336633663366335,0.9900990099009901,18.67771331845501,2.641182939056334,0.9339704265235916,101.0,completed,etg_only,C:\Users\Binich\PycharmProjects\PredictionRTS\output\learner_results\training_runs\run_0070\trials\trial_0193,best_subtree_winrate,multi_step,4,9,quality,1,5,0.08767781372714196,0.7737126476639428,False,,,3,4.0,7.0,10.0,1,0,4
sce3_etg_run_0070,sce-3,MarineMicro_MvsM_8,194,TrialState.COMPLETE,43.678460794303774,49.443396226415096,0.9528301886792453,25.89641200057224,2.9145533420009246,0.9271361664499769,106.0,completed,etg_only,C:\Users\Binich\PycharmProjects\PredictionRTS\output\learner_results\training_runs\run_0070\trials\trial_0194,best_subtree_winrate,multi_step,4,9,quality,1,5,0.09489784434211317,0.7539751535816681,False,,,3,4.0,7.0,10.0,1,0,4
sce3_etg_run_0070,sce-3,MarineMicro_MvsM_8,195,TrialState.COMPLETE,45.37666452283731,53.457142857142856,0.9523809523809523,22.56336203056736,4.348638776819431,0.8912840305795142,105.0,completed,etg_only,C:\Users\Binich\PycharmProjects\PredictionRTS\output\learner_results\training_runs\run_0070\trials\trial_0195,best_subtree_winrate,multi_step,4,9,quality,1,5,0.08601387467959101,0.7742629952828948,False,,,3,3.0,7.0,1.0,1,0,4
sce3_etg_run_0070,sce-3,MarineMicro_MvsM_8,196,TrialState.COMPLETE,45.83970517360864,51.80769230769231,0.9807692307692307,22.010957464878942,3.9138353088380007,0.9021541172790499,104.0,completed,etg_only,C:\Users\Binich\PycharmProjects\PredictionRTS\output\learner_results\training_runs\run_0070\trials\trial_0196,best_subtree_winrate,multi_step,4,8,quality,1,5,0.07977029587864573,0.7898852339080177,False,,,3,4.0,7.0,10.0,1,0,4
sce3_etg_run_0070,sce-3,MarineMicro_MvsM_8,197,TrialState.COMPLETE,13.32281057894239,20.673267326732674,0.7029702970297029,40.81620453558748,3.3300980206704094,0.9167475494832398,101.0,completed,etg_only,C:\Users\Binich\PycharmProjects\PredictionRTS\output\learner_results\training_runs\run_0070\trials\trial_0197,best_subtree_winrate,multi_step,8,9,quality,1,5,0.09357981501616763,0.7463297442885136,False,,,3,4.0,7.0,10.0,1,0,4
sce3_etg_run_0070,sce-3,MarineMicro_MvsM_8,198,TrialState.COMPLETE,46.86289180008037,54.911764705882355,0.9901960784313726,20.057810048573014,5.52514304991251,0.8618714237521873,102.0,completed,etg_only,C:\Users\Binich\PycharmProjects\PredictionRTS\output\learner_results\training_runs\run_0070\trials\trial_0198,best_subtree_winrate,multi_step,4,9,quality,1,5,0.0677246297571567,0.7821556583586076,False,,,3,5.0,8.0,10.0,1,0,4
sce3_etg_run_0070,sce-3,MarineMicro_MvsM_8,199,TrialState.COMPLETE,44.59372382166931,52.075471698113205,0.9622641509433962,21.512040557056515,4.403589026692498,0.8899102743326875,106.0,completed,etg_only,C:\Users\Binich\PycharmProjects\PredictionRTS\output\learner_results\training_runs\run_0070\trials\trial_0199,best_subtree_winrate,multi_step,5,9,quality,1,5,0.0792356075998651,0.7630709789595498,False,,,3,4.0,7.0,10.0,1,0,4
sce3m_etg_run_0073,sce-3m,MarineMicro_MvsM_8_mirror,0,TrialState.COMPLETE,-2.042902043003776,-4.588235294117647,0.4803921568627451,36.26545727001743,2.9262988742171845,0.9268425281445704,102.0,completed,etg_only,C:\Users\Binich\PycharmProjects\PredictionRTS\output\learner_results\training_runs\run_0073\trials\trial_0000,best_subtree_quality,multi_step,3,4,future_reward,8,1,0.08706020878304858,0.9162213204002109,True,0.18340450985343382,0.3042422429595377,2,4.0,3.0,,1,1,5
sce3m_etg_run_0073,sce-3m,MarineMicro_MvsM_8_mirror,1,TrialState.COMPLETE,-3.380577061782563,-8.73,0.47,37.83592340620221,7.043678567107179,0.8239080358223205,100.0,completed,etg_only,C:\Users\Binich\PycharmProjects\PredictionRTS\output\learner_results\training_runs\run_0073\trials\trial_0001,highest_transition_prob,multi_step,6,12,win_rate,1,4,0.002193048555664369,0.5325257964926398,False,,,3,3.0,1.0,7.0,1,0,5
sce3m_etg_run_0073,sce-3m,MarineMicro_MvsM_8_mirror,2,TrialState.COMPLETE,-3.4047097109399727,-9.916666666666666,0.42592592592592593,42.04255450004066,7.756640223761747,0.8060839944059563,108.0,completed,etg_only,C:\Users\Binich\PycharmProjects\PredictionRTS\output\learner_results\training_runs\run_0073\trials\trial_0002,best_subtree_winrate,multi_step,10,5,quality,6,1,0.08692991511139551,0.8875664116805573,True,0.5978999788110851,0.9218742350231168,0,,,,1,1,5
sce3m_etg_run_0073,sce-3m,MarineMicro_MvsM_8_mirror,3,TrialState.COMPLETE,-2.5754116106998954,-7.240384615384615,0.4326923076923077,37.648806088003255,7.117424251049057,0.8220643937237736,104.0,completed,etg_only,C:\Users\Binich\PycharmProjects\PredictionRTS\output\learner_results\training_runs\run_0073\trials\trial_0003,random_beam,multi_step,4,13,win_rate,2,5,0.0014096175149815868,0.9934434683002586,True,0.005522117123602399,0.8154614284548342,2,8.0,8.0,,1,1,5
sce3m_etg_run_0073,sce-3m,MarineMicro_MvsM_8_mirror,4,TrialState.COMPLETE,-2.0982857142857148,-5.4,0.4857142857142857,38.995384342252606,10.798945583184786,0.8,105.0,completed,etg_only,C:\Users\Binich\PycharmProjects\PredictionRTS\output\learner_results\training_runs\run_0073\trials\trial_0004,random_beam,multi_step,7,6,win_rate,8,4,0.059487468132197734,0.7361074625809747,False,,,3,6.0,8.0,5.0,1,0,5
sce3m_etg_run_0073,sce-3m,MarineMicro_MvsM_8_mirror,5,TrialState.COMPLETE,-1.9572089711641156,-5.2924528301886795,0.46226415094339623,39.14461985758636,12.362593291855001,0.8,106.0,completed,etg_only,C:\Users\Binich\PycharmProjects\PredictionRTS\output\learner_results\training_runs\run_0073\trials\trial_0005,highest_transition_prob,multi_step,2,10,win_rate,3,3,0.03244160088734161,0.6143990827458112,False,,,0,,,,1,0,5
sce3m_etg_run_0073,sce-3m,MarineMicro_MvsM_8_mirror,6,TrialState.COMPLETE,0.11956494027181225,0.308411214953271,0.42990654205607476,33.168899749009974,3.9288800745196673,0.9017779981370083,107.0,completed,etg_only,C:\Users\Binich\PycharmProjects\PredictionRTS\output\learner_results\training_runs\run_0073\trials\trial_0006,highest_transition_prob,multi_step,9,4,quality,9,2,0.0016599837974449212,0.6139675812709708,False,,,3,0.0,5.0,4.0,1,0,5
sce3m_etg_run_0073,sce-3m,MarineMicro_MvsM_8_mirror,7,TrialState.COMPLETE,0.05108676454886125,0.11538461538461539,0.5,38.21757240114403,4.579843246122868,0.8855039188469283,104.0,completed,etg_only,C:\Users\Binich\PycharmProjects\PredictionRTS\output\learner_results\training_runs\run_0073\trials\trial_0007,random_beam,multi_step,4,9,win_rate,10,2,0.009874088417386247,0.6504391549083848,True,0.6095643339798968,0.5026790232288615,0,,,,1,1,5
sce3m_etg_run_0073,sce-3m,MarineMicro_MvsM_8_mirror,8,TrialState.COMPLETE,-1.9152000000000002,-5.7,0.42,40.686238459705265,8.304348951531239,0.8,100.0,completed,etg_only,C:\Users\Binich\PycharmProjects\PredictionRTS\output\learner_results\training_runs\run_0073\trials\trial_0008,best_subtree_quality,multi_step,6,15,win_rate,3,4,0.005439591236568527,0.8161529152967897,True,0.0902897700544083,0.835302495589238,1,2.0,,,1,1,5
sce3m_etg_run_0073,sce-3m,MarineMicro_MvsM_8_mirror,9,TrialState.COMPLETE,-1.4298979933692793,-3.532710280373832,0.4766355140186916,34.927513124014595,6.031949110727502,0.8492012722318124,107.0,completed,etg_only,C:\Users\Binich\PycharmProjects\PredictionRTS\output\learner_results\training_runs\run_0073\trials\trial_0009,best_subtree_winrate,multi_step,6,5,win_rate,4,5,0.0018838307787619744,0.6705331755251293,False,,,3,2.0,7.0,8.0,1,0,5
sce3m_etg_run_0073,sce-3m,MarineMicro_MvsM_8_mirror,10,TrialState.COMPLETE,2.3285222984351677,5.088235294117647,0.5490196078431373,33.61141931919149,6.658483356840788,0.8335379160789803,102.0,completed,etg_only,C:\Users\Binich\PycharmProjects\PredictionRTS\output\learner_results\training_runs\run_0073\trials\trial_0010,highest_transition_prob,multi_step,10,2,quality,10,2,0.0052798792801754275,0.5070421867133439,False,,,2,0.0,4.0,,1,0,5
sce3m_etg_run_0073,sce-3m,MarineMicro_MvsM_8_mirror,11,TrialState.COMPLETE,-2.913625733090912,-8.697247706422019,0.3944954128440367,39.14253056263606,6.032001437687055,0.8491999640578236,109.0,completed,etg_only,C:\Users\Binich\PycharmProjects\PredictionRTS\output\learner_results\training_runs\run_0073\trials\trial_0011,highest_transition_prob,multi_step,10,2,quality,10,2,0.004662943079154421,0.5018020980095577,False,,,2,0.0,4.0,,1,0,5
sce3m_etg_run_0073,sce-3m,MarineMicro_MvsM_8_mirror,12,TrialState.COMPLETE,-2.667589788569566,-6.495412844036697,0.47706422018348627,39.72165167746079,5.565369102569522,0.8608657724357619,109.0,completed,etg_only,C:\Users\Binich\PycharmProjects\PredictionRTS\output\learner_results\training_runs\run_0073\trials\trial_0012,highest_transition_prob,multi_step,8,2,quality,8,2,0.0036612230095609904,0.5841613556217937,False,,,1,0.0,,,1,0,5
sce3m_etg_run_0073,sce-3m,MarineMicro_MvsM_8_mirror,13,TrialState.COMPLETE,-1.975253631274201,-5.134615384615385,0.4519230769230769,40.00049463451567,5.950524701790173,0.8512368824552456,104.0,completed,etg_only,C:\Users\Binich\PycharmProjects\PredictionRTS\output\learner_results\training_runs\run_0073\trials\trial_0013,highest_transition_prob,multi_step,9,7,quality,6,3,0.014825285523240245,0.5553014860380189,False,,,3,0.0,5.0,0.0,1,0,5
sce3m_etg_run_0073,sce-3m,MarineMicro_MvsM_8_mirror,14,TrialState.COMPLETE,0.4491516573997065,1.0471698113207548,0.5,30.64968899330397,5.6864319391935965,0.8578392015201601,106.0,completed,etg_only,C:\Users\Binich\PycharmProjects\PredictionRTS\output\learner_results\training_runs\run_0073\trials\trial_0014,highest_transition_prob,multi_step,8,3,quality,9,2,0.0010220690547060624,0.7085073674615998,False,,,2,6.0,2.0,,1,0,5
sce3m_etg_run_0073,sce-3m,MarineMicro_MvsM_8_mirror,15,TrialState.COMPLETE,56.52083957066668,63.32673267326733,1.0,14.43943233497284,4.298906837790279,0.892527329055243,101.0,completed,etg_only,C:\Users\Binich\PycharmProjects\PredictionRTS\output\learner_results\training_runs\run_0073\trials\trial_0015,highest_transition_prob,multi_step,8,2,future_reward,7,1,0.012631620353743747,0.7537458820696783,False,,,1,10.0,,,1,0,5
sce3m_etg_run_0073,sce-3m,MarineMicro_MvsM_8_mirror,16,TrialState.COMPLETE,50.84802630337396,58.850467289719624,0.9626168224299065,19.349613601067393,4.097000843531373,0.8975749789117157,107.0,completed,etg_only,C:\Users\Binich\PycharmProjects\PredictionRTS\output\learner_results\training_runs\run_0073\trials\trial_0016,highest_transition_prob,multi_step,8,7,future_reward,5,1,0.015241767831214767,0.7939581789570334,False,,,1,10.0,,,1,0,5
sce3m_etg_run_0073,sce-3m,MarineMicro_MvsM_8_mirror,17,TrialState.COMPLETE,57.40516609707452,61.371428571428574,0.9809523809523809,16.577240360180088,1.8585841140552755,0.9535353971486181,105.0,completed,etg_only,C:\Users\Binich\PycharmProjects\PredictionRTS\output\learner_results\training_runs\run_0073\trials\trial_0017,best_subtree_quality,multi_step,7,8,future_reward,5,1,0.019298826820903912,0.792766548948011,False,,,1,10.0,,,1,0,5
sce3m_etg_run_0073,sce-3m,MarineMicro_MvsM_8_mirror,18,TrialState.COMPLETE,58.97779653989645,63.15,1.0,12.899127877496214,2.6427258654654273,0.9339318533633643,100.0,completed,etg_only,C:\Users\Binich\PycharmProjects\PredictionRTS\output\learner_results\training_runs\run_0073\trials\trial_0018,best_subtree_quality,multi_step,5,11,future_reward,7,1,0.03551865880552076,0.7976455053180067,False,,,1,10.0,,,1,0,5
sce3m_etg_run_0073,sce-3m,MarineMicro_MvsM_8_mirror,19,TrialState.COMPLETE,-1.5552000000000001,-4.32,0.45,36.415897627272635,10.261760126800619,0.8,100.0,completed,etg_only,C:\Users\Binich\PycharmProjects\PredictionRTS\output\learner_results\training_runs\run_0073\trials\trial_0019,best_subtree_quality,multi_step,5,11,future_reward,5,3,0.029616422097298197,0.8457157146820579,False,,,1,8.0,,,1,0,5
sce3m_etg_run_0073,sce-3m,MarineMicro_MvsM_8_mirror,20,TrialState.COMPLETE,-4.239777461415936,-12.527777777777779,0.37037037037037035,37.02663164017602,3.44954596455619,0.9137613508860952,108.0,completed,etg_only,C:\Users\Binich\PycharmProjects\PredictionRTS\output\learner_results\training_runs\run_0073\trials\trial_0020,best_subtree_quality,multi_step,5,8,future_reward,7,1,0.028646061352089424,0.9379276431078488,False,,,0,,,,1,0,5
sce3m_etg_run_0073,sce-3m,MarineMicro_MvsM_8_mirror,21,TrialState.COMPLETE,57.49722558003239,61.85454545454545,0.990909090909091,14.590679692334335,2.476663510488057,0.9380834122377986,110.0,completed,etg_only,C:\Users\Binich\PycharmProjects\PredictionRTS\output\learner_results\training_runs\run_0073\trials\trial_0021,best_subtree_quality,multi_step,7,14,future_reward,6,1,0.017179566561254446,0.7831585109705098,False,,,1,10.0,,,1,0,5
sce3m_etg_run_0073,sce-3m,MarineMicro_MvsM_8_mirror,22,TrialState.COMPLETE,-1.971079881656805,-5.451923076923077,0.4519230769230769,37.27029127450429,11.060437667972376,0.8,104.0,completed,etg_only,C:\Users\Binich\PycharmProjects\PredictionRTS\output\learner_results\training_runs\run_0073\trials\trial_0022,best_subtree_quality,multi_step,7,15,future_reward,4,1,0.022262994789122734,0.7795250300611674,False,,,1,9.0,,,1,0,5
sce3m_etg_run_0073,sce-3m,MarineMicro_MvsM_8_mirror,23,TrialState.COMPLETE,-0.7651040971476358,-1.8415841584158417,0.48514851485148514,35.64420791498223,5.745767412758249,0.8563558146810437,101.0,completed,etg_only,C:\Users\Binich\PycharmProjects\PredictionRTS\output\learner_results\training_runs\run_0073\trials\trial_0023,best_subtree_quality,multi_step,7,13,future_reward,7,1,0.04340772348561003,0.8454815816990542,False,,,1,8.0,,,1,0,5
sce3m_etg_run_0073,sce-3m,MarineMicro_MvsM_8_mirror,24,TrialState.COMPLETE,60.31636633663366,61.99009900990099,1.0,11.731733262256336,1.0799999999999983,0.9730000000000001,101.0,completed,etg_only,C:\Users\Binich\PycharmProjects\PredictionRTS\output\learner_results\training_runs\run_0073\trials\trial_0024,best_subtree_quality,multi_step,6,10,future_reward,6,1,0.008930069296933548,0.6932774140049636,False,,,1,10.0,,,1,0,5
sce3m_etg_run_0073,sce-3m,MarineMicro_MvsM_8_mirror,25,TrialState.COMPLETE,0.1962962962962963,0.5,0.49074074074074076,33.577025875837585,8.098430621099318,0.8,108.0,completed,etg_only,C:\Users\Binich\PycharmProjects\PredictionRTS\output\learner_results\training_runs\run_0073\trials\trial_0025,best_subtree_quality,multi_step,5,11,future_reward,6,2,0.010618824225863698,0.7072547272712801,False,,,0,,,,1,0,5
sce3m_etg_run_0073,sce-3m,MarineMicro_MvsM_8_mirror,26,TrialState.COMPLETE,-1.0218583125667497,-2.6037735849056602,0.49056603773584906,35.68512169361846,8.46320975811844,0.8,106.0,completed,etg_only,C:\Users\Binich\PycharmProjects\PredictionRTS\output\learner_results\training_runs\run_0073\trials\trial_0026,best_subtree_quality,multi_step,4,14,future_reward,7,1,0.009271733913243933,0.7333042591514408,True,0.9496336981842649,0.09180292024797315,1,9.0,,,1,1,5
sce3m_etg_run_0073,sce-3m,MarineMicro_MvsM_8_mirror,27,TrialState.COMPLETE,64.59667259293361,66.33,1.0,10.799124964551527,1.0452750834110578,0.9738681229147236,100.0,completed,etg_only,C:\Users\Binich\PycharmProjects\PredictionRTS\output\learner_results\training_runs\run_0073\trials\trial_0027,best_subtree_quality,multi_step,6,10,future_reward,4,2,0.0074433423974380455,0.6735823023843416,False,,,2,7.0,10.0,,1,0,5
sce3m_etg_run_0073,sce-3m,MarineMicro_MvsM_8_mirror,28,TrialState.COMPLETE,59.48269123767624,64.54455445544555,1.0,10.084322458894071,3.1369730633207538,0.9215756734169811,101.0,completed,etg_only,C:\Users\Binich\PycharmProjects\PredictionRTS\output\learner_results\training_runs\run_0073\trials\trial_0028,best_subtree_winrate,multi_step,5,10,future_reward,4,2,0.003196894336807841,0.6725230520397995,False,,,2,7.0,10.0,,1,0,5
sce3m_etg_run_0073,sce-3m,MarineMicro_MvsM_8_mirror,29,TrialState.COMPLETE,60.18235525063958,64.17647058823529,1.0,9.252886952460694,2.4894577722869693,0.9377635556928258,102.0,completed,etg_only,C:\Users\Binich\PycharmProjects\PredictionRTS\output\learner_results\training_runs\run_0073\trials\trial_0029,best_subtree_winrate,multi_step,2,9,future_reward,4,3,0.003201918714074253,0.6661207428123772,True,0.963786784164639,0.542017772886775,2,6.0,10.0,,1,1,5
sce3m_etg_run_0073,sce-3m,MarineMicro_MvsM_8_mirror,30,TrialState.COMPLETE,51.12486820441884,58.35294117647059,0.9901960784313726,16.531400340921937,4.607744543890822,0.8848063864027295,102.0,completed,etg_only,C:\Users\Binich\PycharmProjects\PredictionRTS\output\learner_results\training_runs\run_0073\trials\trial_0030,best_subtree_winrate,multi_step,2,9,future_reward,3,3,0.007437630164903288,0.6422647859025292,True,0.9996028487288541,0.546284933111804,2,5.0,10.0,,1,1,5
sce3m_etg_run_0073,sce-3m,MarineMicro_MvsM_8_mirror,31,TrialState.COMPLETE,60.484988579860584,63.699029126213595,1.0,9.999839757411563,2.0182665829864965,0.9495433354253375,103.0,completed,etg_only,C:\Users\Binich\PycharmProjects\PredictionRTS\output\learner_results\training_runs\run_0073\trials\trial_0031,best_subtree_winrate,multi_step,3,10,future_reward,4,3,0.00309859270909728,0.6846578286052151,True,0.7641132157063153,0.6105443519032434,2,7.0,10.0,,1,1,5
sce3m_etg_run_0073,sce-3m,MarineMicro_MvsM_8_mirror,32,TrialState.COMPLETE,55.78229767005872,60.320388349514566,0.9902912621359223,13.474329129134874,2.646670896781704,0.9338332275804574,103.0,completed,etg_only,C:\Users\Binich\PycharmProjects\PredictionRTS\output\learner_results\training_runs\run_0073\trials\trial_0032,best_subtree_winrate,multi_step,3,10,future_reward,2,3,0.0032189494615584373,0.6951507363121419,True,0.7957882294231682,0.6377209346517598,2,6.0,10.0,,1,1,5
sce3m_etg_run_0073,sce-3m,MarineMicro_MvsM_8_mirror,33,TrialState.COMPLETE,-1.9988752791370141,-5.008695652173913,0.4608695652173913,37.48402457445941,5.362780966211994,0.8659304758447002,115.0,completed,etg_only,C:\Users\Binich\PycharmProjects\PredictionRTS\output\learner_results\training_runs\run_0073\trials\trial_0033,best_subtree_winrate,multi_step,3,12,future_reward,4,4,0.007116374600451897,0.624063886205059,True,0.7703528834784333,0.32118068600795524,2,7.0,8.0,,1,1,5
sce3m_etg_run_0073,sce-3m,MarineMicro_MvsM_8_mirror,34,TrialState.COMPLETE,-3.357699426696842,-8.320754716981131,0.49056603773584906,42.41496424474778,7.096536927990826,0.8225865768002294,106.0,completed,etg_only,C:\Users\Binich\PycharmProjects\PredictionRTS\output\learner_results\training_runs\run_0073\trials\trial_0034,best_subtree_winrate,multi_step,2,9,future_reward,2,3,0.0024843797751464987,0.5726676182514678,True,0.8038030610825059,0.7368768694164591,2,5.0,9.0,,1,1,5
sce3m_etg_run_0073,sce-3m,MarineMicro_MvsM_8_mirror,35,TrialState.COMPLETE,-2.279651292938222,-6.5,0.4215686274509804,36.56923329151722,6.722800446554757,0.8319299888361311,102.0,completed,etg_only,C:\Users\Binich\PycharmProjects\PredictionRTS\output\learner_results\training_runs\run_0073\trials\trial_0035,best_subtree_winrate,multi_step,3,12,future_reward,5,4,0.0025663923580603984,0.6885544286827024,True,0.41886083697345716,0.3688802385143418,2,4.0,7.0,,1,1,5
sce3m_etg_run_0073,sce-3m,MarineMicro_MvsM_8_mirror,36,TrialState.COMPLETE,-3.957619834710744,-60.46363636363636,0.08181818181818182,38.51698026319095,10.62436095441373,0.8,110.0,completed,etg_only,C:\Users\Binich\PycharmProjects\PredictionRTS\output\learner_results\training_runs\run_0073\trials\trial_0036,best_subtree_winrate,multi_step,2,7,future_reward,1,3,0.0069035836255710486,0.7389928657682999,True,0.8555506649601452,0.6653000607634401,3,7.0,9.0,10.0,1,1,5
sce3m_etg_run_0073,sce-3m,MarineMicro_MvsM_8_mirror,37,TrialState.COMPLETE,-2.1527382411160336,-5.330097087378641,0.5048543689320388,41.23350234365927,10.490115074819446,0.8,103.0,completed,etg_only,C:\Users\Binich\PycharmProjects\PredictionRTS\output\learner_results\training_runs\run_0073\trials\trial_0037,random_beam,multi_step,4,10,future_reward,3,3,0.004054638111738933,0.6007484874898746,True,0.6344859794193196,0.43247200231896943,2,4.0,9.0,,1,1,5
sce3m_etg_run_0073,sce-3m,MarineMicro_MvsM_8_mirror,38,TrialState.COMPLETE,0.4182290952772652,0.897196261682243,0.5233644859813084,34.36525483395406,4.372731310793079,0.890681717230173,107.0,completed,etg_only,C:\Users\Binich\PycharmProjects\PredictionRTS\output\learner_results\training_runs\run_0073\trials\trial_0038,best_subtree_winrate,multi_step,3,8,future_reward,4,2,0.001341736788894861,0.6707771451407303,True,0.3702135414871267,0.17314628743970906,2,9.0,7.0,,1,1,5
sce3m_etg_run_0073,sce-3m,MarineMicro_MvsM_8_mirror,39,TrialState.COMPLETE,59.28772075421817,63.02970297029703,1.0,12.801187634835621,2.374742091259598,0.94063144771851,101.0,completed,etg_only,C:\Users\Binich\PycharmProjects\PredictionRTS\output\learner_results\training_runs\run_0073\trials\trial_0039,random_beam,multi_step,6,11,future_reward,3,5,0.0028158040417516406,0.6406840792895764,True,0.7008882948572448,0.9901715185604456,3,8.0,10.0,0.0,1,1,5
sce3m_etg_run_0073,sce-3m,MarineMicro_MvsM_8_mirror,40,TrialState.COMPLETE,-1.7515200000000002,-5.34,0.41,38.73970056673128,9.95949126659858,0.8,100.0,completed,etg_only,C:\Users\Binich\PycharmProjects\PredictionRTS\output\learner_results\training_runs\run_0073\trials\trial_0040,best_subtree_winrate,multi_step,4,9,win_rate,5,4,0.001909630265757755,0.7215558405422791,True,0.9227432034758997,0.5855044515723713,2,6.0,0.0,,1,1,5
sce3m_etg_run_0073,sce-3m,MarineMicro_MvsM_8_mirror,41,TrialState.COMPLETE,60.83925286002987,63.445544554455445,1.0,11.905964265841723,1.6431676725154958,0.9589208081871126,101.0,completed,etg_only,C:\Users\Binich\PycharmProjects\PredictionRTS\output\learner_results\training_runs\run_0073\trials\trial_0041,best_subtree_winrate,multi_step,6,10,future_reward,4,2,0.006005530020317347,0.6673706626817595,True,0.505722020046353,0.7178230150458134,2,7.0,10.0,,1,1,5
sce3m_etg_run_0073,sce-3m,MarineMicro_MvsM_8_mirror,42,TrialState.COMPLETE,-2.620016390706274,-10.326923076923077,0.3076923076923077,35.33233491481343,7.018043200792525,0.8245489199801869,104.0,completed,etg_only,C:\Users\Binich\PycharmProjects\PredictionRTS\output\learner_results\training_runs\run_0073\trials\trial_0042,best_subtree_winrate,multi_step,6,10,future_reward,4,2,0.005005850799559948,0.6602041642703471,True,0.4868489820193883,0.7225662360013374,2,7.0,9.0,,1,1,5
sce3m_etg_run_0073,sce-3m,MarineMicro_MvsM_8_mirror,43,TrialState.COMPLETE,57.657085214023354,60.89423076923077,1.0,13.27947973757224,2.126405417600324,0.9468398645599919,104.0,completed,etg_only,C:\Users\Binich\PycharmProjects\PredictionRTS\output\learner_results\training_runs\run_0073\trials\trial_0043,best_subtree_winrate,multi_step,2,10,future_reward,3,2,0.007209547865461854,0.752261678755413,True,0.3557300172663598,0.4599545893021436,2,6.0,10.0,,1,1,5
sce3m_etg_run_0073,sce-3m,MarineMicro_MvsM_8_mirror,44,TrialState.COMPLETE,-2.5580246913580247,-7.194444444444445,0.4444444444444444,37.96476395908627,9.063780590088243,0.8,108.0,completed,etg_only,C:\Users\Binich\PycharmProjects\PredictionRTS\output\learner_results\training_runs\run_0073\trials\trial_0044,best_subtree_winrate,multi_step,6,12,future_reward,4,3,0.005694926361407392,0.6237274097652681,True,0.8614227410712871,0.7971640028134659,2,5.0,9.0,,1,1,5
sce3m_etg_run_0073,sce-3m,MarineMicro_MvsM_8_mirror,45,TrialState.COMPLETE,-3.3378188395321198,-10.009615384615385,0.40384615384615385,37.83453225059485,6.971457327314023,0.8257135668171494,104.0,completed,etg_only,C:\Users\Binich\PycharmProjects\PredictionRTS\output\learner_results\training_runs\run_0073\trials\trial_0045,best_subtree_winrate,multi_step,3,6,win_rate,2,3,0.0039985703742493935,0.6866595690609442,True,0.7108703074703524,0.6198734031969027,2,8.0,8.0,,1,1,5
sce3m_etg_run_0073,sce-3m,MarineMicro_MvsM_8_mirror,46,TrialState.COMPLETE,57.90384156916384,61.62385321100918,0.9908256880733946,13.717857504383224,2.066644518152641,0.9483338870461839,109.0,completed,etg_only,C:\Users\Binich\PycharmProjects\PredictionRTS\output\learner_results\training_runs\run_0073\trials\trial_0046,random_beam,multi_step,9,9,future_reward,6,2,0.009107414170458138,0.5990054145329988,True,0.2099746820188605,0.5373918115537032,3,3.0,10.0,3.0,1,1,5
sce3m_etg_run_0073,sce-3m,MarineMicro_MvsM_8_mirror,47,TrialState.COMPLETE,-1.8727433250058811,-4.970588235294118,0.4411764705882353,38.11321007219046,5.839979744271424,0.8540005063932143,102.0,completed,etg_only,C:\Users\Binich\PycharmProjects\PredictionRTS\output\learner_results\training_runs\run_0073\trials\trial_0047,best_subtree_quality,multi_step,6,11,quality,5,4,0.005995392681280942,0.6378222397144088,True,0.5332753841018393,0.7457217762590588,2,7.0,6.0,,1,1,5
sce3m_etg_run_0073,sce-3m,MarineMicro_MvsM_8_mirror,48,TrialState.COMPLETE,-3.2358273035223273,-10.028571428571428,0.3904761904761905,36.87700461517659,6.9469381128634495,0.8263265471784138,105.0,completed,etg_only,C:\Users\Binich\PycharmProjects\PredictionRTS\output\learner_results\training_runs\run_0073\trials\trial_0048,best_subtree_winrate,multi_step,4,8,win_rate,4,4,0.004457016399666506,0.5335468146733872,True,0.8914359419185366,0.412265250101605,2,9.0,9.0,,1,1,5
sce3m_etg_run_0073,sce-3m,MarineMicro_MvsM_8_mirror,49,TrialState.COMPLETE,56.47697745392247,61.633663366336634,0.9900990099009901,15.381435880569276,2.980135132050562,0.9254966216987359,101.0,completed,etg_only,C:\Users\Binich\PycharmProjects\PredictionRTS\output\learner_results\training_runs\run_0073\trials\trial_0049,best_subtree_quality,multi_step,7,9,future_reward,3,2,0.0020792236602580317,0.7164771613761447,True,0.716729318897341,0.6806994514437723,3,7.0,10.0,2.0,1,1,5
sce3m_etg_run_0073,sce-3m,MarineMicro_MvsM_8_mirror,50,TrialState.COMPLETE,-2.189313752305951,-6.87,0.37,38.63435129518807,5.5483889640670165,0.8612902758983245,100.0,completed,etg_only,C:\Users\Binich\PycharmProjects\PredictionRTS\output\learner_results\training_runs\run_0073\trials\trial_0050,best_subtree_winrate,multi_step,2,10,future_reward,6,3,0.010772325474195835,0.7629207211373017,False,,,2,6.0,8.0,,1,0,5
sce3m_etg_run_0073,sce-3m,MarineMicro_MvsM_8_mirror,51,TrialState.COMPLETE,60.658565897345355,62.76699029126213,1.0,11.21476478549954,1.343651740593521,0.966408706485162,103.0,completed,etg_only,C:\Users\Binich\PycharmProjects\PredictionRTS\output\learner_results\training_runs\run_0073\trials\trial_0051,best_subtree_winrate,multi_step,5,10,future_reward,4,2,0.003165409252579716,0.6698496560414565,False,,,2,7.0,10.0,,1,0,5
sce3m_etg_run_0073,sce-3m,MarineMicro_MvsM_8_mirror,52,TrialState.COMPLETE,-2.5722873316654846,-5.915094339622642,0.46226415094339623,41.375664601520484,2.370575193056173,0.9407356201735957,106.0,completed,etg_only,C:\Users\Binich\PycharmProjects\PredictionRTS\output\learner_results\training_runs\run_0073\trials\trial_0052,best_subtree_winrate,multi_step,6,11,future_reward,5,2,0.0015497359116710806,0.6602351943756032,False,,,2,6.0,9.0,,1,0,5
sce3m_etg_run_0073,sce-3m,MarineMicro_MvsM_8_mirror,53,TrialState.COMPLETE,59.85973848513655,61.83495145631068,1.0,9.982603399349864,1.2777323663428122,0.9680566908414296,103.0,completed,etg_only,C:\Users\Binich\PycharmProjects\PredictionRTS\output\learner_results\training_runs\run_0073\trials\trial_0053,best_subtree_winrate,multi_step,5,13,future_reward,4,2,0.0033510830369660027,0.6832284059679409,False,,,2,7.0,10.0,,1,0,5
sce3m_etg_run_0073,sce-3m,MarineMicro_MvsM_8_mirror,54,TrialState.COMPLETE,-1.4290258011381554,-2.809090909090909,0.5363636363636364,42.23559366104407,2.0619555838480004,0.9484511104038,110.0,completed,etg_only,C:\Users\Binich\PycharmProjects\PredictionRTS\output\learner_results\training_runs\run_0073\trials\trial_0054,best_subtree_winrate,multi_step,5,11,future_reward,3,3,0.07959290999697036,0.7033915672518558,False,,,1,8.0,,,1,0,5
sce3m_etg_run_0073,sce-3m,MarineMicro_MvsM_8_mirror,55,TrialState.COMPLETE,-0.9387786709917529,-2.88,0.4,37.4649916588807,7.403518368341908,0.8149120407914523,100.0,completed,etg_only,C:\Users\Binich\PycharmProjects\PredictionRTS\output\learner_results\training_runs\run_0073\trials\trial_0055,best_subtree_quality,multi_step,6,8,quality,5,2,0.008012462405569963,0.6551973845023811,False,,,2,5.0,9.0,,1,0,5
sce3m_etg_run_0073,sce-3m,MarineMicro_MvsM_8_mirror,56,TrialState.COMPLETE,-4.02603550295858,-14.538461538461538,0.34615384615384615,38.58903866806536,9.59478819407785,0.8,104.0,completed,etg_only,C:\Users\Binich\PycharmProjects\PredictionRTS\output\learner_results\training_runs\run_0073\trials\trial_0056,random_beam,multi_step,7,9,future_reward,4,3,0.012301339710887394,0.72661143384191,False,,,1,6.0,,,1,0,5
sce3m_etg_run_0073,sce-3m,MarineMicro_MvsM_8_mirror,57,TrialState.COMPLETE,-4.230486042033159,-10.885714285714286,0.4380952380952381,42.112618691565885,4.516635388629787,0.8870841152842553,105.0,completed,etg_only,C:\Users\Binich\PycharmProjects\PredictionRTS\output\learner_results\training_runs\run_0073\trials\trial_0057,best_subtree_quality,multi_step,6,10,future_reward,5,1,0.0046927390126235416,0.6198987447409233,False,,,2,8.0,8.0,,1,0,5
sce3m_etg_run_0073,sce-3m,MarineMicro_MvsM_8_mirror,58,TrialState.COMPLETE,57.56472279680728,63.08571428571429,0.9904761904761905,15.779501039678806,3.1496731678047074,0.9212581708048824,105.0,completed,etg_only,C:\Users\Binich\PycharmProjects\PredictionRTS\output\learner_results\training_runs\run_0073\trials\trial_0058,best_subtree_winrate,multi_step,4,12,future_reward,2,2,0.0060665157104891464,0.5921917091575247,False,,,3,1.0,10.0,7.0,1,0,5
sce3m_etg_run_0073,sce-3m,MarineMicro_MvsM_8_mirror,59,TrialState.COMPLETE,-0.7268545574512207,-1.8349514563106797,0.49514563106796117,34.44514341107167,8.62468255700585,0.8,103.0,completed,etg_only,C:\Users\Binich\PycharmProjects\PredictionRTS\output\learner_results\training_runs\run_0073\trials\trial_0059,best_subtree_quality,multi_step,5,7,win_rate,6,1,0.002447948548135247,0.6799251221553798,False,,,1,9.0,,,1,0,5
sce3m_etg_run_0073,sce-3m,MarineMicro_MvsM_8_mirror,60,TrialState.COMPLETE,0.06415657547720002,0.14150943396226415,0.4716981132075472,34.03451042116519,1.5539582900362954,0.9611510427490926,106.0,completed,etg_only,C:\Users\Binich\PycharmProjects\PredictionRTS\output\learner_results\training_runs\run_0073\trials\trial_0060,highest_transition_prob,multi_step,7,10,quality,8,2,0.0036748993038495173,0.9914876894644458,True,0.9987711568419706,0.22871789143902382,2,7.0,9.0,,1,1,5
sce3m_etg_run_0073,sce-3m,MarineMicro_MvsM_8_mirror,61,TrialState.COMPLETE,59.18021303660114,62.23529411764706,1.0,12.558238035670195,1.9635681806344283,0.9509107954841393,102.0,completed,etg_only,C:\Users\Binich\PycharmProjects\PredictionRTS\output\learner_results\training_runs\run_0073\trials\trial_0061,best_subtree_winrate,multi_step,5,13,future_reward,4,2,0.0028257319642928875,0.6968112017036596,False,,,2,7.0,10.0,,1,0,5
sce3m_etg_run_0073,sce-3m,MarineMicro_MvsM_8_mirror,62,TrialState.COMPLETE,60.897283647826036,64.02941176470588,1.0,10.556529326378303,1.956680863094439,0.951082978422639,102.0,completed,etg_only,C:\Users\Binich\PycharmProjects\PredictionRTS\output\learner_results\training_runs\run_0073\trials\trial_0062,best_subtree_winrate,multi_step,5,14,future_reward,4,2,0.0034890287700187032,0.6756522019491272,False,,,2,6.0,10.0,,1,0,5
sce3m_etg_run_0073,sce-3m,MarineMicro_MvsM_8_mirror,63,TrialState.COMPLETE,57.233369182682814,60.49038461538461,1.0,14.176087119015499,2.153740931495707,0.9461564767126074,104.0,completed,etg_only,C:\Users\Binich\PycharmProjects\PredictionRTS\output\learner_results\training_runs\run_0073\trials\trial_0063,best_subtree_winrate,multi_step,6,6,future_reward,3,2,0.004101823219842515,0.6496743578681478,False,,,2,5.0,10.0,,1,0,5
sce3m_etg_run_0073,sce-3m,MarineMicro_MvsM_8_mirror,64,TrialState.COMPLETE,-4.243096650981203,-10.0,0.4666666666666667,43.24217517986016,3.630600134446833,0.9092349966388291,105.0,completed,etg_only,C:\Users\Binich\PycharmProjects\PredictionRTS\output\learner_results\training_runs\run_0073\trials\trial_0064,best_subtree_winrate,multi_step,6,14,future_reward,4,1,0.005322070324842496,0.631392484034687,False,,,2,6.0,3.0,,1,0,5
sce3m_etg_run_0073,sce-3m,MarineMicro_MvsM_8_mirror,65,TrialState.COMPLETE,-1.9143715752693786,-4.44,0.47,37.98876676071494,3.305126025122132,0.9173718493719467,100.0,completed,etg_only,C:\Users\Binich\PycharmProjects\PredictionRTS\output\learner_results\training_runs\run_0073\trials\trial_0065,best_subtree_winrate,multi_step,5,15,future_reward,5,2,0.0021559753682161447,0.6719243028649579,False,,,2,6.0,8.0,,1,0,5
sce3m_etg_run_0073,sce-3m,MarineMicro_MvsM_8_mirror,66,TrialState.COMPLETE,57.93825133629782,62.83018867924528,0.9905660377358491,13.101542252664851,2.763094979857443,0.930922625503564,106.0,completed,etg_only,C:\Users\Binich\PycharmProjects\PredictionRTS\output\learner_results\training_runs\run_0073\trials\trial_0066,best_subtree_quality,multi_step,5,11,future_reward,4,3,0.008442160379569338,0.7043732365263382,False,,,2,8.0,10.0,,1,0,5
sce3m_etg_run_0073,sce-3m,MarineMicro_MvsM_8_mirror,67,TrialState.COMPLETE,-2.5583317959920238,-8.336538461538462,0.36538461538461536,36.95595366236236,6.404520481454826,0.8398869879636294,104.0,completed,etg_only,C:\Users\Binich\PycharmProjects\PredictionRTS\output\learner_results\training_runs\run_0073\trials\trial_0067,best_subtree_winrate,multi_step,8,4,future_reward,5,3,0.0030162709948909176,0.7374995134735981,False,,,1,4.0,,,1,0,5
sce3m_etg_run_0073,sce-3m,MarineMicro_MvsM_8_mirror,68,TrialState.COMPLETE,-6.502312362885815,-16.647058823529413,0.4411764705882353,42.818963880739446,4.585756930525319,0.885356076736867,102.0,completed,etg_only,C:\Users\Binich\PycharmProjects\PredictionRTS\output\learner_results\training_runs\run_0073\trials\trial_0068,best_subtree_winrate,multi_step,2,12,future_reward,3,1,0.003572385984254151,0.6121910994866652,True,0.30281810338302556,0.8614563097655221,0,,,,1,1,5
sce3m_etg_run_0073,sce-3m,MarineMicro_MvsM_8_mirror,69,TrialState.COMPLETE,-0.07316552597299877,-0.20192307692307693,0.4423076923076923,35.516621192297556,7.2315391749915205,0.819211520625212,104.0,completed,etg_only,C:\Users\Binich\PycharmProjects\PredictionRTS\output\learner_results\training_runs\run_0073\trials\trial_0069,best_subtree_quality,multi_step,3,9,future_reward,6,2,0.012137998594171527,0.5729338978644425,False,,,2,3.0,9.0,,1,0,5
sce3m_etg_run_0073,sce-3m,MarineMicro_MvsM_8_mirror,70,TrialState.COMPLETE,-1.40161476355248,-3.6470588235294117,0.4803921568627451,35.488094402075994,8.471055638269782,0.8,102.0,completed,etg_only,C:\Users\Binich\PycharmProjects\PredictionRTS\output\learner_results\training_runs\run_0073\trials\trial_0070,best_subtree_winrate,multi_step,4,8,future_reward,4,5,0.006460520222576654,0.7701073385266336,False,,,1,8.0,,,1,0,5
sce3m_etg_run_0073,sce-3m,MarineMicro_MvsM_8_mirror,71,TrialState.COMPLETE,62.77829729193364,65.22115384615384,1.0,9.694324996108676,1.4981989187020526,0.9625450270324487,104.0,completed,etg_only,C:\Users\Binich\PycharmProjects\PredictionRTS\output\learner_results\training_runs\run_0073\trials\trial_0071,best_subtree_winrate,multi_step,5,14,future_reward,4,2,0.0035467415253825196,0.6838867756051823,False,,,2,7.0,10.0,,1,0,5
sce3m_etg_run_0073,sce-3m,MarineMicro_MvsM_8_mirror,72,TrialState.COMPLETE,62.140890301225014,65.01923076923077,1.0,10.634650159909759,1.7707625476048443,0.9557309363098789,104.0,completed,etg_only,C:\Users\Binich\PycharmProjects\PredictionRTS\output\learner_results\training_runs\run_0073\trials\trial_0072,best_subtree_winrate,multi_step,5,14,future_reward,4,2,0.004511576594895978,0.6631677741933757,False,,,2,7.0,10.0,,1,0,5
sce3m_etg_run_0073,sce-3m,MarineMicro_MvsM_8_mirror,73,TrialState.COMPLETE,57.68226576768103,61.88235294117647,0.9901960784313726,14.466522623512844,2.345725693197716,0.9413568576700571,102.0,completed,etg_only,C:\Users\Binich\PycharmProjects\PredictionRTS\output\learner_results\training_runs\run_0073\trials\trial_0073,best_subtree_winrate,multi_step,5,14,future_reward,5,2,0.0046190645079077775,0.7161637053875727,False,,,2,7.0,10.0,,1,0,5
sce3m_etg_run_0073,sce-3m,MarineMicro_MvsM_8_mirror,74,TrialState.COMPLETE,-1.4001632653061227,-3.8285714285714287,0.45714285714285713,36.77614577357426,9.149884600935682,0.8,105.0,completed,etg_only,C:\Users\Binich\PycharmProjects\PredictionRTS\output\learner_results\training_runs\run_0073\trials\trial_0074,highest_transition_prob,multi_step,5,15,future_reward,3,2,0.004148581164332468,0.6467267011656455,False,,,2,7.0,9.0,,1,0,5
sce3m_etg_run_0073,sce-3m,MarineMicro_MvsM_8_mirror,75,TrialState.COMPLETE,61.23073644246186,63.905660377358494,1.0,10.086913156002282,1.6742954655981261,0.9581426133600468,106.0,completed,etg_only,C:\Users\Binich\PycharmProjects\PredictionRTS\output\learner_results\training_runs\run_0073\trials\trial_0075,best_subtree_winrate,multi_step,4,14,future_reward,4,2,0.002678615370460353,0.6918320716309009,False,,,2,8.0,10.0,,1,0,5
sce3m_etg_run_0073,sce-3m,MarineMicro_MvsM_8_mirror,76,TrialState.COMPLETE,59.02432653061224,64.45714285714286,1.0,10.963166531990803,3.371428571428571,0.9157142857142857,105.0,completed,etg_only,C:\Users\Binich\PycharmProjects\PredictionRTS\output\learner_results\training_runs\run_0073\trials\trial_0076,best_subtree_winrate,multi_step,4,14,future_reward,4,2,0.0018130879293967387,0.6764542779925256,False,,,2,7.0,10.0,,1,0,5
sce3m_etg_run_0073,sce-3m,MarineMicro_MvsM_8_mirror,77,TrialState.COMPLETE,59.98027461386467,63.66990291262136,1.0,12.992446161986875,2.3179732526498236,0.9420506686837544,103.0,completed,etg_only,C:\Users\Binich\PycharmProjects\PredictionRTS\output\learner_results\training_runs\run_0073\trials\trial_0077,best_subtree_winrate,multi_step,4,13,future_reward,3,2,0.002676617964885743,0.6574381909826036,False,,,2,8.0,10.0,,1,0,5
sce3m_etg_run_0073,sce-3m,MarineMicro_MvsM_8_mirror,78,TrialState.COMPLETE,55.36266532677786,63.02857142857143,1.0,13.432339896758153,4.8650356040394405,0.878374109899014,105.0,completed,etg_only,C:\Users\Binich\PycharmProjects\PredictionRTS\output\learner_results\training_runs\run_0073\trials\trial_0078,best_subtree_winrate,multi_step,5,15,future_reward,4,2,0.002353504388031366,0.6889497360163198,False,,,2,7.0,10.0,,1,0,5
sce3m_etg_run_0073,sce-3m,MarineMicro_MvsM_8_mirror,79,TrialState.COMPLETE,0.6857347350885676,1.6730769230769231,0.5096153846153846,38.0198435809139,7.829508155636744,0.8042622961090814,104.0,completed,etg_only,C:\Users\Binich\PycharmProjects\PredictionRTS\output\learner_results\training_runs\run_0073\trials\trial_0079,best_subtree_winrate,multi_step,4,14,quality,4,2,0.0036758557480166846,0.7479615714077809,False,,,2,8.0,9.0,,1,0,5
sce3m_etg_run_0073,sce-3m,MarineMicro_MvsM_8_mirror,80,TrialState.COMPLETE,56.05701272136011,60.52427184466019,0.9902912621359223,16.203706072661504,2.589163287920798,0.93527091780198,103.0,completed,etg_only,C:\Users\Binich\PycharmProjects\PredictionRTS\output\learner_results\training_runs\run_0073\trials\trial_0080,best_subtree_winrate,multi_step,5,13,win_rate,3,2,0.005214130382916568,0.6088856410615178,False,,,2,6.0,10.0,,1,0,5
sce3m_etg_run_0073,sce-3m,MarineMicro_MvsM_8_mirror,81,TrialState.COMPLETE,54.82673982069039,60.0,0.9807692307692307,16.447468825604467,2.7321507101189493,0.9316962322470262,104.0,completed,etg_only,C:\Users\Binich\PycharmProjects\PredictionRTS\output\learner_results\training_runs\run_0073\trials\trial_0081,best_subtree_winrate,multi_step,6,14,future_reward,5,1,0.006466372295376789,0.6987976954285363,False,,,2,10.0,9.0,,1,0,5
sce3m_etg_run_0073,sce-3m,MarineMicro_MvsM_8_mirror,82,TrialState.COMPLETE,58.656266387720635,62.71153846153846,1.0,11.924177988861924,2.586619415375983,0.9353345146156005,104.0,completed,etg_only,C:\Users\Binich\PycharmProjects\PredictionRTS\output\learner_results\training_runs\run_0073\trials\trial_0082,best_subtree_quality,multi_step,6,15,future_reward,4,2,0.008031631813459,0.6672729741943149,False,,,2,9.0,10.0,,1,0,5
sce3m_etg_run_0073,sce-3m,MarineMicro_MvsM_8_mirror,83,TrialState.COMPLETE,-0.3280113799222312,-0.8285714285714286,0.47619047619047616,37.491702483376784,6.74643251822897,0.8313391870442757,105.0,completed,etg_only,C:\Users\Binich\PycharmProjects\PredictionRTS\output\learner_results\training_runs\run_0073\trials\trial_0083,random_beam,multi_step,6,13,future_reward,4,1,0.0029683570834436396,0.7151740050940398,False,,,2,7.0,9.0,,1,0,5
sce3m_etg_run_0073,sce-3m,MarineMicro_MvsM_8_mirror,84,TrialState.COMPLETE,53.866019710365705,59.836363636363636,0.9818181818181818,17.594693039109714,3.3242829211302976,0.9168929269717425,110.0,completed,etg_only,C:\Users\Binich\PycharmProjects\PredictionRTS\output\learner_results\training_runs\run_0073\trials\trial_0084,best_subtree_winrate,multi_step,5,12,future_reward,5,2,0.004981091068913864,0.6854387309226758,False,,,2,6.0,10.0,,1,0,5
sce3m_etg_run_0073,sce-3m,MarineMicro_MvsM_8_mirror,85,TrialState.COMPLETE,-1.7430671002638745,-4.628571428571429,0.4666666666666667,39.60742045503646,7.720979624743069,0.8069755093814233,105.0,completed,etg_only,C:\Users\Binich\PycharmProjects\PredictionRTS\output\learner_results\training_runs\run_0073\trials\trial_0085,best_subtree_winrate,multi_step,4,14,future_reward,4,2,0.0035479826594247465,0.6288141677752428,False,,,2,7.0,4.0,,1,0,5
sce3m_etg_run_0073,sce-3m,MarineMicro_MvsM_8_mirror,86,TrialState.COMPLETE,-2.744564939003181,-7.529411764705882,0.4215686274509804,34.85873617745304,5.413694736689564,0.8646576315827609,102.0,completed,etg_only,C:\Users\Binich\PycharmProjects\PredictionRTS\output\learner_results\training_runs\run_0073\trials\trial_0086,best_subtree_quality,multi_step,6,10,future_reward,3,2,0.0012305145853225043,0.7277886428510647,False,,,2,8.0,1.0,,1,0,5
sce3m_etg_run_0073,sce-3m,MarineMicro_MvsM_8_mirror,87,TrialState.COMPLETE,57.135373444637835,61.339285714285715,0.9910714285714286,12.726907358756383,2.4057529412624685,0.9398561764684383,112.0,completed,etg_only,C:\Users\Binich\PycharmProjects\PredictionRTS\output\learner_results\training_runs\run_0073\trials\trial_0087,best_subtree_winrate,multi_step,5,13,future_reward,2,1,0.004329249316930283,0.6398686133878623,False,,,3,7.0,7.0,10.0,1,0,5
sce3m_etg_run_0073,sce-3m,MarineMicro_MvsM_8_mirror,88,TrialState.COMPLETE,-3.3653835993833496,-10.788990825688073,0.3761467889908257,39.75615430852921,6.829166629937298,0.8292708342515676,109.0,completed,etg_only,C:\Users\Binich\PycharmProjects\PredictionRTS\output\learner_results\training_runs\run_0073\trials\trial_0088,best_subtree_winrate,multi_step,7,11,future_reward,4,2,0.015025346653979834,0.6624783413353477,False,,,2,9.0,8.0,,1,0,5
sce3m_etg_run_0073,sce-3m,MarineMicro_MvsM_8_mirror,89,TrialState.COMPLETE,59.1513496991068,62.82857142857143,1.0,10.999962894186025,2.3411143343567433,0.9414721416410814,105.0,completed,etg_only,C:\Users\Binich\PycharmProjects\PredictionRTS\output\learner_results\training_runs\run_0073\trials\trial_0089,highest_transition_prob,multi_step,4,12,future_reward,5,2,0.009275344782422673,0.6963928349083113,False,,,2,6.0,10.0,,1,0,5
sce3m_etg_run_0073,sce-3m,MarineMicro_MvsM_8_mirror,90,TrialState.COMPLETE,-3.1087394566233133,-9.45,0.4,36.22274837722836,7.103286173298268,0.8224178456675433,100.0,completed,etg_only,C:\Users\Binich\PycharmProjects\PredictionRTS\output\learner_results\training_runs\run_0073\trials\trial_0090,best_subtree_winrate,multi_step,3,15,future_reward,6,2,0.010758070797349905,0.7102337596027258,False,,,1,8.0,,,1,0,5
sce3m_etg_run_0073,sce-3m,MarineMicro_MvsM_8_mirror,91,TrialState.COMPLETE,59.157832642895414,63.0,1.0,12.633289357883005,2.4394713378441812,0.9390132165538955,105.0,completed,etg_only,C:\Users\Binich\PycharmProjects\PredictionRTS\output\learner_results\training_runs\run_0073\trials\trial_0091,best_subtree_winrate,multi_step,3,9,future_reward,4,3,0.003027871214565966,0.6725285574682665,True,0.505431855922686,0.5589191018152049,2,6.0,10.0,,1,1,5
sce3m_etg_run_0073,sce-3m,MarineMicro_MvsM_8_mirror,92,TrialState.COMPLETE,-0.6380907059872443,-1.6310679611650485,0.4854368932038835,32.76156589405233,7.764265238958693,0.8058933690260327,103.0,completed,etg_only,C:\Users\Binich\PycharmProjects\PredictionRTS\output\learner_results\training_runs\run_0073\trials\trial_0092,best_subtree_winrate,multi_step,2,10,future_reward,4,3,0.0023605992373536243,0.6474672029428792,True,0.6771073608187537,0.4939733154750516,2,5.0,9.0,,1,1,5
sce3m_etg_run_0073,sce-3m,MarineMicro_MvsM_8_mirror,93,TrialState.COMPLETE,58.03095800032843,62.74285714285714,1.0,13.480870800917144,3.003942987040158,0.924901425323996,105.0,completed,etg_only,C:\Users\Binich\PycharmProjects\PredictionRTS\output\learner_results\training_runs\run_0073\trials\trial_0093,best_subtree_winrate,multi_step,6,10,future_reward,5,3,0.0033218035616842784,0.6818469127231794,True,0.21065287391815396,0.3363142411598264,2,7.0,10.0,,1,1,5
sce3m_etg_run_0073,sce-3m,MarineMicro_MvsM_8_mirror,94,TrialState.COMPLETE,-3.738710329086915,-9.742857142857142,0.45714285714285713,40.182684868800216,6.422872777628508,0.8394281805592873,105.0,completed,etg_only,C:\Users\Binich\PycharmProjects\PredictionRTS\output\learner_results\training_runs\run_0073\trials\trial_0094,best_subtree_winrate,multi_step,5,9,future_reward,3,3,0.005739185479689926,0.6553303140659107,True,0.5498942062227643,0.9018349623335009,2,6.0,9.0,,1,1,5
sce3m_etg_run_0073,sce-3m,MarineMicro_MvsM_8_mirror,95,TrialState.COMPLETE,58.14012553992874,63.813559322033896,1.0,10.411816260369813,3.556255969659541,0.9110936007585115,118.0,completed,etg_only,C:\Users\Binich\PycharmProjects\PredictionRTS\output\learner_results\training_runs\run_0073\trials\trial_0095,best_subtree_quality,multi_step,3,11,future_reward,4,2,0.0020461782436637043,0.6661299508501365,True,0.7774698045978952,0.9674213239049522,2,10.0,10.0,,1,1,5
sce3m_etg_run_0073,sce-3m,MarineMicro_MvsM_8_mirror,96,TrialState.COMPLETE,61.58501890975668,64.8529411764706,1.0,11.970877290916771,2.0155892438688983,0.9496102689032775,102.0,completed,etg_only,C:\Users\Binich\PycharmProjects\PredictionRTS\output\learner_results\training_runs\run_0073\trials\trial_0096,best_subtree_winrate,multi_step,6,3,win_rate,4,3,0.003886155612947866,0.6912213353737576,True,0.45357519877510954,0.7650692351995612,2,7.0,10.0,,1,1,5
sce3m_etg_run_0073,sce-3m,MarineMicro_MvsM_8_mirror,97,TrialState.COMPLETE,-2.6910065472308644,-6.679245283018868,0.46226415094339623,41.82229864057385,5.137611478512638,0.871559713037184,106.0,completed,etg_only,C:\Users\Binich\PycharmProjects\PredictionRTS\output\learner_results\training_runs\run_0073\trials\trial_0097,random_beam,multi_step,6,3,win_rate,3,2,0.003861264083368456,0.6941173055093136,True,0.4586023312774044,0.8039279399971977,2,7.0,9.0,,1,1,5
sce3m_etg_run_0073,sce-3m,MarineMicro_MvsM_8_mirror,98,TrialState.COMPLETE,60.088775163514384,62.42307692307692,1.0,11.767533814313257,1.4957941034781488,0.9626051474130463,104.0,completed,etg_only,C:\Users\Binich\PycharmProjects\PredictionRTS\output\learner_results\training_runs\run_0073\trials\trial_0098,best_subtree_winrate,multi_step,7,5,win_rate,4,4,0.0026781265777617784,0.7420615412281787,False,,,2,7.0,10.0,,1,0,5
sce3m_etg_run_0073,sce-3m,MarineMicro_MvsM_8_mirror,99,TrialState.COMPLETE,-2.299090051446251,-5.4953271028037385,0.4485981308411215,38.25965734338444,2.69517857283429,0.9326205356791427,107.0,completed,etg_only,C:\Users\Binich\PycharmProjects\PredictionRTS\output\learner_results\training_runs\run_0073\trials\trial_0099,best_subtree_winrate,multi_step,5,3,win_rate,5,3,0.004865973803349651,0.6358306982181985,False,,,2,8.0,6.0,,1,0,5
sce3m_etg_run_0073,sce-3m,MarineMicro_MvsM_8_mirror,100,TrialState.COMPLETE,58.72097443518832,64.48543689320388,1.0,12.505427231646967,3.575667769801885,0.9106083057549529,103.0,completed,etg_only,C:\Users\Binich\PycharmProjects\PredictionRTS\output\learner_results\training_runs\run_0073\trials\trial_0100,best_subtree_quality,multi_step,6,7,win_rate,4,1,0.003293669186217795,0.723752070176643,True,0.2751863515551338,0.872546773402051,2,7.0,10.0,,1,1,5
sce3m_etg_run_0073,sce-3m,MarineMicro_MvsM_8_mirror,101,TrialState.COMPLETE,60.59654446270079,63.2,1.0,12.877000538057878,1.647756669176713,0.9588060832705821,105.0,completed,etg_only,C:\Users\Binich\PycharmProjects\PredictionRTS\output\learner_results\training_runs\run_0073\trials\trial_0101,best_subtree_winrate,multi_step,6,10,win_rate,4,3,0.004483079953688748,0.7062625038721086,True,0.5858519931915532,0.6920584620652773,2,6.0,10.0,,1,1,5
sce3m_etg_run_0073,sce-3m,MarineMicro_MvsM_8_mirror,102,TrialState.COMPLETE,-2.339044476531205,-5.972222222222222,0.46296296296296297,41.39946732823658,6.161097954406234,0.8459725511398442,108.0,completed,etg_only,C:\Users\Binich\PycharmProjects\PredictionRTS\output\learner_results\training_runs\run_0073\trials\trial_0102,best_subtree_winrate,multi_step,6,10,win_rate,4,3,0.00676242118616428,0.7065578991720054,True,0.6117271473806026,0.7004397589848226,2,7.0,9.0,,1,1,5
sce3m_etg_run_0073,sce-3m,MarineMicro_MvsM_8_mirror,103,TrialState.COMPLETE,62.07522383409796,63.23300970873787,1.0,11.354143748519377,0.7323933369440214,0.9816901665763995,103.0,completed,etg_only,C:\Users\Binich\PycharmProjects\PredictionRTS\output\learner_results\training_runs\run_0073\trials\trial_0103,best_subtree_winrate,multi_step,6,10,win_rate,4,3,0.00458671293855758,0.6776744365552132,True,0.5631592801234208,0.7663196223712657,2,6.0,10.0,,1,1,5
sce3m_etg_run_0073,sce-3m,MarineMicro_MvsM_8_mirror,104,TrialState.COMPLETE,59.00588269051503,61.386792452830186,0.9905660377358491,14.761353644220923,1.1852379980166787,0.9703690500495831,106.0,completed,etg_only,C:\Users\Binich\PycharmProjects\PredictionRTS\output\learner_results\training_runs\run_0073\trials\trial_0104,best_subtree_winrate,multi_step,7,14,win_rate,3,3,0.004567319321552022,0.6801344650178217,True,0.5538764813574961,0.764491402427235,2,6.0,10.0,,1,1,5
sce3m_etg_run_0073,sce-3m,MarineMicro_MvsM_8_mirror,105,TrialState.COMPLETE,57.73579264590072,62.6,1.0,10.693656330473956,3.10811971507941,0.9222970071230148,105.0,completed,etg_only,C:\Users\Binich\PycharmProjects\PredictionRTS\output\learner_results\training_runs\run_0073\trials\trial_0105,best_subtree_winrate,multi_step,6,11,win_rate,4,3,0.005591184106501828,0.6721030769127442,True,0.42652195411345967,0.6102536030066522,2,6.0,10.0,,1,1,5
sce3m_etg_run_0073,sce-3m,MarineMicro_MvsM_8_mirror,106,TrialState.COMPLETE,57.84293016951578,60.60576923076923,0.9807692307692307,15.662558410002676,1.074923381428528,0.9731269154642868,104.0,completed,etg_only,C:\Users\Binich\PycharmProjects\PredictionRTS\output\learner_results\training_runs\run_0073\trials\trial_0106,best_subtree_winrate,multi_step,5,10,win_rate,9,3,0.0038046200099973583,0.6899800611842103,True,0.625071786951058,0.6620796307707949,2,5.0,10.0,,1,1,5
sce3m_etg_run_0073,sce-3m,MarineMicro_MvsM_8_mirror,107,TrialState.COMPLETE,61.418782347202836,63.4,1.0,10.813219422804398,1.2499795916701348,0.9687505102082467,105.0,completed,etg_only,C:\Users\Binich\PycharmProjects\PredictionRTS\output\learner_results\training_runs\run_0073\trials\trial_0107,best_subtree_winrate,multi_step,6,10,win_rate,4,3,0.004232397748229997,0.6500382537089835,True,0.3897494764664857,0.78144261014357,2,8.0,10.0,,1,1,5
sce3m_etg_run_0073,sce-3m,MarineMicro_MvsM_8_mirror,108,TrialState.COMPLETE,59.56519167516146,63.8235294117647,1.0,13.091242219032168,2.6688199639541064,0.9332795009011473,102.0,completed,etg_only,C:\Users\Binich\PycharmProjects\PredictionRTS\output\learner_results\training_runs\run_0073\trials\trial_0108,best_subtree_winrate,multi_step,6,9,win_rate,4,2,0.004226037522227922,0.6511356131775559,True,0.4049980898627116,0.8270554314089055,2,8.0,10.0,,1,1,5
sce3m_etg_run_0073,sce-3m,MarineMicro_MvsM_8_mirror,109,TrialState.COMPLETE,-2.00526932963712,-4.911764705882353,0.46078431372549017,36.476719124152105,4.55969404927235,0.8860076487681913,102.0,completed,etg_only,C:\Users\Binich\PycharmProjects\PredictionRTS\output\learner_results\training_runs\run_0073\trials\trial_0109,best_subtree_winrate,multi_step,6,11,win_rate,4,3,0.00619034098344089,0.6204654059779982,True,0.574400277996951,0.9460910837135041,2,8.0,9.0,,1,1,5
sce3m_etg_run_0073,sce-3m,MarineMicro_MvsM_8_mirror,110,TrialState.COMPLETE,58.57290670189331,62.09708737864078,1.0,13.356584182761694,2.2701101294871138,0.9432472467628221,103.0,completed,etg_only,C:\Users\Binich\PycharmProjects\PredictionRTS\output\learner_results\training_runs\run_0073\trials\trial_0110,best_subtree_winrate,multi_step,7,2,win_rate,5,2,0.007532574586812091,0.7003415231747724,True,0.46506223381674955,0.7531732509220679,2,6.0,10.0,,1,1,5
sce3m_etg_run_0073,sce-3m,MarineMicro_MvsM_8_mirror,111,TrialState.COMPLETE,61.34458135472123,64.21153846153847,1.0,11.733968668360214,1.7859451279364646,0.9553513718015884,104.0,completed,etg_only,C:\Users\Binich\PycharmProjects\PredictionRTS\output\learner_results\training_runs\run_0073\trials\trial_0111,best_subtree_winrate,multi_step,6,10,win_rate,4,3,0.0034839939842984157,0.6584702253059851,True,0.5007655677886946,0.7747972720451721,2,7.0,10.0,,1,1,5
sce3m_etg_run_0073,sce-3m,MarineMicro_MvsM_8_mirror,112,TrialState.COMPLETE,59.6474845231352,62.71153846153846,1.0,10.211864401577854,1.9543796969882776,0.951140507575293,104.0,completed,etg_only,C:\Users\Binich\PycharmProjects\PredictionRTS\output\learner_results\training_runs\run_0073\trials\trial_0112,best_subtree_winrate,multi_step,6,10,win_rate,4,3,0.0034432336771416934,0.6589761383365874,True,0.3397318481383758,0.9164051823692214,2,7.0,10.0,,1,1,5
sce3m_etg_run_0073,sce-3m,MarineMicro_MvsM_8_mirror,113,TrialState.COMPLETE,58.614641311577444,63.05769230769231,1.0,12.249667910001701,2.81840380357393,0.9295399049106517,104.0,completed,etg_only,C:\Users\Binich\PycharmProjects\PredictionRTS\output\learner_results\training_runs\run_0073\trials\trial_0113,best_subtree_winrate,multi_step,6,11,win_rate,4,3,0.004322493745411865,0.6441475714623656,True,0.5132635597519871,0.7869840216000097,2,7.0,10.0,,1,1,5
sce3m_etg_run_0073,sce-3m,MarineMicro_MvsM_8_mirror,114,TrialState.COMPLETE,59.15043653057323,62.64545454545455,0.990909090909091,13.006003064065428,1.885119028013619,0.9528720242996596,110.0,completed,etg_only,C:\Users\Binich\PycharmProjects\PredictionRTS\output\learner_results\training_runs\run_0073\trials\trial_0114,best_subtree_winrate,multi_step,7,10,win_rate,4,3,0.005128899733932337,0.6780617747775917,True,0.44139745625054294,0.7171213012465104,2,7.0,10.0,,1,1,5
sce3m_etg_run_0073,sce-3m,MarineMicro_MvsM_8_mirror,115,TrialState.COMPLETE,55.298926631945726,61.077669902912625,1.0,15.31335436000596,3.7845211057675447,0.9053869723558113,103.0,completed,etg_only,C:\Users\Binich\PycharmProjects\PredictionRTS\output\learner_results\training_runs\run_0073\trials\trial_0115,best_subtree_winrate,multi_step,5,14,win_rate,3,3,0.0028121188359631986,0.6658955107774993,True,0.3855284236530331,0.015356461200782656,2,8.0,10.0,,1,1,5
sce3m_etg_run_0073,sce-3m,MarineMicro_MvsM_8_mirror,116,TrialState.COMPLETE,-1.7772038793811953,-4.5,0.4444444444444444,36.14669187260894,4.455922412376093,0.8886019396905976,108.0,completed,etg_only,C:\Users\Binich\PycharmProjects\PredictionRTS\output\learner_results\training_runs\run_0073\trials\trial_0116,best_subtree_winrate,multi_step,6,9,win_rate,4,2,0.003961708575822276,0.7083586087443845,True,0.5912011758465895,0.8568585159829242,2,6.0,9.0,,1,1,5
sce3m_etg_run_0073,sce-3m,MarineMicro_MvsM_8_mirror,117,TrialState.COMPLETE,56.759484974153786,62.1764705882353,1.0,12.78434379883387,3.484910328832004,0.9128772417791999,102.0,completed,etg_only,C:\Users\Binich\PycharmProjects\PredictionRTS\output\learner_results\training_runs\run_0073\trials\trial_0117,best_subtree_winrate,multi_step,6,8,win_rate,5,4,0.004674069785864185,0.628668042932319,True,0.6480696211586535,0.6453104938869717,2,7.0,10.0,,1,1,5
sce3m_etg_run_0073,sce-3m,MarineMicro_MvsM_8_mirror,118,TrialState.COMPLETE,-2.1952725499073105,-5.294117647058823,0.45098039215686275,34.46014698320084,3.2212309030021666,0.9194692274249459,102.0,completed,etg_only,C:\Users\Binich\PycharmProjects\PredictionRTS\output\learner_results\training_runs\run_0073\trials\trial_0118,best_subtree_winrate,multi_step,5,12,win_rate,3,2,0.00374763632859565,0.9032707915061177,True,0.5024188576090194,0.8322369213861993,2,6.0,9.0,,1,1,5
sce3m_etg_run_0073,sce-3m,MarineMicro_MvsM_8_mirror,119,TrialState.COMPLETE,60.302895550450685,63.73529411764706,1.0,11.038192583105719,2.154158768521951,0.9461460307869513,102.0,completed,etg_only,C:\Users\Binich\PycharmProjects\PredictionRTS\output\learner_results\training_runs\run_0073\trials\trial_0119,highest_transition_prob,multi_step,5,4,quality,4,3,0.0055298672431001224,0.6900095622194954,True,0.5893155843963509,0.7090203299743157,2,8.0,10.0,,1,1,5
sce3m_etg_run_0073,sce-3m,MarineMicro_MvsM_8_mirror,120,TrialState.COMPLETE,60.88139629194266,64.52884615384616,1.0,10.549295210480642,2.260973241770014,0.9434756689557496,104.0,completed,etg_only,C:\Users\Binich\PycharmProjects\PredictionRTS\output\learner_results\training_runs\run_0073\trials\trial_0120,best_subtree_winrate,multi_step,6,15,win_rate,4,2,0.0031875299897558915,0.6528773281255396,True,0.2955600533839501,0.7618500691064359,2,7.0,10.0,,1,1,5
sce3m_etg_run_0073,sce-3m,MarineMicro_MvsM_8_mirror,121,TrialState.COMPLETE,59.52727591248117,64.19417475728156,1.0,12.233217751351608,2.90798899585263,0.9273002751036843,103.0,completed,etg_only,C:\Users\Binich\PycharmProjects\PredictionRTS\output\learner_results\training_runs\run_0073\trials\trial_0121,best_subtree_winrate,multi_step,6,15,win_rate,4,2,0.003189931766734735,0.657712813623873,True,0.018701132950594945,0.7780800418467605,2,7.0,10.0,,1,1,5
sce3m_etg_run_0073,sce-3m,MarineMicro_MvsM_8_mirror,122,TrialState.COMPLETE,59.88523601347333,61.922330097087375,1.0,11.82287507982605,1.3159027319676782,0.967102431700808,103.0,completed,etg_only,C:\Users\Binich\PycharmProjects\PredictionRTS\output\learner_results\training_runs\run_0073\trials\trial_0122,best_subtree_winrate,multi_step,6,15,win_rate,4,2,0.002527388279287645,0.6477347772147178,True,0.30205963316638723,0.8913776909779878,2,7.0,10.0,,1,1,5
sce3m_etg_run_0073,sce-3m,MarineMicro_MvsM_8_mirror,123,TrialState.COMPLETE,58.42377772068004,60.57692307692308,1.0,13.46197801480176,1.4217594733287326,0.9644560131667816,104.0,completed,etg_only,C:\Users\Binich\PycharmProjects\PredictionRTS\output\learner_results\training_runs\run_0073\trials\trial_0123,best_subtree_winrate,multi_step,6,14,win_rate,3,2,0.002844164882211508,0.6782409271383719,True,0.24978390290979666,0.6832631951270366,2,7.0,10.0,,1,1,5
sce3m_etg_run_0073,sce-3m,MarineMicro_MvsM_8_mirror,124,TrialState.COMPLETE,62.80967647058824,64.05882352941177,1.0,10.052629671971374,0.7799999999999992,0.9805,102.0,completed,etg_only,C:\Users\Binich\PycharmProjects\PredictionRTS\output\learner_results\training_runs\run_0073\trials\trial_0124,best_subtree_winrate,multi_step,5,15,win_rate,4,2,0.003423180596952167,0.6359537392664417,True,0.3371861180846262,0.7540215881278449,2,8.0,10.0,,1,1,5
sce3m_etg_run_0073,sce-3m,MarineMicro_MvsM_8_mirror,125,TrialState.COMPLETE,-3.8088110062787153,-11.382352941176471,0.38235294117647056,38.19378969065856,4.993158232890519,0.8751710441777371,102.0,completed,etg_only,C:\Users\Binich\PycharmProjects\PredictionRTS\output\learner_results\training_runs\run_0073\trials\trial_0125,best_subtree_winrate,multi_step,5,15,win_rate,4,2,0.0022536021801221233,0.6081959538602794,False,,,2,8.0,9.0,,1,0,5
sce3m_etg_run_0073,sce-3m,MarineMicro_MvsM_8_mirror,126,TrialState.COMPLETE,54.9915056902186,60.029126213592235,1.0,13.471621600864749,3.356784175367846,0.9160803956158039,103.0,completed,etg_only,C:\Users\Binich\PycharmProjects\PredictionRTS\output\learner_results\training_runs\run_0073\trials\trial_0126,best_subtree_winrate,multi_step,5,14,win_rate,5,2,0.0035459818967833747,0.8222199430930589,True,0.3451615597535965,0.7477859178778695,2,8.0,10.0,,1,1,5
sce3m_etg_run_0073,sce-3m,MarineMicro_MvsM_8_mirror,127,TrialState.COMPLETE,59.18506716849746,62.38235294117647,1.0,10.15472855918496,2.050121947592387,0.9487469513101903,102.0,completed,etg_only,C:\Users\Binich\PycharmProjects\PredictionRTS\output\learner_results\training_runs\run_0073\trials\trial_0127,best_subtree_winrate,multi_step,5,14,win_rate,4,2,0.0030930707564221127,0.6356606678876211,False,,,2,9.0,10.0,,1,0,5
sce3m_etg_run_0073,sce-3m,MarineMicro_MvsM_8_mirror,128,TrialState.COMPLETE,-2.4876500848641876,-5.514285714285714,0.5047619047619047,38.52596262156686,4.250213855212085,0.8937446536196979,105.0,completed,etg_only,C:\Users\Binich\PycharmProjects\PredictionRTS\output\learner_results\training_runs\run_0073\trials\trial_0128,random_beam,multi_step,5,15,quality,1,2,0.0025518206919562776,0.6178898497180468,True,0.3906659278221281,0.8370079852672703,2,8.0,9.0,,1,1,5
sce3m_etg_run_0073,sce-3m,MarineMicro_MvsM_8_mirror,129,TrialState.COMPLETE,59.83774259753449,62.054054054054056,1.0,13.104457557982705,1.4286328204045968,0.9642841794898851,111.0,completed,etg_only,C:\Users\Binich\PycharmProjects\PredictionRTS\output\learner_results\training_runs\run_0073\trials\trial_0129,best_subtree_winrate,multi_step,7,15,win_rate,3,2,0.0039326591367973545,0.5993009091895374,False,,,2,7.0,10.0,,1,0,5
sce3m_etg_run_0073,sce-3m,MarineMicro_MvsM_8_mirror,130,TrialState.COMPLETE,57.65303255969214,61.80582524271845,1.0,13.135631710560377,2.687638368531007,0.9328090407867249,103.0,completed,etg_only,C:\Users\Binich\PycharmProjects\PredictionRTS\output\learner_results\training_runs\run_0073\trials\trial_0130,best_subtree_winrate,multi_step,4,14,win_rate,5,2,0.0034318439543273246,0.6667589255177229,True,0.46605375941157495,0.8037492665887708,2,8.0,10.0,,1,1,5
sce3m_etg_run_0073,sce-3m,MarineMicro_MvsM_8_mirror,131,TrialState.COMPLETE,52.6709805174778,61.05555555555556,0.9814814814814815,14.828546876519486,4.842005210233366,0.8789498697441658,108.0,completed,etg_only,C:\Users\Binich\PycharmProjects\PredictionRTS\output\learner_results\training_runs\run_0073\trials\trial_0131,best_subtree_winrate,multi_step,6,10,win_rate,4,2,0.004458867993935983,0.6531968542433536,True,0.1411837703488862,0.7725489030215696,2,7.0,10.0,,1,1,5
sce3m_etg_run_0073,sce-3m,MarineMicro_MvsM_8_mirror,132,TrialState.COMPLETE,60.62468281485666,63.52427184466019,1.0,10.554384962920292,1.8258148865643515,0.9543546278358912,103.0,completed,etg_only,C:\Users\Binich\PycharmProjects\PredictionRTS\output\learner_results\training_runs\run_0073\trials\trial_0132,best_subtree_winrate,multi_step,6,13,win_rate,4,2,0.004133125699306289,0.6732892725683411,True,0.3233262124665436,0.7307332473433963,2,7.0,10.0,,1,1,5
sce3m_etg_run_0073,sce-3m,MarineMicro_MvsM_8_mirror,133,TrialState.COMPLETE,59.9901321240862,62.73529411764706,1.0,12.398550255691452,1.7503142574977761,0.9562421435625555,102.0,completed,etg_only,C:\Users\Binich\PycharmProjects\PredictionRTS\output\learner_results\training_runs\run_0073\trials\trial_0133,best_subtree_winrate,multi_step,6,13,win_rate,4,2,0.0049008674065228195,0.6397350482534251,True,0.3353363647961128,0.7267348817460287,2,7.0,10.0,,1,1,5
sce3m_etg_run_0073,sce-3m,MarineMicro_MvsM_8_mirror,134,TrialState.COMPLETE,62.223603753667206,64.86407766990291,1.0,11.869066054398559,1.6283120094134296,0.9592921997646643,103.0,completed,etg_only,C:\Users\Binich\PycharmProjects\PredictionRTS\output\learner_results\training_runs\run_0073\trials\trial_0134,best_subtree_winrate,multi_step,6,13,win_rate,4,2,0.004069995097840121,0.6722090755850786,True,0.3026236993526466,0.6477416600870249,2,8.0,10.0,,1,1,5
sce3m_etg_run_0073,sce-3m,MarineMicro_MvsM_8_mirror,135,TrialState.COMPLETE,-1.145679012345679,-3.2222222222222223,0.4444444444444444,37.08032655309215,9.788286348918646,0.8,108.0,completed,etg_only,C:\Users\Binich\PycharmProjects\PredictionRTS\output\learner_results\training_runs\run_0073\trials\trial_0135,best_subtree_winrate,multi_step,5,15,win_rate,4,2,0.0029850850653240666,0.6280979483486404,False,,,2,9.0,9.0,,1,0,5
sce3m_etg_run_0073,sce-3m,MarineMicro_MvsM_8_mirror,136,TrialState.COMPLETE,58.60718530279755,62.351351351351354,0.990990990990991,12.492627482523154,2.060178896072896,0.9484955275981776,111.0,completed,etg_only,C:\Users\Binich\PycharmProjects\PredictionRTS\output\learner_results\training_runs\run_0073\trials\trial_0136,best_subtree_winrate,multi_step,7,14,win_rate,4,2,0.0036318137882077367,0.6625069934424135,True,0.24311087363894054,0.6406002592574354,2,8.0,10.0,,1,1,5
sce3m_etg_run_0073,sce-3m,MarineMicro_MvsM_8_mirror,137,TrialState.COMPLETE,-0.4512,-1.2,0.47,35.789383900816176,9.20246026941218,0.8,100.0,completed,etg_only,C:\Users\Binich\PycharmProjects\PredictionRTS\output\learner_results\training_runs\run_0073\trials\trial_0137,best_subtree_winrate,multi_step,6,13,future_reward,4,2,0.005376677119837618,0.6855960771531664,False,,,2,8.0,9.0,,1,0,5
sce3m_etg_run_0073,sce-3m,MarineMicro_MvsM_8_mirror,138,TrialState.COMPLETE,61.29997074490055,63.25961538461539,1.0,11.179475693213343,1.2391125856838032,0.969022185357905,104.0,completed,etg_only,C:\Users\Binich\PycharmProjects\PredictionRTS\output\learner_results\training_runs\run_0073\trials\trial_0138,best_subtree_winrate,multi_step,5,14,win_rate,4,2,0.0032207004895072177,0.6457888084392601,True,0.16809331896507101,0.7960189841389298,2,9.0,10.0,,1,1,5
sce3m_etg_run_0073,sce-3m,MarineMicro_MvsM_8_mirror,139,TrialState.COMPLETE,-0.539947064013332,-1.3366336633663367,0.504950495049505,36.132122026434104,10.275821753267861,0.8,101.0,completed,etg_only,C:\Users\Binich\PycharmProjects\PredictionRTS\output\learner_results\training_runs\run_0073\trials\trial_0139,best_subtree_winrate,multi_step,6,14,win_rate,5,2,0.0033528392998772396,0.6452940080531783,True,0.13601302178490263,0.811888761706428,2,9.0,6.0,,1,1,5
sce3m_etg_run_0073,sce-3m,MarineMicro_MvsM_8_mirror,140,TrialState.COMPLETE,56.61097360831508,62.3235294117647,1.0,12.347232574513809,3.6663878681885276,0.9083403032952868,102.0,completed,etg_only,C:\Users\Binich\PycharmProjects\PredictionRTS\output\learner_results\training_runs\run_0073\trials\trial_0140,highest_transition_prob,multi_step,5,15,win_rate,3,2,0.002793546363773038,0.6333587083696962,True,0.15626035352286088,0.7812543161126366,2,9.0,10.0,,1,1,5
sce3m_etg_run_0073,sce-3m,MarineMicro_MvsM_8_mirror,141,TrialState.COMPLETE,58.84726761786719,64.08571428571429,1.0,9.746417447514984,3.2696501716388506,0.9182587457090288,105.0,completed,etg_only,C:\Users\Binich\PycharmProjects\PredictionRTS\output\learner_results\training_runs\run_0073\trials\trial_0141,best_subtree_winrate,multi_step,5,14,win_rate,4,2,0.003742860954811924,0.6525081112312383,True,0.2702361663123291,0.8540884414850032,2,8.0,10.0,,1,1,5
sce3m_etg_run_0073,sce-3m,MarineMicro_MvsM_8_mirror,142,TrialState.COMPLETE,62.17994785253689,65.29245283018868,1.0,11.796999123643552,1.9068084243958394,0.952329789390104,106.0,completed,etg_only,C:\Users\Binich\PycharmProjects\PredictionRTS\output\learner_results\training_runs\run_0073\trials\trial_0142,best_subtree_winrate,multi_step,5,14,win_rate,4,2,0.0032505995254472155,0.6695288946234242,True,0.07632025577876286,0.5815816163380452,2,7.0,10.0,,1,1,5
sce3m_etg_run_0073,sce-3m,MarineMicro_MvsM_8_mirror,143,TrialState.COMPLETE,61.761170170686064,63.764150943396224,1.0,11.634003421000768,1.2564933387026291,0.9685876665324342,106.0,completed,etg_only,C:\Users\Binich\PycharmProjects\PredictionRTS\output\learner_results\training_runs\run_0073\trials\trial_0143,best_subtree_winrate,multi_step,5,14,win_rate,4,2,0.004075995742401192,0.6774406265053354,True,0.07560892001207445,0.590975113196487,2,8.0,10.0,,1,1,5
sce3m_etg_run_0073,sce-3m,MarineMicro_MvsM_8_mirror,144,TrialState.COMPLETE,61.745053293545816,63.97142857142857,1.0,10.486687381861726,1.3921060245805537,0.9651973493854862,105.0,completed,etg_only,C:\Users\Binich\PycharmProjects\PredictionRTS\output\learner_results\training_runs\run_0073\trials\trial_0144,best_subtree_winrate,multi_step,5,14,win_rate,4,2,0.00395267968680748,0.6955669561400397,True,0.09541424964196513,0.5737858230504215,2,9.0,10.0,,1,1,5
sce3m_etg_run_0073,sce-3m,MarineMicro_MvsM_8_mirror,145,TrialState.COMPLETE,63.6520577676134,64.67647058823529,1.0,10.498516949145147,0.6335613624582875,0.9841609659385429,102.0,completed,etg_only,C:\Users\Binich\PycharmProjects\PredictionRTS\output\learner_results\training_runs\run_0073\trials\trial_0145,best_subtree_winrate,multi_step,5,13,win_rate,4,2,0.004123044615684083,0.692200288413636,True,0.07789040084660552,0.5864109791303708,2,9.0,10.0,,1,1,5
sce3m_etg_run_0073,sce-3m,MarineMicro_MvsM_8_mirror,146,TrialState.COMPLETE,61.64451332010416,63.932038834951456,1.0,12.38011413276305,1.4312232530251874,0.9642194186743703,103.0,completed,etg_only,C:\Users\Binich\PycharmProjects\PredictionRTS\output\learner_results\training_runs\run_0073\trials\trial_0146,best_subtree_winrate,multi_step,5,13,win_rate,4,2,0.004044396024609601,0.6918618524391967,True,0.0624763702383449,0.5712414550130474,2,9.0,10.0,,1,1,5
sce3m_etg_run_0073,sce-3m,MarineMicro_MvsM_8_mirror,147,TrialState.COMPLETE,-1.4348919319629683,-3.234782608695652,0.5043478260869565,37.889847311655494,4.8193440856317045,0.8795163978592073,115.0,completed,etg_only,C:\Users\Binich\PycharmProjects\PredictionRTS\output\learner_results\training_runs\run_0073\trials\trial_0147,best_subtree_winrate,multi_step,5,13,win_rate,4,2,0.0040335562455198004,0.6955981290462919,True,0.07553046645977486,0.5795641182010011,2,9.0,9.0,,1,1,5
sce3m_etg_run_0073,sce-3m,MarineMicro_MvsM_8_mirror,148,TrialState.COMPLETE,60.58307428256362,63.96694214876033,1.0,10.11825441801735,2.1160103969498825,0.947099740076253,121.0,completed,etg_only,C:\Users\Binich\PycharmProjects\PredictionRTS\output\learner_results\training_runs\run_0073\trials\trial_0148,best_subtree_winrate,multi_step,5,13,win_rate,4,2,0.004820400892681319,0.721213404008792,True,0.06702113356764641,0.5081228595901832,2,10.0,3.0,,1,1,5
sce3m_etg_run_0073,sce-3m,MarineMicro_MvsM_8_mirror,149,TrialState.COMPLETE,55.78790824493769,62.38235294117647,1.0,13.018120190227052,4.2284039542125145,0.8942899011446871,102.0,completed,etg_only,C:\Users\Binich\PycharmProjects\PredictionRTS\output\learner_results\training_runs\run_0073\trials\trial_0149,best_subtree_winrate,multi_step,5,13,win_rate,3,2,0.0043194190096582305,0.6800036661949248,True,0.04709947324356201,0.5937641361182204,2,9.0,10.0,,1,1,5
sce3m_etg_run_0073,sce-3m,MarineMicro_MvsM_8_mirror,150,TrialState.COMPLETE,0.186714236130555,0.51,0.45,33.4471209523331,7.457213746308499,0.8135696563422875,100.0,completed,etg_only,C:\Users\Binich\PycharmProjects\PredictionRTS\output\learner_results\training_runs\run_0073\trials\trial_0150,best_subtree_winrate,multi_step,5,13,win_rate,5,2,0.004033873947018261,0.7150402507303644,True,0.11625827596044058,0.5342404230648529,2,9.0,2.0,,1,1,5
sce3m_etg_run_0073,sce-3m,MarineMicro_MvsM_8_mirror,151,TrialState.COMPLETE,60.04377355030662,63.54807692307692,1.0,10.685971939967612,2.205765173358218,0.9448558706660446,104.0,completed,etg_only,C:\Users\Binich\PycharmProjects\PredictionRTS\output\learner_results\training_runs\run_0073\trials\trial_0151,best_subtree_winrate,multi_step,4,14,win_rate,4,2,0.003713250777415103,0.6900646354821134,True,0.09782677891817572,0.5612563456405912,2,9.0,10.0,,1,1,5
sce3m_etg_run_0073,sce-3m,MarineMicro_MvsM_8_mirror,152,TrialState.COMPLETE,59.02234658634458,63.088235294117645,1.0,11.500300883682344,2.5779061270728993,0.9355523468231776,102.0,completed,etg_only,C:\Users\Binich\PycharmProjects\PredictionRTS\output\learner_results\training_runs\run_0073\trials\trial_0152,best_subtree_winrate,multi_step,5,14,win_rate,4,2,0.003388212661610893,0.6991923366372695,True,0.01182321698272816,0.6231366278456536,2,9.0,10.0,,1,1,5
sce3m_etg_run_0073,sce-3m,MarineMicro_MvsM_8_mirror,153,TrialState.COMPLETE,58.92807729601818,63.529411764705884,1.0,10.597544926892674,2.897136517321887,0.9275715870669529,102.0,completed,etg_only,C:\Users\Binich\PycharmProjects\PredictionRTS\output\learner_results\training_runs\run_0073\trials\trial_0153,best_subtree_winrate,multi_step,5,14,win_rate,4,2,0.004377657518578786,0.6672692583008392,True,0.04206850279916417,0.47686098206432415,2,9.0,10.0,,1,1,5
sce3m_etg_run_0073,sce-3m,MarineMicro_MvsM_8_mirror,154,TrialState.COMPLETE,61.677618259784836,64.5,1.0,10.999125839391475,1.7503142574977772,0.9562421435625555,104.0,completed,etg_only,C:\Users\Binich\PycharmProjects\PredictionRTS\output\learner_results\training_runs\run_0073\trials\trial_0154,best_subtree_winrate,multi_step,4,13,win_rate,4,2,0.005192290421666788,0.6834566909388388,True,0.1791560833219334,0.5226238878335857,2,8.0,10.0,,1,1,5
sce3m_etg_run_0073,sce-3m,MarineMicro_MvsM_8_mirror,155,TrialState.COMPLETE,58.82090923976639,61.44230769230769,1.0,11.270986342645202,1.706575518399348,0.9573356120400163,104.0,completed,etg_only,C:\Users\Binich\PycharmProjects\PredictionRTS\output\learner_results\training_runs\run_0073\trials\trial_0155,best_subtree_winrate,multi_step,5,13,win_rate,4,2,0.005109524570644934,0.6830844124914495,True,0.17762318161004456,0.5232896116806639,2,10.0,10.0,,1,1,5
sce3m_etg_run_0073,sce-3m,MarineMicro_MvsM_8_mirror,156,TrialState.COMPLETE,61.199436170137055,63.262135922330096,1.0,10.789208168979036,1.3042239071570476,0.9673944023210738,103.0,completed,etg_only,C:\Users\Binich\PycharmProjects\PredictionRTS\output\learner_results\training_runs\run_0073\trials\trial_0156,random_beam,multi_step,4,12,win_rate,4,2,0.005845791615823732,0.6624454557006658,True,0.11718848956170624,0.5738528303274042,2,9.0,10.0,,1,1,5
sce3m_etg_run_0073,sce-3m,MarineMicro_MvsM_8_mirror,157,TrialState.COMPLETE,-1.2944424942638753,-3.2777777777777777,0.4444444444444444,36.563955468550894,4.457680665974945,0.8885579833506263,108.0,completed,etg_only,C:\Users\Binich\PycharmProjects\PredictionRTS\output\learner_results\training_runs\run_0073\trials\trial_0157,best_subtree_winrate,multi_step,5,13,win_rate,4,2,0.004559499652265077,0.6775265984009923,True,0.09589009195131556,0.6089010890069856,2,8.0,5.0,,1,1,5
sce3m_etg_run_0073,sce-3m,MarineMicro_MvsM_8_mirror,158,TrialState.COMPLETE,-2.9989322692630704,-9.504424778761061,0.3893805309734513,36.78546362904284,7.58645154374458,0.8103387114063855,113.0,completed,etg_only,C:\Users\Binich\PycharmProjects\PredictionRTS\output\learner_results\training_runs\run_0073\trials\trial_0158,best_subtree_winrate,multi_step,5,12,win_rate,4,2,0.0039674877930917785,0.6694853159406691,True,0.20874721117692677,0.5513350488099843,2,8.0,9.0,,1,1,5
sce3m_etg_run_0073,sce-3m,MarineMicro_MvsM_8_mirror,159,TrialState.COMPLETE,57.52868456080573,60.0,1.0,14.1218179627928,1.6475436261295169,0.9588114093467621,101.0,completed,etg_only,C:\Users\Binich\PycharmProjects\PredictionRTS\output\learner_results\training_runs\run_0073\trials\trial_0159,best_subtree_quality,multi_step,5,14,win_rate,5,3,0.04888564658663082,0.7006905307379431,True,0.050955977507563074,0.6686976588794808,2,9.0,10.0,,1,1,5
sce3m_etg_run_0073,sce-3m,MarineMicro_MvsM_8_mirror,160,TrialState.COMPLETE,59.39316642551129,62.17142857142857,1.0,11.07503167176565,1.787484836527663,0.9553128790868084,105.0,completed,etg_only,C:\Users\Binich\PycharmProjects\PredictionRTS\output\learner_results\training_runs\run_0073\trials\trial_0160,best_subtree_winrate,multi_step,5,13,win_rate,4,2,0.004810745133695186,0.6584639336674668,True,0.16460650923939585,0.5198975818196256,2,8.0,10.0,,1,1,5
sce3m_etg_run_0073,sce-3m,MarineMicro_MvsM_8_mirror,161,TrialState.COMPLETE,59.24170317474895,63.056603773584904,1.0,11.44950372878482,2.4199848203268197,0.9395003794918295,106.0,completed,etg_only,C:\Users\Binich\PycharmProjects\PredictionRTS\output\learner_results\training_runs\run_0073\trials\trial_0161,best_subtree_winrate,multi_step,4,14,win_rate,4,2,0.002937128540014712,0.6916710843026377,True,0.12163979440137368,0.5958823801048553,2,8.0,10.0,,1,1,5
sce3m_etg_run_0073,sce-3m,MarineMicro_MvsM_8_mirror,162,TrialState.COMPLETE,58.1632492449094,62.4622641509434,0.9905660377358491,14.154254329647234,2.3982987167352334,0.9400425320816191,106.0,completed,etg_only,C:\Users\Binich\PycharmProjects\PredictionRTS\output\learner_results\training_runs\run_0073\trials\trial_0162,best_subtree_winrate,multi_step,4,14,win_rate,4,2,0.003697689456419268,0.6858033423900081,True,0.07706998343441147,0.6498163244696746,2,8.0,10.0,,1,1,5
sce3m_etg_run_0073,sce-3m,MarineMicro_MvsM_8_mirror,163,TrialState.COMPLETE,60.33502914930754,63.68316831683168,1.0,10.451141103143142,2.102997860198627,0.9474250534950344,101.0,completed,etg_only,C:\Users\Binich\PycharmProjects\PredictionRTS\output\learner_results\training_runs\run_0073\trials\trial_0163,best_subtree_winrate,multi_step,4,13,win_rate,4,2,0.0031865781847042235,0.7318784441876062,True,0.0331635652095659,0.4452794740951524,2,9.0,10.0,,1,1,5
sce3m_etg_run_0073,sce-3m,MarineMicro_MvsM_8_mirror,164,TrialState.COMPLETE,58.888145468292315,62.02857142857143,1.0,12.500253058662942,2.025148016762212,0.9493712995809447,105.0,completed,etg_only,C:\Users\Binich\PycharmProjects\PredictionRTS\output\learner_results\training_runs\run_0073\trials\trial_0164,best_subtree_winrate,multi_step,4,14,win_rate,4,2,0.0042269714980083615,0.7084013814024751,True,0.533287688695914,0.5710760158918854,2,8.0,10.0,,1,1,5
sce3m_etg_run_0073,sce-3m,MarineMicro_MvsM_8_mirror,165,TrialState.COMPLETE,61.291514568405624,63.45283018867924,1.0,10.600936302072476,1.3624707448647257,0.9659382313783819,106.0,completed,etg_only,C:\Users\Binich\PycharmProjects\PredictionRTS\output\learner_results\training_runs\run_0073\trials\trial_0165,best_subtree_winrate,multi_step,5,14,win_rate,4,2,0.023524906873238986,0.6768997352302152,True,0.36969310406094513,0.6235914428386513,2,9.0,10.0,,1,1,5
sce3m_etg_run_0073,sce-3m,MarineMicro_MvsM_8_mirror,166,TrialState.COMPLETE,54.66171826759434,61.82857142857143,0.9904761904761905,14.267817360931488,4.296563587123349,0.8925859103219163,105.0,completed,etg_only,C:\Users\Binich\PycharmProjects\PredictionRTS\output\learner_results\training_runs\run_0073\trials\trial_0166,best_subtree_winrate,multi_step,5,13,win_rate,3,5,0.003922157915841269,0.6776609176672976,True,0.36718369877848506,0.6213385447564299,2,10.0,10.0,,1,1,5
sce3m_etg_run_0073,sce-3m,MarineMicro_MvsM_8_mirror,167,TrialState.COMPLETE,62.27638534696958,64.03846153846153,1.0,10.145975970914128,1.1006361796706499,0.9724840955082338,104.0,completed,etg_only,C:\Users\Binich\PycharmProjects\PredictionRTS\output\learner_results\training_runs\run_0073\trials\trial_0167,best_subtree_winrate,multi_step,5,12,win_rate,4,2,0.005392713316384865,0.640050448376746,True,0.44293680151274956,0.5444002032716134,2,9.0,10.0,,1,1,5
sce3m_etg_run_0073,sce-3m,MarineMicro_MvsM_8_mirror,168,TrialState.COMPLETE,60.648277111041175,62.371428571428574,1.0,11.479387027651443,1.1050902631893564,0.9723727434202661,105.0,completed,etg_only,C:\Users\Binich\PycharmProjects\PredictionRTS\output\learner_results\training_runs\run_0073\trials\trial_0168,best_subtree_winrate,multi_step,5,12,win_rate,4,2,0.005456083319332424,0.6464681798750891,True,0.4296851925362244,0.5415568301363957,2,9.0,10.0,,1,1,5
sce3m_etg_run_0073,sce-3m,MarineMicro_MvsM_8_mirror,169,TrialState.COMPLETE,-2.831462460958948,-8.57943925233645,0.38317757009345793,37.47548416904382,5.548207964802603,0.8612948008799349,107.0,completed,etg_only,C:\Users\Binich\PycharmProjects\PredictionRTS\output\learner_results\training_runs\run_0073\trials\trial_0169,best_subtree_winrate,multi_step,6,12,win_rate,4,3,0.00636785214568207,0.6211460748601078,True,0.4065419126245515,0.5060910764502407,2,9.0,9.0,,1,1,5
sce3m_etg_run_0073,sce-3m,MarineMicro_MvsM_8_mirror,170,TrialState.COMPLETE,48.727675208103484,60.02654867256637,0.9734513274336283,17.495111922639538,6.643684895003635,0.8339078776249091,113.0,completed,etg_only,C:\Users\Binich\PycharmProjects\PredictionRTS\output\learner_results\training_runs\run_0073\trials\trial_0170,best_subtree_winrate,multi_step,5,13,win_rate,3,2,0.004803636898889953,0.6381440505081694,True,0.48478026469050967,0.4829494843275663,2,9.0,10.0,,1,1,5
sce3m_etg_run_0073,sce-3m,MarineMicro_MvsM_8_mirror,171,TrialState.COMPLETE,60.20415339777118,62.59615384615385,1.0,10.582568423491049,1.5285287043428382,0.961786782391429,104.0,completed,etg_only,C:\Users\Binich\PycharmProjects\PredictionRTS\output\learner_results\training_runs\run_0073\trials\trial_0171,best_subtree_winrate,multi_step,5,14,win_rate,4,2,0.007009271591483488,0.6604631430528489,True,0.37596320459357085,0.5879597371263888,2,9.0,10.0,,1,1,5
sce3m_etg_run_0073,sce-3m,MarineMicro_MvsM_8_mirror,172,TrialState.COMPLETE,63.23723380517935,65.44660194174757,1.0,10.271771247925304,1.3503332921912294,0.9662416676952192,103.0,completed,etg_only,C:\Users\Binich\PycharmProjects\PredictionRTS\output\learner_results\training_runs\run_0073\trials\trial_0172,best_subtree_winrate,multi_step,5,13,win_rate,4,2,0.0034823388908389753,0.6716585142889707,True,0.4542805301823003,0.5522841424525843,2,9.0,10.0,,1,1,5
sce3m_etg_run_0073,sce-3m,MarineMicro_MvsM_8_mirror,173,TrialState.COMPLETE,60.0639110239695,62.679611650485434,1.0,10.665445149525366,1.6692513291892266,0.9582687167702694,103.0,completed,etg_only,C:\Users\Binich\PycharmProjects\PredictionRTS\output\learner_results\training_runs\run_0073\trials\trial_0173,best_subtree_winrate,multi_step,5,13,win_rate,4,2,0.003546288944901686,0.6657914057383473,True,0.4749408261778597,0.5599387573061833,2,10.0,10.0,,1,1,5
sce3m_etg_run_0073,sce-3m,MarineMicro_MvsM_8_mirror,174,TrialState.COMPLETE,59.71084254482665,64.125,1.0,11.432651872866323,2.7534705373401036,0.9311632365664975,104.0,completed,etg_only,C:\Users\Binich\PycharmProjects\PredictionRTS\output\learner_results\training_runs\run_0073\trials\trial_0174,best_subtree_winrate,multi_step,5,13,win_rate,4,2,0.004322087177010159,0.6526641155263927,True,0.43647787948334793,0.5393305190986108,2,9.0,10.0,,1,1,5
sce3m_etg_run_0073,sce-3m,MarineMicro_MvsM_8_mirror,175,TrialState.COMPLETE,60.26714805490172,63.794117647058826,1.0,13.84319627271761,2.211470099277853,0.9447132475180536,102.0,completed,etg_only,C:\Users\Binich\PycharmProjects\PredictionRTS\output\learner_results\training_runs\run_0073\trials\trial_0175,best_subtree_winrate,multi_step,6,12,win_rate,4,2,0.005187025366676542,0.6852418098890021,True,0.44968301650976894,0.7485590473554531,2,8.0,10.0,,1,1,5
sce3m_etg_run_0073,sce-3m,MarineMicro_MvsM_8_mirror,176,TrialState.COMPLETE,-2.53987493970942,-8.227722772277227,0.3564356435643564,36.434637308532835,5.357314801476409,0.8660671299630898,101.0,completed,etg_only,C:\Users\Binich\PycharmProjects\PredictionRTS\output\learner_results\training_runs\run_0073\trials\trial_0176,best_subtree_quality,multi_step,5,13,win_rate,4,3,0.003376124250077525,0.6453150680729758,True,0.1909517507955666,0.793352293440517,2,9.0,0.0,,1,1,5
sce3m_etg_run_0073,sce-3m,MarineMicro_MvsM_8_mirror,177,TrialState.COMPLETE,57.51212566108795,63.70754716981132,1.0,12.86428944948876,3.8899136971697157,0.9027521575707571,106.0,completed,etg_only,C:\Users\Binich\PycharmProjects\PredictionRTS\output\learner_results\training_runs\run_0073\trials\trial_0177,highest_transition_prob,multi_step,5,13,win_rate,4,2,0.004067979634777685,0.6707062476493937,True,0.002223971275348985,0.6976044040374351,2,8.0,10.0,,1,1,5
sce3m_etg_run_0073,sce-3m,MarineMicro_MvsM_8_mirror,178,TrialState.COMPLETE,-2.351814497125083,-6.58252427184466,0.44660194174757284,41.49149503956616,10.883237826488974,0.8,103.0,completed,etg_only,C:\Users\Binich\PycharmProjects\PredictionRTS\output\learner_results\training_runs\run_0073\trials\trial_0178,best_subtree_winrate,multi_step,10,15,quality,5,2,0.003734110916732116,0.6373671134237875,True,0.10177424377376439,0.5980469623397375,2,7.0,9.0,,1,1,5
sce3m_etg_run_0073,sce-3m,MarineMicro_MvsM_8_mirror,179,TrialState.COMPLETE,53.58901983309127,62.67326732673267,0.9801980198019802,17.2925376859964,5.106892538824956,0.8723276865293761,101.0,completed,etg_only,C:\Users\Binich\PycharmProjects\PredictionRTS\output\learner_results\training_runs\run_0073\trials\trial_0179,best_subtree_winrate,multi_step,6,14,win_rate,4,2,0.004586940245542119,0.700085759888553,True,0.06416628403032015,0.8185107528626514,2,10.0,10.0,,1,1,5
sce3m_etg_run_0073,sce-3m,MarineMicro_MvsM_8_mirror,180,TrialState.COMPLETE,58.66810755554128,64.125,1.0,11.226417590802372,3.4039095170112845,0.9149022620747179,104.0,completed,etg_only,C:\Users\Binich\PycharmProjects\PredictionRTS\output\learner_results\training_runs\run_0073\trials\trial_0180,best_subtree_winrate,multi_step,6,11,win_rate,4,2,0.0031123049054638304,0.6542771750594855,True,0.40641090998549456,0.3983263062055078,2,8.0,10.0,,1,1,5
sce3m_etg_run_0073,sce-3m,MarineMicro_MvsM_8_mirror,181,TrialState.COMPLETE,60.7873960241833,64.5,1.0,10.781929326423912,2.3023900625219857,0.9424402484369504,102.0,completed,etg_only,C:\Users\Binich\PycharmProjects\PredictionRTS\output\learner_results\training_runs\run_0073\trials\trial_0181,best_subtree_winrate,multi_step,5,14,win_rate,4,2,0.026163094380827978,0.6741639168922274,True,0.5579350186387239,0.6149720493426002,2,9.0,10.0,,1,1,5
sce3m_etg_run_0073,sce-3m,MarineMicro_MvsM_8_mirror,182,TrialState.COMPLETE,63.23825333728592,66.4,1.0,10.023401190642396,1.9046666642855943,0.9523833333928602,105.0,completed,etg_only,C:\Users\Binich\PycharmProjects\PredictionRTS\output\learner_results\training_runs\run_0073\trials\trial_0182,best_subtree_winrate,multi_step,5,14,win_rate,4,2,0.0034768780034441136,0.9504997458111306,True,0.36030506331306833,0.6329490354358565,2,9.0,10.0,,1,1,5
sce3m_etg_run_0073,sce-3m,MarineMicro_MvsM_8_mirror,183,TrialState.COMPLETE,60.701053983041334,63.424528301886795,1.0,10.9294030574682,1.7176158131644725,0.9570596046708881,106.0,completed,etg_only,C:\Users\Binich\PycharmProjects\PredictionRTS\output\learner_results\training_runs\run_0073\trials\trial_0183,best_subtree_winrate,multi_step,5,14,win_rate,4,2,0.0034076568255200063,0.691337382492484,True,0.3184791122060146,0.6575608714276857,2,9.0,10.0,,1,1,5
sce3m_etg_run_0073,sce-3m,MarineMicro_MvsM_8_mirror,184,TrialState.COMPLETE,62.57552091203903,65.7378640776699,1.0,10.609540646012398,1.9242141252989466,0.9518946468675263,103.0,completed,etg_only,C:\Users\Binich\PycharmProjects\PredictionRTS\output\learner_results\training_runs\run_0073\trials\trial_0184,best_subtree_winrate,multi_step,5,13,win_rate,4,2,0.003831104465689104,0.8276892275802661,True,0.14407093938433163,0.5747990975421233,2,9.0,10.0,,1,1,5
sce3m_etg_run_0073,sce-3m,MarineMicro_MvsM_8_mirror,185,TrialState.COMPLETE,62.71484270213351,65.4,1.0,10.379099878395731,1.6422980415085604,0.958942548962286,105.0,completed,etg_only,C:\Users\Binich\PycharmProjects\PredictionRTS\output\learner_results\training_runs\run_0073\trials\trial_0185,best_subtree_winrate,multi_step,5,13,win_rate,4,2,0.003942186684089192,0.9435966651695519,True,0.14467877947745317,0.5648761828531416,2,2.0,10.0,,1,1,5
sce3m_etg_run_0073,sce-3m,MarineMicro_MvsM_8_mirror,186,TrialState.COMPLETE,62.327357833291835,65.23584905660377,1.0,10.376453648373259,1.7833698896373973,0.9554157527590651,106.0,completed,etg_only,C:\Users\Binich\PycharmProjects\PredictionRTS\output\learner_results\training_runs\run_0073\trials\trial_0186,best_subtree_winrate,multi_step,5,13,win_rate,4,2,0.004095940658602331,0.9782332207177308,True,0.14333463622777576,0.5764520319473134,2,9.0,10.0,,1,1,5
sce3m_etg_run_0073,sce-3m,MarineMicro_MvsM_8_mirror,187,TrialState.COMPLETE,63.416991064928126,65.45714285714286,1.0,10.055113431605282,1.2467099559583685,0.9688322511010408,105.0,completed,etg_only,C:\Users\Binich\PycharmProjects\PredictionRTS\output\learner_results\training_runs\run_0073\trials\trial_0187,best_subtree_winrate,multi_step,5,13,win_rate,4,2,0.0038095090676189495,0.9706103463174285,True,0.14496260695333946,0.5678105916409253,2,2.0,10.0,,1,1,5
sce3m_etg_run_0073,sce-3m,MarineMicro_MvsM_8_mirror,188,TrialState.COMPLETE,60.122002845130744,63.69230769230769,0.9903846153846154,12.991918289013457,1.8756400513030536,0.9531089987174237,104.0,completed,etg_only,C:\Users\Binich\PycharmProjects\PredictionRTS\output\learner_results\training_runs\run_0073\trials\trial_0188,best_subtree_winrate,multi_step,5,13,win_rate,4,2,0.004980669244567796,0.9604029825708795,True,0.1468800040692256,0.5656932092445505,2,4.0,10.0,,1,1,5
sce3m_etg_run_0073,sce-3m,MarineMicro_MvsM_8_mirror,189,TrialState.COMPLETE,57.969117142317195,61.95145631067961,1.0,11.261566775039508,2.571264280465935,0.9357183929883516,103.0,completed,etg_only,C:\Users\Binich\PycharmProjects\PredictionRTS\output\learner_results\training_runs\run_0073\trials\trial_0189,best_subtree_winrate,multi_step,5,13,win_rate,4,2,0.004449601232053747,0.9663155240660573,True,0.19184769586237244,0.5831377674869657,2,2.0,10.0,,1,1,5
sce3m_etg_run_0073,sce-3m,MarineMicro_MvsM_8_mirror,190,TrialState.COMPLETE,-1.8641060725709182,-4.885714285714286,0.4380952380952381,38.22921203819436,5.163540215112517,0.8709114946221871,105.0,completed,etg_only,C:\Users\Binich\PycharmProjects\PredictionRTS\output\learner_results\training_runs\run_0073\trials\trial_0190,random_beam,multi_step,5,12,win_rate,5,2,0.00381141140604981,0.9832947445333062,True,0.13351784449348408,0.5228111097651285,2,2.0,9.0,,1,1,5
sce3m_etg_run_0073,sce-3m,MarineMicro_MvsM_8_mirror,191,TrialState.COMPLETE,57.019303977544844,62.60176991150443,0.9911504424778761,14.46481224653781,3.241675123729246,0.9189581219067688,113.0,completed,etg_only,C:\Users\Binich\PycharmProjects\PredictionRTS\output\learner_results\training_runs\run_0073\trials\trial_0191,best_subtree_winrate,multi_step,5,13,win_rate,4,2,0.003999699133628307,0.9437920835228557,True,0.09291313108612177,0.5488709910954164,2,2.0,10.0,,1,1,5
sce3m_etg_run_0073,sce-3m,MarineMicro_MvsM_8_mirror,192,TrialState.COMPLETE,62.24838800590377,64.45631067961165,1.0,10.44149368014032,1.3701824696003082,0.9657454382599923,103.0,completed,etg_only,C:\Users\Binich\PycharmProjects\PredictionRTS\output\learner_results\training_runs\run_0073\trials\trial_0192,best_subtree_winrate,multi_step,5,13,win_rate,4,2,0.0036262393285539482,0.9668119898587129,True,0.11503549489614785,0.637669477167152,2,3.0,10.0,,1,1,5
sce3m_etg_run_0073,sce-3m,MarineMicro_MvsM_8_mirror,193,TrialState.COMPLETE,60.68300393386454,65.35714285714286,0.9910714285714286,11.752550743544647,2.5260866761976692,0.9368478330950583,112.0,completed,etg_only,C:\Users\Binich\PycharmProjects\PredictionRTS\output\learner_results\training_runs\run_0073\trials\trial_0193,best_subtree_winrate,multi_step,5,13,win_rate,4,2,0.003682868023003591,0.9751882454518733,True,0.11457599071885151,0.6338336199462922,2,2.0,10.0,,1,1,5
sce3m_etg_run_0073,sce-3m,MarineMicro_MvsM_8_mirror,194,TrialState.COMPLETE,59.23280546369135,62.642201834862384,1.0,11.244997204286015,2.1770603658912857,0.9455734908527178,109.0,completed,etg_only,C:\Users\Binich\PycharmProjects\PredictionRTS\output\learner_results\training_runs\run_0073\trials\trial_0194,best_subtree_winrate,multi_step,5,13,win_rate,4,2,0.004245436824185854,0.8731877207044617,True,0.08128083913548603,0.6046358613547298,2,1.0,10.0,,1,1,5
sce3m_etg_run_0073,sce-3m,MarineMicro_MvsM_8_mirror,195,TrialState.COMPLETE,62.4452543816274,64.73394495412845,1.0,8.737394276857577,1.4142135623730956,0.9646446609406726,109.0,completed,etg_only,C:\Users\Binich\PycharmProjects\PredictionRTS\output\learner_results\training_runs\run_0073\trials\trial_0195,best_subtree_winrate,multi_step,5,13,win_rate,4,2,0.005909177337558606,0.9497971967458129,True,0.15236056035985215,0.5802252381527089,2,1.0,10.0,,1,1,5
sce3m_etg_run_0073,sce-3m,MarineMicro_MvsM_8_mirror,196,TrialState.COMPLETE,60.602397446170286,63.66346153846154,1.0,11.438473016134122,1.9232784509789504,0.9519180387255263,104.0,completed,etg_only,C:\Users\Binich\PycharmProjects\PredictionRTS\output\learner_results\training_runs\run_0073\trials\trial_0196,best_subtree_winrate,multi_step,5,12,win_rate,4,2,0.005489168916373887,0.9995548623508415,True,0.21574290732115095,0.5890002967515838,2,1.0,10.0,,1,1,5
sce3m_etg_run_0073,sce-3m,MarineMicro_MvsM_8_mirror,197,TrialState.COMPLETE,59.361934148890384,63.371428571428574,1.0,10.841944249166788,2.5307899871746917,0.9367302503206327,105.0,completed,etg_only,C:\Users\Binich\PycharmProjects\PredictionRTS\output\learner_results\training_runs\run_0073\trials\trial_0197,best_subtree_winrate,multi_step,5,13,win_rate,4,2,0.09975611004617817,0.9363037978653588,True,0.15291663988342494,0.48826542824919983,2,3.0,10.0,,1,1,5
sce3m_etg_run_0073,sce-3m,MarineMicro_MvsM_8_mirror,198,TrialState.COMPLETE,55.471145266448616,60.83783783783784,0.9819819819819819,19.06817571386378,2.8593214662100044,0.9285169633447499,111.0,completed,etg_only,C:\Users\Binich\PycharmProjects\PredictionRTS\output\learner_results\training_runs\run_0073\trials\trial_0198,best_subtree_quality,multi_step,5,12,win_rate,3,2,0.006005247910848221,0.9499621789708579,True,0.13254555075684887,0.5506257854529354,2,1.0,10.0,,1,1,5
sce3m_etg_run_0073,sce-3m,MarineMicro_MvsM_8_mirror,199,TrialState.COMPLETE,-0.5455963796092983,-1.3269230769230769,0.5,38.44312540016153,7.10607334529448,0.822348166367638,104.0,completed,etg_only,C:\Users\Binich\PycharmProjects\PredictionRTS\output\learner_results\training_runs\run_0073\trials\trial_0199,best_subtree_winrate,multi_step,5,13,win_rate,4,2,0.007785564692547274,0.9327195906698023,True,0.2291110949143753,0.6345186388808528,2,0.0,9.0,,1,1,5
