(1, 1)	0	0.0
(1, 2)	1	0.0
(1, 3)	2	0.0
(2, 1)	3	0.0
(2, 2)	4	0.0
(2, 3)	5	0.0
(2, 4)	6	0.0
(3, 1)	7	0.0
(4, 1)	8	0.0
(5, 1)	9	0.0
(5, 2)	10	0.0
(6, 1)	11	0.0
(1, 4)	12	0.0
(7, 1)	13	0.0
(7, 2)	14	0.0
(7, 3)	15	0.0
(7, 4)	16	0.0
(8, 1)	17	0.0
(9, 1)	18	0.0
(9, 2)	19	0.0
(9, 3)	20	0.0
(10, 1)	21	0.0
(1, 5)	22	0.0
(1, 6)	23	0.0
(2, 5)	24	0.0
(2, 6)	25	0.0
(2, 7)	26	0.0
(2, 8)	27	0.0
(11, 1)	28	0.0
(12, 1)	29	0.0
(9, 4)	30	0.0
(9, 5)	31	0.0
(13, 1)	32	0.0
(14, 1)	33	0.0
(1, 7)	34	0.0
(1, 8)	35	0.0
(7, 5)	36	0.0
(11, 2)	37	0.0
(11, 3)	38	0.0
(11, 4)	39	0.0
(11, 5)	40	0.0
(12, 2)	41	0.0
(12, 3)	42	0.0
(15, 1)	43	0.0
(16, 1)	44	0.0
(1, 9)	45	0.0
(7, 6)	46	0.0
(7, 7)	47	0.0
(11, 6)	48	0.0
(9, 6)	49	0.0
(1, 10)	50	0.0
(11, 7)	51	0.0
(11, 8)	52	0.0
(11, 9)	53	0.0
(11, 10)	54	0.0
(11, 11)	55	0.0
(8, 2)	56	0.0
(8, 3)	57	0.0
(17, 1)	58	0.0
(7, 8)	59	0.0
(7, 9)	60	0.0
(11, 12)	61	0.0
(8, 4)	62	0.0
(9, 7)	63	0.0
(9, 8)	64	0.0
(1, 11)	65	0.0
(1, 12)	66	0.0
(11, 13)	67	0.0
(11, 14)	68	0.0
(11, 15)	69	0.0
(8, 5)	70	0.0
(8, 6)	71	0.0
(18, 1)	72	0.0
(1, 13)	73	0.0
(1, 14)	74	0.0
(11, 16)	75	0.0
(11, 17)	76	0.0
(11, 18)	77	0.0
(11, 19)	78	0.0
(9, 9)	79	0.0
(15, 2)	80	0.0
(19, 1)	81	0.0
(1, 15)	82	0.0
(1, 16)	83	0.0
(7, 10)	84	0.0
(7, 11)	85	0.0
(7, 12)	86	0.0
(7, 13)	87	0.0
(20, 1)	88	0.0
(20, 2)	89	0.0
(21, 1)	90	0.0
(22, 1)	91	0.0
(1, 17)	92	0.0
(1, 18)	93	0.0
(7, 14)	94	0.0
(7, 15)	95	0.0
(7, 16)	96	0.0
(7, 17)	97	0.0
(20, 3)	98	0.0
(20, 4)	99	0.0
(22, 2)	100	0.0
(1, 19)	101	0.0
(1, 20)	102	0.0
(1, 21)	103	0.0
(1, 22)	104	0.0
(1, 23)	105	0.0
(1, 24)	106	0.0
(1, 25)	107	0.0
(2, 9)	108	0.0
(18, 2)	109	0.0
(1, 26)	110	0.0
(1, 27)	111	0.0
(1, 28)	112	0.0
(7, 18)	113	0.0
(7, 19)	114	0.0
(7, 20)	115	0.0
(7, 21)	116	0.0
(21, 2)	117	0.0
(22, 3)	118	0.0
(1, 29)	119	0.0
(7, 22)	120	0.0
(7, 23)	121	0.0
(7, 24)	122	0.0
(11, 20)	123	0.0
(8, 7)	124	0.0
(18, 3)	125	0.0
(17, 2)	126	0.0
(1, 30)	127	0.0
(7, 25)	128	0.0
(7, 26)	129	0.0
(20, 5)	130	0.0
(21, 3)	131	0.0
(17, 3)	132	0.0
(1, 31)	133	0.0
(1, 32)	134	0.0
(7, 27)	135	0.0
(7, 28)	136	0.0
(20, 6)	137	0.0
(21, 4)	138	0.0
(7, 29)	139	0.0
(7, 30)	140	0.0
(20, 7)	141	0.0
(1, 33)	142	0.0
(7, 31)	143	0.0
(7, 32)	144	0.0
(7, 33)	145	0.0
(7, 34)	146	0.0
(1, 34)	147	0.0
(1, 35)	148	0.0
(1, 36)	149	0.0
(1, 37)	150	0.0
(2, 10)	151	0.0
(3, 2)	152	0.0
(9, 10)	153	0.0
(1, 38)	154	0.0
(1, 39)	155	0.0
(1, 40)	156	0.0
(1, 41)	157	0.0
(1, 42)	158	0.0
(2, 11)	159	0.0
(3, 3)	160	0.0
(1, 43)	161	0.0
(1, 44)	162	0.0
(1, 45)	163	0.0
(1, 46)	164	0.0
(1, 47)	165	0.0
(2, 12)	166	0.0
(11, 21)	167	0.0
(18, 4)	168	0.0
(1, 48)	169	0.0
(1, 49)	170	0.0
(2, 13)	171	0.0
(2, 14)	172	0.0
(2, 15)	173	0.0
(3, 4)	174	0.0
(9, 11)	175	0.0
(15, 3)	176	0.0
(15, 4)	177	0.0
(1, 50)	178	0.0
(1, 51)	179	0.0
(2, 16)	180	0.0
(2, 17)	181	0.0
(2, 18)	182	0.0
(3, 5)	183	0.0
(3, 6)	184	0.0
(9, 12)	185	0.0
(23, 1)	186	0.0
(1, 52)	187	0.0
(1, 53)	188	0.0
(3, 7)	189	0.0
(12, 4)	190	0.0
(1, 54)	191	0.0
(2, 19)	192	0.0
(2, 20)	193	0.0
(3, 8)	194	0.0
(12, 5)	195	0.0
(9, 13)	196	0.0
(1, 55)	197	0.0
(1, 56)	198	0.0
(1, 57)	199	0.0
(1, 58)	200	0.0
(2, 21)	201	0.0
(2, 22)	202	0.0
(8, 8)	203	0.0
(1, 59)	204	0.0
(1, 60)	205	0.0
(1, 61)	206	0.0
(3, 9)	207	0.0
(3, 10)	208	0.0
(10, 2)	209	0.0
(2, 23)	210	0.0
(2, 24)	211	0.0
(2, 25)	212	0.0
(3, 11)	213	0.0
(12, 6)	214	0.0
(9, 14)	215	0.0
(2, 26)	216	0.0
(3, 12)	217	0.0
(1, 62)	218	0.0
(2, 27)	219	0.0
(2, 28)	220	0.0
(2, 29)	221	0.0
(11, 22)	222	0.0
(11, 23)	223	0.0
(11, 24)	224	0.0
(11, 25)	225	0.0
(18, 5)	226	0.0
(18, 6)	227	0.0
(1, 63)	228	0.0
(1, 64)	229	0.0
(2, 30)	230	0.0
(11, 26)	231	0.0
(11, 27)	232	0.0
(11, 28)	233	0.0
(11, 29)	234	0.0
(11, 30)	235	0.0
(8, 9)	236	0.0
(18, 7)	237	0.0
(18, 8)	238	0.0
(7, 35)	239	0.0
(7, 36)	240	0.0
(7, 37)	241	0.0
(11, 31)	242	0.0
(11, 32)	243	0.0
(8, 10)	244	0.0
(8, 11)	245	0.0
(8, 12)	246	0.0
(1, 65)	247	0.0
(1, 66)	248	0.0
(1, 67)	249	0.0
(7, 38)	250	0.0
(7, 39)	251	0.0
(7, 40)	252	0.0
(20, 8)	253	0.0
(20, 9)	254	0.0
(21, 5)	255	0.0
(22, 4)	256	0.0
(1, 68)	257	0.0
(2, 31)	258	0.0
(11, 33)	259	0.0
(11, 34)	260	0.0
(11, 35)	261	0.0
(8, 13)	262	0.0
(8, 14)	263	0.0
(8, 15)	264	0.0
(18, 9)	265	0.0
(1, 69)	266	0.0
(11, 36)	267	0.0
(11, 37)	268	0.0
(11, 38)	269	0.0
(11, 39)	270	0.0
(11, 40)	271	0.0
(18, 10)	272	0.0
(18, 11)	273	0.0
(17, 4)	274	0.0
(1, 70)	275	0.0
(7, 41)	276	0.0
(7, 42)	277	0.0
(7, 43)	278	0.0
(7, 44)	279	0.0
(20, 10)	280	0.0
(20, 11)	281	0.0
(22, 5)	282	0.0
(1, 71)	283	0.0
(1, 72)	284	0.0
(1, 73)	285	0.0
(11, 41)	286	0.0
(11, 42)	287	0.0
(11, 43)	288	0.0
(8, 16)	289	0.0
(9, 15)	290	0.0
(1, 74)	291	0.0
(2, 32)	292	0.0
(2, 33)	293	0.0
(2, 34)	294	0.0
(3, 13)	295	0.0
(12, 7)	296	0.0
(12, 8)	297	0.0
(9, 16)	298	0.0
(7, 45)	299	0.0
(7, 46)	300	0.0
(7, 47)	301	0.0
(7, 48)	302	0.0
(20, 12)	303	0.0
(20, 13)	304	0.0
(21, 6)	305	0.0
(1, 75)	306	0.0
(1, 76)	307	0.0
(2, 35)	308	0.0
(2, 36)	309	0.0
(2, 37)	310	0.0
(11, 44)	311	0.0
(11, 45)	312	0.0
(8, 17)	313	0.0
(18, 12)	314	0.0
(1, 77)	315	0.0
(1, 78)	316	0.0
(7, 49)	317	0.0
(11, 46)	318	0.0
(11, 47)	319	0.0
(12, 9)	320	0.0
(9, 17)	321	0.0
(15, 5)	322	0.0
(15, 6)	323	0.0
(10, 3)	324	0.0
(2, 38)	325	0.0
(11, 48)	326	0.0
(11, 49)	327	0.0
(8, 18)	328	0.0
(8, 19)	329	0.0
(18, 13)	330	0.0
(1, 79)	331	0.0
(1, 80)	332	0.0
(7, 50)	333	0.0
(7, 51)	334	0.0
(11, 50)	335	0.0
(11, 51)	336	0.0
(11, 52)	337	0.0
(8, 20)	338	0.0
(8, 21)	339	0.0
(1, 81)	340	0.0
(7, 52)	341	0.0
(7, 53)	342	0.0
(7, 54)	343	0.0
(20, 14)	344	0.0
(20, 15)	345	0.0
(22, 6)	346	0.0
(1, 82)	347	0.0
(1, 83)	348	0.0
(1, 84)	349	0.0
(7, 55)	350	0.0
(11, 53)	351	0.0
(11, 54)	352	0.0
(11, 55)	353	0.0
(8, 22)	354	0.0
(1, 85)	355	0.0
(1, 86)	356	0.0
(1, 87)	357	0.0
(7, 56)	358	0.0
(11, 56)	359	0.0
(12, 10)	360	0.0
(15, 7)	361	0.0
(10, 4)	362	0.0
(1, 88)	363	0.0
(7, 57)	364	0.0
(7, 58)	365	0.0
(11, 57)	366	0.0
(11, 58)	367	0.0
(11, 59)	368	0.0
(8, 23)	369	0.0
(1, 89)	370	0.0
(1, 90)	371	0.0
(1, 91)	372	0.0
(7, 59)	373	0.0
(7, 60)	374	0.0
(11, 60)	375	0.0
(11, 61)	376	0.0
(11, 62)	377	0.0
(8, 24)	378	0.0
(18, 14)	379	0.0
(17, 5)	380	0.0
(1, 92)	381	0.0
(1, 93)	382	0.0
(1, 94)	383	0.0
(7, 61)	384	0.0
(7, 62)	385	0.0
(7, 63)	386	0.0
(20, 16)	387	0.0
(21, 7)	388	0.0
(22, 7)	389	0.0
(1, 95)	390	0.0
(1, 96)	391	0.0
(2, 39)	392	0.0
(2, 40)	393	0.0
(1, 97)	394	0.0
(1, 98)	395	0.0
(2, 41)	396	0.0
(4, 2)	397	0.0
(5, 3)	398	0.0
(6, 2)	399	0.0
(1, 99)	400	0.0
(1, 100)	401	0.0
(1, 101)	402	0.0
(2, 42)	403	0.0
(8, 25)	404	0.0
(15, 8)	405	0.0
(1, 102)	406	0.0
(1, 103)	407	0.0
(1, 104)	408	0.0
(2, 43)	409	0.0
(3, 14)	410	0.0
(3, 15)	411	0.0
(5, 4)	412	0.0
(13, 2)	413	0.0
(2, 44)	414	0.0
(3, 16)	415	0.0
(5, 5)	416	0.0
(1, 105)	417	0.0
(1, 106)	418	0.0
(1, 107)	419	0.0
(2, 45)	420	0.0
(1, 108)	421	0.0
(2, 46)	422	0.0
(9, 18)	423	0.0
(1, 109)	424	0.0
(2, 47)	425	0.0
(2, 48)	426	0.0
(3, 17)	427	0.0
(11, 63)	428	0.0
(9, 19)	429	0.0
(9, 20)	430	0.0
(11, 64)	431	0.0
(11, 65)	432	0.0
(11, 66)	433	0.0
(8, 26)	434	0.0
(1, 110)	435	0.0
(11, 67)	436	0.0
(12, 11)	437	0.0
(12, 12)	438	0.0
(9, 21)	439	0.0
(9, 22)	440	0.0
(19, 2)	441	0.0
(19, 3)	442	0.0
(11, 68)	443	0.0
(11, 69)	444	0.0
(11, 70)	445	0.0
(1, 111)	446	0.0
(2, 49)	447	0.0
(2, 50)	448	0.0
(11, 71)	449	0.0
(11, 72)	450	0.0
(11, 73)	451	0.0
(11, 74)	452	0.0
(8, 27)	453	0.0
(1, 112)	454	0.0
(11, 75)	455	0.0
(11, 76)	456	0.0
(11, 77)	457	0.0
(12, 13)	458	0.0
(9, 23)	459	0.0
(9, 24)	460	0.0
(1, 113)	461	0.0
(7, 64)	462	0.0
(7, 65)	463	0.0
(7, 66)	464	0.0
(11, 78)	465	0.0
(11, 79)	466	0.0
(8, 28)	467	0.0
(1, 114)	468	0.0
(11, 80)	469	0.0
(11, 81)	470	0.0
(11, 82)	471	0.0
(11, 83)	472	0.0
(11, 84)	473	0.0
(12, 14)	474	0.0
(2, 51)	475	0.0
(11, 85)	476	0.0
(11, 86)	477	0.0
(11, 87)	478	0.0
(9, 25)	479	0.0
(9, 26)	480	0.0
(13, 3)	481	0.0
(7, 67)	482	0.0
(7, 68)	483	0.0
(7, 69)	484	0.0
(20, 17)	485	0.0
(8, 29)	486	0.0
(8, 30)	487	0.0
(15, 9)	488	0.0
(1, 115)	489	0.0
(2, 52)	490	0.0
(2, 53)	491	0.0
(11, 88)	492	0.0
(12, 15)	493	0.0
(9, 27)	494	0.0
(9, 28)	495	0.0
(15, 10)	496	0.0
(1, 116)	497	0.0
(1, 117)	498	0.0
(1, 118)	499	0.0
(1, 119)	500	0.0
(7, 70)	501	0.0
(7, 71)	502	0.0
(20, 18)	503	0.0
(8, 31)	504	0.0
(1, 120)	505	0.0
(1, 121)	506	0.0
(2, 54)	507	0.0
(11, 89)	508	0.0
(12, 16)	509	0.0
(13, 4)	510	0.0
(1, 122)	511	0.0
(7, 72)	512	0.0
(7, 73)	513	0.0
(7, 74)	514	0.0
(7, 75)	515	0.0
(20, 19)	516	0.0
(9, 29)	517	0.0
(1, 123)	518	0.0
(1, 124)	519	0.0
(1, 125)	520	0.0
(7, 76)	521	0.0
(7, 77)	522	0.0
(7, 78)	523	0.0
(7, 79)	524	0.0
(7, 80)	525	0.0
(20, 20)	526	0.0
(11, 90)	527	0.0
(9, 30)	528	0.0
(9, 31)	529	0.0
(9, 32)	530	0.0
(15, 11)	531	0.0
(19, 4)	532	0.0
(16, 2)	533	0.0
(7, 81)	534	0.0
(7, 82)	535	0.0
(7, 83)	536	0.0
(20, 21)	537	0.0
(17, 6)	538	0.0
(2, 55)	539	0.0
(11, 91)	540	0.0
(11, 92)	541	0.0
(12, 17)	542	0.0
(9, 33)	543	0.0
(13, 5)	544	0.0
(1, 126)	545	0.0
(1, 127)	546	0.0
(7, 84)	547	0.0
(7, 85)	548	0.0
(8, 32)	549	0.0
(15, 12)	550	0.0
(1, 128)	551	0.0
(2, 56)	552	0.0
(11, 93)	553	0.0
(11, 94)	554	0.0
(12, 18)	555	0.0
(12, 19)	556	0.0
(7, 86)	557	0.0
(11, 95)	558	0.0
(11, 96)	559	0.0
(11, 97)	560	0.0
(17, 7)	561	0.0
(1, 129)	562	0.0
(7, 87)	563	0.0
(7, 88)	564	0.0
(7, 89)	565	0.0
(11, 98)	566	0.0
(8, 33)	567	0.0
(8, 34)	568	0.0
(1, 130)	569	0.0
(7, 90)	570	0.0
(11, 99)	571	0.0
(11, 100)	572	0.0
(12, 20)	573	0.0
(12, 21)	574	0.0
(11, 101)	575	0.0
(11, 102)	576	0.0
(11, 103)	577	0.0
(12, 22)	578	0.0
(9, 34)	579	0.0
(2, 57)	580	0.0
(2, 58)	581	0.0
(2, 59)	582	0.0
(2, 60)	583	0.0
(3, 18)	584	0.0
(1, 131)	585	0.0
(11, 104)	586	0.0
(11, 105)	587	0.0
(18, 15)	588	0.0
(1, 132)	589	0.0
(7, 91)	590	0.0
(11, 106)	591	0.0
(11, 107)	592	0.0
(11, 108)	593	0.0
(11, 109)	594	0.0
(1, 133)	595	0.0
(11, 110)	596	0.0
(11, 111)	597	0.0
(11, 112)	598	0.0
(11, 113)	599	0.0
(8, 35)	600	0.0
(7, 92)	601	0.0
(11, 114)	602	0.0
(8, 36)	603	0.0
(8, 37)	604	0.0
(9, 35)	605	0.0
(15, 13)	606	0.0
(10, 5)	607	0.0
(1, 134)	608	0.0
(1, 135)	609	0.0
(11, 115)	610	0.0
(11, 116)	611	0.0
(1, 136)	612	0.0
(1, 137)	613	0.0
(1, 138)	614	0.0
(1, 139)	615	0.0
(1, 140)	616	0.0
(22, 8)	617	0.0
(1, 141)	618	0.0
(1, 142)	619	0.0
(1, 143)	620	0.0
(1, 144)	621	0.0
(1, 145)	622	0.0
(22, 9)	623	0.0
(1, 146)	624	0.0
(2, 61)	625	0.0
(2, 62)	626	0.0
(2, 63)	627	0.0
(8, 38)	628	0.0
(18, 16)	629	0.0
(17, 8)	630	0.0
(1, 147)	631	0.0
(1, 148)	632	0.0
(18, 17)	633	0.0
(17, 9)	634	0.0
(1, 149)	635	0.0
(1, 150)	636	0.0
(1, 151)	637	0.0
(1, 152)	638	0.0
(22, 10)	639	0.0
(2, 64)	640	0.0
(2, 65)	641	0.0
(18, 18)	642	0.0
(17, 10)	643	0.0
(7, 93)	644	0.0
(1, 153)	645	0.0
(1, 154)	646	0.0
(1, 155)	647	0.0
(1, 156)	648	0.0
(22, 11)	649	0.0
(1, 157)	650	0.0
(1, 158)	651	0.0
(1, 159)	652	0.0
(1, 160)	653	0.0
(22, 12)	654	0.0
(1, 161)	655	0.0
(1, 162)	656	0.0
(1, 163)	657	0.0
(1, 164)	658	0.0
(21, 8)	659	0.0
(22, 13)	660	0.0
(1, 165)	661	0.0
(7, 94)	662	0.0
(11, 117)	663	0.0
(1, 166)	664	0.0
(1, 167)	665	0.0
(1, 168)	666	0.0
(2, 66)	667	0.0
(11, 118)	668	0.0
(11, 119)	669	0.0
(11, 120)	670	0.0
(12, 23)	671	0.0
(9, 36)	672	0.0
(11, 121)	673	0.0
(11, 122)	674	0.0
(11, 123)	675	0.0
(11, 124)	676	0.0
(8, 39)	677	0.0
(1, 169)	678	0.0
(1, 170)	679	0.0
(1, 171)	680	0.0
(11, 125)	681	0.0
(8, 40)	682	0.0
(8, 41)	683	0.0
(1, 172)	684	0.0
(1, 173)	685	0.0
(2, 67)	686	0.0
(2, 68)	687	0.0
(11, 126)	688	0.0
(11, 127)	689	0.0
(15, 14)	690	0.0
(15, 15)	691	0.0
(1, 174)	692	0.0
(1, 175)	693	0.0
(1, 176)	694	0.0
(11, 128)	695	0.0
(11, 129)	696	0.0
(11, 130)	697	0.0
(8, 42)	698	0.0
(18, 19)	699	0.0
(1, 177)	700	0.0
(1, 178)	701	0.0
(11, 131)	702	0.0
(11, 132)	703	0.0
(8, 43)	704	0.0
(8, 44)	705	0.0
(18, 20)	706	0.0
(1, 179)	707	0.0
(11, 133)	708	0.0
(8, 45)	709	0.0
(9, 37)	710	0.0
(1, 180)	711	0.0
(1, 181)	712	0.0
(11, 134)	713	0.0
(11, 135)	714	0.0
(11, 136)	715	0.0
(11, 137)	716	0.0
(9, 38)	717	0.0
(15, 16)	718	0.0
(1, 182)	719	0.0
(1, 183)	720	0.0
(11, 138)	721	0.0
(11, 139)	722	0.0
(11, 140)	723	0.0
(12, 24)	724	0.0
(12, 25)	725	0.0
(1, 184)	726	0.0
(1, 185)	727	0.0
(11, 141)	728	0.0
(11, 142)	729	0.0
(11, 143)	730	0.0
(11, 144)	731	0.0
(8, 46)	732	0.0
(18, 21)	733	0.0
(15, 17)	734	0.0
(1, 186)	735	0.0
(11, 145)	736	0.0
(11, 146)	737	0.0
(11, 147)	738	0.0
(8, 47)	739	0.0
(1, 187)	740	0.0
(11, 148)	741	0.0
(11, 149)	742	0.0
(8, 48)	743	0.0
(1, 188)	744	0.0
(1, 189)	745	0.0
(11, 150)	746	0.0
(11, 151)	747	0.0
(18, 22)	748	0.0
(11, 152)	749	0.0
(11, 153)	750	0.0
(11, 154)	751	0.0
(8, 49)	752	0.0
(18, 23)	753	0.0
(15, 18)	754	0.0
(7, 95)	755	0.0
(20, 22)	756	0.0
(20, 23)	757	0.0
(22, 14)	758	0.0
(1, 190)	759	0.0
(1, 191)	760	0.0
(2, 69)	761	0.0
(2, 70)	762	0.0
(11, 155)	763	0.0
(11, 156)	764	0.0
(8, 50)	765	0.0
(1, 192)	766	0.0
(11, 157)	767	0.0
(11, 158)	768	0.0
(11, 159)	769	0.0
(18, 24)	770	0.0
(1, 193)	771	0.0
(2, 71)	772	0.0
(2, 72)	773	0.0
(11, 160)	774	0.0
(1, 194)	775	0.0
(7, 96)	776	0.0
(7, 97)	777	0.0
(7, 98)	778	0.0
(7, 99)	779	0.0
(20, 24)	780	0.0
(20, 25)	781	0.0
(7, 100)	782	0.0
(7, 101)	783	0.0
(20, 26)	784	0.0
(20, 27)	785	0.0
(8, 51)	786	0.0
(18, 25)	787	0.0
(1, 195)	788	0.0
(1, 196)	789	0.0
(1, 197)	790	0.0
(7, 102)	791	0.0
(7, 103)	792	0.0
(7, 104)	793	0.0
(18, 26)	794	0.0
(7, 105)	795	0.0
(7, 106)	796	0.0
(7, 107)	797	0.0
(1, 198)	798	0.0
(1, 199)	799	0.0
(17, 11)	800	0.0
(1, 200)	801	0.0
(1, 201)	802	0.0
(7, 108)	803	0.0
(20, 28)	804	0.0
(20, 29)	805	0.0
(20, 30)	806	0.0
(18, 27)	807	0.0
(1, 202)	808	0.0
(1, 203)	809	0.0
(7, 109)	810	0.0
(7, 110)	811	0.0
(20, 31)	812	0.0
(18, 28)	813	0.0
(1, 204)	814	0.0
(7, 111)	815	0.0
(11, 161)	816	0.0
(7, 112)	817	0.0
(7, 113)	818	0.0
(7, 114)	819	0.0
(20, 32)	820	0.0
(18, 29)	821	0.0
(7, 115)	822	0.0
(7, 116)	823	0.0
(7, 117)	824	0.0
(1, 205)	825	0.0
(1, 206)	826	0.0
(2, 73)	827	0.0
(2, 74)	828	0.0
(2, 75)	829	0.0
(1, 207)	830	0.0
(1, 208)	831	0.0
(7, 118)	832	0.0
(7, 119)	833	0.0
(11, 162)	834	0.0
(8, 52)	835	0.0
(8, 53)	836	0.0
(17, 12)	837	0.0
(1, 209)	838	0.0
(7, 120)	839	0.0
(7, 121)	840	0.0
(7, 122)	841	0.0
(20, 33)	842	0.0
(21, 9)	843	0.0
(7, 123)	844	0.0
(7, 124)	845	0.0
(11, 163)	846	0.0
(11, 164)	847	0.0
(18, 30)	848	0.0
(1, 210)	849	0.0
(7, 125)	850	0.0
(7, 126)	851	0.0
(7, 127)	852	0.0
(11, 165)	853	0.0
(11, 166)	854	0.0
(18, 31)	855	0.0
(1, 211)	856	0.0
(1, 212)	857	0.0
(7, 128)	858	0.0
(20, 34)	859	0.0
(8, 54)	860	0.0
(7, 129)	861	0.0
(7, 130)	862	0.0
(11, 167)	863	0.0
(11, 168)	864	0.0
(1, 213)	865	0.0
(1, 214)	866	0.0
(2, 76)	867	0.0
(2, 77)	868	0.0
(2, 78)	869	0.0
(11, 169)	870	0.0
(1, 215)	871	0.0
(1, 216)	872	0.0
(1, 217)	873	0.0
(7, 131)	874	0.0
(7, 132)	875	0.0
(11, 170)	876	0.0
(8, 55)	877	0.0
(8, 56)	878	0.0
(7, 133)	879	0.0
(11, 171)	880	0.0
(8, 57)	881	0.0
(1, 218)	882	0.0
(2, 79)	883	0.0
(11, 172)	884	0.0
(12, 26)	885	0.0
(12, 27)	886	0.0
(9, 39)	887	0.0
(13, 6)	888	0.0
(13, 7)	889	0.0
(14, 2)	890	0.0
(1, 219)	891	0.0
(7, 134)	892	0.0
(11, 173)	893	0.0
(12, 28)	894	0.0
(12, 29)	895	0.0
(5, 6)	896	0.0
(1, 220)	897	0.0
(11, 174)	898	0.0
(12, 30)	899	0.0
(12, 31)	900	0.0
(1, 221)	901	0.0
(1, 222)	902	0.0
(11, 175)	903	0.0
(12, 32)	904	0.0
(15, 19)	905	0.0
(11, 176)	906	0.0
(11, 177)	907	0.0
(11, 178)	908	0.0
(11, 179)	909	0.0
(12, 33)	910	0.0
(5, 7)	911	0.0
(11, 180)	912	0.0
(11, 181)	913	0.0
(12, 34)	914	0.0
(12, 35)	915	0.0
(5, 8)	916	0.0
(11, 182)	917	0.0
(12, 36)	918	0.0
(12, 37)	919	0.0
(1, 223)	920	0.0
(1, 224)	921	0.0
(12, 38)	922	0.0
(9, 40)	923	0.0
(9, 41)	924	0.0
(1, 225)	925	0.0
(7, 135)	926	0.0
(7, 136)	927	0.0
(12, 39)	928	0.0
(9, 42)	929	0.0
(1, 226)	930	0.0
(1, 227)	931	0.0
(1, 228)	932	0.0
(7, 137)	933	0.0
(11, 183)	934	0.0
(11, 184)	935	0.0
(9, 43)	936	0.0
(10, 6)	937	0.0
(1, 229)	938	0.0
(1, 230)	939	0.0
(1, 231)	940	0.0
(11, 185)	941	0.0
(12, 40)	942	0.0
(12, 41)	943	0.0
(1, 232)	944	0.0
(1, 233)	945	0.0
(1, 234)	946	0.0
(7, 138)	947	0.0
(11, 186)	948	0.0
(9, 44)	949	0.0
(1, 235)	950	0.0
(7, 139)	951	0.0
(7, 140)	952	0.0
(9, 45)	953	0.0
(1, 236)	954	0.0
(8, 58)	955	0.0
(18, 32)	956	0.0
(1, 237)	957	0.0
(7, 141)	958	0.0
(11, 187)	959	0.0
(11, 188)	960	0.0
(8, 59)	961	0.0
(1, 238)	962	0.0
(7, 142)	963	0.0
(11, 189)	964	0.0
(11, 190)	965	0.0
(9, 46)	966	0.0
(7, 143)	967	0.0
(7, 144)	968	0.0
(11, 191)	969	0.0
(8, 60)	970	0.0
(7, 145)	971	0.0
(11, 192)	972	0.0
(7, 146)	973	0.0
(7, 147)	974	0.0
(8, 61)	975	0.0
(18, 33)	976	0.0
(1, 239)	977	0.0
(1, 240)	978	0.0
(1, 241)	979	0.0
(1, 242)	980	0.0
(7, 148)	981	0.0
(7, 149)	982	0.0
(12, 42)	983	0.0
(1, 243)	984	0.0
(7, 150)	985	0.0
(7, 151)	986	0.0
(7, 152)	987	0.0
(11, 193)	988	0.0
(11, 194)	989	0.0
(1, 244)	990	0.0
(1, 245)	991	0.0
(1, 246)	992	0.0
(7, 153)	993	0.0
(7, 154)	994	0.0
(1, 247)	995	0.0
(7, 155)	996	0.0
(7, 156)	997	0.0
(7, 157)	998	0.0
(11, 195)	999	0.0
(8, 62)	1000	0.0
(1, 248)	1001	0.0
(1, 249)	1002	0.0
(7, 158)	1003	0.0
(7, 159)	1004	0.0
(11, 196)	1005	0.0
(12, 43)	1006	0.0
(12, 44)	1007	0.0
(13, 8)	1008	0.0
(1, 250)	1009	0.0
(1, 251)	1010	0.0
(1, 252)	1011	0.0
(7, 160)	1012	0.0
(7, 161)	1013	0.0
(9, 47)	1014	0.0
(9, 48)	1015	0.0
(1, 253)	1016	0.0
(1, 254)	1017	0.0
(7, 162)	1018	0.0
(7, 163)	1019	0.0
(7, 164)	1020	0.0
(7, 165)	1021	0.0
(7, 166)	1022	0.0
(11, 197)	1023	0.0
(9, 49)	1024	0.0
(1, 255)	1025	0.0
(7, 167)	1026	0.0
(7, 168)	1027	0.0
(7, 169)	1028	0.0
(9, 50)	1029	0.0
(9, 51)	1030	0.0
(1, 256)	1031	0.0
(1, 257)	1032	0.0
(12, 45)	1033	0.0
(1, 258)	1034	0.0
(7, 170)	1035	0.0
(11, 198)	1036	0.0
(9, 52)	1037	0.0
(9, 53)	1038	0.0
(1, 259)	1039	0.0
(1, 260)	1040	0.0
(1, 261)	1041	0.0
(7, 171)	1042	0.0
(11, 199)	1043	0.0
(1, 262)	1044	0.0
(2, 80)	1045	0.0
(11, 200)	1046	0.0
(9, 54)	1047	0.0
(1, 263)	1048	0.0
(1, 264)	1049	0.0
(7, 172)	1050	0.0
(11, 201)	1051	0.0
(1, 265)	1052	0.0
(7, 173)	1053	0.0
(7, 174)	1054	0.0
(12, 46)	1055	0.0
(12, 47)	1056	0.0
(12, 48)	1057	0.0
(9, 55)	1058	0.0
(1, 266)	1059	0.0
(11, 202)	1060	0.0
(11, 203)	1061	0.0
(12, 49)	1062	0.0
(9, 56)	1063	0.0
(13, 9)	1064	0.0
(13, 10)	1065	0.0
(14, 3)	1066	0.0
(1, 267)	1067	0.0
(11, 204)	1068	0.0
(11, 205)	1069	0.0
(9, 57)	1070	0.0
(2, 81)	1071	0.0
(11, 206)	1072	0.0
(11, 207)	1073	0.0
(18, 34)	1074	0.0
(1, 268)	1075	0.0
(7, 175)	1076	0.0
(7, 176)	1077	0.0
(7, 177)	1078	0.0
(7, 178)	1079	0.0
(7, 179)	1080	0.0
(7, 180)	1081	0.0
(7, 181)	1082	0.0
(21, 10)	1083	0.0
(22, 15)	1084	0.0
(1, 269)	1085	0.0
(1, 270)	1086	0.0
(1, 271)	1087	0.0
(7, 182)	1088	0.0
(7, 183)	1089	0.0
(7, 184)	1090	0.0
(7, 185)	1091	0.0
(7, 186)	1092	0.0
(7, 187)	1093	0.0
(8, 63)	1094	0.0
(18, 35)	1095	0.0
(1, 272)	1096	0.0
(7, 188)	1097	0.0
(7, 189)	1098	0.0
(7, 190)	1099	0.0
(7, 191)	1100	0.0
(7, 192)	1101	0.0
(20, 35)	1102	0.0
(21, 11)	1103	0.0
(22, 16)	1104	0.0
(1, 273)	1105	0.0
(7, 193)	1106	0.0
(7, 194)	1107	0.0
(20, 36)	1108	0.0
(22, 17)	1109	0.0
(1, 274)	1110	0.0
(7, 195)	1111	0.0
(7, 196)	1112	0.0
(7, 197)	1113	0.0
(20, 37)	1114	0.0
(1, 275)	1115	0.0
(7, 198)	1116	0.0
(7, 199)	1117	0.0
(7, 200)	1118	0.0
(7, 201)	1119	0.0
(7, 202)	1120	0.0
(1, 276)	1121	0.0
(7, 203)	1122	0.0
(7, 204)	1123	0.0
(7, 205)	1124	0.0
(20, 38)	1125	0.0
(21, 12)	1126	0.0
(1, 277)	1127	0.0
(7, 206)	1128	0.0
(20, 39)	1129	0.0
(1, 278)	1130	0.0
(7, 207)	1131	0.0
(7, 208)	1132	0.0
(7, 209)	1133	0.0
(7, 210)	1134	0.0
(20, 40)	1135	0.0
(7, 211)	1136	0.0
(7, 212)	1137	0.0
(7, 213)	1138	0.0
(20, 41)	1139	0.0
(8, 64)	1140	0.0
(17, 13)	1141	0.0
(1, 279)	1142	0.0
(1, 280)	1143	0.0
(1, 281)	1144	0.0
(7, 214)	1145	0.0
(7, 215)	1146	0.0
(11, 208)	1147	0.0
(17, 14)	1148	0.0
(7, 216)	1149	0.0
(7, 217)	1150	0.0
(11, 209)	1151	0.0
(7, 218)	1152	0.0
(7, 219)	1153	0.0
(7, 220)	1154	0.0
(8, 65)	1155	0.0
(17, 15)	1156	0.0
(20, 42)	1157	0.0
(8, 66)	1158	0.0
(18, 36)	1159	0.0
(17, 16)	1160	0.0
(1, 282)	1161	0.0
(1, 283)	1162	0.0
(11, 210)	1163	0.0
(7, 221)	1164	0.0
(7, 222)	1165	0.0
(8, 67)	1166	0.0
(8, 68)	1167	0.0
(1, 284)	1168	0.0
(7, 223)	1169	0.0
(11, 211)	1170	0.0
(8, 69)	1171	0.0
(1, 285)	1172	0.0
(7, 224)	1173	0.0
(18, 37)	1174	0.0
(7, 225)	1175	0.0
(7, 226)	1176	0.0
(11, 212)	1177	0.0
(1, 286)	1178	0.0
(7, 227)	1179	0.0
(11, 213)	1180	0.0
(11, 214)	1181	0.0
(11, 215)	1182	0.0
(12, 50)	1183	0.0
(7, 228)	1184	0.0
(7, 229)	1185	0.0
(7, 230)	1186	0.0
(11, 216)	1187	0.0
(11, 217)	1188	0.0
(8, 70)	1189	0.0
(1, 287)	1190	0.0
(1, 288)	1191	0.0
(7, 231)	1192	0.0
(11, 218)	1193	0.0
(9, 58)	1194	0.0
(1, 289)	1195	0.0
(7, 232)	1196	0.0
(7, 233)	1197	0.0
(11, 219)	1198	0.0
(1, 290)	1199	0.0
(7, 234)	1200	0.0
(7, 235)	1201	0.0
(11, 220)	1202	0.0
(11, 221)	1203	0.0
(12, 51)	1204	0.0
(1, 291)	1205	0.0
(1, 292)	1206	0.0
(11, 222)	1207	0.0
(11, 223)	1208	0.0
(12, 52)	1209	0.0
(12, 53)	1210	0.0
(1, 293)	1211	0.0
(1, 294)	1212	0.0
(7, 236)	1213	0.0
(12, 54)	1214	0.0
(12, 55)	1215	0.0
(9, 59)	1216	0.0
(7, 237)	1217	0.0
(11, 224)	1218	0.0
(8, 71)	1219	0.0
(1, 295)	1220	0.0
(7, 238)	1221	0.0
(7, 239)	1222	0.0
(11, 225)	1223	0.0
(1, 296)	1224	0.0
(7, 240)	1225	0.0
(7, 241)	1226	0.0
(7, 242)	1227	0.0
(11, 226)	1228	0.0
(11, 227)	1229	0.0
(12, 56)	1230	0.0
(11, 228)	1231	0.0
(8, 72)	1232	0.0
(7, 243)	1233	0.0
(11, 229)	1234	0.0
(12, 57)	1235	0.0
(1, 297)	1236	0.0
(1, 298)	1237	0.0
(7, 244)	1238	0.0
(11, 230)	1239	0.0
(12, 58)	1240	0.0
(1, 299)	1241	0.0
(1, 300)	1242	0.0
(1, 301)	1243	0.0
(7, 245)	1244	0.0
(20, 43)	1245	0.0
(18, 38)	1246	0.0
(1, 302)	1247	0.0
(1, 303)	1248	0.0
(2, 82)	1249	0.0
(2, 83)	1250	0.0
(3, 19)	1251	0.0
(3, 20)	1252	0.0
(4, 3)	1253	0.0
(5, 9)	1254	0.0
(6, 3)	1255	0.0
(1, 304)	1256	0.0
(7, 246)	1257	0.0
(7, 247)	1258	0.0
(7, 248)	1259	0.0
(20, 44)	1260	0.0
(8, 73)	1261	0.0
(1, 305)	1262	0.0
(7, 249)	1263	0.0
(7, 250)	1264	0.0
(11, 231)	1265	0.0
(7, 251)	1266	0.0
(12, 59)	1267	0.0
(5, 10)	1268	0.0
(5, 11)	1269	0.0
(1, 306)	1270	0.0
(7, 252)	1271	0.0
(7, 253)	1272	0.0
(11, 232)	1273	0.0
(12, 60)	1274	0.0
(1, 307)	1275	0.0
(1, 308)	1276	0.0
(7, 254)	1277	0.0
(7, 255)	1278	0.0
(7, 256)	1279	0.0
(20, 45)	1280	0.0
(8, 74)	1281	0.0
(1, 309)	1282	0.0
(1, 310)	1283	0.0
(1, 311)	1284	0.0
(11, 233)	1285	0.0
(11, 234)	1286	0.0
(11, 235)	1287	0.0
(11, 236)	1288	0.0
(13, 11)	1289	0.0
(1, 312)	1290	0.0
(1, 313)	1291	0.0
(2, 84)	1292	0.0
(2, 85)	1293	0.0
(3, 21)	1294	0.0
(3, 22)	1295	0.0
(1, 314)	1296	0.0
(7, 257)	1297	0.0
(7, 258)	1298	0.0
(7, 259)	1299	0.0
(7, 260)	1300	0.0
(1, 315)	1301	0.0
(1, 316)	1302	0.0
(7, 261)	1303	0.0
(7, 262)	1304	0.0
(7, 263)	1305	0.0
(11, 237)	1306	0.0
(9, 60)	1307	0.0
(1, 317)	1308	0.0
(1, 318)	1309	0.0
(1, 319)	1310	0.0
(1, 320)	1311	0.0
(1, 321)	1312	0.0
(7, 264)	1313	0.0
(7, 265)	1314	0.0
(7, 266)	1315	0.0
(7, 267)	1316	0.0
(20, 46)	1317	0.0
(9, 61)	1318	0.0
(10, 7)	1319	0.0
(9, 62)	1320	0.0
(1, 322)	1321	0.0
(7, 268)	1322	0.0
(11, 238)	1323	0.0
(12, 61)	1324	0.0
(9, 63)	1325	0.0
(7, 269)	1326	0.0
(9, 64)	1327	0.0
(7, 270)	1328	0.0
(11, 239)	1329	0.0
(8, 75)	1330	0.0
(8, 76)	1331	0.0
(1, 323)	1332	0.0
(7, 271)	1333	0.0
(7, 272)	1334	0.0
(11, 240)	1335	0.0
(11, 241)	1336	0.0
(12, 62)	1337	0.0
(1, 324)	1338	0.0
(7, 273)	1339	0.0
(11, 242)	1340	0.0
(11, 243)	1341	0.0
(8, 77)	1342	0.0
(8, 78)	1343	0.0
(1, 325)	1344	0.0
(1, 326)	1345	0.0
(2, 86)	1346	0.0
(11, 244)	1347	0.0
(11, 245)	1348	0.0
(9, 65)	1349	0.0
(1, 327)	1350	0.0
(11, 246)	1351	0.0
(11, 247)	1352	0.0
(12, 63)	1353	0.0
(11, 248)	1354	0.0
(11, 249)	1355	0.0
(12, 64)	1356	0.0
(9, 66)	1357	0.0
(13, 12)	1358	0.0
(7, 274)	1359	0.0
(8, 79)	1360	0.0
(9, 67)	1361	0.0
(9, 68)	1362	0.0
(9, 69)	1363	0.0
(7, 275)	1364	0.0
(7, 276)	1365	0.0
(1, 328)	1366	0.0
(7, 277)	1367	0.0
(7, 278)	1368	0.0
(7, 279)	1369	0.0
(7, 280)	1370	0.0
(20, 47)	1371	0.0
(20, 48)	1372	0.0
(1, 329)	1373	0.0
(1, 330)	1374	0.0
(7, 281)	1375	0.0
(8, 80)	1376	0.0
(10, 8)	1377	0.0
(1, 331)	1378	0.0
(1, 332)	1379	0.0
(7, 282)	1380	0.0
(7, 283)	1381	0.0
(7, 284)	1382	0.0
(7, 285)	1383	0.0
(7, 286)	1384	0.0
(7, 287)	1385	0.0
(1, 333)	1386	0.0
(20, 49)	1387	0.0
(12, 65)	1388	0.0
(9, 70)	1389	0.0
(15, 20)	1390	0.0
(1, 334)	1391	0.0
(7, 288)	1392	0.0
(7, 289)	1393	0.0
(7, 290)	1394	0.0
(7, 291)	1395	0.0
(1, 335)	1396	0.0
(1, 336)	1397	0.0
(7, 292)	1398	0.0
(7, 293)	1399	0.0
(7, 294)	1400	0.0
(7, 295)	1401	0.0
(20, 50)	1402	0.0
(21, 13)	1403	0.0
(21, 14)	1404	0.0
(22, 18)	1405	0.0
(7, 296)	1406	0.0
(7, 297)	1407	0.0
(7, 298)	1408	0.0
(20, 51)	1409	0.0
(7, 299)	1410	0.0
(11, 250)	1411	0.0
(11, 251)	1412	0.0
(8, 81)	1413	0.0
(8, 82)	1414	0.0
(7, 300)	1415	0.0
(7, 301)	1416	0.0
(7, 302)	1417	0.0
(1, 337)	1418	0.0
(1, 338)	1419	0.0
(2, 87)	1420	0.0
(11, 252)	1421	0.0
(11, 253)	1422	0.0
(12, 66)	1423	0.0
(12, 67)	1424	0.0
(13, 13)	1425	0.0
(1, 339)	1426	0.0
(1, 340)	1427	0.0
(11, 254)	1428	0.0
(12, 68)	1429	0.0
(12, 69)	1430	0.0
(1, 341)	1431	0.0
(11, 255)	1432	0.0
(11, 256)	1433	0.0
(7, 303)	1434	0.0
(11, 257)	1435	0.0
(11, 258)	1436	0.0
(12, 70)	1437	0.0
(13, 14)	1438	0.0
(1, 342)	1439	0.0
(1, 343)	1440	0.0
(11, 259)	1441	0.0
(11, 260)	1442	0.0
(11, 261)	1443	0.0
(1, 344)	1444	0.0
(1, 345)	1445	0.0
(2, 88)	1446	0.0
(12, 71)	1447	0.0
(5, 12)	1448	0.0
(13, 15)	1449	0.0
(13, 16)	1450	0.0
(1, 346)	1451	0.0
(3, 23)	1452	0.0
(12, 72)	1453	0.0
(12, 73)	1454	0.0
(12, 74)	1455	0.0
(5, 13)	1456	0.0
(6, 4)	1457	0.0
(1, 347)	1458	0.0
(7, 304)	1459	0.0
(1, 348)	1460	0.0
(11, 262)	1461	0.0
(5, 14)	1462	0.0
(5, 15)	1463	0.0
(7, 305)	1464	0.0
(7, 306)	1465	0.0
(12, 75)	1466	0.0
(9, 71)	1467	0.0
(19, 5)	1468	0.0
(2, 89)	1469	0.0
(11, 263)	1470	0.0
(11, 264)	1471	0.0
(11, 265)	1472	0.0
(8, 83)	1473	0.0
(18, 39)	1474	0.0
(15, 21)	1475	0.0
(12, 76)	1476	0.0
(12, 77)	1477	0.0
(12, 78)	1478	0.0
(11, 266)	1479	0.0
(11, 267)	1480	0.0
(12, 79)	1481	0.0
(2, 90)	1482	0.0
(2, 91)	1483	0.0
(11, 268)	1484	0.0
(12, 80)	1485	0.0
(12, 81)	1486	0.0
(12, 82)	1487	0.0
(2, 92)	1488	0.0
(12, 83)	1489	0.0
(12, 84)	1490	0.0
(12, 85)	1491	0.0
(9, 72)	1492	0.0
(11, 269)	1493	0.0
(11, 270)	1494	0.0
(18, 40)	1495	0.0
(11, 271)	1496	0.0
(12, 86)	1497	0.0
(12, 87)	1498	0.0
(9, 73)	1499	0.0
(9, 74)	1500	0.0
(13, 17)	1501	0.0
(2, 93)	1502	0.0
(3, 24)	1503	0.0
(12, 88)	1504	0.0
(11, 272)	1505	0.0
(11, 273)	1506	0.0
(11, 274)	1507	0.0
(8, 84)	1508	0.0
(8, 85)	1509	0.0
(8, 86)	1510	0.0
(2, 94)	1511	0.0
(12, 89)	1512	0.0
(12, 90)	1513	0.0
(12, 91)	1514	0.0
(1, 349)	1515	0.0
(1, 350)	1516	0.0
(1, 351)	1517	0.0
(1, 352)	1518	0.0
(1, 353)	1519	0.0
(2, 95)	1520	0.0
(3, 25)	1521	0.0
(4, 4)	1522	0.0
(1, 354)	1523	0.0
(2, 96)	1524	0.0
(3, 26)	1525	0.0
(3, 27)	1526	0.0
(3, 28)	1527	0.0
(1, 355)	1528	0.0
(1, 356)	1529	0.0
(1, 357)	1530	0.0
(3, 29)	1531	0.0
(1, 358)	1532	0.0
(1, 359)	1533	0.0
(1, 360)	1534	0.0
(1, 361)	1535	0.0
(1, 362)	1536	0.0
(2, 97)	1537	0.0
(3, 30)	1538	0.0
(3, 31)	1539	0.0
(1, 363)	1540	0.0
(1, 364)	1541	0.0
(1, 365)	1542	0.0
(1, 366)	1543	0.0
(2, 98)	1544	0.0
(2, 99)	1545	0.0
(3, 32)	1546	0.0
(4, 5)	1547	0.0
(2, 100)	1548	0.0
(2, 101)	1549	0.0
(3, 33)	1550	0.0
(2, 102)	1551	0.0
(2, 103)	1552	0.0
(2, 104)	1553	0.0
(7, 307)	1554	0.0
(7, 308)	1555	0.0
(8, 87)	1556	0.0
(7, 309)	1557	0.0
(8, 88)	1558	0.0
(7, 310)	1559	0.0
(11, 275)	1560	0.0
(12, 92)	1561	0.0
(1, 367)	1562	0.0
(1, 368)	1563	0.0
(11, 276)	1564	0.0
(12, 93)	1565	0.0
(1, 369)	1566	0.0
(7, 311)	1567	0.0
(8, 89)	1568	0.0
(1, 370)	1569	0.0
(7, 312)	1570	0.0
(11, 277)	1571	0.0
(8, 90)	1572	0.0
(1, 371)	1573	0.0
(7, 313)	1574	0.0
(11, 278)	1575	0.0
(8, 91)	1576	0.0
(1, 372)	1577	0.0
(1, 373)	1578	0.0
(7, 314)	1579	0.0
(7, 315)	1580	0.0
(11, 279)	1581	0.0
(8, 92)	1582	0.0
(8, 93)	1583	0.0
(1, 374)	1584	0.0
(7, 316)	1585	0.0
(7, 317)	1586	0.0
(7, 318)	1587	0.0
(7, 319)	1588	0.0
(8, 94)	1589	0.0
(1, 375)	1590	0.0
(11, 280)	1591	0.0
(9, 75)	1592	0.0
(1, 376)	1593	0.0
(7, 320)	1594	0.0
(7, 321)	1595	0.0
(12, 94)	1596	0.0
(9, 76)	1597	0.0
(7, 322)	1598	0.0
(11, 281)	1599	0.0
(1, 377)	1600	0.0
(7, 323)	1601	0.0
(8, 95)	1602	0.0
(1, 378)	1603	0.0
(7, 324)	1604	0.0
(7, 325)	1605	0.0
(7, 326)	1606	0.0
(11, 282)	1607	0.0
(1, 379)	1608	0.0
(7, 327)	1609	0.0
(7, 328)	1610	0.0
(7, 329)	1611	0.0
(11, 283)	1612	0.0
(12, 95)	1613	0.0
(1, 380)	1614	0.0
(11, 284)	1615	0.0
(9, 77)	1616	0.0
(9, 78)	1617	0.0
(9, 79)	1618	0.0
(1, 381)	1619	0.0
(1, 382)	1620	0.0
(3, 34)	1621	0.0
(4, 6)	1622	0.0
(5, 16)	1623	0.0
(6, 5)	1624	0.0
(1, 383)	1625	0.0
(1, 384)	1626	0.0
(7, 330)	1627	0.0
(20, 52)	1628	0.0
(1, 385)	1629	0.0
(7, 331)	1630	0.0
(11, 285)	1631	0.0
(7, 332)	1632	0.0
(7, 333)	1633	0.0
(1, 386)	1634	0.0
(1, 387)	1635	0.0
(7, 334)	1636	0.0
(1, 388)	1637	0.0
(7, 335)	1638	0.0
(7, 336)	1639	0.0
(7, 337)	1640	0.0
(1, 389)	1641	0.0
(1, 390)	1642	0.0
(1, 391)	1643	0.0
(2, 105)	1644	0.0
(3, 35)	1645	0.0
(7, 338)	1646	0.0
(1, 392)	1647	0.0
(7, 339)	1648	0.0
(7, 340)	1649	0.0
(7, 341)	1650	0.0
(11, 286)	1651	0.0
(8, 96)	1652	0.0
(8, 97)	1653	0.0
(1, 393)	1654	0.0
(7, 342)	1655	0.0
(1, 394)	1656	0.0
(1, 395)	1657	0.0
(2, 106)	1658	0.0
(8, 98)	1659	0.0
(1, 396)	1660	0.0
(1, 397)	1661	0.0
(1, 398)	1662	0.0
(1, 399)	1663	0.0
(1, 400)	1664	0.0
(1, 401)	1665	0.0
(1, 402)	1666	0.0
(1, 403)	1667	0.0
(11, 287)	1668	0.0
(18, 41)	1669	0.0
(17, 17)	1670	0.0
(1, 404)	1671	0.0
(1, 405)	1672	0.0
(1, 406)	1673	0.0
(1, 407)	1674	0.0
(1, 408)	1675	0.0
(1, 409)	1676	0.0
(1, 410)	1677	0.0
(1, 411)	1678	0.0
(1, 412)	1679	0.0
(2, 107)	1680	0.0
(18, 42)	1681	0.0
(17, 18)	1682	0.0
(1, 413)	1683	0.0
(1, 414)	1684	0.0
(1, 415)	1685	0.0
(2, 108)	1686	0.0
(18, 43)	1687	0.0
(1, 416)	1688	0.0
(1, 417)	1689	0.0
(1, 418)	1690	0.0
(3, 36)	1691	0.0
(12, 96)	1692	0.0
(9, 80)	1693	0.0
(1, 419)	1694	0.0
(1, 420)	1695	0.0
(22, 19)	1696	0.0
(1, 421)	1697	0.0
(1, 422)	1698	0.0
(1, 423)	1699	0.0
(2, 109)	1700	0.0
(1, 424)	1701	0.0
(7, 343)	1702	0.0
(7, 344)	1703	0.0
(12, 97)	1704	0.0
(7, 345)	1705	0.0
(11, 288)	1706	0.0
(8, 99)	1707	0.0
(11, 289)	1708	0.0
(11, 290)	1709	0.0
(7, 346)	1710	0.0
(7, 347)	1711	0.0
(8, 100)	1712	0.0
(1, 425)	1713	0.0
(1, 426)	1714	0.0
(7, 348)	1715	0.0
(11, 291)	1716	0.0
(12, 98)	1717	0.0
(7, 349)	1718	0.0
(7, 350)	1719	0.0
(8, 101)	1720	0.0
(1, 427)	1721	0.0
(1, 428)	1722	0.0
(7, 351)	1723	0.0
(11, 292)	1724	0.0
(7, 352)	1725	0.0
(7, 353)	1726	0.0
(11, 293)	1727	0.0
(1, 429)	1728	0.0
(11, 294)	1729	0.0
(11, 295)	1730	0.0
(9, 81)	1731	0.0
(1, 430)	1732	0.0
(7, 354)	1733	0.0
(11, 296)	1734	0.0
(12, 99)	1735	0.0
(7, 355)	1736	0.0
(11, 297)	1737	0.0
(7, 356)	1738	0.0
(7, 357)	1739	0.0
(20, 53)	1740	0.0
(20, 54)	1741	0.0
(1, 431)	1742	0.0
(1, 432)	1743	0.0
(1, 433)	1744	0.0
(1, 434)	1745	0.0
(7, 358)	1746	0.0
(7, 359)	1747	0.0
(11, 298)	1748	0.0
(11, 299)	1749	0.0
(7, 360)	1750	0.0
(7, 361)	1751	0.0
(7, 362)	1752	0.0
(8, 102)	1753	0.0
(7, 363)	1754	0.0
(11, 300)	1755	0.0
(11, 301)	1756	0.0
(1, 435)	1757	0.0
(1, 436)	1758	0.0
(11, 302)	1759	0.0
(11, 303)	1760	0.0
(8, 103)	1761	0.0
(1, 437)	1762	0.0
(8, 104)	1763	0.0
(1, 438)	1764	0.0
(7, 364)	1765	0.0
(7, 365)	1766	0.0
(11, 304)	1767	0.0
(1, 439)	1768	0.0
(1, 440)	1769	0.0
(7, 366)	1770	0.0
(7, 367)	1771	0.0
(20, 55)	1772	0.0
(20, 56)	1773	0.0
(8, 105)	1774	0.0
(7, 368)	1775	0.0
(7, 369)	1776	0.0
(1, 441)	1777	0.0
(7, 370)	1778	0.0
(7, 371)	1779	0.0
(1, 442)	1780	0.0
(7, 372)	1781	0.0
(11, 305)	1782	0.0
(11, 306)	1783	0.0
(9, 82)	1784	0.0
(1, 443)	1785	0.0
(11, 307)	1786	0.0
(12, 100)	1787	0.0
(12, 101)	1788	0.0
(7, 373)	1789	0.0
(11, 308)	1790	0.0
(1, 444)	1791	0.0
(7, 374)	1792	0.0
(11, 309)	1793	0.0
(12, 102)	1794	0.0
(1, 445)	1795	0.0
(7, 375)	1796	0.0
(7, 376)	1797	0.0
(20, 57)	1798	0.0
(1, 446)	1799	0.0
(7, 377)	1800	0.0
(11, 310)	1801	0.0
(1, 447)	1802	0.0
(7, 378)	1803	0.0
(7, 379)	1804	0.0
(7, 380)	1805	0.0
(7, 381)	1806	0.0
(8, 106)	1807	0.0
(11, 311)	1808	0.0
(7, 382)	1809	0.0
(11, 312)	1810	0.0
(8, 107)	1811	0.0
(1, 448)	1812	0.0
(1, 449)	1813	0.0
(11, 313)	1814	0.0
(11, 314)	1815	0.0
(1, 450)	1816	0.0
(7, 383)	1817	0.0
(7, 384)	1818	0.0
(1, 451)	1819	0.0
(1, 452)	1820	0.0
(11, 315)	1821	0.0
(12, 103)	1822	0.0
(7, 385)	1823	0.0
(11, 316)	1824	0.0
(11, 317)	1825	0.0
(1, 453)	1826	0.0
(7, 386)	1827	0.0
(11, 318)	1828	0.0
(7, 387)	1829	0.0
(7, 388)	1830	0.0
(7, 389)	1831	0.0
(8, 108)	1832	0.0
(8, 109)	1833	0.0
(7, 390)	1834	0.0
(7, 391)	1835	0.0
(7, 392)	1836	0.0
(8, 110)	1837	0.0
(8, 111)	1838	0.0
(1, 454)	1839	0.0
(7, 393)	1840	0.0
(7, 394)	1841	0.0
(11, 319)	1842	0.0
(1, 455)	1843	0.0
(7, 395)	1844	0.0
(11, 320)	1845	0.0
(11, 321)	1846	0.0
(7, 396)	1847	0.0
(11, 322)	1848	0.0
(7, 397)	1849	0.0
(7, 398)	1850	0.0
(7, 399)	1851	0.0
(7, 400)	1852	0.0
(7, 401)	1853	0.0
(7, 402)	1854	0.0
(11, 323)	1855	0.0
(1, 456)	1856	0.0
(7, 403)	1857	0.0
(7, 404)	1858	0.0
(7, 405)	1859	0.0
(11, 324)	1860	0.0
(8, 112)	1861	0.0
(1, 457)	1862	0.0
(7, 406)	1863	0.0
(20, 58)	1864	0.0
(1, 458)	1865	0.0
(7, 407)	1866	0.0
(11, 325)	1867	0.0
(8, 113)	1868	0.0
(18, 44)	1869	0.0
(1, 459)	1870	0.0
(1, 460)	1871	0.0
(7, 408)	1872	0.0
(11, 326)	1873	0.0
(11, 327)	1874	0.0
(1, 461)	1875	0.0
(7, 409)	1876	0.0
(20, 59)	1877	0.0
(1, 462)	1878	0.0
(2, 110)	1879	0.0
(2, 111)	1880	0.0
(12, 104)	1881	0.0
(12, 105)	1882	0.0
(11, 328)	1883	0.0
(11, 329)	1884	0.0
(2, 112)	1885	0.0
(11, 330)	1886	0.0
(8, 114)	1887	0.0
(18, 45)	1888	0.0
(11, 331)	1889	0.0
(11, 332)	1890	0.0
(12, 106)	1891	0.0
(2, 113)	1892	0.0
(2, 114)	1893	0.0
(11, 333)	1894	0.0
(12, 107)	1895	0.0
(12, 108)	1896	0.0
(9, 83)	1897	0.0
(1, 463)	1898	0.0
(11, 334)	1899	0.0
(11, 335)	1900	0.0
(8, 115)	1901	0.0
(8, 116)	1902	0.0
(11, 336)	1903	0.0
(12, 109)	1904	0.0
(12, 110)	1905	0.0
(11, 337)	1906	0.0
(11, 338)	1907	0.0
(12, 111)	1908	0.0
(9, 84)	1909	0.0
(13, 18)	1910	0.0
(19, 6)	1911	0.0
(2, 115)	1912	0.0
(2, 116)	1913	0.0
(2, 117)	1914	0.0
(3, 37)	1915	0.0
(3, 38)	1916	0.0
(3, 39)	1917	0.0
(9, 85)	1918	0.0
(15, 22)	1919	0.0
(23, 2)	1920	0.0
(11, 339)	1921	0.0
(11, 340)	1922	0.0
(11, 341)	1923	0.0
(18, 46)	1924	0.0
(2, 118)	1925	0.0
(11, 342)	1926	0.0
(11, 343)	1927	0.0
(11, 344)	1928	0.0
(13, 19)	1929	0.0
(2, 119)	1930	0.0
(11, 345)	1931	0.0
(12, 112)	1932	0.0
(12, 113)	1933	0.0
(6, 6)	1934	0.0
(12, 114)	1935	0.0
(12, 115)	1936	0.0
(11, 346)	1937	0.0
(12, 116)	1938	0.0
(9, 86)	1939	0.0
(2, 120)	1940	0.0
(2, 121)	1941	0.0
(3, 40)	1942	0.0
(3, 41)	1943	0.0
(4, 7)	1944	0.0
(4, 8)	1945	0.0
(5, 17)	1946	0.0
(6, 7)	1947	0.0
(2, 122)	1948	0.0
(11, 347)	1949	0.0
(2, 123)	1950	0.0
(3, 42)	1951	0.0
(4, 9)	1952	0.0
(5, 18)	1953	0.0
(5, 19)	1954	0.0
(11, 348)	1955	0.0
(11, 349)	1956	0.0
(12, 117)	1957	0.0
(9, 87)	1958	0.0
(11, 350)	1959	0.0
(9, 88)	1960	0.0
(11, 351)	1961	0.0
(11, 352)	1962	0.0
(12, 118)	1963	0.0
(13, 20)	1964	0.0
(11, 353)	1965	0.0
(9, 89)	1966	0.0
(2, 124)	1967	0.0
(11, 354)	1968	0.0
(11, 355)	1969	0.0
(12, 119)	1970	0.0
(11, 356)	1971	0.0
(11, 357)	1972	0.0
(11, 358)	1973	0.0
(12, 120)	1974	0.0
(12, 121)	1975	0.0
(13, 21)	1976	0.0
(13, 22)	1977	0.0
(14, 4)	1978	0.0
(11, 359)	1979	0.0
(11, 360)	1980	0.0
(5, 20)	1981	0.0
(5, 21)	1982	0.0
(1, 464)	1983	0.0
(11, 361)	1984	0.0
(11, 362)	1985	0.0
(11, 363)	1986	0.0
(12, 122)	1987	0.0
(12, 123)	1988	0.0
(5, 22)	1989	0.0
(11, 364)	1990	0.0
(2, 125)	1991	0.0
(12, 124)	1992	0.0
(1, 465)	1993	0.0
(7, 410)	1994	0.0
(7, 411)	1995	0.0
(7, 412)	1996	0.0
(20, 60)	1997	0.0
(20, 61)	1998	0.0
(7, 413)	1999	0.0
(1, 466)	2000	0.0
(1, 467)	2001	0.0
(7, 414)	2002	0.0
(7, 415)	2003	0.0
(20, 62)	2004	0.0
(1, 468)	2005	0.0
(1, 469)	2006	0.0
(7, 416)	2007	0.0
(8, 117)	2008	0.0
(8, 118)	2009	0.0
(18, 47)	2010	0.0
(8, 119)	2011	0.0
(7, 417)	2012	0.0
(20, 63)	2013	0.0
(7, 418)	2014	0.0
(7, 419)	2015	0.0
(7, 420)	2016	0.0
(20, 64)	2017	0.0
(20, 65)	2018	0.0
(7, 421)	2019	0.0
(7, 422)	2020	0.0
(1, 470)	2021	0.0
(7, 423)	2022	0.0
(7, 424)	2023	0.0
(11, 365)	2024	0.0
(12, 125)	2025	0.0
(9, 90)	2026	0.0
(1, 471)	2027	0.0
(1, 472)	2028	0.0
(11, 366)	2029	0.0
(11, 367)	2030	0.0
(7, 425)	2031	0.0
(8, 120)	2032	0.0
(11, 368)	2033	0.0
(11, 369)	2034	0.0
(7, 426)	2035	0.0
(7, 427)	2036	0.0
(17, 19)	2037	0.0
(11, 370)	2038	0.0
(11, 371)	2039	0.0
(12, 126)	2040	0.0
(13, 23)	2041	0.0
(1, 473)	2042	0.0
(12, 127)	2043	0.0
(12, 128)	2044	0.0
(7, 428)	2045	0.0
(11, 372)	2046	0.0
(9, 91)	2047	0.0
(2, 126)	2048	0.0
(2, 127)	2049	0.0
(11, 373)	2050	0.0
(12, 129)	2051	0.0
(9, 92)	2052	0.0
(11, 374)	2053	0.0
(11, 375)	2054	0.0
(11, 376)	2055	0.0
(1, 474)	2056	0.0
(7, 429)	2057	0.0
(7, 430)	2058	0.0
(1, 475)	2059	0.0
(1, 476)	2060	0.0
(2, 128)	2061	0.0
(12, 130)	2062	0.0
(12, 131)	2063	0.0
(2, 129)	2064	0.0
(2, 130)	2065	0.0
(3, 43)	2066	0.0
(3, 44)	2067	0.0
(4, 10)	2068	0.0
(24, 1)	2069	0.0
(7, 431)	2070	0.0
(7, 432)	2071	0.0
(11, 377)	2072	0.0
(12, 132)	2073	0.0
(9, 93)	2074	0.0
(2, 131)	2075	0.0
(11, 378)	2076	0.0
(11, 379)	2077	0.0
(12, 133)	2078	0.0
(11, 380)	2079	0.0
(1, 477)	2080	0.0
(7, 433)	2081	0.0
(7, 434)	2082	0.0
(20, 66)	2083	0.0
(1, 478)	2084	0.0
(2, 132)	2085	0.0
(2, 133)	2086	0.0
(3, 45)	2087	0.0
(3, 46)	2088	0.0
(1, 479)	2089	0.0
(11, 381)	2090	0.0
(1, 480)	2091	0.0
(2, 134)	2092	0.0
(11, 382)	2093	0.0
(11, 383)	2094	0.0
(11, 384)	2095	0.0
(11, 385)	2096	0.0
(11, 386)	2097	0.0
(9, 94)	2098	0.0
(11, 387)	2099	0.0
(15, 23)	2100	0.0
(12, 134)	2101	0.0
(1, 481)	2102	0.0
(11, 388)	2103	0.0
(15, 24)	2104	0.0
(1, 482)	2105	0.0
(11, 389)	2106	0.0
(11, 390)	2107	0.0
(11, 391)	2108	0.0
(1, 483)	2109	0.0
(1, 484)	2110	0.0
(7, 435)	2111	0.0
(20, 67)	2112	0.0
(20, 68)	2113	0.0
(1, 485)	2114	0.0
(7, 436)	2115	0.0
(7, 437)	2116	0.0
(7, 438)	2117	0.0
(8, 121)	2118	0.0
(7, 439)	2119	0.0
(7, 440)	2120	0.0
(11, 392)	2121	0.0
(11, 393)	2122	0.0
(1, 486)	2123	0.0
(7, 441)	2124	0.0
(7, 442)	2125	0.0
(21, 15)	2126	0.0
(1, 487)	2127	0.0
(7, 443)	2128	0.0
(7, 444)	2129	0.0
(7, 445)	2130	0.0
(11, 394)	2131	0.0
(7, 446)	2132	0.0
(7, 447)	2133	0.0
(20, 69)	2134	0.0
(20, 70)	2135	0.0
(7, 448)	2136	0.0
(7, 449)	2137	0.0
(11, 395)	2138	0.0
(8, 122)	2139	0.0
(18, 48)	2140	0.0
(7, 450)	2141	0.0
(7, 451)	2142	0.0
(7, 452)	2143	0.0
(20, 71)	2144	0.0
(1, 488)	2145	0.0
(1, 489)	2146	0.0
(7, 453)	2147	0.0
(20, 72)	2148	0.0
(1, 490)	2149	0.0
(11, 396)	2150	0.0
(1, 491)	2151	0.0
(1, 492)	2152	0.0
(1, 493)	2153	0.0
(7, 454)	2154	0.0
(7, 455)	2155	0.0
(7, 456)	2156	0.0
(20, 73)	2157	0.0
(1, 494)	2158	0.0
(1, 495)	2159	0.0
(7, 457)	2160	0.0
(7, 458)	2161	0.0
(11, 397)	2162	0.0
(11, 398)	2163	0.0
(12, 135)	2164	0.0
(7, 459)	2165	0.0
(1, 496)	2166	0.0
(7, 460)	2167	0.0
(7, 461)	2168	0.0
(8, 123)	2169	0.0
(7, 462)	2170	0.0
(7, 463)	2171	0.0
(11, 399)	2172	0.0
(2, 135)	2173	0.0
(3, 47)	2174	0.0
(3, 48)	2175	0.0
(3, 49)	2176	0.0
(2, 136)	2177	0.0
(5, 23)	2178	0.0
(2, 137)	2179	0.0
(3, 50)	2180	0.0
(2, 138)	2181	0.0
(3, 51)	2182	0.0
(4, 11)	2183	0.0
(2, 139)	2184	0.0
(3, 52)	2185	0.0
(3, 53)	2186	0.0
(12, 136)	2187	0.0
(11, 400)	2188	0.0
(2, 140)	2189	0.0
(2, 141)	2190	0.0
(2, 142)	2191	0.0
(3, 54)	2192	0.0
(2, 143)	2193	0.0
(2, 144)	2194	0.0
(11, 401)	2195	0.0
(12, 137)	2196	0.0
(13, 24)	2197	0.0
(14, 5)	2198	0.0
(2, 145)	2199	0.0
(2, 146)	2200	0.0
(11, 402)	2201	0.0
(11, 403)	2202	0.0
(12, 138)	2203	0.0
(11, 404)	2204	0.0
(5, 24)	2205	0.0
(13, 25)	2206	0.0
(2, 147)	2207	0.0
(11, 405)	2208	0.0
(8, 124)	2209	0.0
(8, 125)	2210	0.0
(8, 126)	2211	0.0
(2, 148)	2212	0.0
(11, 406)	2213	0.0
(12, 139)	2214	0.0
(12, 140)	2215	0.0
(5, 25)	2216	0.0
(5, 26)	2217	0.0
(12, 141)	2218	0.0
(9, 95)	2219	0.0
(14, 6)	2220	0.0
(2, 149)	2221	0.0
(11, 407)	2222	0.0
(5, 27)	2223	0.0
(1, 497)	2224	0.0
(7, 464)	2225	0.0
(11, 408)	2226	0.0
(13, 26)	2227	0.0
(1, 498)	2228	0.0
(2, 150)	2229	0.0
(2, 151)	2230	0.0
(2, 152)	2231	0.0
(2, 153)	2232	0.0
(5, 28)	2233	0.0
(19, 7)	2234	0.0
(8, 127)	2235	0.0
(1, 499)	2236	0.0
(11, 409)	2237	0.0
(9, 96)	2238	0.0
(7, 465)	2239	0.0
(1, 500)	2240	0.0
(11, 410)	2241	0.0
(11, 411)	2242	0.0
(11, 412)	2243	0.0
(12, 142)	2244	0.0
(9, 97)	2245	0.0
(1, 501)	2246	0.0
(11, 413)	2247	0.0
(11, 414)	2248	0.0
(11, 415)	2249	0.0
(11, 416)	2250	0.0
(12, 143)	2251	0.0
(12, 144)	2252	0.0
(12, 145)	2253	0.0
(6, 8)	2254	0.0
(11, 417)	2255	0.0
(9, 98)	2256	0.0
(2, 154)	2257	0.0
(2, 155)	2258	0.0
(12, 146)	2259	0.0
(11, 418)	2260	0.0
(12, 147)	2261	0.0
(9, 99)	2262	0.0
(8, 128)	2263	0.0
(2, 156)	2264	0.0
(11, 419)	2265	0.0
(12, 148)	2266	0.0
(11, 420)	2267	0.0
(12, 149)	2268	0.0
(3, 55)	2269	0.0
(3, 56)	2270	0.0
(5, 29)	2271	0.0
(2, 157)	2272	0.0
(3, 57)	2273	0.0
(3, 58)	2274	0.0
(3, 59)	2275	0.0
(9, 100)	2276	0.0
(11, 421)	2277	0.0
(12, 150)	2278	0.0
(2, 158)	2279	0.0
(3, 60)	2280	0.0
(9, 101)	2281	0.0
(2, 159)	2282	0.0
(12, 151)	2283	0.0
(2, 160)	2284	0.0
(2, 161)	2285	0.0
(3, 61)	2286	0.0
(3, 62)	2287	0.0
(3, 63)	2288	0.0
(11, 422)	2289	0.0
(12, 152)	2290	0.0
(11, 423)	2291	0.0
(12, 153)	2292	0.0
(11, 424)	2293	0.0
(12, 154)	2294	0.0
(2, 162)	2295	0.0
(3, 64)	2296	0.0
(3, 65)	2297	0.0
(5, 30)	2298	0.0
(6, 9)	2299	0.0
(2, 163)	2300	0.0
(3, 66)	2301	0.0
(3, 67)	2302	0.0
(3, 68)	2303	0.0
(12, 155)	2304	0.0
(12, 156)	2305	0.0
(5, 31)	2306	0.0
(1, 502)	2307	0.0
(7, 466)	2308	0.0
(7, 467)	2309	0.0
(7, 468)	2310	0.0
(7, 469)	2311	0.0
(1, 503)	2312	0.0
(7, 470)	2313	0.0
(7, 471)	2314	0.0
(8, 129)	2315	0.0
(1, 504)	2316	0.0
(1, 505)	2317	0.0
(11, 425)	2318	0.0
(11, 426)	2319	0.0
(11, 427)	2320	0.0
(1, 506)	2321	0.0
(1, 507)	2322	0.0
(1, 508)	2323	0.0
(7, 472)	2324	0.0
(1, 509)	2325	0.0
(11, 428)	2326	0.0
(7, 473)	2327	0.0
(7, 474)	2328	0.0
(11, 429)	2329	0.0
(9, 102)	2330	0.0
(11, 430)	2331	0.0
(8, 130)	2332	0.0
(1, 510)	2333	0.0
(1, 511)	2334	0.0
(7, 475)	2335	0.0
(7, 476)	2336	0.0
(8, 131)	2337	0.0
(7, 477)	2338	0.0
(7, 478)	2339	0.0
(7, 479)	2340	0.0
(11, 431)	2341	0.0
(8, 132)	2342	0.0
(1, 512)	2343	0.0
(1, 513)	2344	0.0
(11, 432)	2345	0.0
(8, 133)	2346	0.0
(8, 134)	2347	0.0
(2, 164)	2348	0.0
(7, 480)	2349	0.0
(7, 481)	2350	0.0
(1, 514)	2351	0.0
(7, 482)	2352	0.0
(7, 483)	2353	0.0
(7, 484)	2354	0.0
(11, 433)	2355	0.0
(12, 157)	2356	0.0
(7, 485)	2357	0.0
(11, 434)	2358	0.0
(8, 135)	2359	0.0
(12, 158)	2360	0.0
(8, 136)	2361	0.0
(7, 486)	2362	0.0
(11, 435)	2363	0.0
(8, 137)	2364	0.0
(1, 515)	2365	0.0
(1, 516)	2366	0.0
(7, 487)	2367	0.0
(12, 159)	2368	0.0
(7, 488)	2369	0.0
(2, 165)	2370	0.0
(12, 160)	2371	0.0
(12, 161)	2372	0.0
(11, 436)	2373	0.0
(11, 437)	2374	0.0
(8, 138)	2375	0.0
(2, 166)	2376	0.0
(2, 167)	2377	0.0
(2, 168)	2378	0.0
(12, 162)	2379	0.0
(2, 169)	2380	0.0
(4, 12)	2381	0.0
(5, 32)	2382	0.0
(8, 139)	2383	0.0
(2, 170)	2384	0.0
(11, 438)	2385	0.0
(2, 171)	2386	0.0
(11, 439)	2387	0.0
(2, 172)	2388	0.0
(11, 440)	2389	0.0
(11, 441)	2390	0.0
(11, 442)	2391	0.0
(13, 27)	2392	0.0
(12, 163)	2393	0.0
(8, 140)	2394	0.0
(19, 8)	2395	0.0
(12, 164)	2396	0.0
(13, 28)	2397	0.0
(11, 443)	2398	0.0
(12, 165)	2399	0.0
(2, 173)	2400	0.0
(11, 444)	2401	0.0
(11, 445)	2402	0.0
(12, 166)	2403	0.0
(9, 103)	2404	0.0
(11, 446)	2405	0.0
(11, 447)	2406	0.0
(9, 104)	2407	0.0
(2, 174)	2408	0.0
(2, 175)	2409	0.0
(11, 448)	2410	0.0
(11, 449)	2411	0.0
(12, 167)	2412	0.0
(2, 176)	2413	0.0
(3, 69)	2414	0.0
(2, 177)	2415	0.0
(11, 450)	2416	0.0
(11, 451)	2417	0.0
(12, 168)	2418	0.0
(1, 517)	2419	0.0
(1, 518)	2420	0.0
(3, 70)	2421	0.0
(2, 178)	2422	0.0
(2, 179)	2423	0.0
(9, 105)	2424	0.0
(1, 519)	2425	0.0
(1, 520)	2426	0.0
(5, 33)	2427	0.0
(1, 521)	2428	0.0
(1, 522)	2429	0.0
(2, 180)	2430	0.0
(2, 181)	2431	0.0
(2, 182)	2432	0.0
(3, 71)	2433	0.0
(12, 169)	2434	0.0
(2, 183)	2435	0.0
(2, 184)	2436	0.0
(2, 185)	2437	0.0
(7, 489)	2438	0.0
(11, 452)	2439	0.0
(2, 186)	2440	0.0
(2, 187)	2441	0.0
(3, 72)	2442	0.0
(4, 13)	2443	0.0
(1, 523)	2444	0.0
(7, 490)	2445	0.0
(8, 141)	2446	0.0
(1, 524)	2447	0.0
(5, 34)	2448	0.0
(1, 525)	2449	0.0
(11, 453)	2450	0.0
(11, 454)	2451	0.0
(12, 170)	2452	0.0
(1, 526)	2453	0.0
(7, 491)	2454	0.0
(7, 492)	2455	0.0
(11, 455)	2456	0.0
(11, 456)	2457	0.0
(11, 457)	2458	0.0
(11, 458)	2459	0.0
(7, 493)	2460	0.0
(12, 171)	2461	0.0
(7, 494)	2462	0.0
(1, 527)	2463	0.0
(1, 528)	2464	0.0
(7, 495)	2465	0.0
(11, 459)	2466	0.0
(1, 529)	2467	0.0
(1, 530)	2468	0.0
(2, 188)	2469	0.0
(11, 460)	2470	0.0
(12, 172)	2471	0.0
(7, 496)	2472	0.0
(7, 497)	2473	0.0
(11, 461)	2474	0.0
(1, 531)	2475	0.0
(7, 498)	2476	0.0
(11, 462)	2477	0.0
(7, 499)	2478	0.0
(7, 500)	2479	0.0
(11, 463)	2480	0.0
(11, 464)	2481	0.0
(12, 173)	2482	0.0
(12, 174)	2483	0.0
(2, 189)	2484	0.0
(9, 106)	2485	0.0
(9, 107)	2486	0.0
(12, 175)	2487	0.0
(2, 190)	2488	0.0
(12, 176)	2489	0.0
(12, 177)	2490	0.0
(9, 108)	2491	0.0
(2, 191)	2492	0.0
(12, 178)	2493	0.0
(6, 10)	2494	0.0
(2, 192)	2495	0.0
(3, 73)	2496	0.0
(3, 74)	2497	0.0
(12, 179)	2498	0.0
(12, 180)	2499	0.0
(12, 181)	2500	0.0
(3, 75)	2501	0.0
(3, 76)	2502	0.0
(3, 77)	2503	0.0
(3, 78)	2504	0.0
(9, 109)	2505	0.0
(3, 79)	2506	0.0
(3, 80)	2507	0.0
(4, 14)	2508	0.0
(7, 501)	2509	0.0
(8, 142)	2510	0.0
(8, 143)	2511	0.0
(8, 144)	2512	0.0
(11, 465)	2513	0.0
(8, 145)	2514	0.0
(7, 502)	2515	0.0
(12, 182)	2516	0.0
(1, 532)	2517	0.0
(12, 183)	2518	0.0
(7, 503)	2519	0.0
(7, 504)	2520	0.0
(8, 146)	2521	0.0
(7, 505)	2522	0.0
(1, 533)	2523	0.0
(11, 466)	2524	0.0
(1, 534)	2525	0.0
(1, 535)	2526	0.0
(2, 193)	2527	0.0
(12, 184)	2528	0.0
(2, 194)	2529	0.0
(2, 195)	2530	0.0
(3, 81)	2531	0.0
(3, 82)	2532	0.0
(24, 2)	2533	0.0
(12, 185)	2534	0.0
(5, 35)	2535	0.0
(2, 196)	2536	0.0
(11, 467)	2537	0.0
(12, 186)	2538	0.0
(12, 187)	2539	0.0
(11, 468)	2540	0.0
(11, 469)	2541	0.0
(12, 188)	2542	0.0
(12, 189)	2543	0.0
(9, 110)	2544	0.0
(11, 470)	2545	0.0
(13, 29)	2546	0.0
(11, 471)	2547	0.0
(1, 536)	2548	0.0
(1, 537)	2549	0.0
(1, 538)	2550	0.0
(3, 83)	2551	0.0
(3, 84)	2552	0.0
(4, 15)	2553	0.0
(24, 3)	2554	0.0
(7, 506)	2555	0.0
(1, 539)	2556	0.0
(7, 507)	2557	0.0
(7, 508)	2558	0.0
(7, 509)	2559	0.0
(8, 147)	2560	0.0
(11, 472)	2561	0.0
(2, 197)	2562	0.0
(11, 473)	2563	0.0
(11, 474)	2564	0.0
(11, 475)	2565	0.0
(12, 190)	2566	0.0
(12, 191)	2567	0.0
(2, 198)	2568	0.0
(11, 476)	2569	0.0
(12, 192)	2570	0.0
(2, 199)	2571	0.0
(2, 200)	2572	0.0
(3, 85)	2573	0.0
(12, 193)	2574	0.0
(9, 111)	2575	0.0
(11, 477)	2576	0.0
(5, 36)	2577	0.0
(11, 478)	2578	0.0
(12, 194)	2579	0.0
(7, 510)	2580	0.0
(7, 511)	2581	0.0
(1, 540)	2582	0.0
(7, 512)	2583	0.0
(7, 513)	2584	0.0
(1, 541)	2585	0.0
(1, 542)	2586	0.0
(11, 479)	2587	0.0
(8, 148)	2588	0.0
(1, 543)	2589	0.0
(7, 514)	2590	0.0
(11, 480)	2591	0.0
(11, 481)	2592	0.0
(7, 515)	2593	0.0
(7, 516)	2594	0.0
(7, 517)	2595	0.0
(8, 149)	2596	0.0
(7, 518)	2597	0.0
(7, 519)	2598	0.0
(1, 544)	2599	0.0
(7, 520)	2600	0.0
(7, 521)	2601	0.0
(20, 74)	2602	0.0
(1, 545)	2603	0.0
(1, 546)	2604	0.0
(1, 547)	2605	0.0
(1, 548)	2606	0.0
(7, 522)	2607	0.0
(7, 523)	2608	0.0
(7, 524)	2609	0.0
(11, 482)	2610	0.0
(7, 525)	2611	0.0
(7, 526)	2612	0.0
(20, 75)	2613	0.0
(20, 76)	2614	0.0
(20, 77)	2615	0.0
(1, 549)	2616	0.0
(20, 78)	2617	0.0
(1, 550)	2618	0.0
(1, 551)	2619	0.0
(11, 483)	2620	0.0
(2, 201)	2621	0.0
(2, 202)	2622	0.0
(12, 195)	2623	0.0
(7, 527)	2624	0.0
(7, 528)	2625	0.0
(20, 79)	2626	0.0
(7, 529)	2627	0.0
(7, 530)	2628	0.0
(7, 531)	2629	0.0
(20, 80)	2630	0.0
(20, 81)	2631	0.0
(1, 552)	2632	0.0
(7, 532)	2633	0.0
(7, 533)	2634	0.0
(7, 534)	2635	0.0
(7, 535)	2636	0.0
(7, 536)	2637	0.0
(7, 537)	2638	0.0
(7, 538)	2639	0.0
(7, 539)	2640	0.0
(7, 540)	2641	0.0
(20, 82)	2642	0.0
(21, 16)	2643	0.0
(7, 541)	2644	0.0
(11, 484)	2645	0.0
(11, 485)	2646	0.0
(5, 37)	2647	0.0
(11, 486)	2648	0.0
(8, 150)	2649	0.0
(11, 487)	2650	0.0
(12, 196)	2651	0.0
(12, 197)	2652	0.0
(7, 542)	2653	0.0
(8, 151)	2654	0.0
(11, 488)	2655	0.0
(12, 198)	2656	0.0
(9, 112)	2657	0.0
(11, 489)	2658	0.0
(7, 543)	2659	0.0
(2, 203)	2660	0.0
(12, 199)	2661	0.0
(2, 204)	2662	0.0
(11, 490)	2663	0.0
(11, 491)	2664	0.0
(12, 200)	2665	0.0
(9, 113)	2666	0.0
(5, 38)	2667	0.0
(11, 492)	2668	0.0
(9, 114)	2669	0.0
(11, 493)	2670	0.0
(12, 201)	2671	0.0
(14, 7)	2672	0.0
(12, 202)	2673	0.0
(5, 39)	2674	0.0
(6, 11)	2675	0.0
(2, 205)	2676	0.0
(3, 86)	2677	0.0
(3, 87)	2678	0.0
(4, 16)	2679	0.0
(6, 12)	2680	0.0
(2, 206)	2681	0.0
(11, 494)	2682	0.0
(3, 88)	2683	0.0
(3, 89)	2684	0.0
(6, 13)	2685	0.0
(2, 207)	2686	0.0
(2, 208)	2687	0.0
(12, 203)	2688	0.0
(9, 115)	2689	0.0
(8, 152)	2690	0.0
(7, 544)	2691	0.0
(11, 495)	2692	0.0
(1, 553)	2693	0.0
(7, 545)	2694	0.0
(11, 496)	2695	0.0
(7, 546)	2696	0.0
(11, 497)	2697	0.0
(11, 498)	2698	0.0
(8, 153)	2699	0.0
(7, 547)	2700	0.0
(12, 204)	2701	0.0
(7, 548)	2702	0.0
(8, 154)	2703	0.0
(8, 155)	2704	0.0
(1, 554)	2705	0.0
(1, 555)	2706	0.0
(2, 209)	2707	0.0
(11, 499)	2708	0.0
(11, 500)	2709	0.0
(11, 501)	2710	0.0
(11, 502)	2711	0.0
(11, 503)	2712	0.0
(11, 504)	2713	0.0
(11, 505)	2714	0.0
(8, 156)	2715	0.0
(9, 116)	2716	0.0
(11, 506)	2717	0.0
(7, 549)	2718	0.0
(11, 507)	2719	0.0
(8, 157)	2720	0.0
(9, 117)	2721	0.0
(11, 508)	2722	0.0
(9, 118)	2723	0.0
(11, 509)	2724	0.0
(2, 210)	2725	0.0
(3, 90)	2726	0.0
(3, 91)	2727	0.0
(12, 205)	2728	0.0
(2, 211)	2729	0.0
(12, 206)	2730	0.0
(12, 207)	2731	0.0
(5, 40)	2732	0.0
(11, 510)	2733	0.0
(12, 208)	2734	0.0
(12, 209)	2735	0.0
(12, 210)	2736	0.0
(9, 119)	2737	0.0
(11, 511)	2738	0.0
(12, 211)	2739	0.0
(12, 212)	2740	0.0
(5, 41)	2741	0.0
(11, 512)	2742	0.0
(11, 513)	2743	0.0
(6, 14)	2744	0.0
(11, 514)	2745	0.0
(8, 158)	2746	0.0
(11, 515)	2747	0.0
(11, 516)	2748	0.0
(12, 213)	2749	0.0
(11, 517)	2750	0.0
(11, 518)	2751	0.0
(11, 519)	2752	0.0
(12, 214)	2753	0.0
(4, 17)	2754	0.0
(5, 42)	2755	0.0
(11, 520)	2756	0.0
(13, 30)	2757	0.0
(2, 212)	2758	0.0
(11, 521)	2759	0.0
(5, 43)	2760	0.0
(2, 213)	2761	0.0
(11, 522)	2762	0.0
(11, 523)	2763	0.0
(11, 524)	2764	0.0
(8, 159)	2765	0.0
(11, 525)	2766	0.0
(9, 120)	2767	0.0
(12, 215)	2768	0.0
(12, 216)	2769	0.0
(12, 217)	2770	0.0
(2, 214)	2771	0.0
(11, 526)	2772	0.0
(11, 527)	2773	0.0
(8, 160)	2774	0.0
(8, 161)	2775	0.0
(11, 528)	2776	0.0
(11, 529)	2777	0.0
(2, 215)	2778	0.0
(2, 216)	2779	0.0
(3, 92)	2780	0.0
(1, 556)	2781	0.0
(2, 217)	2782	0.0
(11, 530)	2783	0.0
(12, 218)	2784	0.0
(7, 550)	2785	0.0
(7, 551)	2786	0.0
(11, 531)	2787	0.0
(7, 552)	2788	0.0
(7, 553)	2789	0.0
(11, 532)	2790	0.0
(11, 533)	2791	0.0
(8, 162)	2792	0.0
(1, 557)	2793	0.0
(2, 218)	2794	0.0
(3, 93)	2795	0.0
(2, 219)	2796	0.0
(3, 94)	2797	0.0
(3, 95)	2798	0.0
(2, 220)	2799	0.0
(2, 221)	2800	0.0
(2, 222)	2801	0.0
(2, 223)	2802	0.0
(1, 558)	2803	0.0
(2, 224)	2804	0.0
(1, 559)	2805	0.0
(1, 560)	2806	0.0
(7, 554)	2807	0.0
(7, 555)	2808	0.0
(7, 556)	2809	0.0
(2, 225)	2810	0.0
(2, 226)	2811	0.0
(12, 219)	2812	0.0
(12, 220)	2813	0.0
(7, 557)	2814	0.0
(8, 163)	2815	0.0
(1, 561)	2816	0.0
(1, 562)	2817	0.0
(7, 558)	2818	0.0
(11, 534)	2819	0.0
(11, 535)	2820	0.0
(11, 536)	2821	0.0
(7, 559)	2822	0.0
(7, 560)	2823	0.0
(1, 563)	2824	0.0
(1, 564)	2825	0.0
(1, 565)	2826	0.0
(7, 561)	2827	0.0
(7, 562)	2828	0.0
(7, 563)	2829	0.0
(11, 537)	2830	0.0
(11, 538)	2831	0.0
(11, 539)	2832	0.0
(11, 540)	2833	0.0
(1, 566)	2834	0.0
(7, 564)	2835	0.0
(11, 541)	2836	0.0
(1, 567)	2837	0.0
(1, 568)	2838	0.0
(11, 542)	2839	0.0
(1, 569)	2840	0.0
(1, 570)	2841	0.0
(7, 565)	2842	0.0
(8, 164)	2843	0.0
(1, 571)	2844	0.0
(1, 572)	2845	0.0
(2, 227)	2846	0.0
(11, 543)	2847	0.0
(12, 221)	2848	0.0
(1, 573)	2849	0.0
(2, 228)	2850	0.0
(11, 544)	2851	0.0
(11, 545)	2852	0.0
(11, 546)	2853	0.0
(11, 547)	2854	0.0
(11, 548)	2855	0.0
(11, 549)	2856	0.0
(1, 574)	2857	0.0
(2, 229)	2858	0.0
(11, 550)	2859	0.0
(7, 566)	2860	0.0
(11, 551)	2861	0.0
(11, 552)	2862	0.0
(11, 553)	2863	0.0
(2, 230)	2864	0.0
(11, 554)	2865	0.0
(11, 555)	2866	0.0
(5, 44)	2867	0.0
(13, 31)	2868	0.0
(11, 556)	2869	0.0
(11, 557)	2870	0.0
(11, 558)	2871	0.0
(2, 231)	2872	0.0
(2, 232)	2873	0.0
(12, 222)	2874	0.0
(11, 559)	2875	0.0
(12, 223)	2876	0.0
(12, 224)	2877	0.0
(8, 165)	2878	0.0
(2, 233)	2879	0.0
(3, 96)	2880	0.0
(5, 45)	2881	0.0
(8, 166)	2882	0.0
(1, 575)	2883	0.0
(2, 234)	2884	0.0
(12, 225)	2885	0.0
(2, 235)	2886	0.0
(12, 226)	2887	0.0
(5, 46)	2888	0.0
(11, 560)	2889	0.0
(11, 561)	2890	0.0
(12, 227)	2891	0.0
(2, 236)	2892	0.0
(2, 237)	2893	0.0
(11, 562)	2894	0.0
(12, 228)	2895	0.0
(11, 563)	2896	0.0
(8, 167)	2897	0.0
(2, 238)	2898	0.0
(11, 564)	2899	0.0
(13, 32)	2900	0.0
(2, 239)	2901	0.0
(2, 240)	2902	0.0
(2, 241)	2903	0.0
(3, 97)	2904	0.0
(3, 98)	2905	0.0
(11, 565)	2906	0.0
(9, 121)	2907	0.0
(2, 242)	2908	0.0
(3, 99)	2909	0.0
(3, 100)	2910	0.0
(3, 101)	2911	0.0
(4, 18)	2912	0.0
(11, 566)	2913	0.0
(8, 168)	2914	0.0
(11, 567)	2915	0.0
(7, 567)	2916	0.0
(1, 576)	2917	0.0
(8, 169)	2918	0.0
(8, 170)	2919	0.0
(1, 577)	2920	0.0
(11, 568)	2921	0.0
(11, 569)	2922	0.0
(11, 570)	2923	0.0
(11, 571)	2924	0.0
(8, 171)	2925	0.0
(7, 568)	2926	0.0
(20, 83)	2927	0.0
(20, 84)	2928	0.0
(20, 85)	2929	0.0
(22, 20)	2930	0.0
(7, 569)	2931	0.0
(7, 570)	2932	0.0
(11, 572)	2933	0.0
(11, 573)	2934	0.0
(1, 578)	2935	0.0
(12, 229)	2936	0.0
(7, 571)	2937	0.0
(12, 230)	2938	0.0
(13, 33)	2939	0.0
(11, 574)	2940	0.0
(1, 579)	2941	0.0
(11, 575)	2942	0.0
(11, 576)	2943	0.0
(1, 580)	2944	0.0
(2, 243)	2945	0.0
(2, 244)	2946	0.0
(2, 245)	2947	0.0
(2, 246)	2948	0.0
(11, 577)	2949	0.0
(12, 231)	2950	0.0
(1, 581)	2951	0.0
(9, 122)	2952	0.0
(1, 582)	2953	0.0
(2, 247)	2954	0.0
(3, 102)	2955	0.0
(3, 103)	2956	0.0
(4, 19)	2957	0.0
(1, 583)	2958	0.0
(2, 248)	2959	0.0
(3, 104)	2960	0.0
(24, 4)	2961	0.0
(1, 584)	2962	0.0
(1, 585)	2963	0.0
(12, 232)	2964	0.0
(1, 586)	2965	0.0
(1, 587)	2966	0.0
(2, 249)	2967	0.0
(12, 233)	2968	0.0
(12, 234)	2969	0.0
(11, 578)	2970	0.0
(11, 579)	2971	0.0
(11, 580)	2972	0.0
(9, 123)	2973	0.0
(11, 581)	2974	0.0
(11, 582)	2975	0.0
(9, 124)	2976	0.0
(11, 583)	2977	0.0
(11, 584)	2978	0.0
(12, 235)	2979	0.0
(1, 588)	2980	0.0
(2, 250)	2981	0.0
(3, 105)	2982	0.0
(12, 236)	2983	0.0
(9, 125)	2984	0.0
(1, 589)	2985	0.0
(11, 585)	2986	0.0
(9, 126)	2987	0.0
(9, 127)	2988	0.0
(12, 237)	2989	0.0
(11, 586)	2990	0.0
(2, 251)	2991	0.0
(2, 252)	2992	0.0
(2, 253)	2993	0.0
(3, 106)	2994	0.0
(3, 107)	2995	0.0
(3, 108)	2996	0.0
(4, 20)	2997	0.0
(5, 47)	2998	0.0
(6, 15)	2999	0.0
(2, 254)	3000	0.0
(2, 255)	3001	0.0
(2, 256)	3002	0.0
(11, 587)	3003	0.0
(12, 238)	3004	0.0
(2, 257)	3005	0.0
(2, 258)	3006	0.0
(2, 259)	3007	0.0
(3, 109)	3008	0.0
(3, 110)	3009	0.0
(24, 5)	3010	0.0
(8, 172)	3011	0.0
(8, 173)	3012	0.0
(11, 588)	3013	0.0
(11, 589)	3014	0.0
(8, 174)	3015	0.0
(1, 590)	3016	0.0
(7, 572)	3017	0.0
(7, 573)	3018	0.0
(7, 574)	3019	0.0
(7, 575)	3020	0.0
(7, 576)	3021	0.0
(7, 577)	3022	0.0
(8, 175)	3023	0.0
(8, 176)	3024	0.0
(7, 578)	3025	0.0
(7, 579)	3026	0.0
(20, 86)	3027	0.0
(20, 87)	3028	0.0
(7, 580)	3029	0.0
(7, 581)	3030	0.0
(7, 582)	3031	0.0
(7, 583)	3032	0.0
(7, 584)	3033	0.0
(7, 585)	3034	0.0
(20, 88)	3035	0.0
(7, 586)	3036	0.0
(7, 587)	3037	0.0
(7, 588)	3038	0.0
(20, 89)	3039	0.0
(8, 177)	3040	0.0
(1, 591)	3041	0.0
(7, 589)	3042	0.0
(7, 590)	3043	0.0
(7, 591)	3044	0.0
(7, 592)	3045	0.0
(20, 90)	3046	0.0
(21, 17)	3047	0.0
(1, 592)	3048	0.0
(7, 593)	3049	0.0
(20, 91)	3050	0.0
(21, 18)	3051	0.0
(1, 593)	3052	0.0
(7, 594)	3053	0.0
(7, 595)	3054	0.0
(11, 590)	3055	0.0
(11, 591)	3056	0.0
(2, 260)	3057	0.0
(3, 111)	3058	0.0
(12, 239)	3059	0.0
(13, 34)	3060	0.0
(12, 240)	3061	0.0
(9, 128)	3062	0.0
(9, 129)	3063	0.0
(11, 592)	3064	0.0
(12, 241)	3065	0.0
(12, 242)	3066	0.0
(11, 593)	3067	0.0
(11, 594)	3068	0.0
(11, 595)	3069	0.0
(11, 596)	3070	0.0
(11, 597)	3071	0.0
(12, 243)	3072	0.0
(2, 261)	3073	0.0
(2, 262)	3074	0.0
(2, 263)	3075	0.0
(2, 264)	3076	0.0
(2, 265)	3077	0.0
(5, 48)	3078	0.0
(11, 598)	3079	0.0
(12, 244)	3080	0.0
(2, 266)	3081	0.0
(11, 599)	3082	0.0
(8, 178)	3083	0.0
(8, 179)	3084	0.0
(13, 35)	3085	0.0
(11, 600)	3086	0.0
(8, 180)	3087	0.0
(11, 601)	3088	0.0
(11, 602)	3089	0.0
(12, 245)	3090	0.0
(1, 594)	3091	0.0
(11, 603)	3092	0.0
(11, 604)	3093	0.0
(2, 267)	3094	0.0
(11, 605)	3095	0.0
(12, 246)	3096	0.0
(11, 606)	3097	0.0
(11, 607)	3098	0.0
(2, 268)	3099	0.0
(2, 269)	3100	0.0
(2, 270)	3101	0.0
(11, 608)	3102	0.0
(8, 181)	3103	0.0
(18, 49)	3104	0.0
(11, 609)	3105	0.0
(11, 610)	3106	0.0
(11, 611)	3107	0.0
(11, 612)	3108	0.0
(11, 613)	3109	0.0
(2, 271)	3110	0.0
(2, 272)	3111	0.0
(7, 596)	3112	0.0
(11, 614)	3113	0.0
(8, 182)	3114	0.0
(11, 615)	3115	0.0
(12, 247)	3116	0.0
(2, 273)	3117	0.0
(12, 248)	3118	0.0
(11, 616)	3119	0.0
(7, 597)	3120	0.0
(11, 617)	3121	0.0
(11, 618)	3122	0.0
(2, 274)	3123	0.0
(12, 249)	3124	0.0
(11, 619)	3125	0.0
(11, 620)	3126	0.0
(2, 275)	3127	0.0
(3, 112)	3128	0.0
(3, 113)	3129	0.0
(11, 621)	3130	0.0
(11, 622)	3131	0.0
(12, 250)	3132	0.0
(2, 276)	3133	0.0
(2, 277)	3134	0.0
(3, 114)	3135	0.0
(3, 115)	3136	0.0
(12, 251)	3137	0.0
(7, 598)	3138	0.0
(7, 599)	3139	0.0
(12, 252)	3140	0.0
(11, 623)	3141	0.0
(12, 253)	3142	0.0
(13, 36)	3143	0.0
(2, 278)	3144	0.0
(2, 279)	3145	0.0
(3, 116)	3146	0.0
(3, 117)	3147	0.0
(1, 595)	3148	0.0
(1, 596)	3149	0.0
(11, 624)	3150	0.0
(8, 183)	3151	0.0
(11, 625)	3152	0.0
(7, 600)	3153	0.0
(1, 597)	3154	0.0
(11, 626)	3155	0.0
(11, 627)	3156	0.0
(11, 628)	3157	0.0
(12, 254)	3158	0.0
(13, 37)	3159	0.0
(3, 118)	3160	0.0
(3, 119)	3161	0.0
(12, 255)	3162	0.0
(12, 256)	3163	0.0
(3, 120)	3164	0.0
(12, 257)	3165	0.0
(2, 280)	3166	0.0
(12, 258)	3167	0.0
(9, 130)	3168	0.0
(3, 121)	3169	0.0
(3, 122)	3170	0.0
(5, 49)	3171	0.0
(5, 50)	3172	0.0
(6, 16)	3173	0.0
(3, 123)	3174	0.0
(12, 259)	3175	0.0
(12, 260)	3176	0.0
(12, 261)	3177	0.0
(5, 51)	3178	0.0
(11, 629)	3179	0.0
(1, 598)	3180	0.0
(11, 630)	3181	0.0
(11, 631)	3182	0.0
(12, 262)	3183	0.0
(7, 601)	3184	0.0
(11, 632)	3185	0.0
(2, 281)	3186	0.0
(3, 124)	3187	0.0
(3, 125)	3188	0.0
(12, 263)	3189	0.0
(12, 264)	3190	0.0
(9, 131)	3191	0.0
(12, 265)	3192	0.0
(2, 282)	3193	0.0
(8, 184)	3194	0.0
(11, 633)	3195	0.0
(11, 634)	3196	0.0
(2, 283)	3197	0.0
(2, 284)	3198	0.0
(3, 126)	3199	0.0
(3, 127)	3200	0.0
(5, 52)	3201	0.0
(6, 17)	3202	0.0
(5, 53)	3203	0.0
(15, 25)	3204	0.0
(11, 635)	3205	0.0
(12, 266)	3206	0.0
(11, 636)	3207	0.0
(2, 285)	3208	0.0
(2, 286)	3209	0.0
(3, 128)	3210	0.0
(8, 185)	3211	0.0
(11, 637)	3212	0.0
(11, 638)	3213	0.0
(11, 639)	3214	0.0
(12, 267)	3215	0.0
(12, 268)	3216	0.0
(12, 269)	3217	0.0
(12, 270)	3218	0.0
(2, 287)	3219	0.0
(11, 640)	3220	0.0
(5, 54)	3221	0.0
(11, 641)	3222	0.0
(8, 186)	3223	0.0
(2, 288)	3224	0.0
(3, 129)	3225	0.0
(2, 289)	3226	0.0
(2, 290)	3227	0.0
(12, 271)	3228	0.0
(12, 272)	3229	0.0
(12, 273)	3230	0.0
(11, 642)	3231	0.0
(12, 274)	3232	0.0
(12, 275)	3233	0.0
(5, 55)	3234	0.0
(11, 643)	3235	0.0
(9, 132)	3236	0.0
(1, 599)	3237	0.0
(11, 644)	3238	0.0
(11, 645)	3239	0.0
(7, 602)	3240	0.0
(8, 187)	3241	0.0
(11, 646)	3242	0.0
(7, 603)	3243	0.0
(11, 647)	3244	0.0
(7, 604)	3245	0.0
(1, 600)	3246	0.0
(1, 601)	3247	0.0
(2, 291)	3248	0.0
(11, 648)	3249	0.0
(11, 649)	3250	0.0
(2, 292)	3251	0.0
(12, 276)	3252	0.0
(2, 293)	3253	0.0
(12, 277)	3254	0.0
(2, 294)	3255	0.0
(2, 295)	3256	0.0
(2, 296)	3257	0.0
(11, 650)	3258	0.0
(11, 651)	3259	0.0
(2, 297)	3260	0.0
(11, 652)	3261	0.0
(11, 653)	3262	0.0
(11, 654)	3263	0.0
(11, 655)	3264	0.0
(11, 656)	3265	0.0
(11, 657)	3266	0.0
(9, 133)	3267	0.0
(2, 298)	3268	0.0
(9, 134)	3269	0.0
(12, 278)	3270	0.0
(11, 658)	3271	0.0
(5, 56)	3272	0.0
(11, 659)	3273	0.0
(9, 135)	3274	0.0
(11, 660)	3275	0.0
(2, 299)	3276	0.0
(11, 661)	3277	0.0
(11, 662)	3278	0.0
(11, 663)	3279	0.0
(9, 136)	3280	0.0
(2, 300)	3281	0.0
(2, 301)	3282	0.0
(11, 664)	3283	0.0
(11, 665)	3284	0.0
(2, 302)	3285	0.0
(3, 130)	3286	0.0
(3, 131)	3287	0.0
(3, 132)	3288	0.0
(1, 602)	3289	0.0
(2, 303)	3290	0.0
(8, 188)	3291	0.0
(7, 605)	3292	0.0
(2, 304)	3293	0.0
(7, 606)	3294	0.0
(7, 607)	3295	0.0
(20, 92)	3296	0.0
(7, 608)	3297	0.0
(1, 603)	3298	0.0
(7, 609)	3299	0.0
(8, 189)	3300	0.0
(7, 610)	3301	0.0
(11, 666)	3302	0.0
(2, 305)	3303	0.0
(3, 133)	3304	0.0
(2, 306)	3305	0.0
(11, 667)	3306	0.0
(11, 668)	3307	0.0
(8, 190)	3308	0.0
(12, 279)	3309	0.0
(7, 611)	3310	0.0
(2, 307)	3311	0.0
(3, 134)	3312	0.0
(3, 135)	3313	0.0
(4, 21)	3314	0.0
(2, 308)	3315	0.0
(11, 669)	3316	0.0
(11, 670)	3317	0.0
(11, 671)	3318	0.0
(11, 672)	3319	0.0
(12, 280)	3320	0.0
(11, 673)	3321	0.0
(2, 309)	3322	0.0
(4, 22)	3323	0.0
(11, 674)	3324	0.0
(2, 310)	3325	0.0
(11, 675)	3326	0.0
(8, 191)	3327	0.0
(1, 604)	3328	0.0
(1, 605)	3329	0.0
(7, 612)	3330	0.0
(12, 281)	3331	0.0
(7, 613)	3332	0.0
(8, 192)	3333	0.0
(8, 193)	3334	0.0
(1, 606)	3335	0.0
(11, 676)	3336	0.0
(7, 614)	3337	0.0
(11, 677)	3338	0.0
(1, 607)	3339	0.0
(11, 678)	3340	0.0
(8, 194)	3341	0.0
(7, 615)	3342	0.0
(11, 679)	3343	0.0
(7, 616)	3344	0.0
(11, 680)	3345	0.0
(18, 50)	3346	0.0
(11, 681)	3347	0.0
(11, 682)	3348	0.0
(11, 683)	3349	0.0
(11, 684)	3350	0.0
(2, 311)	3351	0.0
(2, 312)	3352	0.0
(2, 313)	3353	0.0
(12, 282)	3354	0.0
(14, 8)	3355	0.0
(2, 314)	3356	0.0
(2, 315)	3357	0.0
(3, 136)	3358	0.0
(11, 685)	3359	0.0
(12, 283)	3360	0.0
(13, 38)	3361	0.0
(12, 284)	3362	0.0
(11, 686)	3363	0.0
(12, 285)	3364	0.0
(2, 316)	3365	0.0
(2, 317)	3366	0.0
(2, 318)	3367	0.0
(11, 687)	3368	0.0
(11, 688)	3369	0.0
(2, 319)	3370	0.0
(11, 689)	3371	0.0
(11, 690)	3372	0.0
(11, 691)	3373	0.0
(12, 286)	3374	0.0
(11, 692)	3375	0.0
(11, 693)	3376	0.0
(18, 51)	3377	0.0
(11, 694)	3378	0.0
(11, 695)	3379	0.0
(8, 195)	3380	0.0
(2, 320)	3381	0.0
(2, 321)	3382	0.0
(2, 322)	3383	0.0
(1, 608)	3384	0.0
(2, 323)	3385	0.0
(11, 696)	3386	0.0
(8, 196)	3387	0.0
(11, 697)	3388	0.0
(7, 617)	3389	0.0
(7, 618)	3390	0.0
(12, 287)	3391	0.0
(2, 324)	3392	0.0
(3, 137)	3393	0.0
(3, 138)	3394	0.0
(11, 698)	3395	0.0
(7, 619)	3396	0.0
(11, 699)	3397	0.0
(8, 197)	3398	0.0
(9, 137)	3399	0.0
(3, 139)	3400	0.0
(12, 288)	3401	0.0
(12, 289)	3402	0.0
(11, 700)	3403	0.0
(11, 701)	3404	0.0
(2, 325)	3405	0.0
(11, 702)	3406	0.0
(12, 290)	3407	0.0
(11, 703)	3408	0.0
(11, 704)	3409	0.0
(11, 705)	3410	0.0
(11, 706)	3411	0.0
(2, 326)	3412	0.0
(2, 327)	3413	0.0
(3, 140)	3414	0.0
(3, 141)	3415	0.0
(2, 328)	3416	0.0
(11, 707)	3417	0.0
(11, 708)	3418	0.0
(5, 57)	3419	0.0
(2, 329)	3420	0.0
(3, 142)	3421	0.0
(11, 709)	3422	0.0
(9, 138)	3423	0.0
(11, 710)	3424	0.0
(8, 198)	3425	0.0
(11, 711)	3426	0.0
(11, 712)	3427	0.0
(2, 330)	3428	0.0
(12, 291)	3429	0.0
(2, 331)	3430	0.0
(2, 332)	3431	0.0
(12, 292)	3432	0.0
(12, 293)	3433	0.0
(12, 294)	3434	0.0
(12, 295)	3435	0.0
(2, 333)	3436	0.0
(2, 334)	3437	0.0
(2, 335)	3438	0.0
(3, 143)	3439	0.0
(4, 23)	3440	0.0
(7, 620)	3441	0.0
(20, 93)	3442	0.0
(8, 199)	3443	0.0
(17, 20)	3444	0.0
(11, 713)	3445	0.0
(11, 714)	3446	0.0
(8, 200)	3447	0.0
(1, 609)	3448	0.0
(2, 336)	3449	0.0
(11, 715)	3450	0.0
(12, 296)	3451	0.0
(12, 297)	3452	0.0
(2, 337)	3453	0.0
(2, 338)	3454	0.0
(2, 339)	3455	0.0
(5, 58)	3456	0.0
(2, 340)	3457	0.0
(2, 341)	3458	0.0
(3, 144)	3459	0.0
(24, 6)	3460	0.0
(2, 342)	3461	0.0
(12, 298)	3462	0.0
(2, 343)	3463	0.0
(2, 344)	3464	0.0
(3, 145)	3465	0.0
(2, 345)	3466	0.0
(3, 146)	3467	0.0
(3, 147)	3468	0.0
(4, 24)	3469	0.0
(6, 18)	3470	0.0
(2, 346)	3471	0.0
(11, 716)	3472	0.0
(11, 717)	3473	0.0
(9, 139)	3474	0.0
(11, 718)	3475	0.0
(8, 201)	3476	0.0
(8, 202)	3477	0.0
(12, 299)	3478	0.0
(12, 300)	3479	0.0
(5, 59)	3480	0.0
(2, 347)	3481	0.0
(11, 719)	3482	0.0
(11, 720)	3483	0.0
(2, 348)	3484	0.0
(2, 349)	3485	0.0
(3, 148)	3486	0.0
(3, 149)	3487	0.0
(4, 25)	3488	0.0
(11, 721)	3489	0.0
(11, 722)	3490	0.0
(3, 150)	3491	0.0
(12, 301)	3492	0.0
(12, 302)	3493	0.0
(12, 303)	3494	0.0
(12, 304)	3495	0.0
(5, 60)	3496	0.0
(11, 723)	3497	0.0
(11, 724)	3498	0.0
(11, 725)	3499	0.0
(2, 350)	3500	0.0
(2, 351)	3501	0.0
(4, 26)	3502	0.0
(24, 7)	3503	0.0
(2, 352)	3504	0.0
(2, 353)	3505	0.0
(2, 354)	3506	0.0
(11, 726)	3507	0.0
(2, 355)	3508	0.0
(2, 356)	3509	0.0
(2, 357)	3510	0.0
(2, 358)	3511	0.0
(11, 727)	3512	0.0
(2, 359)	3513	0.0
(2, 360)	3514	0.0
(5, 61)	3515	0.0
(12, 305)	3516	0.0
(11, 728)	3517	0.0
(2, 361)	3518	0.0
(3, 151)	3519	0.0
(3, 152)	3520	0.0
(4, 27)	3521	0.0
(24, 8)	3522	0.0
(7, 621)	3523	0.0
(11, 729)	3524	0.0
(11, 730)	3525	0.0
(4, 28)	3526	0.0
(2, 362)	3527	0.0
(5, 62)	3528	0.0
(12, 306)	3529	0.0
(12, 307)	3530	0.0
(2, 363)	3531	0.0
(11, 731)	3532	0.0
(11, 732)	3533	0.0
(5, 63)	3534	0.0
(11, 733)	3535	0.0
(12, 308)	3536	0.0
(3, 153)	3537	0.0
(12, 309)	3538	0.0
(5, 64)	3539	0.0
(5, 65)	3540	0.0
(11, 734)	3541	0.0
(11, 735)	3542	0.0
(11, 736)	3543	0.0
(11, 737)	3544	0.0
(11, 738)	3545	0.0
(2, 364)	3546	0.0
(11, 739)	3547	0.0
(2, 365)	3548	0.0
(3, 154)	3549	0.0
(12, 310)	3550	0.0
(2, 366)	3551	0.0
(3, 155)	3552	0.0
(11, 740)	3553	0.0
(11, 741)	3554	0.0
(1, 610)	3555	0.0
(2, 367)	3556	0.0
(3, 156)	3557	0.0
(5, 66)	3558	0.0
(7, 622)	3559	0.0
(11, 742)	3560	0.0
(12, 311)	3561	0.0
(11, 743)	3562	0.0
(2, 368)	3563	0.0
(3, 157)	3564	0.0
(2, 369)	3565	0.0
(2, 370)	3566	0.0
(2, 371)	3567	0.0
(2, 372)	3568	0.0
(3, 158)	3569	0.0
(11, 744)	3570	0.0
(11, 745)	3571	0.0
(11, 746)	3572	0.0
(11, 747)	3573	0.0
(11, 748)	3574	0.0
(5, 67)	3575	0.0
(2, 373)	3576	0.0
(3, 159)	3577	0.0
(4, 29)	3578	0.0
(4, 30)	3579	0.0
(2, 374)	3580	0.0
(11, 749)	3581	0.0
(8, 203)	3582	0.0
(2, 375)	3583	0.0
(12, 312)	3584	0.0
(11, 750)	3585	0.0
(12, 313)	3586	0.0
(2, 376)	3587	0.0
(2, 377)	3588	0.0
(2, 378)	3589	0.0
(3, 160)	3590	0.0
(4, 31)	3591	0.0
(12, 314)	3592	0.0
(2, 379)	3593	0.0
(3, 161)	3594	0.0
(4, 32)	3595	0.0
(11, 751)	3596	0.0
(11, 752)	3597	0.0
(2, 380)	3598	0.0
(4, 33)	3599	0.0
(2, 381)	3600	0.0
(3, 162)	3601	0.0
(6, 19)	3602	0.0
(2, 382)	3603	0.0
(2, 383)	3604	0.0
(11, 753)	3605	0.0
(11, 754)	3606	0.0
(11, 755)	3607	0.0
(11, 756)	3608	0.0
(2, 384)	3609	0.0
(11, 757)	3610	0.0
(12, 315)	3611	0.0
(2, 385)	3612	0.0
(11, 758)	3613	0.0
(2, 386)	3614	0.0
(11, 759)	3615	0.0
(12, 316)	3616	0.0
(9, 140)	3617	0.0
(11, 760)	3618	0.0
(11, 761)	3619	0.0
(12, 317)	3620	0.0
(11, 762)	3621	0.0
(8, 204)	3622	0.0
(8, 205)	3623	0.0
(11, 763)	3624	0.0
(11, 764)	3625	0.0
(11, 765)	3626	0.0
(11, 766)	3627	0.0
(11, 767)	3628	0.0
(11, 768)	3629	0.0
(2, 387)	3630	0.0
(11, 769)	3631	0.0
(8, 206)	3632	0.0
(8, 207)	3633	0.0
(8, 208)	3634	0.0
(11, 770)	3635	0.0
(12, 318)	3636	0.0
(5, 68)	3637	0.0
(12, 319)	3638	0.0
(2, 388)	3639	0.0
(3, 163)	3640	0.0
(11, 771)	3641	0.0
(11, 772)	3642	0.0
(5, 69)	3643	0.0
(3, 164)	3644	0.0
(5, 70)	3645	0.0
(3, 165)	3646	0.0
(12, 320)	3647	0.0
(12, 321)	3648	0.0
(11, 773)	3649	0.0
(3, 166)	3650	0.0
(5, 71)	3651	0.0
(2, 389)	3652	0.0
(2, 390)	3653	0.0
(2, 391)	3654	0.0
(11, 774)	3655	0.0
(11, 775)	3656	0.0
(11, 776)	3657	0.0
(11, 777)	3658	0.0
(11, 778)	3659	0.0
(11, 779)	3660	0.0
(4, 34)	3661	0.0
(5, 72)	3662	0.0
(2, 392)	3663	0.0
(11, 780)	3664	0.0
(11, 781)	3665	0.0
(11, 782)	3666	0.0
(11, 783)	3667	0.0
(2, 393)	3668	0.0
(2, 394)	3669	0.0
(2, 395)	3670	0.0
(2, 396)	3671	0.0
(3, 167)	3672	0.0
(12, 322)	3673	0.0
(11, 784)	3674	0.0
(11, 785)	3675	0.0
(11, 786)	3676	0.0
(11, 787)	3677	0.0
(3, 168)	3678	0.0
(12, 323)	3679	0.0
(12, 324)	3680	0.0
(9, 141)	3681	0.0
(11, 788)	3682	0.0
(11, 789)	3683	0.0
(2, 397)	3684	0.0
(11, 790)	3685	0.0
(2, 398)	3686	0.0
(2, 399)	3687	0.0
(3, 169)	3688	0.0
(5, 73)	3689	0.0
(5, 74)	3690	0.0
(9, 142)	3691	0.0
(9, 143)	3692	0.0
(12, 325)	3693	0.0
(5, 75)	3694	0.0
(13, 39)	3695	0.0
(7, 623)	3696	0.0
(8, 209)	3697	0.0
(9, 144)	3698	0.0
(11, 791)	3699	0.0
(8, 210)	3700	0.0
(7, 624)	3701	0.0
(1, 611)	3702	0.0
(1, 612)	3703	0.0
(7, 625)	3704	0.0
(1, 613)	3705	0.0
(7, 626)	3706	0.0
(1, 614)	3707	0.0
(7, 627)	3708	0.0
(11, 792)	3709	0.0
(1, 615)	3710	0.0
(2, 400)	3711	0.0
(2, 401)	3712	0.0
(3, 170)	3713	0.0
(4, 35)	3714	0.0
(5, 76)	3715	0.0
(1, 616)	3716	0.0
(1, 617)	3717	0.0
(1, 618)	3718	0.0
(7, 628)	3719	0.0
(2, 402)	3720	0.0
(7, 629)	3721	0.0
(11, 793)	3722	0.0
(11, 794)	3723	0.0
(11, 795)	3724	0.0
(12, 326)	3725	0.0
(3, 171)	3726	0.0
(7, 630)	3727	0.0
(11, 796)	3728	0.0
(1, 619)	3729	0.0
(2, 403)	3730	0.0
(11, 797)	3731	0.0
(11, 798)	3732	0.0
(1, 620)	3733	0.0
(1, 621)	3734	0.0
(1, 622)	3735	0.0
(1, 623)	3736	0.0
(1, 624)	3737	0.0
(1, 625)	3738	0.0
(11, 799)	3739	0.0
(11, 800)	3740	0.0
(8, 211)	3741	0.0
(7, 631)	3742	0.0
(11, 801)	3743	0.0
(8, 212)	3744	0.0
(1, 626)	3745	0.0
(3, 172)	3746	0.0
(11, 802)	3747	0.0
(8, 213)	3748	0.0
(1, 627)	3749	0.0
(1, 628)	3750	0.0
(7, 632)	3751	0.0
(7, 633)	3752	0.0
(11, 803)	3753	0.0
(11, 804)	3754	0.0
(2, 404)	3755	0.0
(2, 405)	3756	0.0
(4, 36)	3757	0.0
(4, 37)	3758	0.0
(11, 805)	3759	0.0
(11, 806)	3760	0.0
(2, 406)	3761	0.0
(2, 407)	3762	0.0
(11, 807)	3763	0.0
(8, 214)	3764	0.0
(4, 38)	3765	0.0
(4, 39)	3766	0.0
(11, 808)	3767	0.0
(8, 215)	3768	0.0
(2, 408)	3769	0.0
(11, 809)	3770	0.0
(3, 173)	3771	0.0
(11, 810)	3772	0.0
(11, 811)	3773	0.0
(12, 327)	3774	0.0
(11, 812)	3775	0.0
(9, 145)	3776	0.0
(2, 409)	3777	0.0
(2, 410)	3778	0.0
(5, 77)	3779	0.0
(9, 146)	3780	0.0
(12, 328)	3781	0.0
(12, 329)	3782	0.0
(2, 411)	3783	0.0
(2, 412)	3784	0.0
(12, 330)	3785	0.0
(12, 331)	3786	0.0
(1, 629)	3787	0.0
(12, 332)	3788	0.0
(11, 813)	3789	0.0
(2, 413)	3790	0.0
(12, 333)	3791	0.0
(11, 814)	3792	0.0
(2, 414)	3793	0.0
(12, 334)	3794	0.0
(5, 78)	3795	0.0
(5, 79)	3796	0.0
(8, 216)	3797	0.0
(8, 217)	3798	0.0
(2, 415)	3799	0.0
(11, 815)	3800	0.0
(5, 80)	3801	0.0
(3, 174)	3802	0.0
(1, 630)	3803	0.0
(11, 816)	3804	0.0
(11, 817)	3805	0.0
(11, 818)	3806	0.0
(11, 819)	3807	0.0
(11, 820)	3808	0.0
(11, 821)	3809	0.0
(12, 335)	3810	0.0
(2, 416)	3811	0.0
(2, 417)	3812	0.0
(2, 418)	3813	0.0
(2, 419)	3814	0.0
(2, 420)	3815	0.0
(2, 421)	3816	0.0
(2, 422)	3817	0.0
(2, 423)	3818	0.0
(11, 822)	3819	0.0
(11, 823)	3820	0.0
(3, 175)	3821	0.0
(11, 824)	3822	0.0
(12, 336)	3823	0.0
(11, 825)	3824	0.0
(11, 826)	3825	0.0
(12, 337)	3826	0.0
(11, 827)	3827	0.0
(2, 424)	3828	0.0
(3, 176)	3829	0.0
(12, 338)	3830	0.0
(2, 425)	3831	0.0
(2, 426)	3832	0.0
(12, 339)	3833	0.0
(2, 427)	3834	0.0
(2, 428)	3835	0.0
(9, 147)	3836	0.0
(7, 634)	3837	0.0
(11, 828)	3838	0.0
(1, 631)	3839	0.0
(1, 632)	3840	0.0
(1, 633)	3841	0.0
(1, 634)	3842	0.0
(1, 635)	3843	0.0
(2, 429)	3844	0.0
(8, 218)	3845	0.0
(9, 148)	3846	0.0
(11, 829)	3847	0.0
(11, 830)	3848	0.0
(11, 831)	3849	0.0
(11, 832)	3850	0.0
(2, 430)	3851	0.0
(2, 431)	3852	0.0
(2, 432)	3853	0.0
(11, 833)	3854	0.0
(11, 834)	3855	0.0
(2, 433)	3856	0.0
(2, 434)	3857	0.0
(3, 177)	3858	0.0
(3, 178)	3859	0.0
(12, 340)	3860	0.0
(12, 341)	3861	0.0
(11, 835)	3862	0.0
(11, 836)	3863	0.0
(7, 635)	3864	0.0
(7, 636)	3865	0.0
(7, 637)	3866	0.0
(20, 94)	3867	0.0
(9, 149)	3868	0.0
(7, 638)	3869	0.0
(7, 639)	3870	0.0
(7, 640)	3871	0.0
(7, 641)	3872	0.0
(1, 636)	3873	0.0
(3, 179)	3874	0.0
(4, 40)	3875	0.0
(1, 637)	3876	0.0
(11, 837)	3877	0.0
(1, 638)	3878	0.0
(1, 639)	3879	0.0
(7, 642)	3880	0.0
(7, 643)	3881	0.0
(7, 644)	3882	0.0
(7, 645)	3883	0.0
(20, 95)	3884	0.0
(20, 96)	3885	0.0
(12, 342)	3886	0.0
(1, 640)	3887	0.0
(2, 435)	3888	0.0
(3, 180)	3889	0.0
(1, 641)	3890	0.0
(11, 838)	3891	0.0
(12, 343)	3892	0.0
(1, 642)	3893	0.0
(11, 839)	3894	0.0
(8, 219)	3895	0.0
(18, 52)	3896	0.0
(2, 436)	3897	0.0
(2, 437)	3898	0.0
(2, 438)	3899	0.0
(2, 439)	3900	0.0
(11, 840)	3901	0.0
(7, 646)	3902	0.0
(7, 647)	3903	0.0
(11, 841)	3904	0.0
(11, 842)	3905	0.0
(11, 843)	3906	0.0
(2, 440)	3907	0.0
(11, 844)	3908	0.0
(8, 220)	3909	0.0
(11, 845)	3910	0.0
(11, 846)	3911	0.0
(11, 847)	3912	0.0
(11, 848)	3913	0.0
(11, 849)	3914	0.0
(2, 441)	3915	0.0
(11, 850)	3916	0.0
(11, 851)	3917	0.0
(12, 344)	3918	0.0
(9, 150)	3919	0.0
(2, 442)	3920	0.0
(3, 181)	3921	0.0
(11, 852)	3922	0.0
(3, 182)	3923	0.0
(2, 443)	3924	0.0
(12, 345)	3925	0.0
(11, 853)	3926	0.0
(8, 221)	3927	0.0
(11, 854)	3928	0.0
(11, 855)	3929	0.0
(9, 151)	3930	0.0
(11, 856)	3931	0.0
(11, 857)	3932	0.0
(12, 346)	3933	0.0
(2, 444)	3934	0.0
(11, 858)	3935	0.0
(12, 347)	3936	0.0
(2, 445)	3937	0.0
(11, 859)	3938	0.0
(11, 860)	3939	0.0
(11, 861)	3940	0.0
(18, 53)	3941	0.0
(11, 862)	3942	0.0
(8, 222)	3943	0.0
(8, 223)	3944	0.0
(8, 224)	3945	0.0
(1, 643)	3946	0.0
(7, 648)	3947	0.0
(1, 644)	3948	0.0
(1, 645)	3949	0.0
(11, 863)	3950	0.0
(11, 864)	3951	0.0
(11, 865)	3952	0.0
(11, 866)	3953	0.0
(11, 867)	3954	0.0
(1, 646)	3955	0.0
(1, 647)	3956	0.0
(1, 648)	3957	0.0
(7, 649)	3958	0.0
(7, 650)	3959	0.0
(20, 97)	3960	0.0
(21, 19)	3961	0.0
(1, 649)	3962	0.0
(7, 651)	3963	0.0
(7, 652)	3964	0.0
(7, 653)	3965	0.0
(20, 98)	3966	0.0
(11, 868)	3967	0.0
(11, 869)	3968	0.0
(1, 650)	3969	0.0
(7, 654)	3970	0.0
(7, 655)	3971	0.0
(7, 656)	3972	0.0
(2, 446)	3973	0.0
(12, 348)	3974	0.0
(12, 349)	3975	0.0
(3, 183)	3976	0.0
(3, 184)	3977	0.0
(2, 447)	3978	0.0
(3, 185)	3979	0.0
(3, 186)	3980	0.0
(11, 870)	3981	0.0
(11, 871)	3982	0.0
(11, 872)	3983	0.0
(12, 350)	3984	0.0
(11, 873)	3985	0.0
(11, 874)	3986	0.0
(11, 875)	3987	0.0
(2, 448)	3988	0.0
(12, 351)	3989	0.0
(5, 81)	3990	0.0
(11, 876)	3991	0.0
(11, 877)	3992	0.0
(11, 878)	3993	0.0
(11, 879)	3994	0.0
(5, 82)	3995	0.0
(11, 880)	3996	0.0
(5, 83)	3997	0.0
(5, 84)	3998	0.0
(11, 881)	3999	0.0
(8, 225)	4000	0.0
(8, 226)	4001	0.0
(18, 54)	4002	0.0
(11, 882)	4003	0.0
(11, 883)	4004	0.0
(5, 85)	4005	0.0
(11, 884)	4006	0.0
(1, 651)	4007	0.0
(11, 885)	4008	0.0
(5, 86)	4009	0.0
(11, 886)	4010	0.0
(2, 449)	4011	0.0
(3, 187)	4012	0.0
(11, 887)	4013	0.0
(11, 888)	4014	0.0
(1, 652)	4015	0.0
(11, 889)	4016	0.0
(11, 890)	4017	0.0
(11, 891)	4018	0.0
(1, 653)	4019	0.0
(1, 654)	4020	0.0
(2, 450)	4021	0.0
(2, 451)	4022	0.0
(11, 892)	4023	0.0
(15, 26)	4024	0.0
(3, 188)	4025	0.0
(3, 189)	4026	0.0
(11, 893)	4027	0.0
(11, 894)	4028	0.0
(12, 352)	4029	0.0
(11, 895)	4030	0.0
(12, 353)	4031	0.0
(12, 354)	4032	0.0
(12, 355)	4033	0.0
(2, 452)	4034	0.0
(12, 356)	4035	0.0
(3, 190)	4036	0.0
(5, 87)	4037	0.0
(12, 357)	4038	0.0
(12, 358)	4039	0.0
(11, 896)	4040	0.0
(11, 897)	4041	0.0
(3, 191)	4042	0.0
(5, 88)	4043	0.0
(2, 453)	4044	0.0
(9, 152)	4045	0.0
(2, 454)	4046	0.0
(2, 455)	4047	0.0
(4, 41)	4048	0.0
(7, 657)	4049	0.0
(7, 658)	4050	0.0
(7, 659)	4051	0.0
(11, 898)	4052	0.0
(11, 899)	4053	0.0
(3, 192)	4054	0.0
(2, 456)	4055	0.0
(2, 457)	4056	0.0
(11, 900)	4057	0.0
(11, 901)	4058	0.0
(2, 458)	4059	0.0
(11, 902)	4060	0.0
(8, 227)	4061	0.0
(2, 459)	4062	0.0
(11, 903)	4063	0.0
(8, 228)	4064	0.0
(11, 904)	4065	0.0
(7, 660)	4066	0.0
(11, 905)	4067	0.0
(7, 661)	4068	0.0
(7, 662)	4069	0.0
(7, 663)	4070	0.0
(8, 229)	4071	0.0
(7, 664)	4072	0.0
(11, 906)	4073	0.0
(9, 153)	4074	0.0
(11, 907)	4075	0.0
(7, 665)	4076	0.0
(7, 666)	4077	0.0
(7, 667)	4078	0.0
(7, 668)	4079	0.0
(7, 669)	4080	0.0
(11, 908)	4081	0.0
(1, 655)	4082	0.0
(7, 670)	4083	0.0
(7, 671)	4084	0.0
(7, 672)	4085	0.0
(11, 909)	4086	0.0
(2, 460)	4087	0.0
(12, 359)	4088	0.0
(5, 89)	4089	0.0
(7, 673)	4090	0.0
(11, 910)	4091	0.0
(11, 911)	4092	0.0
(9, 154)	4093	0.0
(1, 656)	4094	0.0
(11, 912)	4095	0.0
(11, 913)	4096	0.0
(12, 360)	4097	0.0
(12, 361)	4098	0.0
(12, 362)	4099	0.0
(9, 155)	4100	0.0
(11, 914)	4101	0.0
(12, 363)	4102	0.0
(11, 915)	4103	0.0
(11, 916)	4104	0.0
(1, 657)	4105	0.0
(8, 230)	4106	0.0
(2, 461)	4107	0.0
(2, 462)	4108	0.0
(7, 674)	4109	0.0
(7, 675)	4110	0.0
(2, 463)	4111	0.0
(8, 231)	4112	0.0
(7, 676)	4113	0.0
(11, 917)	4114	0.0
(8, 232)	4115	0.0
(1, 658)	4116	0.0
(1, 659)	4117	0.0
(11, 918)	4118	0.0
(11, 919)	4119	0.0
(1, 660)	4120	0.0
(3, 193)	4121	0.0
(3, 194)	4122	0.0
(12, 364)	4123	0.0
(1, 661)	4124	0.0
(1, 662)	4125	0.0
(2, 464)	4126	0.0
(11, 920)	4127	0.0
(12, 365)	4128	0.0
(7, 677)	4129	0.0
(1, 663)	4130	0.0
(11, 921)	4131	0.0
(11, 922)	4132	0.0
(12, 366)	4133	0.0
(2, 465)	4134	0.0
(8, 233)	4135	0.0
(11, 923)	4136	0.0
(11, 924)	4137	0.0
(3, 195)	4138	0.0
(11, 925)	4139	0.0
(5, 90)	4140	0.0
(2, 466)	4141	0.0
(11, 926)	4142	0.0
(1, 664)	4143	0.0
(7, 678)	4144	0.0
(11, 927)	4145	0.0
(11, 928)	4146	0.0
(12, 367)	4147	0.0
(7, 679)	4148	0.0
(20, 99)	4149	0.0
(11, 929)	4150	0.0
(11, 930)	4151	0.0
(7, 680)	4152	0.0
(7, 681)	4153	0.0
(7, 682)	4154	0.0
(8, 234)	4155	0.0
(1, 665)	4156	0.0
(12, 368)	4157	0.0
(12, 369)	4158	0.0
(3, 196)	4159	0.0
(2, 467)	4160	0.0
(3, 197)	4161	0.0
(6, 20)	4162	0.0
(11, 931)	4163	0.0
(11, 932)	4164	0.0
(11, 933)	4165	0.0
(11, 934)	4166	0.0
(2, 468)	4167	0.0
(12, 370)	4168	0.0
(3, 198)	4169	0.0
(4, 42)	4170	0.0
(24, 9)	4171	0.0
(11, 935)	4172	0.0
(12, 371)	4173	0.0
(11, 936)	4174	0.0
(12, 372)	4175	0.0
(11, 937)	4176	0.0
(1, 666)	4177	0.0
(11, 938)	4178	0.0
(3, 199)	4179	0.0
(12, 373)	4180	0.0
(1, 667)	4181	0.0
(11, 939)	4182	0.0
(12, 374)	4183	0.0
(2, 469)	4184	0.0
(3, 200)	4185	0.0
(9, 156)	4186	0.0
(3, 201)	4187	0.0
(12, 375)	4188	0.0
(12, 376)	4189	0.0
(12, 377)	4190	0.0
(1, 668)	4191	0.0
(12, 378)	4192	0.0
(11, 940)	4193	0.0
(11, 941)	4194	0.0
(11, 942)	4195	0.0
(2, 470)	4196	0.0
(11, 943)	4197	0.0
(12, 379)	4198	0.0
(12, 380)	4199	0.0
(2, 471)	4200	0.0
(5, 91)	4201	0.0
(12, 381)	4202	0.0
(8, 235)	4203	0.0
(4, 43)	4204	0.0
(12, 382)	4205	0.0
(4, 44)	4206	0.0
(5, 92)	4207	0.0
(2, 472)	4208	0.0
(12, 383)	4209	0.0
(1, 669)	4210	0.0
(2, 473)	4211	0.0
(12, 384)	4212	0.0
(5, 93)	4213	0.0
(3, 202)	4214	0.0
(1, 670)	4215	0.0
(11, 944)	4216	0.0
(9, 157)	4217	0.0
(11, 945)	4218	0.0
(11, 946)	4219	0.0
(2, 474)	4220	0.0
(2, 475)	4221	0.0
(12, 385)	4222	0.0
(9, 158)	4223	0.0
(11, 947)	4224	0.0
(7, 683)	4225	0.0
(7, 684)	4226	0.0
(7, 685)	4227	0.0
(2, 476)	4228	0.0
(11, 948)	4229	0.0
(1, 671)	4230	0.0
(11, 949)	4231	0.0
(2, 477)	4232	0.0
(11, 950)	4233	0.0
(11, 951)	4234	0.0
(11, 952)	4235	0.0
(12, 386)	4236	0.0
(24, 10)	4237	0.0
(1, 672)	4238	0.0
(11, 953)	4239	0.0
(12, 387)	4240	0.0
(3, 203)	4241	0.0
(7, 686)	4242	0.0
(7, 687)	4243	0.0
(8, 236)	4244	0.0
(1, 673)	4245	0.0
(11, 954)	4246	0.0
(11, 955)	4247	0.0
(12, 388)	4248	0.0
(12, 389)	4249	0.0
(2, 478)	4250	0.0
(3, 204)	4251	0.0
(3, 205)	4252	0.0
(12, 390)	4253	0.0
(11, 956)	4254	0.0
(12, 391)	4255	0.0
(2, 479)	4256	0.0
(3, 206)	4257	0.0
(4, 45)	4258	0.0
(4, 46)	4259	0.0
(5, 94)	4260	0.0
(12, 392)	4261	0.0
(12, 393)	4262	0.0
(2, 480)	4263	0.0
(3, 207)	4264	0.0
(3, 208)	4265	0.0
(12, 394)	4266	0.0
(3, 209)	4267	0.0
(11, 957)	4268	0.0
(12, 395)	4269	0.0
(2, 481)	4270	0.0
(2, 482)	4271	0.0
(3, 210)	4272	0.0
(4, 47)	4273	0.0
(7, 688)	4274	0.0
(7, 689)	4275	0.0
(7, 690)	4276	0.0
(2, 483)	4277	0.0
(2, 484)	4278	0.0
(11, 958)	4279	0.0
(11, 959)	4280	0.0
(11, 960)	4281	0.0
(4, 48)	4282	0.0
(2, 485)	4283	0.0
(9, 159)	4284	0.0
(11, 961)	4285	0.0
(9, 160)	4286	0.0
(12, 396)	4287	0.0
(7, 691)	4288	0.0
(7, 692)	4289	0.0
(2, 486)	4290	0.0
(1, 674)	4291	0.0
(7, 693)	4292	0.0
(11, 962)	4293	0.0
(8, 237)	4294	0.0
(1, 675)	4295	0.0
(2, 487)	4296	0.0
(4, 49)	4297	0.0
(11, 963)	4298	0.0
(7, 694)	4299	0.0
(7, 695)	4300	0.0
(20, 100)	4301	0.0
(8, 238)	4302	0.0
(8, 239)	4303	0.0
(7, 696)	4304	0.0
(7, 697)	4305	0.0
(7, 698)	4306	0.0
(7, 699)	4307	0.0
(7, 700)	4308	0.0
(20, 101)	4309	0.0
(11, 964)	4310	0.0
(11, 965)	4311	0.0
(7, 701)	4312	0.0
(7, 702)	4313	0.0
(11, 966)	4314	0.0
(1, 676)	4315	0.0
(12, 397)	4316	0.0
(12, 398)	4317	0.0
(12, 399)	4318	0.0
(2, 488)	4319	0.0
(5, 95)	4320	0.0
(2, 489)	4321	0.0
(7, 703)	4322	0.0
(2, 490)	4323	0.0
(2, 491)	4324	0.0
(1, 677)	4325	0.0
(1, 678)	4326	0.0
(2, 492)	4327	0.0
(11, 967)	4328	0.0
(3, 211)	4329	0.0
(3, 212)	4330	0.0
(3, 213)	4331	0.0
(24, 11)	4332	0.0
(7, 704)	4333	0.0
(7, 705)	4334	0.0
(11, 968)	4335	0.0
(11, 969)	4336	0.0
(11, 970)	4337	0.0
(1, 679)	4338	0.0
(12, 400)	4339	0.0
(4, 50)	4340	0.0
(24, 12)	4341	0.0
(11, 971)	4342	0.0
(11, 972)	4343	0.0
(2, 493)	4344	0.0
(2, 494)	4345	0.0
(4, 51)	4346	0.0
(3, 214)	4347	0.0
(3, 215)	4348	0.0
(12, 401)	4349	0.0
(2, 495)	4350	0.0
(11, 973)	4351	0.0
(12, 402)	4352	0.0
(3, 216)	4353	0.0
(3, 217)	4354	0.0
(4, 52)	4355	0.0
(11, 974)	4356	0.0
(12, 403)	4357	0.0
(12, 404)	4358	0.0
(11, 975)	4359	0.0
(13, 40)	4360	0.0
(12, 405)	4361	0.0
(1, 680)	4362	0.0
(2, 496)	4363	0.0
(11, 976)	4364	0.0
(1, 681)	4365	0.0
(11, 977)	4366	0.0
(15, 27)	4367	0.0
(13, 41)	4368	0.0
(3, 218)	4369	0.0
(2, 497)	4370	0.0
(2, 498)	4371	0.0
(11, 978)	4372	0.0
(11, 979)	4373	0.0
(11, 980)	4374	0.0
(11, 981)	4375	0.0
(12, 406)	4376	0.0
(7, 706)	4377	0.0
(11, 982)	4378	0.0
(8, 240)	4379	0.0
(9, 161)	4380	0.0
(7, 707)	4381	0.0
(7, 708)	4382	0.0
(11, 983)	4383	0.0
(8, 241)	4384	0.0
(2, 499)	4385	0.0
(2, 500)	4386	0.0
(3, 219)	4387	0.0
(2, 501)	4388	0.0
(8, 242)	4389	0.0
(8, 243)	4390	0.0
(7, 709)	4391	0.0
(7, 710)	4392	0.0
(20, 102)	4393	0.0
(7, 711)	4394	0.0
(20, 103)	4395	0.0
(20, 104)	4396	0.0
(22, 21)	4397	0.0
(20, 105)	4398	0.0
(1, 682)	4399	0.0
(7, 712)	4400	0.0
(7, 713)	4401	0.0
(7, 714)	4402	0.0
(21, 20)	4403	0.0
(7, 715)	4404	0.0
(20, 106)	4405	0.0
(22, 22)	4406	0.0
(1, 683)	4407	0.0
(7, 716)	4408	0.0
(20, 107)	4409	0.0
(20, 108)	4410	0.0
(7, 717)	4411	0.0
(7, 718)	4412	0.0
(7, 719)	4413	0.0
(1, 684)	4414	0.0
(7, 720)	4415	0.0
(7, 721)	4416	0.0
(7, 722)	4417	0.0
(20, 109)	4418	0.0
(21, 21)	4419	0.0
(11, 984)	4420	0.0
(11, 985)	4421	0.0
(2, 502)	4422	0.0
(3, 220)	4423	0.0
(2, 503)	4424	0.0
(2, 504)	4425	0.0
(2, 505)	4426	0.0
(5, 96)	4427	0.0
(12, 407)	4428	0.0
(1, 685)	4429	0.0
(11, 986)	4430	0.0
(7, 723)	4431	0.0
(7, 724)	4432	0.0
(7, 725)	4433	0.0
(11, 987)	4434	0.0
(12, 408)	4435	0.0
(12, 409)	4436	0.0
(2, 506)	4437	0.0
(11, 988)	4438	0.0
(2, 507)	4439	0.0
(12, 410)	4440	0.0
(11, 989)	4441	0.0
(11, 990)	4442	0.0
(8, 244)	4443	0.0
(9, 162)	4444	0.0
(9, 163)	4445	0.0
(12, 411)	4446	0.0
(5, 97)	4447	0.0
(11, 991)	4448	0.0
(4, 53)	4449	0.0
(4, 54)	4450	0.0
(5, 98)	4451	0.0
(11, 992)	4452	0.0
(8, 245)	4453	0.0
(11, 993)	4454	0.0
(11, 994)	4455	0.0
(11, 995)	4456	0.0
(7, 726)	4457	0.0
(11, 996)	4458	0.0
(12, 412)	4459	0.0
(3, 221)	4460	0.0
(3, 222)	4461	0.0
(1, 686)	4462	0.0
(2, 508)	4463	0.0
(9, 164)	4464	0.0
(3, 223)	4465	0.0
(12, 413)	4466	0.0
(3, 224)	4467	0.0
(3, 225)	4468	0.0
(12, 414)	4469	0.0
(3, 226)	4470	0.0
(4, 55)	4471	0.0
(6, 21)	4472	0.0
(9, 165)	4473	0.0
(12, 415)	4474	0.0
(7, 727)	4475	0.0
(7, 728)	4476	0.0
(11, 997)	4477	0.0
(12, 416)	4478	0.0
(12, 417)	4479	0.0
(2, 509)	4480	0.0
(2, 510)	4481	0.0
(11, 998)	4482	0.0
(12, 418)	4483	0.0
(4, 56)	4484	0.0
(12, 419)	4485	0.0
(3, 227)	4486	0.0
(4, 57)	4487	0.0
(12, 420)	4488	0.0
(12, 421)	4489	0.0
(11, 999)	4490	0.0
(2, 511)	4491	0.0
(2, 512)	4492	0.0
(12, 422)	4493	0.0
(9, 166)	4494	0.0
(11, 1000)	4495	0.0
(2, 513)	4496	0.0
(2, 514)	4497	0.0
(11, 1001)	4498	0.0
(11, 1002)	4499	0.0
(8, 246)	4500	0.0
(8, 247)	4501	0.0
(8, 248)	4502	0.0
(2, 515)	4503	0.0
(11, 1003)	4504	0.0
(11, 1004)	4505	0.0
(11, 1005)	4506	0.0
(2, 516)	4507	0.0
(2, 517)	4508	0.0
(4, 58)	4509	0.0
(11, 1006)	4510	0.0
(12, 423)	4511	0.0
(11, 1007)	4512	0.0
(11, 1008)	4513	0.0
(1, 687)	4514	0.0
(12, 424)	4515	0.0
(12, 425)	4516	0.0
(20, 110)	4517	0.0
(7, 729)	4518	0.0
(7, 730)	4519	0.0
(7, 731)	4520	0.0
(20, 111)	4521	0.0
(21, 22)	4522	0.0
(7, 732)	4523	0.0
(20, 112)	4524	0.0
(20, 113)	4525	0.0
(20, 114)	4526	0.0
(1, 688)	4527	0.0
(1, 689)	4528	0.0
(7, 733)	4529	0.0
(7, 734)	4530	0.0
(11, 1009)	4531	0.0
(7, 735)	4532	0.0
(7, 736)	4533	0.0
(7, 737)	4534	0.0
(1, 690)	4535	0.0
(7, 738)	4536	0.0
(7, 739)	4537	0.0
(1, 691)	4538	0.0
(7, 740)	4539	0.0
(7, 741)	4540	0.0
(20, 115)	4541	0.0
(2, 518)	4542	0.0
(3, 228)	4543	0.0
(12, 426)	4544	0.0
(1, 692)	4545	0.0
(11, 1010)	4546	0.0
(7, 742)	4547	0.0
(11, 1011)	4548	0.0
(3, 229)	4549	0.0
(3, 230)	4550	0.0
(12, 427)	4551	0.0
(11, 1012)	4552	0.0
(1, 693)	4553	0.0
(12, 428)	4554	0.0
(11, 1013)	4555	0.0
(12, 429)	4556	0.0
(9, 167)	4557	0.0
(11, 1014)	4558	0.0
(11, 1015)	4559	0.0
(8, 249)	4560	0.0
(2, 519)	4561	0.0
(11, 1016)	4562	0.0
(11, 1017)	4563	0.0
(9, 168)	4564	0.0
(1, 694)	4565	0.0
(5, 99)	4566	0.0
(3, 231)	4567	0.0
(12, 430)	4568	0.0
(9, 169)	4569	0.0
(3, 232)	4570	0.0
(4, 59)	4571	0.0
(12, 431)	4572	0.0
(12, 432)	4573	0.0
(9, 170)	4574	0.0
(2, 520)	4575	0.0
(7, 743)	4576	0.0
(20, 116)	4577	0.0
(7, 744)	4578	0.0
(20, 117)	4579	0.0
(2, 521)	4580	0.0
(2, 522)	4581	0.0
(3, 233)	4582	0.0
(2, 523)	4583	0.0
(11, 1018)	4584	0.0
(12, 433)	4585	0.0
(2, 524)	4586	0.0
(8, 250)	4587	0.0
(9, 171)	4588	0.0
(7, 745)	4589	0.0
(11, 1019)	4590	0.0
(8, 251)	4591	0.0
(8, 252)	4592	0.0
(7, 746)	4593	0.0
(11, 1020)	4594	0.0
(1, 695)	4595	0.0
(2, 525)	4596	0.0
(4, 60)	4597	0.0
(4, 61)	4598	0.0
(1, 696)	4599	0.0
(11, 1021)	4600	0.0
(11, 1022)	4601	0.0
(8, 253)	4602	0.0
(11, 1023)	4603	0.0
(2, 526)	4604	0.0
(7, 747)	4605	0.0
(8, 254)	4606	0.0
(7, 748)	4607	0.0
(7, 749)	4608	0.0
(9, 172)	4609	0.0
(11, 1024)	4610	0.0
(2, 527)	4611	0.0
(3, 234)	4612	0.0
(4, 62)	4613	0.0
(7, 750)	4614	0.0
(7, 751)	4615	0.0
(7, 752)	4616	0.0
(2, 528)	4617	0.0
(2, 529)	4618	0.0
(12, 434)	4619	0.0
(11, 1025)	4620	0.0
(2, 530)	4621	0.0
(1, 697)	4622	0.0
(2, 531)	4623	0.0
(4, 63)	4624	0.0
(11, 1026)	4625	0.0
(12, 435)	4626	0.0
(11, 1027)	4627	0.0
(12, 436)	4628	0.0
(2, 532)	4629	0.0
(3, 235)	4630	0.0
(4, 64)	4631	0.0
(3, 236)	4632	0.0
(12, 437)	4633	0.0
(12, 438)	4634	0.0
(12, 439)	4635	0.0
(11, 1028)	4636	0.0
(11, 1029)	4637	0.0
(11, 1030)	4638	0.0
(8, 255)	4639	0.0
(9, 173)	4640	0.0
(2, 533)	4641	0.0
(5, 100)	4642	0.0
(1, 698)	4643	0.0
(3, 237)	4644	0.0
(24, 13)	4645	0.0
(11, 1031)	4646	0.0
(1, 699)	4647	0.0
(7, 753)	4648	0.0
(7, 754)	4649	0.0
(2, 534)	4650	0.0
(11, 1032)	4651	0.0
(11, 1033)	4652	0.0
(9, 174)	4653	0.0
(1, 700)	4654	0.0
(11, 1034)	4655	0.0
(11, 1035)	4656	0.0
(11, 1036)	4657	0.0
(2, 535)	4658	0.0
(11, 1037)	4659	0.0
(11, 1038)	4660	0.0
(2, 536)	4661	0.0
(2, 537)	4662	0.0
(2, 538)	4663	0.0
(24, 14)	4664	0.0
(7, 755)	4665	0.0
(7, 756)	4666	0.0
(11, 1039)	4667	0.0
(8, 256)	4668	0.0
(11, 1040)	4669	0.0
(3, 238)	4670	0.0
(2, 539)	4671	0.0
(2, 540)	4672	0.0
(2, 541)	4673	0.0
(11, 1041)	4674	0.0
(11, 1042)	4675	0.0
(8, 257)	4676	0.0
(1, 701)	4677	0.0
(11, 1043)	4678	0.0
(11, 1044)	4679	0.0
(11, 1045)	4680	0.0
(7, 757)	4681	0.0
(20, 118)	4682	0.0
(11, 1046)	4683	0.0
(13, 42)	4684	0.0
(2, 542)	4685	0.0
(12, 440)	4686	0.0
(12, 441)	4687	0.0
(12, 442)	4688	0.0
(7, 758)	4689	0.0
(8, 258)	4690	0.0
(7, 759)	4691	0.0
(7, 760)	4692	0.0
(3, 239)	4693	0.0
(4, 65)	4694	0.0
(1, 702)	4695	0.0
(7, 761)	4696	0.0
(1, 703)	4697	0.0
(7, 762)	4698	0.0
(1, 704)	4699	0.0
(1, 705)	4700	0.0
(11, 1047)	4701	0.0
(8, 259)	4702	0.0
(1, 706)	4703	0.0
(1, 707)	4704	0.0
(7, 763)	4705	0.0
(7, 764)	4706	0.0
(8, 260)	4707	0.0
(7, 765)	4708	0.0
(8, 261)	4709	0.0
(1, 708)	4710	0.0
(7, 766)	4711	0.0
(7, 767)	4712	0.0
(9, 175)	4713	0.0
(7, 768)	4714	0.0
(1, 709)	4715	0.0
(7, 769)	4716	0.0
(7, 770)	4717	0.0
(7, 771)	4718	0.0
(7, 772)	4719	0.0
(11, 1048)	4720	0.0
(9, 176)	4721	0.0
(3, 240)	4722	0.0
(3, 241)	4723	0.0
(4, 66)	4724	0.0
(11, 1049)	4725	0.0
(5, 101)	4726	0.0
(3, 242)	4727	0.0
(11, 1050)	4728	0.0
(11, 1051)	4729	0.0
(11, 1052)	4730	0.0
(11, 1053)	4731	0.0
(12, 443)	4732	0.0
(11, 1054)	4733	0.0
(11, 1055)	4734	0.0
(8, 262)	4735	0.0
(6, 22)	4736	0.0
(2, 543)	4737	0.0
(11, 1056)	4738	0.0
(11, 1057)	4739	0.0
(1, 710)	4740	0.0
(7, 773)	4741	0.0
(7, 774)	4742	0.0
(1, 711)	4743	0.0
(7, 775)	4744	0.0
(7, 776)	4745	0.0
(7, 777)	4746	0.0
(11, 1058)	4747	0.0
(7, 778)	4748	0.0
(7, 779)	4749	0.0
(1, 712)	4750	0.0
(1, 713)	4751	0.0
(11, 1059)	4752	0.0
(12, 444)	4753	0.0
(1, 714)	4754	0.0
(11, 1060)	4755	0.0
(11, 1061)	4756	0.0
(11, 1062)	4757	0.0
(7, 780)	4758	0.0
(2, 544)	4759	0.0
(11, 1063)	4760	0.0
(11, 1064)	4761	0.0
(2, 545)	4762	0.0
(2, 546)	4763	0.0
(2, 547)	4764	0.0
(11, 1065)	4765	0.0
(11, 1066)	4766	0.0
(11, 1067)	4767	0.0
(2, 548)	4768	0.0
(12, 445)	4769	0.0
(11, 1068)	4770	0.0
(2, 549)	4771	0.0
(4, 67)	4772	0.0
(8, 263)	4773	0.0
(12, 446)	4774	0.0
(1, 715)	4775	0.0
(3, 243)	4776	0.0
(12, 447)	4777	0.0
(11, 1069)	4778	0.0
(11, 1070)	4779	0.0
(11, 1071)	4780	0.0
(2, 550)	4781	0.0
(12, 448)	4782	0.0
(11, 1072)	4783	0.0
(11, 1073)	4784	0.0
(11, 1074)	4785	0.0
(12, 449)	4786	0.0
(2, 551)	4787	0.0
(11, 1075)	4788	0.0
(1, 716)	4789	0.0
(1, 717)	4790	0.0
(11, 1076)	4791	0.0
(11, 1077)	4792	0.0
(15, 28)	4793	0.0
(1, 718)	4794	0.0
(11, 1078)	4795	0.0
(1, 719)	4796	0.0
(7, 781)	4797	0.0
(11, 1079)	4798	0.0
(12, 450)	4799	0.0
(11, 1080)	4800	0.0
(12, 451)	4801	0.0
(11, 1081)	4802	0.0
(12, 452)	4803	0.0
(2, 552)	4804	0.0
(3, 244)	4805	0.0
(12, 453)	4806	0.0
(2, 553)	4807	0.0
(2, 554)	4808	0.0
(3, 245)	4809	0.0
(11, 1082)	4810	0.0
(12, 454)	4811	0.0
(1, 720)	4812	0.0
(8, 264)	4813	0.0
(8, 265)	4814	0.0
(7, 782)	4815	0.0
(7, 783)	4816	0.0
(20, 119)	4817	0.0
(4, 68)	4818	0.0
(2, 555)	4819	0.0
(2, 556)	4820	0.0
(11, 1083)	4821	0.0
(5, 102)	4822	0.0
(11, 1084)	4823	0.0
(4, 69)	4824	0.0
(7, 784)	4825	0.0
(7, 785)	4826	0.0
(11, 1085)	4827	0.0
(7, 786)	4828	0.0
(8, 266)	4829	0.0
(1, 721)	4830	0.0
(7, 787)	4831	0.0
(7, 788)	4832	0.0
(7, 789)	4833	0.0
(11, 1086)	4834	0.0
(2, 557)	4835	0.0
(1, 722)	4836	0.0
(11, 1087)	4837	0.0
(11, 1088)	4838	0.0
(2, 558)	4839	0.0
(12, 455)	4840	0.0
(1, 723)	4841	0.0
(7, 790)	4842	0.0
(7, 791)	4843	0.0
(3, 246)	4844	0.0
(12, 456)	4845	0.0
(12, 457)	4846	0.0
(12, 458)	4847	0.0
(2, 559)	4848	0.0
(5, 103)	4849	0.0
(5, 104)	4850	0.0
(3, 247)	4851	0.0
(4, 70)	4852	0.0
(7, 792)	4853	0.0
(3, 248)	4854	0.0
(11, 1089)	4855	0.0
(11, 1090)	4856	0.0
(11, 1091)	4857	0.0
(11, 1092)	4858	0.0
(11, 1093)	4859	0.0
(1, 724)	4860	0.0
(1, 725)	4861	0.0
(7, 793)	4862	0.0
(7, 794)	4863	0.0
(11, 1094)	4864	0.0
(11, 1095)	4865	0.0
(11, 1096)	4866	0.0
(5, 105)	4867	0.0
(12, 459)	4868	0.0
(5, 106)	4869	0.0
(5, 107)	4870	0.0
(6, 23)	4871	0.0
(12, 460)	4872	0.0
(12, 461)	4873	0.0
(12, 462)	4874	0.0
(3, 249)	4875	0.0
(2, 560)	4876	0.0
(3, 250)	4877	0.0
(5, 108)	4878	0.0
(11, 1097)	4879	0.0
(8, 267)	4880	0.0
(12, 463)	4881	0.0
(11, 1098)	4882	0.0
(2, 561)	4883	0.0
(12, 464)	4884	0.0
(8, 268)	4885	0.0
(8, 269)	4886	0.0
(12, 465)	4887	0.0
(9, 177)	4888	0.0
(3, 251)	4889	0.0
(3, 252)	4890	0.0
(12, 466)	4891	0.0
(12, 467)	4892	0.0
(11, 1099)	4893	0.0
(4, 71)	4894	0.0
(6, 24)	4895	0.0
(11, 1100)	4896	0.0
(8, 270)	4897	0.0
(8, 271)	4898	0.0
(24, 15)	4899	0.0
(12, 468)	4900	0.0
(11, 1101)	4901	0.0
(11, 1102)	4902	0.0
(7, 795)	4903	0.0
(1, 726)	4904	0.0
(1, 727)	4905	0.0
(7, 796)	4906	0.0
(7, 797)	4907	0.0
(20, 120)	4908	0.0
(22, 23)	4909	0.0
(11, 1103)	4910	0.0
(1, 728)	4911	0.0
(1, 729)	4912	0.0
(7, 798)	4913	0.0
(7, 799)	4914	0.0
(11, 1104)	4915	0.0
(7, 800)	4916	0.0
(7, 801)	4917	0.0
(7, 802)	4918	0.0
(11, 1105)	4919	0.0
(3, 253)	4920	0.0
(3, 254)	4921	0.0
(12, 469)	4922	0.0
(5, 109)	4923	0.0
(6, 25)	4924	0.0
(11, 1106)	4925	0.0
(7, 803)	4926	0.0
(7, 804)	4927	0.0
(11, 1107)	4928	0.0
(11, 1108)	4929	0.0
(2, 562)	4930	0.0
(4, 72)	4931	0.0
(4, 73)	4932	0.0
(7, 805)	4933	0.0
(3, 255)	4934	0.0
(12, 470)	4935	0.0
(12, 471)	4936	0.0
(2, 563)	4937	0.0
(12, 472)	4938	0.0
(1, 730)	4939	0.0
(1, 731)	4940	0.0
(7, 806)	4941	0.0
(7, 807)	4942	0.0
(20, 121)	4943	0.0
(1, 732)	4944	0.0
(7, 808)	4945	0.0
(7, 809)	4946	0.0
(7, 810)	4947	0.0
(11, 1109)	4948	0.0
(11, 1110)	4949	0.0
(7, 811)	4950	0.0
(7, 812)	4951	0.0
(7, 813)	4952	0.0
(1, 733)	4953	0.0
(1, 734)	4954	0.0
(2, 564)	4955	0.0
(7, 814)	4956	0.0
(12, 473)	4957	0.0
(2, 565)	4958	0.0
(11, 1111)	4959	0.0
(11, 1112)	4960	0.0
(2, 566)	4961	0.0
(8, 272)	4962	0.0
(11, 1113)	4963	0.0
(1, 735)	4964	0.0
(12, 474)	4965	0.0
(11, 1114)	4966	0.0
(1, 736)	4967	0.0
(2, 567)	4968	0.0
(11, 1115)	4969	0.0
(11, 1116)	4970	0.0
(1, 737)	4971	0.0
(2, 568)	4972	0.0
(11, 1117)	4973	0.0
(11, 1118)	4974	0.0
(18, 55)	4975	0.0
(2, 569)	4976	0.0
(12, 475)	4977	0.0
(12, 476)	4978	0.0
(5, 110)	4979	0.0
(7, 815)	4980	0.0
(3, 256)	4981	0.0
(3, 257)	4982	0.0
(3, 258)	4983	0.0
(5, 111)	4984	0.0
(4, 74)	4985	0.0
(5, 112)	4986	0.0
(12, 477)	4987	0.0
(3, 259)	4988	0.0
(12, 478)	4989	0.0
(11, 1119)	4990	0.0
(8, 273)	4991	0.0
(18, 56)	4992	0.0
(1, 738)	4993	0.0
(1, 739)	4994	0.0
(2, 570)	4995	0.0
(11, 1120)	4996	0.0
(11, 1121)	4997	0.0
(11, 1122)	4998	0.0
(8, 274)	4999	0.0
(2, 571)	5000	0.0
(3, 260)	5001	0.0
(12, 479)	5002	0.0
(9, 178)	5003	0.0
(5, 113)	5004	0.0
(12, 480)	5005	0.0
(4, 75)	5006	0.0
(5, 114)	5007	0.0
(11, 1123)	5008	0.0
(11, 1124)	5009	0.0
(2, 572)	5010	0.0
(2, 573)	5011	0.0
(11, 1125)	5012	0.0
(7, 816)	5013	0.0
(7, 817)	5014	0.0
(2, 574)	5015	0.0
(11, 1126)	5016	0.0
(11, 1127)	5017	0.0
(11, 1128)	5018	0.0
(3, 261)	5019	0.0
(7, 818)	5020	0.0
(2, 575)	5021	0.0
(2, 576)	5022	0.0
(12, 481)	5023	0.0
(2, 577)	5024	0.0
(7, 819)	5025	0.0
(7, 820)	5026	0.0
(7, 821)	5027	0.0
(7, 822)	5028	0.0
(1, 740)	5029	0.0
(7, 823)	5030	0.0
(7, 824)	5031	0.0
(2, 578)	5032	0.0
(11, 1129)	5033	0.0
(11, 1130)	5034	0.0
(11, 1131)	5035	0.0
(8, 275)	5036	0.0
(11, 1132)	5037	0.0
(11, 1133)	5038	0.0
(3, 262)	5039	0.0
(3, 263)	5040	0.0
(12, 482)	5041	0.0
(12, 483)	5042	0.0
(11, 1134)	5043	0.0
(11, 1135)	5044	0.0
(8, 276)	5045	0.0
(12, 484)	5046	0.0
(9, 179)	5047	0.0
(11, 1136)	5048	0.0
(7, 825)	5049	0.0
(11, 1137)	5050	0.0
(7, 826)	5051	0.0
(7, 827)	5052	0.0
(2, 579)	5053	0.0
(11, 1138)	5054	0.0
(11, 1139)	5055	0.0
(8, 277)	5056	0.0
(11, 1140)	5057	0.0
(7, 828)	5058	0.0
(7, 829)	5059	0.0
(5, 115)	5060	0.0
(11, 1141)	5061	0.0
(3, 264)	5062	0.0
(11, 1142)	5063	0.0
(11, 1143)	5064	0.0
(3, 265)	5065	0.0
(3, 266)	5066	0.0
(12, 485)	5067	0.0
(11, 1144)	5068	0.0
(11, 1145)	5069	0.0
(11, 1146)	5070	0.0
(3, 267)	5071	0.0
(11, 1147)	5072	0.0
(12, 486)	5073	0.0
(12, 487)	5074	0.0
(11, 1148)	5075	0.0
(9, 180)	5076	0.0
(11, 1149)	5077	0.0
(8, 278)	5078	0.0
(11, 1150)	5079	0.0
(11, 1151)	5080	0.0
(8, 279)	5081	0.0
(7, 830)	5082	0.0
(2, 580)	5083	0.0
(3, 268)	5084	0.0
(2, 581)	5085	0.0
(2, 582)	5086	0.0
(12, 488)	5087	0.0
(2, 583)	5088	0.0
(2, 584)	5089	0.0
(1, 741)	5090	0.0
(2, 585)	5091	0.0
(1, 742)	5092	0.0
(1, 743)	5093	0.0
(2, 586)	5094	0.0
(3, 269)	5095	0.0
(11, 1152)	5096	0.0
(9, 181)	5097	0.0
(11, 1153)	5098	0.0
(12, 489)	5099	0.0
(11, 1154)	5100	0.0
(11, 1155)	5101	0.0
(1, 744)	5102	0.0
(1, 745)	5103	0.0
(7, 831)	5104	0.0
(7, 832)	5105	0.0
(20, 122)	5106	0.0
(1, 746)	5107	0.0
(1, 747)	5108	0.0
(1, 748)	5109	0.0
(1, 749)	5110	0.0
(7, 833)	5111	0.0
(7, 834)	5112	0.0
(7, 835)	5113	0.0
(11, 1156)	5114	0.0
(1, 750)	5115	0.0
(7, 836)	5116	0.0
(7, 837)	5117	0.0
(7, 838)	5118	0.0
(11, 1157)	5119	0.0
(2, 587)	5120	0.0
(7, 839)	5121	0.0
(9, 182)	5122	0.0
(7, 840)	5123	0.0
(8, 280)	5124	0.0
(11, 1158)	5125	0.0
(9, 183)	5126	0.0
(1, 751)	5127	0.0
(7, 841)	5128	0.0
(7, 842)	5129	0.0
(12, 490)	5130	0.0
(1, 752)	5131	0.0
(7, 843)	5132	0.0
(7, 844)	5133	0.0
(20, 123)	5134	0.0
(2, 588)	5135	0.0
(11, 1159)	5136	0.0
(12, 491)	5137	0.0
(11, 1160)	5138	0.0
(11, 1161)	5139	0.0
(2, 589)	5140	0.0
(12, 492)	5141	0.0
(3, 270)	5142	0.0
(12, 493)	5143	0.0
(1, 753)	5144	0.0
(11, 1162)	5145	0.0
(11, 1163)	5146	0.0
(12, 494)	5147	0.0
(11, 1164)	5148	0.0
(11, 1165)	5149	0.0
(11, 1166)	5150	0.0
(12, 495)	5151	0.0
(7, 845)	5152	0.0
(11, 1167)	5153	0.0
(11, 1168)	5154	0.0
(8, 281)	5155	0.0
(8, 282)	5156	0.0
(11, 1169)	5157	0.0
(1, 754)	5158	0.0
(1, 755)	5159	0.0
(7, 846)	5160	0.0
(20, 124)	5161	0.0
(2, 590)	5162	0.0
(2, 591)	5163	0.0
(7, 847)	5164	0.0
(7, 848)	5165	0.0
(8, 283)	5166	0.0
(7, 849)	5167	0.0
(20, 125)	5168	0.0
(1, 756)	5169	0.0
(2, 592)	5170	0.0
(12, 496)	5171	0.0
(2, 593)	5172	0.0
(2, 594)	5173	0.0
(2, 595)	5174	0.0
(20, 126)	5175	0.0
(20, 127)	5176	0.0
(2, 596)	5177	0.0
(2, 597)	5178	0.0
(2, 598)	5179	0.0
(11, 1170)	5180	0.0
(8, 284)	5181	0.0
(2, 599)	5182	0.0
(2, 600)	5183	0.0
(2, 601)	5184	0.0
(7, 850)	5185	0.0
(7, 851)	5186	0.0
(7, 852)	5187	0.0
(7, 853)	5188	0.0
(7, 854)	5189	0.0
(7, 855)	5190	0.0
(7, 856)	5191	0.0
(1, 757)	5192	0.0
(7, 857)	5193	0.0
(7, 858)	5194	0.0
(11, 1171)	5195	0.0
(12, 497)	5196	0.0
(7, 859)	5197	0.0
(4, 76)	5198	0.0
(2, 602)	5199	0.0
(12, 498)	5200	0.0
(2, 603)	5201	0.0
(12, 499)	5202	0.0
(2, 604)	5203	0.0
(2, 605)	5204	0.0
(12, 500)	5205	0.0
(3, 271)	5206	0.0
(2, 606)	5207	0.0
(11, 1172)	5208	0.0
(7, 860)	5209	0.0
(7, 861)	5210	0.0
(7, 862)	5211	0.0
(7, 863)	5212	0.0
(7, 864)	5213	0.0
(7, 865)	5214	0.0
(2, 607)	5215	0.0
(2, 608)	5216	0.0
(12, 501)	5217	0.0
(7, 866)	5218	0.0
(9, 184)	5219	0.0
(2, 609)	5220	0.0
(4, 77)	5221	0.0
(12, 502)	5222	0.0
(7, 867)	5223	0.0
(7, 868)	5224	0.0
(8, 285)	5225	0.0
(11, 1173)	5226	0.0
(3, 272)	5227	0.0
(3, 273)	5228	0.0
(3, 274)	5229	0.0
(3, 275)	5230	0.0
(3, 276)	5231	0.0
(5, 116)	5232	0.0
(8, 286)	5233	0.0
(11, 1174)	5234	0.0
(11, 1175)	5235	0.0
(9, 185)	5236	0.0
(11, 1176)	5237	0.0
(12, 503)	5238	0.0
(11, 1177)	5239	0.0
(13, 43)	5240	0.0
(1, 758)	5241	0.0
(3, 277)	5242	0.0
(2, 610)	5243	0.0
(7, 869)	5244	0.0
(7, 870)	5245	0.0
(8, 287)	5246	0.0
(11, 1178)	5247	0.0
(5, 117)	5248	0.0
(3, 278)	5249	0.0
(2, 611)	5250	0.0
(11, 1179)	5251	0.0
(2, 612)	5252	0.0
(2, 613)	5253	0.0
(11, 1180)	5254	0.0
(1, 759)	5255	0.0
(3, 279)	5256	0.0
(12, 504)	5257	0.0
(3, 280)	5258	0.0
(6, 26)	5259	0.0
(3, 281)	5260	0.0
(11, 1181)	5261	0.0
(3, 282)	5262	0.0
(7, 871)	5263	0.0
(11, 1182)	5264	0.0
(12, 505)	5265	0.0
(9, 186)	5266	0.0
(11, 1183)	5267	0.0
(12, 506)	5268	0.0
(1, 760)	5269	0.0
(1, 761)	5270	0.0
(2, 614)	5271	0.0
(2, 615)	5272	0.0
(2, 616)	5273	0.0
(2, 617)	5274	0.0
(12, 507)	5275	0.0
(7, 872)	5276	0.0
(11, 1184)	5277	0.0
(11, 1185)	5278	0.0
(11, 1186)	5279	0.0
(12, 508)	5280	0.0
(12, 509)	5281	0.0
(14, 9)	5282	0.0
(2, 618)	5283	0.0
(8, 288)	5284	0.0
(11, 1187)	5285	0.0
(12, 510)	5286	0.0
(7, 873)	5287	0.0
(7, 874)	5288	0.0
(7, 875)	5289	0.0
(7, 876)	5290	0.0
(11, 1188)	5291	0.0
(7, 877)	5292	0.0
(7, 878)	5293	0.0
(11, 1189)	5294	0.0
(9, 187)	5295	0.0
(1, 762)	5296	0.0
(7, 879)	5297	0.0
(7, 880)	5298	0.0
(11, 1190)	5299	0.0
(11, 1191)	5300	0.0
(12, 511)	5301	0.0
(2, 619)	5302	0.0
(11, 1192)	5303	0.0
(11, 1193)	5304	0.0
(18, 57)	5305	0.0
(7, 881)	5306	0.0
(11, 1194)	5307	0.0
(8, 289)	5308	0.0
(2, 620)	5309	0.0
(2, 621)	5310	0.0
(11, 1195)	5311	0.0
(8, 290)	5312	0.0
(8, 291)	5313	0.0
(9, 188)	5314	0.0
(3, 283)	5315	0.0
(11, 1196)	5316	0.0
(7, 882)	5317	0.0
(20, 128)	5318	0.0
(12, 512)	5319	0.0
(24, 16)	5320	0.0
(2, 622)	5321	0.0
(11, 1197)	5322	0.0
(11, 1198)	5323	0.0
(12, 513)	5324	0.0
(7, 883)	5325	0.0
(11, 1199)	5326	0.0
(11, 1200)	5327	0.0
(8, 292)	5328	0.0
(8, 293)	5329	0.0
(7, 884)	5330	0.0
(8, 294)	5331	0.0
(1, 763)	5332	0.0
(7, 885)	5333	0.0
(7, 886)	5334	0.0
(11, 1201)	5335	0.0
(11, 1202)	5336	0.0
(11, 1203)	5337	0.0
(11, 1204)	5338	0.0
(2, 623)	5339	0.0
(6, 27)	5340	0.0
(3, 284)	5341	0.0
(2, 624)	5342	0.0
(2, 625)	5343	0.0
(11, 1205)	5344	0.0
(2, 626)	5345	0.0
(11, 1206)	5346	0.0
(11, 1207)	5347	0.0
(1, 764)	5348	0.0
(7, 887)	5349	0.0
(1, 765)	5350	0.0
(11, 1208)	5351	0.0
(12, 514)	5352	0.0
(11, 1209)	5353	0.0
(11, 1210)	5354	0.0
(7, 888)	5355	0.0
(7, 889)	5356	0.0
(20, 129)	5357	0.0
(11, 1211)	5358	0.0
(12, 515)	5359	0.0
(3, 285)	5360	0.0
(1, 766)	5361	0.0
(3, 286)	5362	0.0
(2, 627)	5363	0.0
(12, 516)	5364	0.0
(2, 628)	5365	0.0
(11, 1212)	5366	0.0
(11, 1213)	5367	0.0
(7, 890)	5368	0.0
(11, 1214)	5369	0.0
(7, 891)	5370	0.0
(11, 1215)	5371	0.0
(11, 1216)	5372	0.0
(12, 517)	5373	0.0
(2, 629)	5374	0.0
(11, 1217)	5375	0.0
(11, 1218)	5376	0.0
(1, 767)	5377	0.0
(1, 768)	5378	0.0
(2, 630)	5379	0.0
(1, 769)	5380	0.0
(11, 1219)	5381	0.0
(3, 287)	5382	0.0
(1, 770)	5383	0.0
(2, 631)	5384	0.0
(3, 288)	5385	0.0
(3, 289)	5386	0.0
(1, 771)	5387	0.0
(1, 772)	5388	0.0
(2, 632)	5389	0.0
(2, 633)	5390	0.0
(2, 634)	5391	0.0
(2, 635)	5392	0.0
(12, 518)	5393	0.0
(11, 1220)	5394	0.0
(1, 773)	5395	0.0
(2, 636)	5396	0.0
(2, 637)	5397	0.0
(2, 638)	5398	0.0
(8, 295)	5399	0.0
(8, 296)	5400	0.0
(7, 892)	5401	0.0
(2, 639)	5402	0.0
(2, 640)	5403	0.0
(11, 1221)	5404	0.0
(12, 519)	5405	0.0
(7, 893)	5406	0.0
(7, 894)	5407	0.0
(11, 1222)	5408	0.0
(11, 1223)	5409	0.0
(8, 297)	5410	0.0
(11, 1224)	5411	0.0
(2, 641)	5412	0.0
(2, 642)	5413	0.0
(12, 520)	5414	0.0
(2, 643)	5415	0.0
(3, 290)	5416	0.0
(11, 1225)	5417	0.0
(11, 1226)	5418	0.0
(1, 774)	5419	0.0
(12, 521)	5420	0.0
(8, 298)	5421	0.0
(8, 299)	5422	0.0
(11, 1227)	5423	0.0
(2, 644)	5424	0.0
(2, 645)	5425	0.0
(11, 1228)	5426	0.0
(11, 1229)	5427	0.0
(11, 1230)	5428	0.0
(11, 1231)	5429	0.0
(1, 775)	5430	0.0
(7, 895)	5431	0.0
(11, 1232)	5432	0.0
(11, 1233)	5433	0.0
(11, 1234)	5434	0.0
(12, 522)	5435	0.0
(7, 896)	5436	0.0
(8, 300)	5437	0.0
(1, 776)	5438	0.0
(11, 1235)	5439	0.0
(1, 777)	5440	0.0
(7, 897)	5441	0.0
(7, 898)	5442	0.0
(7, 899)	5443	0.0
(8, 301)	5444	0.0
(2, 646)	5445	0.0
(3, 291)	5446	0.0
(8, 302)	5447	0.0
(2, 647)	5448	0.0
(8, 303)	5449	0.0
(11, 1236)	5450	0.0
(11, 1237)	5451	0.0
(11, 1238)	5452	0.0
(11, 1239)	5453	0.0
(11, 1240)	5454	0.0
(2, 648)	5455	0.0
(2, 649)	5456	0.0
(2, 650)	5457	0.0
(11, 1241)	5458	0.0
(2, 651)	5459	0.0
(2, 652)	5460	0.0
(11, 1242)	5461	0.0
(12, 523)	5462	0.0
(7, 900)	5463	0.0
(2, 653)	5464	0.0
(11, 1243)	5465	0.0
(11, 1244)	5466	0.0
(3, 292)	5467	0.0
(12, 524)	5468	0.0
(11, 1245)	5469	0.0
(12, 525)	5470	0.0
(2, 654)	5471	0.0
(8, 304)	5472	0.0
(7, 901)	5473	0.0
(1, 778)	5474	0.0
(7, 902)	5475	0.0
(11, 1246)	5476	0.0
(12, 526)	5477	0.0
(11, 1247)	5478	0.0
(11, 1248)	5479	0.0
(11, 1249)	5480	0.0
(12, 527)	5481	0.0
(11, 1250)	5482	0.0
(11, 1251)	5483	0.0
(11, 1252)	5484	0.0
(11, 1253)	5485	0.0
(11, 1254)	5486	0.0
(7, 903)	5487	0.0
(2, 655)	5488	0.0
(1, 779)	5489	0.0
(1, 780)	5490	0.0
(1, 781)	5491	0.0
(1, 782)	5492	0.0
(2, 656)	5493	0.0
(1, 783)	5494	0.0
(7, 904)	5495	0.0
(7, 905)	5496	0.0
(20, 130)	5497	0.0
(1, 784)	5498	0.0
(7, 906)	5499	0.0
(1, 785)	5500	0.0
(1, 786)	5501	0.0
(11, 1255)	5502	0.0
(11, 1256)	5503	0.0
(1, 787)	5504	0.0
(1, 788)	5505	0.0
(1, 789)	5506	0.0
(7, 907)	5507	0.0
(11, 1257)	5508	0.0
(7, 908)	5509	0.0
(1, 790)	5510	0.0
(11, 1258)	5511	0.0
(7, 909)	5512	0.0
(7, 910)	5513	0.0
(1, 791)	5514	0.0
(1, 792)	5515	0.0
(1, 793)	5516	0.0
(7, 911)	5517	0.0
(7, 912)	5518	0.0
(2, 657)	5519	0.0
(2, 658)	5520	0.0
(3, 293)	5521	0.0
(3, 294)	5522	0.0
(1, 794)	5523	0.0
(7, 913)	5524	0.0
(1, 795)	5525	0.0
(11, 1259)	5526	0.0
(8, 305)	5527	0.0
(1, 796)	5528	0.0
(1, 797)	5529	0.0
(7, 914)	5530	0.0
(7, 915)	5531	0.0
(1, 798)	5532	0.0
(11, 1260)	5533	0.0
(1, 799)	5534	0.0
(12, 528)	5535	0.0
(11, 1261)	5536	0.0
(11, 1262)	5537	0.0
(7, 916)	5538	0.0
(7, 917)	5539	0.0
(20, 131)	5540	0.0
(9, 189)	5541	0.0
(20, 132)	5542	0.0
(7, 918)	5543	0.0
(7, 919)	5544	0.0
(1, 800)	5545	0.0
(1, 801)	5546	0.0
(7, 920)	5547	0.0
(20, 133)	5548	0.0
(7, 921)	5549	0.0
(7, 922)	5550	0.0
(1, 802)	5551	0.0
(7, 923)	5552	0.0
(20, 134)	5553	0.0
(20, 135)	5554	0.0
(7, 924)	5555	0.0
(7, 925)	5556	0.0
(21, 23)	5557	0.0
(7, 926)	5558	0.0
(1, 803)	5559	0.0
(7, 927)	5560	0.0
(11, 1263)	5561	0.0
(1, 804)	5562	0.0
(2, 659)	5563	0.0
(20, 136)	5564	0.0
(7, 928)	5565	0.0
(1, 805)	5566	0.0
(1, 806)	5567	0.0
(20, 137)	5568	0.0
(7, 929)	5569	0.0
(20, 138)	5570	0.0
(21, 24)	5571	0.0
(1, 807)	5572	0.0
(1, 808)	5573	0.0
(1, 809)	5574	0.0
(7, 930)	5575	0.0
(7, 931)	5576	0.0
(20, 139)	5577	0.0
(7, 932)	5578	0.0
(7, 933)	5579	0.0
(1, 810)	5580	0.0
(11, 1264)	5581	0.0
(2, 660)	5582	0.0
(3, 295)	5583	0.0
(7, 934)	5584	0.0
(7, 935)	5585	0.0
(7, 936)	5586	0.0
(7, 937)	5587	0.0
(7, 938)	5588	0.0
(7, 939)	5589	0.0
(1, 811)	5590	0.0
(2, 661)	5591	0.0
(7, 940)	5592	0.0
(3, 296)	5593	0.0
(7, 941)	5594	0.0
(7, 942)	5595	0.0
(3, 297)	5596	0.0
(12, 529)	5597	0.0
(7, 943)	5598	0.0
(7, 944)	5599	0.0
(11, 1265)	5600	0.0
(7, 945)	5601	0.0
(11, 1266)	5602	0.0
(7, 946)	5603	0.0
(7, 947)	5604	0.0
(11, 1267)	5605	0.0
(1, 812)	5606	0.0
(3, 298)	5607	0.0
(1, 813)	5608	0.0
(1, 814)	5609	0.0
(3, 299)	5610	0.0
(4, 78)	5611	0.0
(7, 948)	5612	0.0
(7, 949)	5613	0.0
(11, 1268)	5614	0.0
(1, 815)	5615	0.0
(1, 816)	5616	0.0
(1, 817)	5617	0.0
(2, 662)	5618	0.0
(12, 530)	5619	0.0
(7, 950)	5620	0.0
(1, 818)	5621	0.0
(2, 663)	5622	0.0
(4, 79)	5623	0.0
(7, 951)	5624	0.0
(1, 819)	5625	0.0
(1, 820)	5626	0.0
(1, 821)	5627	0.0
(8, 306)	5628	0.0
(1, 822)	5629	0.0
(11, 1269)	5630	0.0
(1, 823)	5631	0.0
(1, 824)	5632	0.0
(11, 1270)	5633	0.0
(11, 1271)	5634	0.0
(1, 825)	5635	0.0
(7, 952)	5636	0.0
(7, 953)	5637	0.0
(7, 954)	5638	0.0
(7, 955)	5639	0.0
(7, 956)	5640	0.0
(11, 1272)	5641	0.0
(7, 957)	5642	0.0
(11, 1273)	5643	0.0
(1, 826)	5644	0.0
(11, 1274)	5645	0.0
(2, 664)	5646	0.0
(11, 1275)	5647	0.0
(2, 665)	5648	0.0
(1, 827)	5649	0.0
(7, 958)	5650	0.0
(7, 959)	5651	0.0
(7, 960)	5652	0.0
(11, 1276)	5653	0.0
(1, 828)	5654	0.0
(1, 829)	5655	0.0
(7, 961)	5656	0.0
(7, 962)	5657	0.0
(2, 666)	5658	0.0
(7, 963)	5659	0.0
(7, 964)	5660	0.0
(7, 965)	5661	0.0
(1, 830)	5662	0.0
(3, 300)	5663	0.0
(9, 190)	5664	0.0
(2, 667)	5665	0.0
(2, 668)	5666	0.0
(11, 1277)	5667	0.0
(8, 307)	5668	0.0
(11, 1278)	5669	0.0
(11, 1279)	5670	0.0
(11, 1280)	5671	0.0
(3, 301)	5672	0.0
(7, 966)	5673	0.0
(7, 967)	5674	0.0
(7, 968)	5675	0.0
(1, 831)	5676	0.0
(3, 302)	5677	0.0
(7, 969)	5678	0.0
(7, 970)	5679	0.0
(1, 832)	5680	0.0
(11, 1281)	5681	0.0
(1, 833)	5682	0.0
(7, 971)	5683	0.0
(8, 308)	5684	0.0
(1, 834)	5685	0.0
(7, 972)	5686	0.0
(11, 1282)	5687	0.0
(7, 973)	5688	0.0
(7, 974)	5689	0.0
(9, 191)	5690	0.0
(4, 80)	5691	0.0
(1, 835)	5692	0.0
(7, 975)	5693	0.0
(11, 1283)	5694	0.0
(11, 1284)	5695	0.0
(7, 976)	5696	0.0
(2, 669)	5697	0.0
(11, 1285)	5698	0.0
(7, 977)	5699	0.0
(7, 978)	5700	0.0
(20, 140)	5701	0.0
(1, 836)	5702	0.0
(7, 979)	5703	0.0
(21, 25)	5704	0.0
(7, 980)	5705	0.0
(7, 981)	5706	0.0
(1, 837)	5707	0.0
(7, 982)	5708	0.0
(1, 838)	5709	0.0
(1, 839)	5710	0.0
(7, 983)	5711	0.0
(11, 1286)	5712	0.0
(7, 984)	5713	0.0
(1, 840)	5714	0.0
(1, 841)	5715	0.0
(1, 842)	5716	0.0
(7, 985)	5717	0.0
(7, 986)	5718	0.0
(1, 843)	5719	0.0
(9, 192)	5720	0.0
(7, 987)	5721	0.0
(20, 141)	5722	0.0
(7, 988)	5723	0.0
(8, 309)	5724	0.0
(1, 844)	5725	0.0
(1, 845)	5726	0.0
(7, 989)	5727	0.0
(7, 990)	5728	0.0
(21, 26)	5729	0.0
(7, 991)	5730	0.0
(20, 142)	5731	0.0
(7, 992)	5732	0.0
(7, 993)	5733	0.0
(20, 143)	5734	0.0
(1, 846)	5735	0.0
(7, 994)	5736	0.0
(20, 144)	5737	0.0
(21, 27)	5738	0.0
(22, 24)	5739	0.0
(7, 995)	5740	0.0
(7, 996)	5741	0.0
(7, 997)	5742	0.0
(20, 145)	5743	0.0
(1, 847)	5744	0.0
(3, 303)	5745	0.0
(1, 848)	5746	0.0
(7, 998)	5747	0.0
(1, 849)	5748	0.0
(7, 999)	5749	0.0
(7, 1000)	5750	0.0
(11, 1287)	5751	0.0
(7, 1001)	5752	0.0
(7, 1002)	5753	0.0
(7, 1003)	5754	0.0
(7, 1004)	5755	0.0
(8, 310)	5756	0.0
(8, 311)	5757	0.0
(1, 850)	5758	0.0
(2, 670)	5759	0.0
(3, 304)	5760	0.0
(7, 1005)	5761	0.0
(1, 851)	5762	0.0
(1, 852)	5763	0.0
(8, 312)	5764	0.0
(15, 29)	5765	0.0
(11, 1288)	5766	0.0
(11, 1289)	5767	0.0
(11, 1290)	5768	0.0
(12, 531)	5769	0.0
(12, 532)	5770	0.0
(12, 533)	5771	0.0
(11, 1291)	5772	0.0
(11, 1292)	5773	0.0
(11, 1293)	5774	0.0
(12, 534)	5775	0.0
(12, 535)	5776	0.0
(3, 305)	5777	0.0
(2, 671)	5778	0.0
(2, 672)	5779	0.0
(3, 306)	5780	0.0
(3, 307)	5781	0.0
(11, 1294)	5782	0.0
(11, 1295)	5783	0.0
(8, 313)	5784	0.0
(7, 1006)	5785	0.0
(11, 1296)	5786	0.0
(11, 1297)	5787	0.0
(7, 1007)	5788	0.0
(20, 146)	5789	0.0
(7, 1008)	5790	0.0
(7, 1009)	5791	0.0
(11, 1298)	5792	0.0
(11, 1299)	5793	0.0
(3, 308)	5794	0.0
(11, 1300)	5795	0.0
(2, 673)	5796	0.0
(11, 1301)	5797	0.0
(11, 1302)	5798	0.0
(11, 1303)	5799	0.0
(11, 1304)	5800	0.0
(11, 1305)	5801	0.0
(15, 30)	5802	0.0
(12, 536)	5803	0.0
(3, 309)	5804	0.0
(12, 537)	5805	0.0
(3, 310)	5806	0.0
(11, 1306)	5807	0.0
(3, 311)	5808	0.0
(3, 312)	5809	0.0
(3, 313)	5810	0.0
(4, 81)	5811	0.0
(12, 538)	5812	0.0
(11, 1307)	5813	0.0
(11, 1308)	5814	0.0
(12, 539)	5815	0.0
(2, 674)	5816	0.0
(11, 1309)	5817	0.0
(11, 1310)	5818	0.0
(11, 1311)	5819	0.0
(2, 675)	5820	0.0
(11, 1312)	5821	0.0
(12, 540)	5822	0.0
(3, 314)	5823	0.0
(12, 541)	5824	0.0
(2, 676)	5825	0.0
(11, 1313)	5826	0.0
(12, 542)	5827	0.0
(12, 543)	5828	0.0
(1, 853)	5829	0.0
(7, 1010)	5830	0.0
(1, 854)	5831	0.0
(7, 1011)	5832	0.0
(7, 1012)	5833	0.0
(7, 1013)	5834	0.0
(11, 1314)	5835	0.0
(2, 677)	5836	0.0
(2, 678)	5837	0.0
(1, 855)	5838	0.0
(12, 544)	5839	0.0
(1, 856)	5840	0.0
(11, 1315)	5841	0.0
(1, 857)	5842	0.0
(11, 1316)	5843	0.0
(5, 118)	5844	0.0
(2, 679)	5845	0.0
(11, 1317)	5846	0.0
(5, 119)	5847	0.0
(11, 1318)	5848	0.0
(11, 1319)	5849	0.0
(8, 314)	5850	0.0
(2, 680)	5851	0.0
(3, 315)	5852	0.0
(13, 44)	5853	0.0
(3, 316)	5854	0.0
(3, 317)	5855	0.0
(12, 545)	5856	0.0
(2, 681)	5857	0.0
(11, 1320)	5858	0.0
(11, 1321)	5859	0.0
(3, 318)	5860	0.0
(12, 546)	5861	0.0
(5, 120)	5862	0.0
(12, 547)	5863	0.0
(11, 1322)	5864	0.0
(3, 319)	5865	0.0
(2, 682)	5866	0.0
(2, 683)	5867	0.0
(5, 121)	5868	0.0
(11, 1323)	5869	0.0
(12, 548)	5870	0.0
(11, 1324)	5871	0.0
(8, 315)	5872	0.0
(2, 684)	5873	0.0
(2, 685)	5874	0.0
(2, 686)	5875	0.0
(12, 549)	5876	0.0
(11, 1325)	5877	0.0
(2, 687)	5878	0.0
(11, 1326)	5879	0.0
(11, 1327)	5880	0.0
(2, 688)	5881	0.0
(2, 689)	5882	0.0
(2, 690)	5883	0.0
(12, 550)	5884	0.0
(12, 551)	5885	0.0
(11, 1328)	5886	0.0
(12, 552)	5887	0.0
(12, 553)	5888	0.0
(12, 554)	5889	0.0
(8, 316)	5890	0.0
(8, 317)	5891	0.0
(8, 318)	5892	0.0
(11, 1329)	5893	0.0
(11, 1330)	5894	0.0
(11, 1331)	5895	0.0
(12, 555)	5896	0.0
(11, 1332)	5897	0.0
(11, 1333)	5898	0.0
(11, 1334)	5899	0.0
(11, 1335)	5900	0.0
(11, 1336)	5901	0.0
(11, 1337)	5902	0.0
(2, 691)	5903	0.0
(11, 1338)	5904	0.0
(8, 319)	5905	0.0
(11, 1339)	5906	0.0
(12, 556)	5907	0.0
(7, 1014)	5908	0.0
(9, 193)	5909	0.0
(7, 1015)	5910	0.0
(1, 858)	5911	0.0
(2, 692)	5912	0.0
(3, 320)	5913	0.0
(12, 557)	5914	0.0
(11, 1340)	5915	0.0
(2, 693)	5916	0.0
(11, 1341)	5917	0.0
(9, 194)	5918	0.0
(1, 859)	5919	0.0
(12, 558)	5920	0.0
(7, 1016)	5921	0.0
(7, 1017)	5922	0.0
(11, 1342)	5923	0.0
(2, 694)	5924	0.0
(2, 695)	5925	0.0
(3, 321)	5926	0.0
(12, 559)	5927	0.0
(3, 322)	5928	0.0
(2, 696)	5929	0.0
(8, 320)	5930	0.0
(11, 1343)	5931	0.0
(12, 560)	5932	0.0
(8, 321)	5933	0.0
(11, 1344)	5934	0.0
(11, 1345)	5935	0.0
(3, 323)	5936	0.0
(8, 322)	5937	0.0
(2, 697)	5938	0.0
(2, 698)	5939	0.0
(12, 561)	5940	0.0
(8, 323)	5941	0.0
(11, 1346)	5942	0.0
(11, 1347)	5943	0.0
(11, 1348)	5944	0.0
(11, 1349)	5945	0.0
(1, 860)	5946	0.0
(1, 861)	5947	0.0
(11, 1350)	5948	0.0
(7, 1018)	5949	0.0
(7, 1019)	5950	0.0
(11, 1351)	5951	0.0
(7, 1020)	5952	0.0
(20, 147)	5953	0.0
(1, 862)	5954	0.0
(1, 863)	5955	0.0
(11, 1352)	5956	0.0
(11, 1353)	5957	0.0
(11, 1354)	5958	0.0
(4, 82)	5959	0.0
(11, 1355)	5960	0.0
(11, 1356)	5961	0.0
(11, 1357)	5962	0.0
(8, 324)	5963	0.0
(11, 1358)	5964	0.0
(2, 699)	5965	0.0
(11, 1359)	5966	0.0
(11, 1360)	5967	0.0
(12, 562)	5968	0.0
(2, 700)	5969	0.0
(3, 324)	5970	0.0
(3, 325)	5971	0.0
(3, 326)	5972	0.0
(12, 563)	5973	0.0
(2, 701)	5974	0.0
(2, 702)	5975	0.0
(11, 1361)	5976	0.0
(2, 703)	5977	0.0
(2, 704)	5978	0.0
(18, 58)	5979	0.0
(11, 1362)	5980	0.0
(11, 1363)	5981	0.0
(11, 1364)	5982	0.0
(11, 1365)	5983	0.0
(2, 705)	5984	0.0
(2, 706)	5985	0.0
(3, 327)	5986	0.0
(11, 1366)	5987	0.0
(12, 564)	5988	0.0
(11, 1367)	5989	0.0
(12, 565)	5990	0.0
(2, 707)	5991	0.0
(2, 708)	5992	0.0
(4, 83)	5993	0.0
(12, 566)	5994	0.0
(11, 1368)	5995	0.0
(2, 709)	5996	0.0
(11, 1369)	5997	0.0
(11, 1370)	5998	0.0
(2, 710)	5999	0.0
(11, 1371)	6000	0.0
(11, 1372)	6001	0.0
(11, 1373)	6002	0.0
(8, 325)	6003	0.0
(11, 1374)	6004	0.0
(11, 1375)	6005	0.0
(11, 1376)	6006	0.0
(11, 1377)	6007	0.0
(12, 567)	6008	0.0
(11, 1378)	6009	0.0
(11, 1379)	6010	0.0
(11, 1380)	6011	0.0
(11, 1381)	6012	0.0
(2, 711)	6013	0.0
(2, 712)	6014	0.0
(2, 713)	6015	0.0
(3, 328)	6016	0.0
(4, 84)	6017	0.0
(2, 714)	6018	0.0
(11, 1382)	6019	0.0
(2, 715)	6020	0.0
(3, 329)	6021	0.0
(11, 1383)	6022	0.0
(12, 568)	6023	0.0
(13, 45)	6024	0.0
(11, 1384)	6025	0.0
(2, 716)	6026	0.0
(11, 1385)	6027	0.0
(2, 717)	6028	0.0
(3, 330)	6029	0.0
(2, 718)	6030	0.0
(12, 569)	6031	0.0
(11, 1386)	6032	0.0
(11, 1387)	6033	0.0
(12, 570)	6034	0.0
(12, 571)	6035	0.0
(4, 85)	6036	0.0
(4, 86)	6037	0.0
(11, 1388)	6038	0.0
(11, 1389)	6039	0.0
(12, 572)	6040	0.0
(11, 1390)	6041	0.0
(2, 719)	6042	0.0
(11, 1391)	6043	0.0
(11, 1392)	6044	0.0
(12, 573)	6045	0.0
(2, 720)	6046	0.0
(1, 864)	6047	0.0
(1, 865)	6048	0.0
(7, 1021)	6049	0.0
(7, 1022)	6050	0.0
(11, 1393)	6051	0.0
(1, 866)	6052	0.0
(7, 1023)	6053	0.0
(3, 331)	6054	0.0
(11, 1394)	6055	0.0
(3, 332)	6056	0.0
(12, 574)	6057	0.0
(2, 721)	6058	0.0
(11, 1395)	6059	0.0
(2, 722)	6060	0.0
(11, 1396)	6061	0.0
(3, 333)	6062	0.0
(1, 867)	6063	0.0
(7, 1024)	6064	0.0
(7, 1025)	6065	0.0
(2, 723)	6066	0.0
(12, 575)	6067	0.0
(13, 46)	6068	0.0
(11, 1397)	6069	0.0
(3, 334)	6070	0.0
(2, 724)	6071	0.0
(11, 1398)	6072	0.0
(2, 725)	6073	0.0
(11, 1399)	6074	0.0
(2, 726)	6075	0.0
(2, 727)	6076	0.0
(2, 728)	6077	0.0
(11, 1400)	6078	0.0
(2, 729)	6079	0.0
(3, 335)	6080	0.0
(5, 122)	6081	0.0
(12, 576)	6082	0.0
(11, 1401)	6083	0.0
(8, 326)	6084	0.0
(11, 1402)	6085	0.0
(11, 1403)	6086	0.0
(11, 1404)	6087	0.0
(1, 868)	6088	0.0
(7, 1026)	6089	0.0
(11, 1405)	6090	0.0
(12, 577)	6091	0.0
(3, 336)	6092	0.0
(2, 730)	6093	0.0
(3, 337)	6094	0.0
(2, 731)	6095	0.0
(3, 338)	6096	0.0
(3, 339)	6097	0.0
(11, 1406)	6098	0.0
(12, 578)	6099	0.0
(3, 340)	6100	0.0
(2, 732)	6101	0.0
(11, 1407)	6102	0.0
(11, 1408)	6103	0.0
(7, 1027)	6104	0.0
(7, 1028)	6105	0.0
(7, 1029)	6106	0.0
(7, 1030)	6107	0.0
(11, 1409)	6108	0.0
(2, 733)	6109	0.0
(11, 1410)	6110	0.0
(2, 734)	6111	0.0
(7, 1031)	6112	0.0
(12, 579)	6113	0.0
(11, 1411)	6114	0.0
(2, 735)	6115	0.0
(2, 736)	6116	0.0
(12, 580)	6117	0.0
(11, 1412)	6118	0.0
(12, 581)	6119	0.0
(11, 1413)	6120	0.0
(8, 327)	6121	0.0
(2, 737)	6122	0.0
(2, 738)	6123	0.0
(2, 739)	6124	0.0
(3, 341)	6125	0.0
(2, 740)	6126	0.0
(3, 342)	6127	0.0
(11, 1414)	6128	0.0
(9, 195)	6129	0.0
(11, 1415)	6130	0.0
(12, 582)	6131	0.0
(3, 343)	6132	0.0
(3, 344)	6133	0.0
(12, 583)	6134	0.0
(11, 1416)	6135	0.0
(12, 584)	6136	0.0
(11, 1417)	6137	0.0
(12, 585)	6138	0.0
(9, 196)	6139	0.0
(11, 1418)	6140	0.0
(1, 869)	6141	0.0
(11, 1419)	6142	0.0
(2, 741)	6143	0.0
(2, 742)	6144	0.0
(2, 743)	6145	0.0
(11, 1420)	6146	0.0
(2, 744)	6147	0.0
(3, 345)	6148	0.0
(11, 1421)	6149	0.0
(11, 1422)	6150	0.0
(12, 586)	6151	0.0
(11, 1423)	6152	0.0
(2, 745)	6153	0.0
(2, 746)	6154	0.0
(1, 870)	6155	0.0
(3, 346)	6156	0.0
(11, 1424)	6157	0.0
(7, 1032)	6158	0.0
(20, 148)	6159	0.0
(11, 1425)	6160	0.0
(11, 1426)	6161	0.0
(9, 197)	6162	0.0
(11, 1427)	6163	0.0
(11, 1428)	6164	0.0
(12, 587)	6165	0.0
(11, 1429)	6166	0.0
(11, 1430)	6167	0.0
(11, 1431)	6168	0.0
(11, 1432)	6169	0.0
(8, 328)	6170	0.0
(12, 588)	6171	0.0
(4, 87)	6172	0.0
(2, 747)	6173	0.0
(11, 1433)	6174	0.0
(11, 1434)	6175	0.0
(1, 871)	6176	0.0
(7, 1033)	6177	0.0
(11, 1435)	6178	0.0
(8, 329)	6179	0.0
(9, 198)	6180	0.0
(2, 748)	6181	0.0
(2, 749)	6182	0.0
(12, 589)	6183	0.0
(7, 1034)	6184	0.0
(7, 1035)	6185	0.0
(11, 1436)	6186	0.0
(7, 1036)	6187	0.0
(11, 1437)	6188	0.0
(12, 590)	6189	0.0
(12, 591)	6190	0.0
(11, 1438)	6191	0.0
(8, 330)	6192	0.0
(9, 199)	6193	0.0
(11, 1439)	6194	0.0
(7, 1037)	6195	0.0
(20, 149)	6196	0.0
(3, 347)	6197	0.0
(3, 348)	6198	0.0
(11, 1440)	6199	0.0
(12, 592)	6200	0.0
(12, 593)	6201	0.0
(3, 349)	6202	0.0
(6, 28)	6203	0.0
(11, 1441)	6204	0.0
(11, 1442)	6205	0.0
(11, 1443)	6206	0.0
(2, 750)	6207	0.0
(11, 1444)	6208	0.0
(18, 59)	6209	0.0
(1, 872)	6210	0.0
(1, 873)	6211	0.0
(1, 874)	6212	0.0
(2, 751)	6213	0.0
(2, 752)	6214	0.0
(11, 1445)	6215	0.0
(2, 753)	6216	0.0
(4, 88)	6217	0.0
(3, 350)	6218	0.0
(11, 1446)	6219	0.0
(11, 1447)	6220	0.0
(11, 1448)	6221	0.0
(11, 1449)	6222	0.0
(11, 1450)	6223	0.0
(11, 1451)	6224	0.0
(2, 754)	6225	0.0
(11, 1452)	6226	0.0
(2, 755)	6227	0.0
(2, 756)	6228	0.0
(2, 757)	6229	0.0
(2, 758)	6230	0.0
(11, 1453)	6231	0.0
(11, 1454)	6232	0.0
(11, 1455)	6233	0.0
(1, 875)	6234	0.0
(7, 1038)	6235	0.0
(20, 150)	6236	0.0
(2, 759)	6237	0.0
(11, 1456)	6238	0.0
(11, 1457)	6239	0.0
(2, 760)	6240	0.0
(11, 1458)	6241	0.0
(11, 1459)	6242	0.0
(12, 594)	6243	0.0
(11, 1460)	6244	0.0
(3, 351)	6245	0.0
(2, 761)	6246	0.0
(2, 762)	6247	0.0
(3, 352)	6248	0.0
(7, 1039)	6249	0.0
(20, 151)	6250	0.0
(8, 331)	6251	0.0
(11, 1461)	6252	0.0
(9, 200)	6253	0.0
(9, 201)	6254	0.0
(11, 1462)	6255	0.0
(3, 353)	6256	0.0
(12, 595)	6257	0.0
(2, 763)	6258	0.0
(3, 354)	6259	0.0
(7, 1040)	6260	0.0
(13, 47)	6261	0.0
(11, 1463)	6262	0.0
(3, 355)	6263	0.0
(3, 356)	6264	0.0
(3, 357)	6265	0.0
(9, 202)	6266	0.0
(8, 332)	6267	0.0
(11, 1464)	6268	0.0
(11, 1465)	6269	0.0
(3, 358)	6270	0.0
(3, 359)	6271	0.0
(3, 360)	6272	0.0
(11, 1466)	6273	0.0
(12, 596)	6274	0.0
(12, 597)	6275	0.0
(1, 876)	6276	0.0
(7, 1041)	6277	0.0
(7, 1042)	6278	0.0
(11, 1467)	6279	0.0
(7, 1043)	6280	0.0
(7, 1044)	6281	0.0
(1, 877)	6282	0.0
(3, 361)	6283	0.0
(7, 1045)	6284	0.0
(8, 333)	6285	0.0
(2, 764)	6286	0.0
(2, 765)	6287	0.0
(2, 766)	6288	0.0
(2, 767)	6289	0.0
(3, 362)	6290	0.0
(3, 363)	6291	0.0
(3, 364)	6292	0.0
(2, 768)	6293	0.0
(11, 1468)	6294	0.0
(11, 1469)	6295	0.0
(12, 598)	6296	0.0
(11, 1470)	6297	0.0
(2, 769)	6298	0.0
(1, 878)	6299	0.0
(12, 599)	6300	0.0
(2, 770)	6301	0.0
(2, 771)	6302	0.0
(2, 772)	6303	0.0
(7, 1046)	6304	0.0
(7, 1047)	6305	0.0
(7, 1048)	6306	0.0
(7, 1049)	6307	0.0
(8, 334)	6308	0.0
(11, 1471)	6309	0.0
(12, 600)	6310	0.0
(3, 365)	6311	0.0
(12, 601)	6312	0.0
(4, 89)	6313	0.0
(12, 602)	6314	0.0
(11, 1472)	6315	0.0
(11, 1473)	6316	0.0
(8, 335)	6317	0.0
(3, 366)	6318	0.0
(11, 1474)	6319	0.0
(8, 336)	6320	0.0
(2, 773)	6321	0.0
(11, 1475)	6322	0.0
(2, 774)	6323	0.0
(2, 775)	6324	0.0
(3, 367)	6325	0.0
(5, 123)	6326	0.0
(2, 776)	6327	0.0
(2, 777)	6328	0.0
(2, 778)	6329	0.0
(2, 779)	6330	0.0
(11, 1476)	6331	0.0
(7, 1050)	6332	0.0
(12, 603)	6333	0.0
(8, 337)	6334	0.0
(12, 604)	6335	0.0
(1, 879)	6336	0.0
(11, 1477)	6337	0.0
(2, 780)	6338	0.0
(7, 1051)	6339	0.0
(11, 1478)	6340	0.0
(9, 203)	6341	0.0
(11, 1479)	6342	0.0
(2, 781)	6343	0.0
(2, 782)	6344	0.0
(2, 783)	6345	0.0
(3, 368)	6346	0.0
(1, 880)	6347	0.0
(2, 784)	6348	0.0
(7, 1052)	6349	0.0
(2, 785)	6350	0.0
(5, 124)	6351	0.0
(11, 1480)	6352	0.0
(7, 1053)	6353	0.0
(11, 1481)	6354	0.0
(8, 338)	6355	0.0
(11, 1482)	6356	0.0
(12, 605)	6357	0.0
(2, 786)	6358	0.0
(7, 1054)	6359	0.0
(11, 1483)	6360	0.0
(3, 369)	6361	0.0
(7, 1055)	6362	0.0
(11, 1484)	6363	0.0
(11, 1485)	6364	0.0
(1, 881)	6365	0.0
(20, 152)	6366	0.0
(11, 1486)	6367	0.0
(11, 1487)	6368	0.0
(11, 1488)	6369	0.0
(11, 1489)	6370	0.0
(11, 1490)	6371	0.0
(7, 1056)	6372	0.0
(11, 1491)	6373	0.0
(7, 1057)	6374	0.0
(7, 1058)	6375	0.0
(11, 1492)	6376	0.0
(11, 1493)	6377	0.0
(11, 1494)	6378	0.0
(11, 1495)	6379	0.0
(9, 204)	6380	0.0
(12, 606)	6381	0.0
(2, 787)	6382	0.0
(12, 607)	6383	0.0
(11, 1496)	6384	0.0
(11, 1497)	6385	0.0
(11, 1498)	6386	0.0
(1, 882)	6387	0.0
(5, 125)	6388	0.0
(2, 788)	6389	0.0
(11, 1499)	6390	0.0
(11, 1500)	6391	0.0
(4, 90)	6392	0.0
(11, 1501)	6393	0.0
(11, 1502)	6394	0.0
(1, 883)	6395	0.0
(1, 884)	6396	0.0
(8, 339)	6397	0.0
(11, 1503)	6398	0.0
(7, 1059)	6399	0.0
(20, 153)	6400	0.0
(21, 28)	6401	0.0
(3, 370)	6402	0.0
(12, 608)	6403	0.0
(12, 609)	6404	0.0
(1, 885)	6405	0.0
(2, 789)	6406	0.0
(12, 610)	6407	0.0
(12, 611)	6408	0.0
(12, 612)	6409	0.0
(11, 1504)	6410	0.0
(12, 613)	6411	0.0
(9, 205)	6412	0.0
(5, 126)	6413	0.0
(11, 1505)	6414	0.0
(7, 1060)	6415	0.0
(8, 340)	6416	0.0
(8, 341)	6417	0.0
(11, 1506)	6418	0.0
(11, 1507)	6419	0.0
(5, 127)	6420	0.0
(11, 1508)	6421	0.0
(12, 614)	6422	0.0
(2, 790)	6423	0.0
(2, 791)	6424	0.0
(12, 615)	6425	0.0
(12, 616)	6426	0.0
(11, 1509)	6427	0.0
(8, 342)	6428	0.0
(5, 128)	6429	0.0
(2, 792)	6430	0.0
(11, 1510)	6431	0.0
(7, 1061)	6432	0.0
(8, 343)	6433	0.0
(7, 1062)	6434	0.0
(11, 1511)	6435	0.0
(2, 793)	6436	0.0
(7, 1063)	6437	0.0
(11, 1512)	6438	0.0
(11, 1513)	6439	0.0
(9, 206)	6440	0.0
(7, 1064)	6441	0.0
(7, 1065)	6442	0.0
(2, 794)	6443	0.0
(2, 795)	6444	0.0
(11, 1514)	6445	0.0
(11, 1515)	6446	0.0
(11, 1516)	6447	0.0
(11, 1517)	6448	0.0
(2, 796)	6449	0.0
(11, 1518)	6450	0.0
(1, 886)	6451	0.0
(7, 1066)	6452	0.0
(2, 797)	6453	0.0
(7, 1067)	6454	0.0
(7, 1068)	6455	0.0
(2, 798)	6456	0.0
(2, 799)	6457	0.0
(11, 1519)	6458	0.0
(11, 1520)	6459	0.0
(7, 1069)	6460	0.0
(7, 1070)	6461	0.0
(1, 887)	6462	0.0
(1, 888)	6463	0.0
(11, 1521)	6464	0.0
(7, 1071)	6465	0.0
(7, 1072)	6466	0.0
(11, 1522)	6467	0.0
(1, 889)	6468	0.0
(1, 890)	6469	0.0
(2, 800)	6470	0.0
(1, 891)	6471	0.0
(7, 1073)	6472	0.0
(7, 1074)	6473	0.0
(1, 892)	6474	0.0
(1, 893)	6475	0.0
(11, 1523)	6476	0.0
(12, 617)	6477	0.0
(3, 371)	6478	0.0
(12, 618)	6479	0.0
(11, 1524)	6480	0.0
(11, 1525)	6481	0.0
(11, 1526)	6482	0.0
(11, 1527)	6483	0.0
(11, 1528)	6484	0.0
(12, 619)	6485	0.0
(11, 1529)	6486	0.0
(2, 801)	6487	0.0
(4, 91)	6488	0.0
(3, 372)	6489	0.0
(1, 894)	6490	0.0
(2, 802)	6491	0.0
(2, 803)	6492	0.0
(12, 620)	6493	0.0
(11, 1530)	6494	0.0
(11, 1531)	6495	0.0
(11, 1532)	6496	0.0
(1, 895)	6497	0.0
(1, 896)	6498	0.0
(2, 804)	6499	0.0
(2, 805)	6500	0.0
(2, 806)	6501	0.0
(2, 807)	6502	0.0
(2, 808)	6503	0.0
(3, 373)	6504	0.0
(8, 344)	6505	0.0
(11, 1533)	6506	0.0
(11, 1534)	6507	0.0
(11, 1535)	6508	0.0
(11, 1536)	6509	0.0
(11, 1537)	6510	0.0
(11, 1538)	6511	0.0
(11, 1539)	6512	0.0
(11, 1540)	6513	0.0
(24, 17)	6514	0.0
(1, 897)	6515	0.0
(1, 898)	6516	0.0
(11, 1541)	6517	0.0
(8, 345)	6518	0.0
(11, 1542)	6519	0.0
(11, 1543)	6520	0.0
(11, 1544)	6521	0.0
(5, 129)	6522	0.0
(11, 1545)	6523	0.0
(11, 1546)	6524	0.0
(11, 1547)	6525	0.0
(11, 1548)	6526	0.0
(11, 1549)	6527	0.0
(11, 1550)	6528	0.0
(11, 1551)	6529	0.0
(8, 346)	6530	0.0
(11, 1552)	6531	0.0
(11, 1553)	6532	0.0
(8, 347)	6533	0.0
(11, 1554)	6534	0.0
(11, 1555)	6535	0.0
(1, 899)	6536	0.0
(7, 1075)	6537	0.0
(11, 1556)	6538	0.0
(11, 1557)	6539	0.0
(11, 1558)	6540	0.0
(12, 621)	6541	0.0
(11, 1559)	6542	0.0
(20, 154)	6543	0.0
(11, 1560)	6544	0.0
(11, 1561)	6545	0.0
(11, 1562)	6546	0.0
(12, 622)	6547	0.0
(11, 1563)	6548	0.0
(9, 207)	6549	0.0
(11, 1564)	6550	0.0
(2, 809)	6551	0.0
(11, 1565)	6552	0.0
(11, 1566)	6553	0.0
(11, 1567)	6554	0.0
(11, 1568)	6555	0.0
(11, 1569)	6556	0.0
(11, 1570)	6557	0.0
(8, 348)	6558	0.0
(11, 1571)	6559	0.0
(5, 130)	6560	0.0
(12, 623)	6561	0.0
(12, 624)	6562	0.0
(2, 810)	6563	0.0
(11, 1572)	6564	0.0
(11, 1573)	6565	0.0
(11, 1574)	6566	0.0
(7, 1076)	6567	0.0
(7, 1077)	6568	0.0
(8, 349)	6569	0.0
(9, 208)	6570	0.0
(7, 1078)	6571	0.0
(7, 1079)	6572	0.0
(12, 625)	6573	0.0
(2, 811)	6574	0.0
(12, 626)	6575	0.0
(2, 812)	6576	0.0
(2, 813)	6577	0.0
(3, 374)	6578	0.0
(2, 814)	6579	0.0
(12, 627)	6580	0.0
(1, 900)	6581	0.0
(3, 375)	6582	0.0
(1, 901)	6583	0.0
(11, 1575)	6584	0.0
(3, 376)	6585	0.0
(11, 1576)	6586	0.0
(7, 1080)	6587	0.0
(7, 1081)	6588	0.0
(20, 155)	6589	0.0
(2, 815)	6590	0.0
(11, 1577)	6591	0.0
(2, 816)	6592	0.0
(2, 817)	6593	0.0
(3, 377)	6594	0.0
(12, 628)	6595	0.0
(3, 378)	6596	0.0
(11, 1578)	6597	0.0
(11, 1579)	6598	0.0
(8, 350)	6599	0.0
(3, 379)	6600	0.0
(12, 629)	6601	0.0
(12, 630)	6602	0.0
(11, 1580)	6603	0.0
(11, 1581)	6604	0.0
(12, 631)	6605	0.0
(11, 1582)	6606	0.0
(1, 902)	6607	0.0
(7, 1082)	6608	0.0
(7, 1083)	6609	0.0
(12, 632)	6610	0.0
(7, 1084)	6611	0.0
(11, 1583)	6612	0.0
(12, 633)	6613	0.0
(2, 818)	6614	0.0
(12, 634)	6615	0.0
(11, 1584)	6616	0.0
(3, 380)	6617	0.0
(11, 1585)	6618	0.0
(1, 903)	6619	0.0
(1, 904)	6620	0.0
(11, 1586)	6621	0.0
(2, 819)	6622	0.0
(11, 1587)	6623	0.0
(11, 1588)	6624	0.0
(11, 1589)	6625	0.0
(2, 820)	6626	0.0
(12, 635)	6627	0.0
(20, 156)	6628	0.0
(11, 1590)	6629	0.0
(11, 1591)	6630	0.0
(8, 351)	6631	0.0
(11, 1592)	6632	0.0
(11, 1593)	6633	0.0
(11, 1594)	6634	0.0
(7, 1085)	6635	0.0
(1, 905)	6636	0.0
(1, 906)	6637	0.0
(1, 907)	6638	0.0
(7, 1086)	6639	0.0
(7, 1087)	6640	0.0
(7, 1088)	6641	0.0
(1, 908)	6642	0.0
(1, 909)	6643	0.0
(7, 1089)	6644	0.0
(20, 157)	6645	0.0
(1, 910)	6646	0.0
(1, 911)	6647	0.0
(1, 912)	6648	0.0
(1, 913)	6649	0.0
(7, 1090)	6650	0.0
(7, 1091)	6651	0.0
(7, 1092)	6652	0.0
(7, 1093)	6653	0.0
(20, 158)	6654	0.0
(7, 1094)	6655	0.0
(7, 1095)	6656	0.0
(7, 1096)	6657	0.0
(20, 159)	6658	0.0
(20, 160)	6659	0.0
(1, 914)	6660	0.0
(1, 915)	6661	0.0
(11, 1595)	6662	0.0
(1, 916)	6663	0.0
(7, 1097)	6664	0.0
(1, 917)	6665	0.0
(7, 1098)	6666	0.0
(2, 821)	6667	0.0
(1, 918)	6668	0.0
(7, 1099)	6669	0.0
(7, 1100)	6670	0.0
(12, 636)	6671	0.0
(2, 822)	6672	0.0
(3, 381)	6673	0.0
(2, 823)	6674	0.0
(7, 1101)	6675	0.0
(12, 637)	6676	0.0
(7, 1102)	6677	0.0
(11, 1596)	6678	0.0
(7, 1103)	6679	0.0
(7, 1104)	6680	0.0
(7, 1105)	6681	0.0
(8, 352)	6682	0.0
(7, 1106)	6683	0.0
(9, 209)	6684	0.0
(11, 1597)	6685	0.0
(18, 60)	6686	0.0
(11, 1598)	6687	0.0
(8, 353)	6688	0.0
(9, 210)	6689	0.0
(2, 824)	6690	0.0
(2, 825)	6691	0.0
(11, 1599)	6692	0.0
(11, 1600)	6693	0.0
(2, 826)	6694	0.0
(2, 827)	6695	0.0
(2, 828)	6696	0.0
(11, 1601)	6697	0.0
(12, 638)	6698	0.0
(7, 1107)	6699	0.0
(11, 1602)	6700	0.0
(3, 382)	6701	0.0
(12, 639)	6702	0.0
(4, 92)	6703	0.0
(8, 354)	6704	0.0
(8, 355)	6705	0.0
(11, 1603)	6706	0.0
(8, 356)	6707	0.0
(7, 1108)	6708	0.0
(8, 357)	6709	0.0
(1, 919)	6710	0.0
(7, 1109)	6711	0.0
(8, 358)	6712	0.0
(7, 1110)	6713	0.0
(8, 359)	6714	0.0
(7, 1111)	6715	0.0
(20, 161)	6716	0.0
(11, 1604)	6717	0.0
(7, 1112)	6718	0.0
(20, 162)	6719	0.0
(2, 829)	6720	0.0
(2, 830)	6721	0.0
(11, 1605)	6722	0.0
(1, 920)	6723	0.0
(11, 1606)	6724	0.0
(1, 921)	6725	0.0
(1, 922)	6726	0.0
(2, 831)	6727	0.0
(4, 93)	6728	0.0
(12, 640)	6729	0.0
(2, 832)	6730	0.0
(11, 1607)	6731	0.0
(12, 641)	6732	0.0
(2, 833)	6733	0.0
(11, 1608)	6734	0.0
(11, 1609)	6735	0.0
(1, 923)	6736	0.0
(11, 1610)	6737	0.0
(1, 924)	6738	0.0
(7, 1113)	6739	0.0
(7, 1114)	6740	0.0
(20, 163)	6741	0.0
(8, 360)	6742	0.0
(8, 361)	6743	0.0
(9, 211)	6744	0.0
(1, 925)	6745	0.0
(7, 1115)	6746	0.0
(1, 926)	6747	0.0
(1, 927)	6748	0.0
(1, 928)	6749	0.0
(7, 1116)	6750	0.0
(11, 1611)	6751	0.0
(11, 1612)	6752	0.0
(1, 929)	6753	0.0
(1, 930)	6754	0.0
(11, 1613)	6755	0.0
(1, 931)	6756	0.0
(1, 932)	6757	0.0
(2, 834)	6758	0.0
(11, 1614)	6759	0.0
(2, 835)	6760	0.0
(11, 1615)	6761	0.0
(11, 1616)	6762	0.0
(3, 383)	6763	0.0
(11, 1617)	6764	0.0
(7, 1117)	6765	0.0
(11, 1618)	6766	0.0
(11, 1619)	6767	0.0
(11, 1620)	6768	0.0
(8, 362)	6769	0.0
(8, 363)	6770	0.0
(11, 1621)	6771	0.0
(3, 384)	6772	0.0
(11, 1622)	6773	0.0
(11, 1623)	6774	0.0
(4, 94)	6775	0.0
(3, 385)	6776	0.0
(3, 386)	6777	0.0
(3, 387)	6778	0.0
(12, 642)	6779	0.0
(8, 364)	6780	0.0
(11, 1624)	6781	0.0
(11, 1625)	6782	0.0
(11, 1626)	6783	0.0
(11, 1627)	6784	0.0
(5, 131)	6785	0.0
(11, 1628)	6786	0.0
(8, 365)	6787	0.0
(11, 1629)	6788	0.0
(11, 1630)	6789	0.0
(11, 1631)	6790	0.0
(2, 836)	6791	0.0
(11, 1632)	6792	0.0
(11, 1633)	6793	0.0
(11, 1634)	6794	0.0
(11, 1635)	6795	0.0
(11, 1636)	6796	0.0
(11, 1637)	6797	0.0
(1, 933)	6798	0.0
(12, 643)	6799	0.0
(11, 1638)	6800	0.0
(11, 1639)	6801	0.0
(5, 132)	6802	0.0
(11, 1640)	6803	0.0
(12, 644)	6804	0.0
(3, 388)	6805	0.0
(12, 645)	6806	0.0
(20, 164)	6807	0.0
(11, 1641)	6808	0.0
(8, 366)	6809	0.0
(2, 837)	6810	0.0
(2, 838)	6811	0.0
(2, 839)	6812	0.0
(1, 934)	6813	0.0
(1, 935)	6814	0.0
(1, 936)	6815	0.0
(7, 1118)	6816	0.0
(7, 1119)	6817	0.0
(7, 1120)	6818	0.0
(1, 937)	6819	0.0
(1, 938)	6820	0.0
(9, 212)	6821	0.0
(7, 1121)	6822	0.0
(7, 1122)	6823	0.0
(2, 840)	6824	0.0
(12, 646)	6825	0.0
(11, 1642)	6826	0.0
(1, 939)	6827	0.0
(1, 940)	6828	0.0
(2, 841)	6829	0.0
(8, 367)	6830	0.0
(11, 1643)	6831	0.0
(12, 647)	6832	0.0
(3, 389)	6833	0.0
(3, 390)	6834	0.0
(7, 1123)	6835	0.0
(3, 391)	6836	0.0
(12, 648)	6837	0.0
(12, 649)	6838	0.0
(12, 650)	6839	0.0
(11, 1644)	6840	0.0
(7, 1124)	6841	0.0
(7, 1125)	6842	0.0
(11, 1645)	6843	0.0
(8, 368)	6844	0.0
(1, 941)	6845	0.0
(1, 942)	6846	0.0
(12, 651)	6847	0.0
(7, 1126)	6848	0.0
(12, 652)	6849	0.0
(3, 392)	6850	0.0
(11, 1646)	6851	0.0
(9, 213)	6852	0.0
(2, 842)	6853	0.0
(3, 393)	6854	0.0
(1, 943)	6855	0.0
(11, 1647)	6856	0.0
(1, 944)	6857	0.0
(7, 1127)	6858	0.0
(11, 1648)	6859	0.0
(11, 1649)	6860	0.0
(7, 1128)	6861	0.0
(11, 1650)	6862	0.0
(11, 1651)	6863	0.0
(12, 653)	6864	0.0
(12, 654)	6865	0.0
(11, 1652)	6866	0.0
(11, 1653)	6867	0.0
(11, 1654)	6868	0.0
(11, 1655)	6869	0.0
(7, 1129)	6870	0.0
(2, 843)	6871	0.0
(11, 1656)	6872	0.0
(11, 1657)	6873	0.0
(11, 1658)	6874	0.0
(11, 1659)	6875	0.0
(3, 394)	6876	0.0
(11, 1660)	6877	0.0
(11, 1661)	6878	0.0
(11, 1662)	6879	0.0
(2, 844)	6880	0.0
(11, 1663)	6881	0.0
(2, 845)	6882	0.0
(12, 655)	6883	0.0
(7, 1130)	6884	0.0
(3, 395)	6885	0.0
(11, 1664)	6886	0.0
(11, 1665)	6887	0.0
(2, 846)	6888	0.0
(7, 1131)	6889	0.0
(7, 1132)	6890	0.0
(12, 656)	6891	0.0
(12, 657)	6892	0.0
(11, 1666)	6893	0.0
(11, 1667)	6894	0.0
(11, 1668)	6895	0.0
(3, 396)	6896	0.0
(12, 658)	6897	0.0
(3, 397)	6898	0.0
(11, 1669)	6899	0.0
(11, 1670)	6900	0.0
(8, 369)	6901	0.0
(11, 1671)	6902	0.0
(11, 1672)	6903	0.0
(11, 1673)	6904	0.0
(8, 370)	6905	0.0
(2, 847)	6906	0.0
(12, 659)	6907	0.0
(7, 1133)	6908	0.0
(1, 945)	6909	0.0
(3, 398)	6910	0.0
(12, 660)	6911	0.0
(7, 1134)	6912	0.0
(11, 1674)	6913	0.0
(11, 1675)	6914	0.0
(11, 1676)	6915	0.0
(2, 848)	6916	0.0
(12, 661)	6917	0.0
(11, 1677)	6918	0.0
(11, 1678)	6919	0.0
(3, 399)	6920	0.0
(11, 1679)	6921	0.0
(11, 1680)	6922	0.0
(2, 849)	6923	0.0
(2, 850)	6924	0.0
(2, 851)	6925	0.0
(11, 1681)	6926	0.0
(8, 371)	6927	0.0
(11, 1682)	6928	0.0
(11, 1683)	6929	0.0
(12, 662)	6930	0.0
(1, 946)	6931	0.0
(2, 852)	6932	0.0
(2, 853)	6933	0.0
(7, 1135)	6934	0.0
(11, 1684)	6935	0.0
(11, 1685)	6936	0.0
(11, 1686)	6937	0.0
(12, 663)	6938	0.0
(2, 854)	6939	0.0
(1, 947)	6940	0.0
(12, 664)	6941	0.0
(7, 1136)	6942	0.0
(11, 1687)	6943	0.0
(8, 372)	6944	0.0
(12, 665)	6945	0.0
(2, 855)	6946	0.0
(11, 1688)	6947	0.0
(2, 856)	6948	0.0
(3, 400)	6949	0.0
(11, 1689)	6950	0.0
(7, 1137)	6951	0.0
(7, 1138)	6952	0.0
(2, 857)	6953	0.0
(11, 1690)	6954	0.0
(3, 401)	6955	0.0
(2, 858)	6956	0.0
(12, 666)	6957	0.0
(12, 667)	6958	0.0
(5, 133)	6959	0.0
(5, 134)	6960	0.0
(12, 668)	6961	0.0
(2, 859)	6962	0.0
(2, 860)	6963	0.0
(11, 1691)	6964	0.0
(3, 402)	6965	0.0
(11, 1692)	6966	0.0
(9, 214)	6967	0.0
(12, 669)	6968	0.0
(3, 403)	6969	0.0
(11, 1693)	6970	0.0
(7, 1139)	6971	0.0
(2, 861)	6972	0.0
(4, 95)	6973	0.0
(7, 1140)	6974	0.0
(12, 670)	6975	0.0
(12, 671)	6976	0.0
(2, 862)	6977	0.0
(8, 373)	6978	0.0
(7, 1141)	6979	0.0
(7, 1142)	6980	0.0
(2, 863)	6981	0.0
(4, 96)	6982	0.0
(2, 864)	6983	0.0
(2, 865)	6984	0.0
(2, 866)	6985	0.0
(2, 867)	6986	0.0
(1, 948)	6987	0.0
(11, 1694)	6988	0.0
(11, 1695)	6989	0.0
(7, 1143)	6990	0.0
(7, 1144)	6991	0.0
(8, 374)	6992	0.0
(3, 404)	6993	0.0
(1, 949)	6994	0.0
(11, 1696)	6995	0.0
(12, 672)	6996	0.0
(11, 1697)	6997	0.0
(11, 1698)	6998	0.0
(2, 868)	6999	0.0
(11, 1699)	7000	0.0
(11, 1700)	7001	0.0
(12, 673)	7002	0.0
(2, 869)	7003	0.0
(11, 1701)	7004	0.0
(2, 870)	7005	0.0
(8, 375)	7006	0.0
(4, 97)	7007	0.0
(1, 950)	7008	0.0
(7, 1145)	7009	0.0
(11, 1702)	7010	0.0
(7, 1146)	7011	0.0
(2, 871)	7012	0.0
(1, 951)	7013	0.0
(7, 1147)	7014	0.0
(7, 1148)	7015	0.0
(11, 1703)	7016	0.0
(12, 674)	7017	0.0
(11, 1704)	7018	0.0
(11, 1705)	7019	0.0
(2, 872)	7020	0.0
(2, 873)	7021	0.0
(4, 98)	7022	0.0
(11, 1706)	7023	0.0
(12, 675)	7024	0.0
(12, 676)	7025	0.0
(3, 405)	7026	0.0
(11, 1707)	7027	0.0
(12, 677)	7028	0.0
(12, 678)	7029	0.0
(1, 952)	7030	0.0
(2, 874)	7031	0.0
(2, 875)	7032	0.0
(7, 1149)	7033	0.0
(20, 165)	7034	0.0
(11, 1708)	7035	0.0
(2, 876)	7036	0.0
(7, 1150)	7037	0.0
(7, 1151)	7038	0.0
(8, 376)	7039	0.0
(8, 377)	7040	0.0
(1, 953)	7041	0.0
(11, 1709)	7042	0.0
(1, 954)	7043	0.0
(11, 1710)	7044	0.0
(1, 955)	7045	0.0
(2, 877)	7046	0.0
(11, 1711)	7047	0.0
(11, 1712)	7048	0.0
(1, 956)	7049	0.0
(1, 957)	7050	0.0
(1, 958)	7051	0.0
(1, 959)	7052	0.0
(11, 1713)	7053	0.0
(1, 960)	7054	0.0
(7, 1152)	7055	0.0
(7, 1153)	7056	0.0
(7, 1154)	7057	0.0
(8, 378)	7058	0.0
(7, 1155)	7059	0.0
(1, 961)	7060	0.0
(7, 1156)	7061	0.0
(18, 61)	7062	0.0
(17, 21)	7063	0.0
(7, 1157)	7064	0.0
(18, 62)	7065	0.0
(7, 1158)	7066	0.0
(20, 166)	7067	0.0
(7, 1159)	7068	0.0
(7, 1160)	7069	0.0
(1, 962)	7070	0.0
(21, 29)	7071	0.0
(7, 1161)	7072	0.0
(1, 963)	7073	0.0
(1, 964)	7074	0.0
(7, 1162)	7075	0.0
(11, 1714)	7076	0.0
(1, 965)	7077	0.0
(8, 379)	7078	0.0
(1, 966)	7079	0.0
(7, 1163)	7080	0.0
(11, 1715)	7081	0.0
(1, 967)	7082	0.0
(7, 1164)	7083	0.0
(8, 380)	7084	0.0
(11, 1716)	7085	0.0
(11, 1717)	7086	0.0
(7, 1165)	7087	0.0
(7, 1166)	7088	0.0
(7, 1167)	7089	0.0
(3, 406)	7090	0.0
(1, 968)	7091	0.0
(1, 969)	7092	0.0
(1, 970)	7093	0.0
(1, 971)	7094	0.0
(11, 1718)	7095	0.0
(1, 972)	7096	0.0
(2, 878)	7097	0.0
(20, 167)	7098	0.0
(11, 1719)	7099	0.0
(1, 973)	7100	0.0
(2, 879)	7101	0.0
(7, 1168)	7102	0.0
(7, 1169)	7103	0.0
(20, 168)	7104	0.0
(1, 974)	7105	0.0
(2, 880)	7106	0.0
(7, 1170)	7107	0.0
(7, 1171)	7108	0.0
(3, 407)	7109	0.0
(20, 169)	7110	0.0
(8, 381)	7111	0.0
(1, 975)	7112	0.0
(1, 976)	7113	0.0
(1, 977)	7114	0.0
(7, 1172)	7115	0.0
(7, 1173)	7116	0.0
(9, 215)	7117	0.0
(7, 1174)	7118	0.0
(7, 1175)	7119	0.0
(20, 170)	7120	0.0
(1, 978)	7121	0.0
(2, 881)	7122	0.0
(1, 979)	7123	0.0
(1, 980)	7124	0.0
(1, 981)	7125	0.0
(3, 408)	7126	0.0
(7, 1176)	7127	0.0
(7, 1177)	7128	0.0
(7, 1178)	7129	0.0
(7, 1179)	7130	0.0
(7, 1180)	7131	0.0
(8, 382)	7132	0.0
(7, 1181)	7133	0.0
(7, 1182)	7134	0.0
(20, 171)	7135	0.0
(1, 982)	7136	0.0
(11, 1720)	7137	0.0
(7, 1183)	7138	0.0
(7, 1184)	7139	0.0
(7, 1185)	7140	0.0
(7, 1186)	7141	0.0
(20, 172)	7142	0.0
(7, 1187)	7143	0.0
(1, 983)	7144	0.0
(1, 984)	7145	0.0
(18, 63)	7146	0.0
(7, 1188)	7147	0.0
(7, 1189)	7148	0.0
(1, 985)	7149	0.0
(3, 409)	7150	0.0
(1, 986)	7151	0.0
(1, 987)	7152	0.0
(7, 1190)	7153	0.0
(20, 173)	7154	0.0
(21, 30)	7155	0.0
(2, 882)	7156	0.0
(2, 883)	7157	0.0
(7, 1191)	7158	0.0
(7, 1192)	7159	0.0
(12, 679)	7160	0.0
(1, 988)	7161	0.0
(7, 1193)	7162	0.0
(7, 1194)	7163	0.0
(7, 1195)	7164	0.0
(1, 989)	7165	0.0
(7, 1196)	7166	0.0
(11, 1721)	7167	0.0
(2, 884)	7168	0.0
(9, 216)	7169	0.0
(11, 1722)	7170	0.0
(11, 1723)	7171	0.0
(11, 1724)	7172	0.0
(2, 885)	7173	0.0
(1, 990)	7174	0.0
(7, 1197)	7175	0.0
(7, 1198)	7176	0.0
(7, 1199)	7177	0.0
(20, 174)	7178	0.0
(1, 991)	7179	0.0
(15, 31)	7180	0.0
(1, 992)	7181	0.0
(7, 1200)	7182	0.0
(11, 1725)	7183	0.0
(2, 886)	7184	0.0
(2, 887)	7185	0.0
(2, 888)	7186	0.0
(7, 1201)	7187	0.0
(7, 1202)	7188	0.0
(11, 1726)	7189	0.0
(1, 993)	7190	0.0
(11, 1727)	7191	0.0
(7, 1203)	7192	0.0
(1, 994)	7193	0.0
(11, 1728)	7194	0.0
(7, 1204)	7195	0.0
(11, 1729)	7196	0.0
(1, 995)	7197	0.0
(1, 996)	7198	0.0
(20, 175)	7199	0.0
(8, 383)	7200	0.0
(12, 680)	7201	0.0
(7, 1205)	7202	0.0
(7, 1206)	7203	0.0
(7, 1207)	7204	0.0
(7, 1208)	7205	0.0
(21, 31)	7206	0.0
(7, 1209)	7207	0.0
(7, 1210)	7208	0.0
(20, 176)	7209	0.0
(1, 997)	7210	0.0
(20, 177)	7211	0.0
(7, 1211)	7212	0.0
(8, 384)	7213	0.0
(1, 998)	7214	0.0
(11, 1730)	7215	0.0
(11, 1731)	7216	0.0
(7, 1212)	7217	0.0
(7, 1213)	7218	0.0
(8, 385)	7219	0.0
(7, 1214)	7220	0.0
(20, 178)	7221	0.0
(8, 386)	7222	0.0
(18, 64)	7223	0.0
(17, 22)	7224	0.0
(7, 1215)	7225	0.0
(7, 1216)	7226	0.0
(11, 1732)	7227	0.0
(7, 1217)	7228	0.0
(7, 1218)	7229	0.0
(11, 1733)	7230	0.0
(7, 1219)	7231	0.0
(11, 1734)	7232	0.0
(8, 387)	7233	0.0
(8, 388)	7234	0.0
(8, 389)	7235	0.0
(2, 889)	7236	0.0
(8, 390)	7237	0.0
(11, 1735)	7238	0.0
(2, 890)	7239	0.0
(1, 999)	7240	0.0
(7, 1220)	7241	0.0
(21, 32)	7242	0.0
(1, 1000)	7243	0.0
(8, 391)	7244	0.0
(7, 1221)	7245	0.0
(7, 1222)	7246	0.0
(8, 392)	7247	0.0
(7, 1223)	7248	0.0
(7, 1224)	7249	0.0
(1, 1001)	7250	0.0
(3, 410)	7251	0.0
(1, 1002)	7252	0.0
(7, 1225)	7253	0.0
(11, 1736)	7254	0.0
(12, 681)	7255	0.0
(7, 1226)	7256	0.0
(11, 1737)	7257	0.0
(1, 1003)	7258	0.0
(1, 1004)	7259	0.0
(11, 1738)	7260	0.0
(15, 32)	7261	0.0
(12, 682)	7262	0.0
(2, 891)	7263	0.0
(12, 683)	7264	0.0
(2, 892)	7265	0.0
(11, 1739)	7266	0.0
(2, 893)	7267	0.0
(5, 135)	7268	0.0
(12, 684)	7269	0.0
(11, 1740)	7270	0.0
(11, 1741)	7271	0.0
(7, 1227)	7272	0.0
(9, 217)	7273	0.0
(1, 1005)	7274	0.0
(11, 1742)	7275	0.0
(9, 218)	7276	0.0
(2, 894)	7277	0.0
(7, 1228)	7278	0.0
(12, 685)	7279	0.0
(3, 411)	7280	0.0
(2, 895)	7281	0.0
(12, 686)	7282	0.0
(11, 1743)	7283	0.0
(11, 1744)	7284	0.0
(12, 687)	7285	0.0
(12, 688)	7286	0.0
(11, 1745)	7287	0.0
(12, 689)	7288	0.0
(3, 412)	7289	0.0
(12, 690)	7290	0.0
(11, 1746)	7291	0.0
(12, 691)	7292	0.0
(2, 896)	7293	0.0
(11, 1747)	7294	0.0
(2, 897)	7295	0.0
(3, 413)	7296	0.0
(13, 48)	7297	0.0
(12, 692)	7298	0.0
(11, 1748)	7299	0.0
(11, 1749)	7300	0.0
(8, 393)	7301	0.0
(7, 1229)	7302	0.0
(7, 1230)	7303	0.0
(1, 1006)	7304	0.0
(3, 414)	7305	0.0
(7, 1231)	7306	0.0
(2, 898)	7307	0.0
(4, 99)	7308	0.0
(11, 1750)	7309	0.0
(2, 899)	7310	0.0
(2, 900)	7311	0.0
(2, 901)	7312	0.0
(11, 1751)	7313	0.0
(2, 902)	7314	0.0
(7, 1232)	7315	0.0
(7, 1233)	7316	0.0
(7, 1234)	7317	0.0
(7, 1235)	7318	0.0
(11, 1752)	7319	0.0
(11, 1753)	7320	0.0
(3, 415)	7321	0.0
(12, 693)	7322	0.0
(18, 65)	7323	0.0
(9, 219)	7324	0.0
(1, 1007)	7325	0.0
(9, 220)	7326	0.0
(11, 1754)	7327	0.0
(11, 1755)	7328	0.0
(11, 1756)	7329	0.0
(11, 1757)	7330	0.0
(11, 1758)	7331	0.0
(11, 1759)	7332	0.0
(11, 1760)	7333	0.0
(1, 1008)	7334	0.0
(11, 1761)	7335	0.0
(11, 1762)	7336	0.0
(11, 1763)	7337	0.0
(9, 221)	7338	0.0
(11, 1764)	7339	0.0
(2, 903)	7340	0.0
(2, 904)	7341	0.0
(9, 222)	7342	0.0
(2, 905)	7343	0.0
(2, 906)	7344	0.0
(11, 1765)	7345	0.0
(2, 907)	7346	0.0
(2, 908)	7347	0.0
(11, 1766)	7348	0.0
(2, 909)	7349	0.0
(12, 694)	7350	0.0
(2, 910)	7351	0.0
(2, 911)	7352	0.0
(2, 912)	7353	0.0
(11, 1767)	7354	0.0
(2, 913)	7355	0.0
(11, 1768)	7356	0.0
(11, 1769)	7357	0.0
(2, 914)	7358	0.0
(11, 1770)	7359	0.0
(11, 1771)	7360	0.0
(11, 1772)	7361	0.0
(11, 1773)	7362	0.0
(2, 915)	7363	0.0
(2, 916)	7364	0.0
(3, 416)	7365	0.0
(11, 1774)	7366	0.0
(12, 695)	7367	0.0
(11, 1775)	7368	0.0
(3, 417)	7369	0.0
(2, 917)	7370	0.0
(2, 918)	7371	0.0
(3, 418)	7372	0.0
(11, 1776)	7373	0.0
(1, 1009)	7374	0.0
(8, 394)	7375	0.0
(11, 1777)	7376	0.0
(12, 696)	7377	0.0
(12, 697)	7378	0.0
(2, 919)	7379	0.0
(11, 1778)	7380	0.0
(4, 100)	7381	0.0
(3, 419)	7382	0.0
(2, 920)	7383	0.0
(11, 1779)	7384	0.0
(8, 395)	7385	0.0
(11, 1780)	7386	0.0
(11, 1781)	7387	0.0
(1, 1010)	7388	0.0
(11, 1782)	7389	0.0
(11, 1783)	7390	0.0
(12, 698)	7391	0.0
(3, 420)	7392	0.0
(2, 921)	7393	0.0
(2, 922)	7394	0.0
(2, 923)	7395	0.0
(11, 1784)	7396	0.0
(11, 1785)	7397	0.0
(11, 1786)	7398	0.0
(11, 1787)	7399	0.0
(12, 699)	7400	0.0
(11, 1788)	7401	0.0
(11, 1789)	7402	0.0
(11, 1790)	7403	0.0
(3, 421)	7404	0.0
(11, 1791)	7405	0.0
(8, 396)	7406	0.0
(7, 1236)	7407	0.0
(11, 1792)	7408	0.0
(5, 136)	7409	0.0
(12, 700)	7410	0.0
(12, 701)	7411	0.0
(11, 1793)	7412	0.0
(3, 422)	7413	0.0
(12, 702)	7414	0.0
(2, 924)	7415	0.0
(7, 1237)	7416	0.0
(11, 1794)	7417	0.0
(12, 703)	7418	0.0
(7, 1238)	7419	0.0
(3, 423)	7420	0.0
(12, 704)	7421	0.0
(6, 29)	7422	0.0
(11, 1795)	7423	0.0
(2, 925)	7424	0.0
(12, 705)	7425	0.0
(7, 1239)	7426	0.0
(3, 424)	7427	0.0
(2, 926)	7428	0.0
(11, 1796)	7429	0.0
(8, 397)	7430	0.0
(1, 1011)	7431	0.0
(7, 1240)	7432	0.0
(18, 66)	7433	0.0
(11, 1797)	7434	0.0
(12, 706)	7435	0.0
(2, 927)	7436	0.0
(2, 928)	7437	0.0
(2, 929)	7438	0.0
(3, 425)	7439	0.0
(11, 1798)	7440	0.0
(12, 707)	7441	0.0
(12, 708)	7442	0.0
(2, 930)	7443	0.0
(2, 931)	7444	0.0
(11, 1799)	7445	0.0
(12, 709)	7446	0.0
(1, 1012)	7447	0.0
(11, 1800)	7448	0.0
(8, 398)	7449	0.0
(12, 710)	7450	0.0
(3, 426)	7451	0.0
(11, 1801)	7452	0.0
(12, 711)	7453	0.0
(11, 1802)	7454	0.0
(1, 1013)	7455	0.0
(2, 932)	7456	0.0
(3, 427)	7457	0.0
(24, 18)	7458	0.0
(9, 223)	7459	0.0
(11, 1803)	7460	0.0
(5, 137)	7461	0.0
(11, 1804)	7462	0.0
(11, 1805)	7463	0.0
(11, 1806)	7464	0.0
(8, 399)	7465	0.0
(11, 1807)	7466	0.0
(2, 933)	7467	0.0
(3, 428)	7468	0.0
(11, 1808)	7469	0.0
(2, 934)	7470	0.0
(2, 935)	7471	0.0
(1, 1014)	7472	0.0
(11, 1809)	7473	0.0
(1, 1015)	7474	0.0
(11, 1810)	7475	0.0
(11, 1811)	7476	0.0
(15, 33)	7477	0.0
(3, 429)	7478	0.0
(11, 1812)	7479	0.0
(8, 400)	7480	0.0
(2, 936)	7481	0.0
(2, 937)	7482	0.0
(12, 712)	7483	0.0
(9, 224)	7484	0.0
(11, 1813)	7485	0.0
(1, 1016)	7486	0.0
(11, 1814)	7487	0.0
(11, 1815)	7488	0.0
(1, 1017)	7489	0.0
(11, 1816)	7490	0.0
(3, 430)	7491	0.0
(12, 713)	7492	0.0
(12, 714)	7493	0.0
(2, 938)	7494	0.0
(7, 1241)	7495	0.0
(11, 1817)	7496	0.0
(11, 1818)	7497	0.0
(12, 715)	7498	0.0
(2, 939)	7499	0.0
(11, 1819)	7500	0.0
(7, 1242)	7501	0.0
(7, 1243)	7502	0.0
(7, 1244)	7503	0.0
(11, 1820)	7504	0.0
(1, 1018)	7505	0.0
(1, 1019)	7506	0.0
(5, 138)	7507	0.0
(3, 431)	7508	0.0
(11, 1821)	7509	0.0
(2, 940)	7510	0.0
(3, 432)	7511	0.0
(1, 1020)	7512	0.0
(11, 1822)	7513	0.0
(11, 1823)	7514	0.0
(7, 1245)	7515	0.0
(12, 716)	7516	0.0
(2, 941)	7517	0.0
(2, 942)	7518	0.0
(2, 943)	7519	0.0
(2, 944)	7520	0.0
(9, 225)	7521	0.0
(3, 433)	7522	0.0
(3, 434)	7523	0.0
(11, 1824)	7524	0.0
(2, 945)	7525	0.0
(11, 1825)	7526	0.0
(11, 1826)	7527	0.0
(12, 717)	7528	0.0
(2, 946)	7529	0.0
(11, 1827)	7530	0.0
(12, 718)	7531	0.0
(1, 1021)	7532	0.0
(11, 1828)	7533	0.0
(2, 947)	7534	0.0
(2, 948)	7535	0.0
(3, 435)	7536	0.0
(5, 139)	7537	0.0
(12, 719)	7538	0.0
(3, 436)	7539	0.0
(2, 949)	7540	0.0
(11, 1829)	7541	0.0
(3, 437)	7542	0.0
(1, 1022)	7543	0.0
(3, 438)	7544	0.0
(3, 439)	7545	0.0
(11, 1830)	7546	0.0
(2, 950)	7547	0.0
(2, 951)	7548	0.0
(7, 1246)	7549	0.0
(7, 1247)	7550	0.0
(11, 1831)	7551	0.0
(1, 1023)	7552	0.0
(1, 1024)	7553	0.0
(1, 1025)	7554	0.0
(11, 1832)	7555	0.0
(1, 1026)	7556	0.0
(1, 1027)	7557	0.0
(1, 1028)	7558	0.0
(7, 1248)	7559	0.0
(2, 952)	7560	0.0
(3, 440)	7561	0.0
(2, 953)	7562	0.0
(3, 441)	7563	0.0
(7, 1249)	7564	0.0
(7, 1250)	7565	0.0
(7, 1251)	7566	0.0
(11, 1833)	7567	0.0
(1, 1029)	7568	0.0
(1, 1030)	7569	0.0
(12, 720)	7570	0.0
(1, 1031)	7571	0.0
(7, 1252)	7572	0.0
(1, 1032)	7573	0.0
(7, 1253)	7574	0.0
(11, 1834)	7575	0.0
(8, 401)	7576	0.0
(9, 226)	7577	0.0
(7, 1254)	7578	0.0
(7, 1255)	7579	0.0
(1, 1033)	7580	0.0
(7, 1256)	7581	0.0
(7, 1257)	7582	0.0
(7, 1258)	7583	0.0
(11, 1835)	7584	0.0
(7, 1259)	7585	0.0
(8, 402)	7586	0.0
(1, 1034)	7587	0.0
(2, 954)	7588	0.0
(1, 1035)	7589	0.0
(7, 1260)	7590	0.0
(7, 1261)	7591	0.0
(1, 1036)	7592	0.0
(1, 1037)	7593	0.0
(7, 1262)	7594	0.0
(7, 1263)	7595	0.0
(1, 1038)	7596	0.0
(1, 1039)	7597	0.0
(7, 1264)	7598	0.0
(7, 1265)	7599	0.0
(20, 179)	7600	0.0
(8, 403)	7601	0.0
(18, 67)	7602	0.0
(1, 1040)	7603	0.0
(7, 1266)	7604	0.0
(1, 1041)	7605	0.0
(1, 1042)	7606	0.0
(7, 1267)	7607	0.0
(7, 1268)	7608	0.0
(20, 180)	7609	0.0
(1, 1043)	7610	0.0
(1, 1044)	7611	0.0
(3, 442)	7612	0.0
(1, 1045)	7613	0.0
(7, 1269)	7614	0.0
(7, 1270)	7615	0.0
(7, 1271)	7616	0.0
(8, 404)	7617	0.0
(1, 1046)	7618	0.0
(7, 1272)	7619	0.0
(11, 1836)	7620	0.0
(1, 1047)	7621	0.0
(11, 1837)	7622	0.0
(2, 955)	7623	0.0
(2, 956)	7624	0.0
(7, 1273)	7625	0.0
(2, 957)	7626	0.0
(2, 958)	7627	0.0
(12, 721)	7628	0.0
(9, 227)	7629	0.0
(11, 1838)	7630	0.0
(12, 722)	7631	0.0
(12, 723)	7632	0.0
(12, 724)	7633	0.0
(12, 725)	7634	0.0
(7, 1274)	7635	0.0
(8, 405)	7636	0.0
(8, 406)	7637	0.0
(2, 959)	7638	0.0
(8, 407)	7639	0.0
(11, 1839)	7640	0.0
(3, 443)	7641	0.0
(3, 444)	7642	0.0
(4, 101)	7643	0.0
(3, 445)	7644	0.0
(12, 726)	7645	0.0
(12, 727)	7646	0.0
(3, 446)	7647	0.0
(7, 1275)	7648	0.0
(7, 1276)	7649	0.0
(7, 1277)	7650	0.0
(11, 1840)	7651	0.0
(7, 1278)	7652	0.0
(5, 140)	7653	0.0
(2, 960)	7654	0.0
(11, 1841)	7655	0.0
(12, 728)	7656	0.0
(11, 1842)	7657	0.0
(12, 729)	7658	0.0
(5, 141)	7659	0.0
(12, 730)	7660	0.0
(2, 961)	7661	0.0
(3, 447)	7662	0.0
(2, 962)	7663	0.0
(2, 963)	7664	0.0
(2, 964)	7665	0.0
(1, 1048)	7666	0.0
(7, 1279)	7667	0.0
(7, 1280)	7668	0.0
(20, 181)	7669	0.0
(1, 1049)	7670	0.0
(2, 965)	7671	0.0
(7, 1281)	7672	0.0
(7, 1282)	7673	0.0
(7, 1283)	7674	0.0
(20, 182)	7675	0.0
(1, 1050)	7676	0.0
(2, 966)	7677	0.0
(2, 967)	7678	0.0
(2, 968)	7679	0.0
(2, 969)	7680	0.0
(11, 1843)	7681	0.0
(11, 1844)	7682	0.0
(2, 970)	7683	0.0
(2, 971)	7684	0.0
(2, 972)	7685	0.0
(1, 1051)	7686	0.0
(1, 1052)	7687	0.0
(2, 973)	7688	0.0
(2, 974)	7689	0.0
(11, 1845)	7690	0.0
(11, 1846)	7691	0.0
(7, 1284)	7692	0.0
(7, 1285)	7693	0.0
(7, 1286)	7694	0.0
(20, 183)	7695	0.0
(11, 1847)	7696	0.0
(11, 1848)	7697	0.0
(2, 975)	7698	0.0
(2, 976)	7699	0.0
(3, 448)	7700	0.0
(3, 449)	7701	0.0
(7, 1287)	7702	0.0
(20, 184)	7703	0.0
(18, 68)	7704	0.0
(1, 1053)	7705	0.0
(1, 1054)	7706	0.0
(7, 1288)	7707	0.0
(11, 1849)	7708	0.0
(1, 1055)	7709	0.0
(7, 1289)	7710	0.0
(7, 1290)	7711	0.0
(20, 185)	7712	0.0
(8, 408)	7713	0.0
(7, 1291)	7714	0.0
(8, 409)	7715	0.0
(8, 410)	7716	0.0
(18, 69)	7717	0.0
(8, 411)	7718	0.0
(18, 70)	7719	0.0
(1, 1056)	7720	0.0
(7, 1292)	7721	0.0
(8, 412)	7722	0.0
(9, 228)	7723	0.0
(1, 1057)	7724	0.0
(7, 1293)	7725	0.0
(20, 186)	7726	0.0
(21, 33)	7727	0.0
(22, 25)	7728	0.0
(1, 1058)	7729	0.0
(1, 1059)	7730	0.0
(1, 1060)	7731	0.0
(2, 977)	7732	0.0
(12, 731)	7733	0.0
(11, 1850)	7734	0.0
(11, 1851)	7735	0.0
(7, 1294)	7736	0.0
(2, 978)	7737	0.0
(8, 413)	7738	0.0
(2, 979)	7739	0.0
(11, 1852)	7740	0.0
(1, 1061)	7741	0.0
(2, 980)	7742	0.0
(2, 981)	7743	0.0
(11, 1853)	7744	0.0
(2, 982)	7745	0.0
(12, 732)	7746	0.0
(11, 1854)	7747	0.0
(3, 450)	7748	0.0
(2, 983)	7749	0.0
(7, 1295)	7750	0.0
(7, 1296)	7751	0.0
(11, 1855)	7752	0.0
(1, 1062)	7753	0.0
(2, 984)	7754	0.0
(12, 733)	7755	0.0
(7, 1297)	7756	0.0
(7, 1298)	7757	0.0
(1, 1063)	7758	0.0
(2, 985)	7759	0.0
(12, 734)	7760	0.0
(8, 414)	7761	0.0
(11, 1856)	7762	0.0
(11, 1857)	7763	0.0
(11, 1858)	7764	0.0
(11, 1859)	7765	0.0
(2, 986)	7766	0.0
(8, 415)	7767	0.0
(4, 102)	7768	0.0
(2, 987)	7769	0.0
(3, 451)	7770	0.0
(2, 988)	7771	0.0
(12, 735)	7772	0.0
(7, 1299)	7773	0.0
(9, 229)	7774	0.0
(1, 1064)	7775	0.0
(2, 989)	7776	0.0
(2, 990)	7777	0.0
(2, 991)	7778	0.0
(3, 452)	7779	0.0
(3, 453)	7780	0.0
(2, 992)	7781	0.0
(2, 993)	7782	0.0
(2, 994)	7783	0.0
(12, 736)	7784	0.0
(1, 1065)	7785	0.0
(2, 995)	7786	0.0
(11, 1860)	7787	0.0
(1, 1066)	7788	0.0
(3, 454)	7789	0.0
(4, 103)	7790	0.0
(7, 1300)	7791	0.0
(11, 1861)	7792	0.0
(7, 1301)	7793	0.0
(7, 1302)	7794	0.0
(11, 1862)	7795	0.0
(7, 1303)	7796	0.0
(12, 737)	7797	0.0
(3, 455)	7798	0.0
(3, 456)	7799	0.0
(11, 1863)	7800	0.0
(12, 738)	7801	0.0
(3, 457)	7802	0.0
(11, 1864)	7803	0.0
(1, 1067)	7804	0.0
(2, 996)	7805	0.0
(11, 1865)	7806	0.0
(12, 739)	7807	0.0
(2, 997)	7808	0.0
(8, 416)	7809	0.0
(1, 1068)	7810	0.0
(1, 1069)	7811	0.0
(11, 1866)	7812	0.0
(8, 417)	7813	0.0
(1, 1070)	7814	0.0
(1, 1071)	7815	0.0
(7, 1304)	7816	0.0
(7, 1305)	7817	0.0
(11, 1867)	7818	0.0
(5, 142)	7819	0.0
(11, 1868)	7820	0.0
(7, 1306)	7821	0.0
(7, 1307)	7822	0.0
(7, 1308)	7823	0.0
(11, 1869)	7824	0.0
(2, 998)	7825	0.0
(12, 740)	7826	0.0
(11, 1870)	7827	0.0
(7, 1309)	7828	0.0
(20, 187)	7829	0.0
(20, 188)	7830	0.0
(22, 26)	7831	0.0
(2, 999)	7832	0.0
(11, 1871)	7833	0.0
(13, 49)	7834	0.0
(12, 741)	7835	0.0
(2, 1000)	7836	0.0
(11, 1872)	7837	0.0
(2, 1001)	7838	0.0
(11, 1873)	7839	0.0
(2, 1002)	7840	0.0
(12, 742)	7841	0.0
(7, 1310)	7842	0.0
(7, 1311)	7843	0.0
(7, 1312)	7844	0.0
(11, 1874)	7845	0.0
(11, 1875)	7846	0.0
(8, 418)	7847	0.0
(11, 1876)	7848	0.0
(8, 419)	7849	0.0
(2, 1003)	7850	0.0
(2, 1004)	7851	0.0
(2, 1005)	7852	0.0
(2, 1006)	7853	0.0
(2, 1007)	7854	0.0
(11, 1877)	7855	0.0
(2, 1008)	7856	0.0
(12, 743)	7857	0.0
(1, 1072)	7858	0.0
(11, 1878)	7859	0.0
(2, 1009)	7860	0.0
(3, 458)	7861	0.0
(2, 1010)	7862	0.0
(12, 744)	7863	0.0
(11, 1879)	7864	0.0
(11, 1880)	7865	0.0
(12, 745)	7866	0.0
(12, 746)	7867	0.0
(1, 1073)	7868	0.0
(7, 1313)	7869	0.0
(1, 1074)	7870	0.0
(7, 1314)	7871	0.0
(7, 1315)	7872	0.0
(11, 1881)	7873	0.0
(7, 1316)	7874	0.0
(2, 1011)	7875	0.0
(7, 1317)	7876	0.0
(7, 1318)	7877	0.0
(11, 1882)	7878	0.0
(11, 1883)	7879	0.0
(2, 1012)	7880	0.0
(11, 1884)	7881	0.0
(2, 1013)	7882	0.0
(3, 459)	7883	0.0
(7, 1319)	7884	0.0
(1, 1075)	7885	0.0
(12, 747)	7886	0.0
(1, 1076)	7887	0.0
(1, 1077)	7888	0.0
(12, 748)	7889	0.0
(11, 1885)	7890	0.0
(8, 420)	7891	0.0
(1, 1078)	7892	0.0
(7, 1320)	7893	0.0
(11, 1886)	7894	0.0
(12, 749)	7895	0.0
(12, 750)	7896	0.0
(8, 421)	7897	0.0
(11, 1887)	7898	0.0
(7, 1321)	7899	0.0
(7, 1322)	7900	0.0
(3, 460)	7901	0.0
(11, 1888)	7902	0.0
(2, 1014)	7903	0.0
(11, 1889)	7904	0.0
(2, 1015)	7905	0.0
(2, 1016)	7906	0.0
(11, 1890)	7907	0.0
(11, 1891)	7908	0.0
(11, 1892)	7909	0.0
(12, 751)	7910	0.0
(2, 1017)	7911	0.0
(11, 1893)	7912	0.0
(11, 1894)	7913	0.0
(2, 1018)	7914	0.0
(11, 1895)	7915	0.0
(7, 1323)	7916	0.0
(2, 1019)	7917	0.0
(2, 1020)	7918	0.0
(7, 1324)	7919	0.0
(2, 1021)	7920	0.0
(11, 1896)	7921	0.0
(2, 1022)	7922	0.0
(7, 1325)	7923	0.0
(1, 1079)	7924	0.0
(1, 1080)	7925	0.0
(7, 1326)	7926	0.0
(2, 1023)	7927	0.0
(11, 1897)	7928	0.0
(11, 1898)	7929	0.0
(3, 461)	7930	0.0
(12, 752)	7931	0.0
(12, 753)	7932	0.0
(12, 754)	7933	0.0
(3, 462)	7934	0.0
(2, 1024)	7935	0.0
(2, 1025)	7936	0.0
(7, 1327)	7937	0.0
(1, 1081)	7938	0.0
(2, 1026)	7939	0.0
(2, 1027)	7940	0.0
(2, 1028)	7941	0.0
(11, 1899)	7942	0.0
(11, 1900)	7943	0.0
(3, 463)	7944	0.0
(3, 464)	7945	0.0
(3, 465)	7946	0.0
(3, 466)	7947	0.0
(7, 1328)	7948	0.0
(12, 755)	7949	0.0
(7, 1329)	7950	0.0
(11, 1901)	7951	0.0
(12, 756)	7952	0.0
(7, 1330)	7953	0.0
(11, 1902)	7954	0.0
(12, 757)	7955	0.0
(11, 1903)	7956	0.0
(11, 1904)	7957	0.0
(2, 1029)	7958	0.0
(7, 1331)	7959	0.0
(5, 143)	7960	0.0
(1, 1082)	7961	0.0
(1, 1083)	7962	0.0
(1, 1084)	7963	0.0
(7, 1332)	7964	0.0
(2, 1030)	7965	0.0
(12, 758)	7966	0.0
(11, 1905)	7967	0.0
(2, 1031)	7968	0.0
(4, 104)	7969	0.0
(11, 1906)	7970	0.0
(2, 1032)	7971	0.0
(2, 1033)	7972	0.0
(11, 1907)	7973	0.0
(7, 1333)	7974	0.0
(8, 422)	7975	0.0
(18, 71)	7976	0.0
(8, 423)	7977	0.0
(11, 1908)	7978	0.0
(12, 759)	7979	0.0
(12, 760)	7980	0.0
(11, 1909)	7981	0.0
(2, 1034)	7982	0.0
(3, 467)	7983	0.0
(7, 1334)	7984	0.0
(7, 1335)	7985	0.0
(9, 230)	7986	0.0
(2, 1035)	7987	0.0
(2, 1036)	7988	0.0
(2, 1037)	7989	0.0
(11, 1910)	7990	0.0
(12, 761)	7991	0.0
(11, 1911)	7992	0.0
(11, 1912)	7993	0.0
(3, 468)	7994	0.0
(2, 1038)	7995	0.0
(2, 1039)	7996	0.0
(12, 762)	7997	0.0
(11, 1913)	7998	0.0
(3, 469)	7999	0.0
(2, 1040)	8000	0.0
(12, 763)	8001	0.0
(11, 1914)	8002	0.0
(2, 1041)	8003	0.0
(11, 1915)	8004	0.0
(11, 1916)	8005	0.0
(11, 1917)	8006	0.0
(2, 1042)	8007	0.0
(3, 470)	8008	0.0
(9, 231)	8009	0.0
(7, 1336)	8010	0.0
(7, 1337)	8011	0.0
(11, 1918)	8012	0.0
(11, 1919)	8013	0.0
(2, 1043)	8014	0.0
(3, 471)	8015	0.0
(11, 1920)	8016	0.0
(7, 1338)	8017	0.0
(8, 424)	8018	0.0
(11, 1921)	8019	0.0
(12, 764)	8020	0.0
(3, 472)	8021	0.0
(2, 1044)	8022	0.0
(1, 1085)	8023	0.0
(1, 1086)	8024	0.0
(11, 1922)	8025	0.0
(12, 765)	8026	0.0
(2, 1045)	8027	0.0
(2, 1046)	8028	0.0
(11, 1923)	8029	0.0
(8, 425)	8030	0.0
(12, 766)	8031	0.0
(7, 1339)	8032	0.0
(7, 1340)	8033	0.0
(11, 1924)	8034	0.0
(11, 1925)	8035	0.0
(11, 1926)	8036	0.0
(7, 1341)	8037	0.0
(12, 767)	8038	0.0
(7, 1342)	8039	0.0
(2, 1047)	8040	0.0
(3, 473)	8041	0.0
(7, 1343)	8042	0.0
(11, 1927)	8043	0.0
(12, 768)	8044	0.0
(4, 105)	8045	0.0
(24, 19)	8046	0.0
(3, 474)	8047	0.0
(12, 769)	8048	0.0
(8, 426)	8049	0.0
(12, 770)	8050	0.0
(2, 1048)	8051	0.0
(12, 771)	8052	0.0
(8, 427)	8053	0.0
(1, 1087)	8054	0.0
(7, 1344)	8055	0.0
(7, 1345)	8056	0.0
(1, 1088)	8057	0.0
(3, 475)	8058	0.0
(7, 1346)	8059	0.0
(7, 1347)	8060	0.0
(2, 1049)	8061	0.0
(24, 20)	8062	0.0
(7, 1348)	8063	0.0
(11, 1928)	8064	0.0
(2, 1050)	8065	0.0
(12, 772)	8066	0.0
(5, 144)	8067	0.0
(2, 1051)	8068	0.0
(4, 106)	8069	0.0
(5, 145)	8070	0.0
(1, 1089)	8071	0.0
(11, 1929)	8072	0.0
(9, 232)	8073	0.0
(1, 1090)	8074	0.0
(7, 1349)	8075	0.0
(7, 1350)	8076	0.0
(7, 1351)	8077	0.0
(11, 1930)	8078	0.0
(12, 773)	8079	0.0
(3, 476)	8080	0.0
(11, 1931)	8081	0.0
(20, 189)	8082	0.0
(9, 233)	8083	0.0
(11, 1932)	8084	0.0
(8, 428)	8085	0.0
(9, 234)	8086	0.0
(11, 1933)	8087	0.0
(7, 1352)	8088	0.0
(11, 1934)	8089	0.0
(11, 1935)	8090	0.0
(3, 477)	8091	0.0
(7, 1353)	8092	0.0
(8, 429)	8093	0.0
(3, 478)	8094	0.0
(2, 1052)	8095	0.0
(2, 1053)	8096	0.0
(3, 479)	8097	0.0
(2, 1054)	8098	0.0
(3, 480)	8099	0.0
(12, 774)	8100	0.0
(9, 235)	8101	0.0
(8, 430)	8102	0.0
(1, 1091)	8103	0.0
(1, 1092)	8104	0.0
(11, 1936)	8105	0.0
(3, 481)	8106	0.0
(11, 1937)	8107	0.0
(11, 1938)	8108	0.0
(2, 1055)	8109	0.0
(2, 1056)	8110	0.0
(3, 482)	8111	0.0
(12, 775)	8112	0.0
(7, 1354)	8113	0.0
(7, 1355)	8114	0.0
(7, 1356)	8115	0.0
(12, 776)	8116	0.0
(11, 1939)	8117	0.0
(7, 1357)	8118	0.0
(1, 1093)	8119	0.0
(7, 1358)	8120	0.0
(11, 1940)	8121	0.0
(2, 1057)	8122	0.0
(11, 1941)	8123	0.0
(12, 777)	8124	0.0
(12, 778)	8125	0.0
(2, 1058)	8126	0.0
(2, 1059)	8127	0.0
(12, 779)	8128	0.0
(12, 780)	8129	0.0
(7, 1359)	8130	0.0
(11, 1942)	8131	0.0
(11, 1943)	8132	0.0
(11, 1944)	8133	0.0
(8, 431)	8134	0.0
(2, 1060)	8135	0.0
(9, 236)	8136	0.0
(12, 781)	8137	0.0
(2, 1061)	8138	0.0
(11, 1945)	8139	0.0
(12, 782)	8140	0.0
(11, 1946)	8141	0.0
(1, 1094)	8142	0.0
(4, 107)	8143	0.0
(12, 783)	8144	0.0
(7, 1360)	8145	0.0
(7, 1361)	8146	0.0
(7, 1362)	8147	0.0
(11, 1947)	8148	0.0
(7, 1363)	8149	0.0
(2, 1062)	8150	0.0
(11, 1948)	8151	0.0
(11, 1949)	8152	0.0
(24, 21)	8153	0.0
(11, 1950)	8154	0.0
(11, 1951)	8155	0.0
(11, 1952)	8156	0.0
(11, 1953)	8157	0.0
(1, 1095)	8158	0.0
(1, 1096)	8159	0.0
(7, 1364)	8160	0.0
(11, 1954)	8161	0.0
(7, 1365)	8162	0.0
(7, 1366)	8163	0.0
(7, 1367)	8164	0.0
(7, 1368)	8165	0.0
(9, 237)	8166	0.0
(7, 1369)	8167	0.0
(7, 1370)	8168	0.0
(2, 1063)	8169	0.0
(2, 1064)	8170	0.0
(2, 1065)	8171	0.0
(2, 1066)	8172	0.0
(2, 1067)	8173	0.0
(2, 1068)	8174	0.0
(4, 108)	8175	0.0
(2, 1069)	8176	0.0
(3, 483)	8177	0.0
(3, 484)	8178	0.0
(12, 784)	8179	0.0
(5, 146)	8180	0.0
(11, 1955)	8181	0.0
(2, 1070)	8182	0.0
(11, 1956)	8183	0.0
(2, 1071)	8184	0.0
(3, 485)	8185	0.0
(2, 1072)	8186	0.0
(11, 1957)	8187	0.0
(11, 1958)	8188	0.0
(3, 486)	8189	0.0
(11, 1959)	8190	0.0
(11, 1960)	8191	0.0
(12, 785)	8192	0.0
(9, 238)	8193	0.0
(7, 1371)	8194	0.0
(1, 1097)	8195	0.0
(7, 1372)	8196	0.0
(1, 1098)	8197	0.0
(1, 1099)	8198	0.0
(11, 1961)	8199	0.0
(5, 147)	8200	0.0
(3, 487)	8201	0.0
(11, 1962)	8202	0.0
(3, 488)	8203	0.0
(2, 1073)	8204	0.0
(11, 1963)	8205	0.0
(2, 1074)	8206	0.0
(1, 1100)	8207	0.0
(11, 1964)	8208	0.0
(7, 1373)	8209	0.0
(7, 1374)	8210	0.0
(11, 1965)	8211	0.0
(8, 432)	8212	0.0
(18, 72)	8213	0.0
(3, 489)	8214	0.0
(7, 1375)	8215	0.0
(7, 1376)	8216	0.0
(7, 1377)	8217	0.0
(7, 1378)	8218	0.0
(7, 1379)	8219	0.0
(11, 1966)	8220	0.0
(9, 239)	8221	0.0
(11, 1967)	8222	0.0
(11, 1968)	8223	0.0
(7, 1380)	8224	0.0
(9, 240)	8225	0.0
(7, 1381)	8226	0.0
(1, 1101)	8227	0.0
(7, 1382)	8228	0.0
(11, 1969)	8229	0.0
(9, 241)	8230	0.0
(7, 1383)	8231	0.0
(7, 1384)	8232	0.0
(7, 1385)	8233	0.0
(7, 1386)	8234	0.0
(20, 190)	8235	0.0
(7, 1387)	8236	0.0
(20, 191)	8237	0.0
(11, 1970)	8238	0.0
(7, 1388)	8239	0.0
(7, 1389)	8240	0.0
(1, 1102)	8241	0.0
(11, 1971)	8242	0.0
(11, 1972)	8243	0.0
(7, 1390)	8244	0.0
(7, 1391)	8245	0.0
(7, 1392)	8246	0.0
(7, 1393)	8247	0.0
(3, 490)	8248	0.0
(7, 1394)	8249	0.0
(7, 1395)	8250	0.0
(1, 1103)	8251	0.0
(7, 1396)	8252	0.0
(7, 1397)	8253	0.0
(11, 1973)	8254	0.0
(7, 1398)	8255	0.0
(1, 1104)	8256	0.0
(7, 1399)	8257	0.0
(8, 433)	8258	0.0
(20, 192)	8259	0.0
(21, 34)	8260	0.0
(21, 35)	8261	0.0
(17, 23)	8262	0.0
(7, 1400)	8263	0.0
(7, 1401)	8264	0.0
(22, 27)	8265	0.0
(7, 1402)	8266	0.0
(7, 1403)	8267	0.0
(11, 1974)	8268	0.0
(8, 434)	8269	0.0
(11, 1975)	8270	0.0
(11, 1976)	8271	0.0
(8, 435)	8272	0.0
(11, 1977)	8273	0.0
(2, 1075)	8274	0.0
(12, 786)	8275	0.0
(11, 1978)	8276	0.0
(11, 1979)	8277	0.0
(2, 1076)	8278	0.0
(11, 1980)	8279	0.0
(2, 1077)	8280	0.0
(11, 1981)	8281	0.0
(11, 1982)	8282	0.0
(11, 1983)	8283	0.0
(2, 1078)	8284	0.0
(11, 1984)	8285	0.0
(11, 1985)	8286	0.0
(11, 1986)	8287	0.0
(11, 1987)	8288	0.0
(11, 1988)	8289	0.0
(11, 1989)	8290	0.0
(11, 1990)	8291	0.0
(11, 1991)	8292	0.0
(11, 1992)	8293	0.0
(8, 436)	8294	0.0
(11, 1993)	8295	0.0
(2, 1079)	8296	0.0
(7, 1404)	8297	0.0
(7, 1405)	8298	0.0
(12, 787)	8299	0.0
(12, 788)	8300	0.0
(1, 1105)	8301	0.0
(11, 1994)	8302	0.0
(11, 1995)	8303	0.0
(11, 1996)	8304	0.0
(2, 1080)	8305	0.0
(1, 1106)	8306	0.0
(2, 1081)	8307	0.0
(11, 1997)	8308	0.0
(2, 1082)	8309	0.0
(5, 148)	8310	0.0
(11, 1998)	8311	0.0
(11, 1999)	8312	0.0
(12, 789)	8313	0.0
(3, 491)	8314	0.0
(12, 790)	8315	0.0
(11, 2000)	8316	0.0
(11, 2001)	8317	0.0
(8, 437)	8318	0.0
(8, 438)	8319	0.0
(11, 2002)	8320	0.0
(9, 242)	8321	0.0
(2, 1083)	8322	0.0
(7, 1406)	8323	0.0
(2, 1084)	8324	0.0
(11, 2003)	8325	0.0
(2, 1085)	8326	0.0
(1, 1107)	8327	0.0
(7, 1407)	8328	0.0
(11, 2004)	8329	0.0
(1, 1108)	8330	0.0
(7, 1408)	8331	0.0
(7, 1409)	8332	0.0
(7, 1410)	8333	0.0
(7, 1411)	8334	0.0
(7, 1412)	8335	0.0
(1, 1109)	8336	0.0
(2, 1086)	8337	0.0
(1, 1110)	8338	0.0
(11, 2005)	8339	0.0
(11, 2006)	8340	0.0
(8, 439)	8341	0.0
(12, 791)	8342	0.0
(11, 2007)	8343	0.0
(3, 492)	8344	0.0
(2, 1087)	8345	0.0
(11, 2008)	8346	0.0
(11, 2009)	8347	0.0
(11, 2010)	8348	0.0
(2, 1088)	8349	0.0
(2, 1089)	8350	0.0
(11, 2011)	8351	0.0
(3, 493)	8352	0.0
(12, 792)	8353	0.0
(11, 2012)	8354	0.0
(1, 1111)	8355	0.0
(11, 2013)	8356	0.0
(11, 2014)	8357	0.0
(11, 2015)	8358	0.0
(11, 2016)	8359	0.0
(11, 2017)	8360	0.0
(25, 1)	8361	0.0
(12, 793)	8362	0.0
(26, 1)	8363	0.0
(27, 1)	8364	0.0
(27, 2)	8365	0.0
(28, 1)	8366	0.0
(28, 2)	8367	0.0
(29, 1)	8368	0.0
(30, 1)	8369	0.0
(8, 440)	8370	0.0
(2, 1090)	8371	0.0
(3, 494)	8372	0.0
(11, 2018)	8373	0.0
(11, 2019)	8374	0.0
(2, 1091)	8375	0.0
(11, 2020)	8376	0.0
(1, 1112)	8377	0.0
(8, 441)	8378	0.0
(11, 2021)	8379	0.0
(11, 2022)	8380	0.0
(11, 2023)	8381	0.0
(11, 2024)	8382	0.0
(12, 794)	8383	0.0
(1, 1113)	8384	0.0
(7, 1413)	8385	0.0
(7, 1414)	8386	0.0
(7, 1415)	8387	0.0
(2, 1092)	8388	0.0
(1, 1114)	8389	0.0
(1, 1115)	8390	0.0
(11, 2025)	8391	0.0
(11, 2026)	8392	0.0
(12, 795)	8393	0.0
(12, 796)	8394	0.0
(1, 1116)	8395	0.0
(11, 2027)	8396	0.0
(11, 2028)	8397	0.0
(1, 1117)	8398	0.0
(12, 797)	8399	0.0
(3, 495)	8400	0.0
(12, 798)	8401	0.0
(11, 2029)	8402	0.0
(1, 1118)	8403	0.0
(2, 1093)	8404	0.0
(2, 1094)	8405	0.0
(8, 442)	8406	0.0
(11, 2030)	8407	0.0
(11, 2031)	8408	0.0
(11, 2032)	8409	0.0
(11, 2033)	8410	0.0
(11, 2034)	8411	0.0
(9, 243)	8412	0.0
(2, 1095)	8413	0.0
(12, 799)	8414	0.0
(1, 1119)	8415	0.0
(11, 2035)	8416	0.0
(12, 800)	8417	0.0
(2, 1096)	8418	0.0
(11, 2036)	8419	0.0
(8, 443)	8420	0.0
(11, 2037)	8421	0.0
(3, 496)	8422	0.0
(1, 1120)	8423	0.0
(11, 2038)	8424	0.0
(7, 1416)	8425	0.0
(8, 444)	8426	0.0
(1, 1121)	8427	0.0
(1, 1122)	8428	0.0
(7, 1417)	8429	0.0
(20, 193)	8430	0.0
(2, 1097)	8431	0.0
(8, 445)	8432	0.0
(2, 1098)	8433	0.0
(2, 1099)	8434	0.0
(7, 1418)	8435	0.0
(7, 1419)	8436	0.0
(7, 1420)	8437	0.0
(11, 2039)	8438	0.0
(7, 1421)	8439	0.0
(20, 194)	8440	0.0
(1, 1123)	8441	0.0
(12, 801)	8442	0.0
(7, 1422)	8443	0.0
(11, 2040)	8444	0.0
(11, 2041)	8445	0.0
(11, 2042)	8446	0.0
(11, 2043)	8447	0.0
(11, 2044)	8448	0.0
(11, 2045)	8449	0.0
(8, 446)	8450	0.0
(7, 1423)	8451	0.0
(2, 1100)	8452	0.0
(11, 2046)	8453	0.0
(11, 2047)	8454	0.0
(1, 1124)	8455	0.0
(12, 802)	8456	0.0
(2, 1101)	8457	0.0
(3, 497)	8458	0.0
(7, 1424)	8459	0.0
(11, 2048)	8460	0.0
(2, 1102)	8461	0.0
(8, 447)	8462	0.0
(11, 2049)	8463	0.0
(12, 803)	8464	0.0
(4, 109)	8465	0.0
(24, 22)	8466	0.0
(11, 2050)	8467	0.0
(8, 448)	8468	0.0
(11, 2051)	8469	0.0
(9, 244)	8470	0.0
(7, 1425)	8471	0.0
(7, 1426)	8472	0.0
(7, 1427)	8473	0.0
(11, 2052)	8474	0.0
(12, 804)	8475	0.0
(6, 30)	8476	0.0
(3, 498)	8477	0.0
(12, 805)	8478	0.0
(8, 449)	8479	0.0
(7, 1428)	8480	0.0
(11, 2053)	8481	0.0
(2, 1103)	8482	0.0
(7, 1429)	8483	0.0
(11, 2054)	8484	0.0
(2, 1104)	8485	0.0
(3, 499)	8486	0.0
(5, 149)	8487	0.0
(9, 245)	8488	0.0
(7, 1430)	8489	0.0
(7, 1431)	8490	0.0
(20, 195)	8491	0.0
(7, 1432)	8492	0.0
(7, 1433)	8493	0.0
(1, 1125)	8494	0.0
(2, 1105)	8495	0.0
(2, 1106)	8496	0.0
(11, 2055)	8497	0.0
(11, 2056)	8498	0.0
(1, 1126)	8499	0.0
(7, 1434)	8500	0.0
(11, 2057)	8501	0.0
(11, 2058)	8502	0.0
(12, 806)	8503	0.0
(12, 807)	8504	0.0
(7, 1435)	8505	0.0
(7, 1436)	8506	0.0
(7, 1437)	8507	0.0
(5, 150)	8508	0.0
(11, 2059)	8509	0.0
(1, 1127)	8510	0.0
(11, 2060)	8511	0.0
(3, 500)	8512	0.0
(3, 501)	8513	0.0
(3, 502)	8514	0.0
(11, 2061)	8515	0.0
(2, 1107)	8516	0.0
(2, 1108)	8517	0.0
(11, 2062)	8518	0.0
(12, 808)	8519	0.0
(3, 503)	8520	0.0
(5, 151)	8521	0.0
(11, 2063)	8522	0.0
(8, 450)	8523	0.0
(12, 809)	8524	0.0
(2, 1109)	8525	0.0
(4, 110)	8526	0.0
(9, 246)	8527	0.0
(2, 1110)	8528	0.0
(12, 810)	8529	0.0
(11, 2064)	8530	0.0
(2, 1111)	8531	0.0
(3, 504)	8532	0.0
(11, 2065)	8533	0.0
(11, 2066)	8534	0.0
(11, 2067)	8535	0.0
(18, 73)	8536	0.0
(2, 1112)	8537	0.0
(3, 505)	8538	0.0
(2, 1113)	8539	0.0
(7, 1438)	8540	0.0
(11, 2068)	8541	0.0
(7, 1439)	8542	0.0
(11, 2069)	8543	0.0
(11, 2070)	8544	0.0
(8, 451)	8545	0.0
(7, 1440)	8546	0.0
(7, 1441)	8547	0.0
(20, 196)	8548	0.0
(2, 1114)	8549	0.0
(2, 1115)	8550	0.0
(2, 1116)	8551	0.0
(11, 2071)	8552	0.0
(7, 1442)	8553	0.0
(7, 1443)	8554	0.0
(12, 811)	8555	0.0
(5, 152)	8556	0.0
(2, 1117)	8557	0.0
(7, 1444)	8558	0.0
(7, 1445)	8559	0.0
(11, 2072)	8560	0.0
(12, 812)	8561	0.0
(7, 1446)	8562	0.0
(7, 1447)	8563	0.0
(20, 197)	8564	0.0
(2, 1118)	8565	0.0
(11, 2073)	8566	0.0
(7, 1448)	8567	0.0
(11, 2074)	8568	0.0
(2, 1119)	8569	0.0
(2, 1120)	8570	0.0
(1, 1128)	8571	0.0
(7, 1449)	8572	0.0
(11, 2075)	8573	0.0
(11, 2076)	8574	0.0
(12, 813)	8575	0.0
(7, 1450)	8576	0.0
(8, 452)	8577	0.0
(12, 814)	8578	0.0
(10, 9)	8579	0.0
(8, 453)	8580	0.0
(7, 1451)	8581	0.0
(7, 1452)	8582	0.0
(11, 2077)	8583	0.0
(1, 1129)	8584	0.0
(2, 1121)	8585	0.0
(11, 2078)	8586	0.0
(1, 1130)	8587	0.0
(1, 1131)	8588	0.0
(7, 1453)	8589	0.0
(7, 1454)	8590	0.0
(1, 1132)	8591	0.0
(7, 1455)	8592	0.0
(11, 2079)	8593	0.0
(11, 2080)	8594	0.0
(11, 2081)	8595	0.0
(7, 1456)	8596	0.0
(8, 454)	8597	0.0
(18, 74)	8598	0.0
(11, 2082)	8599	0.0
(7, 1457)	8600	0.0
(7, 1458)	8601	0.0
(20, 198)	8602	0.0
(8, 455)	8603	0.0
(8, 456)	8604	0.0
(7, 1459)	8605	0.0
(7, 1460)	8606	0.0
(20, 199)	8607	0.0
(8, 457)	8608	0.0
(1, 1133)	8609	0.0
(7, 1461)	8610	0.0
(7, 1462)	8611	0.0
(11, 2083)	8612	0.0
(9, 247)	8613	0.0
(1, 1134)	8614	0.0
(1, 1135)	8615	0.0
(18, 75)	8616	0.0
(3, 506)	8617	0.0
(7, 1463)	8618	0.0
(11, 2084)	8619	0.0
(7, 1464)	8620	0.0
(20, 200)	8621	0.0
(20, 201)	8622	0.0
(11, 2085)	8623	0.0
(11, 2086)	8624	0.0
(11, 2087)	8625	0.0
(3, 507)	8626	0.0
(11, 2088)	8627	0.0
(8, 458)	8628	0.0
(2, 1122)	8629	0.0
(11, 2089)	8630	0.0
(11, 2090)	8631	0.0
(3, 508)	8632	0.0
(9, 248)	8633	0.0
(7, 1465)	8634	0.0
(7, 1466)	8635	0.0
(7, 1467)	8636	0.0
(8, 459)	8637	0.0
(9, 249)	8638	0.0
(7, 1468)	8639	0.0
(20, 202)	8640	0.0
(8, 460)	8641	0.0
(8, 461)	8642	0.0
(4, 111)	8643	0.0
(2, 1123)	8644	0.0
(1, 1136)	8645	0.0
(12, 815)	8646	0.0
(1, 1137)	8647	0.0
(8, 462)	8648	0.0
(11, 2091)	8649	0.0
(8, 463)	8650	0.0
(11, 2092)	8651	0.0
(2, 1124)	8652	0.0
(7, 1469)	8653	0.0
(3, 509)	8654	0.0
(24, 23)	8655	0.0
(2, 1125)	8656	0.0
(8, 464)	8657	0.0
(3, 510)	8658	0.0
(12, 816)	8659	0.0
(2, 1126)	8660	0.0
(7, 1470)	8661	0.0
(11, 2093)	8662	0.0
(24, 24)	8663	0.0
(2, 1127)	8664	0.0
(12, 817)	8665	0.0
(7, 1471)	8666	0.0
(11, 2094)	8667	0.0
(11, 2095)	8668	0.0
(12, 818)	8669	0.0
(7, 1472)	8670	0.0
(7, 1473)	8671	0.0
(1, 1138)	8672	0.0
(7, 1474)	8673	0.0
(12, 819)	8674	0.0
(11, 2096)	8675	0.0
(8, 465)	8676	0.0
(7, 1475)	8677	0.0
(11, 2097)	8678	0.0
(11, 2098)	8679	0.0
(4, 112)	8680	0.0
(2, 1128)	8681	0.0
(7, 1476)	8682	0.0
(4, 113)	8683	0.0
(12, 820)	8684	0.0
(3, 511)	8685	0.0
(4, 114)	8686	0.0
(1, 1139)	8687	0.0
(11, 2099)	8688	0.0
(12, 821)	8689	0.0
(11, 2100)	8690	0.0
(2, 1129)	8691	0.0
(11, 2101)	8692	0.0
(11, 2102)	8693	0.0
(12, 822)	8694	0.0
(7, 1477)	8695	0.0
(11, 2103)	8696	0.0
(11, 2104)	8697	0.0
(8, 466)	8698	0.0
(8, 467)	8699	0.0
(11, 2105)	8700	0.0
(2, 1130)	8701	0.0
(7, 1478)	8702	0.0
(7, 1479)	8703	0.0
(20, 203)	8704	0.0
(20, 204)	8705	0.0
(11, 2106)	8706	0.0
(8, 468)	8707	0.0
(3, 512)	8708	0.0
(11, 2107)	8709	0.0
(2, 1131)	8710	0.0
(18, 76)	8711	0.0
(11, 2108)	8712	0.0
(1, 1140)	8713	0.0
(7, 1480)	8714	0.0
(11, 2109)	8715	0.0
(1, 1141)	8716	0.0
(7, 1481)	8717	0.0
(7, 1482)	8718	0.0
(8, 469)	8719	0.0
(11, 2110)	8720	0.0
(11, 2111)	8721	0.0
(12, 823)	8722	0.0
(7, 1483)	8723	0.0
(7, 1484)	8724	0.0
(20, 205)	8725	0.0
(21, 36)	8726	0.0
(11, 2112)	8727	0.0
(2, 1132)	8728	0.0
(2, 1133)	8729	0.0
(2, 1134)	8730	0.0
(2, 1135)	8731	0.0
(8, 470)	8732	0.0
(18, 77)	8733	0.0
(7, 1485)	8734	0.0
(8, 471)	8735	0.0
(1, 1142)	8736	0.0
(11, 2113)	8737	0.0
(11, 2114)	8738	0.0
(7, 1486)	8739	0.0
(7, 1487)	8740	0.0
(3, 513)	8741	0.0
(8, 472)	8742	0.0
(3, 514)	8743	0.0
(11, 2115)	8744	0.0
(2, 1136)	8745	0.0
(3, 515)	8746	0.0
(3, 516)	8747	0.0
(1, 1143)	8748	0.0
(2, 1137)	8749	0.0
(11, 2116)	8750	0.0
(8, 473)	8751	0.0
(1, 1144)	8752	0.0
(11, 2117)	8753	0.0
(12, 824)	8754	0.0
(2, 1138)	8755	0.0
(11, 2118)	8756	0.0
(11, 2119)	8757	0.0
(8, 474)	8758	0.0
(11, 2120)	8759	0.0
(8, 475)	8760	0.0
(8, 476)	8761	0.0
(8, 477)	8762	0.0
(11, 2121)	8763	0.0
(7, 1488)	8764	0.0
(12, 825)	8765	0.0
(8, 478)	8766	0.0
(3, 517)	8767	0.0
(2, 1139)	8768	0.0
(2, 1140)	8769	0.0
(2, 1141)	8770	0.0
(11, 2122)	8771	0.0
(11, 2123)	8772	0.0
(11, 2124)	8773	0.0
(11, 2125)	8774	0.0
(11, 2126)	8775	0.0
(7, 1489)	8776	0.0
(11, 2127)	8777	0.0
(11, 2128)	8778	0.0
(7, 1490)	8779	0.0
(7, 1491)	8780	0.0
(1, 1145)	8781	0.0
(20, 206)	8782	0.0
(1, 1146)	8783	0.0
(7, 1492)	8784	0.0
(7, 1493)	8785	0.0
(3, 518)	8786	0.0
(11, 2129)	8787	0.0
(11, 2130)	8788	0.0
(2, 1142)	8789	0.0
(11, 2131)	8790	0.0
(2, 1143)	8791	0.0
(2, 1144)	8792	0.0
(8, 479)	8793	0.0
(8, 480)	8794	0.0
(12, 826)	8795	0.0
(11, 2132)	8796	0.0
(11, 2133)	8797	0.0
(2, 1145)	8798	0.0
(11, 2134)	8799	0.0
(11, 2135)	8800	0.0
(3, 519)	8801	0.0
(2, 1146)	8802	0.0
(2, 1147)	8803	0.0
(1, 1147)	8804	0.0
(12, 827)	8805	0.0
(11, 2136)	8806	0.0
(12, 828)	8807	0.0
(9, 250)	8808	0.0
(7, 1494)	8809	0.0
(7, 1495)	8810	0.0
(7, 1496)	8811	0.0
(7, 1497)	8812	0.0
(7, 1498)	8813	0.0
(7, 1499)	8814	0.0
(7, 1500)	8815	0.0
(7, 1501)	8816	0.0
(7, 1502)	8817	0.0
(7, 1503)	8818	0.0
(20, 207)	8819	0.0
(7, 1504)	8820	0.0
(20, 208)	8821	0.0
(7, 1505)	8822	0.0
(20, 209)	8823	0.0
(21, 37)	8824	0.0
(7, 1506)	8825	0.0
(7, 1507)	8826	0.0
(7, 1508)	8827	0.0
(7, 1509)	8828	0.0
(7, 1510)	8829	0.0
(20, 210)	8830	0.0
(18, 78)	8831	0.0
(9, 251)	8832	0.0
(1, 1148)	8833	0.0
(1, 1149)	8834	0.0
(7, 1511)	8835	0.0
(7, 1512)	8836	0.0
(7, 1513)	8837	0.0
(20, 211)	8838	0.0
(7, 1514)	8839	0.0
(7, 1515)	8840	0.0
(7, 1516)	8841	0.0
(5, 153)	8842	0.0
(1, 1150)	8843	0.0
(7, 1517)	8844	0.0
(1, 1151)	8845	0.0
(2, 1148)	8846	0.0
(2, 1149)	8847	0.0
(7, 1518)	8848	0.0
(7, 1519)	8849	0.0
(20, 212)	8850	0.0
(7, 1520)	8851	0.0
(7, 1521)	8852	0.0
(1, 1152)	8853	0.0
(1, 1153)	8854	0.0
(7, 1522)	8855	0.0
(7, 1523)	8856	0.0
(1, 1154)	8857	0.0
(1, 1155)	8858	0.0
(7, 1524)	8859	0.0
(1, 1156)	8860	0.0
(7, 1525)	8861	0.0
(7, 1526)	8862	0.0
(7, 1527)	8863	0.0
(7, 1528)	8864	0.0
(7, 1529)	8865	0.0
(1, 1157)	8866	0.0
(20, 213)	8867	0.0
(7, 1530)	8868	0.0
(21, 38)	8869	0.0
(2, 1150)	8870	0.0
(2, 1151)	8871	0.0
(11, 2137)	8872	0.0
(11, 2138)	8873	0.0
(12, 829)	8874	0.0
(2, 1152)	8875	0.0
(12, 830)	8876	0.0
(2, 1153)	8877	0.0
(12, 831)	8878	0.0
(7, 1531)	8879	0.0
(1, 1158)	8880	0.0
(11, 2139)	8881	0.0
(1, 1159)	8882	0.0
(1, 1160)	8883	0.0
(12, 832)	8884	0.0
(20, 214)	8885	0.0
(12, 833)	8886	0.0
(1, 1161)	8887	0.0
(11, 2140)	8888	0.0
(20, 215)	8889	0.0
(1, 1162)	8890	0.0
(21, 39)	8891	0.0
(7, 1532)	8892	0.0
(11, 2141)	8893	0.0
(7, 1533)	8894	0.0
(7, 1534)	8895	0.0
(7, 1535)	8896	0.0
(7, 1536)	8897	0.0
(11, 2142)	8898	0.0
(2, 1154)	8899	0.0
(9, 252)	8900	0.0
(7, 1537)	8901	0.0
(11, 2143)	8902	0.0
(2, 1155)	8903	0.0
(2, 1156)	8904	0.0
(2, 1157)	8905	0.0
(2, 1158)	8906	0.0
(2, 1159)	8907	0.0
(12, 834)	8908	0.0
(1, 1163)	8909	0.0
(7, 1538)	8910	0.0
(7, 1539)	8911	0.0
(8, 481)	8912	0.0
(7, 1540)	8913	0.0
(7, 1541)	8914	0.0
(1, 1164)	8915	0.0
(7, 1542)	8916	0.0
(7, 1543)	8917	0.0
(21, 40)	8918	0.0
(21, 41)	8919	0.0
(7, 1544)	8920	0.0
(7, 1545)	8921	0.0
(1, 1165)	8922	0.0
(7, 1546)	8923	0.0
(7, 1547)	8924	0.0
(11, 2144)	8925	0.0
(2, 1160)	8926	0.0
(7, 1548)	8927	0.0
(8, 482)	8928	0.0
(7, 1549)	8929	0.0
(7, 1550)	8930	0.0
(1, 1166)	8931	0.0
(7, 1551)	8932	0.0
(11, 2145)	8933	0.0
(4, 115)	8934	0.0
(12, 835)	8935	0.0
(9, 253)	8936	0.0
(11, 2146)	8937	0.0
(8, 483)	8938	0.0
(7, 1552)	8939	0.0
(18, 79)	8940	0.0
(7, 1553)	8941	0.0
(8, 484)	8942	0.0
(7, 1554)	8943	0.0
(7, 1555)	8944	0.0
(7, 1556)	8945	0.0
(1, 1167)	8946	0.0
(11, 2147)	8947	0.0
(1, 1168)	8948	0.0
(7, 1557)	8949	0.0
(7, 1558)	8950	0.0
(2, 1161)	8951	0.0
(1, 1169)	8952	0.0
(1, 1170)	8953	0.0
(20, 216)	8954	0.0
(1, 1171)	8955	0.0
(7, 1559)	8956	0.0
(7, 1560)	8957	0.0
(7, 1561)	8958	0.0
(8, 485)	8959	0.0
(7, 1562)	8960	0.0
(1, 1172)	8961	0.0
(7, 1563)	8962	0.0
(7, 1564)	8963	0.0
(11, 2148)	8964	0.0
(11, 2149)	8965	0.0
(11, 2150)	8966	0.0
(1, 1173)	8967	0.0
(7, 1565)	8968	0.0
(7, 1566)	8969	0.0
(7, 1567)	8970	0.0
(11, 2151)	8971	0.0
(11, 2152)	8972	0.0
(2, 1162)	8973	0.0
(2, 1163)	8974	0.0
(12, 836)	8975	0.0
(12, 837)	8976	0.0
(7, 1568)	8977	0.0
(7, 1569)	8978	0.0
(1, 1174)	8979	0.0
(1, 1175)	8980	0.0
(9, 254)	8981	0.0
(8, 486)	8982	0.0
(11, 2153)	8983	0.0
(11, 2154)	8984	0.0
(4, 116)	8985	0.0
(4, 117)	8986	0.0
(7, 1570)	8987	0.0
(11, 2155)	8988	0.0
(3, 520)	8989	0.0
(2, 1164)	8990	0.0
(11, 2156)	8991	0.0
(12, 838)	8992	0.0
(7, 1571)	8993	0.0
(7, 1572)	8994	0.0
(11, 2157)	8995	0.0
(7, 1573)	8996	0.0
(12, 839)	8997	0.0
(3, 521)	8998	0.0
(11, 2158)	8999	0.0
(12, 840)	9000	0.0
(11, 2159)	9001	0.0
(2, 1165)	9002	0.0
(3, 522)	9003	0.0
(11, 2160)	9004	0.0
(3, 523)	9005	0.0
(11, 2161)	9006	0.0
(11, 2162)	9007	0.0
(13, 50)	9008	0.0
(1, 1176)	9009	0.0
(12, 841)	9010	0.0
(11, 2163)	9011	0.0
(3, 524)	9012	0.0
(12, 842)	9013	0.0
(11, 2164)	9014	0.0
(11, 2165)	9015	0.0
(2, 1166)	9016	0.0
(8, 487)	9017	0.0
(12, 843)	9018	0.0
(12, 844)	9019	0.0
(12, 845)	9020	0.0
(2, 1167)	9021	0.0
(2, 1168)	9022	0.0
(11, 2166)	9023	0.0
(2, 1169)	9024	0.0
(11, 2167)	9025	0.0
(11, 2168)	9026	0.0
(1, 1177)	9027	0.0
(2, 1170)	9028	0.0
(1, 1178)	9029	0.0
(2, 1171)	9030	0.0
(11, 2169)	9031	0.0
(11, 2170)	9032	0.0
(11, 2171)	9033	0.0
(7, 1574)	9034	0.0
(2, 1172)	9035	0.0
(11, 2172)	9036	0.0
(11, 2173)	9037	0.0
(13, 51)	9038	0.0
(3, 525)	9039	0.0
(2, 1173)	9040	0.0
(7, 1575)	9041	0.0
(8, 488)	9042	0.0
(8, 489)	9043	0.0
(1, 1179)	9044	0.0
(7, 1576)	9045	0.0
(11, 2174)	9046	0.0
(2, 1174)	9047	0.0
(3, 526)	9048	0.0
(3, 527)	9049	0.0
(2, 1175)	9050	0.0
(2, 1176)	9051	0.0
(1, 1180)	9052	0.0
(12, 846)	9053	0.0
(3, 528)	9054	0.0
(3, 529)	9055	0.0
(4, 118)	9056	0.0
(11, 2175)	9057	0.0
(1, 1181)	9058	0.0
(11, 2176)	9059	0.0
(3, 530)	9060	0.0
(12, 847)	9061	0.0
(2, 1177)	9062	0.0
(11, 2177)	9063	0.0
(1, 1182)	9064	0.0
(9, 255)	9065	0.0
(11, 2178)	9066	0.0
(2, 1178)	9067	0.0
(1, 1183)	9068	0.0
(2, 1179)	9069	0.0
(3, 531)	9070	0.0
(1, 1184)	9071	0.0
(2, 1180)	9072	0.0
(11, 2179)	9073	0.0
(11, 2180)	9074	0.0
(2, 1181)	9075	0.0
(3, 532)	9076	0.0
(4, 119)	9077	0.0
(2, 1182)	9078	0.0
(2, 1183)	9079	0.0
(2, 1184)	9080	0.0
(5, 154)	9081	0.0
(12, 848)	9082	0.0
(1, 1185)	9083	0.0
(7, 1577)	9084	0.0
(11, 2181)	9085	0.0
(9, 256)	9086	0.0
(20, 217)	9087	0.0
(12, 849)	9088	0.0
(4, 120)	9089	0.0
(11, 2182)	9090	0.0
(4, 121)	9091	0.0
(11, 2183)	9092	0.0
(2, 1185)	9093	0.0
(2, 1186)	9094	0.0
(11, 2184)	9095	0.0
(1, 1186)	9096	0.0
(2, 1187)	9097	0.0
(2, 1188)	9098	0.0
(8, 490)	9099	0.0
(24, 25)	9100	0.0
(1, 1187)	9101	0.0
(2, 1189)	9102	0.0
(1, 1188)	9103	0.0
(2, 1190)	9104	0.0
(3, 533)	9105	0.0
(3, 534)	9106	0.0
(3, 535)	9107	0.0
(3, 536)	9108	0.0
(3, 537)	9109	0.0
(2, 1191)	9110	0.0
(6, 31)	9111	0.0
(12, 850)	9112	0.0
(7, 1578)	9113	0.0
(9, 257)	9114	0.0
(1, 1189)	9115	0.0
(20, 218)	9116	0.0
(20, 219)	9117	0.0
(11, 2185)	9118	0.0
(1, 1190)	9119	0.0
(2, 1192)	9120	0.0
(2, 1193)	9121	0.0
(11, 2186)	9122	0.0
(7, 1579)	9123	0.0
(7, 1580)	9124	0.0
(7, 1581)	9125	0.0
(11, 2187)	9126	0.0
(12, 851)	9127	0.0
(1, 1191)	9128	0.0
(11, 2188)	9129	0.0
(12, 852)	9130	0.0
(11, 2189)	9131	0.0
(11, 2190)	9132	0.0
(11, 2191)	9133	0.0
(11, 2192)	9134	0.0
(1, 1192)	9135	0.0
(2, 1194)	9136	0.0
(7, 1582)	9137	0.0
(2, 1195)	9138	0.0
(5, 155)	9139	0.0
(12, 853)	9140	0.0
(12, 854)	9141	0.0
(11, 2193)	9142	0.0
(2, 1196)	9143	0.0
(2, 1197)	9144	0.0
(11, 2194)	9145	0.0
(8, 491)	9146	0.0
(7, 1583)	9147	0.0
(7, 1584)	9148	0.0
(11, 2195)	9149	0.0
(9, 258)	9150	0.0
(12, 855)	9151	0.0
(1, 1193)	9152	0.0
(11, 2196)	9153	0.0
(2, 1198)	9154	0.0
(3, 538)	9155	0.0
(11, 2197)	9156	0.0
(11, 2198)	9157	0.0
(8, 492)	9158	0.0
(4, 122)	9159	0.0
(18, 80)	9160	0.0
(2, 1199)	9161	0.0
(7, 1585)	9162	0.0
(20, 220)	9163	0.0
(7, 1586)	9164	0.0
(2, 1200)	9165	0.0
(1, 1194)	9166	0.0
(1, 1195)	9167	0.0
(2, 1201)	9168	0.0
(1, 1196)	9169	0.0
(7, 1587)	9170	0.0
(7, 1588)	9171	0.0
(11, 2199)	9172	0.0
(11, 2200)	9173	0.0
(2, 1202)	9174	0.0
(11, 2201)	9175	0.0
(11, 2202)	9176	0.0
(2, 1203)	9177	0.0
(12, 856)	9178	0.0
(1, 1197)	9179	0.0
(11, 2203)	9180	0.0
(24, 26)	9181	0.0
(12, 857)	9182	0.0
(24, 27)	9183	0.0
(3, 539)	9184	0.0
(4, 123)	9185	0.0
(3, 540)	9186	0.0
(2, 1204)	9187	0.0
(13, 52)	9188	0.0
(4, 124)	9189	0.0
(2, 1205)	9190	0.0
(11, 2204)	9191	0.0
(12, 858)	9192	0.0
(2, 1206)	9193	0.0
(8, 493)	9194	0.0
(8, 494)	9195	0.0
(8, 495)	9196	0.0
(11, 2205)	9197	0.0
(11, 2206)	9198	0.0
(9, 259)	9199	0.0
(1, 1198)	9200	0.0
(7, 1589)	9201	0.0
(7, 1590)	9202	0.0
(2, 1207)	9203	0.0
(2, 1208)	9204	0.0
(12, 859)	9205	0.0
(11, 2207)	9206	0.0
(3, 541)	9207	0.0
(3, 542)	9208	0.0
(4, 125)	9209	0.0
(5, 156)	9210	0.0
(1, 1199)	9211	0.0
(1, 1200)	9212	0.0
(1, 1201)	9213	0.0
(7, 1591)	9214	0.0
(1, 1202)	9215	0.0
(7, 1592)	9216	0.0
(1, 1203)	9217	0.0
(1, 1204)	9218	0.0
(2, 1209)	9219	0.0
(11, 2208)	9220	0.0
(1, 1205)	9221	0.0
(7, 1593)	9222	0.0
(7, 1594)	9223	0.0
(7, 1595)	9224	0.0
(7, 1596)	9225	0.0
(7, 1597)	9226	0.0
(7, 1598)	9227	0.0
(7, 1599)	9228	0.0
(7, 1600)	9229	0.0
(1, 1206)	9230	0.0
(11, 2209)	9231	0.0
(7, 1601)	9232	0.0
(7, 1602)	9233	0.0
(7, 1603)	9234	0.0
(11, 2210)	9235	0.0
(7, 1604)	9236	0.0
(11, 2211)	9237	0.0
(7, 1605)	9238	0.0
(7, 1606)	9239	0.0
(8, 496)	9240	0.0
(4, 126)	9241	0.0
(12, 860)	9242	0.0
(12, 861)	9243	0.0
(9, 260)	9244	0.0
(12, 862)	9245	0.0
(3, 543)	9246	0.0
(11, 2212)	9247	0.0
(3, 544)	9248	0.0
(3, 545)	9249	0.0
(3, 546)	9250	0.0
(2, 1210)	9251	0.0
(1, 1207)	9252	0.0
(7, 1607)	9253	0.0
(3, 547)	9254	0.0
(12, 863)	9255	0.0
(7, 1608)	9256	0.0
(7, 1609)	9257	0.0
(11, 2213)	9258	0.0
(7, 1610)	9259	0.0
(2, 1211)	9260	0.0
(12, 864)	9261	0.0
(11, 2214)	9262	0.0
(2, 1212)	9263	0.0
(4, 127)	9264	0.0
(3, 548)	9265	0.0
(4, 128)	9266	0.0
(2, 1213)	9267	0.0
(1, 1208)	9268	0.0
(11, 2215)	9269	0.0
(2, 1214)	9270	0.0
(3, 549)	9271	0.0
(11, 2216)	9272	0.0
(9, 261)	9273	0.0
(2, 1215)	9274	0.0
(3, 550)	9275	0.0
(11, 2217)	9276	0.0
(8, 497)	9277	0.0
(11, 2218)	9278	0.0
(1, 1209)	9279	0.0
(11, 2219)	9280	0.0
(7, 1611)	9281	0.0
(7, 1612)	9282	0.0
(1, 1210)	9283	0.0
(1, 1211)	9284	0.0
(7, 1613)	9285	0.0
(7, 1614)	9286	0.0
(11, 2220)	9287	0.0
(7, 1615)	9288	0.0
(1, 1212)	9289	0.0
(11, 2221)	9290	0.0
(7, 1616)	9291	0.0
(11, 2222)	9292	0.0
(18, 81)	9293	0.0
(12, 865)	9294	0.0
(3, 551)	9295	0.0
(3, 552)	9296	0.0
(11, 2223)	9297	0.0
(2, 1216)	9298	0.0
(11, 2224)	9299	0.0
(11, 2225)	9300	0.0
(1, 1213)	9301	0.0
(1, 1214)	9302	0.0
(2, 1217)	9303	0.0
(2, 1218)	9304	0.0
(3, 553)	9305	0.0
(4, 129)	9306	0.0
(1, 1215)	9307	0.0
(2, 1219)	9308	0.0
(11, 2226)	9309	0.0
(2, 1220)	9310	0.0
(7, 1617)	9311	0.0
(1, 1216)	9312	0.0
(11, 2227)	9313	0.0
(2, 1221)	9314	0.0
(12, 866)	9315	0.0
(2, 1222)	9316	0.0
(1, 1217)	9317	0.0
(3, 554)	9318	0.0
(12, 867)	9319	0.0
(12, 868)	9320	0.0
(5, 157)	9321	0.0
(12, 869)	9322	0.0
(11, 2228)	9323	0.0
(2, 1223)	9324	0.0
(2, 1224)	9325	0.0
(2, 1225)	9326	0.0
(2, 1226)	9327	0.0
(3, 555)	9328	0.0
(11, 2229)	9329	0.0
(11, 2230)	9330	0.0
(1, 1218)	9331	0.0
(1, 1219)	9332	0.0
(11, 2231)	9333	0.0
(12, 870)	9334	0.0
(12, 871)	9335	0.0
(3, 556)	9336	0.0
(2, 1227)	9337	0.0
(3, 557)	9338	0.0
(12, 872)	9339	0.0
(2, 1228)	9340	0.0
(2, 1229)	9341	0.0
(12, 873)	9342	0.0
(2, 1230)	9343	0.0
(11, 2232)	9344	0.0
(11, 2233)	9345	0.0
(11, 2234)	9346	0.0
(11, 2235)	9347	0.0
(5, 158)	9348	0.0
(2, 1231)	9349	0.0
(11, 2236)	9350	0.0
(1, 1220)	9351	0.0
(8, 498)	9352	0.0
(11, 2237)	9353	0.0
(11, 2238)	9354	0.0
(11, 2239)	9355	0.0
(1, 1221)	9356	0.0
(7, 1618)	9357	0.0
(11, 2240)	9358	0.0
(11, 2241)	9359	0.0
(1, 1222)	9360	0.0
(2, 1232)	9361	0.0
(11, 2242)	9362	0.0
(12, 874)	9363	0.0
(1, 1223)	9364	0.0
(8, 499)	9365	0.0
(3, 558)	9366	0.0
(2, 1233)	9367	0.0
(2, 1234)	9368	0.0
(2, 1235)	9369	0.0
(2, 1236)	9370	0.0
(12, 875)	9371	0.0
(1, 1224)	9372	0.0
(11, 2243)	9373	0.0
(5, 159)	9374	0.0
(1, 1225)	9375	0.0
(11, 2244)	9376	0.0
(11, 2245)	9377	0.0
(12, 876)	9378	0.0
(3, 559)	9379	0.0
(12, 877)	9380	0.0
(2, 1237)	9381	0.0
(2, 1238)	9382	0.0
(3, 560)	9383	0.0
(3, 561)	9384	0.0
(11, 2246)	9385	0.0
(9, 262)	9386	0.0
(12, 878)	9387	0.0
(12, 879)	9388	0.0
(11, 2247)	9389	0.0
(11, 2248)	9390	0.0
(11, 2249)	9391	0.0
(7, 1619)	9392	0.0
(7, 1620)	9393	0.0
(7, 1621)	9394	0.0
(7, 1622)	9395	0.0
(20, 221)	9396	0.0
(11, 2250)	9397	0.0
(1, 1226)	9398	0.0
(12, 880)	9399	0.0
(7, 1623)	9400	0.0
(11, 2251)	9401	0.0
(7, 1624)	9402	0.0
(8, 500)	9403	0.0
(18, 82)	9404	0.0
(1, 1227)	9405	0.0
(3, 562)	9406	0.0
(12, 881)	9407	0.0
(3, 563)	9408	0.0
(7, 1625)	9409	0.0
(7, 1626)	9410	0.0
(11, 2252)	9411	0.0
(11, 2253)	9412	0.0
(12, 882)	9413	0.0
(2, 1239)	9414	0.0
(2, 1240)	9415	0.0
(2, 1241)	9416	0.0
(3, 564)	9417	0.0
(5, 160)	9418	0.0
(2, 1242)	9419	0.0
(1, 1228)	9420	0.0
(7, 1627)	9421	0.0
(3, 565)	9422	0.0
(2, 1243)	9423	0.0
(11, 2254)	9424	0.0
(7, 1628)	9425	0.0
(7, 1629)	9426	0.0
(1, 1229)	9427	0.0
(2, 1244)	9428	0.0
(4, 130)	9429	0.0
(11, 2255)	9430	0.0
(12, 883)	9431	0.0
(2, 1245)	9432	0.0
(1, 1230)	9433	0.0
(11, 2256)	9434	0.0
(12, 884)	9435	0.0
(4, 131)	9436	0.0
(12, 885)	9437	0.0
(3, 566)	9438	0.0
(5, 161)	9439	0.0
(11, 2257)	9440	0.0
(8, 501)	9441	0.0
(11, 2258)	9442	0.0
(11, 2259)	9443	0.0
(2, 1246)	9444	0.0
(2, 1247)	9445	0.0
(11, 2260)	9446	0.0
(7, 1630)	9447	0.0
(8, 502)	9448	0.0
(1, 1231)	9449	0.0
(11, 2261)	9450	0.0
(11, 2262)	9451	0.0
(1, 1232)	9452	0.0
(2, 1248)	9453	0.0
(11, 2263)	9454	0.0
(11, 2264)	9455	0.0
(2, 1249)	9456	0.0
(12, 886)	9457	0.0
(7, 1631)	9458	0.0
(7, 1632)	9459	0.0
(8, 503)	9460	0.0
(1, 1233)	9461	0.0
(1, 1234)	9462	0.0
(2, 1250)	9463	0.0
(9, 263)	9464	0.0
(7, 1633)	9465	0.0
(11, 2265)	9466	0.0
(8, 504)	9467	0.0
(12, 887)	9468	0.0
(7, 1634)	9469	0.0
(7, 1635)	9470	0.0
(7, 1636)	9471	0.0
(2, 1251)	9472	0.0
(11, 2266)	9473	0.0
(11, 2267)	9474	0.0
(2, 1252)	9475	0.0
(4, 132)	9476	0.0
(7, 1637)	9477	0.0
(11, 2268)	9478	0.0
(12, 888)	9479	0.0
(11, 2269)	9480	0.0
(8, 505)	9481	0.0
(2, 1253)	9482	0.0
(2, 1254)	9483	0.0
(11, 2270)	9484	0.0
(11, 2271)	9485	0.0
(11, 2272)	9486	0.0
(11, 2273)	9487	0.0
(7, 1638)	9488	0.0
(12, 889)	9489	0.0
(12, 890)	9490	0.0
(7, 1639)	9491	0.0
(1, 1235)	9492	0.0
(12, 891)	9493	0.0
(11, 2274)	9494	0.0
(11, 2275)	9495	0.0
(3, 567)	9496	0.0
(2, 1255)	9497	0.0
(11, 2276)	9498	0.0
(11, 2277)	9499	0.0
(2, 1256)	9500	0.0
(12, 892)	9501	0.0
(8, 506)	9502	0.0
(8, 507)	9503	0.0
(3, 568)	9504	0.0
(12, 893)	9505	0.0
(11, 2278)	9506	0.0
(5, 162)	9507	0.0
(7, 1640)	9508	0.0
(7, 1641)	9509	0.0
(20, 222)	9510	0.0
(2, 1257)	9511	0.0
(3, 569)	9512	0.0
(11, 2279)	9513	0.0
(7, 1642)	9514	0.0
(3, 570)	9515	0.0
(2, 1258)	9516	0.0
(12, 894)	9517	0.0
(11, 2280)	9518	0.0
(1, 1236)	9519	0.0
(12, 895)	9520	0.0
(7, 1643)	9521	0.0
(11, 2281)	9522	0.0
(11, 2282)	9523	0.0
(5, 163)	9524	0.0
(3, 571)	9525	0.0
(7, 1644)	9526	0.0
(12, 896)	9527	0.0
(11, 2283)	9528	0.0
(2, 1259)	9529	0.0
(2, 1260)	9530	0.0
(3, 572)	9531	0.0
(2, 1261)	9532	0.0
(12, 897)	9533	0.0
(2, 1262)	9534	0.0
(11, 2284)	9535	0.0
(11, 2285)	9536	0.0
(3, 573)	9537	0.0
(12, 898)	9538	0.0
(11, 2286)	9539	0.0
(12, 899)	9540	0.0
(7, 1645)	9541	0.0
(20, 223)	9542	0.0
(1, 1237)	9543	0.0
(3, 574)	9544	0.0
(31, 1)	9545	0.0
(31, 2)	9546	0.0
(7, 1646)	9547	0.0
(11, 2287)	9548	0.0
(8, 508)	9549	0.0
(18, 83)	9550	0.0
(11, 2288)	9551	0.0
(7, 1647)	9552	0.0
(7, 1648)	9553	0.0
(7, 1649)	9554	0.0
(22, 28)	9555	0.0
(1, 1238)	9556	0.0
(7, 1650)	9557	0.0
(8, 509)	9558	0.0
(11, 2289)	9559	0.0
(11, 2290)	9560	0.0
(11, 2291)	9561	0.0
(3, 575)	9562	0.0
(9, 264)	9563	0.0
(11, 2292)	9564	0.0
(11, 2293)	9565	0.0
(3, 576)	9566	0.0
(12, 900)	9567	0.0
(2, 1263)	9568	0.0
(8, 510)	9569	0.0
(2, 1264)	9570	0.0
(12, 901)	9571	0.0
(3, 577)	9572	0.0
(3, 578)	9573	0.0
(4, 133)	9574	0.0
(3, 579)	9575	0.0
(12, 902)	9576	0.0
(12, 903)	9577	0.0
(7, 1651)	9578	0.0
(4, 134)	9579	0.0
(24, 28)	9580	0.0
(12, 904)	9581	0.0
(12, 905)	9582	0.0
(1, 1239)	9583	0.0
(2, 1265)	9584	0.0
(1, 1240)	9585	0.0
(1, 1241)	9586	0.0
(11, 2294)	9587	0.0
(11, 2295)	9588	0.0
(3, 580)	9589	0.0
(12, 906)	9590	0.0
(11, 2296)	9591	0.0
(8, 511)	9592	0.0
(12, 907)	9593	0.0
(2, 1266)	9594	0.0
(1, 1242)	9595	0.0
(2, 1267)	9596	0.0
(1, 1243)	9597	0.0
(2, 1268)	9598	0.0
(1, 1244)	9599	0.0
(11, 2297)	9600	0.0
(3, 581)	9601	0.0
(2, 1269)	9602	0.0
(7, 1652)	9603	0.0
(8, 512)	9604	0.0
(2, 1270)	9605	0.0
(2, 1271)	9606	0.0
(2, 1272)	9607	0.0
(11, 2298)	9608	0.0
(2, 1273)	9609	0.0
(7, 1653)	9610	0.0
(3, 582)	9611	0.0
(11, 2299)	9612	0.0
(8, 513)	9613	0.0
(7, 1654)	9614	0.0
(7, 1655)	9615	0.0
(5, 164)	9616	0.0
(11, 2300)	9617	0.0
(11, 2301)	9618	0.0
(11, 2302)	9619	0.0
(2, 1274)	9620	0.0
(2, 1275)	9621	0.0
(1, 1245)	9622	0.0
(12, 908)	9623	0.0
(11, 2303)	9624	0.0
(1, 1246)	9625	0.0
(12, 909)	9626	0.0
(11, 2304)	9627	0.0
(12, 910)	9628	0.0
(1, 1247)	9629	0.0
(11, 2305)	9630	0.0
(11, 2306)	9631	0.0
(12, 911)	9632	0.0
(7, 1656)	9633	0.0
(7, 1657)	9634	0.0
(7, 1658)	9635	0.0
(7, 1659)	9636	0.0
(7, 1660)	9637	0.0
(7, 1661)	9638	0.0
(1, 1248)	9639	0.0
(11, 2307)	9640	0.0
(3, 583)	9641	0.0
(11, 2308)	9642	0.0
(11, 2309)	9643	0.0
(11, 2310)	9644	0.0
(11, 2311)	9645	0.0
(11, 2312)	9646	0.0
(11, 2313)	9647	0.0
(12, 912)	9648	0.0
(11, 2314)	9649	0.0
(2, 1276)	9650	0.0
(2, 1277)	9651	0.0
(3, 584)	9652	0.0
(7, 1662)	9653	0.0
(1, 1249)	9654	0.0
(1, 1250)	9655	0.0
(7, 1663)	9656	0.0
(7, 1664)	9657	0.0
(1, 1251)	9658	0.0
(7, 1665)	9659	0.0
(2, 1278)	9660	0.0
(2, 1279)	9661	0.0
(11, 2315)	9662	0.0
(11, 2316)	9663	0.0
(11, 2317)	9664	0.0
(3, 585)	9665	0.0
(4, 135)	9666	0.0
(11, 2318)	9667	0.0
(7, 1666)	9668	0.0
(11, 2319)	9669	0.0
(7, 1667)	9670	0.0
(11, 2320)	9671	0.0
(2, 1280)	9672	0.0
(8, 514)	9673	0.0
(3, 586)	9674	0.0
(11, 2321)	9675	0.0
(12, 913)	9676	0.0
(1, 1252)	9677	0.0
(7, 1668)	9678	0.0
(1, 1253)	9679	0.0
(11, 2322)	9680	0.0
(11, 2323)	9681	0.0
(11, 2324)	9682	0.0
(11, 2325)	9683	0.0
(2, 1281)	9684	0.0
(8, 515)	9685	0.0
(11, 2326)	9686	0.0
(2, 1282)	9687	0.0
(9, 265)	9688	0.0
(9, 266)	9689	0.0
(7, 1669)	9690	0.0
(11, 2327)	9691	0.0
(2, 1283)	9692	0.0
(11, 2328)	9693	0.0
(3, 587)	9694	0.0
(9, 267)	9695	0.0
(11, 2329)	9696	0.0
(2, 1284)	9697	0.0
(11, 2330)	9698	0.0
(2, 1285)	9699	0.0
(12, 914)	9700	0.0
(7, 1670)	9701	0.0
(11, 2331)	9702	0.0
(7, 1671)	9703	0.0
(20, 224)	9704	0.0
(7, 1672)	9705	0.0
(2, 1286)	9706	0.0
(1, 1254)	9707	0.0
(1, 1255)	9708	0.0
(7, 1673)	9709	0.0
(11, 2332)	9710	0.0
(2, 1287)	9711	0.0
(2, 1288)	9712	0.0
(3, 588)	9713	0.0
(1, 1256)	9714	0.0
(2, 1289)	9715	0.0
(2, 1290)	9716	0.0
(7, 1674)	9717	0.0
(1, 1257)	9718	0.0
(7, 1675)	9719	0.0
(20, 225)	9720	0.0
(1, 1258)	9721	0.0
(7, 1676)	9722	0.0
(11, 2333)	9723	0.0
(7, 1677)	9724	0.0
(2, 1291)	9725	0.0
(2, 1292)	9726	0.0
(2, 1293)	9727	0.0
(7, 1678)	9728	0.0
(7, 1679)	9729	0.0
(7, 1680)	9730	0.0
(1, 1259)	9731	0.0
(7, 1681)	9732	0.0
(2, 1294)	9733	0.0
(7, 1682)	9734	0.0
(7, 1683)	9735	0.0
(7, 1684)	9736	0.0
(7, 1685)	9737	0.0
(1, 1260)	9738	0.0
(1, 1261)	9739	0.0
(7, 1686)	9740	0.0
(20, 226)	9741	0.0
(11, 2334)	9742	0.0
(11, 2335)	9743	0.0
(1, 1262)	9744	0.0
(7, 1687)	9745	0.0
(1, 1263)	9746	0.0
(7, 1688)	9747	0.0
(7, 1689)	9748	0.0
(7, 1690)	9749	0.0
(20, 227)	9750	0.0
(7, 1691)	9751	0.0
(7, 1692)	9752	0.0
(7, 1693)	9753	0.0
(7, 1694)	9754	0.0
(7, 1695)	9755	0.0
(7, 1696)	9756	0.0
(7, 1697)	9757	0.0
(7, 1698)	9758	0.0
(20, 228)	9759	0.0
(8, 516)	9760	0.0
(7, 1699)	9761	0.0
(7, 1700)	9762	0.0
(7, 1701)	9763	0.0
(7, 1702)	9764	0.0
(1, 1264)	9765	0.0
(1, 1265)	9766	0.0
(7, 1703)	9767	0.0
(7, 1704)	9768	0.0
(7, 1705)	9769	0.0
(11, 2336)	9770	0.0
(11, 2337)	9771	0.0
(7, 1706)	9772	0.0
(11, 2338)	9773	0.0
(11, 2339)	9774	0.0
(2, 1295)	9775	0.0
(2, 1296)	9776	0.0
(8, 517)	9777	0.0
(7, 1707)	9778	0.0
(7, 1708)	9779	0.0
(20, 229)	9780	0.0
(17, 24)	9781	0.0
(8, 518)	9782	0.0
(8, 519)	9783	0.0
(11, 2340)	9784	0.0
(7, 1709)	9785	0.0
(7, 1710)	9786	0.0
(20, 230)	9787	0.0
(18, 84)	9788	0.0
(8, 520)	9789	0.0
(8, 521)	9790	0.0
(8, 522)	9791	0.0
(15, 34)	9792	0.0
(11, 2341)	9793	0.0
(8, 523)	9794	0.0
(11, 2342)	9795	0.0
(2, 1297)	9796	0.0
(11, 2343)	9797	0.0
(11, 2344)	9798	0.0
(11, 2345)	9799	0.0
(11, 2346)	9800	0.0
(11, 2347)	9801	0.0
(2, 1298)	9802	0.0
(3, 589)	9803	0.0
(11, 2348)	9804	0.0
(2, 1299)	9805	0.0
(3, 590)	9806	0.0
(11, 2349)	9807	0.0
(1, 1266)	9808	0.0
(8, 524)	9809	0.0
(7, 1711)	9810	0.0
(2, 1300)	9811	0.0
(2, 1301)	9812	0.0
(3, 591)	9813	0.0
(3, 592)	9814	0.0
(3, 593)	9815	0.0
(3, 594)	9816	0.0
(11, 2350)	9817	0.0
(2, 1302)	9818	0.0
(7, 1712)	9819	0.0
(7, 1713)	9820	0.0
(11, 2351)	9821	0.0
(9, 268)	9822	0.0
(11, 2352)	9823	0.0
(20, 231)	9824	0.0
(2, 1303)	9825	0.0
(11, 2353)	9826	0.0
(11, 2354)	9827	0.0
(11, 2355)	9828	0.0
(7, 1714)	9829	0.0
(1, 1267)	9830	0.0
(3, 595)	9831	0.0
(12, 915)	9832	0.0
(12, 916)	9833	0.0
(11, 2356)	9834	0.0
(11, 2357)	9835	0.0
(8, 525)	9836	0.0
(2, 1304)	9837	0.0
(2, 1305)	9838	0.0
(12, 917)	9839	0.0
(1, 1268)	9840	0.0
(1, 1269)	9841	0.0
(7, 1715)	9842	0.0
(7, 1716)	9843	0.0
(7, 1717)	9844	0.0
(9, 269)	9845	0.0
(7, 1718)	9846	0.0
(7, 1719)	9847	0.0
(11, 2358)	9848	0.0
(8, 526)	9849	0.0
(12, 918)	9850	0.0
(2, 1306)	9851	0.0
(7, 1720)	9852	0.0
(7, 1721)	9853	0.0
(7, 1722)	9854	0.0
(7, 1723)	9855	0.0
(11, 2359)	9856	0.0
(12, 919)	9857	0.0
(2, 1307)	9858	0.0
(11, 2360)	9859	0.0
(11, 2361)	9860	0.0
(1, 1270)	9861	0.0
(11, 2362)	9862	0.0
(7, 1724)	9863	0.0
(21, 42)	9864	0.0
(1, 1271)	9865	0.0
(2, 1308)	9866	0.0
(11, 2363)	9867	0.0
(1, 1272)	9868	0.0
(11, 2364)	9869	0.0
(11, 2365)	9870	0.0
(7, 1725)	9871	0.0
(11, 2366)	9872	0.0
(11, 2367)	9873	0.0
(1, 1273)	9874	0.0
(12, 920)	9875	0.0
(8, 527)	9876	0.0
(11, 2368)	9877	0.0
(11, 2369)	9878	0.0
(2, 1309)	9879	0.0
(11, 2370)	9880	0.0
(7, 1726)	9881	0.0
(11, 2371)	9882	0.0
(11, 2372)	9883	0.0
(1, 1274)	9884	0.0
(4, 136)	9885	0.0
(11, 2373)	9886	0.0
(8, 528)	9887	0.0
(11, 2374)	9888	0.0
(2, 1310)	9889	0.0
(11, 2375)	9890	0.0
(8, 529)	9891	0.0
(8, 530)	9892	0.0
(12, 921)	9893	0.0
(12, 922)	9894	0.0
(2, 1311)	9895	0.0
(2, 1312)	9896	0.0
(3, 596)	9897	0.0
(3, 597)	9898	0.0
(12, 923)	9899	0.0
(1, 1275)	9900	0.0
(11, 2376)	9901	0.0
(11, 2377)	9902	0.0
(2, 1313)	9903	0.0
(1, 1276)	9904	0.0
(1, 1277)	9905	0.0
(7, 1727)	9906	0.0
(7, 1728)	9907	0.0
(11, 2378)	9908	0.0
(3, 598)	9909	0.0
(11, 2379)	9910	0.0
(11, 2380)	9911	0.0
(2, 1314)	9912	0.0
(2, 1315)	9913	0.0
(11, 2381)	9914	0.0
(11, 2382)	9915	0.0
(2, 1316)	9916	0.0
(3, 599)	9917	0.0
(12, 924)	9918	0.0
(7, 1729)	9919	0.0
(1, 1278)	9920	0.0
(7, 1730)	9921	0.0
(2, 1317)	9922	0.0
(7, 1731)	9923	0.0
(7, 1732)	9924	0.0
(20, 232)	9925	0.0
(7, 1733)	9926	0.0
(7, 1734)	9927	0.0
(7, 1735)	9928	0.0
(20, 233)	9929	0.0
(7, 1736)	9930	0.0
(7, 1737)	9931	0.0
(8, 531)	9932	0.0
(2, 1318)	9933	0.0
(2, 1319)	9934	0.0
(11, 2383)	9935	0.0
(2, 1320)	9936	0.0
(8, 532)	9937	0.0
(2, 1321)	9938	0.0
(2, 1322)	9939	0.0
(8, 533)	9940	0.0
(5, 165)	9941	0.0
(7, 1738)	9942	0.0
(7, 1739)	9943	0.0
(12, 925)	9944	0.0
(11, 2384)	9945	0.0
(2, 1323)	9946	0.0
(11, 2385)	9947	0.0
(11, 2386)	9948	0.0
(11, 2387)	9949	0.0
(8, 534)	9950	0.0
(1, 1279)	9951	0.0
(1, 1280)	9952	0.0
(12, 926)	9953	0.0
(2, 1324)	9954	0.0
(7, 1740)	9955	0.0
(12, 927)	9956	0.0
(12, 928)	9957	0.0
(2, 1325)	9958	0.0
(2, 1326)	9959	0.0
(4, 137)	9960	0.0
(7, 1741)	9961	0.0
(2, 1327)	9962	0.0
(3, 600)	9963	0.0
(11, 2388)	9964	0.0
(11, 2389)	9965	0.0
(7, 1742)	9966	0.0
(11, 2390)	9967	0.0
(9, 270)	9968	0.0
(7, 1743)	9969	0.0
(11, 2391)	9970	0.0
(5, 166)	9971	0.0
(7, 1744)	9972	0.0
(20, 234)	9973	0.0
(7, 1745)	9974	0.0
(8, 535)	9975	0.0
(1, 1281)	9976	0.0
(7, 1746)	9977	0.0
(1, 1282)	9978	0.0
(9, 271)	9979	0.0
(20, 235)	9980	0.0
(2, 1328)	9981	0.0
(11, 2392)	9982	0.0
(12, 929)	9983	0.0
(11, 2393)	9984	0.0
(11, 2394)	9985	0.0
(11, 2395)	9986	0.0
(20, 236)	9987	0.0
(2, 1329)	9988	0.0
(2, 1330)	9989	0.0
(7, 1747)	9990	0.0
(7, 1748)	9991	0.0
(1, 1283)	9992	0.0
(2, 1331)	9993	0.0
(7, 1749)	9994	0.0
(11, 2396)	9995	0.0
(11, 2397)	9996	0.0
(11, 2398)	9997	0.0
(2, 1332)	9998	0.0
(5, 167)	9999	0.0
(4, 138)	10000	0.0
(11, 2399)	10001	0.0
(11, 2400)	10002	0.0
(12, 930)	10003	0.0
(1, 1284)	10004	0.0
(11, 2401)	10005	0.0
(11, 2402)	10006	0.0
(12, 931)	10007	0.0
(11, 2403)	10008	0.0
(11, 2404)	10009	0.0
(11, 2405)	10010	0.0
(11, 2406)	10011	0.0
(11, 2407)	10012	0.0
(11, 2408)	10013	0.0
(11, 2409)	10014	0.0
(11, 2410)	10015	0.0
(2, 1333)	10016	0.0
(11, 2411)	10017	0.0
(11, 2412)	10018	0.0
(12, 932)	10019	0.0
(2, 1334)	10020	0.0
(11, 2413)	10021	0.0
(11, 2414)	10022	0.0
(2, 1335)	10023	0.0
(7, 1750)	10024	0.0
(1, 1285)	10025	0.0
(7, 1751)	10026	0.0
(11, 2415)	10027	0.0
(8, 536)	10028	0.0
(7, 1752)	10029	0.0
(8, 537)	10030	0.0
(7, 1753)	10031	0.0
(11, 2416)	10032	0.0
(11, 2417)	10033	0.0
(11, 2418)	10034	0.0
(11, 2419)	10035	0.0
(12, 933)	10036	0.0
(7, 1754)	10037	0.0
(5, 168)	10038	0.0
(11, 2420)	10039	0.0
(9, 272)	10040	0.0
(2, 1336)	10041	0.0
(2, 1337)	10042	0.0
(2, 1338)	10043	0.0
(2, 1339)	10044	0.0
(3, 601)	10045	0.0
(11, 2421)	10046	0.0
(3, 602)	10047	0.0
(1, 1286)	10048	0.0
(11, 2422)	10049	0.0
(11, 2423)	10050	0.0
(11, 2424)	10051	0.0
(11, 2425)	10052	0.0
(2, 1340)	10053	0.0
(11, 2426)	10054	0.0
(12, 934)	10055	0.0
(1, 1287)	10056	0.0
(7, 1755)	10057	0.0
(7, 1756)	10058	0.0
(7, 1757)	10059	0.0
(7, 1758)	10060	0.0
(4, 139)	10061	0.0
(6, 32)	10062	0.0
(2, 1341)	10063	0.0
(3, 603)	10064	0.0
(12, 935)	10065	0.0
(2, 1342)	10066	0.0
(11, 2427)	10067	0.0
(11, 2428)	10068	0.0
(11, 2429)	10069	0.0
(7, 1759)	10070	0.0
(1, 1288)	10071	0.0
(7, 1760)	10072	0.0
(7, 1761)	10073	0.0
(7, 1762)	10074	0.0
(11, 2430)	10075	0.0
(8, 538)	10076	0.0
(1, 1289)	10077	0.0
(11, 2431)	10078	0.0
(7, 1763)	10079	0.0
(3, 604)	10080	0.0
(12, 936)	10081	0.0
(11, 2432)	10082	0.0
(11, 2433)	10083	0.0
(7, 1764)	10084	0.0
(11, 2434)	10085	0.0
(2, 1343)	10086	0.0
(4, 140)	10087	0.0
(1, 1290)	10088	0.0
(12, 937)	10089	0.0
(15, 35)	10090	0.0
(12, 938)	10091	0.0
(2, 1344)	10092	0.0
(12, 939)	10093	0.0
(2, 1345)	10094	0.0
(8, 539)	10095	0.0
(3, 605)	10096	0.0
(11, 2435)	10097	0.0
(7, 1765)	10098	0.0
(7, 1766)	10099	0.0
(8, 540)	10100	0.0
(4, 141)	10101	0.0
(12, 940)	10102	0.0
(7, 1767)	10103	0.0
(11, 2436)	10104	0.0
(12, 941)	10105	0.0
(11, 2437)	10106	0.0
(11, 2438)	10107	0.0
(11, 2439)	10108	0.0
(9, 273)	10109	0.0
(9, 274)	10110	0.0
(3, 606)	10111	0.0
(11, 2440)	10112	0.0
(12, 942)	10113	0.0
(12, 943)	10114	0.0
(3, 607)	10115	0.0
(3, 608)	10116	0.0
(1, 1291)	10117	0.0
(11, 2441)	10118	0.0
(8, 541)	10119	0.0
(1, 1292)	10120	0.0
(1, 1293)	10121	0.0
(1, 1294)	10122	0.0
(24, 29)	10123	0.0
(11, 2442)	10124	0.0
(7, 1768)	10125	0.0
(7, 1769)	10126	0.0
(1, 1295)	10127	0.0
(1, 1296)	10128	0.0
(1, 1297)	10129	0.0
(1, 1298)	10130	0.0
(7, 1770)	10131	0.0
(2, 1346)	10132	0.0
(2, 1347)	10133	0.0
(1, 1299)	10134	0.0
(1, 1300)	10135	0.0
(2, 1348)	10136	0.0
(2, 1349)	10137	0.0
(2, 1350)	10138	0.0
(2, 1351)	10139	0.0
(11, 2443)	10140	0.0
(2, 1352)	10141	0.0
(11, 2444)	10142	0.0
(2, 1353)	10143	0.0
(11, 2445)	10144	0.0
(11, 2446)	10145	0.0
(11, 2447)	10146	0.0
(11, 2448)	10147	0.0
(12, 944)	10148	0.0
(12, 945)	10149	0.0
(2, 1354)	10150	0.0
(3, 609)	10151	0.0
(11, 2449)	10152	0.0
(2, 1355)	10153	0.0
(12, 946)	10154	0.0
(2, 1356)	10155	0.0
(11, 2450)	10156	0.0
(11, 2451)	10157	0.0
(1, 1301)	10158	0.0
(2, 1357)	10159	0.0
(11, 2452)	10160	0.0
(7, 1771)	10161	0.0
(7, 1772)	10162	0.0
(7, 1773)	10163	0.0
(3, 610)	10164	0.0
(11, 2453)	10165	0.0
(3, 611)	10166	0.0
(11, 2454)	10167	0.0
(12, 947)	10168	0.0
(2, 1358)	10169	0.0
(7, 1774)	10170	0.0
(1, 1302)	10171	0.0
(1, 1303)	10172	0.0
(3, 612)	10173	0.0
(24, 30)	10174	0.0
(11, 2455)	10175	0.0
(12, 948)	10176	0.0
(11, 2456)	10177	0.0
(7, 1775)	10178	0.0
(12, 949)	10179	0.0
(11, 2457)	10180	0.0
(7, 1776)	10181	0.0
(11, 2458)	10182	0.0
(11, 2459)	10183	0.0
(2, 1359)	10184	0.0
(12, 950)	10185	0.0
(7, 1777)	10186	0.0
(3, 613)	10187	0.0
(11, 2460)	10188	0.0
(1, 1304)	10189	0.0
(2, 1360)	10190	0.0
(7, 1778)	10191	0.0
(2, 1361)	10192	0.0
(4, 142)	10193	0.0
(1, 1305)	10194	0.0
(12, 951)	10195	0.0
(11, 2461)	10196	0.0
(12, 952)	10197	0.0
(8, 542)	10198	0.0
(12, 953)	10199	0.0
(7, 1779)	10200	0.0
(1, 1306)	10201	0.0
(1, 1307)	10202	0.0
(2, 1362)	10203	0.0
(1, 1308)	10204	0.0
(2, 1363)	10205	0.0
(11, 2462)	10206	0.0
(11, 2463)	10207	0.0
(1, 1309)	10208	0.0
(11, 2464)	10209	0.0
(12, 954)	10210	0.0
(7, 1780)	10211	0.0
(11, 2465)	10212	0.0
(11, 2466)	10213	0.0
(15, 36)	10214	0.0
(11, 2467)	10215	0.0
(8, 543)	10216	0.0
(7, 1781)	10217	0.0
(2, 1364)	10218	0.0
(7, 1782)	10219	0.0
(8, 544)	10220	0.0
(8, 545)	10221	0.0
(18, 85)	10222	0.0
(3, 614)	10223	0.0
(7, 1783)	10224	0.0
(7, 1784)	10225	0.0
(9, 275)	10226	0.0
(8, 546)	10227	0.0
(8, 547)	10228	0.0
(7, 1785)	10229	0.0
(11, 2468)	10230	0.0
(2, 1365)	10231	0.0
(2, 1366)	10232	0.0
(3, 615)	10233	0.0
(1, 1310)	10234	0.0
(8, 548)	10235	0.0
(7, 1786)	10236	0.0
(11, 2469)	10237	0.0
(3, 616)	10238	0.0
(8, 549)	10239	0.0
(12, 955)	10240	0.0
(12, 956)	10241	0.0
(2, 1367)	10242	0.0
(3, 617)	10243	0.0
(4, 143)	10244	0.0
(11, 2470)	10245	0.0
(7, 1787)	10246	0.0
(11, 2471)	10247	0.0
(11, 2472)	10248	0.0
(11, 2473)	10249	0.0
(8, 550)	10250	0.0
(8, 551)	10251	0.0
(4, 144)	10252	0.0
(7, 1788)	10253	0.0
(1, 1311)	10254	0.0
(2, 1368)	10255	0.0
(3, 618)	10256	0.0
(2, 1369)	10257	0.0
(1, 1312)	10258	0.0
(7, 1789)	10259	0.0
(7, 1790)	10260	0.0
(7, 1791)	10261	0.0
(11, 2474)	10262	0.0
(2, 1370)	10263	0.0
(8, 552)	10264	0.0
(2, 1371)	10265	0.0
(11, 2475)	10266	0.0
(2, 1372)	10267	0.0
(11, 2476)	10268	0.0
(12, 957)	10269	0.0
(1, 1313)	10270	0.0
(12, 958)	10271	0.0
(11, 2477)	10272	0.0
(11, 2478)	10273	0.0
(11, 2479)	10274	0.0
(3, 619)	10275	0.0
(12, 959)	10276	0.0
(1, 1314)	10277	0.0
(11, 2480)	10278	0.0
(1, 1315)	10279	0.0
(7, 1792)	10280	0.0
(1, 1316)	10281	0.0
(7, 1793)	10282	0.0
(2, 1373)	10283	0.0
(2, 1374)	10284	0.0
(2, 1375)	10285	0.0
(2, 1376)	10286	0.0
(12, 960)	10287	0.0
(11, 2481)	10288	0.0
(2, 1377)	10289	0.0
(2, 1378)	10290	0.0
(2, 1379)	10291	0.0
(11, 2482)	10292	0.0
(3, 620)	10293	0.0
(11, 2483)	10294	0.0
(2, 1380)	10295	0.0
(11, 2484)	10296	0.0
(7, 1794)	10297	0.0
(11, 2485)	10298	0.0
(7, 1795)	10299	0.0
(1, 1317)	10300	0.0
(2, 1381)	10301	0.0
(1, 1318)	10302	0.0
(2, 1382)	10303	0.0
(11, 2486)	10304	0.0
(7, 1796)	10305	0.0
(7, 1797)	10306	0.0
(2, 1383)	10307	0.0
(2, 1384)	10308	0.0
(11, 2487)	10309	0.0
(11, 2488)	10310	0.0
(11, 2489)	10311	0.0
(7, 1798)	10312	0.0
(7, 1799)	10313	0.0
(7, 1800)	10314	0.0
(1, 1319)	10315	0.0
(2, 1385)	10316	0.0
(12, 961)	10317	0.0
(11, 2490)	10318	0.0
(1, 1320)	10319	0.0
(11, 2491)	10320	0.0
(11, 2492)	10321	0.0
(2, 1386)	10322	0.0
(2, 1387)	10323	0.0
(11, 2493)	10324	0.0
(2, 1388)	10325	0.0
(2, 1389)	10326	0.0
(11, 2494)	10327	0.0
(1, 1321)	10328	0.0
(7, 1801)	10329	0.0
(1, 1322)	10330	0.0
(11, 2495)	10331	0.0
(2, 1390)	10332	0.0
(11, 2496)	10333	0.0
(11, 2497)	10334	0.0
(24, 31)	10335	0.0
(11, 2498)	10336	0.0
(7, 1802)	10337	0.0
(20, 237)	10338	0.0
(2, 1391)	10339	0.0
(11, 2499)	10340	0.0
(11, 2500)	10341	0.0
(11, 2501)	10342	0.0
(3, 621)	10343	0.0
(11, 2502)	10344	0.0
(2, 1392)	10345	0.0
(11, 2503)	10346	0.0
(11, 2504)	10347	0.0
(2, 1393)	10348	0.0
(1, 1323)	10349	0.0
(1, 1324)	10350	0.0
(11, 2505)	10351	0.0
(12, 962)	10352	0.0
(3, 622)	10353	0.0
(11, 2506)	10354	0.0
(11, 2507)	10355	0.0
(1, 1325)	10356	0.0
(11, 2508)	10357	0.0
(12, 963)	10358	0.0
(3, 623)	10359	0.0
(12, 964)	10360	0.0
(12, 965)	10361	0.0
(12, 966)	10362	0.0
(12, 967)	10363	0.0
(12, 968)	10364	0.0
(4, 145)	10365	0.0
(3, 624)	10366	0.0
(12, 969)	10367	0.0
(5, 169)	10368	0.0
(12, 970)	10369	0.0
(6, 33)	10370	0.0
(3, 625)	10371	0.0
(12, 971)	10372	0.0
(3, 626)	10373	0.0
(3, 627)	10374	0.0
(12, 972)	10375	0.0
(4, 146)	10376	0.0
(12, 973)	10377	0.0
(12, 974)	10378	0.0
(11, 2509)	10379	0.0
(11, 2510)	10380	0.0
(11, 2511)	10381	0.0
(7, 1803)	10382	0.0
(7, 1804)	10383	0.0
(7, 1805)	10384	0.0
(11, 2512)	10385	0.0
(7, 1806)	10386	0.0
(11, 2513)	10387	0.0
(12, 975)	10388	0.0
(11, 2514)	10389	0.0
(12, 976)	10390	0.0
(3, 628)	10391	0.0
(11, 2515)	10392	0.0
(11, 2516)	10393	0.0
(12, 977)	10394	0.0
(12, 978)	10395	0.0
(11, 2517)	10396	0.0
(12, 979)	10397	0.0
(12, 980)	10398	0.0
(11, 2518)	10399	0.0
(11, 2519)	10400	0.0
(8, 553)	10401	0.0
(11, 2520)	10402	0.0
(11, 2521)	10403	0.0
(11, 2522)	10404	0.0
(3, 629)	10405	0.0
(12, 981)	10406	0.0
(12, 982)	10407	0.0
(12, 983)	10408	0.0
(12, 984)	10409	0.0
(11, 2523)	10410	0.0
(11, 2524)	10411	0.0
(9, 276)	10412	0.0
(11, 2525)	10413	0.0
(7, 1807)	10414	0.0
(11, 2526)	10415	0.0
(11, 2527)	10416	0.0
(4, 147)	10417	0.0
(8, 554)	10418	0.0
(9, 277)	10419	0.0
(7, 1808)	10420	0.0
(12, 985)	10421	0.0
(12, 986)	10422	0.0
(12, 987)	10423	0.0
(12, 988)	10424	0.0
(11, 2528)	10425	0.0
(4, 148)	10426	0.0
(2, 1394)	10427	0.0
(7, 1809)	10428	0.0
(9, 278)	10429	0.0
(2, 1395)	10430	0.0
(4, 149)	10431	0.0
(2, 1396)	10432	0.0
(7, 1810)	10433	0.0
(7, 1811)	10434	0.0
(1, 1326)	10435	0.0
(11, 2529)	10436	0.0
(11, 2530)	10437	0.0
(7, 1812)	10438	0.0
(7, 1813)	10439	0.0
(7, 1814)	10440	0.0
(9, 279)	10441	0.0
(3, 630)	10442	0.0
(11, 2531)	10443	0.0
(2, 1397)	10444	0.0
(3, 631)	10445	0.0
(8, 555)	10446	0.0
(11, 2532)	10447	0.0
(1, 1327)	10448	0.0
(12, 989)	10449	0.0
(1, 1328)	10450	0.0
(11, 2533)	10451	0.0
(1, 1329)	10452	0.0
(11, 2534)	10453	0.0
(7, 1815)	10454	0.0
(11, 2535)	10455	0.0
(11, 2536)	10456	0.0
(12, 990)	10457	0.0
(11, 2537)	10458	0.0
(7, 1816)	10459	0.0
(1, 1330)	10460	0.0
(11, 2538)	10461	0.0
(11, 2539)	10462	0.0
(12, 991)	10463	0.0
(8, 556)	10464	0.0
(12, 992)	10465	0.0
(2, 1398)	10466	0.0
(3, 632)	10467	0.0
(11, 2540)	10468	0.0
(12, 993)	10469	0.0
(7, 1817)	10470	0.0
(7, 1818)	10471	0.0
(7, 1819)	10472	0.0
(7, 1820)	10473	0.0
(20, 238)	10474	0.0
(8, 557)	10475	0.0
(11, 2541)	10476	0.0
(2, 1399)	10477	0.0
(2, 1400)	10478	0.0
(12, 994)	10479	0.0
(12, 995)	10480	0.0
(2, 1401)	10481	0.0
(2, 1402)	10482	0.0
(3, 633)	10483	0.0
(3, 634)	10484	0.0
(11, 2542)	10485	0.0
(11, 2543)	10486	0.0
(7, 1821)	10487	0.0
(7, 1822)	10488	0.0
(7, 1823)	10489	0.0
(20, 239)	10490	0.0
(7, 1824)	10491	0.0
(7, 1825)	10492	0.0
(11, 2544)	10493	0.0
(11, 2545)	10494	0.0
(2, 1403)	10495	0.0
(11, 2546)	10496	0.0
(7, 1826)	10497	0.0
(7, 1827)	10498	0.0
(11, 2547)	10499	0.0
(11, 2548)	10500	0.0
(11, 2549)	10501	0.0
(8, 558)	10502	0.0
(3, 635)	10503	0.0
(11, 2550)	10504	0.0
(12, 996)	10505	0.0
(3, 636)	10506	0.0
(11, 2551)	10507	0.0
(7, 1828)	10508	0.0
(4, 150)	10509	0.0
(12, 997)	10510	0.0
(11, 2552)	10511	0.0
(11, 2553)	10512	0.0
(4, 151)	10513	0.0
(3, 637)	10514	0.0
(11, 2554)	10515	0.0
(11, 2555)	10516	0.0
(9, 280)	10517	0.0
(5, 170)	10518	0.0
(3, 638)	10519	0.0
(2, 1404)	10520	0.0
(11, 2556)	10521	0.0
(11, 2557)	10522	0.0
(2, 1405)	10523	0.0
(12, 998)	10524	0.0
(2, 1406)	10525	0.0
(2, 1407)	10526	0.0
(7, 1829)	10527	0.0
(11, 2558)	10528	0.0
(11, 2559)	10529	0.0
(8, 559)	10530	0.0
(12, 999)	10531	0.0
(11, 2560)	10532	0.0
(2, 1408)	10533	0.0
(11, 2561)	10534	0.0
(2, 1409)	10535	0.0
(8, 560)	10536	0.0
(11, 2562)	10537	0.0
(2, 1410)	10538	0.0
(12, 1000)	10539	0.0
(11, 2563)	10540	0.0
(11, 2564)	10541	0.0
(11, 2565)	10542	0.0
(11, 2566)	10543	0.0
(11, 2567)	10544	0.0
(12, 1001)	10545	0.0
(11, 2568)	10546	0.0
(12, 1002)	10547	0.0
(7, 1830)	10548	0.0
(20, 240)	10549	0.0
(2, 1411)	10550	0.0
(11, 2569)	10551	0.0
(7, 1831)	10552	0.0
(7, 1832)	10553	0.0
(7, 1833)	10554	0.0
(7, 1834)	10555	0.0
(7, 1835)	10556	0.0
(4, 152)	10557	0.0
(12, 1003)	10558	0.0
(3, 639)	10559	0.0
(4, 153)	10560	0.0
(11, 2570)	10561	0.0
(11, 2571)	10562	0.0
(2, 1412)	10563	0.0
(12, 1004)	10564	0.0
(1, 1331)	10565	0.0
(11, 2572)	10566	0.0
(2, 1413)	10567	0.0
(11, 2573)	10568	0.0
(2, 1414)	10569	0.0
(11, 2574)	10570	0.0
(11, 2575)	10571	0.0
(11, 2576)	10572	0.0
(2, 1415)	10573	0.0
(7, 1836)	10574	0.0
(7, 1837)	10575	0.0
(7, 1838)	10576	0.0
(7, 1839)	10577	0.0
(11, 2577)	10578	0.0
(5, 171)	10579	0.0
(11, 2578)	10580	0.0
(11, 2579)	10581	0.0
(2, 1416)	10582	0.0
(11, 2580)	10583	0.0
(2, 1417)	10584	0.0
(4, 154)	10585	0.0
(12, 1005)	10586	0.0
(3, 640)	10587	0.0
(12, 1006)	10588	0.0
(11, 2581)	10589	0.0
(1, 1332)	10590	0.0
(11, 2582)	10591	0.0
(1, 1333)	10592	0.0
(7, 1840)	10593	0.0
(11, 2583)	10594	0.0
(8, 561)	10595	0.0
(2, 1418)	10596	0.0
(2, 1419)	10597	0.0
(2, 1420)	10598	0.0
(18, 86)	10599	0.0
(11, 2584)	10600	0.0
(11, 2585)	10601	0.0
(2, 1421)	10602	0.0
(2, 1422)	10603	0.0
(11, 2586)	10604	0.0
(11, 2587)	10605	0.0
(2, 1423)	10606	0.0
(12, 1007)	10607	0.0
(3, 641)	10608	0.0
(7, 1841)	10609	0.0
(3, 642)	10610	0.0
(11, 2588)	10611	0.0
(1, 1334)	10612	0.0
(11, 2589)	10613	0.0
(7, 1842)	10614	0.0
(20, 241)	10615	0.0
(1, 1335)	10616	0.0
(12, 1008)	10617	0.0
(12, 1009)	10618	0.0
(2, 1424)	10619	0.0
(7, 1843)	10620	0.0
(8, 562)	10621	0.0
(8, 563)	10622	0.0
(11, 2590)	10623	0.0
(3, 643)	10624	0.0
(11, 2591)	10625	0.0
(11, 2592)	10626	0.0
(7, 1844)	10627	0.0
(12, 1010)	10628	0.0
(11, 2593)	10629	0.0
(1, 1336)	10630	0.0
(11, 2594)	10631	0.0
(4, 155)	10632	0.0
(2, 1425)	10633	0.0
(2, 1426)	10634	0.0
(3, 644)	10635	0.0
(11, 2595)	10636	0.0
(12, 1011)	10637	0.0
(11, 2596)	10638	0.0
(12, 1012)	10639	0.0
(12, 1013)	10640	0.0
(1, 1337)	10641	0.0
(11, 2597)	10642	0.0
(11, 2598)	10643	0.0
(5, 172)	10644	0.0
(2, 1427)	10645	0.0
(2, 1428)	10646	0.0
(11, 2599)	10647	0.0
(1, 1338)	10648	0.0
(11, 2600)	10649	0.0
(4, 156)	10650	0.0
(11, 2601)	10651	0.0
(12, 1014)	10652	0.0
(11, 2602)	10653	0.0
(3, 645)	10654	0.0
(12, 1015)	10655	0.0
(5, 173)	10656	0.0
(11, 2603)	10657	0.0
(11, 2604)	10658	0.0
(12, 1016)	10659	0.0
(11, 2605)	10660	0.0
(14, 10)	10661	0.0
(11, 2606)	10662	0.0
(7, 1845)	10663	0.0
(11, 2607)	10664	0.0
(11, 2608)	10665	0.0
(11, 2609)	10666	0.0
(8, 564)	10667	0.0
(1, 1339)	10668	0.0
(1, 1340)	10669	0.0
(7, 1846)	10670	0.0
(11, 2610)	10671	0.0
(11, 2611)	10672	0.0
(11, 2612)	10673	0.0
(2, 1429)	10674	0.0
(11, 2613)	10675	0.0
(2, 1430)	10676	0.0
(2, 1431)	10677	0.0
(2, 1432)	10678	0.0
(12, 1017)	10679	0.0
(11, 2614)	10680	0.0
(2, 1433)	10681	0.0
(11, 2615)	10682	0.0
(11, 2616)	10683	0.0
(11, 2617)	10684	0.0
(12, 1018)	10685	0.0
(12, 1019)	10686	0.0
(3, 646)	10687	0.0
(11, 2618)	10688	0.0
(11, 2619)	10689	0.0
(1, 1341)	10690	0.0
(7, 1847)	10691	0.0
(1, 1342)	10692	0.0
(1, 1343)	10693	0.0
(1, 1344)	10694	0.0
(1, 1345)	10695	0.0
(2, 1434)	10696	0.0
(4, 157)	10697	0.0
(2, 1435)	10698	0.0
(2, 1436)	10699	0.0
(12, 1020)	10700	0.0
(3, 647)	10701	0.0
(2, 1437)	10702	0.0
(3, 648)	10703	0.0
(3, 649)	10704	0.0
(1, 1346)	10705	0.0
(7, 1848)	10706	0.0
(11, 2620)	10707	0.0
(11, 2621)	10708	0.0
(11, 2622)	10709	0.0
(1, 1347)	10710	0.0
(1, 1348)	10711	0.0
(1, 1349)	10712	0.0
(11, 2623)	10713	0.0
(12, 1021)	10714	0.0
(11, 2624)	10715	0.0
(12, 1022)	10716	0.0
(11, 2625)	10717	0.0
(11, 2626)	10718	0.0
(11, 2627)	10719	0.0
(11, 2628)	10720	0.0
(11, 2629)	10721	0.0
(8, 565)	10722	0.0
(1, 1350)	10723	0.0
(1, 1351)	10724	0.0
(7, 1849)	10725	0.0
(11, 2630)	10726	0.0
(11, 2631)	10727	0.0
(2, 1438)	10728	0.0
(2, 1439)	10729	0.0
(7, 1850)	10730	0.0
(7, 1851)	10731	0.0
(7, 1852)	10732	0.0
(1, 1352)	10733	0.0
(1, 1353)	10734	0.0
(2, 1440)	10735	0.0
(7, 1853)	10736	0.0
(11, 2632)	10737	0.0
(7, 1854)	10738	0.0
(7, 1855)	10739	0.0
(1, 1354)	10740	0.0
(1, 1355)	10741	0.0
(1, 1356)	10742	0.0
(1, 1357)	10743	0.0
(7, 1856)	10744	0.0
(7, 1857)	10745	0.0
(1, 1358)	10746	0.0
(7, 1858)	10747	0.0
(1, 1359)	10748	0.0
(1, 1360)	10749	0.0
(7, 1859)	10750	0.0
(7, 1860)	10751	0.0
(11, 2633)	10752	0.0
(2, 1441)	10753	0.0
(11, 2634)	10754	0.0
(7, 1861)	10755	0.0
(7, 1862)	10756	0.0
(7, 1863)	10757	0.0
(1, 1361)	10758	0.0
(2, 1442)	10759	0.0
(2, 1443)	10760	0.0
(2, 1444)	10761	0.0
(24, 32)	10762	0.0
(1, 1362)	10763	0.0
(1, 1363)	10764	0.0
(1, 1364)	10765	0.0
(7, 1864)	10766	0.0
(11, 2635)	10767	0.0
(7, 1865)	10768	0.0
(7, 1866)	10769	0.0
(1, 1365)	10770	0.0
(8, 566)	10771	0.0
(7, 1867)	10772	0.0
(7, 1868)	10773	0.0
(7, 1869)	10774	0.0
(12, 1023)	10775	0.0
(12, 1024)	10776	0.0
(12, 1025)	10777	0.0
(12, 1026)	10778	0.0
(11, 2636)	10779	0.0
(11, 2637)	10780	0.0
(1, 1366)	10781	0.0
(9, 281)	10782	0.0
(7, 1870)	10783	0.0
(7, 1871)	10784	0.0
(7, 1872)	10785	0.0
(2, 1445)	10786	0.0
(12, 1027)	10787	0.0
(5, 174)	10788	0.0
(3, 650)	10789	0.0
(11, 2638)	10790	0.0
(12, 1028)	10791	0.0
(4, 158)	10792	0.0
(7, 1873)	10793	0.0
(7, 1874)	10794	0.0
(7, 1875)	10795	0.0
(3, 651)	10796	0.0
(4, 159)	10797	0.0
(11, 2639)	10798	0.0
(12, 1029)	10799	0.0
(11, 2640)	10800	0.0
(11, 2641)	10801	0.0
(2, 1446)	10802	0.0
(7, 1876)	10803	0.0
(7, 1877)	10804	0.0
(29, 2)	10805	0.0
(18, 87)	10806	0.0
(12, 1030)	10807	0.0
(11, 2642)	10808	0.0
(11, 2643)	10809	0.0
(11, 2644)	10810	0.0
(2, 1447)	10811	0.0
(2, 1448)	10812	0.0
(2, 1449)	10813	0.0
(8, 567)	10814	0.0
(2, 1450)	10815	0.0
(11, 2645)	10816	0.0
(11, 2646)	10817	0.0
