(1, 1)	0	0.0
(1, 2)	1	0.0
(1, 3)	2	0.0
(2, 1)	3	0.0
(2, 2)	4	0.0
(2, 3)	5	0.0
(2, 4)	6	0.0
(3, 1)	7	0.0
(4, 1)	8	0.0
(5, 1)	9	0.0
(6, 1)	10	0.0
(6, 2)	11	0.0
(7, 1)	12	0.0
(2, 5)	13	0.0
(2, 6)	14	0.0
(2, 7)	15	0.0
(2, 8)	16	0.0
(8, 1)	17	0.0
(9, 1)	18	0.0
(10, 1)	19	0.0
(11, 1)	20	0.0
(11, 2)	21	0.0
(12, 1)	22	0.0
(2, 9)	23	0.0
(2, 10)	24	0.0
(8, 2)	25	0.0
(8, 3)	26	0.0
(5, 2)	27	0.0
(5, 3)	28	0.0
(13, 1)	29	0.0
(13, 2)	30	0.0
(14, 1)	31	0.0
(2, 11)	32	0.0
(5, 4)	33	0.0
(6, 3)	34	0.0
(8, 4)	35	0.0
(6, 4)	36	0.0
(13, 3)	37	0.0
(1, 4)	38	0.0
(2, 12)	39	0.0
(2, 13)	40	0.0
(8, 5)	41	0.0
(8, 6)	42	0.0
(11, 3)	43	0.0
(2, 14)	44	0.0
(2, 15)	45	0.0
(2, 16)	46	0.0
(2, 17)	47	0.0
(2, 18)	48	0.0
(8, 7)	49	0.0
(2, 19)	50	0.0
(2, 20)	51	0.0
(2, 21)	52	0.0
(4, 2)	53	0.0
(10, 2)	54	0.0
(10, 3)	55	0.0
(11, 4)	56	0.0
(12, 2)	57	0.0
(1, 5)	58	0.0
(1, 6)	59	0.0
(2, 22)	60	0.0
(2, 23)	61	0.0
(2, 24)	62	0.0
(10, 4)	63	0.0
(1, 7)	64	0.0
(8, 8)	65	0.0
(8, 9)	66	0.0
(11, 5)	67	0.0
(1, 8)	68	0.0
(1, 9)	69	0.0
(2, 25)	70	0.0
(2, 26)	71	0.0
(8, 10)	72	0.0
(8, 11)	73	0.0
(8, 12)	74	0.0
(8, 13)	75	0.0
(10, 5)	76	0.0
(15, 1)	77	0.0
(10, 6)	78	0.0
(1, 10)	79	0.0
(2, 27)	80	0.0
(8, 14)	81	0.0
(10, 7)	82	0.0
(10, 8)	83	0.0
(2, 28)	84	0.0
(5, 5)	85	0.0
(1, 11)	86	0.0
(1, 12)	87	0.0
(1, 13)	88	0.0
(1, 14)	89	0.0
(1, 15)	90	0.0
(2, 29)	91	0.0
(16, 1)	92	0.0
(17, 1)	93	0.0
(1, 16)	94	0.0
(1, 17)	95	0.0
(1, 18)	96	0.0
(1, 19)	97	0.0
(1, 20)	98	0.0
(1, 21)	99	0.0
(1, 22)	100	0.0
(18, 1)	101	0.0
(19, 1)	102	0.0
(1, 23)	103	0.0
(1, 24)	104	0.0
(1, 25)	105	0.0
(2, 30)	106	0.0
(2, 31)	107	0.0
(2, 32)	108	0.0
(2, 33)	109	0.0
(9, 2)	110	0.0
(11, 6)	111	0.0
(1, 26)	112	0.0
(1, 27)	113	0.0
(1, 28)	114	0.0
(1, 29)	115	0.0
(2, 34)	116	0.0
(2, 35)	117	0.0
(2, 36)	118	0.0
(2, 37)	119	0.0
(2, 38)	120	0.0
(16, 2)	121	0.0
(20, 1)	122	0.0
(1, 30)	123	0.0
(1, 31)	124	0.0
(1, 32)	125	0.0
(1, 33)	126	0.0
(1, 34)	127	0.0
(1, 35)	128	0.0
(2, 39)	129	0.0
(2, 40)	130	0.0
(5, 6)	131	0.0
(1, 36)	132	0.0
(1, 37)	133	0.0
(1, 38)	134	0.0
(1, 39)	135	0.0
(1, 40)	136	0.0
(1, 41)	137	0.0
(2, 41)	138	0.0
(2, 42)	139	0.0
(1, 42)	140	0.0
(1, 43)	141	0.0
(1, 44)	142	0.0
(1, 45)	143	0.0
(1, 46)	144	0.0
(1, 47)	145	0.0
(1, 48)	146	0.0
(1, 49)	147	0.0
(1, 50)	148	0.0
(1, 51)	149	0.0
(2, 43)	150	0.0
(5, 7)	151	0.0
(1, 52)	152	0.0
(1, 53)	153	0.0
(1, 54)	154	0.0
(1, 55)	155	0.0
(1, 56)	156	0.0
(1, 57)	157	0.0
(1, 58)	158	0.0
(1, 59)	159	0.0
(2, 44)	160	0.0
(20, 2)	161	0.0
(1, 60)	162	0.0
(1, 61)	163	0.0
(1, 62)	164	0.0
(8, 15)	165	0.0
(5, 8)	166	0.0
(6, 5)	167	0.0
(1, 63)	168	0.0
(1, 64)	169	0.0
(1, 65)	170	0.0
(21, 1)	171	0.0
(21, 2)	172	0.0
(22, 1)	173	0.0
(23, 1)	174	0.0
(16, 3)	175	0.0
(17, 2)	176	0.0
(1, 66)	177	0.0
(1, 67)	178	0.0
(2, 45)	179	0.0
(11, 7)	180	0.0
(1, 68)	181	0.0
(1, 69)	182	0.0
(21, 3)	183	0.0
(21, 4)	184	0.0
(21, 5)	185	0.0
(23, 2)	186	0.0
(16, 4)	187	0.0
(20, 3)	188	0.0
(1, 70)	189	0.0
(1, 71)	190	0.0
(21, 6)	191	0.0
(21, 7)	192	0.0
(21, 8)	193	0.0
(21, 9)	194	0.0
(3, 2)	195	0.0
(23, 3)	196	0.0
(1, 72)	197	0.0
(1, 73)	198	0.0
(1, 74)	199	0.0
(2, 46)	200	0.0
(2, 47)	201	0.0
(4, 3)	202	0.0
(5, 9)	203	0.0
(1, 75)	204	0.0
(1, 76)	205	0.0
(21, 10)	206	0.0
(21, 11)	207	0.0
(21, 12)	208	0.0
(22, 2)	209	0.0
(23, 4)	210	0.0
(16, 5)	211	0.0
(17, 3)	212	0.0
(1, 77)	213	0.0
(1, 78)	214	0.0
(1, 79)	215	0.0
(1, 80)	216	0.0
(8, 16)	217	0.0
(1, 81)	218	0.0
(1, 82)	219	0.0
(2, 48)	220	0.0
(2, 49)	221	0.0
(1, 83)	222	0.0
(1, 84)	223	0.0
(1, 85)	224	0.0
(2, 50)	225	0.0
(1, 86)	226	0.0
(2, 51)	227	0.0
(8, 17)	228	0.0
(8, 18)	229	0.0
(5, 10)	230	0.0
(1, 87)	231	0.0
(1, 88)	232	0.0
(8, 19)	233	0.0
(6, 6)	234	0.0
(13, 4)	235	0.0
(1, 89)	236	0.0
(1, 90)	237	0.0
(1, 91)	238	0.0
(1, 92)	239	0.0
(2, 52)	240	0.0
(8, 20)	241	0.0
(1, 93)	242	0.0
(2, 53)	243	0.0
(2, 54)	244	0.0
(17, 4)	245	0.0
(1, 94)	246	0.0
(1, 95)	247	0.0
(1, 96)	248	0.0
(2, 55)	249	0.0
(8, 21)	250	0.0
(8, 22)	251	0.0
(10, 9)	252	0.0
(2, 56)	253	0.0
(8, 23)	254	0.0
(4, 4)	255	0.0
(11, 8)	256	0.0
(1, 97)	257	0.0
(1, 98)	258	0.0
(1, 99)	259	0.0
(2, 57)	260	0.0
(8, 24)	261	0.0
(1, 100)	262	0.0
(1, 101)	263	0.0
(2, 58)	264	0.0
(8, 25)	265	0.0
(1, 102)	266	0.0
(1, 103)	267	0.0
(8, 26)	268	0.0
(8, 27)	269	0.0
(8, 28)	270	0.0
(5, 11)	271	0.0
(1, 104)	272	0.0
(1, 105)	273	0.0
(1, 106)	274	0.0
(21, 13)	275	0.0
(16, 6)	276	0.0
(17, 5)	277	0.0
(1, 107)	278	0.0
(1, 108)	279	0.0
(1, 109)	280	0.0
(1, 110)	281	0.0
(2, 59)	282	0.0
(2, 60)	283	0.0
(16, 7)	284	0.0
(17, 6)	285	0.0
(1, 111)	286	0.0
(1, 112)	287	0.0
(1, 113)	288	0.0
(1, 114)	289	0.0
(3, 3)	290	0.0
(1, 115)	291	0.0
(2, 61)	292	0.0
(2, 62)	293	0.0
(2, 63)	294	0.0
(2, 64)	295	0.0
(6, 7)	296	0.0
(6, 8)	297	0.0
(2, 65)	298	0.0
(3, 4)	299	0.0
(4, 5)	300	0.0
(4, 6)	301	0.0
(4, 7)	302	0.0
(4, 8)	303	0.0
(1, 116)	304	0.0
(1, 117)	305	0.0
(1, 118)	306	0.0
(2, 66)	307	0.0
(2, 67)	308	0.0
(23, 5)	309	0.0
(16, 8)	310	0.0
(17, 7)	311	0.0
(1, 119)	312	0.0
(1, 120)	313	0.0
(1, 121)	314	0.0
(1, 122)	315	0.0
(1, 123)	316	0.0
(1, 124)	317	0.0
(2, 68)	318	0.0
(3, 5)	319	0.0
(1, 125)	320	0.0
(1, 126)	321	0.0
(1, 127)	322	0.0
(1, 128)	323	0.0
(1, 129)	324	0.0
(2, 69)	325	0.0
(2, 70)	326	0.0
(16, 9)	327	0.0
(20, 4)	328	0.0
(1, 130)	329	0.0
(1, 131)	330	0.0
(1, 132)	331	0.0
(1, 133)	332	0.0
(16, 10)	333	0.0
(1, 134)	334	0.0
(1, 135)	335	0.0
(1, 136)	336	0.0
(1, 137)	337	0.0
(19, 2)	338	0.0
(1, 138)	339	0.0
(1, 139)	340	0.0
(1, 140)	341	0.0
(23, 6)	342	0.0
(1, 141)	343	0.0
(1, 142)	344	0.0
(2, 71)	345	0.0
(1, 143)	346	0.0
(1, 144)	347	0.0
(2, 72)	348	0.0
(16, 11)	349	0.0
(17, 8)	350	0.0
(1, 145)	351	0.0
(4, 9)	352	0.0
(1, 146)	353	0.0
(1, 147)	354	0.0
(1, 148)	355	0.0
(6, 9)	356	0.0
(1, 149)	357	0.0
(1, 150)	358	0.0
(1, 151)	359	0.0
(1, 152)	360	0.0
(2, 73)	361	0.0
(8, 29)	362	0.0
(1, 153)	363	0.0
(1, 154)	364	0.0
(1, 155)	365	0.0
(21, 14)	366	0.0
(3, 6)	367	0.0
(3, 7)	368	0.0
(3, 8)	369	0.0
(3, 9)	370	0.0
(3, 10)	371	0.0
(16, 12)	372	0.0
(17, 9)	373	0.0
(1, 156)	374	0.0
(1, 157)	375	0.0
(1, 158)	376	0.0
(2, 74)	377	0.0
(3, 11)	378	0.0
(4, 10)	379	0.0
(4, 11)	380	0.0
(4, 12)	381	0.0
(5, 12)	382	0.0
(6, 10)	383	0.0
(1, 159)	384	0.0
(16, 13)	385	0.0
(1, 160)	386	0.0
(2, 75)	387	0.0
(2, 76)	388	0.0
(2, 77)	389	0.0
(4, 13)	390	0.0
(11, 9)	391	0.0
(1, 161)	392	0.0
(1, 162)	393	0.0
(1, 163)	394	0.0
(1, 164)	395	0.0
(1, 165)	396	0.0
(1, 166)	397	0.0
(2, 78)	398	0.0
(5, 13)	399	0.0
(6, 11)	400	0.0
(1, 167)	401	0.0
(1, 168)	402	0.0
(21, 15)	403	0.0
(3, 12)	404	0.0
(3, 13)	405	0.0
(3, 14)	406	0.0
(16, 14)	407	0.0
(1, 169)	408	0.0
(2, 79)	409	0.0
(2, 80)	410	0.0
(2, 81)	411	0.0
(16, 15)	412	0.0
(17, 10)	413	0.0
(2, 82)	414	0.0
(2, 83)	415	0.0
(2, 84)	416	0.0
(16, 16)	417	0.0
(2, 85)	418	0.0
(2, 86)	419	0.0
(16, 17)	420	0.0
(1, 170)	421	0.0
(2, 87)	422	0.0
(2, 88)	423	0.0
(8, 30)	424	0.0
(9, 3)	425	0.0
(12, 3)	426	0.0
(2, 89)	427	0.0
(8, 31)	428	0.0
(9, 4)	429	0.0
(10, 10)	430	0.0
(10, 11)	431	0.0
(2, 90)	432	0.0
(8, 32)	433	0.0
(1, 171)	434	0.0
(2, 91)	435	0.0
(8, 33)	436	0.0
(15, 2)	437	0.0
(3, 15)	438	0.0
(5, 14)	439	0.0
(2, 92)	440	0.0
(2, 93)	441	0.0
(2, 94)	442	0.0
(1, 172)	443	0.0
(2, 95)	444	0.0
(2, 96)	445	0.0
(2, 97)	446	0.0
(2, 98)	447	0.0
(3, 16)	448	0.0
(3, 17)	449	0.0
(16, 18)	450	0.0
(16, 19)	451	0.0
(2, 99)	452	0.0
(2, 100)	453	0.0
(2, 101)	454	0.0
(3, 18)	455	0.0
(5, 15)	456	0.0
(5, 16)	457	0.0
(6, 12)	458	0.0
(2, 102)	459	0.0
(2, 103)	460	0.0
(2, 104)	461	0.0
(2, 105)	462	0.0
(2, 106)	463	0.0
(2, 107)	464	0.0
(8, 34)	465	0.0
(2, 108)	466	0.0
(2, 109)	467	0.0
(2, 110)	468	0.0
(2, 111)	469	0.0
(8, 35)	470	0.0
(4, 14)	471	0.0
(5, 17)	472	0.0
(2, 112)	473	0.0
(2, 113)	474	0.0
(2, 114)	475	0.0
(2, 115)	476	0.0
(3, 19)	477	0.0
(23, 7)	478	0.0
(16, 20)	479	0.0
(2, 116)	480	0.0
(2, 117)	481	0.0
(2, 118)	482	0.0
(8, 36)	483	0.0
(8, 37)	484	0.0
(4, 15)	485	0.0
(6, 13)	486	0.0
(2, 119)	487	0.0
(2, 120)	488	0.0
(2, 121)	489	0.0
(2, 122)	490	0.0
(2, 123)	491	0.0
(4, 16)	492	0.0
(5, 18)	493	0.0
(6, 14)	494	0.0
(2, 124)	495	0.0
(2, 125)	496	0.0
(3, 20)	497	0.0
(3, 21)	498	0.0
(23, 8)	499	0.0
(2, 126)	500	0.0
(2, 127)	501	0.0
(2, 128)	502	0.0
(2, 129)	503	0.0
(3, 22)	504	0.0
(23, 9)	505	0.0
(16, 21)	506	0.0
(2, 130)	507	0.0
(2, 131)	508	0.0
(2, 132)	509	0.0
(23, 10)	510	0.0
(8, 38)	511	0.0
(8, 39)	512	0.0
(5, 19)	513	0.0
(1, 173)	514	0.0
(1, 174)	515	0.0
(1, 175)	516	0.0
(21, 16)	517	0.0
(21, 17)	518	0.0
(3, 23)	519	0.0
(3, 24)	520	0.0
(3, 25)	521	0.0
(1, 176)	522	0.0
(2, 133)	523	0.0
(2, 134)	524	0.0
(8, 40)	525	0.0
(4, 17)	526	0.0
(5, 20)	527	0.0
(1, 177)	528	0.0
(9, 5)	529	0.0
(10, 12)	530	0.0
(15, 3)	531	0.0
(1, 178)	532	0.0
(1, 179)	533	0.0
(1, 180)	534	0.0
(3, 26)	535	0.0
(4, 18)	536	0.0
(4, 19)	537	0.0
(4, 20)	538	0.0
(1, 181)	539	0.0
(2, 135)	540	0.0
(2, 136)	541	0.0
(4, 21)	542	0.0
(4, 22)	543	0.0
(11, 10)	544	0.0
(11, 11)	545	0.0
(12, 4)	546	0.0
(2, 137)	547	0.0
(2, 138)	548	0.0
(8, 41)	549	0.0
(1, 182)	550	0.0
(8, 42)	551	0.0
(8, 43)	552	0.0
(1, 183)	553	0.0
(1, 184)	554	0.0
(21, 18)	555	0.0
(3, 27)	556	0.0
(3, 28)	557	0.0
(4, 23)	558	0.0
(2, 139)	559	0.0
(2, 140)	560	0.0
(5, 21)	561	0.0
(1, 185)	562	0.0
(1, 186)	563	0.0
(21, 19)	564	0.0
(21, 20)	565	0.0
(23, 11)	566	0.0
(16, 22)	567	0.0
(1, 187)	568	0.0
(1, 188)	569	0.0
(1, 189)	570	0.0
(1, 190)	571	0.0
(8, 44)	572	0.0
(1, 191)	573	0.0
(8, 45)	574	0.0
(9, 6)	575	0.0
(1, 192)	576	0.0
(1, 193)	577	0.0
(1, 194)	578	0.0
(1, 195)	579	0.0
(21, 21)	580	0.0
(21, 22)	581	0.0
(3, 29)	582	0.0
(23, 12)	583	0.0
(1, 196)	584	0.0
(8, 46)	585	0.0
(8, 47)	586	0.0
(1, 197)	587	0.0
(1, 198)	588	0.0
(1, 199)	589	0.0
(21, 23)	590	0.0
(21, 24)	591	0.0
(3, 30)	592	0.0
(23, 13)	593	0.0
(15, 4)	594	0.0
(1, 200)	595	0.0
(21, 25)	596	0.0
(3, 31)	597	0.0
(23, 14)	598	0.0
(2, 141)	599	0.0
(8, 48)	600	0.0
(8, 49)	601	0.0
(9, 7)	602	0.0
(9, 8)	603	0.0
(1, 201)	604	0.0
(1, 202)	605	0.0
(8, 50)	606	0.0
(2, 142)	607	0.0
(2, 143)	608	0.0
(8, 51)	609	0.0
(9, 9)	610	0.0
(1, 203)	611	0.0
(1, 204)	612	0.0
(1, 205)	613	0.0
(2, 144)	614	0.0
(2, 145)	615	0.0
(9, 10)	616	0.0
(1, 206)	617	0.0
(2, 146)	618	0.0
(9, 11)	619	0.0
(1, 207)	620	0.0
(2, 147)	621	0.0
(8, 52)	622	0.0
(8, 53)	623	0.0
(9, 12)	624	0.0
(10, 13)	625	0.0
(8, 54)	626	0.0
(2, 148)	627	0.0
(1, 208)	628	0.0
(1, 209)	629	0.0
(3, 32)	630	0.0
(3, 33)	631	0.0
(23, 15)	632	0.0
(5, 22)	633	0.0
(5, 23)	634	0.0
(2, 149)	635	0.0
(2, 150)	636	0.0
(2, 151)	637	0.0
(2, 152)	638	0.0
(3, 34)	639	0.0
(3, 35)	640	0.0
(4, 24)	641	0.0
(11, 12)	642	0.0
(12, 5)	643	0.0
(2, 153)	644	0.0
(8, 55)	645	0.0
(5, 24)	646	0.0
(1, 210)	647	0.0
(1, 211)	648	0.0
(2, 154)	649	0.0
(8, 56)	650	0.0
(9, 13)	651	0.0
(10, 14)	652	0.0
(8, 57)	653	0.0
(8, 58)	654	0.0
(1, 212)	655	0.0
(3, 36)	656	0.0
(3, 37)	657	0.0
(3, 38)	658	0.0
(3, 39)	659	0.0
(23, 16)	660	0.0
(5, 25)	661	0.0
(5, 26)	662	0.0
(1, 213)	663	0.0
(2, 155)	664	0.0
(8, 59)	665	0.0
(2, 156)	666	0.0
(1, 214)	667	0.0
(1, 215)	668	0.0
(21, 26)	669	0.0
(21, 27)	670	0.0
(16, 23)	671	0.0
(1, 216)	672	0.0
(1, 217)	673	0.0
(1, 218)	674	0.0
(1, 219)	675	0.0
(2, 157)	676	0.0
(8, 60)	677	0.0
(1, 220)	678	0.0
(1, 221)	679	0.0
(1, 222)	680	0.0
(8, 61)	681	0.0
(1, 223)	682	0.0
(1, 224)	683	0.0
(21, 28)	684	0.0
(21, 29)	685	0.0
(22, 3)	686	0.0
(18, 2)	687	0.0
(19, 3)	688	0.0
(2, 158)	689	0.0
(10, 15)	690	0.0
(1, 225)	691	0.0
(1, 226)	692	0.0
(1, 227)	693	0.0
(1, 228)	694	0.0
(8, 62)	695	0.0
(15, 5)	696	0.0
(1, 229)	697	0.0
(1, 230)	698	0.0
(1, 231)	699	0.0
(21, 30)	700	0.0
(21, 31)	701	0.0
(21, 32)	702	0.0
(21, 33)	703	0.0
(21, 34)	704	0.0
(21, 35)	705	0.0
(21, 36)	706	0.0
(21, 37)	707	0.0
(21, 38)	708	0.0
(22, 4)	709	0.0
(18, 3)	710	0.0
(1, 232)	711	0.0
(1, 233)	712	0.0
(1, 234)	713	0.0
(1, 235)	714	0.0
(1, 236)	715	0.0
(21, 39)	716	0.0
(22, 5)	717	0.0
(22, 6)	718	0.0
(22, 7)	719	0.0
(22, 8)	720	0.0
(18, 4)	721	0.0
(19, 4)	722	0.0
(1, 237)	723	0.0
(2, 159)	724	0.0
(1, 238)	725	0.0
(2, 160)	726	0.0
(2, 161)	727	0.0
(2, 162)	728	0.0
(1, 239)	729	0.0
(1, 240)	730	0.0
(8, 63)	731	0.0
(2, 163)	732	0.0
(2, 164)	733	0.0
(1, 241)	734	0.0
(8, 64)	735	0.0
(4, 25)	736	0.0
(2, 165)	737	0.0
(2, 166)	738	0.0
(2, 167)	739	0.0
(1, 242)	740	0.0
(2, 168)	741	0.0
(8, 65)	742	0.0
(8, 66)	743	0.0
(2, 169)	744	0.0
(2, 170)	745	0.0
(1, 243)	746	0.0
(1, 244)	747	0.0
(1, 245)	748	0.0
(2, 171)	749	0.0
(1, 246)	750	0.0
(1, 247)	751	0.0
(1, 248)	752	0.0
(2, 172)	753	0.0
(3, 40)	754	0.0
(1, 249)	755	0.0
(2, 173)	756	0.0
(1, 250)	757	0.0
(2, 174)	758	0.0
(1, 251)	759	0.0
(1, 252)	760	0.0
(1, 253)	761	0.0
(1, 254)	762	0.0
(2, 175)	763	0.0
(2, 176)	764	0.0
(8, 67)	765	0.0
(1, 255)	766	0.0
(1, 256)	767	0.0
(1, 257)	768	0.0
(2, 177)	769	0.0
(5, 27)	770	0.0
(1, 258)	771	0.0
(1, 259)	772	0.0
(2, 178)	773	0.0
(2, 179)	774	0.0
(1, 260)	775	0.0
(1, 261)	776	0.0
(1, 262)	777	0.0
(8, 68)	778	0.0
(8, 69)	779	0.0
(4, 26)	780	0.0
(1, 263)	781	0.0
(2, 180)	782	0.0
(3, 41)	783	0.0
(1, 264)	784	0.0
(2, 181)	785	0.0
(3, 42)	786	0.0
(4, 27)	787	0.0
(1, 265)	788	0.0
(1, 266)	789	0.0
(2, 182)	790	0.0
(23, 17)	791	0.0
(2, 183)	792	0.0
(2, 184)	793	0.0
(2, 185)	794	0.0
(2, 186)	795	0.0
(2, 187)	796	0.0
(2, 188)	797	0.0
(6, 15)	798	0.0
(2, 189)	799	0.0
(2, 190)	800	0.0
(2, 191)	801	0.0
(8, 70)	802	0.0
(2, 192)	803	0.0
(4, 28)	804	0.0
(1, 267)	805	0.0
(1, 268)	806	0.0
(2, 193)	807	0.0
(8, 71)	808	0.0
(8, 72)	809	0.0
(1, 269)	810	0.0
(10, 16)	811	0.0
(1, 270)	812	0.0
(2, 194)	813	0.0
(8, 73)	814	0.0
(4, 29)	815	0.0
(1, 271)	816	0.0
(1, 272)	817	0.0
(21, 40)	818	0.0
(4, 30)	819	0.0
(11, 13)	820	0.0
(1, 273)	821	0.0
(1, 274)	822	0.0
(1, 275)	823	0.0
(1, 276)	824	0.0
(21, 41)	825	0.0
(3, 43)	826	0.0
(5, 28)	827	0.0
(2, 195)	828	0.0
(1, 277)	829	0.0
(9, 14)	830	0.0
(1, 278)	831	0.0
(1, 279)	832	0.0
(8, 74)	833	0.0
(1, 280)	834	0.0
(1, 281)	835	0.0
(1, 282)	836	0.0
(1, 283)	837	0.0
(3, 44)	838	0.0
(5, 29)	839	0.0
(1, 284)	840	0.0
(1, 285)	841	0.0
(1, 286)	842	0.0
(1, 287)	843	0.0
(3, 45)	844	0.0
(4, 31)	845	0.0
(4, 32)	846	0.0
(4, 33)	847	0.0
(21, 42)	848	0.0
(3, 46)	849	0.0
(3, 47)	850	0.0
(3, 48)	851	0.0
(4, 34)	852	0.0
(5, 30)	853	0.0
(1, 288)	854	0.0
(3, 49)	855	0.0
(3, 50)	856	0.0
(4, 35)	857	0.0
(4, 36)	858	0.0
(5, 31)	859	0.0
(2, 196)	860	0.0
(8, 75)	861	0.0
(8, 76)	862	0.0
(5, 32)	863	0.0
(2, 197)	864	0.0
(8, 77)	865	0.0
(8, 78)	866	0.0
(8, 79)	867	0.0
(9, 15)	868	0.0
(9, 16)	869	0.0
(10, 17)	870	0.0
(15, 6)	871	0.0
(1, 289)	872	0.0
(1, 290)	873	0.0
(3, 51)	874	0.0
(3, 52)	875	0.0
(3, 53)	876	0.0
(4, 37)	877	0.0
(5, 33)	878	0.0
(5, 34)	879	0.0
(1, 291)	880	0.0
(1, 292)	881	0.0
(1, 293)	882	0.0
(21, 43)	883	0.0
(3, 54)	884	0.0
(3, 55)	885	0.0
(4, 38)	886	0.0
(5, 35)	887	0.0
(1, 294)	888	0.0
(1, 295)	889	0.0
(3, 56)	890	0.0
(3, 57)	891	0.0
(10, 18)	892	0.0
(8, 80)	893	0.0
(1, 296)	894	0.0
(8, 81)	895	0.0
(9, 17)	896	0.0
(9, 18)	897	0.0
(10, 19)	898	0.0
(1, 297)	899	0.0
(1, 298)	900	0.0
(21, 44)	901	0.0
(21, 45)	902	0.0
(3, 58)	903	0.0
(1, 299)	904	0.0
(1, 300)	905	0.0
(2, 198)	906	0.0
(1, 301)	907	0.0
(1, 302)	908	0.0
(1, 303)	909	0.0
(1, 304)	910	0.0
(21, 46)	911	0.0
(21, 47)	912	0.0
(3, 59)	913	0.0
(3, 60)	914	0.0
(1, 305)	915	0.0
(1, 306)	916	0.0
(1, 307)	917	0.0
(2, 199)	918	0.0
(9, 19)	919	0.0
(1, 308)	920	0.0
(8, 82)	921	0.0
(1, 309)	922	0.0
(1, 310)	923	0.0
(1, 311)	924	0.0
(21, 48)	925	0.0
(21, 49)	926	0.0
(21, 50)	927	0.0
(3, 61)	928	0.0
(1, 312)	929	0.0
(1, 313)	930	0.0
(21, 51)	931	0.0
(21, 52)	932	0.0
(3, 62)	933	0.0
(3, 63)	934	0.0
(1, 314)	935	0.0
(1, 315)	936	0.0
(23, 18)	937	0.0
(1, 316)	938	0.0
(1, 317)	939	0.0
(21, 53)	940	0.0
(21, 54)	941	0.0
(21, 55)	942	0.0
(21, 56)	943	0.0
(21, 57)	944	0.0
(19, 5)	945	0.0
(1, 318)	946	0.0
(1, 319)	947	0.0
(1, 320)	948	0.0
(21, 58)	949	0.0
(21, 59)	950	0.0
(21, 60)	951	0.0
(22, 9)	952	0.0
(18, 5)	953	0.0
(18, 6)	954	0.0
(16, 24)	955	0.0
(17, 11)	956	0.0
(1, 321)	957	0.0
(1, 322)	958	0.0
(1, 323)	959	0.0
(21, 61)	960	0.0
(23, 19)	961	0.0
(2, 200)	962	0.0
(2, 201)	963	0.0
(2, 202)	964	0.0
(2, 203)	965	0.0
(1, 324)	966	0.0
(21, 62)	967	0.0
(21, 63)	968	0.0
(21, 64)	969	0.0
(22, 10)	970	0.0
(18, 7)	971	0.0
(19, 6)	972	0.0
(1, 325)	973	0.0
(1, 326)	974	0.0
(21, 65)	975	0.0
(21, 66)	976	0.0
(21, 67)	977	0.0
(18, 8)	978	0.0
(18, 9)	979	0.0
(19, 7)	980	0.0
(1, 327)	981	0.0
(1, 328)	982	0.0
(1, 329)	983	0.0
(1, 330)	984	0.0
(21, 68)	985	0.0
(21, 69)	986	0.0
(22, 11)	987	0.0
(1, 331)	988	0.0
(5, 36)	989	0.0
(8, 83)	990	0.0
(4, 39)	991	0.0
(10, 20)	992	0.0
(10, 21)	993	0.0
(10, 22)	994	0.0
(8, 84)	995	0.0
(4, 40)	996	0.0
(4, 41)	997	0.0
(1, 332)	998	0.0
(2, 204)	999	0.0
(3, 64)	1000	0.0
(3, 65)	1001	0.0
(23, 20)	1002	0.0
(5, 37)	1003	0.0
(8, 85)	1004	0.0
(8, 86)	1005	0.0
(4, 42)	1006	0.0
(4, 43)	1007	0.0
(2, 205)	1008	0.0
(4, 44)	1009	0.0
(4, 45)	1010	0.0
(5, 38)	1011	0.0
(11, 14)	1012	0.0
(2, 206)	1013	0.0
(8, 87)	1014	0.0
(8, 88)	1015	0.0
(8, 89)	1016	0.0
(8, 90)	1017	0.0
(8, 91)	1018	0.0
(8, 92)	1019	0.0
(4, 46)	1020	0.0
(1, 333)	1021	0.0
(1, 334)	1022	0.0
(2, 207)	1023	0.0
(3, 66)	1024	0.0
(4, 47)	1025	0.0
(10, 23)	1026	0.0
(10, 24)	1027	0.0
(10, 25)	1028	0.0
(1, 335)	1029	0.0
(2, 208)	1030	0.0
(3, 67)	1031	0.0
(3, 68)	1032	0.0
(5, 39)	1033	0.0
(5, 40)	1034	0.0
(1, 336)	1035	0.0
(2, 209)	1036	0.0
(3, 69)	1037	0.0
(4, 48)	1038	0.0
(5, 41)	1039	0.0
(11, 15)	1040	0.0
(15, 7)	1041	0.0
(1, 337)	1042	0.0
(2, 210)	1043	0.0
(3, 70)	1044	0.0
(3, 71)	1045	0.0
(3, 72)	1046	0.0
(3, 73)	1047	0.0
(2, 211)	1048	0.0
(4, 49)	1049	0.0
(2, 212)	1050	0.0
(2, 213)	1051	0.0
(8, 93)	1052	0.0
(8, 94)	1053	0.0
(15, 8)	1054	0.0
(1, 338)	1055	0.0
(1, 339)	1056	0.0
(2, 214)	1057	0.0
(2, 215)	1058	0.0
(2, 216)	1059	0.0
(8, 95)	1060	0.0
(8, 96)	1061	0.0
(10, 26)	1062	0.0
(2, 217)	1063	0.0
(3, 74)	1064	0.0
(3, 75)	1065	0.0
(4, 50)	1066	0.0
(4, 51)	1067	0.0
(11, 16)	1068	0.0
(2, 218)	1069	0.0
(2, 219)	1070	0.0
(2, 220)	1071	0.0
(8, 97)	1072	0.0
(10, 27)	1073	0.0
(2, 221)	1074	0.0
(2, 222)	1075	0.0
(15, 9)	1076	0.0
(1, 340)	1077	0.0
(2, 223)	1078	0.0
(2, 224)	1079	0.0
(2, 225)	1080	0.0
(3, 76)	1081	0.0
(1, 341)	1082	0.0
(2, 226)	1083	0.0
(2, 227)	1084	0.0
(2, 228)	1085	0.0
(2, 229)	1086	0.0
(2, 230)	1087	0.0
(5, 42)	1088	0.0
(2, 231)	1089	0.0
(2, 232)	1090	0.0
(1, 342)	1091	0.0
(1, 343)	1092	0.0
(1, 344)	1093	0.0
(21, 70)	1094	0.0
(21, 71)	1095	0.0
(3, 77)	1096	0.0
(3, 78)	1097	0.0
(1, 345)	1098	0.0
(1, 346)	1099	0.0
(1, 347)	1100	0.0
(21, 72)	1101	0.0
(23, 21)	1102	0.0
(1, 348)	1103	0.0
(1, 349)	1104	0.0
(1, 350)	1105	0.0
(1, 351)	1106	0.0
(1, 352)	1107	0.0
(21, 73)	1108	0.0
(23, 22)	1109	0.0
(21, 74)	1110	0.0
(21, 75)	1111	0.0
(21, 76)	1112	0.0
(3, 79)	1113	0.0
(3, 80)	1114	0.0
(1, 353)	1115	0.0
(3, 81)	1116	0.0
(21, 77)	1117	0.0
(21, 78)	1118	0.0
(21, 79)	1119	0.0
(23, 23)	1120	0.0
(2, 233)	1121	0.0
(8, 98)	1122	0.0
(5, 43)	1123	0.0
(2, 234)	1124	0.0
(8, 99)	1125	0.0
(2, 235)	1126	0.0
(8, 100)	1127	0.0
(2, 236)	1128	0.0
(2, 237)	1129	0.0
(2, 238)	1130	0.0
(8, 101)	1131	0.0
(2, 239)	1132	0.0
(16, 25)	1133	0.0
(2, 240)	1134	0.0
(2, 241)	1135	0.0
(1, 354)	1136	0.0
(2, 242)	1137	0.0
(2, 243)	1138	0.0
(1, 355)	1139	0.0
(2, 244)	1140	0.0
(2, 245)	1141	0.0
(2, 246)	1142	0.0
(2, 247)	1143	0.0
(1, 356)	1144	0.0
(1, 357)	1145	0.0
(1, 358)	1146	0.0
(2, 248)	1147	0.0
(8, 102)	1148	0.0
(9, 20)	1149	0.0
(1, 359)	1150	0.0
(1, 360)	1151	0.0
(1, 361)	1152	0.0
(2, 249)	1153	0.0
(1, 362)	1154	0.0
(1, 363)	1155	0.0
(1, 364)	1156	0.0
(1, 365)	1157	0.0
(1, 366)	1158	0.0
(2, 250)	1159	0.0
(8, 103)	1160	0.0
(8, 104)	1161	0.0
(10, 28)	1162	0.0
(1, 367)	1163	0.0
(1, 368)	1164	0.0
(8, 105)	1165	0.0
(8, 106)	1166	0.0
(2, 251)	1167	0.0
(2, 252)	1168	0.0
(4, 52)	1169	0.0
(2, 253)	1170	0.0
(1, 369)	1171	0.0
(2, 254)	1172	0.0
(2, 255)	1173	0.0
(2, 256)	1174	0.0
(5, 44)	1175	0.0
(2, 257)	1176	0.0
(1, 370)	1177	0.0
(4, 53)	1178	0.0
(1, 371)	1179	0.0
(2, 258)	1180	0.0
(4, 54)	1181	0.0
(2, 259)	1182	0.0
(8, 107)	1183	0.0
(8, 108)	1184	0.0
(8, 109)	1185	0.0
(9, 21)	1186	0.0
(15, 10)	1187	0.0
(2, 260)	1188	0.0
(1, 372)	1189	0.0
(8, 110)	1190	0.0
(1, 373)	1191	0.0
(2, 261)	1192	0.0
(1, 374)	1193	0.0
(8, 111)	1194	0.0
(1, 375)	1195	0.0
(2, 262)	1196	0.0
(2, 263)	1197	0.0
(8, 112)	1198	0.0
(5, 45)	1199	0.0
(1, 376)	1200	0.0
(2, 264)	1201	0.0
(2, 265)	1202	0.0
(2, 266)	1203	0.0
(8, 113)	1204	0.0
(8, 114)	1205	0.0
(10, 29)	1206	0.0
(4, 55)	1207	0.0
(2, 267)	1208	0.0
(2, 268)	1209	0.0
(2, 269)	1210	0.0
(9, 22)	1211	0.0
(2, 270)	1212	0.0
(8, 115)	1213	0.0
(8, 116)	1214	0.0
(11, 17)	1215	0.0
(2, 271)	1216	0.0
(2, 272)	1217	0.0
(8, 117)	1218	0.0
(9, 23)	1219	0.0
(10, 30)	1220	0.0
(12, 6)	1221	0.0
(1, 377)	1222	0.0
(1, 378)	1223	0.0
(1, 379)	1224	0.0
(2, 273)	1225	0.0
(2, 274)	1226	0.0
(8, 118)	1227	0.0
(10, 31)	1228	0.0
(1, 380)	1229	0.0
(1, 381)	1230	0.0
(2, 275)	1231	0.0
(2, 276)	1232	0.0
(8, 119)	1233	0.0
(2, 277)	1234	0.0
(2, 278)	1235	0.0
(10, 32)	1236	0.0
(2, 279)	1237	0.0
(9, 24)	1238	0.0
(2, 280)	1239	0.0
(8, 120)	1240	0.0
(1, 382)	1241	0.0
(1, 383)	1242	0.0
(8, 121)	1243	0.0
(1, 384)	1244	0.0
(1, 385)	1245	0.0
(1, 386)	1246	0.0
(1, 387)	1247	0.0
(1, 388)	1248	0.0
(1, 389)	1249	0.0
(2, 281)	1250	0.0
(1, 390)	1251	0.0
(8, 122)	1252	0.0
(2, 282)	1253	0.0
(8, 123)	1254	0.0
(2, 283)	1255	0.0
(2, 284)	1256	0.0
(2, 285)	1257	0.0
(2, 286)	1258	0.0
(2, 287)	1259	0.0
(2, 288)	1260	0.0
(2, 289)	1261	0.0
(2, 290)	1262	0.0
(2, 291)	1263	0.0
(2, 292)	1264	0.0
(2, 293)	1265	0.0
(9, 25)	1266	0.0
(8, 124)	1267	0.0
(9, 26)	1268	0.0
(8, 125)	1269	0.0
(10, 33)	1270	0.0
(2, 294)	1271	0.0
(2, 295)	1272	0.0
(4, 56)	1273	0.0
(2, 296)	1274	0.0
(2, 297)	1275	0.0
(2, 298)	1276	0.0
(8, 126)	1277	0.0
(8, 127)	1278	0.0
(8, 128)	1279	0.0
(1, 391)	1280	0.0
(2, 299)	1281	0.0
(8, 129)	1282	0.0
(2, 300)	1283	0.0
(2, 301)	1284	0.0
(1, 392)	1285	0.0
(8, 130)	1286	0.0
(1, 393)	1287	0.0
(1, 394)	1288	0.0
(2, 302)	1289	0.0
(3, 82)	1290	0.0
(3, 83)	1291	0.0
(2, 303)	1292	0.0
(1, 395)	1293	0.0
(1, 396)	1294	0.0
(1, 397)	1295	0.0
(1, 398)	1296	0.0
(2, 304)	1297	0.0
(1, 399)	1298	0.0
(1, 400)	1299	0.0
(2, 305)	1300	0.0
(10, 34)	1301	0.0
(1, 401)	1302	0.0
(1, 402)	1303	0.0
(1, 403)	1304	0.0
(2, 306)	1305	0.0
(9, 27)	1306	0.0
(9, 28)	1307	0.0
(1, 404)	1308	0.0
(2, 307)	1309	0.0
(2, 308)	1310	0.0
(8, 131)	1311	0.0
(5, 46)	1312	0.0
(1, 405)	1313	0.0
(2, 309)	1314	0.0
(2, 310)	1315	0.0
(1, 406)	1316	0.0
(1, 407)	1317	0.0
(1, 408)	1318	0.0
(2, 311)	1319	0.0
(20, 5)	1320	0.0
(1, 409)	1321	0.0
(1, 410)	1322	0.0
(1, 411)	1323	0.0
(1, 412)	1324	0.0
(1, 413)	1325	0.0
(1, 414)	1326	0.0
(1, 415)	1327	0.0
(1, 416)	1328	0.0
(1, 417)	1329	0.0
(1, 418)	1330	0.0
(1, 419)	1331	0.0
(2, 312)	1332	0.0
(8, 132)	1333	0.0
(1, 420)	1334	0.0
(2, 313)	1335	0.0
(8, 133)	1336	0.0
(8, 134)	1337	0.0
(2, 314)	1338	0.0
(9, 29)	1339	0.0
(2, 315)	1340	0.0
(8, 135)	1341	0.0
(1, 421)	1342	0.0
(2, 316)	1343	0.0
(2, 317)	1344	0.0
(10, 35)	1345	0.0
(1, 422)	1346	0.0
(1, 423)	1347	0.0
(1, 424)	1348	0.0
(1, 425)	1349	0.0
(1, 426)	1350	0.0
(2, 318)	1351	0.0
(8, 136)	1352	0.0
(8, 137)	1353	0.0
(2, 319)	1354	0.0
(2, 320)	1355	0.0
(8, 138)	1356	0.0
(8, 139)	1357	0.0
(9, 30)	1358	0.0
(9, 31)	1359	0.0
(24, 1)	1360	0.0
(1, 427)	1361	0.0
(2, 321)	1362	0.0
(2, 322)	1363	0.0
(2, 323)	1364	0.0
(15, 11)	1365	0.0
(8, 140)	1366	0.0
(2, 324)	1367	0.0
(8, 141)	1368	0.0
(8, 142)	1369	0.0
(9, 32)	1370	0.0
(15, 12)	1371	0.0
(8, 143)	1372	0.0
(10, 36)	1373	0.0
(4, 57)	1374	0.0
(1, 428)	1375	0.0
(2, 325)	1376	0.0
(2, 326)	1377	0.0
(8, 144)	1378	0.0
(8, 145)	1379	0.0
(2, 327)	1380	0.0
(9, 33)	1381	0.0
(8, 146)	1382	0.0
(1, 429)	1383	0.0
(8, 147)	1384	0.0
(9, 34)	1385	0.0
(24, 2)	1386	0.0
(1, 430)	1387	0.0
(9, 35)	1388	0.0
(1, 431)	1389	0.0
(1, 432)	1390	0.0
(2, 328)	1391	0.0
(1, 433)	1392	0.0
(2, 329)	1393	0.0
(8, 148)	1394	0.0
(8, 149)	1395	0.0
(24, 3)	1396	0.0
(1, 434)	1397	0.0
(2, 330)	1398	0.0
(8, 150)	1399	0.0
(1, 435)	1400	0.0
(2, 331)	1401	0.0
(2, 332)	1402	0.0
(2, 333)	1403	0.0
(8, 151)	1404	0.0
(9, 36)	1405	0.0
(24, 4)	1406	0.0
(1, 436)	1407	0.0
(1, 437)	1408	0.0
(2, 334)	1409	0.0
(2, 335)	1410	0.0
(8, 152)	1411	0.0
(8, 153)	1412	0.0
(8, 154)	1413	0.0
(2, 336)	1414	0.0
(8, 155)	1415	0.0
(9, 37)	1416	0.0
(1, 438)	1417	0.0
(1, 439)	1418	0.0
(21, 80)	1419	0.0
(3, 84)	1420	0.0
(23, 24)	1421	0.0
(1, 440)	1422	0.0
(1, 441)	1423	0.0
(8, 156)	1424	0.0
(2, 337)	1425	0.0
(1, 442)	1426	0.0
(1, 443)	1427	0.0
(1, 444)	1428	0.0
(21, 81)	1429	0.0
(21, 82)	1430	0.0
(21, 83)	1431	0.0
(22, 12)	1432	0.0
(18, 10)	1433	0.0
(19, 8)	1434	0.0
(1, 445)	1435	0.0
(21, 84)	1436	0.0
(3, 85)	1437	0.0
(23, 25)	1438	0.0
(1, 446)	1439	0.0
(1, 447)	1440	0.0
(1, 448)	1441	0.0
(3, 86)	1442	0.0
(1, 449)	1443	0.0
(2, 338)	1444	0.0
(8, 157)	1445	0.0
(1, 450)	1446	0.0
(1, 451)	1447	0.0
(1, 452)	1448	0.0
(21, 85)	1449	0.0
(21, 86)	1450	0.0
(22, 13)	1451	0.0
(1, 453)	1452	0.0
(8, 158)	1453	0.0
(8, 159)	1454	0.0
(1, 454)	1455	0.0
(25, 1)	1456	0.0
(1, 455)	1457	0.0
(8, 160)	1458	0.0
(9, 38)	1459	0.0
(1, 456)	1460	0.0
(9, 39)	1461	0.0
(1, 457)	1462	0.0
(1, 458)	1463	0.0
(2, 339)	1464	0.0
(8, 161)	1465	0.0
(8, 162)	1466	0.0
(1, 459)	1467	0.0
(24, 5)	1468	0.0
(1, 460)	1469	0.0
(8, 163)	1470	0.0
(9, 40)	1471	0.0
(2, 340)	1472	0.0
(9, 41)	1473	0.0
(2, 341)	1474	0.0
(2, 342)	1475	0.0
(4, 58)	1476	0.0
(2, 343)	1477	0.0
(2, 344)	1478	0.0
(8, 164)	1479	0.0
(10, 37)	1480	0.0
(2, 345)	1481	0.0
(2, 346)	1482	0.0
(9, 42)	1483	0.0
(2, 347)	1484	0.0
(8, 165)	1485	0.0
(8, 166)	1486	0.0
(2, 348)	1487	0.0
(2, 349)	1488	0.0
(1, 461)	1489	0.0
(8, 167)	1490	0.0
(1, 462)	1491	0.0
(8, 168)	1492	0.0
(24, 6)	1493	0.0
(2, 350)	1494	0.0
(2, 351)	1495	0.0
(1, 463)	1496	0.0
(2, 352)	1497	0.0
(1, 464)	1498	0.0
(8, 169)	1499	0.0
(9, 43)	1500	0.0
(8, 170)	1501	0.0
(2, 353)	1502	0.0
(1, 465)	1503	0.0
(8, 171)	1504	0.0
(8, 172)	1505	0.0
(2, 354)	1506	0.0
(2, 355)	1507	0.0
(8, 173)	1508	0.0
(8, 174)	1509	0.0
(1, 466)	1510	0.0
(2, 356)	1511	0.0
(8, 175)	1512	0.0
(2, 357)	1513	0.0
(8, 176)	1514	0.0
(8, 177)	1515	0.0
(9, 44)	1516	0.0
(9, 45)	1517	0.0
(24, 7)	1518	0.0
(9, 46)	1519	0.0
(2, 358)	1520	0.0
(24, 8)	1521	0.0
(8, 178)	1522	0.0
(9, 47)	1523	0.0
(1, 467)	1524	0.0
(1, 468)	1525	0.0
(1, 469)	1526	0.0
(2, 359)	1527	0.0
(2, 360)	1528	0.0
(2, 361)	1529	0.0
(1, 470)	1530	0.0
(2, 362)	1531	0.0
(8, 179)	1532	0.0
(11, 18)	1533	0.0
(1, 471)	1534	0.0
(2, 363)	1535	0.0
(8, 180)	1536	0.0
(4, 59)	1537	0.0
(2, 364)	1538	0.0
(8, 181)	1539	0.0
(2, 365)	1540	0.0
(10, 38)	1541	0.0
(2, 366)	1542	0.0
(2, 367)	1543	0.0
(8, 182)	1544	0.0
(2, 368)	1545	0.0
(8, 183)	1546	0.0
(9, 48)	1547	0.0
(4, 60)	1548	0.0
(8, 184)	1549	0.0
(8, 185)	1550	0.0
(1, 472)	1551	0.0
(2, 369)	1552	0.0
(8, 186)	1553	0.0
(1, 473)	1554	0.0
(8, 187)	1555	0.0
(2, 370)	1556	0.0
(2, 371)	1557	0.0
(8, 188)	1558	0.0
(8, 189)	1559	0.0
(8, 190)	1560	0.0
(8, 191)	1561	0.0
(8, 192)	1562	0.0
(8, 193)	1563	0.0
(9, 49)	1564	0.0
(10, 39)	1565	0.0
(12, 7)	1566	0.0
(8, 194)	1567	0.0
(8, 195)	1568	0.0
(15, 13)	1569	0.0
(8, 196)	1570	0.0
(8, 197)	1571	0.0
(2, 372)	1572	0.0
(2, 373)	1573	0.0
(8, 198)	1574	0.0
(8, 199)	1575	0.0
(8, 200)	1576	0.0
(15, 14)	1577	0.0
(8, 201)	1578	0.0
(2, 374)	1579	0.0
(2, 375)	1580	0.0
(8, 202)	1581	0.0
(8, 203)	1582	0.0
(8, 204)	1583	0.0
(10, 40)	1584	0.0
(11, 19)	1585	0.0
(8, 205)	1586	0.0
(4, 61)	1587	0.0
(2, 376)	1588	0.0
(8, 206)	1589	0.0
(8, 207)	1590	0.0
(4, 62)	1591	0.0
(4, 63)	1592	0.0
(2, 377)	1593	0.0
(8, 208)	1594	0.0
(8, 209)	1595	0.0
(8, 210)	1596	0.0
(8, 211)	1597	0.0
(4, 64)	1598	0.0
(11, 20)	1599	0.0
(12, 8)	1600	0.0
(8, 212)	1601	0.0
(2, 378)	1602	0.0
(9, 50)	1603	0.0
(10, 41)	1604	0.0
(2, 379)	1605	0.0
(8, 213)	1606	0.0
(2, 380)	1607	0.0
(8, 214)	1608	0.0
(2, 381)	1609	0.0
(8, 215)	1610	0.0
(10, 42)	1611	0.0
(8, 216)	1612	0.0
(8, 217)	1613	0.0
(8, 218)	1614	0.0
(8, 219)	1615	0.0
(8, 220)	1616	0.0
(10, 43)	1617	0.0
(10, 44)	1618	0.0
(8, 221)	1619	0.0
(8, 222)	1620	0.0
(8, 223)	1621	0.0
(8, 224)	1622	0.0
(9, 51)	1623	0.0
(8, 225)	1624	0.0
(9, 52)	1625	0.0
(10, 45)	1626	0.0
(8, 226)	1627	0.0
(10, 46)	1628	0.0
(1, 474)	1629	0.0
(8, 227)	1630	0.0
(11, 21)	1631	0.0
(8, 228)	1632	0.0
(8, 229)	1633	0.0
(10, 47)	1634	0.0
(1, 475)	1635	0.0
(2, 382)	1636	0.0
(8, 230)	1637	0.0
(8, 231)	1638	0.0
(1, 476)	1639	0.0
(8, 232)	1640	0.0
(9, 53)	1641	0.0
(2, 383)	1642	0.0
(2, 384)	1643	0.0
(8, 233)	1644	0.0
(8, 234)	1645	0.0
(8, 235)	1646	0.0
(9, 54)	1647	0.0
(9, 55)	1648	0.0
(2, 385)	1649	0.0
(8, 236)	1650	0.0
(8, 237)	1651	0.0
(2, 386)	1652	0.0
(8, 238)	1653	0.0
(2, 387)	1654	0.0
(2, 388)	1655	0.0
(1, 477)	1656	0.0
(8, 239)	1657	0.0
(8, 240)	1658	0.0
(8, 241)	1659	0.0
(5, 47)	1660	0.0
(2, 389)	1661	0.0
(2, 390)	1662	0.0
(2, 391)	1663	0.0
(8, 242)	1664	0.0
(9, 56)	1665	0.0
(24, 9)	1666	0.0
(8, 243)	1667	0.0
(8, 244)	1668	0.0
(8, 245)	1669	0.0
(1, 478)	1670	0.0
(1, 479)	1671	0.0
(2, 392)	1672	0.0
(2, 393)	1673	0.0
(8, 246)	1674	0.0
(8, 247)	1675	0.0
(8, 248)	1676	0.0
(8, 249)	1677	0.0
(2, 394)	1678	0.0
(8, 250)	1679	0.0
(9, 57)	1680	0.0
(15, 15)	1681	0.0
(8, 251)	1682	0.0
(2, 395)	1683	0.0
(8, 252)	1684	0.0
(8, 253)	1685	0.0
(1, 480)	1686	0.0
(2, 396)	1687	0.0
(8, 254)	1688	0.0
(8, 255)	1689	0.0
(9, 58)	1690	0.0
(2, 397)	1691	0.0
(8, 256)	1692	0.0
(8, 257)	1693	0.0
(8, 258)	1694	0.0
(11, 22)	1695	0.0
(2, 398)	1696	0.0
(8, 259)	1697	0.0
(2, 399)	1698	0.0
(8, 260)	1699	0.0
(2, 400)	1700	0.0
(8, 261)	1701	0.0
(8, 262)	1702	0.0
(8, 263)	1703	0.0
(8, 264)	1704	0.0
(8, 265)	1705	0.0
(10, 48)	1706	0.0
(15, 16)	1707	0.0
(8, 266)	1708	0.0
(9, 59)	1709	0.0
(2, 401)	1710	0.0
(1, 481)	1711	0.0
(2, 402)	1712	0.0
(8, 267)	1713	0.0
(8, 268)	1714	0.0
(1, 482)	1715	0.0
(8, 269)	1716	0.0
(8, 270)	1717	0.0
(1, 483)	1718	0.0
(1, 484)	1719	0.0
(2, 403)	1720	0.0
(9, 60)	1721	0.0
(9, 61)	1722	0.0
(2, 404)	1723	0.0
(10, 49)	1724	0.0
(2, 405)	1725	0.0
(8, 271)	1726	0.0
(8, 272)	1727	0.0
(8, 273)	1728	0.0
(2, 406)	1729	0.0
(8, 274)	1730	0.0
(8, 275)	1731	0.0
(2, 407)	1732	0.0
(8, 276)	1733	0.0
(10, 50)	1734	0.0
(8, 277)	1735	0.0
(8, 278)	1736	0.0
(8, 279)	1737	0.0
(8, 280)	1738	0.0
(1, 485)	1739	0.0
(1, 486)	1740	0.0
(1, 487)	1741	0.0
(2, 408)	1742	0.0
(2, 409)	1743	0.0
(8, 281)	1744	0.0
(2, 410)	1745	0.0
(10, 51)	1746	0.0
(10, 52)	1747	0.0
(8, 282)	1748	0.0
(5, 48)	1749	0.0
(8, 283)	1750	0.0
(8, 284)	1751	0.0
(1, 488)	1752	0.0
(9, 62)	1753	0.0
(8, 285)	1754	0.0
(8, 286)	1755	0.0
(9, 63)	1756	0.0
(10, 53)	1757	0.0
(8, 287)	1758	0.0
(4, 65)	1759	0.0
(5, 49)	1760	0.0
(5, 50)	1761	0.0
(5, 51)	1762	0.0
(4, 66)	1763	0.0
(8, 288)	1764	0.0
(2, 411)	1765	0.0
(2, 412)	1766	0.0
(2, 413)	1767	0.0
(1, 489)	1768	0.0
(8, 289)	1769	0.0
(2, 414)	1770	0.0
(2, 415)	1771	0.0
(1, 490)	1772	0.0
(1, 491)	1773	0.0
(21, 87)	1774	0.0
(3, 87)	1775	0.0
(23, 26)	1776	0.0
(23, 27)	1777	0.0
(23, 28)	1778	0.0
(21, 88)	1779	0.0
(21, 89)	1780	0.0
(23, 29)	1781	0.0
(1, 492)	1782	0.0
(21, 90)	1783	0.0
(5, 52)	1784	0.0
(1, 493)	1785	0.0
(1, 494)	1786	0.0
(21, 91)	1787	0.0
(3, 88)	1788	0.0
(23, 30)	1789	0.0
(16, 26)	1790	0.0
(1, 495)	1791	0.0
(1, 496)	1792	0.0
(2, 416)	1793	0.0
(2, 417)	1794	0.0
(3, 89)	1795	0.0
(4, 67)	1796	0.0
(4, 68)	1797	0.0
(1, 497)	1798	0.0
(1, 498)	1799	0.0
(21, 92)	1800	0.0
(3, 90)	1801	0.0
(23, 31)	1802	0.0
(23, 32)	1803	0.0
(5, 53)	1804	0.0
(21, 93)	1805	0.0
(21, 94)	1806	0.0
(8, 290)	1807	0.0
(3, 91)	1808	0.0
(3, 92)	1809	0.0
(4, 69)	1810	0.0
(4, 70)	1811	0.0
(1, 499)	1812	0.0
(1, 500)	1813	0.0
(21, 95)	1814	0.0
(5, 54)	1815	0.0
(1, 501)	1816	0.0
(1, 502)	1817	0.0
(1, 503)	1818	0.0
(2, 418)	1819	0.0
(2, 419)	1820	0.0
(4, 71)	1821	0.0
(11, 23)	1822	0.0
(1, 504)	1823	0.0
(1, 505)	1824	0.0
(2, 420)	1825	0.0
(2, 421)	1826	0.0
(2, 422)	1827	0.0
(8, 291)	1828	0.0
(1, 506)	1829	0.0
(1, 507)	1830	0.0
(2, 423)	1831	0.0
(2, 424)	1832	0.0
(1, 508)	1833	0.0
(2, 425)	1834	0.0
(2, 426)	1835	0.0
(3, 93)	1836	0.0
(3, 94)	1837	0.0
(4, 72)	1838	0.0
(1, 509)	1839	0.0
(21, 96)	1840	0.0
(3, 95)	1841	0.0
(1, 510)	1842	0.0
(21, 97)	1843	0.0
(3, 96)	1844	0.0
(3, 97)	1845	0.0
(3, 98)	1846	0.0
(23, 33)	1847	0.0
(21, 98)	1848	0.0
(1, 511)	1849	0.0
(1, 512)	1850	0.0
(2, 427)	1851	0.0
(1, 513)	1852	0.0
(1, 514)	1853	0.0
(21, 99)	1854	0.0
(3, 99)	1855	0.0
(3, 100)	1856	0.0
(4, 73)	1857	0.0
(5, 55)	1858	0.0
(11, 24)	1859	0.0
(1, 515)	1860	0.0
(1, 516)	1861	0.0
(21, 100)	1862	0.0
(3, 101)	1863	0.0
(3, 102)	1864	0.0
(4, 74)	1865	0.0
(11, 25)	1866	0.0
(1, 517)	1867	0.0
(1, 518)	1868	0.0
(1, 519)	1869	0.0
(3, 103)	1870	0.0
(3, 104)	1871	0.0
(3, 105)	1872	0.0
(2, 428)	1873	0.0
(2, 429)	1874	0.0
(1, 520)	1875	0.0
(1, 521)	1876	0.0
(3, 106)	1877	0.0
(3, 107)	1878	0.0
(23, 34)	1879	0.0
(16, 27)	1880	0.0
(1, 522)	1881	0.0
(2, 430)	1882	0.0
(3, 108)	1883	0.0
(5, 56)	1884	0.0
(9, 64)	1885	0.0
(10, 54)	1886	0.0
(1, 523)	1887	0.0
(10, 55)	1888	0.0
(2, 431)	1889	0.0
(2, 432)	1890	0.0
(2, 433)	1891	0.0
(3, 109)	1892	0.0
(11, 26)	1893	0.0
(2, 434)	1894	0.0
(2, 435)	1895	0.0
(2, 436)	1896	0.0
(2, 437)	1897	0.0
(8, 292)	1898	0.0
(10, 56)	1899	0.0
(2, 438)	1900	0.0
(8, 293)	1901	0.0
(9, 65)	1902	0.0
(15, 17)	1903	0.0
(2, 439)	1904	0.0
(2, 440)	1905	0.0
(8, 294)	1906	0.0
(8, 295)	1907	0.0
(2, 441)	1908	0.0
(8, 296)	1909	0.0
(9, 66)	1910	0.0
(10, 57)	1911	0.0
(2, 442)	1912	0.0
(2, 443)	1913	0.0
(2, 444)	1914	0.0
(4, 75)	1915	0.0
(4, 76)	1916	0.0
(4, 77)	1917	0.0
(14, 2)	1918	0.0
(2, 445)	1919	0.0
(2, 446)	1920	0.0
(8, 297)	1921	0.0
(8, 298)	1922	0.0
(8, 299)	1923	0.0
(10, 58)	1924	0.0
(11, 27)	1925	0.0
(8, 300)	1926	0.0
(8, 301)	1927	0.0
(10, 59)	1928	0.0
(2, 447)	1929	0.0
(2, 448)	1930	0.0
(8, 302)	1931	0.0
(8, 303)	1932	0.0
(1, 524)	1933	0.0
(2, 449)	1934	0.0
(1, 525)	1935	0.0
(21, 101)	1936	0.0
(3, 110)	1937	0.0
(5, 57)	1938	0.0
(5, 58)	1939	0.0
(1, 526)	1940	0.0
(1, 527)	1941	0.0
(1, 528)	1942	0.0
(2, 450)	1943	0.0
(1, 529)	1944	0.0
(1, 530)	1945	0.0
(1, 531)	1946	0.0
(2, 451)	1947	0.0
(1, 532)	1948	0.0
(4, 78)	1949	0.0
(1, 533)	1950	0.0
(1, 534)	1951	0.0
(1, 535)	1952	0.0
(2, 452)	1953	0.0
(8, 304)	1954	0.0
(24, 10)	1955	0.0
(1, 536)	1956	0.0
(2, 453)	1957	0.0
(8, 305)	1958	0.0
(8, 306)	1959	0.0
(9, 67)	1960	0.0
(8, 307)	1961	0.0
(8, 308)	1962	0.0
(1, 537)	1963	0.0
(8, 309)	1964	0.0
(10, 60)	1965	0.0
(15, 18)	1966	0.0
(8, 310)	1967	0.0
(1, 538)	1968	0.0
(1, 539)	1969	0.0
(1, 540)	1970	0.0
(2, 454)	1971	0.0
(3, 111)	1972	0.0
(5, 59)	1973	0.0
(5, 60)	1974	0.0
(8, 311)	1975	0.0
(1, 541)	1976	0.0
(4, 79)	1977	0.0
(4, 80)	1978	0.0
(4, 81)	1979	0.0
(5, 61)	1980	0.0
(13, 5)	1981	0.0
(2, 455)	1982	0.0
(2, 456)	1983	0.0
(3, 112)	1984	0.0
(2, 457)	1985	0.0
(2, 458)	1986	0.0
(1, 542)	1987	0.0
(8, 312)	1988	0.0
(2, 459)	1989	0.0
(2, 460)	1990	0.0
(2, 461)	1991	0.0
(8, 313)	1992	0.0
(8, 314)	1993	0.0
(4, 82)	1994	0.0
(10, 61)	1995	0.0
(10, 62)	1996	0.0
(2, 462)	1997	0.0
(8, 315)	1998	0.0
(4, 83)	1999	0.0
(5, 62)	2000	0.0
(2, 463)	2001	0.0
(8, 316)	2002	0.0
(2, 464)	2003	0.0
(8, 317)	2004	0.0
(8, 318)	2005	0.0
(8, 319)	2006	0.0
(24, 11)	2007	0.0
(2, 465)	2008	0.0
(2, 466)	2009	0.0
(8, 320)	2010	0.0
(8, 321)	2011	0.0
(10, 63)	2012	0.0
(2, 467)	2013	0.0
(8, 322)	2014	0.0
(8, 323)	2015	0.0
(8, 324)	2016	0.0
(8, 325)	2017	0.0
(2, 468)	2018	0.0
(2, 469)	2019	0.0
(8, 326)	2020	0.0
(8, 327)	2021	0.0
(15, 19)	2022	0.0
(2, 470)	2023	0.0
(8, 328)	2024	0.0
(8, 329)	2025	0.0
(8, 330)	2026	0.0
(8, 331)	2027	0.0
(8, 332)	2028	0.0
(2, 471)	2029	0.0
(2, 472)	2030	0.0
(2, 473)	2031	0.0
(2, 474)	2032	0.0
(4, 84)	2033	0.0
(5, 63)	2034	0.0
(8, 333)	2035	0.0
(8, 334)	2036	0.0
(2, 475)	2037	0.0
(2, 476)	2038	0.0
(2, 477)	2039	0.0
(2, 478)	2040	0.0
(4, 85)	2041	0.0
(11, 28)	2042	0.0
(2, 479)	2043	0.0
(2, 480)	2044	0.0
(2, 481)	2045	0.0
(1, 543)	2046	0.0
(2, 482)	2047	0.0
(2, 483)	2048	0.0
(2, 484)	2049	0.0
(1, 544)	2050	0.0
(1, 545)	2051	0.0
(1, 546)	2052	0.0
(2, 485)	2053	0.0
(3, 113)	2054	0.0
(3, 114)	2055	0.0
(4, 86)	2056	0.0
(1, 547)	2057	0.0
(1, 548)	2058	0.0
(21, 102)	2059	0.0
(4, 87)	2060	0.0
(1, 549)	2061	0.0
(1, 550)	2062	0.0
(1, 551)	2063	0.0
(2, 486)	2064	0.0
(4, 88)	2065	0.0
(4, 89)	2066	0.0
(1, 552)	2067	0.0
(8, 335)	2068	0.0
(1, 553)	2069	0.0
(1, 554)	2070	0.0
(21, 103)	2071	0.0
(4, 90)	2072	0.0
(4, 91)	2073	0.0
(2, 487)	2074	0.0
(2, 488)	2075	0.0
(1, 555)	2076	0.0
(5, 64)	2077	0.0
(1, 556)	2078	0.0
(1, 557)	2079	0.0
(3, 115)	2080	0.0
(8, 336)	2081	0.0
(8, 337)	2082	0.0
(8, 338)	2083	0.0
(9, 68)	2084	0.0
(9, 69)	2085	0.0
(24, 12)	2086	0.0
(2, 489)	2087	0.0
(8, 339)	2088	0.0
(8, 340)	2089	0.0
(9, 70)	2090	0.0
(24, 13)	2091	0.0
(2, 490)	2092	0.0
(9, 71)	2093	0.0
(10, 64)	2094	0.0
(15, 20)	2095	0.0
(8, 341)	2096	0.0
(8, 342)	2097	0.0
(9, 72)	2098	0.0
(9, 73)	2099	0.0
(8, 343)	2100	0.0
(9, 74)	2101	0.0
(9, 75)	2102	0.0
(24, 14)	2103	0.0
(8, 344)	2104	0.0
(9, 76)	2105	0.0
(2, 491)	2106	0.0
(8, 345)	2107	0.0
(8, 346)	2108	0.0
(8, 347)	2109	0.0
(8, 348)	2110	0.0
(9, 77)	2111	0.0
(24, 15)	2112	0.0
(8, 349)	2113	0.0
(9, 78)	2114	0.0
(9, 79)	2115	0.0
(2, 492)	2116	0.0
(2, 493)	2117	0.0
(2, 494)	2118	0.0
(8, 350)	2119	0.0
(8, 351)	2120	0.0
(15, 21)	2121	0.0
(2, 495)	2122	0.0
(2, 496)	2123	0.0
(2, 497)	2124	0.0
(8, 352)	2125	0.0
(8, 353)	2126	0.0
(2, 498)	2127	0.0
(8, 354)	2128	0.0
(10, 65)	2129	0.0
(2, 499)	2130	0.0
(9, 80)	2131	0.0
(2, 500)	2132	0.0
(2, 501)	2133	0.0
(2, 502)	2134	0.0
(2, 503)	2135	0.0
(3, 116)	2136	0.0
(2, 504)	2137	0.0
(3, 117)	2138	0.0
(4, 92)	2139	0.0
(5, 65)	2140	0.0
(11, 29)	2141	0.0
(2, 505)	2142	0.0
(2, 506)	2143	0.0
(3, 118)	2144	0.0
(8, 355)	2145	0.0
(5, 66)	2146	0.0
(2, 507)	2147	0.0
(1, 558)	2148	0.0
(1, 559)	2149	0.0
(1, 560)	2150	0.0
(8, 356)	2151	0.0
(8, 357)	2152	0.0
(1, 561)	2153	0.0
(4, 93)	2154	0.0
(4, 94)	2155	0.0
(10, 66)	2156	0.0
(2, 508)	2157	0.0
(8, 358)	2158	0.0
(4, 95)	2159	0.0
(5, 67)	2160	0.0
(8, 359)	2161	0.0
(9, 81)	2162	0.0
(10, 67)	2163	0.0
(8, 360)	2164	0.0
(2, 509)	2165	0.0
(8, 361)	2166	0.0
(9, 82)	2167	0.0
(2, 510)	2168	0.0
(2, 511)	2169	0.0
(9, 83)	2170	0.0
(15, 22)	2171	0.0
(2, 512)	2172	0.0
(8, 362)	2173	0.0
(10, 68)	2174	0.0
(8, 363)	2175	0.0
(8, 364)	2176	0.0
(8, 365)	2177	0.0
(8, 366)	2178	0.0
(8, 367)	2179	0.0
(8, 368)	2180	0.0
(8, 369)	2181	0.0
(4, 96)	2182	0.0
(11, 30)	2183	0.0
(12, 9)	2184	0.0
(8, 370)	2185	0.0
(8, 371)	2186	0.0
(8, 372)	2187	0.0
(9, 84)	2188	0.0
(8, 373)	2189	0.0
(2, 513)	2190	0.0
(8, 374)	2191	0.0
(8, 375)	2192	0.0
(2, 514)	2193	0.0
(8, 376)	2194	0.0
(9, 85)	2195	0.0
(4, 97)	2196	0.0
(8, 377)	2197	0.0
(4, 98)	2198	0.0
(2, 515)	2199	0.0
(2, 516)	2200	0.0
(9, 86)	2201	0.0
(2, 517)	2202	0.0
(4, 99)	2203	0.0
(4, 100)	2204	0.0
(5, 68)	2205	0.0
(9, 87)	2206	0.0
(2, 518)	2207	0.0
(2, 519)	2208	0.0
(2, 520)	2209	0.0
(8, 378)	2210	0.0
(24, 16)	2211	0.0
(2, 521)	2212	0.0
(3, 119)	2213	0.0
(4, 101)	2214	0.0
(9, 88)	2215	0.0
(15, 23)	2216	0.0
(2, 522)	2217	0.0
(8, 379)	2218	0.0
(2, 523)	2219	0.0
(2, 524)	2220	0.0
(8, 380)	2221	0.0
(9, 89)	2222	0.0
(2, 525)	2223	0.0
(8, 381)	2224	0.0
(4, 102)	2225	0.0
(4, 103)	2226	0.0
(11, 31)	2227	0.0
(2, 526)	2228	0.0
(8, 382)	2229	0.0
(8, 383)	2230	0.0
(4, 104)	2231	0.0
(8, 384)	2232	0.0
(5, 69)	2233	0.0
(2, 527)	2234	0.0
(2, 528)	2235	0.0
(8, 385)	2236	0.0
(8, 386)	2237	0.0
(15, 24)	2238	0.0
(8, 387)	2239	0.0
(10, 69)	2240	0.0
(15, 25)	2241	0.0
(8, 388)	2242	0.0
(8, 389)	2243	0.0
(8, 390)	2244	0.0
(8, 391)	2245	0.0
(2, 529)	2246	0.0
(2, 530)	2247	0.0
(11, 32)	2248	0.0
(2, 531)	2249	0.0
(2, 532)	2250	0.0
(8, 392)	2251	0.0
(4, 105)	2252	0.0
(2, 533)	2253	0.0
(5, 70)	2254	0.0
(2, 534)	2255	0.0
(2, 535)	2256	0.0
(2, 536)	2257	0.0
(8, 393)	2258	0.0
(3, 120)	2259	0.0
(1, 562)	2260	0.0
(3, 121)	2261	0.0
(1, 563)	2262	0.0
(3, 122)	2263	0.0
(2, 537)	2264	0.0
(1, 564)	2265	0.0
(1, 565)	2266	0.0
(1, 566)	2267	0.0
(3, 123)	2268	0.0
(5, 71)	2269	0.0
(11, 33)	2270	0.0
(2, 538)	2271	0.0
(8, 394)	2272	0.0
(4, 106)	2273	0.0
(10, 70)	2274	0.0
(8, 395)	2275	0.0
(2, 539)	2276	0.0
(2, 540)	2277	0.0
(8, 396)	2278	0.0
(4, 107)	2279	0.0
(8, 397)	2280	0.0
(11, 34)	2281	0.0
(2, 541)	2282	0.0
(4, 108)	2283	0.0
(2, 542)	2284	0.0
(9, 90)	2285	0.0
(15, 26)	2286	0.0
(8, 398)	2287	0.0
(2, 543)	2288	0.0
(2, 544)	2289	0.0
(2, 545)	2290	0.0
(2, 546)	2291	0.0
(2, 547)	2292	0.0
(8, 399)	2293	0.0
(11, 35)	2294	0.0
(2, 548)	2295	0.0
(2, 549)	2296	0.0
(8, 400)	2297	0.0
(9, 91)	2298	0.0
(10, 71)	2299	0.0
(2, 550)	2300	0.0
(2, 551)	2301	0.0
(9, 92)	2302	0.0
(2, 552)	2303	0.0
(2, 553)	2304	0.0
(8, 401)	2305	0.0
(5, 72)	2306	0.0
(2, 554)	2307	0.0
(2, 555)	2308	0.0
(2, 556)	2309	0.0
(8, 402)	2310	0.0
(4, 109)	2311	0.0
(6, 16)	2312	0.0
(2, 557)	2313	0.0
(3, 124)	2314	0.0
(3, 125)	2315	0.0
(8, 403)	2316	0.0
(5, 73)	2317	0.0
(2, 558)	2318	0.0
(2, 559)	2319	0.0
(2, 560)	2320	0.0
(2, 561)	2321	0.0
(2, 562)	2322	0.0
(2, 563)	2323	0.0
(4, 110)	2324	0.0
(4, 111)	2325	0.0
(13, 6)	2326	0.0
(2, 564)	2327	0.0
(8, 404)	2328	0.0
(5, 74)	2329	0.0
(4, 112)	2330	0.0
(1, 567)	2331	0.0
(2, 565)	2332	0.0
(2, 566)	2333	0.0
(1, 568)	2334	0.0
(8, 405)	2335	0.0
(8, 406)	2336	0.0
(4, 113)	2337	0.0
(2, 567)	2338	0.0
(8, 407)	2339	0.0
(2, 568)	2340	0.0
(9, 93)	2341	0.0
(2, 569)	2342	0.0
(8, 408)	2343	0.0
(4, 114)	2344	0.0
(4, 115)	2345	0.0
(11, 36)	2346	0.0
(2, 570)	2347	0.0
(8, 409)	2348	0.0
(2, 571)	2349	0.0
(8, 410)	2350	0.0
(8, 411)	2351	0.0
(2, 572)	2352	0.0
(2, 573)	2353	0.0
(1, 569)	2354	0.0
(1, 570)	2355	0.0
(2, 574)	2356	0.0
(3, 126)	2357	0.0
(3, 127)	2358	0.0
(15, 27)	2359	0.0
(1, 571)	2360	0.0
(2, 575)	2361	0.0
(11, 37)	2362	0.0
(8, 412)	2363	0.0
(9, 94)	2364	0.0
(24, 17)	2365	0.0
(2, 576)	2366	0.0
(8, 413)	2367	0.0
(9, 95)	2368	0.0
(10, 72)	2369	0.0
(8, 414)	2370	0.0
(4, 116)	2371	0.0
(11, 38)	2372	0.0
(8, 415)	2373	0.0
(8, 416)	2374	0.0
(15, 28)	2375	0.0
(9, 96)	2376	0.0
(10, 73)	2377	0.0
(2, 577)	2378	0.0
(8, 417)	2379	0.0
(4, 117)	2380	0.0
(8, 418)	2381	0.0
(9, 97)	2382	0.0
(8, 419)	2383	0.0
(8, 420)	2384	0.0
(9, 98)	2385	0.0
(10, 74)	2386	0.0
(8, 421)	2387	0.0
(8, 422)	2388	0.0
(9, 99)	2389	0.0
(24, 18)	2390	0.0
(9, 100)	2391	0.0
(8, 423)	2392	0.0
(9, 101)	2393	0.0
(9, 102)	2394	0.0
(10, 75)	2395	0.0
(8, 424)	2396	0.0
(8, 425)	2397	0.0
(2, 578)	2398	0.0
(8, 426)	2399	0.0
(8, 427)	2400	0.0
(8, 428)	2401	0.0
(2, 579)	2402	0.0
(4, 118)	2403	0.0
(2, 580)	2404	0.0
(8, 429)	2405	0.0
(9, 103)	2406	0.0
(2, 581)	2407	0.0
(8, 430)	2408	0.0
(8, 431)	2409	0.0
(9, 104)	2410	0.0
(9, 105)	2411	0.0
(24, 19)	2412	0.0
(2, 582)	2413	0.0
(8, 432)	2414	0.0
(9, 106)	2415	0.0
(8, 433)	2416	0.0
(8, 434)	2417	0.0
(9, 107)	2418	0.0
(8, 435)	2419	0.0
(9, 108)	2420	0.0
(8, 436)	2421	0.0
(9, 109)	2422	0.0
(15, 29)	2423	0.0
(8, 437)	2424	0.0
(2, 583)	2425	0.0
(8, 438)	2426	0.0
(10, 76)	2427	0.0
(10, 77)	2428	0.0
(8, 439)	2429	0.0
(4, 119)	2430	0.0
(15, 30)	2431	0.0
(8, 440)	2432	0.0
(8, 441)	2433	0.0
(9, 110)	2434	0.0
(10, 78)	2435	0.0
(9, 111)	2436	0.0
(24, 20)	2437	0.0
(8, 442)	2438	0.0
(4, 120)	2439	0.0
(8, 443)	2440	0.0
(8, 444)	2441	0.0
(8, 445)	2442	0.0
(8, 446)	2443	0.0
(2, 584)	2444	0.0
(2, 585)	2445	0.0
(1, 572)	2446	0.0
(2, 586)	2447	0.0
(2, 587)	2448	0.0
(8, 447)	2449	0.0
(2, 588)	2450	0.0
(2, 589)	2451	0.0
(2, 590)	2452	0.0
(8, 448)	2453	0.0
(9, 112)	2454	0.0
(2, 591)	2455	0.0
(4, 121)	2456	0.0
(11, 39)	2457	0.0
(12, 10)	2458	0.0
(2, 592)	2459	0.0
(2, 593)	2460	0.0
(4, 122)	2461	0.0
(13, 7)	2462	0.0
(2, 594)	2463	0.0
(8, 449)	2464	0.0
(12, 11)	2465	0.0
(2, 595)	2466	0.0
(2, 596)	2467	0.0
(2, 597)	2468	0.0
(2, 598)	2469	0.0
(8, 450)	2470	0.0
(4, 123)	2471	0.0
(4, 124)	2472	0.0
(11, 40)	2473	0.0
(9, 113)	2474	0.0
(4, 125)	2475	0.0
(4, 126)	2476	0.0
(10, 79)	2477	0.0
(2, 599)	2478	0.0
(4, 127)	2479	0.0
(11, 41)	2480	0.0
(4, 128)	2481	0.0
(2, 600)	2482	0.0
(2, 601)	2483	0.0
(4, 129)	2484	0.0
(10, 80)	2485	0.0
(2, 602)	2486	0.0
(8, 451)	2487	0.0
(3, 128)	2488	0.0
(5, 75)	2489	0.0
(2, 603)	2490	0.0
(2, 604)	2491	0.0
(2, 605)	2492	0.0
(10, 81)	2493	0.0
(2, 606)	2494	0.0
(2, 607)	2495	0.0
(8, 452)	2496	0.0
(2, 608)	2497	0.0
(2, 609)	2498	0.0
(2, 610)	2499	0.0
(2, 611)	2500	0.0
(9, 114)	2501	0.0
(4, 130)	2502	0.0
(2, 612)	2503	0.0
(2, 613)	2504	0.0
(8, 453)	2505	0.0
(10, 82)	2506	0.0
(5, 76)	2507	0.0
(2, 614)	2508	0.0
(2, 615)	2509	0.0
(2, 616)	2510	0.0
(8, 454)	2511	0.0
(8, 455)	2512	0.0
(8, 456)	2513	0.0
(2, 617)	2514	0.0
(8, 457)	2515	0.0
(8, 458)	2516	0.0
(8, 459)	2517	0.0
(8, 460)	2518	0.0
(2, 618)	2519	0.0
(2, 619)	2520	0.0
(4, 131)	2521	0.0
(2, 620)	2522	0.0
(2, 621)	2523	0.0
(2, 622)	2524	0.0
(2, 623)	2525	0.0
(3, 129)	2526	0.0
(23, 35)	2527	0.0
(2, 624)	2528	0.0
(8, 461)	2529	0.0
(2, 625)	2530	0.0
(2, 626)	2531	0.0
(2, 627)	2532	0.0
(8, 462)	2533	0.0
(2, 628)	2534	0.0
(2, 629)	2535	0.0
(2, 630)	2536	0.0
(4, 132)	2537	0.0
(2, 631)	2538	0.0
(2, 632)	2539	0.0
(5, 77)	2540	0.0
(2, 633)	2541	0.0
(23, 36)	2542	0.0
(8, 463)	2543	0.0
(8, 464)	2544	0.0
(10, 83)	2545	0.0
(8, 465)	2546	0.0
(2, 634)	2547	0.0
(8, 466)	2548	0.0
(9, 115)	2549	0.0
(2, 635)	2550	0.0
(15, 31)	2551	0.0
(8, 467)	2552	0.0
(9, 116)	2553	0.0
(8, 468)	2554	0.0
(9, 117)	2555	0.0
(10, 84)	2556	0.0
(2, 636)	2557	0.0
(9, 118)	2558	0.0
(24, 21)	2559	0.0
(2, 637)	2560	0.0
(2, 638)	2561	0.0
(2, 639)	2562	0.0
(2, 640)	2563	0.0
(2, 641)	2564	0.0
(9, 119)	2565	0.0
(10, 85)	2566	0.0
(8, 469)	2567	0.0
(8, 470)	2568	0.0
(8, 471)	2569	0.0
(8, 472)	2570	0.0
(8, 473)	2571	0.0
(2, 642)	2572	0.0
(8, 474)	2573	0.0
(8, 475)	2574	0.0
(8, 476)	2575	0.0
(8, 477)	2576	0.0
(8, 478)	2577	0.0
(10, 86)	2578	0.0
(8, 479)	2579	0.0
(8, 480)	2580	0.0
(8, 481)	2581	0.0
(4, 133)	2582	0.0
(8, 482)	2583	0.0
(8, 483)	2584	0.0
(9, 120)	2585	0.0
(8, 484)	2586	0.0
(9, 121)	2587	0.0
(8, 485)	2588	0.0
(11, 42)	2589	0.0
(8, 486)	2590	0.0
(8, 487)	2591	0.0
(10, 87)	2592	0.0
(8, 488)	2593	0.0
(8, 489)	2594	0.0
(8, 490)	2595	0.0
(1, 573)	2596	0.0
(2, 643)	2597	0.0
(3, 130)	2598	0.0
(4, 134)	2599	0.0
(2, 644)	2600	0.0
(2, 645)	2601	0.0
(2, 646)	2602	0.0
(2, 647)	2603	0.0
(8, 491)	2604	0.0
(1, 574)	2605	0.0
(2, 648)	2606	0.0
(8, 492)	2607	0.0
(2, 649)	2608	0.0
(8, 493)	2609	0.0
(8, 494)	2610	0.0
(2, 650)	2611	0.0
(8, 495)	2612	0.0
(8, 496)	2613	0.0
(9, 122)	2614	0.0
(2, 651)	2615	0.0
(8, 497)	2616	0.0
(9, 123)	2617	0.0
(8, 498)	2618	0.0
(4, 135)	2619	0.0
(10, 88)	2620	0.0
(2, 652)	2621	0.0
(8, 499)	2622	0.0
(4, 136)	2623	0.0
(9, 124)	2624	0.0
(10, 89)	2625	0.0
(8, 500)	2626	0.0
(4, 137)	2627	0.0
(4, 138)	2628	0.0
(10, 90)	2629	0.0
(2, 653)	2630	0.0
(4, 139)	2631	0.0
(8, 501)	2632	0.0
(8, 502)	2633	0.0
(9, 125)	2634	0.0
(8, 503)	2635	0.0
(10, 91)	2636	0.0
(8, 504)	2637	0.0
(8, 505)	2638	0.0
(8, 506)	2639	0.0
(8, 507)	2640	0.0
(8, 508)	2641	0.0
(8, 509)	2642	0.0
(2, 654)	2643	0.0
(8, 510)	2644	0.0
(2, 655)	2645	0.0
(8, 511)	2646	0.0
(9, 126)	2647	0.0
(24, 22)	2648	0.0
(8, 512)	2649	0.0
(8, 513)	2650	0.0
(8, 514)	2651	0.0
(9, 127)	2652	0.0
(2, 656)	2653	0.0
(9, 128)	2654	0.0
(4, 140)	2655	0.0
(8, 515)	2656	0.0
(4, 141)	2657	0.0
(8, 516)	2658	0.0
(2, 657)	2659	0.0
(8, 517)	2660	0.0
(8, 518)	2661	0.0
(1, 575)	2662	0.0
(8, 519)	2663	0.0
(9, 129)	2664	0.0
(2, 658)	2665	0.0
(23, 37)	2666	0.0
(8, 520)	2667	0.0
(2, 659)	2668	0.0
(2, 660)	2669	0.0
(2, 661)	2670	0.0
(8, 521)	2671	0.0
(8, 522)	2672	0.0
(8, 523)	2673	0.0
(2, 662)	2674	0.0
(2, 663)	2675	0.0
(2, 664)	2676	0.0
(8, 524)	2677	0.0
(2, 665)	2678	0.0
(2, 666)	2679	0.0
(2, 667)	2680	0.0
(3, 131)	2681	0.0
(2, 668)	2682	0.0
(2, 669)	2683	0.0
(2, 670)	2684	0.0
(2, 671)	2685	0.0
(2, 672)	2686	0.0
(3, 132)	2687	0.0
(3, 133)	2688	0.0
(2, 673)	2689	0.0
(2, 674)	2690	0.0
(2, 675)	2691	0.0
(2, 676)	2692	0.0
(2, 677)	2693	0.0
(8, 525)	2694	0.0
(15, 32)	2695	0.0
(2, 678)	2696	0.0
(2, 679)	2697	0.0
(8, 526)	2698	0.0
(8, 527)	2699	0.0
(2, 680)	2700	0.0
(8, 528)	2701	0.0
(9, 130)	2702	0.0
(2, 681)	2703	0.0
(8, 529)	2704	0.0
(2, 682)	2705	0.0
(2, 683)	2706	0.0
(2, 684)	2707	0.0
(2, 685)	2708	0.0
(2, 686)	2709	0.0
(10, 92)	2710	0.0
(8, 530)	2711	0.0
(2, 687)	2712	0.0
(8, 531)	2713	0.0
(10, 93)	2714	0.0
(2, 688)	2715	0.0
(1, 576)	2716	0.0
(2, 689)	2717	0.0
(8, 532)	2718	0.0
(11, 43)	2719	0.0
(1, 577)	2720	0.0
(2, 690)	2721	0.0
(2, 691)	2722	0.0
(4, 142)	2723	0.0
(5, 78)	2724	0.0
(1, 578)	2725	0.0
(11, 44)	2726	0.0
(9, 131)	2727	0.0
(1, 579)	2728	0.0
(2, 692)	2729	0.0
(8, 533)	2730	0.0
(8, 534)	2731	0.0
(2, 693)	2732	0.0
(2, 694)	2733	0.0
(2, 695)	2734	0.0
(1, 580)	2735	0.0
(8, 535)	2736	0.0
(10, 94)	2737	0.0
(8, 536)	2738	0.0
(24, 23)	2739	0.0
(2, 696)	2740	0.0
(8, 537)	2741	0.0
(8, 538)	2742	0.0
(2, 697)	2743	0.0
(2, 698)	2744	0.0
(8, 539)	2745	0.0
(8, 540)	2746	0.0
(2, 699)	2747	0.0
(8, 541)	2748	0.0
(2, 700)	2749	0.0
(1, 581)	2750	0.0
(2, 701)	2751	0.0
(8, 542)	2752	0.0
(10, 95)	2753	0.0
(1, 582)	2754	0.0
(8, 543)	2755	0.0
(2, 702)	2756	0.0
(4, 143)	2757	0.0
(8, 544)	2758	0.0
(8, 545)	2759	0.0
(2, 703)	2760	0.0
(9, 132)	2761	0.0
(8, 546)	2762	0.0
(8, 547)	2763	0.0
(8, 548)	2764	0.0
(2, 704)	2765	0.0
(2, 705)	2766	0.0
(1, 583)	2767	0.0
(8, 549)	2768	0.0
(9, 133)	2769	0.0
(2, 706)	2770	0.0
(2, 707)	2771	0.0
(2, 708)	2772	0.0
(8, 550)	2773	0.0
(8, 551)	2774	0.0
(8, 552)	2775	0.0
(5, 79)	2776	0.0
(11, 45)	2777	0.0
(2, 709)	2778	0.0
(8, 553)	2779	0.0
(8, 554)	2780	0.0
(8, 555)	2781	0.0
(4, 144)	2782	0.0
(10, 96)	2783	0.0
(8, 556)	2784	0.0
(8, 557)	2785	0.0
(2, 710)	2786	0.0
(4, 145)	2787	0.0
(9, 134)	2788	0.0
(8, 558)	2789	0.0
(8, 559)	2790	0.0
(9, 135)	2791	0.0
(8, 560)	2792	0.0
(8, 561)	2793	0.0
(2, 711)	2794	0.0
(8, 562)	2795	0.0
(15, 33)	2796	0.0
(8, 563)	2797	0.0
(2, 712)	2798	0.0
(2, 713)	2799	0.0
(2, 714)	2800	0.0
(3, 134)	2801	0.0
(4, 146)	2802	0.0
(4, 147)	2803	0.0
(2, 715)	2804	0.0
(8, 564)	2805	0.0
(2, 716)	2806	0.0
(8, 565)	2807	0.0
(8, 566)	2808	0.0
(2, 717)	2809	0.0
(8, 567)	2810	0.0
(4, 148)	2811	0.0
(5, 80)	2812	0.0
(4, 149)	2813	0.0
(5, 81)	2814	0.0
(9, 136)	2815	0.0
(2, 718)	2816	0.0
(2, 719)	2817	0.0
(2, 720)	2818	0.0
(8, 568)	2819	0.0
(8, 569)	2820	0.0
(8, 570)	2821	0.0
(9, 137)	2822	0.0
(1, 584)	2823	0.0
(12, 12)	2824	0.0
(8, 571)	2825	0.0
(2, 721)	2826	0.0
(9, 138)	2827	0.0
(2, 722)	2828	0.0
(8, 572)	2829	0.0
(2, 723)	2830	0.0
(4, 150)	2831	0.0
(10, 97)	2832	0.0
(9, 139)	2833	0.0
(15, 34)	2834	0.0
(5, 82)	2835	0.0
(2, 724)	2836	0.0
(5, 83)	2837	0.0
(2, 725)	2838	0.0
(8, 573)	2839	0.0
(5, 84)	2840	0.0
(8, 574)	2841	0.0
(1, 585)	2842	0.0
(2, 726)	2843	0.0
(9, 140)	2844	0.0
(2, 727)	2845	0.0
(8, 575)	2846	0.0
(8, 576)	2847	0.0
(8, 577)	2848	0.0
(8, 578)	2849	0.0
(2, 728)	2850	0.0
(2, 729)	2851	0.0
(9, 141)	2852	0.0
(8, 579)	2853	0.0
(8, 580)	2854	0.0
(4, 151)	2855	0.0
(2, 730)	2856	0.0
(4, 152)	2857	0.0
(4, 153)	2858	0.0
(8, 581)	2859	0.0
(8, 582)	2860	0.0
(3, 135)	2861	0.0
(4, 154)	2862	0.0
(4, 155)	2863	0.0
(3, 136)	2864	0.0
(23, 38)	2865	0.0
(8, 583)	2866	0.0
(9, 142)	2867	0.0
(1, 586)	2868	0.0
(8, 584)	2869	0.0
(8, 585)	2870	0.0
(8, 586)	2871	0.0
(2, 731)	2872	0.0
(8, 587)	2873	0.0
(11, 46)	2874	0.0
(8, 588)	2875	0.0
(8, 589)	2876	0.0
(8, 590)	2877	0.0
(8, 591)	2878	0.0
(10, 98)	2879	0.0
(8, 592)	2880	0.0
(9, 143)	2881	0.0
(9, 144)	2882	0.0
(8, 593)	2883	0.0
(8, 594)	2884	0.0
(8, 595)	2885	0.0
(8, 596)	2886	0.0
(9, 145)	2887	0.0
(8, 597)	2888	0.0
(2, 732)	2889	0.0
(8, 598)	2890	0.0
(8, 599)	2891	0.0
(8, 600)	2892	0.0
(4, 156)	2893	0.0
(8, 601)	2894	0.0
(8, 602)	2895	0.0
(8, 603)	2896	0.0
(8, 604)	2897	0.0
(8, 605)	2898	0.0
(8, 606)	2899	0.0
(15, 35)	2900	0.0
(8, 607)	2901	0.0
(1, 587)	2902	0.0
(1, 588)	2903	0.0
(3, 137)	2904	0.0
(1, 589)	2905	0.0
(1, 590)	2906	0.0
(2, 733)	2907	0.0
(3, 138)	2908	0.0
(3, 139)	2909	0.0
(4, 157)	2910	0.0
(4, 158)	2911	0.0
(8, 608)	2912	0.0
(1, 591)	2913	0.0
(1, 592)	2914	0.0
(21, 104)	2915	0.0
(3, 140)	2916	0.0
(5, 85)	2917	0.0
(2, 734)	2918	0.0
(2, 735)	2919	0.0
(1, 593)	2920	0.0
(1, 594)	2921	0.0
(1, 595)	2922	0.0
(3, 141)	2923	0.0
(5, 86)	2924	0.0
(1, 596)	2925	0.0
(1, 597)	2926	0.0
(8, 609)	2927	0.0
(4, 159)	2928	0.0
(9, 146)	2929	0.0
(10, 99)	2930	0.0
(8, 610)	2931	0.0
(9, 147)	2932	0.0
(9, 148)	2933	0.0
(8, 611)	2934	0.0
(9, 149)	2935	0.0
(1, 598)	2936	0.0
(2, 736)	2937	0.0
(3, 142)	2938	0.0
(3, 143)	2939	0.0
(3, 144)	2940	0.0
(23, 39)	2941	0.0
(2, 737)	2942	0.0
(2, 738)	2943	0.0
(2, 739)	2944	0.0
(5, 87)	2945	0.0
(9, 150)	2946	0.0
(2, 740)	2947	0.0
(8, 612)	2948	0.0
(9, 151)	2949	0.0
(8, 613)	2950	0.0
(4, 160)	2951	0.0
(8, 614)	2952	0.0
(8, 615)	2953	0.0
(9, 152)	2954	0.0
(9, 153)	2955	0.0
(24, 24)	2956	0.0
(2, 741)	2957	0.0
(2, 742)	2958	0.0
(8, 616)	2959	0.0
(8, 617)	2960	0.0
(2, 743)	2961	0.0
(8, 618)	2962	0.0
(2, 744)	2963	0.0
(2, 745)	2964	0.0
(4, 161)	2965	0.0
(8, 619)	2966	0.0
(8, 620)	2967	0.0
(2, 746)	2968	0.0
(8, 621)	2969	0.0
(8, 622)	2970	0.0
(24, 25)	2971	0.0
(8, 623)	2972	0.0
(4, 162)	2973	0.0
(5, 88)	2974	0.0
(24, 26)	2975	0.0
(2, 747)	2976	0.0
(8, 624)	2977	0.0
(9, 154)	2978	0.0
(9, 155)	2979	0.0
(9, 156)	2980	0.0
(8, 625)	2981	0.0
(9, 157)	2982	0.0
(9, 158)	2983	0.0
(8, 626)	2984	0.0
(8, 627)	2985	0.0
(9, 159)	2986	0.0
(24, 27)	2987	0.0
(2, 748)	2988	0.0
(8, 628)	2989	0.0
(2, 749)	2990	0.0
(9, 160)	2991	0.0
(8, 629)	2992	0.0
(2, 750)	2993	0.0
(8, 630)	2994	0.0
(9, 161)	2995	0.0
(8, 631)	2996	0.0
(8, 632)	2997	0.0
(10, 100)	2998	0.0
(2, 751)	2999	0.0
(1, 599)	3000	0.0
(8, 633)	3001	0.0
(4, 163)	3002	0.0
(11, 47)	3003	0.0
(8, 634)	3004	0.0
(8, 635)	3005	0.0
(2, 752)	3006	0.0
(2, 753)	3007	0.0
(2, 754)	3008	0.0
(2, 755)	3009	0.0
(2, 756)	3010	0.0
(3, 145)	3011	0.0
(4, 164)	3012	0.0
(2, 757)	3013	0.0
(8, 636)	3014	0.0
(4, 165)	3015	0.0
(3, 146)	3016	0.0
(4, 166)	3017	0.0
(2, 758)	3018	0.0
(8, 637)	3019	0.0
(2, 759)	3020	0.0
(3, 147)	3021	0.0
(4, 167)	3022	0.0
(15, 36)	3023	0.0
(8, 638)	3024	0.0
(10, 101)	3025	0.0
(4, 168)	3026	0.0
(1, 600)	3027	0.0
(1, 601)	3028	0.0
(1, 602)	3029	0.0
(21, 105)	3030	0.0
(3, 148)	3031	0.0
(3, 149)	3032	0.0
(1, 603)	3033	0.0
(21, 106)	3034	0.0
(21, 107)	3035	0.0
(21, 108)	3036	0.0
(21, 109)	3037	0.0
(3, 150)	3038	0.0
(1, 604)	3039	0.0
(1, 605)	3040	0.0
(1, 606)	3041	0.0
(21, 110)	3042	0.0
(3, 151)	3043	0.0
(5, 89)	3044	0.0
(2, 760)	3045	0.0
(1, 607)	3046	0.0
(3, 152)	3047	0.0
(16, 28)	3048	0.0
(17, 12)	3049	0.0
(2, 761)	3050	0.0
(2, 762)	3051	0.0
(4, 169)	3052	0.0
(4, 170)	3053	0.0
(6, 17)	3054	0.0
(1, 608)	3055	0.0
(2, 763)	3056	0.0
(2, 764)	3057	0.0
(8, 639)	3058	0.0
(24, 28)	3059	0.0
(9, 162)	3060	0.0
(8, 640)	3061	0.0
(9, 163)	3062	0.0
(8, 641)	3063	0.0
(8, 642)	3064	0.0
(8, 643)	3065	0.0
(9, 164)	3066	0.0
(26, 1)	3067	0.0
(27, 1)	3068	0.0
(2, 765)	3069	0.0
(8, 644)	3070	0.0
(28, 1)	3071	0.0
(28, 2)	3072	0.0
(2, 766)	3073	0.0
(2, 767)	3074	0.0
(29, 1)	3075	0.0
(29, 2)	3076	0.0
(30, 1)	3077	0.0
(8, 645)	3078	0.0
(31, 1)	3079	0.0
(31, 2)	3080	0.0
(8, 646)	3081	0.0
(8, 647)	3082	0.0
(8, 648)	3083	0.0
(8, 649)	3084	0.0
(10, 102)	3085	0.0
(9, 165)	3086	0.0
(8, 650)	3087	0.0
(9, 166)	3088	0.0
(2, 768)	3089	0.0
(8, 651)	3090	0.0
(8, 652)	3091	0.0
(8, 653)	3092	0.0
(4, 171)	3093	0.0
(8, 654)	3094	0.0
(2, 769)	3095	0.0
(4, 172)	3096	0.0
(8, 655)	3097	0.0
(2, 770)	3098	0.0
(8, 656)	3099	0.0
(4, 173)	3100	0.0
(8, 657)	3101	0.0
(8, 658)	3102	0.0
(8, 659)	3103	0.0
(8, 660)	3104	0.0
(8, 661)	3105	0.0
(9, 167)	3106	0.0
(10, 103)	3107	0.0
(8, 662)	3108	0.0
(9, 168)	3109	0.0
(2, 771)	3110	0.0
(8, 663)	3111	0.0
(5, 90)	3112	0.0
(8, 664)	3113	0.0
(9, 169)	3114	0.0
(9, 170)	3115	0.0
(8, 665)	3116	0.0
(4, 174)	3117	0.0
(8, 666)	3118	0.0
(8, 667)	3119	0.0
(8, 668)	3120	0.0
(8, 669)	3121	0.0
(2, 772)	3122	0.0
(2, 773)	3123	0.0
(8, 670)	3124	0.0
(8, 671)	3125	0.0
(9, 171)	3126	0.0
(8, 672)	3127	0.0
(8, 673)	3128	0.0
(10, 104)	3129	0.0
(9, 172)	3130	0.0
(10, 105)	3131	0.0
(2, 774)	3132	0.0
(9, 173)	3133	0.0
(15, 37)	3134	0.0
(8, 674)	3135	0.0
(8, 675)	3136	0.0
(9, 174)	3137	0.0
(2, 775)	3138	0.0
(9, 175)	3139	0.0
(2, 776)	3140	0.0
(2, 777)	3141	0.0
(8, 676)	3142	0.0
(4, 175)	3143	0.0
(2, 778)	3144	0.0
(2, 779)	3145	0.0
(5, 91)	3146	0.0
(2, 780)	3147	0.0
(2, 781)	3148	0.0
(8, 677)	3149	0.0
(2, 782)	3150	0.0
(2, 783)	3151	0.0
(4, 176)	3152	0.0
(8, 678)	3153	0.0
(2, 784)	3154	0.0
(2, 785)	3155	0.0
(1, 609)	3156	0.0
(1, 610)	3157	0.0
(2, 786)	3158	0.0
(2, 787)	3159	0.0
(9, 176)	3160	0.0
(2, 788)	3161	0.0
(8, 679)	3162	0.0
(1, 611)	3163	0.0
(5, 92)	3164	0.0
(2, 789)	3165	0.0
(8, 680)	3166	0.0
(8, 681)	3167	0.0
(8, 682)	3168	0.0
(8, 683)	3169	0.0
(2, 790)	3170	0.0
(4, 177)	3171	0.0
(3, 153)	3172	0.0
(5, 93)	3173	0.0
(6, 18)	3174	0.0
(2, 791)	3175	0.0
(2, 792)	3176	0.0
(8, 684)	3177	0.0
(2, 793)	3178	0.0
(8, 685)	3179	0.0
(2, 794)	3180	0.0
(8, 686)	3181	0.0
(4, 178)	3182	0.0
(8, 687)	3183	0.0
(4, 179)	3184	0.0
(9, 177)	3185	0.0
(8, 688)	3186	0.0
(2, 795)	3187	0.0
(10, 106)	3188	0.0
(2, 796)	3189	0.0
(8, 689)	3190	0.0
(2, 797)	3191	0.0
(3, 154)	3192	0.0
(8, 690)	3193	0.0
(8, 691)	3194	0.0
(2, 798)	3195	0.0
(9, 178)	3196	0.0
(4, 180)	3197	0.0
(4, 181)	3198	0.0
(2, 799)	3199	0.0
(2, 800)	3200	0.0
(10, 107)	3201	0.0
(2, 801)	3202	0.0
(2, 802)	3203	0.0
(2, 803)	3204	0.0
(5, 94)	3205	0.0
(3, 155)	3206	0.0
(23, 40)	3207	0.0
(2, 804)	3208	0.0
(2, 805)	3209	0.0
(3, 156)	3210	0.0
(2, 806)	3211	0.0
(3, 157)	3212	0.0
(3, 158)	3213	0.0
(23, 41)	3214	0.0
(16, 29)	3215	0.0
(2, 807)	3216	0.0
(8, 692)	3217	0.0
(9, 179)	3218	0.0
(8, 693)	3219	0.0
(8, 694)	3220	0.0
(8, 695)	3221	0.0
(2, 808)	3222	0.0
(8, 696)	3223	0.0
(10, 108)	3224	0.0
(2, 809)	3225	0.0
(4, 182)	3226	0.0
(2, 810)	3227	0.0
(8, 697)	3228	0.0
(9, 180)	3229	0.0
(10, 109)	3230	0.0
(8, 698)	3231	0.0
(9, 181)	3232	0.0
(10, 110)	3233	0.0
(10, 111)	3234	0.0
(8, 699)	3235	0.0
(9, 182)	3236	0.0
(15, 38)	3237	0.0
(9, 183)	3238	0.0
(10, 112)	3239	0.0
(9, 184)	3240	0.0
(8, 700)	3241	0.0
(8, 701)	3242	0.0
(4, 183)	3243	0.0
(8, 702)	3244	0.0
(8, 703)	3245	0.0
(5, 95)	3246	0.0
(4, 184)	3247	0.0
(5, 96)	3248	0.0
(5, 97)	3249	0.0
(5, 98)	3250	0.0
(8, 704)	3251	0.0
(4, 185)	3252	0.0
(11, 48)	3253	0.0
(2, 811)	3254	0.0
(3, 159)	3255	0.0
(2, 812)	3256	0.0
(2, 813)	3257	0.0
(8, 705)	3258	0.0
(1, 612)	3259	0.0
(8, 706)	3260	0.0
(2, 814)	3261	0.0
(2, 815)	3262	0.0
(4, 186)	3263	0.0
(4, 187)	3264	0.0
(11, 49)	3265	0.0
(4, 188)	3266	0.0
(8, 707)	3267	0.0
(8, 708)	3268	0.0
(8, 709)	3269	0.0
(4, 189)	3270	0.0
(4, 190)	3271	0.0
(5, 99)	3272	0.0
(8, 710)	3273	0.0
(10, 113)	3274	0.0
(5, 100)	3275	0.0
(1, 613)	3276	0.0
(1, 614)	3277	0.0
(2, 816)	3278	0.0
(8, 711)	3279	0.0
(8, 712)	3280	0.0
(10, 114)	3281	0.0
(11, 50)	3282	0.0
(8, 713)	3283	0.0
(4, 191)	3284	0.0
(5, 101)	3285	0.0
(9, 185)	3286	0.0
(2, 817)	3287	0.0
(15, 39)	3288	0.0
(2, 818)	3289	0.0
(8, 714)	3290	0.0
(2, 819)	3291	0.0
(2, 820)	3292	0.0
(2, 821)	3293	0.0
(24, 29)	3294	0.0
(8, 715)	3295	0.0
(2, 822)	3296	0.0
(8, 716)	3297	0.0
(10, 115)	3298	0.0
(8, 717)	3299	0.0
(8, 718)	3300	0.0
(8, 719)	3301	0.0
(4, 192)	3302	0.0
(2, 823)	3303	0.0
(2, 824)	3304	0.0
(2, 825)	3305	0.0
(8, 720)	3306	0.0
(2, 826)	3307	0.0
(2, 827)	3308	0.0
(3, 160)	3309	0.0
(2, 828)	3310	0.0
(8, 721)	3311	0.0
(8, 722)	3312	0.0
(9, 186)	3313	0.0
(2, 829)	3314	0.0
(2, 830)	3315	0.0
(8, 723)	3316	0.0
(2, 831)	3317	0.0
(2, 832)	3318	0.0
(2, 833)	3319	0.0
(2, 834)	3320	0.0
(8, 724)	3321	0.0
(2, 835)	3322	0.0
(2, 836)	3323	0.0
(2, 837)	3324	0.0
(8, 725)	3325	0.0
(6, 19)	3326	0.0
(2, 838)	3327	0.0
(2, 839)	3328	0.0
(2, 840)	3329	0.0
(2, 841)	3330	0.0
(3, 161)	3331	0.0
(2, 842)	3332	0.0
(2, 843)	3333	0.0
(2, 844)	3334	0.0
(2, 845)	3335	0.0
(2, 846)	3336	0.0
(8, 726)	3337	0.0
(4, 193)	3338	0.0
(8, 727)	3339	0.0
(2, 847)	3340	0.0
(4, 194)	3341	0.0
(2, 848)	3342	0.0
(8, 728)	3343	0.0
(8, 729)	3344	0.0
(2, 849)	3345	0.0
(8, 730)	3346	0.0
(2, 850)	3347	0.0
(2, 851)	3348	0.0
(2, 852)	3349	0.0
(8, 731)	3350	0.0
(2, 853)	3351	0.0
(2, 854)	3352	0.0
(2, 855)	3353	0.0
(8, 732)	3354	0.0
(2, 856)	3355	0.0
(8, 733)	3356	0.0
(9, 187)	3357	0.0
(3, 162)	3358	0.0
(5, 102)	3359	0.0
(8, 734)	3360	0.0
(2, 857)	3361	0.0
(8, 735)	3362	0.0
(9, 188)	3363	0.0
(8, 736)	3364	0.0
(15, 40)	3365	0.0
(8, 737)	3366	0.0
(8, 738)	3367	0.0
(8, 739)	3368	0.0
(8, 740)	3369	0.0
(8, 741)	3370	0.0
(4, 195)	3371	0.0
(1, 615)	3372	0.0
(8, 742)	3373	0.0
(9, 189)	3374	0.0
(8, 743)	3375	0.0
(10, 116)	3376	0.0
(24, 30)	3377	0.0
(8, 744)	3378	0.0
(10, 117)	3379	0.0
(8, 745)	3380	0.0
(2, 858)	3381	0.0
(2, 859)	3382	0.0
(2, 860)	3383	0.0
(8, 746)	3384	0.0
(8, 747)	3385	0.0
(9, 190)	3386	0.0
(2, 861)	3387	0.0
(8, 748)	3388	0.0
(8, 749)	3389	0.0
(9, 191)	3390	0.0
(8, 750)	3391	0.0
(5, 103)	3392	0.0
(8, 751)	3393	0.0
(8, 752)	3394	0.0
(10, 118)	3395	0.0
(2, 862)	3396	0.0
(8, 753)	3397	0.0
(8, 754)	3398	0.0
(8, 755)	3399	0.0
(2, 863)	3400	0.0
(2, 864)	3401	0.0
(2, 865)	3402	0.0
(8, 756)	3403	0.0
(8, 757)	3404	0.0
(2, 866)	3405	0.0
(9, 192)	3406	0.0
(8, 758)	3407	0.0
(8, 759)	3408	0.0
(2, 867)	3409	0.0
(8, 760)	3410	0.0
(2, 868)	3411	0.0
(8, 761)	3412	0.0
(4, 196)	3413	0.0
(4, 197)	3414	0.0
(2, 869)	3415	0.0
(2, 870)	3416	0.0
(4, 198)	3417	0.0
(9, 193)	3418	0.0
(9, 194)	3419	0.0
(4, 199)	3420	0.0
(8, 762)	3421	0.0
(8, 763)	3422	0.0
(15, 41)	3423	0.0
(2, 871)	3424	0.0
(4, 200)	3425	0.0
(8, 764)	3426	0.0
(5, 104)	3427	0.0
(1, 616)	3428	0.0
(8, 765)	3429	0.0
(8, 766)	3430	0.0
(8, 767)	3431	0.0
(2, 872)	3432	0.0
(8, 768)	3433	0.0
(8, 769)	3434	0.0
(9, 195)	3435	0.0
(9, 196)	3436	0.0
(8, 770)	3437	0.0
(5, 105)	3438	0.0
(8, 771)	3439	0.0
(2, 873)	3440	0.0
(8, 772)	3441	0.0
(4, 201)	3442	0.0
(4, 202)	3443	0.0
(2, 874)	3444	0.0
(8, 773)	3445	0.0
(4, 203)	3446	0.0
(2, 875)	3447	0.0
(2, 876)	3448	0.0
(8, 774)	3449	0.0
(8, 775)	3450	0.0
(2, 877)	3451	0.0
(9, 197)	3452	0.0
(3, 163)	3453	0.0
(3, 164)	3454	0.0
(10, 119)	3455	0.0
(9, 198)	3456	0.0
(8, 776)	3457	0.0
(8, 777)	3458	0.0
(15, 42)	3459	0.0
(8, 778)	3460	0.0
(8, 779)	3461	0.0
(8, 780)	3462	0.0
(8, 781)	3463	0.0
(2, 878)	3464	0.0
(4, 204)	3465	0.0
(2, 879)	3466	0.0
(9, 199)	3467	0.0
(8, 782)	3468	0.0
(2, 880)	3469	0.0
(2, 881)	3470	0.0
(4, 205)	3471	0.0
(8, 783)	3472	0.0
(9, 200)	3473	0.0
(4, 206)	3474	0.0
(8, 784)	3475	0.0
(4, 207)	3476	0.0
(2, 882)	3477	0.0
(2, 883)	3478	0.0
(2, 884)	3479	0.0
(5, 106)	3480	0.0
(11, 51)	3481	0.0
(32, 1)	3482	0.0
(8, 785)	3483	0.0
(8, 786)	3484	0.0
(4, 208)	3485	0.0
(9, 201)	3486	0.0
(8, 787)	3487	0.0
(1, 617)	3488	0.0
(1, 618)	3489	0.0
(2, 885)	3490	0.0
(8, 788)	3491	0.0
(8, 789)	3492	0.0
(9, 202)	3493	0.0
(15, 43)	3494	0.0
(8, 790)	3495	0.0
(8, 791)	3496	0.0
(4, 209)	3497	0.0
(8, 792)	3498	0.0
(10, 120)	3499	0.0
(2, 886)	3500	0.0
(8, 793)	3501	0.0
(10, 121)	3502	0.0
(10, 122)	3503	0.0
(2, 887)	3504	0.0
(8, 794)	3505	0.0
(24, 31)	3506	0.0
(2, 888)	3507	0.0
(2, 889)	3508	0.0
(9, 203)	3509	0.0
(2, 890)	3510	0.0
(3, 165)	3511	0.0
(8, 795)	3512	0.0
(8, 796)	3513	0.0
(2, 891)	3514	0.0
(1, 619)	3515	0.0
(8, 797)	3516	0.0
(9, 204)	3517	0.0
(8, 798)	3518	0.0
(8, 799)	3519	0.0
(8, 800)	3520	0.0
(8, 801)	3521	0.0
(8, 802)	3522	0.0
(4, 210)	3523	0.0
(8, 803)	3524	0.0
(2, 892)	3525	0.0
(2, 893)	3526	0.0
(2, 894)	3527	0.0
(8, 804)	3528	0.0
(8, 805)	3529	0.0
(4, 211)	3530	0.0
(8, 806)	3531	0.0
(8, 807)	3532	0.0
(8, 808)	3533	0.0
(2, 895)	3534	0.0
(8, 809)	3535	0.0
(10, 123)	3536	0.0
(2, 896)	3537	0.0
(8, 810)	3538	0.0
(2, 897)	3539	0.0
(31, 3)	3540	0.0
(33, 1)	3541	0.0
(8, 811)	3542	0.0
(10, 124)	3543	0.0
(4, 212)	3544	0.0
(8, 812)	3545	0.0
(8, 813)	3546	0.0
(8, 814)	3547	0.0
(15, 44)	3548	0.0
(9, 205)	3549	0.0
(2, 898)	3550	0.0
(8, 815)	3551	0.0
(4, 213)	3552	0.0
(8, 816)	3553	0.0
(4, 214)	3554	0.0
(8, 817)	3555	0.0
(10, 125)	3556	0.0
(8, 818)	3557	0.0
(8, 819)	3558	0.0
(2, 899)	3559	0.0
(2, 900)	3560	0.0
(23, 42)	3561	0.0
(2, 901)	3562	0.0
(8, 820)	3563	0.0
(8, 821)	3564	0.0
(2, 902)	3565	0.0
(2, 903)	3566	0.0
(3, 166)	3567	0.0
(3, 167)	3568	0.0
(23, 43)	3569	0.0
(2, 904)	3570	0.0
(2, 905)	3571	0.0
(2, 906)	3572	0.0
(2, 907)	3573	0.0
(2, 908)	3574	0.0
(4, 215)	3575	0.0
(2, 909)	3576	0.0
(4, 216)	3577	0.0
(2, 910)	3578	0.0
(3, 168)	3579	0.0
(23, 44)	3580	0.0
(17, 13)	3581	0.0
(2, 911)	3582	0.0
(8, 822)	3583	0.0
(8, 823)	3584	0.0
(2, 912)	3585	0.0
(2, 913)	3586	0.0
(23, 45)	3587	0.0
(17, 14)	3588	0.0
(8, 824)	3589	0.0
(4, 217)	3590	0.0
(5, 107)	3591	0.0
(8, 825)	3592	0.0
(8, 826)	3593	0.0
(8, 827)	3594	0.0
(8, 828)	3595	0.0
(8, 829)	3596	0.0
(4, 218)	3597	0.0
(5, 108)	3598	0.0
(5, 109)	3599	0.0
(8, 830)	3600	0.0
(4, 219)	3601	0.0
(8, 831)	3602	0.0
(4, 220)	3603	0.0
(10, 126)	3604	0.0
(8, 832)	3605	0.0
(3, 169)	3606	0.0
(8, 833)	3607	0.0
(2, 914)	3608	0.0
(8, 834)	3609	0.0
(8, 835)	3610	0.0
(2, 915)	3611	0.0
(8, 836)	3612	0.0
(10, 127)	3613	0.0
(8, 837)	3614	0.0
(8, 838)	3615	0.0
(8, 839)	3616	0.0
(24, 32)	3617	0.0
(2, 916)	3618	0.0
(2, 917)	3619	0.0
(3, 170)	3620	0.0
(23, 46)	3621	0.0
(2, 918)	3622	0.0
(2, 919)	3623	0.0
(6, 20)	3624	0.0
(23, 47)	3625	0.0
(2, 920)	3626	0.0
(2, 921)	3627	0.0
(2, 922)	3628	0.0
(3, 171)	3629	0.0
(23, 48)	3630	0.0
(16, 30)	3631	0.0
(8, 840)	3632	0.0
(4, 221)	3633	0.0
(2, 923)	3634	0.0
(2, 924)	3635	0.0
(3, 172)	3636	0.0
(4, 222)	3637	0.0
(4, 223)	3638	0.0
(4, 224)	3639	0.0
(2, 925)	3640	0.0
(4, 225)	3641	0.0
(6, 21)	3642	0.0
(8, 841)	3643	0.0
(2, 926)	3644	0.0
(2, 927)	3645	0.0
(8, 842)	3646	0.0
(5, 110)	3647	0.0
(2, 928)	3648	0.0
(2, 929)	3649	0.0
(4, 226)	3650	0.0
(8, 843)	3651	0.0
(2, 930)	3652	0.0
(8, 844)	3653	0.0
(2, 931)	3654	0.0
(2, 932)	3655	0.0
(2, 933)	3656	0.0
(8, 845)	3657	0.0
(4, 227)	3658	0.0
(2, 934)	3659	0.0
(3, 173)	3660	0.0
(4, 228)	3661	0.0
(8, 846)	3662	0.0
(34, 1)	3663	0.0
(34, 2)	3664	0.0
(31, 4)	3665	0.0
(31, 5)	3666	0.0
(31, 6)	3667	0.0
(31, 7)	3668	0.0
(26, 2)	3669	0.0
(26, 3)	3670	0.0
(26, 4)	3671	0.0
(27, 2)	3672	0.0
(26, 5)	3673	0.0
(26, 6)	3674	0.0
(26, 7)	3675	0.0
(27, 3)	3676	0.0
(31, 8)	3677	0.0
(31, 9)	3678	0.0
(2, 935)	3679	0.0
(2, 936)	3680	0.0
(8, 847)	3681	0.0
(4, 229)	3682	0.0
(5, 111)	3683	0.0
(8, 848)	3684	0.0
(8, 849)	3685	0.0
(10, 128)	3686	0.0
(8, 850)	3687	0.0
(4, 230)	3688	0.0
(8, 851)	3689	0.0
(28, 3)	3690	0.0
(35, 1)	3691	0.0
(33, 2)	3692	0.0
(29, 3)	3693	0.0
(29, 4)	3694	0.0
(28, 4)	3695	0.0
(29, 5)	3696	0.0
(29, 6)	3697	0.0
(30, 2)	3698	0.0
(8, 852)	3699	0.0
(8, 853)	3700	0.0
(10, 129)	3701	0.0
(9, 206)	3702	0.0
(8, 854)	3703	0.0
(8, 855)	3704	0.0
(9, 207)	3705	0.0
(8, 856)	3706	0.0
(9, 208)	3707	0.0
(9, 209)	3708	0.0
(8, 857)	3709	0.0
(2, 937)	3710	0.0
(2, 938)	3711	0.0
(2, 939)	3712	0.0
(23, 49)	3713	0.0
(6, 22)	3714	0.0
(4, 231)	3715	0.0
(9, 210)	3716	0.0
(8, 858)	3717	0.0
(8, 859)	3718	0.0
(8, 860)	3719	0.0
(8, 861)	3720	0.0
(8, 862)	3721	0.0
(2, 940)	3722	0.0
(4, 232)	3723	0.0
(8, 863)	3724	0.0
(9, 211)	3725	0.0
(9, 212)	3726	0.0
(1, 620)	3727	0.0
(8, 864)	3728	0.0
(8, 865)	3729	0.0
(8, 866)	3730	0.0
(4, 233)	3731	0.0
(5, 112)	3732	0.0
(8, 867)	3733	0.0
(8, 868)	3734	0.0
(8, 869)	3735	0.0
(8, 870)	3736	0.0
(8, 871)	3737	0.0
(8, 872)	3738	0.0
(11, 52)	3739	0.0
(8, 873)	3740	0.0
(2, 941)	3741	0.0
(2, 942)	3742	0.0
(8, 874)	3743	0.0
(2, 943)	3744	0.0
(4, 234)	3745	0.0
(4, 235)	3746	0.0
(4, 236)	3747	0.0
(4, 237)	3748	0.0
(1, 621)	3749	0.0
(1, 622)	3750	0.0
(2, 944)	3751	0.0
(4, 238)	3752	0.0
(4, 239)	3753	0.0
(10, 130)	3754	0.0
(8, 875)	3755	0.0
(1, 623)	3756	0.0
(8, 876)	3757	0.0
(2, 945)	3758	0.0
(1, 624)	3759	0.0
(8, 877)	3760	0.0
(2, 946)	3761	0.0
(15, 45)	3762	0.0
(28, 5)	3763	0.0
(35, 2)	3764	0.0
(2, 947)	3765	0.0
(2, 948)	3766	0.0
(3, 174)	3767	0.0
(23, 50)	3768	0.0
(16, 31)	3769	0.0
(2, 949)	3770	0.0
(9, 213)	3771	0.0
(5, 113)	3772	0.0
(4, 240)	3773	0.0
(4, 241)	3774	0.0
(2, 950)	3775	0.0
(2, 951)	3776	0.0
(2, 952)	3777	0.0
(2, 953)	3778	0.0
(24, 33)	3779	0.0
(12, 13)	3780	0.0
(4, 242)	3781	0.0
(8, 878)	3782	0.0
(8, 879)	3783	0.0
(8, 880)	3784	0.0
(2, 954)	3785	0.0
(2, 955)	3786	0.0
(8, 881)	3787	0.0
(15, 46)	3788	0.0
(8, 882)	3789	0.0
(10, 131)	3790	0.0
(8, 883)	3791	0.0
(8, 884)	3792	0.0
(5, 114)	3793	0.0
(2, 956)	3794	0.0
(8, 885)	3795	0.0
(2, 957)	3796	0.0
(2, 958)	3797	0.0
(8, 886)	3798	0.0
(2, 959)	3799	0.0
(2, 960)	3800	0.0
(8, 887)	3801	0.0
(2, 961)	3802	0.0
(11, 53)	3803	0.0
(8, 888)	3804	0.0
(2, 962)	3805	0.0
(8, 889)	3806	0.0
(8, 890)	3807	0.0
(8, 891)	3808	0.0
(9, 214)	3809	0.0
(2, 963)	3810	0.0
(8, 892)	3811	0.0
(2, 964)	3812	0.0
(2, 965)	3813	0.0
(24, 34)	3814	0.0
(9, 215)	3815	0.0
(8, 893)	3816	0.0
(8, 894)	3817	0.0
(8, 895)	3818	0.0
(9, 216)	3819	0.0
(2, 966)	3820	0.0
(2, 967)	3821	0.0
(8, 896)	3822	0.0
(2, 968)	3823	0.0
(8, 897)	3824	0.0
(8, 898)	3825	0.0
(8, 899)	3826	0.0
(5, 115)	3827	0.0
(5, 116)	3828	0.0
(4, 243)	3829	0.0
(8, 900)	3830	0.0
(8, 901)	3831	0.0
(8, 902)	3832	0.0
(5, 117)	3833	0.0
(8, 903)	3834	0.0
(5, 118)	3835	0.0
(5, 119)	3836	0.0
(8, 904)	3837	0.0
(8, 905)	3838	0.0
(5, 120)	3839	0.0
(4, 244)	3840	0.0
(8, 906)	3841	0.0
(4, 245)	3842	0.0
(8, 907)	3843	0.0
(9, 217)	3844	0.0
(9, 218)	3845	0.0
(15, 47)	3846	0.0
(4, 246)	3847	0.0
(8, 908)	3848	0.0
(1, 625)	3849	0.0
(4, 247)	3850	0.0
(5, 121)	3851	0.0
(5, 122)	3852	0.0
(2, 969)	3853	0.0
(2, 970)	3854	0.0
(9, 219)	3855	0.0
(8, 909)	3856	0.0
(4, 248)	3857	0.0
(10, 132)	3858	0.0
(2, 971)	3859	0.0
(2, 972)	3860	0.0
(2, 973)	3861	0.0
(3, 175)	3862	0.0
(10, 133)	3863	0.0
(25, 2)	3864	0.0
(2, 974)	3865	0.0
(2, 975)	3866	0.0
(8, 910)	3867	0.0
(2, 976)	3868	0.0
(8, 911)	3869	0.0
(10, 134)	3870	0.0
(2, 977)	3871	0.0
(2, 978)	3872	0.0
(8, 912)	3873	0.0
(8, 913)	3874	0.0
(8, 914)	3875	0.0
(26, 8)	3876	0.0
(27, 4)	3877	0.0
(9, 220)	3878	0.0
(8, 915)	3879	0.0
(8, 916)	3880	0.0
(15, 48)	3881	0.0
(1, 626)	3882	0.0
(2, 979)	3883	0.0
(2, 980)	3884	0.0
(2, 981)	3885	0.0
(3, 176)	3886	0.0
(1, 627)	3887	0.0
(2, 982)	3888	0.0
(2, 983)	3889	0.0
(1, 628)	3890	0.0
(1, 629)	3891	0.0
(21, 111)	3892	0.0
(21, 112)	3893	0.0
(21, 113)	3894	0.0
(3, 177)	3895	0.0
(1, 630)	3896	0.0
(1, 631)	3897	0.0
(1, 632)	3898	0.0
(9, 221)	3899	0.0
(8, 917)	3900	0.0
(3, 178)	3901	0.0
(4, 249)	3902	0.0
(2, 984)	3903	0.0
(8, 918)	3904	0.0
(10, 135)	3905	0.0
(2, 985)	3906	0.0
(9, 222)	3907	0.0
(1, 633)	3908	0.0
(4, 250)	3909	0.0
(8, 919)	3910	0.0
(4, 251)	3911	0.0
(1, 634)	3912	0.0
(1, 635)	3913	0.0
(1, 636)	3914	0.0
(3, 179)	3915	0.0
(3, 180)	3916	0.0
(1, 637)	3917	0.0
(1, 638)	3918	0.0
(1, 639)	3919	0.0
(21, 114)	3920	0.0
(21, 115)	3921	0.0
(3, 181)	3922	0.0
(17, 15)	3923	0.0
(1, 640)	3924	0.0
(21, 116)	3925	0.0
(21, 117)	3926	0.0
(3, 182)	3927	0.0
(8, 920)	3928	0.0
(24, 35)	3929	0.0
(8, 921)	3930	0.0
(4, 252)	3931	0.0
(8, 922)	3932	0.0
(8, 923)	3933	0.0
(4, 253)	3934	0.0
(8, 924)	3935	0.0
(26, 9)	3936	0.0
(27, 5)	3937	0.0
(26, 10)	3938	0.0
(26, 11)	3939	0.0
(36, 1)	3940	0.0
(29, 7)	3941	0.0
(29, 8)	3942	0.0
(10, 136)	3943	0.0
(2, 986)	3944	0.0
(8, 925)	3945	0.0
(4, 254)	3946	0.0
(23, 51)	3947	0.0
(9, 223)	3948	0.0
(9, 224)	3949	0.0
(10, 137)	3950	0.0
(8, 926)	3951	0.0
(8, 927)	3952	0.0
(8, 928)	3953	0.0
(21, 118)	3954	0.0
(4, 255)	3955	0.0
(2, 987)	3956	0.0
(8, 929)	3957	0.0
(8, 930)	3958	0.0
(8, 931)	3959	0.0
(9, 225)	3960	0.0
(2, 988)	3961	0.0
(2, 989)	3962	0.0
(8, 932)	3963	0.0
(9, 226)	3964	0.0
(9, 227)	3965	0.0
(8, 933)	3966	0.0
(8, 934)	3967	0.0
(8, 935)	3968	0.0
(2, 990)	3969	0.0
(8, 936)	3970	0.0
(2, 991)	3971	0.0
(2, 992)	3972	0.0
(2, 993)	3973	0.0
(4, 256)	3974	0.0
(8, 937)	3975	0.0
(2, 994)	3976	0.0
(8, 938)	3977	0.0
(10, 138)	3978	0.0
(2, 995)	3979	0.0
(12, 14)	3980	0.0
(2, 996)	3981	0.0
(2, 997)	3982	0.0
(8, 939)	3983	0.0
(2, 998)	3984	0.0
(8, 940)	3985	0.0
(8, 941)	3986	0.0
(8, 942)	3987	0.0
(5, 123)	3988	0.0
(10, 139)	3989	0.0
(8, 943)	3990	0.0
(8, 944)	3991	0.0
(10, 140)	3992	0.0
(10, 141)	3993	0.0
(4, 257)	3994	0.0
(4, 258)	3995	0.0
(9, 228)	3996	0.0
(2, 999)	3997	0.0
(8, 945)	3998	0.0
(2, 1000)	3999	0.0
(2, 1001)	4000	0.0
(2, 1002)	4001	0.0
(8, 946)	4002	0.0
(4, 259)	4003	0.0
(8, 947)	4004	0.0
(8, 948)	4005	0.0
(9, 229)	4006	0.0
(8, 949)	4007	0.0
(8, 950)	4008	0.0
(9, 230)	4009	0.0
(10, 142)	4010	0.0
(8, 951)	4011	0.0
(8, 952)	4012	0.0
(9, 231)	4013	0.0
(8, 953)	4014	0.0
(8, 954)	4015	0.0
(8, 955)	4016	0.0
(8, 956)	4017	0.0
(8, 957)	4018	0.0
(8, 958)	4019	0.0
(8, 959)	4020	0.0
(8, 960)	4021	0.0
(8, 961)	4022	0.0
(8, 962)	4023	0.0
(2, 1003)	4024	0.0
(4, 260)	4025	0.0
(2, 1004)	4026	0.0
(2, 1005)	4027	0.0
(4, 261)	4028	0.0
(4, 262)	4029	0.0
(5, 124)	4030	0.0
(8, 963)	4031	0.0
(2, 1006)	4032	0.0
(10, 143)	4033	0.0
(8, 964)	4034	0.0
(4, 263)	4035	0.0
(4, 264)	4036	0.0
(2, 1007)	4037	0.0
(8, 965)	4038	0.0
(15, 49)	4039	0.0
(3, 183)	4040	0.0
(2, 1008)	4041	0.0
(1, 641)	4042	0.0
(2, 1009)	4043	0.0
(12, 15)	4044	0.0
(8, 966)	4045	0.0
(2, 1010)	4046	0.0
(8, 967)	4047	0.0
(8, 968)	4048	0.0
(2, 1011)	4049	0.0
(8, 969)	4050	0.0
(8, 970)	4051	0.0
(4, 265)	4052	0.0
(2, 1012)	4053	0.0
(4, 266)	4054	0.0
(4, 267)	4055	0.0
(8, 971)	4056	0.0
(2, 1013)	4057	0.0
(2, 1014)	4058	0.0
(2, 1015)	4059	0.0
(4, 268)	4060	0.0
(5, 125)	4061	0.0
(2, 1016)	4062	0.0
(2, 1017)	4063	0.0
(2, 1018)	4064	0.0
(2, 1019)	4065	0.0
(8, 972)	4066	0.0
(2, 1020)	4067	0.0
(2, 1021)	4068	0.0
(2, 1022)	4069	0.0
(8, 973)	4070	0.0
(2, 1023)	4071	0.0
(3, 184)	4072	0.0
(4, 269)	4073	0.0
(2, 1024)	4074	0.0
(2, 1025)	4075	0.0
(8, 974)	4076	0.0
(8, 975)	4077	0.0
(8, 976)	4078	0.0
(29, 9)	4079	0.0
(29, 10)	4080	0.0
(9, 232)	4081	0.0
(1, 642)	4082	0.0
(2, 1026)	4083	0.0
(1, 643)	4084	0.0
(1, 644)	4085	0.0
(1, 645)	4086	0.0
(21, 119)	4087	0.0
(21, 120)	4088	0.0
(3, 185)	4089	0.0
(21, 121)	4090	0.0
(21, 122)	4091	0.0
(3, 186)	4092	0.0
(2, 1027)	4093	0.0
(1, 646)	4094	0.0
(3, 187)	4095	0.0
(1, 647)	4096	0.0
(21, 123)	4097	0.0
(1, 648)	4098	0.0
(8, 977)	4099	0.0
(2, 1028)	4100	0.0
(3, 188)	4101	0.0
(8, 978)	4102	0.0
(9, 233)	4103	0.0
(8, 979)	4104	0.0
(8, 980)	4105	0.0
(9, 234)	4106	0.0
(2, 1029)	4107	0.0
(5, 126)	4108	0.0
(9, 235)	4109	0.0
(8, 981)	4110	0.0
(9, 236)	4111	0.0
(10, 144)	4112	0.0
(8, 982)	4113	0.0
(8, 983)	4114	0.0
(8, 984)	4115	0.0
(8, 985)	4116	0.0
(1, 649)	4117	0.0
(3, 189)	4118	0.0
(4, 270)	4119	0.0
(1, 650)	4120	0.0
(1, 651)	4121	0.0
(1, 652)	4122	0.0
(1, 653)	4123	0.0
(1, 654)	4124	0.0
(3, 190)	4125	0.0
(23, 52)	4126	0.0
(23, 53)	4127	0.0
(23, 54)	4128	0.0
(1, 655)	4129	0.0
(21, 124)	4130	0.0
(3, 191)	4131	0.0
(3, 192)	4132	0.0
(4, 271)	4133	0.0
(5, 127)	4134	0.0
(8, 986)	4135	0.0
(1, 656)	4136	0.0
(1, 657)	4137	0.0
(1, 658)	4138	0.0
(3, 193)	4139	0.0
(3, 194)	4140	0.0
(23, 55)	4141	0.0
(2, 1030)	4142	0.0
(1, 659)	4143	0.0
(1, 660)	4144	0.0
(1, 661)	4145	0.0
(1, 662)	4146	0.0
(3, 195)	4147	0.0
(3, 196)	4148	0.0
(1, 663)	4149	0.0
(1, 664)	4150	0.0
(21, 125)	4151	0.0
(3, 197)	4152	0.0
(3, 198)	4153	0.0
(3, 199)	4154	0.0
(4, 272)	4155	0.0
(1, 665)	4156	0.0
(8, 987)	4157	0.0
(10, 145)	4158	0.0
(1, 666)	4159	0.0
(15, 50)	4160	0.0
(8, 988)	4161	0.0
(1, 667)	4162	0.0
(9, 237)	4163	0.0
(8, 989)	4164	0.0
(8, 990)	4165	0.0
(4, 273)	4166	0.0
(8, 991)	4167	0.0
(8, 992)	4168	0.0
(8, 993)	4169	0.0
(5, 128)	4170	0.0
(9, 238)	4171	0.0
(2, 1031)	4172	0.0
(9, 239)	4173	0.0
(9, 240)	4174	0.0
(10, 146)	4175	0.0
(4, 274)	4176	0.0
(8, 994)	4177	0.0
(8, 995)	4178	0.0
(8, 996)	4179	0.0
(2, 1032)	4180	0.0
(2, 1033)	4181	0.0
(2, 1034)	4182	0.0
(8, 997)	4183	0.0
(4, 275)	4184	0.0
(8, 998)	4185	0.0
(8, 999)	4186	0.0
(4, 276)	4187	0.0
(8, 1000)	4188	0.0
(36, 2)	4189	0.0
(2, 1035)	4190	0.0
(8, 1001)	4191	0.0
(2, 1036)	4192	0.0
(2, 1037)	4193	0.0
(2, 1038)	4194	0.0
(2, 1039)	4195	0.0
(2, 1040)	4196	0.0
(2, 1041)	4197	0.0
(4, 277)	4198	0.0
(2, 1042)	4199	0.0
(2, 1043)	4200	0.0
(10, 147)	4201	0.0
(2, 1044)	4202	0.0
(3, 200)	4203	0.0
(9, 241)	4204	0.0
(9, 242)	4205	0.0
(2, 1045)	4206	0.0
(9, 243)	4207	0.0
(2, 1046)	4208	0.0
(8, 1002)	4209	0.0
(9, 244)	4210	0.0
(2, 1047)	4211	0.0
(2, 1048)	4212	0.0
(9, 245)	4213	0.0
(8, 1003)	4214	0.0
(8, 1004)	4215	0.0
(8, 1005)	4216	0.0
(10, 148)	4217	0.0
(8, 1006)	4218	0.0
(8, 1007)	4219	0.0
(9, 246)	4220	0.0
(8, 1008)	4221	0.0
(8, 1009)	4222	0.0
(8, 1010)	4223	0.0
(8, 1011)	4224	0.0
(10, 149)	4225	0.0
(8, 1012)	4226	0.0
(8, 1013)	4227	0.0
(2, 1049)	4228	0.0
(10, 150)	4229	0.0
(8, 1014)	4230	0.0
(2, 1050)	4231	0.0
(8, 1015)	4232	0.0
(8, 1016)	4233	0.0
(8, 1017)	4234	0.0
(8, 1018)	4235	0.0
(4, 278)	4236	0.0
(8, 1019)	4237	0.0
(5, 129)	4238	0.0
(8, 1020)	4239	0.0
(2, 1051)	4240	0.0
(9, 247)	4241	0.0
(9, 248)	4242	0.0
(8, 1021)	4243	0.0
(4, 279)	4244	0.0
(9, 249)	4245	0.0
(2, 1052)	4246	0.0
(2, 1053)	4247	0.0
(4, 280)	4248	0.0
(8, 1022)	4249	0.0
(4, 281)	4250	0.0
(8, 1023)	4251	0.0
(2, 1054)	4252	0.0
(8, 1024)	4253	0.0
(8, 1025)	4254	0.0
(9, 250)	4255	0.0
(1, 668)	4256	0.0
(8, 1026)	4257	0.0
(8, 1027)	4258	0.0
(2, 1055)	4259	0.0
(8, 1028)	4260	0.0
(9, 251)	4261	0.0
(8, 1029)	4262	0.0
(8, 1030)	4263	0.0
(8, 1031)	4264	0.0
(8, 1032)	4265	0.0
(1, 669)	4266	0.0
(8, 1033)	4267	0.0
(2, 1056)	4268	0.0
(2, 1057)	4269	0.0
(8, 1034)	4270	0.0
(9, 252)	4271	0.0
(8, 1035)	4272	0.0
(9, 253)	4273	0.0
(24, 36)	4274	0.0
(8, 1036)	4275	0.0
(8, 1037)	4276	0.0
(8, 1038)	4277	0.0
(8, 1039)	4278	0.0
(8, 1040)	4279	0.0
(8, 1041)	4280	0.0
(8, 1042)	4281	0.0
(8, 1043)	4282	0.0
(11, 54)	4283	0.0
(5, 130)	4284	0.0
(8, 1044)	4285	0.0
(15, 51)	4286	0.0
(25, 3)	4287	0.0
(8, 1045)	4288	0.0
(4, 282)	4289	0.0
(2, 1058)	4290	0.0
(8, 1046)	4291	0.0
(3, 201)	4292	0.0
(2, 1059)	4293	0.0
(2, 1060)	4294	0.0
(8, 1047)	4295	0.0
(2, 1061)	4296	0.0
(9, 254)	4297	0.0
(2, 1062)	4298	0.0
(10, 151)	4299	0.0
(8, 1048)	4300	0.0
(2, 1063)	4301	0.0
(8, 1049)	4302	0.0
(4, 283)	4303	0.0
(5, 131)	4304	0.0
(2, 1064)	4305	0.0
(2, 1065)	4306	0.0
(9, 255)	4307	0.0
(4, 284)	4308	0.0
(3, 202)	4309	0.0
(4, 285)	4310	0.0
(8, 1050)	4311	0.0
(2, 1066)	4312	0.0
(8, 1051)	4313	0.0
(8, 1052)	4314	0.0
(2, 1067)	4315	0.0
(4, 286)	4316	0.0
(8, 1053)	4317	0.0
(4, 287)	4318	0.0
(8, 1054)	4319	0.0
(8, 1055)	4320	0.0
(2, 1068)	4321	0.0
(2, 1069)	4322	0.0
(2, 1070)	4323	0.0
(2, 1071)	4324	0.0
(8, 1056)	4325	0.0
(2, 1072)	4326	0.0
(2, 1073)	4327	0.0
(2, 1074)	4328	0.0
(2, 1075)	4329	0.0
(2, 1076)	4330	0.0
(8, 1057)	4331	0.0
(2, 1077)	4332	0.0
(2, 1078)	4333	0.0
(2, 1079)	4334	0.0
(2, 1080)	4335	0.0
(2, 1081)	4336	0.0
(2, 1082)	4337	0.0
(8, 1058)	4338	0.0
(8, 1059)	4339	0.0
(8, 1060)	4340	0.0
(2, 1083)	4341	0.0
(2, 1084)	4342	0.0
(8, 1061)	4343	0.0
(2, 1085)	4344	0.0
(8, 1062)	4345	0.0
(8, 1063)	4346	0.0
(8, 1064)	4347	0.0
(9, 256)	4348	0.0
(1, 670)	4349	0.0
(3, 203)	4350	0.0
(1, 671)	4351	0.0
(2, 1086)	4352	0.0
(2, 1087)	4353	0.0
(8, 1065)	4354	0.0
(1, 672)	4355	0.0
(1, 673)	4356	0.0
(1, 674)	4357	0.0
(21, 126)	4358	0.0
(21, 127)	4359	0.0
(21, 128)	4360	0.0
(21, 129)	4361	0.0
(1, 675)	4362	0.0
(21, 130)	4363	0.0
(21, 131)	4364	0.0
(21, 132)	4365	0.0
(22, 14)	4366	0.0
(2, 1088)	4367	0.0
(9, 257)	4368	0.0
(1, 676)	4369	0.0
(3, 204)	4370	0.0
(23, 56)	4371	0.0
(16, 32)	4372	0.0
(1, 677)	4373	0.0
(3, 205)	4374	0.0
(21, 133)	4375	0.0
(21, 134)	4376	0.0
(21, 135)	4377	0.0
(23, 57)	4378	0.0
(16, 33)	4379	0.0
(8, 1066)	4380	0.0
(9, 258)	4381	0.0
(10, 152)	4382	0.0
(8, 1067)	4383	0.0
(9, 259)	4384	0.0
(2, 1089)	4385	0.0
(3, 206)	4386	0.0
(5, 132)	4387	0.0
(2, 1090)	4388	0.0
(2, 1091)	4389	0.0
(8, 1068)	4390	0.0
(8, 1069)	4391	0.0
(8, 1070)	4392	0.0
(8, 1071)	4393	0.0
(2, 1092)	4394	0.0
(2, 1093)	4395	0.0
(4, 288)	4396	0.0
(2, 1094)	4397	0.0
(2, 1095)	4398	0.0
(8, 1072)	4399	0.0
(4, 289)	4400	0.0
(28, 6)	4401	0.0
(8, 1073)	4402	0.0
(8, 1074)	4403	0.0
(2, 1096)	4404	0.0
(8, 1075)	4405	0.0
(2, 1097)	4406	0.0
(4, 290)	4407	0.0
(8, 1076)	4408	0.0
(8, 1077)	4409	0.0
(8, 1078)	4410	0.0
(9, 260)	4411	0.0
(2, 1098)	4412	0.0
(8, 1079)	4413	0.0
(3, 207)	4414	0.0
(4, 291)	4415	0.0
(4, 292)	4416	0.0
(8, 1080)	4417	0.0
(8, 1081)	4418	0.0
(10, 153)	4419	0.0
(2, 1099)	4420	0.0
(8, 1082)	4421	0.0
(8, 1083)	4422	0.0
(8, 1084)	4423	0.0
(8, 1085)	4424	0.0
(8, 1086)	4425	0.0
(2, 1100)	4426	0.0
(4, 293)	4427	0.0
(8, 1087)	4428	0.0
(8, 1088)	4429	0.0
(8, 1089)	4430	0.0
(9, 261)	4431	0.0
(8, 1090)	4432	0.0
(15, 52)	4433	0.0
(8, 1091)	4434	0.0
(2, 1101)	4435	0.0
(2, 1102)	4436	0.0
(8, 1092)	4437	0.0
(15, 53)	4438	0.0
(10, 154)	4439	0.0
(8, 1093)	4440	0.0
(8, 1094)	4441	0.0
(10, 155)	4442	0.0
(2, 1103)	4443	0.0
(8, 1095)	4444	0.0
(2, 1104)	4445	0.0
(2, 1105)	4446	0.0
(2, 1106)	4447	0.0
(2, 1107)	4448	0.0
(8, 1096)	4449	0.0
(2, 1108)	4450	0.0
(2, 1109)	4451	0.0
(2, 1110)	4452	0.0
(4, 294)	4453	0.0
(4, 295)	4454	0.0
(8, 1097)	4455	0.0
(2, 1111)	4456	0.0
(8, 1098)	4457	0.0
(2, 1112)	4458	0.0
(2, 1113)	4459	0.0
(23, 58)	4460	0.0
(2, 1114)	4461	0.0
(3, 208)	4462	0.0
(2, 1115)	4463	0.0
(8, 1099)	4464	0.0
(2, 1116)	4465	0.0
(2, 1117)	4466	0.0
(16, 34)	4467	0.0
(2, 1118)	4468	0.0
(2, 1119)	4469	0.0
(16, 35)	4470	0.0
(2, 1120)	4471	0.0
(8, 1100)	4472	0.0
(2, 1121)	4473	0.0
(2, 1122)	4474	0.0
(8, 1101)	4475	0.0
(4, 296)	4476	0.0
(5, 133)	4477	0.0
(2, 1123)	4478	0.0
(2, 1124)	4479	0.0
(3, 209)	4480	0.0
(2, 1125)	4481	0.0
(2, 1126)	4482	0.0
(2, 1127)	4483	0.0
(3, 210)	4484	0.0
(6, 23)	4485	0.0
(2, 1128)	4486	0.0
(2, 1129)	4487	0.0
(16, 36)	4488	0.0
(4, 297)	4489	0.0
(10, 156)	4490	0.0
(10, 157)	4491	0.0
(15, 54)	4492	0.0
(4, 298)	4493	0.0
(4, 299)	4494	0.0
(4, 300)	4495	0.0
(8, 1102)	4496	0.0
(2, 1130)	4497	0.0
(4, 301)	4498	0.0
(8, 1103)	4499	0.0
(2, 1131)	4500	0.0
(8, 1104)	4501	0.0
(8, 1105)	4502	0.0
(8, 1106)	4503	0.0
(4, 302)	4504	0.0
(2, 1132)	4505	0.0
(8, 1107)	4506	0.0
(9, 262)	4507	0.0
(4, 303)	4508	0.0
(25, 4)	4509	0.0
(31, 10)	4510	0.0
(31, 11)	4511	0.0
(9, 263)	4512	0.0
(2, 1133)	4513	0.0
(2, 1134)	4514	0.0
(2, 1135)	4515	0.0
(9, 264)	4516	0.0
(5, 134)	4517	0.0
(2, 1136)	4518	0.0
(9, 265)	4519	0.0
(8, 1108)	4520	0.0
(8, 1109)	4521	0.0
(5, 135)	4522	0.0
(4, 304)	4523	0.0
(8, 1110)	4524	0.0
(9, 266)	4525	0.0
(8, 1111)	4526	0.0
(2, 1137)	4527	0.0
(2, 1138)	4528	0.0
(11, 55)	4529	0.0
(25, 5)	4530	0.0
(2, 1139)	4531	0.0
(2, 1140)	4532	0.0
(4, 305)	4533	0.0
(4, 306)	4534	0.0
(2, 1141)	4535	0.0
(29, 11)	4536	0.0
(30, 3)	4537	0.0
(25, 6)	4538	0.0
(25, 7)	4539	0.0
(2, 1142)	4540	0.0
(2, 1143)	4541	0.0
(2, 1144)	4542	0.0
(10, 158)	4543	0.0
(5, 136)	4544	0.0
(2, 1145)	4545	0.0
(8, 1112)	4546	0.0
(9, 267)	4547	0.0
(8, 1113)	4548	0.0
(9, 268)	4549	0.0
(4, 307)	4550	0.0
(2, 1146)	4551	0.0
(9, 269)	4552	0.0
(8, 1114)	4553	0.0
(8, 1115)	4554	0.0
(2, 1147)	4555	0.0
(8, 1116)	4556	0.0
(2, 1148)	4557	0.0
(2, 1149)	4558	0.0
(2, 1150)	4559	0.0
(8, 1117)	4560	0.0
(2, 1151)	4561	0.0
(2, 1152)	4562	0.0
(8, 1118)	4563	0.0
(5, 137)	4564	0.0
(5, 138)	4565	0.0
(8, 1119)	4566	0.0
(8, 1120)	4567	0.0
(4, 308)	4568	0.0
(5, 139)	4569	0.0
(37, 1)	4570	0.0
(38, 1)	4571	0.0
(39, 1)	4572	0.0
(8, 1121)	4573	0.0
(2, 1153)	4574	0.0
(34, 3)	4575	0.0
(2, 1154)	4576	0.0
(3, 211)	4577	0.0
(8, 1122)	4578	0.0
(9, 270)	4579	0.0
(4, 309)	4580	0.0
(8, 1123)	4581	0.0
(9, 271)	4582	0.0
(9, 272)	4583	0.0
(8, 1124)	4584	0.0
(8, 1125)	4585	0.0
(11, 56)	4586	0.0
(8, 1126)	4587	0.0
(3, 212)	4588	0.0
(9, 273)	4589	0.0
(8, 1127)	4590	0.0
(8, 1128)	4591	0.0
(8, 1129)	4592	0.0
(2, 1155)	4593	0.0
(8, 1130)	4594	0.0
(8, 1131)	4595	0.0
(8, 1132)	4596	0.0
(10, 159)	4597	0.0
(2, 1156)	4598	0.0
(8, 1133)	4599	0.0
(9, 274)	4600	0.0
(2, 1157)	4601	0.0
(4, 310)	4602	0.0
(2, 1158)	4603	0.0
(9, 275)	4604	0.0
(8, 1134)	4605	0.0
(9, 276)	4606	0.0
(8, 1135)	4607	0.0
(8, 1136)	4608	0.0
(8, 1137)	4609	0.0
(15, 55)	4610	0.0
(2, 1159)	4611	0.0
(8, 1138)	4612	0.0
(8, 1139)	4613	0.0
(8, 1140)	4614	0.0
(8, 1141)	4615	0.0
(31, 12)	4616	0.0
(38, 2)	4617	0.0
(28, 7)	4618	0.0
(25, 8)	4619	0.0
(25, 9)	4620	0.0
(8, 1142)	4621	0.0
(3, 213)	4622	0.0
(4, 311)	4623	0.0
(2, 1160)	4624	0.0
(9, 277)	4625	0.0
(8, 1143)	4626	0.0
(11, 57)	4627	0.0
(9, 278)	4628	0.0
(15, 56)	4629	0.0
(2, 1161)	4630	0.0
(3, 214)	4631	0.0
(4, 312)	4632	0.0
(5, 140)	4633	0.0
(1, 678)	4634	0.0
(2, 1162)	4635	0.0
(25, 10)	4636	0.0
(8, 1144)	4637	0.0
(2, 1163)	4638	0.0
(2, 1164)	4639	0.0
(2, 1165)	4640	0.0
(2, 1166)	4641	0.0
(8, 1145)	4642	0.0
(10, 160)	4643	0.0
(2, 1167)	4644	0.0
(1, 679)	4645	0.0
(1, 680)	4646	0.0
(1, 681)	4647	0.0
(2, 1168)	4648	0.0
(9, 279)	4649	0.0
(8, 1146)	4650	0.0
(8, 1147)	4651	0.0
(5, 141)	4652	0.0
(4, 313)	4653	0.0
(10, 161)	4654	0.0
(28, 8)	4655	0.0
(9, 280)	4656	0.0
(40, 1)	4657	0.0
(4, 314)	4658	0.0
(5, 142)	4659	0.0
(8, 1148)	4660	0.0
(8, 1149)	4661	0.0
(9, 281)	4662	0.0
(9, 282)	4663	0.0
(8, 1150)	4664	0.0
(8, 1151)	4665	0.0
(10, 162)	4666	0.0
(8, 1152)	4667	0.0
(8, 1153)	4668	0.0
(9, 283)	4669	0.0
(2, 1169)	4670	0.0
(8, 1154)	4671	0.0
(8, 1155)	4672	0.0
(2, 1170)	4673	0.0
(8, 1156)	4674	0.0
(10, 163)	4675	0.0
(8, 1157)	4676	0.0
(8, 1158)	4677	0.0
(8, 1159)	4678	0.0
(8, 1160)	4679	0.0
(36, 3)	4680	0.0
(33, 3)	4681	0.0
(29, 12)	4682	0.0
(4, 315)	4683	0.0
(10, 164)	4684	0.0
(2, 1171)	4685	0.0
(1, 682)	4686	0.0
(2, 1172)	4687	0.0
(8, 1161)	4688	0.0
(9, 284)	4689	0.0
(24, 37)	4690	0.0
(9, 285)	4691	0.0
(8, 1162)	4692	0.0
(2, 1173)	4693	0.0
(8, 1163)	4694	0.0
(9, 286)	4695	0.0
(2, 1174)	4696	0.0
(8, 1164)	4697	0.0
(8, 1165)	4698	0.0
(2, 1175)	4699	0.0
(1, 683)	4700	0.0
(2, 1176)	4701	0.0
(1, 684)	4702	0.0
(1, 685)	4703	0.0
(2, 1177)	4704	0.0
(2, 1178)	4705	0.0
(1, 686)	4706	0.0
(1, 687)	4707	0.0
(1, 688)	4708	0.0
(3, 215)	4709	0.0
(3, 216)	4710	0.0
(4, 316)	4711	0.0
(1, 689)	4712	0.0
(1, 690)	4713	0.0
(3, 217)	4714	0.0
(3, 218)	4715	0.0
(8, 1166)	4716	0.0
(2, 1179)	4717	0.0
(2, 1180)	4718	0.0
(8, 1167)	4719	0.0
(9, 287)	4720	0.0
(24, 38)	4721	0.0
(10, 165)	4722	0.0
(9, 288)	4723	0.0
(10, 166)	4724	0.0
(15, 57)	4725	0.0
(2, 1181)	4726	0.0
(8, 1168)	4727	0.0
(3, 219)	4728	0.0
(2, 1182)	4729	0.0
(2, 1183)	4730	0.0
(1, 691)	4731	0.0
(1, 692)	4732	0.0
(1, 693)	4733	0.0
(2, 1184)	4734	0.0
(3, 220)	4735	0.0
(1, 694)	4736	0.0
(1, 695)	4737	0.0
(1, 696)	4738	0.0
(21, 136)	4739	0.0
(3, 221)	4740	0.0
(1, 697)	4741	0.0
(1, 698)	4742	0.0
(2, 1185)	4743	0.0
(2, 1186)	4744	0.0
(3, 222)	4745	0.0
(1, 699)	4746	0.0
(1, 700)	4747	0.0
(21, 137)	4748	0.0
(1, 701)	4749	0.0
(2, 1187)	4750	0.0
(2, 1188)	4751	0.0
(2, 1189)	4752	0.0
(1, 702)	4753	0.0
(2, 1190)	4754	0.0
(8, 1169)	4755	0.0
(1, 703)	4756	0.0
(2, 1191)	4757	0.0
(2, 1192)	4758	0.0
(4, 317)	4759	0.0
(2, 1193)	4760	0.0
(2, 1194)	4761	0.0
(1, 704)	4762	0.0
(2, 1195)	4763	0.0
(2, 1196)	4764	0.0
(2, 1197)	4765	0.0
(1, 705)	4766	0.0
(1, 706)	4767	0.0
(2, 1198)	4768	0.0
(1, 707)	4769	0.0
(2, 1199)	4770	0.0
(1, 708)	4771	0.0
(2, 1200)	4772	0.0
(1, 709)	4773	0.0
(2, 1201)	4774	0.0
(9, 289)	4775	0.0
(1, 710)	4776	0.0
(1, 711)	4777	0.0
(2, 1202)	4778	0.0
(3, 223)	4779	0.0
(3, 224)	4780	0.0
(3, 225)	4781	0.0
(1, 712)	4782	0.0
(1, 713)	4783	0.0
(1, 714)	4784	0.0
(1, 715)	4785	0.0
(21, 138)	4786	0.0
(21, 139)	4787	0.0
(1, 716)	4788	0.0
(2, 1203)	4789	0.0
(3, 226)	4790	0.0
(1, 717)	4791	0.0
(3, 227)	4792	0.0
(3, 228)	4793	0.0
(23, 59)	4794	0.0
(16, 37)	4795	0.0
(6, 24)	4796	0.0
(6, 25)	4797	0.0
(1, 718)	4798	0.0
(1, 719)	4799	0.0
(2, 1204)	4800	0.0
(4, 318)	4801	0.0
(1, 720)	4802	0.0
(1, 721)	4803	0.0
(2, 1205)	4804	0.0
(1, 722)	4805	0.0
(1, 723)	4806	0.0
(1, 724)	4807	0.0
(3, 229)	4808	0.0
(3, 230)	4809	0.0
(23, 60)	4810	0.0
(21, 140)	4811	0.0
(21, 141)	4812	0.0
(21, 142)	4813	0.0
(3, 231)	4814	0.0
(4, 319)	4815	0.0
(2, 1206)	4816	0.0
(2, 1207)	4817	0.0
(2, 1208)	4818	0.0
(2, 1209)	4819	0.0
(2, 1210)	4820	0.0
(8, 1170)	4821	0.0
(1, 725)	4822	0.0
(1, 726)	4823	0.0
(1, 727)	4824	0.0
(1, 728)	4825	0.0
(1, 729)	4826	0.0
(2, 1211)	4827	0.0
(2, 1212)	4828	0.0
(3, 232)	4829	0.0
(9, 290)	4830	0.0
(3, 233)	4831	0.0
(2, 1213)	4832	0.0
(3, 234)	4833	0.0
(8, 1171)	4834	0.0
(8, 1172)	4835	0.0
(3, 235)	4836	0.0
(1, 730)	4837	0.0
(2, 1214)	4838	0.0
(1, 731)	4839	0.0
(1, 732)	4840	0.0
(3, 236)	4841	0.0
(23, 61)	4842	0.0
(2, 1215)	4843	0.0
(2, 1216)	4844	0.0
(8, 1173)	4845	0.0
(2, 1217)	4846	0.0
(2, 1218)	4847	0.0
(2, 1219)	4848	0.0
(2, 1220)	4849	0.0
(2, 1221)	4850	0.0
(3, 237)	4851	0.0
(3, 238)	4852	0.0
(16, 38)	4853	0.0
(2, 1222)	4854	0.0
(2, 1223)	4855	0.0
(2, 1224)	4856	0.0
(2, 1225)	4857	0.0
(2, 1226)	4858	0.0
(8, 1174)	4859	0.0
(2, 1227)	4860	0.0
(3, 239)	4861	0.0
(3, 240)	4862	0.0
(16, 39)	4863	0.0
(2, 1228)	4864	0.0
(8, 1175)	4865	0.0
(1, 733)	4866	0.0
(2, 1229)	4867	0.0
(1, 734)	4868	0.0
(4, 320)	4869	0.0
(8, 1176)	4870	0.0
(8, 1177)	4871	0.0
(2, 1230)	4872	0.0
(1, 735)	4873	0.0
(3, 241)	4874	0.0
(3, 242)	4875	0.0
(23, 62)	4876	0.0
(8, 1178)	4877	0.0
(1, 736)	4878	0.0
(1, 737)	4879	0.0
(3, 243)	4880	0.0
(16, 40)	4881	0.0
(2, 1231)	4882	0.0
(2, 1232)	4883	0.0
(2, 1233)	4884	0.0
(3, 244)	4885	0.0
(3, 245)	4886	0.0
(4, 321)	4887	0.0
(5, 143)	4888	0.0
(1, 738)	4889	0.0
(1, 739)	4890	0.0
(2, 1234)	4891	0.0
(1, 740)	4892	0.0
(1, 741)	4893	0.0
(2, 1235)	4894	0.0
(2, 1236)	4895	0.0
(2, 1237)	4896	0.0
(2, 1238)	4897	0.0
(2, 1239)	4898	0.0
(2, 1240)	4899	0.0
(8, 1179)	4900	0.0
(1, 742)	4901	0.0
(5, 144)	4902	0.0
(1, 743)	4903	0.0
(1, 744)	4904	0.0
(2, 1241)	4905	0.0
(2, 1242)	4906	0.0
(2, 1243)	4907	0.0
(2, 1244)	4908	0.0
(4, 322)	4909	0.0
(4, 323)	4910	0.0
(3, 246)	4911	0.0
(16, 41)	4912	0.0
(3, 247)	4913	0.0
(3, 248)	4914	0.0
(3, 249)	4915	0.0
(23, 63)	4916	0.0
(16, 42)	4917	0.0
(3, 250)	4918	0.0
(8, 1180)	4919	0.0
(2, 1245)	4920	0.0
(9, 291)	4921	0.0
(10, 167)	4922	0.0
(11, 58)	4923	0.0
(8, 1181)	4924	0.0
(23, 64)	4925	0.0
(2, 1246)	4926	0.0
(2, 1247)	4927	0.0
(9, 292)	4928	0.0
(2, 1248)	4929	0.0
(2, 1249)	4930	0.0
(4, 324)	4931	0.0
(1, 745)	4932	0.0
(8, 1182)	4933	0.0
(4, 325)	4934	0.0
(4, 326)	4935	0.0
(2, 1250)	4936	0.0
(2, 1251)	4937	0.0
(3, 251)	4938	0.0
(2, 1252)	4939	0.0
(3, 252)	4940	0.0
(4, 327)	4941	0.0
(2, 1253)	4942	0.0
(2, 1254)	4943	0.0
(3, 253)	4944	0.0
(3, 254)	4945	0.0
(1, 746)	4946	0.0
(8, 1183)	4947	0.0
(1, 747)	4948	0.0
(23, 65)	4949	0.0
(1, 748)	4950	0.0
(2, 1255)	4951	0.0
(1, 749)	4952	0.0
(2, 1256)	4953	0.0
(1, 750)	4954	0.0
(3, 255)	4955	0.0
(3, 256)	4956	0.0
(4, 328)	4957	0.0
(4, 329)	4958	0.0
(8, 1184)	4959	0.0
(2, 1257)	4960	0.0
(24, 39)	4961	0.0
(2, 1258)	4962	0.0
(2, 1259)	4963	0.0
(2, 1260)	4964	0.0
(2, 1261)	4965	0.0
(2, 1262)	4966	0.0
(2, 1263)	4967	0.0
(1, 751)	4968	0.0
(2, 1264)	4969	0.0
(2, 1265)	4970	0.0
(1, 752)	4971	0.0
(3, 257)	4972	0.0
(3, 258)	4973	0.0
(3, 259)	4974	0.0
(3, 260)	4975	0.0
(3, 261)	4976	0.0
(3, 262)	4977	0.0
(1, 753)	4978	0.0
(3, 263)	4979	0.0
(4, 330)	4980	0.0
(1, 754)	4981	0.0
(1, 755)	4982	0.0
(21, 143)	4983	0.0
(21, 144)	4984	0.0
(8, 1185)	4985	0.0
(2, 1266)	4986	0.0
(1, 756)	4987	0.0
(1, 757)	4988	0.0
(3, 264)	4989	0.0
(23, 66)	4990	0.0
(1, 758)	4991	0.0
(3, 265)	4992	0.0
(3, 266)	4993	0.0
(23, 67)	4994	0.0
(5, 145)	4995	0.0
(1, 759)	4996	0.0
(1, 760)	4997	0.0
(1, 761)	4998	0.0
(2, 1267)	4999	0.0
(3, 267)	5000	0.0
(23, 68)	5001	0.0
(23, 69)	5002	0.0
(2, 1268)	5003	0.0
(3, 268)	5004	0.0
(3, 269)	5005	0.0
(1, 762)	5006	0.0
(2, 1269)	5007	0.0
(4, 331)	5008	0.0
(1, 763)	5009	0.0
(6, 26)	5010	0.0
(1, 764)	5011	0.0
(1, 765)	5012	0.0
(1, 766)	5013	0.0
(2, 1270)	5014	0.0
(3, 270)	5015	0.0
(4, 332)	5016	0.0
(1, 767)	5017	0.0
(1, 768)	5018	0.0
(1, 769)	5019	0.0
(3, 271)	5020	0.0
(3, 272)	5021	0.0
(2, 1271)	5022	0.0
(8, 1186)	5023	0.0
(2, 1272)	5024	0.0
(2, 1273)	5025	0.0
(2, 1274)	5026	0.0
(2, 1275)	5027	0.0
(2, 1276)	5028	0.0
(1, 770)	5029	0.0
(1, 771)	5030	0.0
(2, 1277)	5031	0.0
(1, 772)	5032	0.0
(1, 773)	5033	0.0
(21, 145)	5034	0.0
(21, 146)	5035	0.0
(3, 273)	5036	0.0
(16, 43)	5037	0.0
(1, 774)	5038	0.0
(21, 147)	5039	0.0
(21, 148)	5040	0.0
(21, 149)	5041	0.0
(3, 274)	5042	0.0
(23, 70)	5043	0.0
(1, 775)	5044	0.0
(1, 776)	5045	0.0
(21, 150)	5046	0.0
(3, 275)	5047	0.0
(3, 276)	5048	0.0
(2, 1278)	5049	0.0
(2, 1279)	5050	0.0
(3, 277)	5051	0.0
(1, 777)	5052	0.0
(8, 1187)	5053	0.0
(1, 778)	5054	0.0
(2, 1280)	5055	0.0
(3, 278)	5056	0.0
(3, 279)	5057	0.0
(3, 280)	5058	0.0
(1, 779)	5059	0.0
(1, 780)	5060	0.0
(2, 1281)	5061	0.0
(3, 281)	5062	0.0
(3, 282)	5063	0.0
(4, 333)	5064	0.0
(8, 1188)	5065	0.0
(8, 1189)	5066	0.0
(2, 1282)	5067	0.0
(2, 1283)	5068	0.0
(2, 1284)	5069	0.0
(1, 781)	5070	0.0
(2, 1285)	5071	0.0
(2, 1286)	5072	0.0
(2, 1287)	5073	0.0
(8, 1190)	5074	0.0
(2, 1288)	5075	0.0
(2, 1289)	5076	0.0
(9, 293)	5077	0.0
(3, 283)	5078	0.0
(3, 284)	5079	0.0
(2, 1290)	5080	0.0
(2, 1291)	5081	0.0
(3, 285)	5082	0.0
(3, 286)	5083	0.0
(23, 71)	5084	0.0
(16, 44)	5085	0.0
(2, 1292)	5086	0.0
(8, 1191)	5087	0.0
(2, 1293)	5088	0.0
(2, 1294)	5089	0.0
(11, 59)	5090	0.0
(2, 1295)	5091	0.0
(1, 782)	5092	0.0
(23, 72)	5093	0.0
(8, 1192)	5094	0.0
(2, 1296)	5095	0.0
(2, 1297)	5096	0.0
(1, 783)	5097	0.0
(1, 784)	5098	0.0
(1, 785)	5099	0.0
(2, 1298)	5100	0.0
(2, 1299)	5101	0.0
(3, 287)	5102	0.0
(3, 288)	5103	0.0
(3, 289)	5104	0.0
(2, 1300)	5105	0.0
(2, 1301)	5106	0.0
(1, 786)	5107	0.0
(2, 1302)	5108	0.0
(1, 787)	5109	0.0
(28, 9)	5110	0.0
(35, 3)	5111	0.0
(35, 4)	5112	0.0
(29, 13)	5113	0.0
(10, 168)	5114	0.0
(2, 1303)	5115	0.0
(8, 1193)	5116	0.0
(2, 1304)	5117	0.0
(4, 334)	5118	0.0
(11, 60)	5119	0.0
(8, 1194)	5120	0.0
(5, 146)	5121	0.0
(1, 788)	5122	0.0
(8, 1195)	5123	0.0
(4, 335)	5124	0.0
(1, 789)	5125	0.0
(2, 1305)	5126	0.0
(8, 1196)	5127	0.0
(9, 294)	5128	0.0
(2, 1306)	5129	0.0
(8, 1197)	5130	0.0
(8, 1198)	5131	0.0
(2, 1307)	5132	0.0
(5, 147)	5133	0.0
(2, 1308)	5134	0.0
(5, 148)	5135	0.0
(2, 1309)	5136	0.0
(3, 290)	5137	0.0
(1, 790)	5138	0.0
(2, 1310)	5139	0.0
(2, 1311)	5140	0.0
(2, 1312)	5141	0.0
(2, 1313)	5142	0.0
(2, 1314)	5143	0.0
(1, 791)	5144	0.0
(2, 1315)	5145	0.0
(1, 792)	5146	0.0
(2, 1316)	5147	0.0
(2, 1317)	5148	0.0
(8, 1199)	5149	0.0
(2, 1318)	5150	0.0
(1, 793)	5151	0.0
(2, 1319)	5152	0.0
(3, 291)	5153	0.0
(4, 336)	5154	0.0
(1, 794)	5155	0.0
(8, 1200)	5156	0.0
(9, 295)	5157	0.0
(1, 795)	5158	0.0
(2, 1320)	5159	0.0
(3, 292)	5160	0.0
(4, 337)	5161	0.0
(10, 169)	5162	0.0
(1, 796)	5163	0.0
(1, 797)	5164	0.0
(21, 151)	5165	0.0
(4, 338)	5166	0.0
(2, 1321)	5167	0.0
(1, 798)	5168	0.0
(3, 293)	5169	0.0
(3, 294)	5170	0.0
(4, 339)	5171	0.0
(1, 799)	5172	0.0
(4, 340)	5173	0.0
(5, 149)	5174	0.0
(8, 1201)	5175	0.0
(2, 1322)	5176	0.0
(2, 1323)	5177	0.0
(1, 800)	5178	0.0
(1, 801)	5179	0.0
(1, 802)	5180	0.0
(9, 296)	5181	0.0
(2, 1324)	5182	0.0
(21, 152)	5183	0.0
(5, 150)	5184	0.0
(1, 803)	5185	0.0
(21, 153)	5186	0.0
(2, 1325)	5187	0.0
(2, 1326)	5188	0.0
(8, 1202)	5189	0.0
(1, 804)	5190	0.0
(4, 341)	5191	0.0
(2, 1327)	5192	0.0
(8, 1203)	5193	0.0
(8, 1204)	5194	0.0
(1, 805)	5195	0.0
(8, 1205)	5196	0.0
(4, 342)	5197	0.0
(4, 343)	5198	0.0
(2, 1328)	5199	0.0
(8, 1206)	5200	0.0
(4, 344)	5201	0.0
(1, 806)	5202	0.0
(8, 1207)	5203	0.0
(1, 807)	5204	0.0
(9, 297)	5205	0.0
(1, 808)	5206	0.0
(1, 809)	5207	0.0
(2, 1329)	5208	0.0
(3, 295)	5209	0.0
(3, 296)	5210	0.0
(2, 1330)	5211	0.0
(1, 810)	5212	0.0
(1, 811)	5213	0.0
(8, 1208)	5214	0.0
(8, 1209)	5215	0.0
(5, 151)	5216	0.0
(8, 1210)	5217	0.0
(4, 345)	5218	0.0
(2, 1331)	5219	0.0
(1, 812)	5220	0.0
(23, 73)	5221	0.0
(2, 1332)	5222	0.0
(3, 297)	5223	0.0
(21, 154)	5224	0.0
(3, 298)	5225	0.0
(1, 813)	5226	0.0
(1, 814)	5227	0.0
(3, 299)	5228	0.0
(2, 1333)	5229	0.0
(2, 1334)	5230	0.0
(8, 1211)	5231	0.0
(2, 1335)	5232	0.0
(1, 815)	5233	0.0
(2, 1336)	5234	0.0
(3, 300)	5235	0.0
(3, 301)	5236	0.0
(4, 346)	5237	0.0
(2, 1337)	5238	0.0
(1, 816)	5239	0.0
(3, 302)	5240	0.0
(8, 1212)	5241	0.0
(2, 1338)	5242	0.0
(34, 4)	5243	0.0
(35, 5)	5244	0.0
(29, 14)	5245	0.0
(8, 1213)	5246	0.0
(1, 817)	5247	0.0
(1, 818)	5248	0.0
(21, 155)	5249	0.0
(1, 819)	5250	0.0
(1, 820)	5251	0.0
(3, 303)	5252	0.0
(2, 1339)	5253	0.0
(8, 1214)	5254	0.0
(1, 821)	5255	0.0
(2, 1340)	5256	0.0
(2, 1341)	5257	0.0
(23, 74)	5258	0.0
(4, 347)	5259	0.0
(2, 1342)	5260	0.0
(2, 1343)	5261	0.0
(3, 304)	5262	0.0
(2, 1344)	5263	0.0
(3, 305)	5264	0.0
(1, 822)	5265	0.0
(2, 1345)	5266	0.0
(1, 823)	5267	0.0
(2, 1346)	5268	0.0
(3, 306)	5269	0.0
(3, 307)	5270	0.0
(8, 1215)	5271	0.0
(3, 308)	5272	0.0
(5, 152)	5273	0.0
(2, 1347)	5274	0.0
(1, 824)	5275	0.0
(3, 309)	5276	0.0
(3, 310)	5277	0.0
(2, 1348)	5278	0.0
(1, 825)	5279	0.0
(2, 1349)	5280	0.0
(2, 1350)	5281	0.0
(9, 298)	5282	0.0
(1, 826)	5283	0.0
(1, 827)	5284	0.0
(3, 311)	5285	0.0
(1, 828)	5286	0.0
(3, 312)	5287	0.0
(3, 313)	5288	0.0
(4, 348)	5289	0.0
(2, 1351)	5290	0.0
(1, 829)	5291	0.0
(2, 1352)	5292	0.0
(2, 1353)	5293	0.0
(3, 314)	5294	0.0
(4, 349)	5295	0.0
(1, 830)	5296	0.0
(1, 831)	5297	0.0
(2, 1354)	5298	0.0
(2, 1355)	5299	0.0
(2, 1356)	5300	0.0
(8, 1216)	5301	0.0
(3, 315)	5302	0.0
(1, 832)	5303	0.0
(8, 1217)	5304	0.0
(4, 350)	5305	0.0
(4, 351)	5306	0.0
(2, 1357)	5307	0.0
(2, 1358)	5308	0.0
(21, 156)	5309	0.0
(23, 75)	5310	0.0
(23, 76)	5311	0.0
(2, 1359)	5312	0.0
(1, 833)	5313	0.0
(21, 157)	5314	0.0
(21, 158)	5315	0.0
(21, 159)	5316	0.0
(4, 352)	5317	0.0
(10, 170)	5318	0.0
(8, 1218)	5319	0.0
(2, 1360)	5320	0.0
(1, 834)	5321	0.0
(3, 316)	5322	0.0
(1, 835)	5323	0.0
(2, 1361)	5324	0.0
(2, 1362)	5325	0.0
(2, 1363)	5326	0.0
(2, 1364)	5327	0.0
(2, 1365)	5328	0.0
(2, 1366)	5329	0.0
(2, 1367)	5330	0.0
(2, 1368)	5331	0.0
(8, 1219)	5332	0.0
(2, 1369)	5333	0.0
(2, 1370)	5334	0.0
(2, 1371)	5335	0.0
(8, 1220)	5336	0.0
(2, 1372)	5337	0.0
(3, 317)	5338	0.0
(1, 836)	5339	0.0
(3, 318)	5340	0.0
(8, 1221)	5341	0.0
(3, 319)	5342	0.0
(3, 320)	5343	0.0
(2, 1373)	5344	0.0
(8, 1222)	5345	0.0
(3, 321)	5346	0.0
(1, 837)	5347	0.0
(21, 160)	5348	0.0
(21, 161)	5349	0.0
(23, 77)	5350	0.0
(23, 78)	5351	0.0
(1, 838)	5352	0.0
(3, 322)	5353	0.0
(1, 839)	5354	0.0
(2, 1374)	5355	0.0
(2, 1375)	5356	0.0
(2, 1376)	5357	0.0
(2, 1377)	5358	0.0
(2, 1378)	5359	0.0
(2, 1379)	5360	0.0
(2, 1380)	5361	0.0
(1, 840)	5362	0.0
(2, 1381)	5363	0.0
(2, 1382)	5364	0.0
(3, 323)	5365	0.0
(5, 153)	5366	0.0
(2, 1383)	5367	0.0
(2, 1384)	5368	0.0
(1, 841)	5369	0.0
(2, 1385)	5370	0.0
(3, 324)	5371	0.0
(3, 325)	5372	0.0
(3, 326)	5373	0.0
(10, 171)	5374	0.0
(3, 327)	5375	0.0
(2, 1386)	5376	0.0
(2, 1387)	5377	0.0
(3, 328)	5378	0.0
(2, 1388)	5379	0.0
(8, 1223)	5380	0.0
(9, 299)	5381	0.0
(10, 172)	5382	0.0
(9, 300)	5383	0.0
(2, 1389)	5384	0.0
(8, 1224)	5385	0.0
(4, 353)	5386	0.0
(5, 154)	5387	0.0
(2, 1390)	5388	0.0
(2, 1391)	5389	0.0
(8, 1225)	5390	0.0
(8, 1226)	5391	0.0
(10, 173)	5392	0.0
(2, 1392)	5393	0.0
(8, 1227)	5394	0.0
(9, 301)	5395	0.0
(2, 1393)	5396	0.0
(1, 842)	5397	0.0
(1, 843)	5398	0.0
(3, 329)	5399	0.0
(3, 330)	5400	0.0
(23, 79)	5401	0.0
(21, 162)	5402	0.0
(3, 331)	5403	0.0
(3, 332)	5404	0.0
(3, 333)	5405	0.0
(1, 844)	5406	0.0
(2, 1394)	5407	0.0
(2, 1395)	5408	0.0
(2, 1396)	5409	0.0
(2, 1397)	5410	0.0
(2, 1398)	5411	0.0
(2, 1399)	5412	0.0
(2, 1400)	5413	0.0
(4, 354)	5414	0.0
(2, 1401)	5415	0.0
(1, 845)	5416	0.0
(23, 80)	5417	0.0
(1, 846)	5418	0.0
(3, 334)	5419	0.0
(3, 335)	5420	0.0
(2, 1402)	5421	0.0
(4, 355)	5422	0.0
(1, 847)	5423	0.0
(23, 81)	5424	0.0
(5, 155)	5425	0.0
(1, 848)	5426	0.0
(3, 336)	5427	0.0
(2, 1403)	5428	0.0
(5, 156)	5429	0.0
(2, 1404)	5430	0.0
(2, 1405)	5431	0.0
(2, 1406)	5432	0.0
(2, 1407)	5433	0.0
(3, 337)	5434	0.0
(3, 338)	5435	0.0
(3, 339)	5436	0.0
(8, 1228)	5437	0.0
(1, 849)	5438	0.0
(21, 163)	5439	0.0
(21, 164)	5440	0.0
(3, 340)	5441	0.0
(1, 850)	5442	0.0
(2, 1408)	5443	0.0
(16, 45)	5444	0.0
(2, 1409)	5445	0.0
(8, 1229)	5446	0.0
(8, 1230)	5447	0.0
(2, 1410)	5448	0.0
(8, 1231)	5449	0.0
(9, 302)	5450	0.0
(1, 851)	5451	0.0
(2, 1411)	5452	0.0
(4, 356)	5453	0.0
(4, 357)	5454	0.0
(5, 157)	5455	0.0
(1, 852)	5456	0.0
(8, 1232)	5457	0.0
(9, 303)	5458	0.0
(2, 1412)	5459	0.0
(1, 853)	5460	0.0
(1, 854)	5461	0.0
(3, 341)	5462	0.0
(1, 855)	5463	0.0
(3, 342)	5464	0.0
(2, 1413)	5465	0.0
(2, 1414)	5466	0.0
(8, 1233)	5467	0.0
(2, 1415)	5468	0.0
(8, 1234)	5469	0.0
(2, 1416)	5470	0.0
(3, 343)	5471	0.0
(23, 82)	5472	0.0
(16, 46)	5473	0.0
(1, 856)	5474	0.0
(21, 165)	5475	0.0
(21, 166)	5476	0.0
(23, 83)	5477	0.0
(3, 344)	5478	0.0
(3, 345)	5479	0.0
(1, 857)	5480	0.0
(1, 858)	5481	0.0
(3, 346)	5482	0.0
(8, 1235)	5483	0.0
(2, 1417)	5484	0.0
(3, 347)	5485	0.0
(2, 1418)	5486	0.0
(8, 1236)	5487	0.0
(8, 1237)	5488	0.0
(8, 1238)	5489	0.0
(2, 1419)	5490	0.0
(2, 1420)	5491	0.0
(2, 1421)	5492	0.0
(2, 1422)	5493	0.0
(2, 1423)	5494	0.0
(2, 1424)	5495	0.0
(3, 348)	5496	0.0
(23, 84)	5497	0.0
(8, 1239)	5498	0.0
(3, 349)	5499	0.0
(1, 859)	5500	0.0
(8, 1240)	5501	0.0
(8, 1241)	5502	0.0
(2, 1425)	5503	0.0
(3, 350)	5504	0.0
(2, 1426)	5505	0.0
(2, 1427)	5506	0.0
(2, 1428)	5507	0.0
(3, 351)	5508	0.0
(2, 1429)	5509	0.0
(1, 860)	5510	0.0
(3, 352)	5511	0.0
(2, 1430)	5512	0.0
(8, 1242)	5513	0.0
(9, 304)	5514	0.0
(2, 1431)	5515	0.0
(3, 353)	5516	0.0
(3, 354)	5517	0.0
(3, 355)	5518	0.0
(3, 356)	5519	0.0
(2, 1432)	5520	0.0
(3, 357)	5521	0.0
(8, 1243)	5522	0.0
(23, 85)	5523	0.0
(2, 1433)	5524	0.0
(1, 861)	5525	0.0
(1, 862)	5526	0.0
(8, 1244)	5527	0.0
(1, 863)	5528	0.0
(2, 1434)	5529	0.0
(3, 358)	5530	0.0
(3, 359)	5531	0.0
(1, 864)	5532	0.0
(4, 358)	5533	0.0
(2, 1435)	5534	0.0
(2, 1436)	5535	0.0
(8, 1245)	5536	0.0
(2, 1437)	5537	0.0
(4, 359)	5538	0.0
(8, 1246)	5539	0.0
(1, 865)	5540	0.0
(1, 866)	5541	0.0
(2, 1438)	5542	0.0
(1, 867)	5543	0.0
(3, 360)	5544	0.0
(1, 868)	5545	0.0
(2, 1439)	5546	0.0
(3, 361)	5547	0.0
(3, 362)	5548	0.0
(1, 869)	5549	0.0
(23, 86)	5550	0.0
(2, 1440)	5551	0.0
(1, 870)	5552	0.0
(1, 871)	5553	0.0
(21, 167)	5554	0.0
(21, 168)	5555	0.0
(1, 872)	5556	0.0
(1, 873)	5557	0.0
(1, 874)	5558	0.0
(21, 169)	5559	0.0
(1, 875)	5560	0.0
(1, 876)	5561	0.0
(21, 170)	5562	0.0
(21, 171)	5563	0.0
(3, 363)	5564	0.0
(1, 877)	5565	0.0
(1, 878)	5566	0.0
(21, 172)	5567	0.0
(23, 87)	5568	0.0
(21, 173)	5569	0.0
(21, 174)	5570	0.0
(23, 88)	5571	0.0
(1, 879)	5572	0.0
(3, 364)	5573	0.0
(1, 880)	5574	0.0
(2, 1441)	5575	0.0
(1, 881)	5576	0.0
(2, 1442)	5577	0.0
(3, 365)	5578	0.0
(3, 366)	5579	0.0
(1, 882)	5580	0.0
(2, 1443)	5581	0.0
(2, 1444)	5582	0.0
(4, 360)	5583	0.0
(1, 883)	5584	0.0
(21, 175)	5585	0.0
(21, 176)	5586	0.0
(21, 177)	5587	0.0
(3, 367)	5588	0.0
(1, 884)	5589	0.0
(4, 361)	5590	0.0
(3, 368)	5591	0.0
(1, 885)	5592	0.0
(1, 886)	5593	0.0
(1, 887)	5594	0.0
(1, 888)	5595	0.0
(21, 178)	5596	0.0
(21, 179)	5597	0.0
(3, 369)	5598	0.0
(1, 889)	5599	0.0
(1, 890)	5600	0.0
(3, 370)	5601	0.0
(8, 1247)	5602	0.0
(1, 891)	5603	0.0
(1, 892)	5604	0.0
(21, 180)	5605	0.0
(21, 181)	5606	0.0
(23, 89)	5607	0.0
(1, 893)	5608	0.0
(1, 894)	5609	0.0
(2, 1445)	5610	0.0
(4, 362)	5611	0.0
(1, 895)	5612	0.0
(1, 896)	5613	0.0
(21, 182)	5614	0.0
(21, 183)	5615	0.0
(1, 897)	5616	0.0
(1, 898)	5617	0.0
(8, 1248)	5618	0.0
(2, 1446)	5619	0.0
(2, 1447)	5620	0.0
(1, 899)	5621	0.0
(2, 1448)	5622	0.0
(23, 90)	5623	0.0
(3, 371)	5624	0.0
(1, 900)	5625	0.0
(21, 184)	5626	0.0
(23, 91)	5627	0.0
(2, 1449)	5628	0.0
(5, 158)	5629	0.0
(3, 372)	5630	0.0
(2, 1450)	5631	0.0
(9, 305)	5632	0.0
(1, 901)	5633	0.0
(23, 92)	5634	0.0
(21, 185)	5635	0.0
(21, 186)	5636	0.0
(21, 187)	5637	0.0
(23, 93)	5638	0.0
(1, 902)	5639	0.0
(21, 188)	5640	0.0
(23, 94)	5641	0.0
(1, 903)	5642	0.0
(21, 189)	5643	0.0
(21, 190)	5644	0.0
(21, 191)	5645	0.0
(1, 904)	5646	0.0
(1, 905)	5647	0.0
(21, 192)	5648	0.0
(21, 193)	5649	0.0
(21, 194)	5650	0.0
(21, 195)	5651	0.0
(23, 95)	5652	0.0
(1, 906)	5653	0.0
(1, 907)	5654	0.0
(1, 908)	5655	0.0
(1, 909)	5656	0.0
(2, 1451)	5657	0.0
(3, 373)	5658	0.0
(3, 374)	5659	0.0
(23, 96)	5660	0.0
(23, 97)	5661	0.0
(22, 15)	5662	0.0
(22, 16)	5663	0.0
(22, 17)	5664	0.0
(22, 18)	5665	0.0
(22, 19)	5666	0.0
(22, 20)	5667	0.0
(6, 27)	5668	0.0
(20, 6)	5669	0.0
(6, 28)	5670	0.0
(6, 29)	5671	0.0
(20, 7)	5672	0.0
(6, 30)	5673	0.0
(16, 47)	5674	0.0
(22, 21)	5675	0.0
(18, 11)	5676	0.0
(5, 159)	5677	0.0
(5, 160)	5678	0.0
(16, 48)	5679	0.0
(22, 22)	5680	0.0
(22, 23)	5681	0.0
(5, 161)	5682	0.0
(21, 196)	5683	0.0
(21, 197)	5684	0.0
(19, 9)	5685	0.0
(16, 49)	5686	0.0
(21, 198)	5687	0.0
(21, 199)	5688	0.0
(22, 24)	5689	0.0
(16, 50)	5690	0.0
(21, 200)	5691	0.0
(21, 201)	5692	0.0
(21, 202)	5693	0.0
(16, 51)	5694	0.0
(1, 910)	5695	0.0
(1, 911)	5696	0.0
(1, 912)	5697	0.0
(1, 913)	5698	0.0
(21, 203)	5699	0.0
(21, 204)	5700	0.0
(23, 98)	5701	0.0
(16, 52)	5702	0.0
(21, 205)	5703	0.0
(21, 206)	5704	0.0
(22, 25)	5705	0.0
(21, 207)	5706	0.0
(21, 208)	5707	0.0
(22, 26)	5708	0.0
(16, 53)	5709	0.0
(1, 914)	5710	0.0
(1, 915)	5711	0.0
(21, 209)	5712	0.0
(21, 210)	5713	0.0
(23, 99)	5714	0.0
(5, 162)	5715	0.0
(1, 916)	5716	0.0
(1, 917)	5717	0.0
(1, 918)	5718	0.0
(21, 211)	5719	0.0
(1, 919)	5720	0.0
(5, 163)	5721	0.0
(5, 164)	5722	0.0
(21, 212)	5723	0.0
(23, 100)	5724	0.0
(1, 920)	5725	0.0
(1, 921)	5726	0.0
(23, 101)	5727	0.0
(1, 922)	5728	0.0
(1, 923)	5729	0.0
(1, 924)	5730	0.0
(1, 925)	5731	0.0
(1, 926)	5732	0.0
(23, 102)	5733	0.0
(23, 103)	5734	0.0
(1, 927)	5735	0.0
(1, 928)	5736	0.0
(21, 213)	5737	0.0
(1, 929)	5738	0.0
(1, 930)	5739	0.0
(1, 931)	5740	0.0
(21, 214)	5741	0.0
(1, 932)	5742	0.0
(1, 933)	5743	0.0
(5, 165)	5744	0.0
(1, 934)	5745	0.0
(21, 215)	5746	0.0
(21, 216)	5747	0.0
(22, 27)	5748	0.0
(18, 12)	5749	0.0
(19, 10)	5750	0.0
(1, 935)	5751	0.0
(1, 936)	5752	0.0
(1, 937)	5753	0.0
(21, 217)	5754	0.0
(21, 218)	5755	0.0
(23, 104)	5756	0.0
(23, 105)	5757	0.0
(1, 938)	5758	0.0
(1, 939)	5759	0.0
(1, 940)	5760	0.0
(1, 941)	5761	0.0
(1, 942)	5762	0.0
(1, 943)	5763	0.0
(1, 944)	5764	0.0
(1, 945)	5765	0.0
(1, 946)	5766	0.0
(1, 947)	5767	0.0
(1, 948)	5768	0.0
(1, 949)	5769	0.0
(1, 950)	5770	0.0
(21, 219)	5771	0.0
(1, 951)	5772	0.0
(1, 952)	5773	0.0
(1, 953)	5774	0.0
(1, 954)	5775	0.0
(1, 955)	5776	0.0
(23, 106)	5777	0.0
(1, 956)	5778	0.0
(1, 957)	5779	0.0
(1, 958)	5780	0.0
(1, 959)	5781	0.0
(23, 107)	5782	0.0
(1, 960)	5783	0.0
(11, 61)	5784	0.0
(1, 961)	5785	0.0
(1, 962)	5786	0.0
(1, 963)	5787	0.0
(1, 964)	5788	0.0
(1, 965)	5789	0.0
(1, 966)	5790	0.0
(1, 967)	5791	0.0
(1, 968)	5792	0.0
(3, 375)	5793	0.0
(23, 108)	5794	0.0
(23, 109)	5795	0.0
(1, 969)	5796	0.0
(1, 970)	5797	0.0
(1, 971)	5798	0.0
(21, 220)	5799	0.0
(3, 376)	5800	0.0
(1, 972)	5801	0.0
(1, 973)	5802	0.0
(1, 974)	5803	0.0
(3, 377)	5804	0.0
(3, 378)	5805	0.0
(24, 40)	5806	0.0
(1, 975)	5807	0.0
(1, 976)	5808	0.0
(1, 977)	5809	0.0
(1, 978)	5810	0.0
(21, 221)	5811	0.0
(21, 222)	5812	0.0
(21, 223)	5813	0.0
(3, 379)	5814	0.0
(1, 979)	5815	0.0
(1, 980)	5816	0.0
(21, 224)	5817	0.0
(3, 380)	5818	0.0
(3, 381)	5819	0.0
(1, 981)	5820	0.0
(1, 982)	5821	0.0
(21, 225)	5822	0.0
(3, 382)	5823	0.0
(23, 110)	5824	0.0
(1, 983)	5825	0.0
(1, 984)	5826	0.0
(1, 985)	5827	0.0
(1, 986)	5828	0.0
(3, 383)	5829	0.0
(23, 111)	5830	0.0
(23, 112)	5831	0.0
(1, 987)	5832	0.0
(1, 988)	5833	0.0
(1, 989)	5834	0.0
(1, 990)	5835	0.0
(21, 226)	5836	0.0
(21, 227)	5837	0.0
(1, 991)	5838	0.0
(21, 228)	5839	0.0
(21, 229)	5840	0.0
(21, 230)	5841	0.0
(3, 384)	5842	0.0
(1, 992)	5843	0.0
(1, 993)	5844	0.0
(1, 994)	5845	0.0
(3, 385)	5846	0.0
(23, 113)	5847	0.0
(23, 114)	5848	0.0
(5, 166)	5849	0.0
(6, 31)	5850	0.0
(1, 995)	5851	0.0
(1, 996)	5852	0.0
(1, 997)	5853	0.0
(1, 998)	5854	0.0
(1, 999)	5855	0.0
(1, 1000)	5856	0.0
(3, 386)	5857	0.0
(3, 387)	5858	0.0
(3, 388)	5859	0.0
(23, 115)	5860	0.0
(1, 1001)	5861	0.0
(4, 363)	5862	0.0
(1, 1002)	5863	0.0
(1, 1003)	5864	0.0
(1, 1004)	5865	0.0
(21, 231)	5866	0.0
(23, 116)	5867	0.0
(16, 54)	5868	0.0
(1, 1005)	5869	0.0
(3, 389)	5870	0.0
(23, 117)	5871	0.0
(21, 232)	5872	0.0
(21, 233)	5873	0.0
(21, 234)	5874	0.0
(1, 1006)	5875	0.0
(1, 1007)	5876	0.0
(1, 1008)	5877	0.0
(1, 1009)	5878	0.0
(21, 235)	5879	0.0
(1, 1010)	5880	0.0
(21, 236)	5881	0.0
(4, 364)	5882	0.0
(1, 1011)	5883	0.0
(1, 1012)	5884	0.0
(3, 390)	5885	0.0
(3, 391)	5886	0.0
(3, 392)	5887	0.0
(23, 118)	5888	0.0
(1, 1013)	5889	0.0
(3, 393)	5890	0.0
(3, 394)	5891	0.0
(3, 395)	5892	0.0
(1, 1014)	5893	0.0
(1, 1015)	5894	0.0
(1, 1016)	5895	0.0
(3, 396)	5896	0.0
(3, 397)	5897	0.0
(3, 398)	5898	0.0
(1, 1017)	5899	0.0
(1, 1018)	5900	0.0
(21, 237)	5901	0.0
(22, 28)	5902	0.0
(22, 29)	5903	0.0
(22, 30)	5904	0.0
(4, 365)	5905	0.0
(4, 366)	5906	0.0
(3, 399)	5907	0.0
(1, 1019)	5908	0.0
(21, 238)	5909	0.0
(3, 400)	5910	0.0
(21, 239)	5911	0.0
(23, 119)	5912	0.0
(21, 240)	5913	0.0
(3, 401)	5914	0.0
(1, 1020)	5915	0.0
(1, 1021)	5916	0.0
(21, 241)	5917	0.0
(1, 1022)	5918	0.0
(3, 402)	5919	0.0
(4, 367)	5920	0.0
(4, 368)	5921	0.0
(4, 369)	5922	0.0
(4, 370)	5923	0.0
(4, 371)	5924	0.0
(4, 372)	5925	0.0
(1, 1023)	5926	0.0
(3, 403)	5927	0.0
(23, 120)	5928	0.0
(3, 404)	5929	0.0
(2, 1452)	5930	0.0
(2, 1453)	5931	0.0
(1, 1024)	5932	0.0
(21, 242)	5933	0.0
(3, 405)	5934	0.0
(4, 373)	5935	0.0
(5, 167)	5936	0.0
(1, 1025)	5937	0.0
(1, 1026)	5938	0.0
(2, 1454)	5939	0.0
(2, 1455)	5940	0.0
(2, 1456)	5941	0.0
(2, 1457)	5942	0.0
(2, 1458)	5943	0.0
(2, 1459)	5944	0.0
(39, 2)	5945	0.0
(36, 4)	5946	0.0
(2, 1460)	5947	0.0
(4, 374)	5948	0.0
(31, 13)	5949	0.0
(36, 5)	5950	0.0
(28, 10)	5951	0.0
(28, 11)	5952	0.0
(28, 12)	5953	0.0
(1, 1027)	5954	0.0
(21, 243)	5955	0.0
(3, 406)	5956	0.0
(1, 1028)	5957	0.0
(1, 1029)	5958	0.0
(3, 407)	5959	0.0
(3, 408)	5960	0.0
(23, 121)	5961	0.0
(1, 1030)	5962	0.0
(21, 244)	5963	0.0
(2, 1461)	5964	0.0
(3, 409)	5965	0.0
(4, 375)	5966	0.0
(1, 1031)	5967	0.0
(2, 1462)	5968	0.0
(2, 1463)	5969	0.0
(4, 376)	5970	0.0
(1, 1032)	5971	0.0
(1, 1033)	5972	0.0
(3, 410)	5973	0.0
(3, 411)	5974	0.0
(5, 168)	5975	0.0
(1, 1034)	5976	0.0
(3, 412)	5977	0.0
(4, 377)	5978	0.0
(3, 413)	5979	0.0
(23, 122)	5980	0.0
(2, 1464)	5981	0.0
(2, 1465)	5982	0.0
(2, 1466)	5983	0.0
(4, 378)	5984	0.0
(2, 1467)	5985	0.0
(3, 414)	5986	0.0
(3, 415)	5987	0.0
(5, 169)	5988	0.0
(1, 1035)	5989	0.0
(1, 1036)	5990	0.0
(1, 1037)	5991	0.0
(2, 1468)	5992	0.0
(2, 1469)	5993	0.0
(4, 379)	5994	0.0
(3, 416)	5995	0.0
(2, 1470)	5996	0.0
(5, 170)	5997	0.0
(2, 1471)	5998	0.0
(1, 1038)	5999	0.0
(2, 1472)	6000	0.0
(3, 417)	6001	0.0
(1, 1039)	6002	0.0
(1, 1040)	6003	0.0
(1, 1041)	6004	0.0
(3, 418)	6005	0.0
(1, 1042)	6006	0.0
(21, 245)	6007	0.0
(23, 123)	6008	0.0
(1, 1043)	6009	0.0
(3, 419)	6010	0.0
(3, 420)	6011	0.0
(5, 171)	6012	0.0
(3, 421)	6013	0.0
(2, 1473)	6014	0.0
(3, 422)	6015	0.0
(23, 124)	6016	0.0
(3, 423)	6017	0.0
(3, 424)	6018	0.0
(16, 55)	6019	0.0
(1, 1044)	6020	0.0
(2, 1474)	6021	0.0
(4, 380)	6022	0.0
(2, 1475)	6023	0.0
(10, 174)	6024	0.0
(2, 1476)	6025	0.0
(1, 1045)	6026	0.0
(2, 1477)	6027	0.0
(2, 1478)	6028	0.0
(1, 1046)	6029	0.0
(1, 1047)	6030	0.0
(1, 1048)	6031	0.0
(2, 1479)	6032	0.0
(3, 425)	6033	0.0
(23, 125)	6034	0.0
(4, 381)	6035	0.0
(1, 1049)	6036	0.0
(1, 1050)	6037	0.0
(2, 1480)	6038	0.0
(2, 1481)	6039	0.0
(4, 382)	6040	0.0
(4, 383)	6041	0.0
(2, 1482)	6042	0.0
(2, 1483)	6043	0.0
(4, 384)	6044	0.0
(2, 1484)	6045	0.0
(2, 1485)	6046	0.0
(2, 1486)	6047	0.0
(2, 1487)	6048	0.0
(2, 1488)	6049	0.0
(2, 1489)	6050	0.0
(2, 1490)	6051	0.0
(2, 1491)	6052	0.0
(2, 1492)	6053	0.0
(2, 1493)	6054	0.0
(2, 1494)	6055	0.0
(8, 1249)	6056	0.0
(8, 1250)	6057	0.0
(1, 1051)	6058	0.0
(2, 1495)	6059	0.0
(8, 1251)	6060	0.0
(8, 1252)	6061	0.0
(8, 1253)	6062	0.0
(2, 1496)	6063	0.0
(8, 1254)	6064	0.0
(3, 426)	6065	0.0
(2, 1497)	6066	0.0
(2, 1498)	6067	0.0
(3, 427)	6068	0.0
(2, 1499)	6069	0.0
(2, 1500)	6070	0.0
(2, 1501)	6071	0.0
(3, 428)	6072	0.0
(5, 172)	6073	0.0
(2, 1502)	6074	0.0
(2, 1503)	6075	0.0
(10, 175)	6076	0.0
(2, 1504)	6077	0.0
(8, 1255)	6078	0.0
(8, 1256)	6079	0.0
(2, 1505)	6080	0.0
(2, 1506)	6081	0.0
(2, 1507)	6082	0.0
(2, 1508)	6083	0.0
(2, 1509)	6084	0.0
(2, 1510)	6085	0.0
(2, 1511)	6086	0.0
(4, 385)	6087	0.0
(2, 1512)	6088	0.0
(3, 429)	6089	0.0
(23, 126)	6090	0.0
(1, 1052)	6091	0.0
(4, 386)	6092	0.0
(1, 1053)	6093	0.0
(1, 1054)	6094	0.0
(3, 430)	6095	0.0
(3, 431)	6096	0.0
(2, 1513)	6097	0.0
(8, 1257)	6098	0.0
(1, 1055)	6099	0.0
(2, 1514)	6100	0.0
(8, 1258)	6101	0.0
(2, 1515)	6102	0.0
(3, 432)	6103	0.0
(4, 387)	6104	0.0
(2, 1516)	6105	0.0
(3, 433)	6106	0.0
(3, 434)	6107	0.0
(2, 1517)	6108	0.0
(2, 1518)	6109	0.0
(2, 1519)	6110	0.0
(8, 1259)	6111	0.0
(2, 1520)	6112	0.0
(2, 1521)	6113	0.0
(8, 1260)	6114	0.0
(2, 1522)	6115	0.0
(2, 1523)	6116	0.0
(8, 1261)	6117	0.0
(2, 1524)	6118	0.0
(2, 1525)	6119	0.0
(8, 1262)	6120	0.0
(2, 1526)	6121	0.0
(2, 1527)	6122	0.0
(2, 1528)	6123	0.0
(2, 1529)	6124	0.0
(2, 1530)	6125	0.0
(2, 1531)	6126	0.0
(2, 1532)	6127	0.0
(2, 1533)	6128	0.0
(3, 435)	6129	0.0
(2, 1534)	6130	0.0
(2, 1535)	6131	0.0
(2, 1536)	6132	0.0
(2, 1537)	6133	0.0
(2, 1538)	6134	0.0
(3, 436)	6135	0.0
(2, 1539)	6136	0.0
(2, 1540)	6137	0.0
(2, 1541)	6138	0.0
(3, 437)	6139	0.0
(2, 1542)	6140	0.0
(16, 56)	6141	0.0
(2, 1543)	6142	0.0
(8, 1263)	6143	0.0
(2, 1544)	6144	0.0
(1, 1056)	6145	0.0
(2, 1545)	6146	0.0
(8, 1264)	6147	0.0
(2, 1546)	6148	0.0
(2, 1547)	6149	0.0
(2, 1548)	6150	0.0
(2, 1549)	6151	0.0
(3, 438)	6152	0.0
(3, 439)	6153	0.0
(2, 1550)	6154	0.0
(2, 1551)	6155	0.0
(2, 1552)	6156	0.0
(1, 1057)	6157	0.0
(3, 440)	6158	0.0
(3, 441)	6159	0.0
(23, 127)	6160	0.0
(1, 1058)	6161	0.0
(2, 1553)	6162	0.0
(1, 1059)	6163	0.0
(2, 1554)	6164	0.0
(23, 128)	6165	0.0
(2, 1555)	6166	0.0
(1, 1060)	6167	0.0
(1, 1061)	6168	0.0
(3, 442)	6169	0.0
(1, 1062)	6170	0.0
(8, 1265)	6171	0.0
(8, 1266)	6172	0.0
(1, 1063)	6173	0.0
(1, 1064)	6174	0.0
(3, 443)	6175	0.0
(3, 444)	6176	0.0
(3, 445)	6177	0.0
(3, 446)	6178	0.0
(23, 129)	6179	0.0
(4, 388)	6180	0.0
(8, 1267)	6181	0.0
(2, 1556)	6182	0.0
(1, 1065)	6183	0.0
(8, 1268)	6184	0.0
(2, 1557)	6185	0.0
(8, 1269)	6186	0.0
(2, 1558)	6187	0.0
(2, 1559)	6188	0.0
(8, 1270)	6189	0.0
(2, 1560)	6190	0.0
(4, 389)	6191	0.0
(2, 1561)	6192	0.0
(2, 1562)	6193	0.0
(2, 1563)	6194	0.0
(8, 1271)	6195	0.0
(1, 1066)	6196	0.0
(9, 306)	6197	0.0
(2, 1564)	6198	0.0
(3, 447)	6199	0.0
(3, 448)	6200	0.0
(4, 390)	6201	0.0
(1, 1067)	6202	0.0
(3, 449)	6203	0.0
(3, 450)	6204	0.0
(16, 57)	6205	0.0
(4, 391)	6206	0.0
(1, 1068)	6207	0.0
(21, 246)	6208	0.0
(21, 247)	6209	0.0
(3, 451)	6210	0.0
(1, 1069)	6211	0.0
(1, 1070)	6212	0.0
(3, 452)	6213	0.0
(23, 130)	6214	0.0
(23, 131)	6215	0.0
(16, 58)	6216	0.0
(2, 1565)	6217	0.0
(9, 307)	6218	0.0
(8, 1272)	6219	0.0
(8, 1273)	6220	0.0
(9, 308)	6221	0.0
(8, 1274)	6222	0.0
(2, 1566)	6223	0.0
(2, 1567)	6224	0.0
(8, 1275)	6225	0.0
(8, 1276)	6226	0.0
(2, 1568)	6227	0.0
(2, 1569)	6228	0.0
(2, 1570)	6229	0.0
(2, 1571)	6230	0.0
(2, 1572)	6231	0.0
(8, 1277)	6232	0.0
(8, 1278)	6233	0.0
(8, 1279)	6234	0.0
(8, 1280)	6235	0.0
(8, 1281)	6236	0.0
(4, 392)	6237	0.0
(4, 393)	6238	0.0
(8, 1282)	6239	0.0
(4, 394)	6240	0.0
(15, 58)	6241	0.0
(8, 1283)	6242	0.0
(3, 453)	6243	0.0
(1, 1071)	6244	0.0
(2, 1573)	6245	0.0
(11, 62)	6246	0.0
(23, 132)	6247	0.0
(2, 1574)	6248	0.0
(1, 1072)	6249	0.0
(21, 248)	6250	0.0
(21, 249)	6251	0.0
(21, 250)	6252	0.0
(1, 1073)	6253	0.0
(3, 454)	6254	0.0
(4, 395)	6255	0.0
(4, 396)	6256	0.0
(10, 176)	6257	0.0
(15, 59)	6258	0.0
(21, 251)	6259	0.0
(1, 1074)	6260	0.0
(2, 1575)	6261	0.0
(1, 1075)	6262	0.0
(2, 1576)	6263	0.0
(8, 1284)	6264	0.0
(3, 455)	6265	0.0
(1, 1076)	6266	0.0
(2, 1577)	6267	0.0
(2, 1578)	6268	0.0
(2, 1579)	6269	0.0
(8, 1285)	6270	0.0
(2, 1580)	6271	0.0
(2, 1581)	6272	0.0
(2, 1582)	6273	0.0
(8, 1286)	6274	0.0
(9, 309)	6275	0.0
(8, 1287)	6276	0.0
(8, 1288)	6277	0.0
(2, 1583)	6278	0.0
(2, 1584)	6279	0.0
(2, 1585)	6280	0.0
(8, 1289)	6281	0.0
(9, 310)	6282	0.0
(8, 1290)	6283	0.0
(2, 1586)	6284	0.0
(2, 1587)	6285	0.0
(8, 1291)	6286	0.0
(2, 1588)	6287	0.0
(2, 1589)	6288	0.0
(2, 1590)	6289	0.0
(2, 1591)	6290	0.0
(9, 311)	6291	0.0
(1, 1077)	6292	0.0
(2, 1592)	6293	0.0
(1, 1078)	6294	0.0
(8, 1292)	6295	0.0
(1, 1079)	6296	0.0
(8, 1293)	6297	0.0
(8, 1294)	6298	0.0
(2, 1593)	6299	0.0
(8, 1295)	6300	0.0
(4, 397)	6301	0.0
(2, 1594)	6302	0.0
(2, 1595)	6303	0.0
(1, 1080)	6304	0.0
(2, 1596)	6305	0.0
(8, 1296)	6306	0.0
(8, 1297)	6307	0.0
(21, 252)	6308	0.0
(3, 456)	6309	0.0
(3, 457)	6310	0.0
(21, 253)	6311	0.0
(21, 254)	6312	0.0
(3, 458)	6313	0.0
(4, 398)	6314	0.0
(5, 173)	6315	0.0
(2, 1597)	6316	0.0
(1, 1081)	6317	0.0
(1, 1082)	6318	0.0
(1, 1083)	6319	0.0
(3, 459)	6320	0.0
(8, 1298)	6321	0.0
(1, 1084)	6322	0.0
(21, 255)	6323	0.0
(22, 31)	6324	0.0
(22, 32)	6325	0.0
(1, 1085)	6326	0.0
(21, 256)	6327	0.0
(22, 33)	6328	0.0
(22, 34)	6329	0.0
(18, 13)	6330	0.0
(1, 1086)	6331	0.0
(1, 1087)	6332	0.0
(2, 1598)	6333	0.0
(2, 1599)	6334	0.0
(8, 1299)	6335	0.0
(8, 1300)	6336	0.0
(4, 399)	6337	0.0
(2, 1600)	6338	0.0
(2, 1601)	6339	0.0
(1, 1088)	6340	0.0
(1, 1089)	6341	0.0
(3, 460)	6342	0.0
(4, 400)	6343	0.0
(9, 312)	6344	0.0
(1, 1090)	6345	0.0
(2, 1602)	6346	0.0
(5, 174)	6347	0.0
(1, 1091)	6348	0.0
(2, 1603)	6349	0.0
(3, 461)	6350	0.0
(23, 133)	6351	0.0
(23, 134)	6352	0.0
(1, 1092)	6353	0.0
(3, 462)	6354	0.0
(3, 463)	6355	0.0
(3, 464)	6356	0.0
(3, 465)	6357	0.0
(21, 257)	6358	0.0
(21, 258)	6359	0.0
(22, 35)	6360	0.0
(8, 1301)	6361	0.0
(9, 313)	6362	0.0
(2, 1604)	6363	0.0
(8, 1302)	6364	0.0
(8, 1303)	6365	0.0
(6, 32)	6366	0.0
(21, 259)	6367	0.0
(3, 466)	6368	0.0
(3, 467)	6369	0.0
(2, 1605)	6370	0.0
(4, 401)	6371	0.0
(1, 1093)	6372	0.0
(2, 1606)	6373	0.0
(9, 314)	6374	0.0
(10, 177)	6375	0.0
(1, 1094)	6376	0.0
(1, 1095)	6377	0.0
(8, 1304)	6378	0.0
(2, 1607)	6379	0.0
(2, 1608)	6380	0.0
(1, 1096)	6381	0.0
(2, 1609)	6382	0.0
(1, 1097)	6383	0.0
(1, 1098)	6384	0.0
(19, 11)	6385	0.0
(1, 1099)	6386	0.0
(1, 1100)	6387	0.0
(1, 1101)	6388	0.0
(1, 1102)	6389	0.0
(1, 1103)	6390	0.0
(2, 1610)	6391	0.0
(1, 1104)	6392	0.0
(1, 1105)	6393	0.0
(1, 1106)	6394	0.0
(1, 1107)	6395	0.0
(1, 1108)	6396	0.0
(18, 14)	6397	0.0
(19, 12)	6398	0.0
(1, 1109)	6399	0.0
(1, 1110)	6400	0.0
(21, 260)	6401	0.0
(22, 36)	6402	0.0
(19, 13)	6403	0.0
(2, 1611)	6404	0.0
(2, 1612)	6405	0.0
(8, 1305)	6406	0.0
(1, 1111)	6407	0.0
(1, 1112)	6408	0.0
(1, 1113)	6409	0.0
(21, 261)	6410	0.0
(21, 262)	6411	0.0
(3, 468)	6412	0.0
(16, 59)	6413	0.0
(1, 1114)	6414	0.0
(1, 1115)	6415	0.0
(1, 1116)	6416	0.0
(4, 402)	6417	0.0
(8, 1306)	6418	0.0
(3, 469)	6419	0.0
(4, 403)	6420	0.0
(3, 470)	6421	0.0
(3, 471)	6422	0.0
(3, 472)	6423	0.0
(1, 1117)	6424	0.0
(3, 473)	6425	0.0
(4, 404)	6426	0.0
(1, 1118)	6427	0.0
(23, 135)	6428	0.0
(1, 1119)	6429	0.0
(1, 1120)	6430	0.0
(1, 1121)	6431	0.0
(2, 1613)	6432	0.0
(3, 474)	6433	0.0
(1, 1122)	6434	0.0
(21, 263)	6435	0.0
(21, 264)	6436	0.0
(21, 265)	6437	0.0
(21, 266)	6438	0.0
(3, 475)	6439	0.0
(1, 1123)	6440	0.0
(3, 476)	6441	0.0
(1, 1124)	6442	0.0
(21, 267)	6443	0.0
(21, 268)	6444	0.0
(1, 1125)	6445	0.0
(21, 269)	6446	0.0
(21, 270)	6447	0.0
(21, 271)	6448	0.0
(22, 37)	6449	0.0
(18, 15)	6450	0.0
(1, 1126)	6451	0.0
(2, 1614)	6452	0.0
(2, 1615)	6453	0.0
(4, 405)	6454	0.0
(2, 1616)	6455	0.0
(2, 1617)	6456	0.0
(8, 1307)	6457	0.0
(1, 1127)	6458	0.0
(8, 1308)	6459	0.0
(8, 1309)	6460	0.0
(2, 1618)	6461	0.0
(8, 1310)	6462	0.0
(8, 1311)	6463	0.0
(3, 477)	6464	0.0
(1, 1128)	6465	0.0
(1, 1129)	6466	0.0
(2, 1619)	6467	0.0
(3, 478)	6468	0.0
(2, 1620)	6469	0.0
(1, 1130)	6470	0.0
(8, 1312)	6471	0.0
(2, 1621)	6472	0.0
(2, 1622)	6473	0.0
(8, 1313)	6474	0.0
(8, 1314)	6475	0.0
(2, 1623)	6476	0.0
(9, 315)	6477	0.0
(2, 1624)	6478	0.0
(8, 1315)	6479	0.0
(2, 1625)	6480	0.0
(2, 1626)	6481	0.0
(2, 1627)	6482	0.0
(2, 1628)	6483	0.0
(2, 1629)	6484	0.0
(8, 1316)	6485	0.0
(2, 1630)	6486	0.0
(3, 479)	6487	0.0
(2, 1631)	6488	0.0
(2, 1632)	6489	0.0
(2, 1633)	6490	0.0
(2, 1634)	6491	0.0
(8, 1317)	6492	0.0
(2, 1635)	6493	0.0
(2, 1636)	6494	0.0
(2, 1637)	6495	0.0
(2, 1638)	6496	0.0
(3, 480)	6497	0.0
(10, 178)	6498	0.0
(2, 1639)	6499	0.0
(2, 1640)	6500	0.0
(2, 1641)	6501	0.0
(8, 1318)	6502	0.0
(9, 316)	6503	0.0
(2, 1642)	6504	0.0
(2, 1643)	6505	0.0
(2, 1644)	6506	0.0
(2, 1645)	6507	0.0
(2, 1646)	6508	0.0
(4, 406)	6509	0.0
(4, 407)	6510	0.0
(2, 1647)	6511	0.0
(2, 1648)	6512	0.0
(8, 1319)	6513	0.0
(8, 1320)	6514	0.0
(2, 1649)	6515	0.0
(8, 1321)	6516	0.0
(4, 408)	6517	0.0
(2, 1650)	6518	0.0
(10, 179)	6519	0.0
(2, 1651)	6520	0.0
(3, 481)	6521	0.0
(2, 1652)	6522	0.0
(2, 1653)	6523	0.0
(2, 1654)	6524	0.0
(2, 1655)	6525	0.0
(1, 1131)	6526	0.0
(1, 1132)	6527	0.0
(1, 1133)	6528	0.0
(23, 136)	6529	0.0
(3, 482)	6530	0.0
(1, 1134)	6531	0.0
(21, 272)	6532	0.0
(21, 273)	6533	0.0
(3, 483)	6534	0.0
(3, 484)	6535	0.0
(2, 1656)	6536	0.0
(2, 1657)	6537	0.0
(8, 1322)	6538	0.0
(2, 1658)	6539	0.0
(2, 1659)	6540	0.0
(8, 1323)	6541	0.0
(2, 1660)	6542	0.0
(8, 1324)	6543	0.0
(9, 317)	6544	0.0
(2, 1661)	6545	0.0
(2, 1662)	6546	0.0
(2, 1663)	6547	0.0
(2, 1664)	6548	0.0
(3, 485)	6549	0.0
(2, 1665)	6550	0.0
(2, 1666)	6551	0.0
(3, 486)	6552	0.0
(3, 487)	6553	0.0
(21, 274)	6554	0.0
(21, 275)	6555	0.0
(3, 488)	6556	0.0
(16, 60)	6557	0.0
(2, 1667)	6558	0.0
(5, 175)	6559	0.0
(1, 1135)	6560	0.0
(3, 489)	6561	0.0
(2, 1668)	6562	0.0
(2, 1669)	6563	0.0
(2, 1670)	6564	0.0
(2, 1671)	6565	0.0
(3, 490)	6566	0.0
(2, 1672)	6567	0.0
(2, 1673)	6568	0.0
(2, 1674)	6569	0.0
(2, 1675)	6570	0.0
(3, 491)	6571	0.0
(2, 1676)	6572	0.0
(2, 1677)	6573	0.0
(2, 1678)	6574	0.0
(1, 1136)	6575	0.0
(2, 1679)	6576	0.0
(1, 1137)	6577	0.0
(3, 492)	6578	0.0
(21, 276)	6579	0.0
(1, 1138)	6580	0.0
(3, 493)	6581	0.0
(3, 494)	6582	0.0
(1, 1139)	6583	0.0
(8, 1325)	6584	0.0
(10, 180)	6585	0.0
(1, 1140)	6586	0.0
(3, 495)	6587	0.0
(3, 496)	6588	0.0
(2, 1680)	6589	0.0
(3, 497)	6590	0.0
(2, 1681)	6591	0.0
(2, 1682)	6592	0.0
(2, 1683)	6593	0.0
(1, 1141)	6594	0.0
(8, 1326)	6595	0.0
(2, 1684)	6596	0.0
(8, 1327)	6597	0.0
(4, 409)	6598	0.0
(2, 1685)	6599	0.0
(2, 1686)	6600	0.0
(3, 498)	6601	0.0
(3, 499)	6602	0.0
(5, 176)	6603	0.0
(8, 1328)	6604	0.0
(2, 1687)	6605	0.0
(2, 1688)	6606	0.0
(3, 500)	6607	0.0
(1, 1142)	6608	0.0
(21, 277)	6609	0.0
(21, 278)	6610	0.0
(3, 501)	6611	0.0
(3, 502)	6612	0.0
(3, 503)	6613	0.0
(4, 410)	6614	0.0
(5, 177)	6615	0.0
(1, 1143)	6616	0.0
(21, 279)	6617	0.0
(23, 137)	6618	0.0
(8, 1329)	6619	0.0
(1, 1144)	6620	0.0
(1, 1145)	6621	0.0
(21, 280)	6622	0.0
(4, 411)	6623	0.0
(1, 1146)	6624	0.0
(23, 138)	6625	0.0
(1, 1147)	6626	0.0
(21, 281)	6627	0.0
(23, 139)	6628	0.0
(1, 1148)	6629	0.0
(1, 1149)	6630	0.0
(21, 282)	6631	0.0
(3, 504)	6632	0.0
(23, 140)	6633	0.0
(3, 505)	6634	0.0
(21, 283)	6635	0.0
(23, 141)	6636	0.0
(2, 1689)	6637	0.0
(2, 1690)	6638	0.0
(16, 61)	6639	0.0
(8, 1330)	6640	0.0
(1, 1150)	6641	0.0
(21, 284)	6642	0.0
(1, 1151)	6643	0.0
(21, 285)	6644	0.0
(1, 1152)	6645	0.0
(3, 506)	6646	0.0
(1, 1153)	6647	0.0
(2, 1691)	6648	0.0
(21, 286)	6649	0.0
(21, 287)	6650	0.0
(1, 1154)	6651	0.0
(1, 1155)	6652	0.0
(1, 1156)	6653	0.0
(21, 288)	6654	0.0
(3, 507)	6655	0.0
(3, 508)	6656	0.0
(5, 178)	6657	0.0
(2, 1692)	6658	0.0
(3, 509)	6659	0.0
(2, 1693)	6660	0.0
(3, 510)	6661	0.0
(23, 142)	6662	0.0
(2, 1694)	6663	0.0
(2, 1695)	6664	0.0
(2, 1696)	6665	0.0
(2, 1697)	6666	0.0
(3, 511)	6667	0.0
(3, 512)	6668	0.0
(2, 1698)	6669	0.0
(2, 1699)	6670	0.0
(2, 1700)	6671	0.0
(2, 1701)	6672	0.0
(23, 143)	6673	0.0
(2, 1702)	6674	0.0
(2, 1703)	6675	0.0
(2, 1704)	6676	0.0
(2, 1705)	6677	0.0
(2, 1706)	6678	0.0
(2, 1707)	6679	0.0
(2, 1708)	6680	0.0
(3, 513)	6681	0.0
(2, 1709)	6682	0.0
(2, 1710)	6683	0.0
(2, 1711)	6684	0.0
(2, 1712)	6685	0.0
(2, 1713)	6686	0.0
(3, 514)	6687	0.0
(2, 1714)	6688	0.0
(2, 1715)	6689	0.0
(3, 515)	6690	0.0
(2, 1716)	6691	0.0
(2, 1717)	6692	0.0
(2, 1718)	6693	0.0
(23, 144)	6694	0.0
(2, 1719)	6695	0.0
(1, 1157)	6696	0.0
(3, 516)	6697	0.0
(3, 517)	6698	0.0
(4, 412)	6699	0.0
(2, 1720)	6700	0.0
(21, 289)	6701	0.0
(21, 290)	6702	0.0
(22, 38)	6703	0.0
(23, 145)	6704	0.0
(16, 62)	6705	0.0
(2, 1721)	6706	0.0
(2, 1722)	6707	0.0
(5, 179)	6708	0.0
(2, 1723)	6709	0.0
(2, 1724)	6710	0.0
(2, 1725)	6711	0.0
(2, 1726)	6712	0.0
(8, 1331)	6713	0.0
(8, 1332)	6714	0.0
(2, 1727)	6715	0.0
(9, 318)	6716	0.0
(2, 1728)	6717	0.0
(2, 1729)	6718	0.0
(2, 1730)	6719	0.0
(2, 1731)	6720	0.0
(2, 1732)	6721	0.0
(2, 1733)	6722	0.0
(2, 1734)	6723	0.0
(2, 1735)	6724	0.0
(2, 1736)	6725	0.0
(8, 1333)	6726	0.0
(2, 1737)	6727	0.0
(8, 1334)	6728	0.0
(2, 1738)	6729	0.0
(2, 1739)	6730	0.0
(2, 1740)	6731	0.0
(8, 1335)	6732	0.0
(8, 1336)	6733	0.0
(8, 1337)	6734	0.0
(2, 1741)	6735	0.0
(2, 1742)	6736	0.0
(3, 518)	6737	0.0
(2, 1743)	6738	0.0
(2, 1744)	6739	0.0
(8, 1338)	6740	0.0
(8, 1339)	6741	0.0
(8, 1340)	6742	0.0
(2, 1745)	6743	0.0
(8, 1341)	6744	0.0
(3, 519)	6745	0.0
(3, 520)	6746	0.0
(4, 413)	6747	0.0
(3, 521)	6748	0.0
(3, 522)	6749	0.0
(3, 523)	6750	0.0
(23, 146)	6751	0.0
(8, 1342)	6752	0.0
(3, 524)	6753	0.0
(3, 525)	6754	0.0
(1, 1158)	6755	0.0
(2, 1746)	6756	0.0
(3, 526)	6757	0.0
(4, 414)	6758	0.0
(5, 180)	6759	0.0
(11, 63)	6760	0.0
(1, 1159)	6761	0.0
(2, 1747)	6762	0.0
(4, 415)	6763	0.0
(3, 527)	6764	0.0
(8, 1343)	6765	0.0
(8, 1344)	6766	0.0
(8, 1345)	6767	0.0
(8, 1346)	6768	0.0
(4, 416)	6769	0.0
(8, 1347)	6770	0.0
(8, 1348)	6771	0.0
(8, 1349)	6772	0.0
(8, 1350)	6773	0.0
(2, 1748)	6774	0.0
(2, 1749)	6775	0.0
(8, 1351)	6776	0.0
(2, 1750)	6777	0.0
(2, 1751)	6778	0.0
(9, 319)	6779	0.0
(8, 1352)	6780	0.0
(2, 1752)	6781	0.0
(2, 1753)	6782	0.0
(4, 417)	6783	0.0
(2, 1754)	6784	0.0
(2, 1755)	6785	0.0
(4, 418)	6786	0.0
(2, 1756)	6787	0.0
(2, 1757)	6788	0.0
(2, 1758)	6789	0.0
(2, 1759)	6790	0.0
(2, 1760)	6791	0.0
(4, 419)	6792	0.0
(8, 1353)	6793	0.0
(10, 181)	6794	0.0
(1, 1160)	6795	0.0
(21, 291)	6796	0.0
(3, 528)	6797	0.0
(3, 529)	6798	0.0
(2, 1761)	6799	0.0
(2, 1762)	6800	0.0
(1, 1161)	6801	0.0
(21, 292)	6802	0.0
(2, 1763)	6803	0.0
(9, 320)	6804	0.0
(10, 182)	6805	0.0
(10, 183)	6806	0.0
(8, 1354)	6807	0.0
(10, 184)	6808	0.0
(10, 185)	6809	0.0
(10, 186)	6810	0.0
(5, 181)	6811	0.0
(9, 321)	6812	0.0
(10, 187)	6813	0.0
(4, 420)	6814	0.0
(4, 421)	6815	0.0
(2, 1764)	6816	0.0
(9, 322)	6817	0.0
(8, 1355)	6818	0.0
(2, 1765)	6819	0.0
(2, 1766)	6820	0.0
(8, 1356)	6821	0.0
(4, 422)	6822	0.0
(2, 1767)	6823	0.0
(2, 1768)	6824	0.0
(4, 423)	6825	0.0
(2, 1769)	6826	0.0
(2, 1770)	6827	0.0
(4, 424)	6828	0.0
(2, 1771)	6829	0.0
(2, 1772)	6830	0.0
(1, 1162)	6831	0.0
(8, 1357)	6832	0.0
(4, 425)	6833	0.0
(8, 1358)	6834	0.0
(1, 1163)	6835	0.0
(8, 1359)	6836	0.0
(4, 426)	6837	0.0
(9, 323)	6838	0.0
(9, 324)	6839	0.0
(9, 325)	6840	0.0
(8, 1360)	6841	0.0
(4, 427)	6842	0.0
(9, 326)	6843	0.0
(9, 327)	6844	0.0
(24, 41)	6845	0.0
(3, 530)	6846	0.0
(2, 1773)	6847	0.0
(2, 1774)	6848	0.0
(3, 531)	6849	0.0
(8, 1361)	6850	0.0
(2, 1775)	6851	0.0
(8, 1362)	6852	0.0
(9, 328)	6853	0.0
(2, 1776)	6854	0.0
(2, 1777)	6855	0.0
(2, 1778)	6856	0.0
(10, 188)	6857	0.0
(8, 1363)	6858	0.0
(8, 1364)	6859	0.0
(4, 428)	6860	0.0
(8, 1365)	6861	0.0
(9, 329)	6862	0.0
(2, 1779)	6863	0.0
(4, 429)	6864	0.0
(4, 430)	6865	0.0
(5, 182)	6866	0.0
(8, 1366)	6867	0.0
(9, 330)	6868	0.0
(8, 1367)	6869	0.0
(8, 1368)	6870	0.0
(1, 1164)	6871	0.0
(1, 1165)	6872	0.0
(3, 532)	6873	0.0
(1, 1166)	6874	0.0
(21, 293)	6875	0.0
(3, 533)	6876	0.0
(21, 294)	6877	0.0
(21, 295)	6878	0.0
(22, 39)	6879	0.0
(1, 1167)	6880	0.0
(1, 1168)	6881	0.0
(1, 1169)	6882	0.0
(3, 534)	6883	0.0
(3, 535)	6884	0.0
(3, 536)	6885	0.0
(1, 1170)	6886	0.0
(2, 1780)	6887	0.0
(8, 1369)	6888	0.0
(8, 1370)	6889	0.0
(8, 1371)	6890	0.0
(8, 1372)	6891	0.0
(8, 1373)	6892	0.0
(4, 431)	6893	0.0
(21, 296)	6894	0.0
(3, 537)	6895	0.0
(3, 538)	6896	0.0
(2, 1781)	6897	0.0
(4, 432)	6898	0.0
(4, 433)	6899	0.0
(2, 1782)	6900	0.0
(8, 1374)	6901	0.0
(1, 1171)	6902	0.0
(1, 1172)	6903	0.0
(1, 1173)	6904	0.0
(3, 539)	6905	0.0
(3, 540)	6906	0.0
(3, 541)	6907	0.0
(1, 1174)	6908	0.0
(21, 297)	6909	0.0
(22, 40)	6910	0.0
(19, 14)	6911	0.0
(2, 1783)	6912	0.0
(1, 1175)	6913	0.0
(21, 298)	6914	0.0
(21, 299)	6915	0.0
(22, 41)	6916	0.0
(18, 16)	6917	0.0
(1, 1176)	6918	0.0
(1, 1177)	6919	0.0
(21, 300)	6920	0.0
(3, 542)	6921	0.0
(4, 434)	6922	0.0
(8, 1375)	6923	0.0
(8, 1376)	6924	0.0
(2, 1784)	6925	0.0
(3, 543)	6926	0.0
(21, 301)	6927	0.0
(3, 544)	6928	0.0
(23, 147)	6929	0.0
(6, 33)	6930	0.0
(3, 545)	6931	0.0
(4, 435)	6932	0.0
(21, 302)	6933	0.0
(3, 546)	6934	0.0
(4, 436)	6935	0.0
(21, 303)	6936	0.0
(21, 304)	6937	0.0
(22, 42)	6938	0.0
(18, 17)	6939	0.0
(19, 15)	6940	0.0
(1, 1178)	6941	0.0
(21, 305)	6942	0.0
(4, 437)	6943	0.0
(21, 306)	6944	0.0
(3, 547)	6945	0.0
(3, 548)	6946	0.0
(1, 1179)	6947	0.0
(2, 1785)	6948	0.0
(8, 1377)	6949	0.0
(8, 1378)	6950	0.0
(8, 1379)	6951	0.0
(9, 331)	6952	0.0
(4, 438)	6953	0.0
(1, 1180)	6954	0.0
(1, 1181)	6955	0.0
(21, 307)	6956	0.0
(21, 308)	6957	0.0
(3, 549)	6958	0.0
(3, 550)	6959	0.0
(8, 1380)	6960	0.0
(4, 439)	6961	0.0
(1, 1182)	6962	0.0
(1, 1183)	6963	0.0
(1, 1184)	6964	0.0
(3, 551)	6965	0.0
(1, 1185)	6966	0.0
(21, 309)	6967	0.0
(3, 552)	6968	0.0
(1, 1186)	6969	0.0
(21, 310)	6970	0.0
(22, 43)	6971	0.0
(2, 1786)	6972	0.0
(1, 1187)	6973	0.0
(1, 1188)	6974	0.0
(3, 553)	6975	0.0
(3, 554)	6976	0.0
(21, 311)	6977	0.0
(3, 555)	6978	0.0
(3, 556)	6979	0.0
(3, 557)	6980	0.0
(23, 148)	6981	0.0
(21, 312)	6982	0.0
(3, 558)	6983	0.0
(23, 149)	6984	0.0
(2, 1787)	6985	0.0
(10, 189)	6986	0.0
(3, 559)	6987	0.0
(3, 560)	6988	0.0
(4, 440)	6989	0.0
(1, 1189)	6990	0.0
(2, 1788)	6991	0.0
(3, 561)	6992	0.0
(4, 441)	6993	0.0
(8, 1381)	6994	0.0
(3, 562)	6995	0.0
(3, 563)	6996	0.0
(3, 564)	6997	0.0
(23, 150)	6998	0.0
(2, 1789)	6999	0.0
(3, 565)	7000	0.0
(23, 151)	7001	0.0
(1, 1190)	7002	0.0
(21, 313)	7003	0.0
(18, 18)	7004	0.0
(1, 1191)	7005	0.0
(2, 1790)	7006	0.0
(3, 566)	7007	0.0
(4, 442)	7008	0.0
(1, 1192)	7009	0.0
(3, 567)	7010	0.0
(23, 152)	7011	0.0
(8, 1382)	7012	0.0
(9, 332)	7013	0.0
(1, 1193)	7014	0.0
(1, 1194)	7015	0.0
(1, 1195)	7016	0.0
(2, 1791)	7017	0.0
(2, 1792)	7018	0.0
(1, 1196)	7019	0.0
(1, 1197)	7020	0.0
(21, 314)	7021	0.0
(3, 568)	7022	0.0
(2, 1793)	7023	0.0
(2, 1794)	7024	0.0
(1, 1198)	7025	0.0
(21, 315)	7026	0.0
(2, 1795)	7027	0.0
(1, 1199)	7028	0.0
(4, 443)	7029	0.0
(1, 1200)	7030	0.0
(1, 1201)	7031	0.0
(1, 1202)	7032	0.0
(23, 153)	7033	0.0
(2, 1796)	7034	0.0
(3, 569)	7035	0.0
(3, 570)	7036	0.0
(1, 1203)	7037	0.0
(2, 1797)	7038	0.0
(1, 1204)	7039	0.0
(2, 1798)	7040	0.0
(4, 444)	7041	0.0
(1, 1205)	7042	0.0
(3, 571)	7043	0.0
(3, 572)	7044	0.0
(23, 154)	7045	0.0
(5, 183)	7046	0.0
(1, 1206)	7047	0.0
(1, 1207)	7048	0.0
(1, 1208)	7049	0.0
(3, 573)	7050	0.0
(2, 1799)	7051	0.0
(1, 1209)	7052	0.0
(2, 1800)	7053	0.0
(1, 1210)	7054	0.0
(1, 1211)	7055	0.0
(4, 445)	7056	0.0
(4, 446)	7057	0.0
(1, 1212)	7058	0.0
(1, 1213)	7059	0.0
(1, 1214)	7060	0.0
(3, 574)	7061	0.0
(5, 184)	7062	0.0
(5, 185)	7063	0.0
(1, 1215)	7064	0.0
(1, 1216)	7065	0.0
(1, 1217)	7066	0.0
(21, 316)	7067	0.0
(21, 317)	7068	0.0
(22, 44)	7069	0.0
(22, 45)	7070	0.0
(1, 1218)	7071	0.0
(21, 318)	7072	0.0
(3, 575)	7073	0.0
(3, 576)	7074	0.0
(3, 577)	7075	0.0
(3, 578)	7076	0.0
(4, 447)	7077	0.0
(1, 1219)	7078	0.0
(3, 579)	7079	0.0
(3, 580)	7080	0.0
(23, 155)	7081	0.0
(13, 8)	7082	0.0
(1, 1220)	7083	0.0
(1, 1221)	7084	0.0
(2, 1801)	7085	0.0
(2, 1802)	7086	0.0
(1, 1222)	7087	0.0
(1, 1223)	7088	0.0
(1, 1224)	7089	0.0
(1, 1225)	7090	0.0
(1, 1226)	7091	0.0
(2, 1803)	7092	0.0
(2, 1804)	7093	0.0
(1, 1227)	7094	0.0
(21, 319)	7095	0.0
(21, 320)	7096	0.0
(21, 321)	7097	0.0
(23, 156)	7098	0.0
(1, 1228)	7099	0.0
(10, 190)	7100	0.0
(3, 581)	7101	0.0
(3, 582)	7102	0.0
(1, 1229)	7103	0.0
(4, 448)	7104	0.0
(3, 583)	7105	0.0
(21, 322)	7106	0.0
(3, 584)	7107	0.0
(9, 333)	7108	0.0
(2, 1805)	7109	0.0
(2, 1806)	7110	0.0
(3, 585)	7111	0.0
(3, 586)	7112	0.0
(23, 157)	7113	0.0
(2, 1807)	7114	0.0
(10, 191)	7115	0.0
(2, 1808)	7116	0.0
(3, 587)	7117	0.0
(3, 588)	7118	0.0
(3, 589)	7119	0.0
(2, 1809)	7120	0.0
(3, 590)	7121	0.0
(3, 591)	7122	0.0
(2, 1810)	7123	0.0
(1, 1230)	7124	0.0
(2, 1811)	7125	0.0
(21, 323)	7126	0.0
(3, 592)	7127	0.0
(3, 593)	7128	0.0
(2, 1812)	7129	0.0
(1, 1231)	7130	0.0
(2, 1813)	7131	0.0
(3, 594)	7132	0.0
(2, 1814)	7133	0.0
(8, 1383)	7134	0.0
(2, 1815)	7135	0.0
(2, 1816)	7136	0.0
(3, 595)	7137	0.0
(3, 596)	7138	0.0
(1, 1232)	7139	0.0
(1, 1233)	7140	0.0
(21, 324)	7141	0.0
(21, 325)	7142	0.0
(21, 326)	7143	0.0
(23, 158)	7144	0.0
(16, 63)	7145	0.0
(2, 1817)	7146	0.0
(1, 1234)	7147	0.0
(1, 1235)	7148	0.0
(1, 1236)	7149	0.0
(4, 449)	7150	0.0
(21, 327)	7151	0.0
(21, 328)	7152	0.0
(21, 329)	7153	0.0
(21, 330)	7154	0.0
(18, 19)	7155	0.0
(19, 16)	7156	0.0
(3, 597)	7157	0.0
(2, 1818)	7158	0.0
(23, 159)	7159	0.0
(1, 1237)	7160	0.0
(1, 1238)	7161	0.0
(21, 331)	7162	0.0
(4, 450)	7163	0.0
(1, 1239)	7164	0.0
(1, 1240)	7165	0.0
(1, 1241)	7166	0.0
(1, 1242)	7167	0.0
(21, 332)	7168	0.0
(21, 333)	7169	0.0
(21, 334)	7170	0.0
(22, 46)	7171	0.0
(1, 1243)	7172	0.0
(1, 1244)	7173	0.0
(21, 335)	7174	0.0
(21, 336)	7175	0.0
(23, 160)	7176	0.0
(1, 1245)	7177	0.0
(21, 337)	7178	0.0
(3, 598)	7179	0.0
(1, 1246)	7180	0.0
(3, 599)	7181	0.0
(3, 600)	7182	0.0
(8, 1384)	7183	0.0
(8, 1385)	7184	0.0
(2, 1819)	7185	0.0
(2, 1820)	7186	0.0
(3, 601)	7187	0.0
(3, 602)	7188	0.0
(3, 603)	7189	0.0
(3, 604)	7190	0.0
(23, 161)	7191	0.0
(4, 451)	7192	0.0
(8, 1386)	7193	0.0
(2, 1821)	7194	0.0
(2, 1822)	7195	0.0
(4, 452)	7196	0.0
(8, 1387)	7197	0.0
(10, 192)	7198	0.0
(3, 605)	7199	0.0
(1, 1247)	7200	0.0
(21, 338)	7201	0.0
(3, 606)	7202	0.0
(3, 607)	7203	0.0
(3, 608)	7204	0.0
(3, 609)	7205	0.0
(3, 610)	7206	0.0
(3, 611)	7207	0.0
(21, 339)	7208	0.0
(2, 1823)	7209	0.0
(3, 612)	7210	0.0
(23, 162)	7211	0.0
(23, 163)	7212	0.0
(1, 1248)	7213	0.0
(1, 1249)	7214	0.0
(1, 1250)	7215	0.0
(1, 1251)	7216	0.0
(3, 613)	7217	0.0
(3, 614)	7218	0.0
(23, 164)	7219	0.0
(16, 64)	7220	0.0
(3, 615)	7221	0.0
(23, 165)	7222	0.0
(23, 166)	7223	0.0
(1, 1252)	7224	0.0
(23, 167)	7225	0.0
(21, 340)	7226	0.0
(23, 168)	7227	0.0
(1, 1253)	7228	0.0
(8, 1388)	7229	0.0
(1, 1254)	7230	0.0
(1, 1255)	7231	0.0
(4, 453)	7232	0.0
(4, 454)	7233	0.0
(3, 616)	7234	0.0
(3, 617)	7235	0.0
(21, 341)	7236	0.0
(21, 342)	7237	0.0
(3, 618)	7238	0.0
(1, 1256)	7239	0.0
(1, 1257)	7240	0.0
(21, 343)	7241	0.0
(3, 619)	7242	0.0
(4, 455)	7243	0.0
(1, 1258)	7244	0.0
(1, 1259)	7245	0.0
(2, 1824)	7246	0.0
(4, 456)	7247	0.0
(23, 169)	7248	0.0
(5, 186)	7249	0.0
(1, 1260)	7250	0.0
(3, 620)	7251	0.0
(23, 170)	7252	0.0
(6, 34)	7253	0.0
(1, 1261)	7254	0.0
(1, 1262)	7255	0.0
(2, 1825)	7256	0.0
(4, 457)	7257	0.0
(1, 1263)	7258	0.0
(1, 1264)	7259	0.0
(21, 344)	7260	0.0
(22, 47)	7261	0.0
(22, 48)	7262	0.0
(23, 171)	7263	0.0
(23, 172)	7264	0.0
(1, 1265)	7265	0.0
(9, 334)	7266	0.0
(21, 345)	7267	0.0
(23, 173)	7268	0.0
(4, 458)	7269	0.0
(1, 1266)	7270	0.0
(2, 1826)	7271	0.0
(2, 1827)	7272	0.0
(4, 459)	7273	0.0
(1, 1267)	7274	0.0
(1, 1268)	7275	0.0
(21, 346)	7276	0.0
(3, 621)	7277	0.0
(23, 174)	7278	0.0
(23, 175)	7279	0.0
(16, 65)	7280	0.0
(1, 1269)	7281	0.0
(2, 1828)	7282	0.0
(8, 1389)	7283	0.0
(1, 1270)	7284	0.0
(1, 1271)	7285	0.0
(21, 347)	7286	0.0
(1, 1272)	7287	0.0
(2, 1829)	7288	0.0
(2, 1830)	7289	0.0
(1, 1273)	7290	0.0
(23, 176)	7291	0.0
(1, 1274)	7292	0.0
(21, 348)	7293	0.0
(22, 49)	7294	0.0
(18, 20)	7295	0.0
(1, 1275)	7296	0.0
(1, 1276)	7297	0.0
(21, 349)	7298	0.0
(21, 350)	7299	0.0
(4, 460)	7300	0.0
(21, 351)	7301	0.0
(21, 352)	7302	0.0
(2, 1831)	7303	0.0
(3, 622)	7304	0.0
(2, 1832)	7305	0.0
(8, 1390)	7306	0.0
(2, 1833)	7307	0.0
(2, 1834)	7308	0.0
(2, 1835)	7309	0.0
(3, 623)	7310	0.0
(8, 1391)	7311	0.0
(8, 1392)	7312	0.0
(23, 177)	7313	0.0
(3, 624)	7314	0.0
(3, 625)	7315	0.0
(4, 461)	7316	0.0
(8, 1393)	7317	0.0
(8, 1394)	7318	0.0
(1, 1277)	7319	0.0
(3, 626)	7320	0.0
(2, 1836)	7321	0.0
(8, 1395)	7322	0.0
(2, 1837)	7323	0.0
(3, 627)	7324	0.0
(23, 178)	7325	0.0
(1, 1278)	7326	0.0
(1, 1279)	7327	0.0
(21, 353)	7328	0.0
(3, 628)	7329	0.0
(3, 629)	7330	0.0
(1, 1280)	7331	0.0
(3, 630)	7332	0.0
(8, 1396)	7333	0.0
(5, 187)	7334	0.0
(1, 1281)	7335	0.0
(1, 1282)	7336	0.0
(21, 354)	7337	0.0
(1, 1283)	7338	0.0
(3, 631)	7339	0.0
(1, 1284)	7340	0.0
(1, 1285)	7341	0.0
(21, 355)	7342	0.0
(23, 179)	7343	0.0
(3, 632)	7344	0.0
(2, 1838)	7345	0.0
(8, 1397)	7346	0.0
(1, 1286)	7347	0.0
(1, 1287)	7348	0.0
(2, 1839)	7349	0.0
(2, 1840)	7350	0.0
(2, 1841)	7351	0.0
(1, 1288)	7352	0.0
(2, 1842)	7353	0.0
(2, 1843)	7354	0.0
(1, 1289)	7355	0.0
(2, 1844)	7356	0.0
(21, 356)	7357	0.0
(8, 1398)	7358	0.0
(8, 1399)	7359	0.0
(1, 1290)	7360	0.0
(2, 1845)	7361	0.0
(2, 1846)	7362	0.0
(2, 1847)	7363	0.0
(1, 1291)	7364	0.0
(2, 1848)	7365	0.0
(23, 180)	7366	0.0
(23, 181)	7367	0.0
(23, 182)	7368	0.0
(8, 1400)	7369	0.0
(2, 1849)	7370	0.0
(4, 462)	7371	0.0
(1, 1292)	7372	0.0
(3, 633)	7373	0.0
(2, 1850)	7374	0.0
(3, 634)	7375	0.0
(8, 1401)	7376	0.0
(8, 1402)	7377	0.0
(2, 1851)	7378	0.0
(2, 1852)	7379	0.0
(1, 1293)	7380	0.0
(1, 1294)	7381	0.0
(21, 357)	7382	0.0
(3, 635)	7383	0.0
(11, 64)	7384	0.0
(2, 1853)	7385	0.0
(4, 463)	7386	0.0
(5, 188)	7387	0.0
(3, 636)	7388	0.0
(3, 637)	7389	0.0
(8, 1403)	7390	0.0
(2, 1854)	7391	0.0
(1, 1295)	7392	0.0
(21, 358)	7393	0.0
(3, 638)	7394	0.0
(3, 639)	7395	0.0
(23, 183)	7396	0.0
(1, 1296)	7397	0.0
(3, 640)	7398	0.0
(21, 359)	7399	0.0
(3, 641)	7400	0.0
(23, 184)	7401	0.0
(1, 1297)	7402	0.0
(1, 1298)	7403	0.0
(1, 1299)	7404	0.0
(3, 642)	7405	0.0
(3, 643)	7406	0.0
(1, 1300)	7407	0.0
(1, 1301)	7408	0.0
(21, 360)	7409	0.0
(22, 50)	7410	0.0
(23, 185)	7411	0.0
(3, 644)	7412	0.0
(1, 1302)	7413	0.0
(3, 645)	7414	0.0
(23, 186)	7415	0.0
(8, 1404)	7416	0.0
(4, 464)	7417	0.0
(1, 1303)	7418	0.0
(3, 646)	7419	0.0
(21, 361)	7420	0.0
(21, 362)	7421	0.0
(3, 647)	7422	0.0
(21, 363)	7423	0.0
(23, 187)	7424	0.0
(8, 1405)	7425	0.0
(8, 1406)	7426	0.0
(1, 1304)	7427	0.0
(1, 1305)	7428	0.0
(3, 648)	7429	0.0
(1, 1306)	7430	0.0
(2, 1855)	7431	0.0
(1, 1307)	7432	0.0
(3, 649)	7433	0.0
(3, 650)	7434	0.0
(3, 651)	7435	0.0
(1, 1308)	7436	0.0
(21, 364)	7437	0.0
(21, 365)	7438	0.0
(23, 188)	7439	0.0
(5, 189)	7440	0.0
(1, 1309)	7441	0.0
(1, 1310)	7442	0.0
(21, 366)	7443	0.0
(3, 652)	7444	0.0
(23, 189)	7445	0.0
(2, 1856)	7446	0.0
(23, 190)	7447	0.0
(2, 1857)	7448	0.0
(8, 1407)	7449	0.0
(3, 653)	7450	0.0
(9, 335)	7451	0.0
(1, 1311)	7452	0.0
(21, 367)	7453	0.0
(3, 654)	7454	0.0
(1, 1312)	7455	0.0
(1, 1313)	7456	0.0
(3, 655)	7457	0.0
(1, 1314)	7458	0.0
(3, 656)	7459	0.0
(21, 368)	7460	0.0
(21, 369)	7461	0.0
(23, 191)	7462	0.0
(23, 192)	7463	0.0
(16, 66)	7464	0.0
(1, 1315)	7465	0.0
(3, 657)	7466	0.0
(1, 1316)	7467	0.0
(21, 370)	7468	0.0
(18, 21)	7469	0.0
(3, 658)	7470	0.0
(4, 465)	7471	0.0
(21, 371)	7472	0.0
(23, 193)	7473	0.0
(1, 1317)	7474	0.0
(21, 372)	7475	0.0
(21, 373)	7476	0.0
(22, 51)	7477	0.0
(1, 1318)	7478	0.0
(1, 1319)	7479	0.0
(21, 374)	7480	0.0
(22, 52)	7481	0.0
(22, 53)	7482	0.0
(22, 54)	7483	0.0
(22, 55)	7484	0.0
(18, 22)	7485	0.0
(1, 1320)	7486	0.0
(8, 1408)	7487	0.0
(1, 1321)	7488	0.0
(21, 375)	7489	0.0
(16, 67)	7490	0.0
(21, 376)	7491	0.0
(21, 377)	7492	0.0
(4, 466)	7493	0.0
(1, 1322)	7494	0.0
(1, 1323)	7495	0.0
(1, 1324)	7496	0.0
(1, 1325)	7497	0.0
(21, 378)	7498	0.0
(21, 379)	7499	0.0
(3, 659)	7500	0.0
(1, 1326)	7501	0.0
(3, 660)	7502	0.0
(8, 1409)	7503	0.0
(21, 380)	7504	0.0
(1, 1327)	7505	0.0
(21, 381)	7506	0.0
(21, 382)	7507	0.0
(16, 68)	7508	0.0
(16, 69)	7509	0.0
(17, 16)	7510	0.0
(1, 1328)	7511	0.0
(2, 1858)	7512	0.0
(2, 1859)	7513	0.0
(2, 1860)	7514	0.0
(2, 1861)	7515	0.0
(1, 1329)	7516	0.0
(21, 383)	7517	0.0
(21, 384)	7518	0.0
(2, 1862)	7519	0.0
(1, 1330)	7520	0.0
(1, 1331)	7521	0.0
(21, 385)	7522	0.0
(23, 194)	7523	0.0
(1, 1332)	7524	0.0
(21, 386)	7525	0.0
(21, 387)	7526	0.0
(21, 388)	7527	0.0
(22, 56)	7528	0.0
(22, 57)	7529	0.0
(18, 23)	7530	0.0
(19, 17)	7531	0.0
(1, 1333)	7532	0.0
(1, 1334)	7533	0.0
(2, 1863)	7534	0.0
(1, 1335)	7535	0.0
(21, 389)	7536	0.0
(21, 390)	7537	0.0
(21, 391)	7538	0.0
(3, 661)	7539	0.0
(3, 662)	7540	0.0
(3, 663)	7541	0.0
(1, 1336)	7542	0.0
(21, 392)	7543	0.0
(21, 393)	7544	0.0
(22, 58)	7545	0.0
(22, 59)	7546	0.0
(19, 18)	7547	0.0
(21, 394)	7548	0.0
(1, 1337)	7549	0.0
(21, 395)	7550	0.0
(22, 60)	7551	0.0
(1, 1338)	7552	0.0
(1, 1339)	7553	0.0
(21, 396)	7554	0.0
(21, 397)	7555	0.0
(3, 664)	7556	0.0
(5, 190)	7557	0.0
(4, 467)	7558	0.0
(8, 1410)	7559	0.0
(8, 1411)	7560	0.0
(8, 1412)	7561	0.0
(1, 1340)	7562	0.0
(1, 1341)	7563	0.0
(21, 398)	7564	0.0
(3, 665)	7565	0.0
(2, 1864)	7566	0.0
(3, 666)	7567	0.0
(3, 667)	7568	0.0
(23, 195)	7569	0.0
(1, 1342)	7570	0.0
(3, 668)	7571	0.0
(3, 669)	7572	0.0
(1, 1343)	7573	0.0
(1, 1344)	7574	0.0
(1, 1345)	7575	0.0
(21, 399)	7576	0.0
(23, 196)	7577	0.0
(23, 197)	7578	0.0
(2, 1865)	7579	0.0
(3, 670)	7580	0.0
(1, 1346)	7581	0.0
(21, 400)	7582	0.0
(21, 401)	7583	0.0
(3, 671)	7584	0.0
(3, 672)	7585	0.0
(17, 17)	7586	0.0
(1, 1347)	7587	0.0
(21, 402)	7588	0.0
(21, 403)	7589	0.0
(21, 404)	7590	0.0
(22, 61)	7591	0.0
(16, 70)	7592	0.0
(3, 673)	7593	0.0
(3, 674)	7594	0.0
(8, 1413)	7595	0.0
(1, 1348)	7596	0.0
(23, 198)	7597	0.0
(1, 1349)	7598	0.0
(1, 1350)	7599	0.0
(4, 468)	7600	0.0
(1, 1351)	7601	0.0
(2, 1866)	7602	0.0
(2, 1867)	7603	0.0
(3, 675)	7604	0.0
(3, 676)	7605	0.0
(9, 336)	7606	0.0
(1, 1352)	7607	0.0
(1, 1353)	7608	0.0
(1, 1354)	7609	0.0
(2, 1868)	7610	0.0
(3, 677)	7611	0.0
(3, 678)	7612	0.0
(3, 679)	7613	0.0
(1, 1355)	7614	0.0
(21, 405)	7615	0.0
(3, 680)	7616	0.0
(4, 469)	7617	0.0
(1, 1356)	7618	0.0
(3, 681)	7619	0.0
(3, 682)	7620	0.0
(9, 337)	7621	0.0
(3, 683)	7622	0.0
(8, 1414)	7623	0.0
(8, 1415)	7624	0.0
(8, 1416)	7625	0.0
(1, 1357)	7626	0.0
(2, 1869)	7627	0.0
(2, 1870)	7628	0.0
(2, 1871)	7629	0.0
(3, 684)	7630	0.0
(4, 470)	7631	0.0
(1, 1358)	7632	0.0
(1, 1359)	7633	0.0
(3, 685)	7634	0.0
(23, 199)	7635	0.0
(23, 200)	7636	0.0
(1, 1360)	7637	0.0
(2, 1872)	7638	0.0
(2, 1873)	7639	0.0
(4, 471)	7640	0.0
(1, 1361)	7641	0.0
(1, 1362)	7642	0.0
(3, 686)	7643	0.0
(3, 687)	7644	0.0
(2, 1874)	7645	0.0
(1, 1363)	7646	0.0
(2, 1875)	7647	0.0
(2, 1876)	7648	0.0
(9, 338)	7649	0.0
(9, 339)	7650	0.0
(3, 688)	7651	0.0
(4, 472)	7652	0.0
(2, 1877)	7653	0.0
(2, 1878)	7654	0.0
(8, 1417)	7655	0.0
(8, 1418)	7656	0.0
(2, 1879)	7657	0.0
(2, 1880)	7658	0.0
(9, 340)	7659	0.0
(2, 1881)	7660	0.0
(8, 1419)	7661	0.0
(8, 1420)	7662	0.0
(2, 1882)	7663	0.0
(2, 1883)	7664	0.0
(2, 1884)	7665	0.0
(2, 1885)	7666	0.0
(8, 1421)	7667	0.0
(4, 473)	7668	0.0
(4, 474)	7669	0.0
(2, 1886)	7670	0.0
(8, 1422)	7671	0.0
(8, 1423)	7672	0.0
(4, 475)	7673	0.0
(4, 476)	7674	0.0
(8, 1424)	7675	0.0
(4, 477)	7676	0.0
(2, 1887)	7677	0.0
(2, 1888)	7678	0.0
(8, 1425)	7679	0.0
(4, 478)	7680	0.0
(2, 1889)	7681	0.0
(8, 1426)	7682	0.0
(4, 479)	7683	0.0
(10, 193)	7684	0.0
(2, 1890)	7685	0.0
(2, 1891)	7686	0.0
(8, 1427)	7687	0.0
(2, 1892)	7688	0.0
(8, 1428)	7689	0.0
(8, 1429)	7690	0.0
(8, 1430)	7691	0.0
(2, 1893)	7692	0.0
(3, 689)	7693	0.0
(2, 1894)	7694	0.0
(9, 341)	7695	0.0
(8, 1431)	7696	0.0
(8, 1432)	7697	0.0
(2, 1895)	7698	0.0
(2, 1896)	7699	0.0
(2, 1897)	7700	0.0
(8, 1433)	7701	0.0
(2, 1898)	7702	0.0
(2, 1899)	7703	0.0
(2, 1900)	7704	0.0
(8, 1434)	7705	0.0
(8, 1435)	7706	0.0
(4, 480)	7707	0.0
(8, 1436)	7708	0.0
(4, 481)	7709	0.0
(8, 1437)	7710	0.0
(8, 1438)	7711	0.0
(8, 1439)	7712	0.0
(4, 482)	7713	0.0
(2, 1901)	7714	0.0
(3, 690)	7715	0.0
(2, 1902)	7716	0.0
(8, 1440)	7717	0.0
(3, 691)	7718	0.0
(8, 1441)	7719	0.0
(2, 1903)	7720	0.0
(2, 1904)	7721	0.0
(2, 1905)	7722	0.0
(2, 1906)	7723	0.0
(8, 1442)	7724	0.0
(8, 1443)	7725	0.0
(8, 1444)	7726	0.0
(8, 1445)	7727	0.0
(9, 342)	7728	0.0
(8, 1446)	7729	0.0
(4, 483)	7730	0.0
(8, 1447)	7731	0.0
(8, 1448)	7732	0.0
(9, 343)	7733	0.0
(8, 1449)	7734	0.0
(8, 1450)	7735	0.0
(8, 1451)	7736	0.0
(8, 1452)	7737	0.0
(8, 1453)	7738	0.0
(8, 1454)	7739	0.0
(2, 1907)	7740	0.0
(8, 1455)	7741	0.0
(8, 1456)	7742	0.0
(2, 1908)	7743	0.0
(2, 1909)	7744	0.0
(2, 1910)	7745	0.0
(9, 344)	7746	0.0
(2, 1911)	7747	0.0
(2, 1912)	7748	0.0
(4, 484)	7749	0.0
(8, 1457)	7750	0.0
(8, 1458)	7751	0.0
(8, 1459)	7752	0.0
(4, 485)	7753	0.0
(2, 1913)	7754	0.0
(2, 1914)	7755	0.0
(2, 1915)	7756	0.0
(2, 1916)	7757	0.0
(2, 1917)	7758	0.0
(2, 1918)	7759	0.0
(2, 1919)	7760	0.0
(2, 1920)	7761	0.0
(2, 1921)	7762	0.0
(2, 1922)	7763	0.0
(2, 1923)	7764	0.0
(2, 1924)	7765	0.0
(3, 692)	7766	0.0
(24, 42)	7767	0.0
(8, 1460)	7768	0.0
(8, 1461)	7769	0.0
(2, 1925)	7770	0.0
(2, 1926)	7771	0.0
(4, 486)	7772	0.0
(2, 1927)	7773	0.0
(8, 1462)	7774	0.0
(2, 1928)	7775	0.0
(2, 1929)	7776	0.0
(2, 1930)	7777	0.0
(2, 1931)	7778	0.0
(2, 1932)	7779	0.0
(2, 1933)	7780	0.0
(3, 693)	7781	0.0
(2, 1934)	7782	0.0
(2, 1935)	7783	0.0
(2, 1936)	7784	0.0
(2, 1937)	7785	0.0
(2, 1938)	7786	0.0
(2, 1939)	7787	0.0
(8, 1463)	7788	0.0
(8, 1464)	7789	0.0
(39, 3)	7790	0.0
(39, 4)	7791	0.0
(39, 5)	7792	0.0
(25, 11)	7793	0.0
(10, 194)	7794	0.0
(25, 12)	7795	0.0
(2, 1940)	7796	0.0
(10, 195)	7797	0.0
(8, 1465)	7798	0.0
(9, 345)	7799	0.0
(9, 346)	7800	0.0
(2, 1941)	7801	0.0
(2, 1942)	7802	0.0
(2, 1943)	7803	0.0
(8, 1466)	7804	0.0
(2, 1944)	7805	0.0
(2, 1945)	7806	0.0
(2, 1946)	7807	0.0
(8, 1467)	7808	0.0
(2, 1947)	7809	0.0
(2, 1948)	7810	0.0
(2, 1949)	7811	0.0
(9, 347)	7812	0.0
(2, 1950)	7813	0.0
(9, 348)	7814	0.0
(8, 1468)	7815	0.0
(9, 349)	7816	0.0
(9, 350)	7817	0.0
(3, 694)	7818	0.0
(2, 1951)	7819	0.0
(2, 1952)	7820	0.0
(2, 1953)	7821	0.0
(2, 1954)	7822	0.0
(2, 1955)	7823	0.0
(2, 1956)	7824	0.0
(2, 1957)	7825	0.0
(8, 1469)	7826	0.0
(2, 1958)	7827	0.0
(2, 1959)	7828	0.0
(8, 1470)	7829	0.0
(8, 1471)	7830	0.0
(9, 351)	7831	0.0
(23, 201)	7832	0.0
(8, 1472)	7833	0.0
(8, 1473)	7834	0.0
(2, 1960)	7835	0.0
(2, 1961)	7836	0.0
(3, 695)	7837	0.0
(4, 487)	7838	0.0
(31, 14)	7839	0.0
(33, 4)	7840	0.0
(2, 1962)	7841	0.0
(2, 1963)	7842	0.0
(2, 1964)	7843	0.0
(3, 696)	7844	0.0
(2, 1965)	7845	0.0
(2, 1966)	7846	0.0
(10, 196)	7847	0.0
(2, 1967)	7848	0.0
(3, 697)	7849	0.0
(2, 1968)	7850	0.0
(8, 1474)	7851	0.0
(2, 1969)	7852	0.0
(2, 1970)	7853	0.0
(1, 1364)	7854	0.0
(1, 1365)	7855	0.0
(21, 406)	7856	0.0
(21, 407)	7857	0.0
(3, 698)	7858	0.0
(21, 408)	7859	0.0
(1, 1366)	7860	0.0
(21, 409)	7861	0.0
(23, 202)	7862	0.0
(3, 699)	7863	0.0
(31, 15)	7864	0.0
(2, 1971)	7865	0.0
(2, 1972)	7866	0.0
(10, 197)	7867	0.0
(2, 1973)	7868	0.0
(8, 1475)	7869	0.0
(2, 1974)	7870	0.0
(2, 1975)	7871	0.0
(2, 1976)	7872	0.0
(2, 1977)	7873	0.0
(4, 488)	7874	0.0
(8, 1476)	7875	0.0
(4, 489)	7876	0.0
(8, 1477)	7877	0.0
(8, 1478)	7878	0.0
(8, 1479)	7879	0.0
(2, 1978)	7880	0.0
(2, 1979)	7881	0.0
(2, 1980)	7882	0.0
(2, 1981)	7883	0.0
(8, 1480)	7884	0.0
(2, 1982)	7885	0.0
(4, 490)	7886	0.0
(8, 1481)	7887	0.0
(8, 1482)	7888	0.0
(8, 1483)	7889	0.0
(10, 198)	7890	0.0
(2, 1983)	7891	0.0
(2, 1984)	7892	0.0
(4, 491)	7893	0.0
(2, 1985)	7894	0.0
(2, 1986)	7895	0.0
(2, 1987)	7896	0.0
(2, 1988)	7897	0.0
(8, 1484)	7898	0.0
(3, 700)	7899	0.0
(3, 701)	7900	0.0
(2, 1989)	7901	0.0
(8, 1485)	7902	0.0
(2, 1990)	7903	0.0
(9, 352)	7904	0.0
(8, 1486)	7905	0.0
(9, 353)	7906	0.0
(2, 1991)	7907	0.0
(2, 1992)	7908	0.0
(2, 1993)	7909	0.0
(2, 1994)	7910	0.0
(2, 1995)	7911	0.0
(2, 1996)	7912	0.0
(2, 1997)	7913	0.0
(2, 1998)	7914	0.0
(2, 1999)	7915	0.0
(2, 2000)	7916	0.0
(2, 2001)	7917	0.0
(2, 2002)	7918	0.0
(2, 2003)	7919	0.0
(2, 2004)	7920	0.0
(2, 2005)	7921	0.0
(8, 1487)	7922	0.0
(9, 354)	7923	0.0
(8, 1488)	7924	0.0
(8, 1489)	7925	0.0
(2, 2006)	7926	0.0
(10, 199)	7927	0.0
(2, 2007)	7928	0.0
(2, 2008)	7929	0.0
(2, 2009)	7930	0.0
(8, 1490)	7931	0.0
(2, 2010)	7932	0.0
(2, 2011)	7933	0.0
(9, 355)	7934	0.0
(2, 2012)	7935	0.0
(8, 1491)	7936	0.0
(2, 2013)	7937	0.0
(8, 1492)	7938	0.0
(8, 1493)	7939	0.0
(8, 1494)	7940	0.0
(8, 1495)	7941	0.0
(9, 356)	7942	0.0
(8, 1496)	7943	0.0
(9, 357)	7944	0.0
(2, 2014)	7945	0.0
(8, 1497)	7946	0.0
(2, 2015)	7947	0.0
(2, 2016)	7948	0.0
(4, 492)	7949	0.0
(2, 2017)	7950	0.0
(3, 702)	7951	0.0
(8, 1498)	7952	0.0
(2, 2018)	7953	0.0
(2, 2019)	7954	0.0
(2, 2020)	7955	0.0
(4, 493)	7956	0.0
(2, 2021)	7957	0.0
(2, 2022)	7958	0.0
(8, 1499)	7959	0.0
(9, 358)	7960	0.0
(9, 359)	7961	0.0
(8, 1500)	7962	0.0
(2, 2023)	7963	0.0
(2, 2024)	7964	0.0
(8, 1501)	7965	0.0
(2, 2025)	7966	0.0
(2, 2026)	7967	0.0
(2, 2027)	7968	0.0
(2, 2028)	7969	0.0
(2, 2029)	7970	0.0
(16, 71)	7971	0.0
(4, 494)	7972	0.0
(4, 495)	7973	0.0
(8, 1502)	7974	0.0
(4, 496)	7975	0.0
(5, 191)	7976	0.0
(2, 2030)	7977	0.0
(2, 2031)	7978	0.0
(2, 2032)	7979	0.0
(3, 703)	7980	0.0
(4, 497)	7981	0.0
(8, 1503)	7982	0.0
(8, 1504)	7983	0.0
(4, 498)	7984	0.0
(2, 2033)	7985	0.0
(8, 1505)	7986	0.0
(4, 499)	7987	0.0
(8, 1506)	7988	0.0
(24, 43)	7989	0.0
(2, 2034)	7990	0.0
(2, 2035)	7991	0.0
(2, 2036)	7992	0.0
(2, 2037)	7993	0.0
(2, 2038)	7994	0.0
(2, 2039)	7995	0.0
(8, 1507)	7996	0.0
(2, 2040)	7997	0.0
(4, 500)	7998	0.0
(9, 360)	7999	0.0
(9, 361)	8000	0.0
(8, 1508)	8001	0.0
(8, 1509)	8002	0.0
(4, 501)	8003	0.0
(2, 2041)	8004	0.0
(4, 502)	8005	0.0
(8, 1510)	8006	0.0
(2, 2042)	8007	0.0
(2, 2043)	8008	0.0
(4, 503)	8009	0.0
(2, 2044)	8010	0.0
(3, 704)	8011	0.0
(3, 705)	8012	0.0
(8, 1511)	8013	0.0
(2, 2045)	8014	0.0
(2, 2046)	8015	0.0
(8, 1512)	8016	0.0
(8, 1513)	8017	0.0
(2, 2047)	8018	0.0
(8, 1514)	8019	0.0
(8, 1515)	8020	0.0
(4, 504)	8021	0.0
(8, 1516)	8022	0.0
(8, 1517)	8023	0.0
(2, 2048)	8024	0.0
(15, 60)	8025	0.0
(8, 1518)	8026	0.0
(2, 2049)	8027	0.0
(2, 2050)	8028	0.0
(2, 2051)	8029	0.0
(2, 2052)	8030	0.0
(2, 2053)	8031	0.0
(2, 2054)	8032	0.0
(9, 362)	8033	0.0
(9, 363)	8034	0.0
(8, 1519)	8035	0.0
(2, 2055)	8036	0.0
(2, 2056)	8037	0.0
(2, 2057)	8038	0.0
(3, 706)	8039	0.0
(8, 1520)	8040	0.0
(2, 2058)	8041	0.0
(2, 2059)	8042	0.0
(2, 2060)	8043	0.0
(2, 2061)	8044	0.0
(3, 707)	8045	0.0
(9, 364)	8046	0.0
(2, 2062)	8047	0.0
(2, 2063)	8048	0.0
(2, 2064)	8049	0.0
(1, 1367)	8050	0.0
(2, 2065)	8051	0.0
(9, 365)	8052	0.0
(2, 2066)	8053	0.0
(9, 366)	8054	0.0
(9, 367)	8055	0.0
(2, 2067)	8056	0.0
(24, 44)	8057	0.0
(8, 1521)	8058	0.0
(8, 1522)	8059	0.0
(10, 200)	8060	0.0
(8, 1523)	8061	0.0
(8, 1524)	8062	0.0
(8, 1525)	8063	0.0
(4, 505)	8064	0.0
(9, 368)	8065	0.0
(10, 201)	8066	0.0
(4, 506)	8067	0.0
(8, 1526)	8068	0.0
(8, 1527)	8069	0.0
(8, 1528)	8070	0.0
(2, 2068)	8071	0.0
(2, 2069)	8072	0.0
(2, 2070)	8073	0.0
(8, 1529)	8074	0.0
(8, 1530)	8075	0.0
(9, 369)	8076	0.0
(8, 1531)	8077	0.0
(8, 1532)	8078	0.0
(1, 1368)	8079	0.0
(2, 2071)	8080	0.0
(1, 1369)	8081	0.0
(5, 192)	8082	0.0
(5, 193)	8083	0.0
(15, 61)	8084	0.0
(2, 2072)	8085	0.0
(9, 370)	8086	0.0
(2, 2073)	8087	0.0
(8, 1533)	8088	0.0
(4, 507)	8089	0.0
(4, 508)	8090	0.0
(8, 1534)	8091	0.0
(8, 1535)	8092	0.0
(23, 203)	8093	0.0
(8, 1536)	8094	0.0
(10, 202)	8095	0.0
(8, 1537)	8096	0.0
(2, 2074)	8097	0.0
(8, 1538)	8098	0.0
(4, 509)	8099	0.0
(8, 1539)	8100	0.0
(8, 1540)	8101	0.0
(8, 1541)	8102	0.0
(8, 1542)	8103	0.0
(2, 2075)	8104	0.0
(3, 708)	8105	0.0
(2, 2076)	8106	0.0
(2, 2077)	8107	0.0
(3, 709)	8108	0.0
(3, 710)	8109	0.0
(8, 1543)	8110	0.0
(2, 2078)	8111	0.0
(2, 2079)	8112	0.0
(4, 510)	8113	0.0
(24, 45)	8114	0.0
(8, 1544)	8115	0.0
(8, 1545)	8116	0.0
(8, 1546)	8117	0.0
(10, 203)	8118	0.0
(2, 2080)	8119	0.0
(8, 1547)	8120	0.0
(8, 1548)	8121	0.0
(2, 2081)	8122	0.0
(2, 2082)	8123	0.0
(2, 2083)	8124	0.0
(2, 2084)	8125	0.0
(2, 2085)	8126	0.0
(8, 1549)	8127	0.0
(11, 65)	8128	0.0
(2, 2086)	8129	0.0
(2, 2087)	8130	0.0
(2, 2088)	8131	0.0
(2, 2089)	8132	0.0
(2, 2090)	8133	0.0
(8, 1550)	8134	0.0
(2, 2091)	8135	0.0
(8, 1551)	8136	0.0
(8, 1552)	8137	0.0
(4, 511)	8138	0.0
(2, 2092)	8139	0.0
(8, 1553)	8140	0.0
(2, 2093)	8141	0.0
(2, 2094)	8142	0.0
(2, 2095)	8143	0.0
(3, 711)	8144	0.0
(2, 2096)	8145	0.0
(2, 2097)	8146	0.0
(2, 2098)	8147	0.0
(2, 2099)	8148	0.0
(8, 1554)	8149	0.0
(8, 1555)	8150	0.0
(8, 1556)	8151	0.0
(15, 62)	8152	0.0
(8, 1557)	8153	0.0
(4, 512)	8154	0.0
(8, 1558)	8155	0.0
(8, 1559)	8156	0.0
(8, 1560)	8157	0.0
(2, 2100)	8158	0.0
(2, 2101)	8159	0.0
(2, 2102)	8160	0.0
(2, 2103)	8161	0.0
(2, 2104)	8162	0.0
(2, 2105)	8163	0.0
(2, 2106)	8164	0.0
(8, 1561)	8165	0.0
(8, 1562)	8166	0.0
(8, 1563)	8167	0.0
(10, 204)	8168	0.0
(2, 2107)	8169	0.0
(8, 1564)	8170	0.0
(2, 2108)	8171	0.0
(8, 1565)	8172	0.0
(2, 2109)	8173	0.0
(2, 2110)	8174	0.0
(2, 2111)	8175	0.0
(2, 2112)	8176	0.0
(2, 2113)	8177	0.0
(5, 194)	8178	0.0
(8, 1566)	8179	0.0
(2, 2114)	8180	0.0
(8, 1567)	8181	0.0
(2, 2115)	8182	0.0
(3, 712)	8183	0.0
(2, 2116)	8184	0.0
(2, 2117)	8185	0.0
(8, 1568)	8186	0.0
(8, 1569)	8187	0.0
(8, 1570)	8188	0.0
(10, 205)	8189	0.0
(8, 1571)	8190	0.0
(24, 46)	8191	0.0
(2, 2118)	8192	0.0
(2, 2119)	8193	0.0
(2, 2120)	8194	0.0
(2, 2121)	8195	0.0
(2, 2122)	8196	0.0
(9, 371)	8197	0.0
(2, 2123)	8198	0.0
(2, 2124)	8199	0.0
(2, 2125)	8200	0.0
(3, 713)	8201	0.0
(2, 2126)	8202	0.0
(8, 1572)	8203	0.0
(2, 2127)	8204	0.0
(3, 714)	8205	0.0
(2, 2128)	8206	0.0
(2, 2129)	8207	0.0
(8, 1573)	8208	0.0
(2, 2130)	8209	0.0
(2, 2131)	8210	0.0
(8, 1574)	8211	0.0
(2, 2132)	8212	0.0
(4, 513)	8213	0.0
(2, 2133)	8214	0.0
(2, 2134)	8215	0.0
(2, 2135)	8216	0.0
(8, 1575)	8217	0.0
(41, 1)	8218	0.0
(8, 1576)	8219	0.0
(1, 1370)	8220	0.0
(4, 514)	8221	0.0
(2, 2136)	8222	0.0
(2, 2137)	8223	0.0
(1, 1371)	8224	0.0
(3, 715)	8225	0.0
(2, 2138)	8226	0.0
(3, 716)	8227	0.0
(2, 2139)	8228	0.0
(8, 1577)	8229	0.0
(8, 1578)	8230	0.0
(8, 1579)	8231	0.0
(9, 372)	8232	0.0
(8, 1580)	8233	0.0
(24, 47)	8234	0.0
(8, 1581)	8235	0.0
(8, 1582)	8236	0.0
(9, 373)	8237	0.0
(8, 1583)	8238	0.0
(2, 2140)	8239	0.0
(11, 66)	8240	0.0
(2, 2141)	8241	0.0
(9, 374)	8242	0.0
(1, 1372)	8243	0.0
(4, 515)	8244	0.0
(4, 516)	8245	0.0
(3, 717)	8246	0.0
(8, 1584)	8247	0.0
(8, 1585)	8248	0.0
(2, 2142)	8249	0.0
(8, 1586)	8250	0.0
(8, 1587)	8251	0.0
(8, 1588)	8252	0.0
(2, 2143)	8253	0.0
(2, 2144)	8254	0.0
(9, 375)	8255	0.0
(4, 517)	8256	0.0
(8, 1589)	8257	0.0
(8, 1590)	8258	0.0
(8, 1591)	8259	0.0
(8, 1592)	8260	0.0
(2, 2145)	8261	0.0
(8, 1593)	8262	0.0
(8, 1594)	8263	0.0
(8, 1595)	8264	0.0
(8, 1596)	8265	0.0
(4, 518)	8266	0.0
(2, 2146)	8267	0.0
(2, 2147)	8268	0.0
(2, 2148)	8269	0.0
(2, 2149)	8270	0.0
(2, 2150)	8271	0.0
(8, 1597)	8272	0.0
(10, 206)	8273	0.0
(8, 1598)	8274	0.0
(8, 1599)	8275	0.0
(2, 2151)	8276	0.0
(2, 2152)	8277	0.0
(16, 72)	8278	0.0
(8, 1600)	8279	0.0
(8, 1601)	8280	0.0
(2, 2153)	8281	0.0
(8, 1602)	8282	0.0
(8, 1603)	8283	0.0
(4, 519)	8284	0.0
(4, 520)	8285	0.0
(8, 1604)	8286	0.0
(2, 2154)	8287	0.0
(8, 1605)	8288	0.0
(27, 6)	8289	0.0
(8, 1606)	8290	0.0
(10, 207)	8291	0.0
(9, 376)	8292	0.0
(11, 67)	8293	0.0
(8, 1607)	8294	0.0
(8, 1608)	8295	0.0
(3, 718)	8296	0.0
(2, 2155)	8297	0.0
(2, 2156)	8298	0.0
(2, 2157)	8299	0.0
(2, 2158)	8300	0.0
(4, 521)	8301	0.0
(21, 410)	8302	0.0
(3, 719)	8303	0.0
(5, 195)	8304	0.0
(8, 1609)	8305	0.0
(2, 2159)	8306	0.0
(8, 1610)	8307	0.0
(8, 1611)	8308	0.0
(9, 377)	8309	0.0
(8, 1612)	8310	0.0
(8, 1613)	8311	0.0
(15, 63)	8312	0.0
(2, 2160)	8313	0.0
(9, 378)	8314	0.0
(8, 1614)	8315	0.0
(2, 2161)	8316	0.0
(9, 379)	8317	0.0
(2, 2162)	8318	0.0
(2, 2163)	8319	0.0
(4, 522)	8320	0.0
(2, 2164)	8321	0.0
(8, 1615)	8322	0.0
(2, 2165)	8323	0.0
(8, 1616)	8324	0.0
(2, 2166)	8325	0.0
(8, 1617)	8326	0.0
(8, 1618)	8327	0.0
(3, 720)	8328	0.0
(2, 2167)	8329	0.0
(2, 2168)	8330	0.0
(2, 2169)	8331	0.0
(2, 2170)	8332	0.0
(2, 2171)	8333	0.0
(2, 2172)	8334	0.0
(2, 2173)	8335	0.0
(8, 1619)	8336	0.0
(8, 1620)	8337	0.0
(8, 1621)	8338	0.0
(15, 64)	8339	0.0
(8, 1622)	8340	0.0
(8, 1623)	8341	0.0
(8, 1624)	8342	0.0
(8, 1625)	8343	0.0
(2, 2174)	8344	0.0
(8, 1626)	8345	0.0
(2, 2175)	8346	0.0
(8, 1627)	8347	0.0
(2, 2176)	8348	0.0
(9, 380)	8349	0.0
(2, 2177)	8350	0.0
(8, 1628)	8351	0.0
(8, 1629)	8352	0.0
(8, 1630)	8353	0.0
(8, 1631)	8354	0.0
(3, 721)	8355	0.0
(23, 204)	8356	0.0
(4, 523)	8357	0.0
(8, 1632)	8358	0.0
(8, 1633)	8359	0.0
(8, 1634)	8360	0.0
(8, 1635)	8361	0.0
(2, 2178)	8362	0.0
(2, 2179)	8363	0.0
(2, 2180)	8364	0.0
(2, 2181)	8365	0.0
(2, 2182)	8366	0.0
(2, 2183)	8367	0.0
(10, 208)	8368	0.0
(2, 2184)	8369	0.0
(3, 722)	8370	0.0
(8, 1636)	8371	0.0
(2, 2185)	8372	0.0
(8, 1637)	8373	0.0
(8, 1638)	8374	0.0
(8, 1639)	8375	0.0
(8, 1640)	8376	0.0
(16, 73)	8377	0.0
(2, 2186)	8378	0.0
(3, 723)	8379	0.0
(4, 524)	8380	0.0
(8, 1641)	8381	0.0
(2, 2187)	8382	0.0
(2, 2188)	8383	0.0
(4, 525)	8384	0.0
(2, 2189)	8385	0.0
(2, 2190)	8386	0.0
(2, 2191)	8387	0.0
(10, 209)	8388	0.0
(3, 724)	8389	0.0
(2, 2192)	8390	0.0
(2, 2193)	8391	0.0
(2, 2194)	8392	0.0
(2, 2195)	8393	0.0
(4, 526)	8394	0.0
(2, 2196)	8395	0.0
(2, 2197)	8396	0.0
(8, 1642)	8397	0.0
(2, 2198)	8398	0.0
(8, 1643)	8399	0.0
(4, 527)	8400	0.0
(6, 35)	8401	0.0
(2, 2199)	8402	0.0
(8, 1644)	8403	0.0
(2, 2200)	8404	0.0
(10, 210)	8405	0.0
(2, 2201)	8406	0.0
(2, 2202)	8407	0.0
(2, 2203)	8408	0.0
(8, 1645)	8409	0.0
(2, 2204)	8410	0.0
(4, 528)	8411	0.0
(8, 1646)	8412	0.0
(8, 1647)	8413	0.0
(8, 1648)	8414	0.0
(8, 1649)	8415	0.0
(8, 1650)	8416	0.0
(2, 2205)	8417	0.0
(2, 2206)	8418	0.0
(2, 2207)	8419	0.0
(2, 2208)	8420	0.0
(2, 2209)	8421	0.0
(2, 2210)	8422	0.0
(2, 2211)	8423	0.0
(8, 1651)	8424	0.0
(10, 211)	8425	0.0
(10, 212)	8426	0.0
(8, 1652)	8427	0.0
(8, 1653)	8428	0.0
(8, 1654)	8429	0.0
(8, 1655)	8430	0.0
(8, 1656)	8431	0.0
(8, 1657)	8432	0.0
(10, 213)	8433	0.0
(2, 2212)	8434	0.0
(2, 2213)	8435	0.0
(8, 1658)	8436	0.0
(8, 1659)	8437	0.0
(8, 1660)	8438	0.0
(9, 381)	8439	0.0
(15, 65)	8440	0.0
(24, 48)	8441	0.0
(8, 1661)	8442	0.0
(9, 382)	8443	0.0
(9, 383)	8444	0.0
(4, 529)	8445	0.0
(9, 384)	8446	0.0
(24, 49)	8447	0.0
(9, 385)	8448	0.0
(9, 386)	8449	0.0
(8, 1662)	8450	0.0
(8, 1663)	8451	0.0
(2, 2214)	8452	0.0
(2, 2215)	8453	0.0
(2, 2216)	8454	0.0
(2, 2217)	8455	0.0
(8, 1664)	8456	0.0
(2, 2218)	8457	0.0
(8, 1665)	8458	0.0
(2, 2219)	8459	0.0
(8, 1666)	8460	0.0
(8, 1667)	8461	0.0
(2, 2220)	8462	0.0
(2, 2221)	8463	0.0
(2, 2222)	8464	0.0
(2, 2223)	8465	0.0
(2, 2224)	8466	0.0
(2, 2225)	8467	0.0
(2, 2226)	8468	0.0
(8, 1668)	8469	0.0
(2, 2227)	8470	0.0
(2, 2228)	8471	0.0
(2, 2229)	8472	0.0
(8, 1669)	8473	0.0
(4, 530)	8474	0.0
(8, 1670)	8475	0.0
(4, 531)	8476	0.0
(2, 2230)	8477	0.0
(3, 725)	8478	0.0
(2, 2231)	8479	0.0
(8, 1671)	8480	0.0
(11, 68)	8481	0.0
(4, 532)	8482	0.0
(2, 2232)	8483	0.0
(2, 2233)	8484	0.0
(2, 2234)	8485	0.0
(8, 1672)	8486	0.0
(2, 2235)	8487	0.0
(9, 387)	8488	0.0
(2, 2236)	8489	0.0
(2, 2237)	8490	0.0
(2, 2238)	8491	0.0
(2, 2239)	8492	0.0
(8, 1673)	8493	0.0
(2, 2240)	8494	0.0
(2, 2241)	8495	0.0
(2, 2242)	8496	0.0
(2, 2243)	8497	0.0
(2, 2244)	8498	0.0
(12, 16)	8499	0.0
(8, 1674)	8500	0.0
(2, 2245)	8501	0.0
(2, 2246)	8502	0.0
(2, 2247)	8503	0.0
(8, 1675)	8504	0.0
(2, 2248)	8505	0.0
(4, 533)	8506	0.0
(8, 1676)	8507	0.0
(2, 2249)	8508	0.0
(8, 1677)	8509	0.0
(8, 1678)	8510	0.0
(8, 1679)	8511	0.0
(8, 1680)	8512	0.0
(2, 2250)	8513	0.0
(2, 2251)	8514	0.0
(8, 1681)	8515	0.0
(3, 726)	8516	0.0
(3, 727)	8517	0.0
(9, 388)	8518	0.0
(2, 2252)	8519	0.0
(10, 214)	8520	0.0
(4, 534)	8521	0.0
(10, 215)	8522	0.0
(8, 1682)	8523	0.0
(8, 1683)	8524	0.0
(2, 2253)	8525	0.0
(2, 2254)	8526	0.0
(2, 2255)	8527	0.0
(2, 2256)	8528	0.0
(2, 2257)	8529	0.0
(2, 2258)	8530	0.0
(8, 1684)	8531	0.0
(2, 2259)	8532	0.0
(8, 1685)	8533	0.0
(8, 1686)	8534	0.0
(8, 1687)	8535	0.0
(9, 389)	8536	0.0
(2, 2260)	8537	0.0
(3, 728)	8538	0.0
(3, 729)	8539	0.0
(2, 2261)	8540	0.0
(2, 2262)	8541	0.0
(2, 2263)	8542	0.0
(8, 1688)	8543	0.0
(9, 390)	8544	0.0
(10, 216)	8545	0.0
(8, 1689)	8546	0.0
(8, 1690)	8547	0.0
(8, 1691)	8548	0.0
(15, 66)	8549	0.0
(9, 391)	8550	0.0
(8, 1692)	8551	0.0
(8, 1693)	8552	0.0
(8, 1694)	8553	0.0
(10, 217)	8554	0.0
(8, 1695)	8555	0.0
(8, 1696)	8556	0.0
(8, 1697)	8557	0.0
(9, 392)	8558	0.0
(8, 1698)	8559	0.0
(4, 535)	8560	0.0
(8, 1699)	8561	0.0
(4, 536)	8562	0.0
(8, 1700)	8563	0.0
(2, 2264)	8564	0.0
(2, 2265)	8565	0.0
(8, 1701)	8566	0.0
(2, 2266)	8567	0.0
(2, 2267)	8568	0.0
(2, 2268)	8569	0.0
(8, 1702)	8570	0.0
(8, 1703)	8571	0.0
(8, 1704)	8572	0.0
(8, 1705)	8573	0.0
(2, 2269)	8574	0.0
(29, 15)	8575	0.0
(30, 4)	8576	0.0
(10, 218)	8577	0.0
(2, 2270)	8578	0.0
(2, 2271)	8579	0.0
(2, 2272)	8580	0.0
(2, 2273)	8581	0.0
(8, 1706)	8582	0.0
(4, 537)	8583	0.0
(2, 2274)	8584	0.0
(2, 2275)	8585	0.0
(27, 7)	8586	0.0
(25, 13)	8587	0.0
(25, 14)	8588	0.0
(9, 393)	8589	0.0
(2, 2276)	8590	0.0
(8, 1707)	8591	0.0
(8, 1708)	8592	0.0
(8, 1709)	8593	0.0
(8, 1710)	8594	0.0
(8, 1711)	8595	0.0
(2, 2277)	8596	0.0
(4, 538)	8597	0.0
(8, 1712)	8598	0.0
(8, 1713)	8599	0.0
(8, 1714)	8600	0.0
(3, 730)	8601	0.0
(4, 539)	8602	0.0
(2, 2278)	8603	0.0
(8, 1715)	8604	0.0
(8, 1716)	8605	0.0
(2, 2279)	8606	0.0
(4, 540)	8607	0.0
(2, 2280)	8608	0.0
(8, 1717)	8609	0.0
(8, 1718)	8610	0.0
(8, 1719)	8611	0.0
(2, 2281)	8612	0.0
(2, 2282)	8613	0.0
(8, 1720)	8614	0.0
(8, 1721)	8615	0.0
(24, 50)	8616	0.0
(8, 1722)	8617	0.0
(8, 1723)	8618	0.0
(8, 1724)	8619	0.0
(8, 1725)	8620	0.0
(8, 1726)	8621	0.0
(2, 2283)	8622	0.0
(8, 1727)	8623	0.0
(2, 2284)	8624	0.0
(9, 394)	8625	0.0
(9, 395)	8626	0.0
(8, 1728)	8627	0.0
(2, 2285)	8628	0.0
(2, 2286)	8629	0.0
(8, 1729)	8630	0.0
(2, 2287)	8631	0.0
(8, 1730)	8632	0.0
(2, 2288)	8633	0.0
(4, 541)	8634	0.0
(8, 1731)	8635	0.0
(8, 1732)	8636	0.0
(8, 1733)	8637	0.0
(8, 1734)	8638	0.0
(8, 1735)	8639	0.0
(9, 396)	8640	0.0
(8, 1736)	8641	0.0
(8, 1737)	8642	0.0
(8, 1738)	8643	0.0
(24, 51)	8644	0.0
(33, 5)	8645	0.0
(2, 2289)	8646	0.0
(2, 2290)	8647	0.0
(2, 2291)	8648	0.0
(2, 2292)	8649	0.0
(8, 1739)	8650	0.0
(8, 1740)	8651	0.0
(9, 397)	8652	0.0
(4, 542)	8653	0.0
(2, 2293)	8654	0.0
(2, 2294)	8655	0.0
(2, 2295)	8656	0.0
(8, 1741)	8657	0.0
(9, 398)	8658	0.0
(9, 399)	8659	0.0
(8, 1742)	8660	0.0
(8, 1743)	8661	0.0
(2, 2296)	8662	0.0
(2, 2297)	8663	0.0
(10, 219)	8664	0.0
(8, 1744)	8665	0.0
(4, 543)	8666	0.0
(8, 1745)	8667	0.0
(8, 1746)	8668	0.0
(4, 544)	8669	0.0
(9, 400)	8670	0.0
(2, 2298)	8671	0.0
(8, 1747)	8672	0.0
(8, 1748)	8673	0.0
(8, 1749)	8674	0.0
(25, 15)	8675	0.0
(10, 220)	8676	0.0
(26, 12)	8677	0.0
(26, 13)	8678	0.0
(24, 52)	8679	0.0
(4, 545)	8680	0.0
(11, 69)	8681	0.0
(8, 1750)	8682	0.0
(8, 1751)	8683	0.0
(8, 1752)	8684	0.0
(8, 1753)	8685	0.0
(9, 401)	8686	0.0
(9, 402)	8687	0.0
(8, 1754)	8688	0.0
(10, 221)	8689	0.0
(5, 196)	8690	0.0
(8, 1755)	8691	0.0
(31, 16)	8692	0.0
(31, 17)	8693	0.0
(31, 18)	8694	0.0
(1, 1373)	8695	0.0
(1, 1374)	8696	0.0
(1, 1375)	8697	0.0
(1, 1376)	8698	0.0
(1, 1377)	8699	0.0
(3, 731)	8700	0.0
(16, 74)	8701	0.0
(17, 18)	8702	0.0
(8, 1756)	8703	0.0
(31, 19)	8704	0.0
(31, 20)	8705	0.0
(31, 21)	8706	0.0
(8, 1757)	8707	0.0
(9, 403)	8708	0.0
(2, 2299)	8709	0.0
(8, 1758)	8710	0.0
(8, 1759)	8711	0.0
(8, 1760)	8712	0.0
(3, 732)	8713	0.0
(23, 205)	8714	0.0
(8, 1761)	8715	0.0
(10, 222)	8716	0.0
(8, 1762)	8717	0.0
(2, 2300)	8718	0.0
(9, 404)	8719	0.0
(2, 2301)	8720	0.0
(2, 2302)	8721	0.0
(2, 2303)	8722	0.0
(8, 1763)	8723	0.0
(8, 1764)	8724	0.0
(9, 405)	8725	0.0
(4, 546)	8726	0.0
(4, 547)	8727	0.0
(2, 2304)	8728	0.0
(31, 22)	8729	0.0
(31, 23)	8730	0.0
(31, 24)	8731	0.0
(34, 5)	8732	0.0
(11, 70)	8733	0.0
(2, 2305)	8734	0.0
(3, 733)	8735	0.0
(8, 1765)	8736	0.0
(8, 1766)	8737	0.0
(8, 1767)	8738	0.0
(8, 1768)	8739	0.0
(8, 1769)	8740	0.0
(9, 406)	8741	0.0
(9, 407)	8742	0.0
(9, 408)	8743	0.0
(9, 409)	8744	0.0
(8, 1770)	8745	0.0
(10, 223)	8746	0.0
(8, 1771)	8747	0.0
(9, 410)	8748	0.0
(8, 1772)	8749	0.0
(1, 1378)	8750	0.0
(3, 734)	8751	0.0
(4, 548)	8752	0.0
(8, 1773)	8753	0.0
(3, 735)	8754	0.0
(34, 6)	8755	0.0
(8, 1774)	8756	0.0
(8, 1775)	8757	0.0
(2, 2306)	8758	0.0
(3, 736)	8759	0.0
(8, 1776)	8760	0.0
(8, 1777)	8761	0.0
(9, 411)	8762	0.0
(2, 2307)	8763	0.0
(2, 2308)	8764	0.0
(8, 1778)	8765	0.0
(5, 197)	8766	0.0
(5, 198)	8767	0.0
(2, 2309)	8768	0.0
(2, 2310)	8769	0.0
(9, 412)	8770	0.0
(3, 737)	8771	0.0
(2, 2311)	8772	0.0
(2, 2312)	8773	0.0
(8, 1779)	8774	0.0
(5, 199)	8775	0.0
(2, 2313)	8776	0.0
(8, 1780)	8777	0.0
(8, 1781)	8778	0.0
(3, 738)	8779	0.0
(2, 2314)	8780	0.0
(2, 2315)	8781	0.0
(3, 739)	8782	0.0
(4, 549)	8783	0.0
(2, 2316)	8784	0.0
(2, 2317)	8785	0.0
(2, 2318)	8786	0.0
(2, 2319)	8787	0.0
(8, 1782)	8788	0.0
(2, 2320)	8789	0.0
(8, 1783)	8790	0.0
(8, 1784)	8791	0.0
(8, 1785)	8792	0.0
(9, 413)	8793	0.0
(8, 1786)	8794	0.0
(8, 1787)	8795	0.0
(8, 1788)	8796	0.0
(8, 1789)	8797	0.0
(8, 1790)	8798	0.0
(8, 1791)	8799	0.0
(8, 1792)	8800	0.0
(24, 53)	8801	0.0
(8, 1793)	8802	0.0
(8, 1794)	8803	0.0
(8, 1795)	8804	0.0
(15, 67)	8805	0.0
(1, 1379)	8806	0.0
(8, 1796)	8807	0.0
(8, 1797)	8808	0.0
(8, 1798)	8809	0.0
(10, 224)	8810	0.0
(4, 550)	8811	0.0
(8, 1799)	8812	0.0
(8, 1800)	8813	0.0
(9, 414)	8814	0.0
(8, 1801)	8815	0.0
(2, 2321)	8816	0.0
(4, 551)	8817	0.0
(8, 1802)	8818	0.0
(9, 415)	8819	0.0
(8, 1803)	8820	0.0
(9, 416)	8821	0.0
(2, 2322)	8822	0.0
(3, 740)	8823	0.0
(2, 2323)	8824	0.0
(2, 2324)	8825	0.0
(2, 2325)	8826	0.0
(2, 2326)	8827	0.0
(2, 2327)	8828	0.0
(2, 2328)	8829	0.0
(8, 1804)	8830	0.0
(2, 2329)	8831	0.0
(2, 2330)	8832	0.0
(9, 417)	8833	0.0
(2, 2331)	8834	0.0
(2, 2332)	8835	0.0
(2, 2333)	8836	0.0
(2, 2334)	8837	0.0
(10, 225)	8838	0.0
(8, 1805)	8839	0.0
(9, 418)	8840	0.0
(9, 419)	8841	0.0
(8, 1806)	8842	0.0
(8, 1807)	8843	0.0
(2, 2335)	8844	0.0
(2, 2336)	8845	0.0
(2, 2337)	8846	0.0
(23, 206)	8847	0.0
(3, 741)	8848	0.0
(8, 1808)	8849	0.0
(8, 1809)	8850	0.0
(10, 226)	8851	0.0
(2, 2338)	8852	0.0
(2, 2339)	8853	0.0
(2, 2340)	8854	0.0
(4, 552)	8855	0.0
(2, 2341)	8856	0.0
(8, 1810)	8857	0.0
(4, 553)	8858	0.0
(8, 1811)	8859	0.0
(8, 1812)	8860	0.0
(8, 1813)	8861	0.0
(8, 1814)	8862	0.0
(8, 1815)	8863	0.0
(8, 1816)	8864	0.0
(8, 1817)	8865	0.0
(9, 420)	8866	0.0
(2, 2342)	8867	0.0
(4, 554)	8868	0.0
(8, 1818)	8869	0.0
(4, 555)	8870	0.0
(2, 2343)	8871	0.0
(8, 1819)	8872	0.0
(4, 556)	8873	0.0
(2, 2344)	8874	0.0
(2, 2345)	8875	0.0
(9, 421)	8876	0.0
(10, 227)	8877	0.0
(4, 557)	8878	0.0
(9, 422)	8879	0.0
(2, 2346)	8880	0.0
(2, 2347)	8881	0.0
(8, 1820)	8882	0.0
(2, 2348)	8883	0.0
(2, 2349)	8884	0.0
(2, 2350)	8885	0.0
(2, 2351)	8886	0.0
(3, 742)	8887	0.0
(8, 1821)	8888	0.0
(4, 558)	8889	0.0
(2, 2352)	8890	0.0
(9, 423)	8891	0.0
(8, 1822)	8892	0.0
(9, 424)	8893	0.0
(9, 425)	8894	0.0
(4, 559)	8895	0.0
(2, 2353)	8896	0.0
(9, 426)	8897	0.0
(9, 427)	8898	0.0
(8, 1823)	8899	0.0
(8, 1824)	8900	0.0
(9, 428)	8901	0.0
(2, 2354)	8902	0.0
(1, 1380)	8903	0.0
(2, 2355)	8904	0.0
(1, 1381)	8905	0.0
(1, 1382)	8906	0.0
(21, 411)	8907	0.0
(3, 743)	8908	0.0
(1, 1383)	8909	0.0
(21, 412)	8910	0.0
(8, 1825)	8911	0.0
(2, 2356)	8912	0.0
(9, 429)	8913	0.0
(8, 1826)	8914	0.0
(8, 1827)	8915	0.0
(8, 1828)	8916	0.0
(8, 1829)	8917	0.0
(8, 1830)	8918	0.0
(8, 1831)	8919	0.0
(2, 2357)	8920	0.0
(2, 2358)	8921	0.0
(2, 2359)	8922	0.0
(23, 207)	8923	0.0
(16, 75)	8924	0.0
(11, 71)	8925	0.0
(8, 1832)	8926	0.0
(2, 2360)	8927	0.0
(8, 1833)	8928	0.0
(1, 1384)	8929	0.0
(3, 744)	8930	0.0
(21, 413)	8931	0.0
(5, 200)	8932	0.0
(8, 1834)	8933	0.0
(1, 1385)	8934	0.0
(1, 1386)	8935	0.0
(3, 745)	8936	0.0
(23, 208)	8937	0.0
(8, 1835)	8938	0.0
(2, 2361)	8939	0.0
(2, 2362)	8940	0.0
(8, 1836)	8941	0.0
(8, 1837)	8942	0.0
(4, 560)	8943	0.0
(2, 2363)	8944	0.0
(4, 561)	8945	0.0
(4, 562)	8946	0.0
(12, 17)	8947	0.0
(8, 1838)	8948	0.0
(8, 1839)	8949	0.0
(8, 1840)	8950	0.0
(2, 2364)	8951	0.0
(8, 1841)	8952	0.0
(8, 1842)	8953	0.0
(10, 228)	8954	0.0
(8, 1843)	8955	0.0
(8, 1844)	8956	0.0
(2, 2365)	8957	0.0
(2, 2366)	8958	0.0
(9, 430)	8959	0.0
(10, 229)	8960	0.0
(8, 1845)	8961	0.0
(8, 1846)	8962	0.0
(2, 2367)	8963	0.0
(2, 2368)	8964	0.0
(2, 2369)	8965	0.0
(2, 2370)	8966	0.0
(2, 2371)	8967	0.0
(9, 431)	8968	0.0
(2, 2372)	8969	0.0
(2, 2373)	8970	0.0
(8, 1847)	8971	0.0
(1, 1387)	8972	0.0
(8, 1848)	8973	0.0
(1, 1388)	8974	0.0
(1, 1389)	8975	0.0
(1, 1390)	8976	0.0
(2, 2374)	8977	0.0
(1, 1391)	8978	0.0
(1, 1392)	8979	0.0
(2, 2375)	8980	0.0
(2, 2376)	8981	0.0
(9, 432)	8982	0.0
(9, 433)	8983	0.0
(8, 1849)	8984	0.0
(8, 1850)	8985	0.0
(8, 1851)	8986	0.0
(9, 434)	8987	0.0
(8, 1852)	8988	0.0
(2, 2377)	8989	0.0
(8, 1853)	8990	0.0
(8, 1854)	8991	0.0
(15, 68)	8992	0.0
(4, 563)	8993	0.0
(8, 1855)	8994	0.0
(4, 564)	8995	0.0
(10, 230)	8996	0.0
(9, 435)	8997	0.0
(8, 1856)	8998	0.0
(9, 436)	8999	0.0
(4, 565)	9000	0.0
(4, 566)	9001	0.0
(2, 2378)	9002	0.0
(3, 746)	9003	0.0
(1, 1393)	9004	0.0
(2, 2379)	9005	0.0
(2, 2380)	9006	0.0
(3, 747)	9007	0.0
(9, 437)	9008	0.0
(8, 1857)	9009	0.0
(2, 2381)	9010	0.0
(3, 748)	9011	0.0
(2, 2382)	9012	0.0
(2, 2383)	9013	0.0
(2, 2384)	9014	0.0
(8, 1858)	9015	0.0
(2, 2385)	9016	0.0
(2, 2386)	9017	0.0
(2, 2387)	9018	0.0
(8, 1859)	9019	0.0
(1, 1394)	9020	0.0
(2, 2388)	9021	0.0
(4, 567)	9022	0.0
(4, 568)	9023	0.0
(15, 69)	9024	0.0
(8, 1860)	9025	0.0
(8, 1861)	9026	0.0
(4, 569)	9027	0.0
(1, 1395)	9028	0.0
(8, 1862)	9029	0.0
(8, 1863)	9030	0.0
(8, 1864)	9031	0.0
(9, 438)	9032	0.0
(24, 54)	9033	0.0
(4, 570)	9034	0.0
(2, 2389)	9035	0.0
(2, 2390)	9036	0.0
(8, 1865)	9037	0.0
(8, 1866)	9038	0.0
(9, 439)	9039	0.0
(8, 1867)	9040	0.0
(2, 2391)	9041	0.0
(2, 2392)	9042	0.0
(2, 2393)	9043	0.0
(2, 2394)	9044	0.0
(2, 2395)	9045	0.0
(2, 2396)	9046	0.0
(2, 2397)	9047	0.0
(4, 571)	9048	0.0
(2, 2398)	9049	0.0
(2, 2399)	9050	0.0
(4, 572)	9051	0.0
(8, 1868)	9052	0.0
(8, 1869)	9053	0.0
(9, 440)	9054	0.0
(10, 231)	9055	0.0
(8, 1870)	9056	0.0
(8, 1871)	9057	0.0
(9, 441)	9058	0.0
(8, 1872)	9059	0.0
(29, 16)	9060	0.0
(5, 201)	9061	0.0
(34, 7)	9062	0.0
(31, 25)	9063	0.0
(29, 17)	9064	0.0
(29, 18)	9065	0.0
(30, 5)	9066	0.0
(36, 6)	9067	0.0
(34, 8)	9068	0.0
(34, 9)	9069	0.0
(34, 10)	9070	0.0
(24, 55)	9071	0.0
(10, 232)	9072	0.0
(9, 442)	9073	0.0
(10, 233)	9074	0.0
(10, 234)	9075	0.0
(8, 1873)	9076	0.0
(8, 1874)	9077	0.0
(8, 1875)	9078	0.0
(8, 1876)	9079	0.0
(9, 443)	9080	0.0
(2, 2400)	9081	0.0
(8, 1877)	9082	0.0
(2, 2401)	9083	0.0
(2, 2402)	9084	0.0
(2, 2403)	9085	0.0
(8, 1878)	9086	0.0
(8, 1879)	9087	0.0
(8, 1880)	9088	0.0
(2, 2404)	9089	0.0
(2, 2405)	9090	0.0
(2, 2406)	9091	0.0
(2, 2407)	9092	0.0
(2, 2408)	9093	0.0
(10, 235)	9094	0.0
(10, 236)	9095	0.0
(8, 1881)	9096	0.0
(8, 1882)	9097	0.0
(8, 1883)	9098	0.0
(8, 1884)	9099	0.0
(8, 1885)	9100	0.0
(2, 2409)	9101	0.0
(2, 2410)	9102	0.0
(8, 1886)	9103	0.0
(2, 2411)	9104	0.0
(8, 1887)	9105	0.0
(2, 2412)	9106	0.0
(2, 2413)	9107	0.0
(2, 2414)	9108	0.0
(8, 1888)	9109	0.0
(2, 2415)	9110	0.0
(2, 2416)	9111	0.0
(8, 1889)	9112	0.0
(9, 444)	9113	0.0
(8, 1890)	9114	0.0
(8, 1891)	9115	0.0
(4, 573)	9116	0.0
(8, 1892)	9117	0.0
(9, 445)	9118	0.0
(8, 1893)	9119	0.0
(2, 2417)	9120	0.0
(2, 2418)	9121	0.0
(2, 2419)	9122	0.0
(8, 1894)	9123	0.0
(8, 1895)	9124	0.0
(2, 2420)	9125	0.0
(21, 414)	9126	0.0
(21, 415)	9127	0.0
(2, 2421)	9128	0.0
(8, 1896)	9129	0.0
(21, 416)	9130	0.0
(2, 2422)	9131	0.0
(8, 1897)	9132	0.0
(2, 2423)	9133	0.0
(2, 2424)	9134	0.0
(8, 1898)	9135	0.0
(4, 574)	9136	0.0
(2, 2425)	9137	0.0
(8, 1899)	9138	0.0
(8, 1900)	9139	0.0
(2, 2426)	9140	0.0
(21, 417)	9141	0.0
(21, 418)	9142	0.0
(1, 1396)	9143	0.0
(1, 1397)	9144	0.0
(3, 749)	9145	0.0
(3, 750)	9146	0.0
(3, 751)	9147	0.0
(4, 575)	9148	0.0
(8, 1901)	9149	0.0
(8, 1902)	9150	0.0
(8, 1903)	9151	0.0
(8, 1904)	9152	0.0
(5, 202)	9153	0.0
(8, 1905)	9154	0.0
(10, 237)	9155	0.0
(2, 2427)	9156	0.0
(8, 1906)	9157	0.0
(3, 752)	9158	0.0
(3, 753)	9159	0.0
(21, 419)	9160	0.0
(2, 2428)	9161	0.0
(2, 2429)	9162	0.0
(8, 1907)	9163	0.0
(2, 2430)	9164	0.0
(8, 1908)	9165	0.0
(8, 1909)	9166	0.0
(4, 576)	9167	0.0
(4, 577)	9168	0.0
(8, 1910)	9169	0.0
(2, 2431)	9170	0.0
(4, 578)	9171	0.0
(2, 2432)	9172	0.0
(2, 2433)	9173	0.0
(2, 2434)	9174	0.0
(2, 2435)	9175	0.0
(5, 203)	9176	0.0
(2, 2436)	9177	0.0
(8, 1911)	9178	0.0
(4, 579)	9179	0.0
(2, 2437)	9180	0.0
(8, 1912)	9181	0.0
(2, 2438)	9182	0.0
(8, 1913)	9183	0.0
(2, 2439)	9184	0.0
(2, 2440)	9185	0.0
(2, 2441)	9186	0.0
(2, 2442)	9187	0.0
(2, 2443)	9188	0.0
(1, 1398)	9189	0.0
(1, 1399)	9190	0.0
(2, 2444)	9191	0.0
(2, 2445)	9192	0.0
(1, 1400)	9193	0.0
(9, 446)	9194	0.0
(8, 1914)	9195	0.0
(4, 580)	9196	0.0
(4, 581)	9197	0.0
(10, 238)	9198	0.0
(8, 1915)	9199	0.0
(8, 1916)	9200	0.0
(8, 1917)	9201	0.0
(4, 582)	9202	0.0
(8, 1918)	9203	0.0
(8, 1919)	9204	0.0
(10, 239)	9205	0.0
(8, 1920)	9206	0.0
(8, 1921)	9207	0.0
(4, 583)	9208	0.0
(8, 1922)	9209	0.0
(2, 2446)	9210	0.0
(2, 2447)	9211	0.0
(2, 2448)	9212	0.0
(2, 2449)	9213	0.0
(2, 2450)	9214	0.0
(2, 2451)	9215	0.0
(3, 754)	9216	0.0
(9, 447)	9217	0.0
(8, 1923)	9218	0.0
(8, 1924)	9219	0.0
(8, 1925)	9220	0.0
(10, 240)	9221	0.0
(4, 584)	9222	0.0
(4, 585)	9223	0.0
(8, 1926)	9224	0.0
(9, 448)	9225	0.0
(2, 2452)	9226	0.0
(4, 586)	9227	0.0
(23, 209)	9228	0.0
(2, 2453)	9229	0.0
(2, 2454)	9230	0.0
(2, 2455)	9231	0.0
(2, 2456)	9232	0.0
(8, 1927)	9233	0.0
(2, 2457)	9234	0.0
(2, 2458)	9235	0.0
(6, 36)	9236	0.0
(2, 2459)	9237	0.0
(2, 2460)	9238	0.0
(2, 2461)	9239	0.0
(3, 755)	9240	0.0
(2, 2462)	9241	0.0
(2, 2463)	9242	0.0
(2, 2464)	9243	0.0
(2, 2465)	9244	0.0
(8, 1928)	9245	0.0
(1, 1401)	9246	0.0
(2, 2466)	9247	0.0
(23, 210)	9248	0.0
(1, 1402)	9249	0.0
(1, 1403)	9250	0.0
(3, 756)	9251	0.0
(3, 757)	9252	0.0
(23, 211)	9253	0.0
(1, 1404)	9254	0.0
(1, 1405)	9255	0.0
(2, 2467)	9256	0.0
(2, 2468)	9257	0.0
(1, 1406)	9258	0.0
(2, 2469)	9259	0.0
(3, 758)	9260	0.0
(23, 212)	9261	0.0
(1, 1407)	9262	0.0
(1, 1408)	9263	0.0
(1, 1409)	9264	0.0
(17, 19)	9265	0.0
(2, 2470)	9266	0.0
(2, 2471)	9267	0.0
(4, 587)	9268	0.0
(32, 2)	9269	0.0
(1, 1410)	9270	0.0
(1, 1411)	9271	0.0
(1, 1412)	9272	0.0
(4, 588)	9273	0.0
(1, 1413)	9274	0.0
(1, 1414)	9275	0.0
(2, 2472)	9276	0.0
(1, 1415)	9277	0.0
(1, 1416)	9278	0.0
(1, 1417)	9279	0.0
(1, 1418)	9280	0.0
(18, 24)	9281	0.0
(19, 19)	9282	0.0
(1, 1419)	9283	0.0
(1, 1420)	9284	0.0
(1, 1421)	9285	0.0
(23, 213)	9286	0.0
(23, 214)	9287	0.0
(1, 1422)	9288	0.0
(1, 1423)	9289	0.0
(22, 62)	9290	0.0
(1, 1424)	9291	0.0
(2, 2473)	9292	0.0
(2, 2474)	9293	0.0
(23, 215)	9294	0.0
(1, 1425)	9295	0.0
(1, 1426)	9296	0.0
(5, 204)	9297	0.0
(1, 1427)	9298	0.0
(18, 25)	9299	0.0
(19, 20)	9300	0.0
(22, 63)	9301	0.0
(18, 26)	9302	0.0
(19, 21)	9303	0.0
(1, 1428)	9304	0.0
(1, 1429)	9305	0.0
(1, 1430)	9306	0.0
(42, 1)	9307	0.0
(42, 2)	9308	0.0
(42, 3)	9309	0.0
(22, 64)	9310	0.0
(18, 27)	9311	0.0
(19, 22)	9312	0.0
(1, 1431)	9313	0.0
(1, 1432)	9314	0.0
(21, 420)	9315	0.0
(3, 759)	9316	0.0
(3, 760)	9317	0.0
(4, 589)	9318	0.0
(8, 1929)	9319	0.0
(5, 205)	9320	0.0
(2, 2475)	9321	0.0
(8, 1930)	9322	0.0
(2, 2476)	9323	0.0
(1, 1433)	9324	0.0
(8, 1931)	9325	0.0
(3, 761)	9326	0.0
(5, 206)	9327	0.0
(2, 2477)	9328	0.0
(2, 2478)	9329	0.0
(2, 2479)	9330	0.0
(8, 1932)	9331	0.0
(8, 1933)	9332	0.0
(8, 1934)	9333	0.0
(5, 207)	9334	0.0
(32, 3)	9335	0.0
(2, 2480)	9336	0.0
(2, 2481)	9337	0.0
(2, 2482)	9338	0.0
(2, 2483)	9339	0.0
(2, 2484)	9340	0.0
(2, 2485)	9341	0.0
(1, 1434)	9342	0.0
(2, 2486)	9343	0.0
(2, 2487)	9344	0.0
(3, 762)	9345	0.0
(9, 449)	9346	0.0
(2, 2488)	9347	0.0
(2, 2489)	9348	0.0
(5, 208)	9349	0.0
(2, 2490)	9350	0.0
(2, 2491)	9351	0.0
(5, 209)	9352	0.0
(1, 1435)	9353	0.0
(3, 763)	9354	0.0
(5, 210)	9355	0.0
(23, 216)	9356	0.0
(1, 1436)	9357	0.0
(2, 2492)	9358	0.0
(1, 1437)	9359	0.0
(8, 1935)	9360	0.0
(4, 590)	9361	0.0
(1, 1438)	9362	0.0
(1, 1439)	9363	0.0
(2, 2493)	9364	0.0
(2, 2494)	9365	0.0
(8, 1936)	9366	0.0
(1, 1440)	9367	0.0
(2, 2495)	9368	0.0
(1, 1441)	9369	0.0
(2, 2496)	9370	0.0
(9, 450)	9371	0.0
(2, 2497)	9372	0.0
(2, 2498)	9373	0.0
(1, 1442)	9374	0.0
(1, 1443)	9375	0.0
(1, 1444)	9376	0.0
(1, 1445)	9377	0.0
(1, 1446)	9378	0.0
(8, 1937)	9379	0.0
(8, 1938)	9380	0.0
(2, 2499)	9381	0.0
(8, 1939)	9382	0.0
(43, 1)	9383	0.0
(9, 451)	9384	0.0
(44, 1)	9385	0.0
(1, 1447)	9386	0.0
(45, 1)	9387	0.0
(1, 1448)	9388	0.0
(1, 1449)	9389	0.0
(46, 1)	9390	0.0
(46, 2)	9391	0.0
(8, 1940)	9392	0.0
(8, 1941)	9393	0.0
(3, 764)	9394	0.0
(8, 1942)	9395	0.0
(9, 452)	9396	0.0
(1, 1450)	9397	0.0
(5, 211)	9398	0.0
(1, 1451)	9399	0.0
(8, 1943)	9400	0.0
(8, 1944)	9401	0.0
(8, 1945)	9402	0.0
(9, 453)	9403	0.0
(23, 217)	9404	0.0
(2, 2500)	9405	0.0
(2, 2501)	9406	0.0
(4, 591)	9407	0.0
(2, 2502)	9408	0.0
(2, 2503)	9409	0.0
(3, 765)	9410	0.0
(3, 766)	9411	0.0
(1, 1452)	9412	0.0
(21, 421)	9413	0.0
(1, 1453)	9414	0.0
(1, 1454)	9415	0.0
(21, 422)	9416	0.0
(21, 423)	9417	0.0
(3, 767)	9418	0.0
(1, 1455)	9419	0.0
(21, 424)	9420	0.0
(1, 1456)	9421	0.0
(21, 425)	9422	0.0
(21, 426)	9423	0.0
(1, 1457)	9424	0.0
(21, 427)	9425	0.0
(21, 428)	9426	0.0
(23, 218)	9427	0.0
(21, 429)	9428	0.0
(3, 768)	9429	0.0
(2, 2504)	9430	0.0
(2, 2505)	9431	0.0
(2, 2506)	9432	0.0
(3, 769)	9433	0.0
(8, 1946)	9434	0.0
(2, 2507)	9435	0.0
(2, 2508)	9436	0.0
(2, 2509)	9437	0.0
(2, 2510)	9438	0.0
(2, 2511)	9439	0.0
(9, 454)	9440	0.0
(2, 2512)	9441	0.0
(3, 770)	9442	0.0
(4, 592)	9443	0.0
(1, 1458)	9444	0.0
(5, 212)	9445	0.0
(21, 430)	9446	0.0
(21, 431)	9447	0.0
(4, 593)	9448	0.0
(4, 594)	9449	0.0
(1, 1459)	9450	0.0
(3, 771)	9451	0.0
(4, 595)	9452	0.0
(1, 1460)	9453	0.0
(21, 432)	9454	0.0
(21, 433)	9455	0.0
(22, 65)	9456	0.0
(18, 28)	9457	0.0
(8, 1947)	9458	0.0
(1, 1461)	9459	0.0
(8, 1948)	9460	0.0
(4, 596)	9461	0.0
(8, 1949)	9462	0.0
(8, 1950)	9463	0.0
(37, 2)	9464	0.0
(1, 1462)	9465	0.0
(32, 4)	9466	0.0
(8, 1951)	9467	0.0
(4, 597)	9468	0.0
(32, 5)	9469	0.0
(32, 6)	9470	0.0
(2, 2513)	9471	0.0
(37, 3)	9472	0.0
(37, 4)	9473	0.0
(37, 5)	9474	0.0
(2, 2514)	9475	0.0
(43, 2)	9476	0.0
(26, 14)	9477	0.0
(47, 1)	9478	0.0
(47, 2)	9479	0.0
(47, 3)	9480	0.0
(47, 4)	9481	0.0
(47, 5)	9482	0.0
(48, 1)	9483	0.0
(43, 3)	9484	0.0
(47, 6)	9485	0.0
(47, 7)	9486	0.0
(47, 8)	9487	0.0
(49, 1)	9488	0.0
(50, 1)	9489	0.0
(10, 241)	9490	0.0
(8, 1952)	9491	0.0
(8, 1953)	9492	0.0
(43, 4)	9493	0.0
(48, 2)	9494	0.0
(25, 16)	9495	0.0
(22, 66)	9496	0.0
(1, 1463)	9497	0.0
(1, 1464)	9498	0.0
(2, 2515)	9499	0.0
(1, 1465)	9500	0.0
(8, 1954)	9501	0.0
(9, 455)	9502	0.0
(2, 2516)	9503	0.0
(5, 213)	9504	0.0
(38, 3)	9505	0.0
(38, 4)	9506	0.0
(38, 5)	9507	0.0
(38, 6)	9508	0.0
(38, 7)	9509	0.0
(4, 598)	9510	0.0
(8, 1955)	9511	0.0
(38, 8)	9512	0.0
(38, 9)	9513	0.0
(38, 10)	9514	0.0
(8, 1956)	9515	0.0
(2, 2517)	9516	0.0
(8, 1957)	9517	0.0
(8, 1958)	9518	0.0
(1, 1466)	9519	0.0
(2, 2518)	9520	0.0
(2, 2519)	9521	0.0
(1, 1467)	9522	0.0
(2, 2520)	9523	0.0
(1, 1468)	9524	0.0
(1, 1469)	9525	0.0
(2, 2521)	9526	0.0
(4, 599)	9527	0.0
(2, 2522)	9528	0.0
(2, 2523)	9529	0.0
(8, 1959)	9530	0.0
(1, 1470)	9531	0.0
(2, 2524)	9532	0.0
(1, 1471)	9533	0.0
(1, 1472)	9534	0.0
(2, 2525)	9535	0.0
(1, 1473)	9536	0.0
(2, 2526)	9537	0.0
(1, 1474)	9538	0.0
(8, 1960)	9539	0.0
(2, 2527)	9540	0.0
(1, 1475)	9541	0.0
(1, 1476)	9542	0.0
(8, 1961)	9543	0.0
(2, 2528)	9544	0.0
(10, 242)	9545	0.0
(2, 2529)	9546	0.0
(1, 1477)	9547	0.0
(1, 1478)	9548	0.0
(1, 1479)	9549	0.0
(21, 434)	9550	0.0
(21, 435)	9551	0.0
(21, 436)	9552	0.0
(3, 772)	9553	0.0
(2, 2530)	9554	0.0
(3, 773)	9555	0.0
(4, 600)	9556	0.0
(1, 1480)	9557	0.0
(1, 1481)	9558	0.0
(21, 437)	9559	0.0
(3, 774)	9560	0.0
(4, 601)	9561	0.0
(9, 456)	9562	0.0
(24, 56)	9563	0.0
(1, 1482)	9564	0.0
(2, 2531)	9565	0.0
(4, 602)	9566	0.0
(2, 2532)	9567	0.0
(3, 775)	9568	0.0
(3, 776)	9569	0.0
(8, 1962)	9570	0.0
(8, 1963)	9571	0.0
(10, 243)	9572	0.0
(8, 1964)	9573	0.0
(9, 457)	9574	0.0
(2, 2533)	9575	0.0
(2, 2534)	9576	0.0
(2, 2535)	9577	0.0
(2, 2536)	9578	0.0
(2, 2537)	9579	0.0
(2, 2538)	9580	0.0
(8, 1965)	9581	0.0
(2, 2539)	9582	0.0
(2, 2540)	9583	0.0
(23, 219)	9584	0.0
(4, 603)	9585	0.0
(9, 458)	9586	0.0
(8, 1966)	9587	0.0
(9, 459)	9588	0.0
(8, 1967)	9589	0.0
(4, 604)	9590	0.0
(5, 214)	9591	0.0
(8, 1968)	9592	0.0
(8, 1969)	9593	0.0
(8, 1970)	9594	0.0
(8, 1971)	9595	0.0
(3, 777)	9596	0.0
(23, 220)	9597	0.0
(2, 2541)	9598	0.0
(2, 2542)	9599	0.0
(9, 460)	9600	0.0
(2, 2543)	9601	0.0
(2, 2544)	9602	0.0
(4, 605)	9603	0.0
(6, 37)	9604	0.0
(2, 2545)	9605	0.0
(9, 461)	9606	0.0
(29, 19)	9607	0.0
(8, 1972)	9608	0.0
(8, 1973)	9609	0.0
(8, 1974)	9610	0.0
(10, 244)	9611	0.0
(8, 1975)	9612	0.0
(10, 245)	9613	0.0
(4, 606)	9614	0.0
(8, 1976)	9615	0.0
(9, 462)	9616	0.0
(1, 1483)	9617	0.0
(23, 221)	9618	0.0
(3, 778)	9619	0.0
(3, 779)	9620	0.0
(3, 780)	9621	0.0
(1, 1484)	9622	0.0
(2, 2546)	9623	0.0
(8, 1977)	9624	0.0
(8, 1978)	9625	0.0
(9, 463)	9626	0.0
(2, 2547)	9627	0.0
(2, 2548)	9628	0.0
(2, 2549)	9629	0.0
(3, 781)	9630	0.0
(9, 464)	9631	0.0
(9, 465)	9632	0.0
(9, 466)	9633	0.0
(9, 467)	9634	0.0
(4, 607)	9635	0.0
(8, 1979)	9636	0.0
(8, 1980)	9637	0.0
(8, 1981)	9638	0.0
(10, 246)	9639	0.0
(3, 782)	9640	0.0
(4, 608)	9641	0.0
(8, 1982)	9642	0.0
(8, 1983)	9643	0.0
(2, 2550)	9644	0.0
(4, 609)	9645	0.0
(4, 610)	9646	0.0
(10, 247)	9647	0.0
(8, 1984)	9648	0.0
(2, 2551)	9649	0.0
(9, 468)	9650	0.0
(8, 1985)	9651	0.0
(1, 1485)	9652	0.0
(1, 1486)	9653	0.0
(3, 783)	9654	0.0
(3, 784)	9655	0.0
(3, 785)	9656	0.0
(2, 2552)	9657	0.0
(2, 2553)	9658	0.0
(2, 2554)	9659	0.0
(8, 1986)	9660	0.0
(8, 1987)	9661	0.0
(15, 70)	9662	0.0
(8, 1988)	9663	0.0
(4, 611)	9664	0.0
(8, 1989)	9665	0.0
(8, 1990)	9666	0.0
(9, 469)	9667	0.0
(8, 1991)	9668	0.0
(8, 1992)	9669	0.0
(8, 1993)	9670	0.0
(24, 57)	9671	0.0
(2, 2555)	9672	0.0
(2, 2556)	9673	0.0
(2, 2557)	9674	0.0
(10, 248)	9675	0.0
(8, 1994)	9676	0.0
(2, 2558)	9677	0.0
(2, 2559)	9678	0.0
(2, 2560)	9679	0.0
(8, 1995)	9680	0.0
(8, 1996)	9681	0.0
(8, 1997)	9682	0.0
(8, 1998)	9683	0.0
(8, 1999)	9684	0.0
(9, 470)	9685	0.0
(9, 471)	9686	0.0
(8, 2000)	9687	0.0
(8, 2001)	9688	0.0
(9, 472)	9689	0.0
(2, 2561)	9690	0.0
(2, 2562)	9691	0.0
(8, 2002)	9692	0.0
(2, 2563)	9693	0.0
(2, 2564)	9694	0.0
(2, 2565)	9695	0.0
(4, 612)	9696	0.0
(6, 38)	9697	0.0
(8, 2003)	9698	0.0
(2, 2566)	9699	0.0
(8, 2004)	9700	0.0
(3, 786)	9701	0.0
(2, 2567)	9702	0.0
(8, 2005)	9703	0.0
(5, 215)	9704	0.0
(2, 2568)	9705	0.0
(8, 2006)	9706	0.0
(4, 613)	9707	0.0
(2, 2569)	9708	0.0
(9, 473)	9709	0.0
(8, 2007)	9710	0.0
(8, 2008)	9711	0.0
(10, 249)	9712	0.0
(5, 216)	9713	0.0
(8, 2009)	9714	0.0
(9, 474)	9715	0.0
(2, 2570)	9716	0.0
(2, 2571)	9717	0.0
(2, 2572)	9718	0.0
(8, 2010)	9719	0.0
(9, 475)	9720	0.0
(2, 2573)	9721	0.0
(2, 2574)	9722	0.0
(2, 2575)	9723	0.0
(11, 72)	9724	0.0
(2, 2576)	9725	0.0
(2, 2577)	9726	0.0
(2, 2578)	9727	0.0
(2, 2579)	9728	0.0
(8, 2011)	9729	0.0
(4, 614)	9730	0.0
(8, 2012)	9731	0.0
(2, 2580)	9732	0.0
(9, 476)	9733	0.0
(8, 2013)	9734	0.0
(2, 2581)	9735	0.0
(15, 71)	9736	0.0
(8, 2014)	9737	0.0
(8, 2015)	9738	0.0
(15, 72)	9739	0.0
(2, 2582)	9740	0.0
(8, 2016)	9741	0.0
(2, 2583)	9742	0.0
(1, 1487)	9743	0.0
(1, 1488)	9744	0.0
(1, 1489)	9745	0.0
(2, 2584)	9746	0.0
(3, 787)	9747	0.0
(21, 438)	9748	0.0
(8, 2017)	9749	0.0
(21, 439)	9750	0.0
(21, 440)	9751	0.0
(4, 615)	9752	0.0
(1, 1490)	9753	0.0
(2, 2585)	9754	0.0
(2, 2586)	9755	0.0
(21, 441)	9756	0.0
(4, 616)	9757	0.0
(8, 2018)	9758	0.0
(2, 2587)	9759	0.0
(2, 2588)	9760	0.0
(9, 477)	9761	0.0
(8, 2019)	9762	0.0
(2, 2589)	9763	0.0
(2, 2590)	9764	0.0
(2, 2591)	9765	0.0
(8, 2020)	9766	0.0
(10, 250)	9767	0.0
(10, 251)	9768	0.0
(8, 2021)	9769	0.0
(2, 2592)	9770	0.0
(2, 2593)	9771	0.0
(8, 2022)	9772	0.0
(8, 2023)	9773	0.0
(8, 2024)	9774	0.0
(2, 2594)	9775	0.0
(2, 2595)	9776	0.0
(4, 617)	9777	0.0
(8, 2025)	9778	0.0
(9, 478)	9779	0.0
(4, 618)	9780	0.0
(26, 15)	9781	0.0
(10, 252)	9782	0.0
(32, 7)	9783	0.0
(9, 479)	9784	0.0
(10, 253)	9785	0.0
(8, 2026)	9786	0.0
(10, 254)	9787	0.0
(10, 255)	9788	0.0
(9, 480)	9789	0.0
(8, 2027)	9790	0.0
(10, 256)	9791	0.0
(10, 257)	9792	0.0
(8, 2028)	9793	0.0
(8, 2029)	9794	0.0
(9, 481)	9795	0.0
(8, 2030)	9796	0.0
(4, 619)	9797	0.0
(8, 2031)	9798	0.0
(9, 482)	9799	0.0
(9, 483)	9800	0.0
(8, 2032)	9801	0.0
(8, 2033)	9802	0.0
(8, 2034)	9803	0.0
(2, 2596)	9804	0.0
(2, 2597)	9805	0.0
(1, 1491)	9806	0.0
(1, 1492)	9807	0.0
(1, 1493)	9808	0.0
(21, 442)	9809	0.0
(23, 222)	9810	0.0
(2, 2598)	9811	0.0
(1, 1494)	9812	0.0
(21, 443)	9813	0.0
(3, 788)	9814	0.0
(23, 223)	9815	0.0
(23, 224)	9816	0.0
(1, 1495)	9817	0.0
(1, 1496)	9818	0.0
(3, 789)	9819	0.0
(3, 790)	9820	0.0
(3, 791)	9821	0.0
(3, 792)	9822	0.0
(8, 2035)	9823	0.0
(4, 620)	9824	0.0
(24, 58)	9825	0.0
(3, 793)	9826	0.0
(10, 258)	9827	0.0
(2, 2599)	9828	0.0
(2, 2600)	9829	0.0
(8, 2036)	9830	0.0
(2, 2601)	9831	0.0
(3, 794)	9832	0.0
(3, 795)	9833	0.0
(3, 796)	9834	0.0
(2, 2602)	9835	0.0
(2, 2603)	9836	0.0
(4, 621)	9837	0.0
(8, 2037)	9838	0.0
(9, 484)	9839	0.0
(9, 485)	9840	0.0
(8, 2038)	9841	0.0
(8, 2039)	9842	0.0
(8, 2040)	9843	0.0
(29, 20)	9844	0.0
(30, 6)	9845	0.0
(29, 21)	9846	0.0
(9, 486)	9847	0.0
(8, 2041)	9848	0.0
(8, 2042)	9849	0.0
(4, 622)	9850	0.0
(9, 487)	9851	0.0
(10, 259)	9852	0.0
(2, 2604)	9853	0.0
(15, 73)	9854	0.0
(8, 2043)	9855	0.0
(8, 2044)	9856	0.0
(8, 2045)	9857	0.0
(4, 623)	9858	0.0
(8, 2046)	9859	0.0
(4, 624)	9860	0.0
(5, 217)	9861	0.0
(8, 2047)	9862	0.0
(8, 2048)	9863	0.0
(4, 625)	9864	0.0
(8, 2049)	9865	0.0
(8, 2050)	9866	0.0
(2, 2605)	9867	0.0
(2, 2606)	9868	0.0
(8, 2051)	9869	0.0
(8, 2052)	9870	0.0
(8, 2053)	9871	0.0
(8, 2054)	9872	0.0
(2, 2607)	9873	0.0
(2, 2608)	9874	0.0
(4, 626)	9875	0.0
(2, 2609)	9876	0.0
(3, 797)	9877	0.0
(8, 2055)	9878	0.0
(8, 2056)	9879	0.0
(8, 2057)	9880	0.0
(8, 2058)	9881	0.0
(8, 2059)	9882	0.0
(4, 627)	9883	0.0
(8, 2060)	9884	0.0
(8, 2061)	9885	0.0
(23, 225)	9886	0.0
(2, 2610)	9887	0.0
(3, 798)	9888	0.0
(2, 2611)	9889	0.0
(2, 2612)	9890	0.0
(2, 2613)	9891	0.0
(4, 628)	9892	0.0
(2, 2614)	9893	0.0
(24, 59)	9894	0.0
(2, 2615)	9895	0.0
(2, 2616)	9896	0.0
(2, 2617)	9897	0.0
(8, 2062)	9898	0.0
(9, 488)	9899	0.0
(8, 2063)	9900	0.0
(8, 2064)	9901	0.0
(2, 2618)	9902	0.0
(2, 2619)	9903	0.0
(2, 2620)	9904	0.0
(3, 799)	9905	0.0
(4, 629)	9906	0.0
(8, 2065)	9907	0.0
(2, 2621)	9908	0.0
(8, 2066)	9909	0.0
(8, 2067)	9910	0.0
(4, 630)	9911	0.0
(8, 2068)	9912	0.0
(8, 2069)	9913	0.0
(8, 2070)	9914	0.0
(2, 2622)	9915	0.0
(2, 2623)	9916	0.0
(2, 2624)	9917	0.0
(2, 2625)	9918	0.0
(2, 2626)	9919	0.0
(2, 2627)	9920	0.0
(8, 2071)	9921	0.0
(8, 2072)	9922	0.0
(8, 2073)	9923	0.0
(8, 2074)	9924	0.0
(8, 2075)	9925	0.0
(8, 2076)	9926	0.0
(8, 2077)	9927	0.0
(9, 489)	9928	0.0
(8, 2078)	9929	0.0
(8, 2079)	9930	0.0
(9, 490)	9931	0.0
(8, 2080)	9932	0.0
(8, 2081)	9933	0.0
(9, 491)	9934	0.0
(8, 2082)	9935	0.0
(8, 2083)	9936	0.0
(9, 492)	9937	0.0
(12, 18)	9938	0.0
(1, 1497)	9939	0.0
(21, 444)	9940	0.0
(21, 445)	9941	0.0
(23, 226)	9942	0.0
(16, 76)	9943	0.0
(21, 446)	9944	0.0
(21, 447)	9945	0.0
(18, 29)	9946	0.0
(16, 77)	9947	0.0
(1, 1498)	9948	0.0
(1, 1499)	9949	0.0
(21, 448)	9950	0.0
(21, 449)	9951	0.0
(18, 30)	9952	0.0
(18, 31)	9953	0.0
(19, 23)	9954	0.0
(1, 1500)	9955	0.0
(2, 2628)	9956	0.0
(3, 800)	9957	0.0
(3, 801)	9958	0.0
(23, 227)	9959	0.0
(6, 39)	9960	0.0
(3, 802)	9961	0.0
(23, 228)	9962	0.0
(2, 2629)	9963	0.0
(1, 1501)	9964	0.0
(21, 450)	9965	0.0
(21, 451)	9966	0.0
(3, 803)	9967	0.0
(3, 804)	9968	0.0
(16, 78)	9969	0.0
(17, 20)	9970	0.0
(2, 2630)	9971	0.0
(21, 452)	9972	0.0
(21, 453)	9973	0.0
(18, 32)	9974	0.0
(8, 2084)	9975	0.0
(4, 631)	9976	0.0
(9, 493)	9977	0.0
(8, 2085)	9978	0.0
(24, 60)	9979	0.0
(2, 2631)	9980	0.0
(8, 2086)	9981	0.0
(8, 2087)	9982	0.0
(2, 2632)	9983	0.0
(2, 2633)	9984	0.0
(2, 2634)	9985	0.0
(2, 2635)	9986	0.0
(8, 2088)	9987	0.0
(2, 2636)	9988	0.0
(8, 2089)	9989	0.0
(8, 2090)	9990	0.0
(2, 2637)	9991	0.0
(8, 2091)	9992	0.0
(2, 2638)	9993	0.0
(10, 260)	9994	0.0
(8, 2092)	9995	0.0
(2, 2639)	9996	0.0
(2, 2640)	9997	0.0
(8, 2093)	9998	0.0
(2, 2641)	9999	0.0
(8, 2094)	10000	0.0
(8, 2095)	10001	0.0
(8, 2096)	10002	0.0
(8, 2097)	10003	0.0
(8, 2098)	10004	0.0
(8, 2099)	10005	0.0
(8, 2100)	10006	0.0
(8, 2101)	10007	0.0
(8, 2102)	10008	0.0
(2, 2642)	10009	0.0
(2, 2643)	10010	0.0
(2, 2644)	10011	0.0
(2, 2645)	10012	0.0
(2, 2646)	10013	0.0
(8, 2103)	10014	0.0
(2, 2647)	10015	0.0
(2, 2648)	10016	0.0
(8, 2104)	10017	0.0
(2, 2649)	10018	0.0
(2, 2650)	10019	0.0
(4, 632)	10020	0.0
(2, 2651)	10021	0.0
(2, 2652)	10022	0.0
(4, 633)	10023	0.0
(8, 2105)	10024	0.0
(8, 2106)	10025	0.0
(4, 634)	10026	0.0
(8, 2107)	10027	0.0
(8, 2108)	10028	0.0
(4, 635)	10029	0.0
(2, 2653)	10030	0.0
(4, 636)	10031	0.0
(3, 805)	10032	0.0
(8, 2109)	10033	0.0
(2, 2654)	10034	0.0
(8, 2110)	10035	0.0
(2, 2655)	10036	0.0
(8, 2111)	10037	0.0
(2, 2656)	10038	0.0
(8, 2112)	10039	0.0
(2, 2657)	10040	0.0
(9, 494)	10041	0.0
(8, 2113)	10042	0.0
(2, 2658)	10043	0.0
(8, 2114)	10044	0.0
(8, 2115)	10045	0.0
(8, 2116)	10046	0.0
(8, 2117)	10047	0.0
(8, 2118)	10048	0.0
(9, 495)	10049	0.0
(8, 2119)	10050	0.0
(2, 2659)	10051	0.0
(8, 2120)	10052	0.0
(9, 496)	10053	0.0
(4, 637)	10054	0.0
(31, 26)	10055	0.0
(33, 6)	10056	0.0
(4, 638)	10057	0.0
(29, 22)	10058	0.0
(29, 23)	10059	0.0
(10, 261)	10060	0.0
(2, 2660)	10061	0.0
(8, 2121)	10062	0.0
(4, 639)	10063	0.0
(2, 2661)	10064	0.0
(2, 2662)	10065	0.0
(2, 2663)	10066	0.0
(4, 640)	10067	0.0
(4, 641)	10068	0.0
(8, 2122)	10069	0.0
(2, 2664)	10070	0.0
(8, 2123)	10071	0.0
(2, 2665)	10072	0.0
(9, 497)	10073	0.0
(31, 27)	10074	0.0
(9, 498)	10075	0.0
(24, 61)	10076	0.0
(8, 2124)	10077	0.0
(9, 499)	10078	0.0
(24, 62)	10079	0.0
(5, 218)	10080	0.0
(2, 2666)	10081	0.0
(4, 642)	10082	0.0
(8, 2125)	10083	0.0
(8, 2126)	10084	0.0
(4, 643)	10085	0.0
(2, 2667)	10086	0.0
(10, 262)	10087	0.0
(10, 263)	10088	0.0
(8, 2127)	10089	0.0
(2, 2668)	10090	0.0
(8, 2128)	10091	0.0
(8, 2129)	10092	0.0
(10, 264)	10093	0.0
(10, 265)	10094	0.0
(2, 2669)	10095	0.0
(8, 2130)	10096	0.0
(2, 2670)	10097	0.0
(1, 1502)	10098	0.0
(1, 1503)	10099	0.0
(2, 2671)	10100	0.0
(1, 1504)	10101	0.0
(1, 1505)	10102	0.0
(4, 644)	10103	0.0
(2, 2672)	10104	0.0
(4, 645)	10105	0.0
(10, 266)	10106	0.0
(4, 646)	10107	0.0
(1, 1506)	10108	0.0
(8, 2131)	10109	0.0
(4, 647)	10110	0.0
(8, 2132)	10111	0.0
(8, 2133)	10112	0.0
(8, 2134)	10113	0.0
(4, 648)	10114	0.0
(8, 2135)	10115	0.0
(8, 2136)	10116	0.0
(8, 2137)	10117	0.0
(1, 1507)	10118	0.0
(1, 1508)	10119	0.0
(4, 649)	10120	0.0
(1, 1509)	10121	0.0
(2, 2673)	10122	0.0
(2, 2674)	10123	0.0
(3, 806)	10124	0.0
(4, 650)	10125	0.0
(9, 500)	10126	0.0
(8, 2138)	10127	0.0
(9, 501)	10128	0.0
(9, 502)	10129	0.0
(9, 503)	10130	0.0
(1, 1510)	10131	0.0
(1, 1511)	10132	0.0
(1, 1512)	10133	0.0
(2, 2675)	10134	0.0
(1, 1513)	10135	0.0
(2, 2676)	10136	0.0
(1, 1514)	10137	0.0
(2, 2677)	10138	0.0
(4, 651)	10139	0.0
(2, 2678)	10140	0.0
(8, 2139)	10141	0.0
(4, 652)	10142	0.0
(4, 653)	10143	0.0
(1, 1515)	10144	0.0
(2, 2679)	10145	0.0
(8, 2140)	10146	0.0
(10, 267)	10147	0.0
(8, 2141)	10148	0.0
(4, 654)	10149	0.0
(10, 268)	10150	0.0
(1, 1516)	10151	0.0
(22, 67)	10152	0.0
(8, 2142)	10153	0.0
(2, 2680)	10154	0.0
(8, 2143)	10155	0.0
(8, 2144)	10156	0.0
(2, 2681)	10157	0.0
(1, 1517)	10158	0.0
(9, 504)	10159	0.0
(2, 2682)	10160	0.0
(1, 1518)	10161	0.0
(1, 1519)	10162	0.0
(3, 807)	10163	0.0
(3, 808)	10164	0.0
(9, 505)	10165	0.0
(1, 1520)	10166	0.0
(4, 655)	10167	0.0
(8, 2145)	10168	0.0
(3, 809)	10169	0.0
(3, 810)	10170	0.0
(4, 656)	10171	0.0
(2, 2683)	10172	0.0
(8, 2146)	10173	0.0
(3, 811)	10174	0.0
(24, 63)	10175	0.0
(4, 657)	10176	0.0
(8, 2147)	10177	0.0
(8, 2148)	10178	0.0
(1, 1521)	10179	0.0
(4, 658)	10180	0.0
(4, 659)	10181	0.0
(15, 74)	10182	0.0
(4, 660)	10183	0.0
(8, 2149)	10184	0.0
(8, 2150)	10185	0.0
(2, 2684)	10186	0.0
(8, 2151)	10187	0.0
(4, 661)	10188	0.0
(8, 2152)	10189	0.0
(3, 812)	10190	0.0
(3, 813)	10191	0.0
(8, 2153)	10192	0.0
(2, 2685)	10193	0.0
(3, 814)	10194	0.0
(2, 2686)	10195	0.0
(8, 2154)	10196	0.0
(4, 662)	10197	0.0
(8, 2155)	10198	0.0
(3, 815)	10199	0.0
(3, 816)	10200	0.0
(3, 817)	10201	0.0
(3, 818)	10202	0.0
(10, 269)	10203	0.0
(4, 663)	10204	0.0
(1, 1522)	10205	0.0
(3, 819)	10206	0.0
(10, 270)	10207	0.0
(2, 2687)	10208	0.0
(2, 2688)	10209	0.0
(2, 2689)	10210	0.0
(4, 664)	10211	0.0
(2, 2690)	10212	0.0
(2, 2691)	10213	0.0
(10, 271)	10214	0.0
(1, 1523)	10215	0.0
(1, 1524)	10216	0.0
(2, 2692)	10217	0.0
(2, 2693)	10218	0.0
(8, 2156)	10219	0.0
(8, 2157)	10220	0.0
(9, 506)	10221	0.0
(8, 2158)	10222	0.0
(8, 2159)	10223	0.0
(8, 2160)	10224	0.0
(4, 665)	10225	0.0
(4, 666)	10226	0.0
(4, 667)	10227	0.0
(4, 668)	10228	0.0
(8, 2161)	10229	0.0
(2, 2694)	10230	0.0
(4, 669)	10231	0.0
(8, 2162)	10232	0.0
(8, 2163)	10233	0.0
(2, 2695)	10234	0.0
(1, 1525)	10235	0.0
(3, 820)	10236	0.0
(3, 821)	10237	0.0
(8, 2164)	10238	0.0
(4, 670)	10239	0.0
(2, 2696)	10240	0.0
(2, 2697)	10241	0.0
(4, 671)	10242	0.0
(2, 2698)	10243	0.0
(2, 2699)	10244	0.0
(4, 672)	10245	0.0
(1, 1526)	10246	0.0
(2, 2700)	10247	0.0
(3, 822)	10248	0.0
(3, 823)	10249	0.0
(8, 2165)	10250	0.0
(3, 824)	10251	0.0
(2, 2701)	10252	0.0
(2, 2702)	10253	0.0
(4, 673)	10254	0.0
(4, 674)	10255	0.0
(9, 507)	10256	0.0
(5, 219)	10257	0.0
(3, 825)	10258	0.0
(2, 2703)	10259	0.0
(1, 1527)	10260	0.0
(4, 675)	10261	0.0
(4, 676)	10262	0.0
(2, 2704)	10263	0.0
(5, 220)	10264	0.0
(10, 272)	10265	0.0
(9, 508)	10266	0.0
(1, 1528)	10267	0.0
(3, 826)	10268	0.0
(8, 2166)	10269	0.0
(1, 1529)	10270	0.0
(2, 2705)	10271	0.0
(8, 2167)	10272	0.0
(5, 221)	10273	0.0
(1, 1530)	10274	0.0
(8, 2168)	10275	0.0
(8, 2169)	10276	0.0
(8, 2170)	10277	0.0
(10, 273)	10278	0.0
(8, 2171)	10279	0.0
(8, 2172)	10280	0.0
(8, 2173)	10281	0.0
(1, 1531)	10282	0.0
(2, 2706)	10283	0.0
(4, 677)	10284	0.0
(8, 2174)	10285	0.0
(10, 274)	10286	0.0
(9, 509)	10287	0.0
(10, 275)	10288	0.0
(2, 2707)	10289	0.0
(2, 2708)	10290	0.0
(2, 2709)	10291	0.0
(2, 2710)	10292	0.0
(4, 678)	10293	0.0
(9, 510)	10294	0.0
(9, 511)	10295	0.0
(10, 276)	10296	0.0
(10, 277)	10297	0.0
(8, 2175)	10298	0.0
(8, 2176)	10299	0.0
(8, 2177)	10300	0.0
(8, 2178)	10301	0.0
(8, 2179)	10302	0.0
(8, 2180)	10303	0.0
(15, 75)	10304	0.0
(4, 679)	10305	0.0
(4, 680)	10306	0.0
(2, 2711)	10307	0.0
(8, 2181)	10308	0.0
(3, 827)	10309	0.0
(3, 828)	10310	0.0
(4, 681)	10311	0.0
(4, 682)	10312	0.0
(9, 512)	10313	0.0
(8, 2182)	10314	0.0
(2, 2712)	10315	0.0
(2, 2713)	10316	0.0
(8, 2183)	10317	0.0
(2, 2714)	10318	0.0
(9, 513)	10319	0.0
(10, 278)	10320	0.0
(9, 514)	10321	0.0
(9, 515)	10322	0.0
(1, 1532)	10323	0.0
(4, 683)	10324	0.0
(8, 2184)	10325	0.0
(1, 1533)	10326	0.0
(8, 2185)	10327	0.0
(8, 2186)	10328	0.0
(9, 516)	10329	0.0
(8, 2187)	10330	0.0
(8, 2188)	10331	0.0
(8, 2189)	10332	0.0
(4, 684)	10333	0.0
(9, 517)	10334	0.0
(8, 2190)	10335	0.0
(3, 829)	10336	0.0
(4, 685)	10337	0.0
(4, 686)	10338	0.0
(2, 2715)	10339	0.0
(1, 1534)	10340	0.0
(9, 518)	10341	0.0
(9, 519)	10342	0.0
