method,scenario,experiment_id,eval_name,repeat,episode_id,line_no_read,line_no_selected,score,score_selected_csv,result,win,frame_count,selected_rank,counterpart_rank,selection_tier,counterpart_rule,selected_source_file
Synergy,sce-1,sce1_synergy_run_0074,eval_run_0074_web_batch_20260622_141137,repeat_001,1,1,1,66.0,66.0,Win,1.0,17,5.0,,high_score_positive_contribution,nan,selected_gate_positive_episodes.csv
Synergy,sce-1,sce1_synergy_run_0074,eval_run_0074_web_batch_20260622_141137,repeat_001,3,3,3,54.0,54.0,Win,1.0,20,100.0,,positive_contribution_fill,nan,selected_gate_positive_episodes.csv
Synergy,sce-1,sce1_synergy_run_0074,eval_run_0074_web_batch_20260622_141137,repeat_001,5,5,5,57.0,57.0,Win,1.0,14,74.0,,positive_contribution_fill,nan,selected_gate_positive_episodes.csv
Synergy,sce-1,sce1_synergy_run_0074,eval_run_0074_web_batch_20260622_141137,repeat_001,6,6,6,69.0,69.0,Win,1.0,17,8.0,,high_score_positive_contribution,nan,selected_gate_positive_episodes.csv
Synergy,sce-1,sce1_synergy_run_0074,eval_run_0074_web_batch_20260622_141137,repeat_001,7,7,7,66.0,66.0,Win,1.0,19,41.0,,high_score_positive_contribution,nan,selected_gate_positive_episodes.csv
Synergy,sce-1,sce1_synergy_run_0074,eval_run_0074_web_batch_20260622_141137,repeat_001,8,8,8,69.0,69.0,Win,1.0,18,4.0,,high_score_positive_contribution,nan,selected_gate_positive_episodes.csv
Synergy,sce-1,sce1_synergy_run_0074,eval_run_0074_web_batch_20260622_141137,repeat_001,11,11,11,66.0,66.0,Win,1.0,15,32.0,,high_score_positive_contribution,nan,selected_gate_positive_episodes.csv
Synergy,sce-1,sce1_synergy_run_0074,eval_run_0074_web_batch_20260622_141137,repeat_001,14,14,14,75.0,75.0,Win,1.0,17,21.0,,high_score_positive_contribution,nan,selected_gate_positive_episodes.csv
Synergy,sce-1,sce1_synergy_run_0074,eval_run_0074_web_batch_20260622_141137,repeat_001,16,16,16,54.0,54.0,Win,1.0,20,98.0,,positive_contribution_fill,nan,selected_gate_positive_episodes.csv
Synergy,sce-1,sce1_synergy_run_0074,eval_run_0074_web_batch_20260622_141137,repeat_001,18,18,18,66.0,66.0,Win,1.0,15,30.0,,high_score_positive_contribution,nan,selected_gate_positive_episodes.csv
Synergy,sce-1,sce1_synergy_run_0074,eval_run_0074_web_batch_20260622_141137,repeat_001,19,19,19,78.0,78.0,Win,1.0,17,15.0,,high_score_positive_contribution,nan,selected_gate_positive_episodes.csv
Synergy,sce-1,sce1_synergy_run_0074,eval_run_0074_web_batch_20260622_141137,repeat_001,25,25,25,69.0,69.0,Win,1.0,14,35.0,,high_score_positive_contribution,nan,selected_gate_positive_episodes.csv
Synergy,sce-1,sce1_synergy_run_0074,eval_run_0074_web_batch_20260622_141137,repeat_001,29,29,29,72.0,72.0,Win,1.0,19,13.0,,high_score_positive_contribution,nan,selected_gate_positive_episodes.csv
Synergy,sce-1,sce1_synergy_run_0074,eval_run_0074_web_batch_20260622_141137,repeat_001,33,33,33,57.0,57.0,Win,1.0,14,76.0,,positive_contribution_fill,nan,selected_gate_positive_episodes.csv
Synergy,sce-1,sce1_synergy_run_0074,eval_run_0074_web_batch_20260622_141137,repeat_001,41,41,41,66.0,66.0,Win,1.0,20,42.0,,high_score_positive_contribution,nan,selected_gate_positive_episodes.csv
Synergy,sce-1,sce1_synergy_run_0074,eval_run_0074_web_batch_20260622_141137,repeat_001,42,42,42,72.0,72.0,Win,1.0,18,19.0,,high_score_positive_contribution,nan,selected_gate_positive_episodes.csv
Synergy,sce-1,sce1_synergy_run_0074,eval_run_0074_web_batch_20260622_141137,repeat_001,45,45,45,60.0,60.0,Win,1.0,19,70.0,,positive_contribution_fill,nan,selected_gate_positive_episodes.csv
Synergy,sce-1,sce1_synergy_run_0074,eval_run_0074_web_batch_20260622_141137,repeat_001,47,47,47,51.0,51.0,Win,1.0,16,90.0,,positive_contribution_fill,nan,selected_gate_positive_episodes.csv
Synergy,sce-1,sce1_synergy_run_0074,eval_run_0074_web_batch_20260622_141137,repeat_001,52,52,52,60.0,60.0,Win,1.0,17,57.0,,positive_contribution_fill,nan,selected_gate_positive_episodes.csv
Synergy,sce-1,sce1_synergy_run_0074,eval_run_0074_web_batch_20260622_141137,repeat_001,53,53,53,54.0,54.0,Win,1.0,20,97.0,,positive_contribution_fill,nan,selected_gate_positive_episodes.csv
Synergy,sce-1,sce1_synergy_run_0074,eval_run_0074_web_batch_20260622_141137,repeat_001,56,56,56,69.0,69.0,Win,1.0,14,23.0,,high_score_positive_contribution,nan,selected_gate_positive_episodes.csv
Synergy,sce-1,sce1_synergy_run_0074,eval_run_0074_web_batch_20260622_141137,repeat_001,57,57,57,90.0,90.0,Win,1.0,17,3.0,,high_score_positive_contribution,nan,selected_gate_positive_episodes.csv
Synergy,sce-1,sce1_synergy_run_0074,eval_run_0074_web_batch_20260622_141137,repeat_001,69,69,69,60.0,60.0,Win,1.0,18,54.0,,positive_contribution_fill,nan,selected_gate_positive_episodes.csv
Synergy,sce-1,sce1_synergy_run_0074,eval_run_0074_web_batch_20260622_141137,repeat_001,74,74,74,72.0,72.0,Win,1.0,18,24.0,,high_score_positive_contribution,nan,selected_gate_positive_episodes.csv
Synergy,sce-1,sce1_synergy_run_0074,eval_run_0074_web_batch_20260622_141137,repeat_001,75,75,75,75.0,75.0,Win,1.0,14,27.0,,high_score_positive_contribution,nan,selected_gate_positive_episodes.csv
Synergy,sce-1,sce1_synergy_run_0074,eval_run_0074_web_batch_20260622_141137,repeat_001,81,81,81,63.0,63.0,Win,1.0,14,18.0,,high_score_positive_contribution,nan,selected_gate_positive_episodes.csv
Synergy,sce-1,sce1_synergy_run_0074,eval_run_0074_web_batch_20260622_141137,repeat_001,86,86,86,63.0,63.0,Win,1.0,14,34.0,,high_score_positive_contribution,nan,selected_gate_positive_episodes.csv
Synergy,sce-1,sce1_synergy_run_0074,eval_run_0074_web_batch_20260622_141137,repeat_001,97,97,97,51.0,51.0,Win,1.0,15,94.0,,positive_contribution_fill,nan,selected_gate_positive_episodes.csv
Synergy,sce-1,sce1_synergy_run_0074,eval_run_0074_web_batch_20260622_141137,repeat_001,98,98,98,60.0,60.0,Win,1.0,16,73.0,,positive_contribution_fill,nan,selected_gate_positive_episodes.csv
Synergy,sce-1,sce1_synergy_run_0074,eval_run_0074_web_batch_20260622_141137,repeat_001,101,101,101,45.0,45.0,Win,1.0,16,72.0,,positive_contribution_fill,nan,selected_gate_positive_episodes.csv
Synergy,sce-1,sce1_synergy_run_0074,eval_run_0074_web_batch_20260622_141137,repeat_001,102,102,102,78.0,78.0,Win,1.0,17,7.0,,high_score_positive_contribution,nan,selected_gate_positive_episodes.csv
Synergy,sce-1,sce1_synergy_run_0074,eval_run_0074_web_batch_20260622_141137,repeat_001,104,104,104,57.0,57.0,Win,1.0,16,79.0,,positive_contribution_fill,nan,selected_gate_positive_episodes.csv
Synergy,sce-1,sce1_synergy_run_0074,eval_run_0074_web_batch_20260622_141137,repeat_001,106,106,106,48.0,48.0,Win,1.0,20,68.0,,positive_contribution_fill,nan,selected_gate_positive_episodes.csv
Synergy,sce-1,sce1_synergy_run_0074,eval_run_0074_web_batch_20260622_141137,repeat_001,107,107,107,60.0,60.0,Win,1.0,17,62.0,,positive_contribution_fill,nan,selected_gate_positive_episodes.csv
Synergy,sce-1,sce1_synergy_run_0074,eval_run_0074_web_batch_20260622_141137,repeat_001,108,108,108,66.0,66.0,Win,1.0,19,11.0,,high_score_positive_contribution,nan,selected_gate_positive_episodes.csv
Synergy,sce-1,sce1_synergy_run_0074,eval_run_0074_web_batch_20260622_141137,repeat_001,110,110,110,63.0,63.0,Win,1.0,14,47.0,,high_score_positive_contribution,nan,selected_gate_positive_episodes.csv
Synergy,sce-1,sce1_synergy_run_0074,eval_run_0074_web_batch_20260622_141137,repeat_001,111,111,111,54.0,54.0,Win,1.0,17,99.0,,positive_contribution_fill,nan,selected_gate_positive_episodes.csv
Synergy,sce-1,sce1_synergy_run_0074,eval_run_0074_web_batch_20260622_141137,repeat_001,115,115,115,30.0,30.0,Win,1.0,18,77.0,,positive_contribution_fill,nan,selected_gate_positive_episodes.csv
Synergy,sce-1,sce1_synergy_run_0074,eval_run_0074_web_batch_20260622_141137,repeat_001,117,117,117,57.0,57.0,Win,1.0,15,83.0,,positive_contribution_fill,nan,selected_gate_positive_episodes.csv
Synergy,sce-1,sce1_synergy_run_0074,eval_run_0074_web_batch_20260622_141137,repeat_001,118,118,118,60.0,60.0,Win,1.0,15,59.0,,positive_contribution_fill,nan,selected_gate_positive_episodes.csv
Synergy,sce-1,sce1_synergy_run_0074,eval_run_0074_web_batch_20260622_141137,repeat_001,123,123,123,60.0,60.0,Win,1.0,18,63.0,,positive_contribution_fill,nan,selected_gate_positive_episodes.csv
Synergy,sce-1,sce1_synergy_run_0074,eval_run_0074_web_batch_20260622_141137,repeat_001,125,125,125,48.0,48.0,Win,1.0,17,93.0,,positive_contribution_fill,nan,selected_gate_positive_episodes.csv
Synergy,sce-1,sce1_synergy_run_0074,eval_run_0074_web_batch_20260622_141137,repeat_001,128,128,128,63.0,63.0,Win,1.0,14,17.0,,high_score_positive_contribution,nan,selected_gate_positive_episodes.csv
Synergy,sce-1,sce1_synergy_run_0074,eval_run_0074_web_batch_20260622_141137,repeat_001,131,131,131,48.0,48.0,Win,1.0,16,86.0,,positive_contribution_fill,nan,selected_gate_positive_episodes.csv
Synergy,sce-1,sce1_synergy_run_0074,eval_run_0074_web_batch_20260622_141137,repeat_001,134,134,134,66.0,66.0,Win,1.0,18,45.0,,high_score_positive_contribution,nan,selected_gate_positive_episodes.csv
Synergy,sce-1,sce1_synergy_run_0074,eval_run_0074_web_batch_20260622_141137,repeat_001,135,135,135,75.0,75.0,Win,1.0,14,16.0,,high_score_positive_contribution,nan,selected_gate_positive_episodes.csv
Synergy,sce-1,sce1_synergy_run_0074,eval_run_0074_web_batch_20260622_141137,repeat_001,139,139,139,48.0,48.0,Win,1.0,20,91.0,,positive_contribution_fill,nan,selected_gate_positive_episodes.csv
Synergy,sce-1,sce1_synergy_run_0074,eval_run_0074_web_batch_20260622_141137,repeat_001,141,141,141,60.0,60.0,Win,1.0,20,64.0,,positive_contribution_fill,nan,selected_gate_positive_episodes.csv
Synergy,sce-1,sce1_synergy_run_0074,eval_run_0074_web_batch_20260622_141137,repeat_001,143,143,143,78.0,78.0,Win,1.0,17,20.0,,high_score_positive_contribution,nan,selected_gate_positive_episodes.csv
Synergy,sce-1,sce1_synergy_run_0074,eval_run_0074_web_batch_20260622_141137,repeat_001,151,151,151,63.0,63.0,Win,1.0,14,46.0,,high_score_positive_contribution,nan,selected_gate_positive_episodes.csv
Synergy,sce-1,sce1_synergy_run_0074,eval_run_0074_web_batch_20260622_141137,repeat_001,156,156,156,66.0,66.0,Win,1.0,17,26.0,,high_score_positive_contribution,nan,selected_gate_positive_episodes.csv
Synergy,sce-1,sce1_synergy_run_0074,eval_run_0074_web_batch_20260622_141137,repeat_001,161,161,161,63.0,63.0,Win,1.0,14,37.0,,high_score_positive_contribution,nan,selected_gate_positive_episodes.csv
Synergy,sce-1,sce1_synergy_run_0074,eval_run_0074_web_batch_20260622_141137,repeat_001,169,169,169,72.0,72.0,Win,1.0,18,6.0,,high_score_positive_contribution,nan,selected_gate_positive_episodes.csv
Synergy,sce-1,sce1_synergy_run_0074,eval_run_0074_web_batch_20260622_141137,repeat_001,175,175,175,57.0,57.0,Win,1.0,16,78.0,,positive_contribution_fill,nan,selected_gate_positive_episodes.csv
Synergy,sce-1,sce1_synergy_run_0074,eval_run_0074_web_batch_20260622_141137,repeat_001,179,179,179,60.0,60.0,Win,1.0,19,55.0,,positive_contribution_fill,nan,selected_gate_positive_episodes.csv
Synergy,sce-1,sce1_synergy_run_0074,eval_run_0074_web_batch_20260622_141137,repeat_001,181,181,181,48.0,48.0,Win,1.0,19,85.0,,positive_contribution_fill,nan,selected_gate_positive_episodes.csv
Synergy,sce-1,sce1_synergy_run_0074,eval_run_0074_web_batch_20260622_141137,repeat_001,184,184,184,60.0,60.0,Win,1.0,19,71.0,,positive_contribution_fill,nan,selected_gate_positive_episodes.csv
Synergy,sce-1,sce1_synergy_run_0074,eval_run_0074_web_batch_20260622_141137,repeat_001,186,186,186,60.0,60.0,Win,1.0,15,51.0,,positive_contribution_fill,nan,selected_gate_positive_episodes.csv
Synergy,sce-1,sce1_synergy_run_0074,eval_run_0074_web_batch_20260622_141137,repeat_001,187,187,187,60.0,60.0,Win,1.0,17,58.0,,positive_contribution_fill,nan,selected_gate_positive_episodes.csv
Synergy,sce-1,sce1_synergy_run_0074,eval_run_0074_web_batch_20260622_141137,repeat_001,188,188,188,63.0,63.0,Win,1.0,14,12.0,,high_score_positive_contribution,nan,selected_gate_positive_episodes.csv
Synergy,sce-1,sce1_synergy_run_0074,eval_run_0074_web_batch_20260622_141137,repeat_001,190,190,190,60.0,60.0,Win,1.0,20,67.0,,positive_contribution_fill,nan,selected_gate_positive_episodes.csv
Synergy,sce-1,sce1_synergy_run_0074,eval_run_0074_web_batch_20260622_141137,repeat_001,191,191,191,63.0,63.0,Win,1.0,14,43.0,,high_score_positive_contribution,nan,selected_gate_positive_episodes.csv
Synergy,sce-1,sce1_synergy_run_0074,eval_run_0074_web_batch_20260622_141137,repeat_001,196,196,196,63.0,63.0,Win,1.0,14,50.0,,high_score_positive_contribution,nan,selected_gate_positive_episodes.csv
Synergy,sce-1,sce1_synergy_run_0074,eval_run_0074_web_batch_20260622_141137,repeat_001,201,201,201,63.0,63.0,Win,1.0,14,40.0,,high_score_positive_contribution,nan,selected_gate_positive_episodes.csv
Synergy,sce-1,sce1_synergy_run_0074,eval_run_0074_web_batch_20260622_141137,repeat_001,204,204,204,69.0,69.0,Win,1.0,14,28.0,,high_score_positive_contribution,nan,selected_gate_positive_episodes.csv
Synergy,sce-1,sce1_synergy_run_0074,eval_run_0074_web_batch_20260622_141137,repeat_001,207,207,207,75.0,75.0,Win,1.0,14,25.0,,high_score_positive_contribution,nan,selected_gate_positive_episodes.csv
Synergy,sce-1,sce1_synergy_run_0074,eval_run_0074_web_batch_20260622_141137,repeat_001,208,208,208,9.0,9.0,Win,1.0,21,89.0,,positive_contribution_fill,nan,selected_gate_positive_episodes.csv
Synergy,sce-1,sce1_synergy_run_0074,eval_run_0074_web_batch_20260622_141137,repeat_001,209,209,209,66.0,66.0,Win,1.0,18,33.0,,high_score_positive_contribution,nan,selected_gate_positive_episodes.csv
Synergy,sce-1,sce1_synergy_run_0074,eval_run_0074_web_batch_20260622_141137,repeat_001,210,210,210,78.0,78.0,Win,1.0,17,10.0,,high_score_positive_contribution,nan,selected_gate_positive_episodes.csv
Synergy,sce-1,sce1_synergy_run_0074,eval_run_0074_web_batch_20260622_141137,repeat_001,213,213,213,90.0,90.0,Win,1.0,17,2.0,,high_score_positive_contribution,nan,selected_gate_positive_episodes.csv
Synergy,sce-1,sce1_synergy_run_0074,eval_run_0074_web_batch_20260622_141137,repeat_001,216,216,216,63.0,63.0,Win,1.0,14,44.0,,high_score_positive_contribution,nan,selected_gate_positive_episodes.csv
Synergy,sce-1,sce1_synergy_run_0074,eval_run_0074_web_batch_20260622_141137,repeat_001,217,217,217,75.0,75.0,Win,1.0,18,14.0,,high_score_positive_contribution,nan,selected_gate_positive_episodes.csv
Synergy,sce-1,sce1_synergy_run_0074,eval_run_0074_web_batch_20260622_141137,repeat_001,222,222,222,60.0,60.0,Win,1.0,19,66.0,,positive_contribution_fill,nan,selected_gate_positive_episodes.csv
Synergy,sce-1,sce1_synergy_run_0074,eval_run_0074_web_batch_20260622_141137,repeat_001,231,231,231,60.0,60.0,Win,1.0,19,56.0,,positive_contribution_fill,nan,selected_gate_positive_episodes.csv
Synergy,sce-1,sce1_synergy_run_0074,eval_run_0074_web_batch_20260622_141137,repeat_001,237,237,237,48.0,48.0,Win,1.0,19,88.0,,positive_contribution_fill,nan,selected_gate_positive_episodes.csv
Synergy,sce-1,sce1_synergy_run_0074,eval_run_0074_web_batch_20260622_141137,repeat_001,239,239,239,66.0,66.0,Win,1.0,15,38.0,,high_score_positive_contribution,nan,selected_gate_positive_episodes.csv
Synergy,sce-1,sce1_synergy_run_0074,eval_run_0074_web_batch_20260622_141137,repeat_001,240,240,240,72.0,72.0,Win,1.0,15,22.0,,high_score_positive_contribution,nan,selected_gate_positive_episodes.csv
Synergy,sce-1,sce1_synergy_run_0074,eval_run_0074_web_batch_20260622_141137,repeat_001,243,243,243,60.0,60.0,Win,1.0,19,61.0,,positive_contribution_fill,nan,selected_gate_positive_episodes.csv
Synergy,sce-1,sce1_synergy_run_0074,eval_run_0074_web_batch_20260622_141137,repeat_001,244,244,244,57.0,57.0,Win,1.0,14,81.0,,positive_contribution_fill,nan,selected_gate_positive_episodes.csv
Synergy,sce-1,sce1_synergy_run_0074,eval_run_0074_web_batch_20260622_141137,repeat_001,250,250,250,66.0,66.0,Win,1.0,19,36.0,,high_score_positive_contribution,nan,selected_gate_positive_episodes.csv
Synergy,sce-1,sce1_synergy_run_0074,eval_run_0074_web_batch_20260622_141137,repeat_001,251,251,251,93.0,93.0,Win,1.0,15,1.0,,high_score_positive_contribution,nan,selected_gate_positive_episodes.csv
Synergy,sce-1,sce1_synergy_run_0074,eval_run_0074_web_batch_20260622_141137,repeat_001,252,252,252,69.0,69.0,Win,1.0,18,31.0,,high_score_positive_contribution,nan,selected_gate_positive_episodes.csv
Synergy,sce-1,sce1_synergy_run_0074,eval_run_0074_web_batch_20260622_141137,repeat_001,253,253,253,48.0,48.0,Win,1.0,15,84.0,,positive_contribution_fill,nan,selected_gate_positive_episodes.csv
Synergy,sce-1,sce1_synergy_run_0074,eval_run_0074_web_batch_20260622_141137,repeat_001,256,256,256,60.0,60.0,Win,1.0,19,60.0,,positive_contribution_fill,nan,selected_gate_positive_episodes.csv
Synergy,sce-1,sce1_synergy_run_0074,eval_run_0074_web_batch_20260622_141137,repeat_001,257,257,257,63.0,63.0,Win,1.0,14,49.0,,high_score_positive_contribution,nan,selected_gate_positive_episodes.csv
Synergy,sce-1,sce1_synergy_run_0074,eval_run_0074_web_batch_20260622_141137,repeat_001,258,258,258,30.0,30.0,Win,1.0,17,69.0,,positive_contribution_fill,nan,selected_gate_positive_episodes.csv
Synergy,sce-1,sce1_synergy_run_0074,eval_run_0074_web_batch_20260622_141137,repeat_001,260,260,260,60.0,60.0,Win,1.0,19,53.0,,positive_contribution_fill,nan,selected_gate_positive_episodes.csv
Synergy,sce-1,sce1_synergy_run_0074,eval_run_0074_web_batch_20260622_141137,repeat_001,261,261,261,72.0,72.0,Win,1.0,18,29.0,,high_score_positive_contribution,nan,selected_gate_positive_episodes.csv
Synergy,sce-1,sce1_synergy_run_0074,eval_run_0074_web_batch_20260622_141137,repeat_001,262,262,262,60.0,60.0,Win,1.0,18,65.0,,positive_contribution_fill,nan,selected_gate_positive_episodes.csv
Synergy,sce-1,sce1_synergy_run_0074,eval_run_0074_web_batch_20260622_141137,repeat_001,271,271,271,48.0,48.0,Win,1.0,18,87.0,,positive_contribution_fill,nan,selected_gate_positive_episodes.csv
Synergy,sce-1,sce1_synergy_run_0074,eval_run_0074_web_batch_20260622_141137,repeat_001,272,272,272,69.0,69.0,Win,1.0,14,9.0,,high_score_positive_contribution,nan,selected_gate_positive_episodes.csv
Synergy,sce-1,sce1_synergy_run_0074,eval_run_0074_web_batch_20260622_141137,repeat_001,275,275,275,48.0,48.0,Win,1.0,20,95.0,,positive_contribution_fill,nan,selected_gate_positive_episodes.csv
Synergy,sce-1,sce1_synergy_run_0074,eval_run_0074_web_batch_20260622_141137,repeat_001,277,277,277,48.0,48.0,Win,1.0,20,82.0,,positive_contribution_fill,nan,selected_gate_positive_episodes.csv
Synergy,sce-1,sce1_synergy_run_0074,eval_run_0074_web_batch_20260622_141137,repeat_001,280,280,280,48.0,48.0,Win,1.0,19,96.0,,positive_contribution_fill,nan,selected_gate_positive_episodes.csv
Synergy,sce-1,sce1_synergy_run_0074,eval_run_0074_web_batch_20260622_141137,repeat_001,282,282,282,30.0,30.0,Win,1.0,20,52.0,,positive_contribution_fill,nan,selected_gate_positive_episodes.csv
Synergy,sce-1,sce1_synergy_run_0074,eval_run_0074_web_batch_20260622_141137,repeat_001,286,286,286,63.0,63.0,Win,1.0,15,48.0,,high_score_positive_contribution,nan,selected_gate_positive_episodes.csv
Synergy,sce-1,sce1_synergy_run_0074,eval_run_0074_web_batch_20260622_141137,repeat_001,291,291,291,57.0,57.0,Win,1.0,14,75.0,,positive_contribution_fill,nan,selected_gate_positive_episodes.csv
Synergy,sce-1,sce1_synergy_run_0074,eval_run_0074_web_batch_20260622_141137,repeat_001,294,294,294,69.0,69.0,Win,1.0,14,39.0,,high_score_positive_contribution,nan,selected_gate_positive_episodes.csv
Synergy,sce-1,sce1_synergy_run_0074,eval_run_0074_web_batch_20260622_141137,repeat_001,296,296,296,48.0,48.0,Win,1.0,17,92.0,,positive_contribution_fill,nan,selected_gate_positive_episodes.csv
Synergy,sce-1,sce1_synergy_run_0074,eval_run_0074_web_batch_20260622_141137,repeat_001,297,297,297,57.0,57.0,Win,1.0,14,80.0,,positive_contribution_fill,nan,selected_gate_positive_episodes.csv
Synergy,sce-1m,sce1m_synergy_run_0077,eval_run_0077_web_batch_20260622_141137,repeat_001,1,1,1,36.0,36.0,Win,1.0,16,76.0,,positive_contribution_fill,nan,selected_gate_positive_episodes.csv
Synergy,sce-1m,sce1m_synergy_run_0077,eval_run_0077_web_batch_20260622_141137,repeat_001,13,13,13,36.0,36.0,Win,1.0,18,66.0,,positive_contribution_fill,nan,selected_gate_positive_episodes.csv
Synergy,sce-1m,sce1m_synergy_run_0077,eval_run_0077_web_batch_20260622_141137,repeat_001,15,15,15,48.0,48.0,Win,1.0,17,31.0,,high_score_positive_contribution,nan,selected_gate_positive_episodes.csv
Synergy,sce-1m,sce1m_synergy_run_0077,eval_run_0077_web_batch_20260622_141137,repeat_001,18,18,18,30.0,30.0,Win,1.0,17,94.0,,positive_contribution_fill,nan,selected_gate_positive_episodes.csv
Synergy,sce-1m,sce1m_synergy_run_0077,eval_run_0077_web_batch_20260622_141137,repeat_001,20,20,20,42.0,42.0,Win,1.0,15,47.0,,high_score_positive_contribution,nan,selected_gate_positive_episodes.csv
Synergy,sce-1m,sce1m_synergy_run_0077,eval_run_0077_web_batch_20260622_141137,repeat_001,22,22,22,36.0,36.0,Win,1.0,15,71.0,,positive_contribution_fill,nan,selected_gate_positive_episodes.csv
Synergy,sce-1m,sce1m_synergy_run_0077,eval_run_0077_web_batch_20260622_141137,repeat_001,25,25,25,39.0,39.0,Win,1.0,17,54.0,,high_score_positive_contribution,nan,selected_gate_positive_episodes.csv
Synergy,sce-1m,sce1m_synergy_run_0077,eval_run_0077_web_batch_20260622_141137,repeat_001,29,29,29,33.0,33.0,Win,1.0,16,72.0,,positive_contribution_fill,nan,selected_gate_positive_episodes.csv
Synergy,sce-1m,sce1m_synergy_run_0077,eval_run_0077_web_batch_20260622_141137,repeat_001,34,34,34,36.0,36.0,Win,1.0,15,87.0,,positive_contribution_fill,nan,selected_gate_positive_episodes.csv
Synergy,sce-1m,sce1m_synergy_run_0077,eval_run_0077_web_batch_20260622_141137,repeat_001,40,40,40,33.0,33.0,Win,1.0,16,67.0,,positive_contribution_fill,nan,selected_gate_positive_episodes.csv
Synergy,sce-1m,sce1m_synergy_run_0077,eval_run_0077_web_batch_20260622_141137,repeat_001,41,41,41,42.0,42.0,Win,1.0,16,39.0,,high_score_positive_contribution,nan,selected_gate_positive_episodes.csv
Synergy,sce-1m,sce1m_synergy_run_0077,eval_run_0077_web_batch_20260622_141137,repeat_001,46,46,46,51.0,51.0,Win,1.0,14,28.0,,high_score_positive_contribution,nan,selected_gate_positive_episodes.csv
Synergy,sce-1m,sce1m_synergy_run_0077,eval_run_0077_web_batch_20260622_141137,repeat_001,47,47,47,48.0,48.0,Win,1.0,15,29.0,,high_score_positive_contribution,nan,selected_gate_positive_episodes.csv
Synergy,sce-1m,sce1m_synergy_run_0077,eval_run_0077_web_batch_20260622_141137,repeat_001,48,48,48,42.0,42.0,Win,1.0,16,50.0,,high_score_positive_contribution,nan,selected_gate_positive_episodes.csv
Synergy,sce-1m,sce1m_synergy_run_0077,eval_run_0077_web_batch_20260622_141137,repeat_001,50,50,50,36.0,36.0,Win,1.0,17,70.0,,positive_contribution_fill,nan,selected_gate_positive_episodes.csv
Synergy,sce-1m,sce1m_synergy_run_0077,eval_run_0077_web_batch_20260622_141137,repeat_001,53,53,53,57.0,57.0,Win,1.0,13,11.0,,high_score_positive_contribution,nan,selected_gate_positive_episodes.csv
Synergy,sce-1m,sce1m_synergy_run_0077,eval_run_0077_web_batch_20260622_141137,repeat_001,62,62,62,39.0,39.0,Win,1.0,15,56.0,,high_score_positive_contribution,nan,selected_gate_positive_episodes.csv
Synergy,sce-1m,sce1m_synergy_run_0077,eval_run_0077_web_batch_20260622_141137,repeat_001,63,63,63,63.0,63.0,Win,1.0,13,2.0,,high_score_positive_contribution,nan,selected_gate_positive_episodes.csv
Synergy,sce-1m,sce1m_synergy_run_0077,eval_run_0077_web_batch_20260622_141137,repeat_001,65,65,65,48.0,48.0,Win,1.0,15,30.0,,high_score_positive_contribution,nan,selected_gate_positive_episodes.csv
Synergy,sce-1m,sce1m_synergy_run_0077,eval_run_0077_web_batch_20260622_141137,repeat_001,66,66,66,42.0,42.0,Win,1.0,16,42.0,,high_score_positive_contribution,nan,selected_gate_positive_episodes.csv
Synergy,sce-1m,sce1m_synergy_run_0077,eval_run_0077_web_batch_20260622_141137,repeat_001,71,71,71,33.0,33.0,Win,1.0,16,74.0,,positive_contribution_fill,nan,selected_gate_positive_episodes.csv
Synergy,sce-1m,sce1m_synergy_run_0077,eval_run_0077_web_batch_20260622_141137,repeat_001,72,72,72,48.0,48.0,Win,1.0,16,33.0,,high_score_positive_contribution,nan,selected_gate_positive_episodes.csv
Synergy,sce-1m,sce1m_synergy_run_0077,eval_run_0077_web_batch_20260622_141137,repeat_001,76,76,76,45.0,45.0,Win,1.0,14,36.0,,high_score_positive_contribution,nan,selected_gate_positive_episodes.csv
Synergy,sce-1m,sce1m_synergy_run_0077,eval_run_0077_web_batch_20260622_141137,repeat_001,77,77,77,36.0,36.0,Win,1.0,17,80.0,,positive_contribution_fill,nan,selected_gate_positive_episodes.csv
Synergy,sce-1m,sce1m_synergy_run_0077,eval_run_0077_web_batch_20260622_141137,repeat_001,79,79,79,42.0,42.0,Win,1.0,16,52.0,,high_score_positive_contribution,nan,selected_gate_positive_episodes.csv
Synergy,sce-1m,sce1m_synergy_run_0077,eval_run_0077_web_batch_20260622_141137,repeat_001,80,80,80,42.0,42.0,Win,1.0,16,53.0,,high_score_positive_contribution,nan,selected_gate_positive_episodes.csv
Synergy,sce-1m,sce1m_synergy_run_0077,eval_run_0077_web_batch_20260622_141137,repeat_001,81,81,81,36.0,36.0,Win,1.0,16,78.0,,positive_contribution_fill,nan,selected_gate_positive_episodes.csv
Synergy,sce-1m,sce1m_synergy_run_0077,eval_run_0077_web_batch_20260622_141137,repeat_001,84,84,84,42.0,42.0,Win,1.0,18,46.0,,high_score_positive_contribution,nan,selected_gate_positive_episodes.csv
Synergy,sce-1m,sce1m_synergy_run_0077,eval_run_0077_web_batch_20260622_141137,repeat_001,93,93,93,54.0,54.0,Win,1.0,14,16.0,,high_score_positive_contribution,nan,selected_gate_positive_episodes.csv
Synergy,sce-1m,sce1m_synergy_run_0077,eval_run_0077_web_batch_20260622_141137,repeat_001,94,94,94,36.0,36.0,Win,1.0,16,75.0,,positive_contribution_fill,nan,selected_gate_positive_episodes.csv
Synergy,sce-1m,sce1m_synergy_run_0077,eval_run_0077_web_batch_20260622_141137,repeat_001,95,95,95,33.0,33.0,Win,1.0,19,61.0,,positive_contribution_fill,nan,selected_gate_positive_episodes.csv
Synergy,sce-1m,sce1m_synergy_run_0077,eval_run_0077_web_batch_20260622_141137,repeat_001,97,97,97,39.0,39.0,Win,1.0,17,57.0,,high_score_positive_contribution,nan,selected_gate_positive_episodes.csv
Synergy,sce-1m,sce1m_synergy_run_0077,eval_run_0077_web_batch_20260622_141137,repeat_001,113,113,113,33.0,33.0,Win,1.0,16,68.0,,positive_contribution_fill,nan,selected_gate_positive_episodes.csv
Synergy,sce-1m,sce1m_synergy_run_0077,eval_run_0077_web_batch_20260622_141137,repeat_001,114,114,114,54.0,54.0,Win,1.0,15,17.0,,high_score_positive_contribution,nan,selected_gate_positive_episodes.csv
Synergy,sce-1m,sce1m_synergy_run_0077,eval_run_0077_web_batch_20260622_141137,repeat_001,119,119,119,36.0,36.0,Win,1.0,16,88.0,,positive_contribution_fill,nan,selected_gate_positive_episodes.csv
Synergy,sce-1m,sce1m_synergy_run_0077,eval_run_0077_web_batch_20260622_141137,repeat_001,120,120,120,36.0,36.0,Win,1.0,15,86.0,,positive_contribution_fill,nan,selected_gate_positive_episodes.csv
Synergy,sce-1m,sce1m_synergy_run_0077,eval_run_0077_web_batch_20260622_141137,repeat_001,121,121,121,36.0,36.0,Win,1.0,18,83.0,,positive_contribution_fill,nan,selected_gate_positive_episodes.csv
Synergy,sce-1m,sce1m_synergy_run_0077,eval_run_0077_web_batch_20260622_141137,repeat_001,124,124,124,48.0,48.0,Win,1.0,14,32.0,,high_score_positive_contribution,nan,selected_gate_positive_episodes.csv
Synergy,sce-1m,sce1m_synergy_run_0077,eval_run_0077_web_batch_20260622_141137,repeat_001,125,125,125,30.0,30.0,Win,1.0,18,97.0,,positive_contribution_fill,nan,selected_gate_positive_episodes.csv
Synergy,sce-1m,sce1m_synergy_run_0077,eval_run_0077_web_batch_20260622_141137,repeat_001,126,126,126,57.0,57.0,Win,1.0,14,7.0,,high_score_positive_contribution,nan,selected_gate_positive_episodes.csv
Synergy,sce-1m,sce1m_synergy_run_0077,eval_run_0077_web_batch_20260622_141137,repeat_001,128,128,128,42.0,42.0,Win,1.0,16,48.0,,high_score_positive_contribution,nan,selected_gate_positive_episodes.csv
Synergy,sce-1m,sce1m_synergy_run_0077,eval_run_0077_web_batch_20260622_141137,repeat_001,129,129,129,36.0,36.0,Win,1.0,16,81.0,,positive_contribution_fill,nan,selected_gate_positive_episodes.csv
Synergy,sce-1m,sce1m_synergy_run_0077,eval_run_0077_web_batch_20260622_141137,repeat_001,134,134,134,36.0,36.0,Win,1.0,18,60.0,,positive_contribution_fill,nan,selected_gate_positive_episodes.csv
Synergy,sce-1m,sce1m_synergy_run_0077,eval_run_0077_web_batch_20260622_141137,repeat_001,136,136,136,30.0,30.0,Win,1.0,17,95.0,,positive_contribution_fill,nan,selected_gate_positive_episodes.csv
Synergy,sce-1m,sce1m_synergy_run_0077,eval_run_0077_web_batch_20260622_141137,repeat_001,144,144,144,42.0,42.0,Win,1.0,15,41.0,,high_score_positive_contribution,nan,selected_gate_positive_episodes.csv
Synergy,sce-1m,sce1m_synergy_run_0077,eval_run_0077_web_batch_20260622_141137,repeat_001,146,146,146,36.0,36.0,Win,1.0,17,64.0,,positive_contribution_fill,nan,selected_gate_positive_episodes.csv
Synergy,sce-1m,sce1m_synergy_run_0077,eval_run_0077_web_batch_20260622_141137,repeat_001,150,150,150,30.0,30.0,Win,1.0,18,85.0,,positive_contribution_fill,nan,selected_gate_positive_episodes.csv
Synergy,sce-1m,sce1m_synergy_run_0077,eval_run_0077_web_batch_20260622_141137,repeat_001,158,158,158,42.0,42.0,Win,1.0,16,51.0,,high_score_positive_contribution,nan,selected_gate_positive_episodes.csv
Synergy,sce-1m,sce1m_synergy_run_0077,eval_run_0077_web_batch_20260622_141137,repeat_001,162,162,162,39.0,39.0,Win,1.0,17,58.0,,high_score_positive_contribution,nan,selected_gate_positive_episodes.csv
Synergy,sce-1m,sce1m_synergy_run_0077,eval_run_0077_web_batch_20260622_141137,repeat_001,163,163,163,36.0,36.0,Win,1.0,17,79.0,,positive_contribution_fill,nan,selected_gate_positive_episodes.csv
Synergy,sce-1m,sce1m_synergy_run_0077,eval_run_0077_web_batch_20260622_141137,repeat_001,170,170,170,57.0,57.0,Win,1.0,15,6.0,,high_score_positive_contribution,nan,selected_gate_positive_episodes.csv
Synergy,sce-1m,sce1m_synergy_run_0077,eval_run_0077_web_batch_20260622_141137,repeat_001,171,171,171,36.0,36.0,Win,1.0,18,77.0,,positive_contribution_fill,nan,selected_gate_positive_episodes.csv
Synergy,sce-1m,sce1m_synergy_run_0077,eval_run_0077_web_batch_20260622_141137,repeat_001,175,175,175,39.0,39.0,Win,1.0,15,55.0,,high_score_positive_contribution,nan,selected_gate_positive_episodes.csv
Synergy,sce-1m,sce1m_synergy_run_0077,eval_run_0077_web_batch_20260622_141137,repeat_001,178,178,178,57.0,57.0,Win,1.0,13,9.0,,high_score_positive_contribution,nan,selected_gate_positive_episodes.csv
Synergy,sce-1m,sce1m_synergy_run_0077,eval_run_0077_web_batch_20260622_141137,repeat_001,179,179,179,63.0,63.0,Win,1.0,13,1.0,,high_score_positive_contribution,nan,selected_gate_positive_episodes.csv
Synergy,sce-1m,sce1m_synergy_run_0077,eval_run_0077_web_batch_20260622_141137,repeat_001,180,180,180,30.0,30.0,Win,1.0,17,96.0,,positive_contribution_fill,nan,selected_gate_positive_episodes.csv
Synergy,sce-1m,sce1m_synergy_run_0077,eval_run_0077_web_batch_20260622_141137,repeat_001,181,181,181,36.0,36.0,Win,1.0,16,84.0,,positive_contribution_fill,nan,selected_gate_positive_episodes.csv
Synergy,sce-1m,sce1m_synergy_run_0077,eval_run_0077_web_batch_20260622_141137,repeat_001,182,182,182,30.0,30.0,Win,1.0,16,100.0,,positive_contribution_fill,nan,selected_gate_positive_episodes.csv
Synergy,sce-1m,sce1m_synergy_run_0077,eval_run_0077_web_batch_20260622_141137,repeat_001,184,184,184,51.0,51.0,Win,1.0,14,23.0,,high_score_positive_contribution,nan,selected_gate_positive_episodes.csv
Synergy,sce-1m,sce1m_synergy_run_0077,eval_run_0077_web_batch_20260622_141137,repeat_001,188,188,188,33.0,33.0,Win,1.0,16,69.0,,positive_contribution_fill,nan,selected_gate_positive_episodes.csv
Synergy,sce-1m,sce1m_synergy_run_0077,eval_run_0077_web_batch_20260622_141137,repeat_001,189,189,189,60.0,60.0,Win,1.0,15,4.0,,high_score_positive_contribution,nan,selected_gate_positive_episodes.csv
Synergy,sce-1m,sce1m_synergy_run_0077,eval_run_0077_web_batch_20260622_141137,repeat_001,190,190,190,36.0,36.0,Win,1.0,16,93.0,,positive_contribution_fill,nan,selected_gate_positive_episodes.csv
Synergy,sce-1m,sce1m_synergy_run_0077,eval_run_0077_web_batch_20260622_141137,repeat_001,192,192,192,45.0,45.0,Win,1.0,14,38.0,,high_score_positive_contribution,nan,selected_gate_positive_episodes.csv
Synergy,sce-1m,sce1m_synergy_run_0077,eval_run_0077_web_batch_20260622_141137,repeat_001,194,194,194,36.0,36.0,Win,1.0,16,63.0,,positive_contribution_fill,nan,selected_gate_positive_episodes.csv
Synergy,sce-1m,sce1m_synergy_run_0077,eval_run_0077_web_batch_20260622_141137,repeat_001,195,195,195,48.0,48.0,Win,1.0,15,34.0,,high_score_positive_contribution,nan,selected_gate_positive_episodes.csv
Synergy,sce-1m,sce1m_synergy_run_0077,eval_run_0077_web_batch_20260622_141137,repeat_001,196,196,196,36.0,36.0,Win,1.0,17,82.0,,positive_contribution_fill,nan,selected_gate_positive_episodes.csv
Synergy,sce-1m,sce1m_synergy_run_0077,eval_run_0077_web_batch_20260622_141137,repeat_001,200,200,200,36.0,36.0,Win,1.0,16,62.0,,positive_contribution_fill,nan,selected_gate_positive_episodes.csv
Synergy,sce-1m,sce1m_synergy_run_0077,eval_run_0077_web_batch_20260622_141137,repeat_001,212,212,212,33.0,33.0,Win,1.0,19,98.0,,positive_contribution_fill,nan,selected_gate_positive_episodes.csv
Synergy,sce-1m,sce1m_synergy_run_0077,eval_run_0077_web_batch_20260622_141137,repeat_001,215,215,215,54.0,54.0,Win,1.0,14,15.0,,high_score_positive_contribution,nan,selected_gate_positive_episodes.csv
Synergy,sce-1m,sce1m_synergy_run_0077,eval_run_0077_web_batch_20260622_141137,repeat_001,222,222,222,39.0,39.0,Win,1.0,16,40.0,,high_score_positive_contribution,nan,selected_gate_positive_episodes.csv
Synergy,sce-1m,sce1m_synergy_run_0077,eval_run_0077_web_batch_20260622_141137,repeat_001,223,223,223,42.0,42.0,Win,1.0,16,45.0,,high_score_positive_contribution,nan,selected_gate_positive_episodes.csv
Synergy,sce-1m,sce1m_synergy_run_0077,eval_run_0077_web_batch_20260622_141137,repeat_001,225,225,225,42.0,42.0,Win,1.0,17,43.0,,high_score_positive_contribution,nan,selected_gate_positive_episodes.csv
Synergy,sce-1m,sce1m_synergy_run_0077,eval_run_0077_web_batch_20260622_141137,repeat_001,231,231,231,51.0,51.0,Win,1.0,13,22.0,,high_score_positive_contribution,nan,selected_gate_positive_episodes.csv
Synergy,sce-1m,sce1m_synergy_run_0077,eval_run_0077_web_batch_20260622_141137,repeat_001,232,232,232,36.0,36.0,Win,1.0,16,90.0,,positive_contribution_fill,nan,selected_gate_positive_episodes.csv
Synergy,sce-1m,sce1m_synergy_run_0077,eval_run_0077_web_batch_20260622_141137,repeat_001,233,233,233,45.0,45.0,Win,1.0,15,37.0,,high_score_positive_contribution,nan,selected_gate_positive_episodes.csv
Synergy,sce-1m,sce1m_synergy_run_0077,eval_run_0077_web_batch_20260622_141137,repeat_001,236,236,236,42.0,42.0,Win,1.0,15,49.0,,high_score_positive_contribution,nan,selected_gate_positive_episodes.csv
Synergy,sce-1m,sce1m_synergy_run_0077,eval_run_0077_web_batch_20260622_141137,repeat_001,245,245,245,57.0,57.0,Win,1.0,13,10.0,,high_score_positive_contribution,nan,selected_gate_positive_episodes.csv
Synergy,sce-1m,sce1m_synergy_run_0077,eval_run_0077_web_batch_20260622_141137,repeat_001,246,246,246,36.0,36.0,Win,1.0,17,65.0,,positive_contribution_fill,nan,selected_gate_positive_episodes.csv
Synergy,sce-1m,sce1m_synergy_run_0077,eval_run_0077_web_batch_20260622_141137,repeat_001,250,250,250,48.0,48.0,Win,1.0,15,13.0,,high_score_positive_contribution,nan,selected_gate_positive_episodes.csv
Synergy,sce-1m,sce1m_synergy_run_0077,eval_run_0077_web_batch_20260622_141137,repeat_001,251,251,251,42.0,42.0,Win,1.0,17,35.0,,high_score_positive_contribution,nan,selected_gate_positive_episodes.csv
Synergy,sce-1m,sce1m_synergy_run_0077,eval_run_0077_web_batch_20260622_141137,repeat_001,256,256,256,39.0,39.0,Win,1.0,16,44.0,,high_score_positive_contribution,nan,selected_gate_positive_episodes.csv
Synergy,sce-1m,sce1m_synergy_run_0077,eval_run_0077_web_batch_20260622_141137,repeat_001,257,257,257,57.0,57.0,Win,1.0,14,12.0,,high_score_positive_contribution,nan,selected_gate_positive_episodes.csv
Synergy,sce-1m,sce1m_synergy_run_0077,eval_run_0077_web_batch_20260622_141137,repeat_001,260,260,260,48.0,48.0,Win,1.0,15,3.0,,high_score_positive_contribution,nan,selected_gate_positive_episodes.csv
Synergy,sce-1m,sce1m_synergy_run_0077,eval_run_0077_web_batch_20260622_141137,repeat_001,261,261,261,30.0,30.0,Win,1.0,17,99.0,,positive_contribution_fill,nan,selected_gate_positive_episodes.csv
Synergy,sce-1m,sce1m_synergy_run_0077,eval_run_0077_web_batch_20260622_141137,repeat_001,262,262,262,51.0,51.0,Win,1.0,14,21.0,,high_score_positive_contribution,nan,selected_gate_positive_episodes.csv
Synergy,sce-1m,sce1m_synergy_run_0077,eval_run_0077_web_batch_20260622_141137,repeat_001,264,264,264,57.0,57.0,Win,1.0,14,14.0,,high_score_positive_contribution,nan,selected_gate_positive_episodes.csv
Synergy,sce-1m,sce1m_synergy_run_0077,eval_run_0077_web_batch_20260622_141137,repeat_001,266,266,266,48.0,48.0,Win,1.0,16,18.0,,high_score_positive_contribution,nan,selected_gate_positive_episodes.csv
Synergy,sce-1m,sce1m_synergy_run_0077,eval_run_0077_web_batch_20260622_141137,repeat_001,267,267,267,36.0,36.0,Win,1.0,17,73.0,,positive_contribution_fill,nan,selected_gate_positive_episodes.csv
Synergy,sce-1m,sce1m_synergy_run_0077,eval_run_0077_web_batch_20260622_141137,repeat_001,268,268,268,30.0,30.0,Win,1.0,16,92.0,,positive_contribution_fill,nan,selected_gate_positive_episodes.csv
Synergy,sce-1m,sce1m_synergy_run_0077,eval_run_0077_web_batch_20260622_141137,repeat_001,272,272,272,57.0,57.0,Win,1.0,13,5.0,,high_score_positive_contribution,nan,selected_gate_positive_episodes.csv
Synergy,sce-1m,sce1m_synergy_run_0077,eval_run_0077_web_batch_20260622_141137,repeat_001,273,273,273,48.0,48.0,Win,1.0,15,19.0,,high_score_positive_contribution,nan,selected_gate_positive_episodes.csv
Synergy,sce-1m,sce1m_synergy_run_0077,eval_run_0077_web_batch_20260622_141137,repeat_001,276,276,276,51.0,51.0,Win,1.0,14,26.0,,high_score_positive_contribution,nan,selected_gate_positive_episodes.csv
Synergy,sce-1m,sce1m_synergy_run_0077,eval_run_0077_web_batch_20260622_141137,repeat_001,278,278,278,51.0,51.0,Win,1.0,14,20.0,,high_score_positive_contribution,nan,selected_gate_positive_episodes.csv
Synergy,sce-1m,sce1m_synergy_run_0077,eval_run_0077_web_batch_20260622_141137,repeat_001,282,282,282,36.0,36.0,Win,1.0,15,89.0,,positive_contribution_fill,nan,selected_gate_positive_episodes.csv
Synergy,sce-1m,sce1m_synergy_run_0077,eval_run_0077_web_batch_20260622_141137,repeat_001,286,286,286,42.0,42.0,Win,1.0,17,25.0,,high_score_positive_contribution,nan,selected_gate_positive_episodes.csv
Synergy,sce-1m,sce1m_synergy_run_0077,eval_run_0077_web_batch_20260622_141137,repeat_001,289,289,289,51.0,51.0,Win,1.0,14,24.0,,high_score_positive_contribution,nan,selected_gate_positive_episodes.csv
Synergy,sce-1m,sce1m_synergy_run_0077,eval_run_0077_web_batch_20260622_141137,repeat_001,292,292,292,51.0,51.0,Win,1.0,14,27.0,,high_score_positive_contribution,nan,selected_gate_positive_episodes.csv
Synergy,sce-1m,sce1m_synergy_run_0077,eval_run_0077_web_batch_20260622_141137,repeat_001,293,293,293,36.0,36.0,Win,1.0,17,91.0,,positive_contribution_fill,nan,selected_gate_positive_episodes.csv
Synergy,sce-1m,sce1m_synergy_run_0077,eval_run_0077_web_batch_20260622_141137,repeat_001,294,294,294,36.0,36.0,Win,1.0,16,59.0,,positive_contribution_fill,nan,selected_gate_positive_episodes.csv
Synergy,sce-1m,sce1m_synergy_run_0077,eval_run_0077_web_batch_20260622_141137,repeat_001,297,297,297,57.0,57.0,Win,1.0,13,8.0,,high_score_positive_contribution,nan,selected_gate_positive_episodes.csv
Synergy,sce-2,sce2_synergy_run_0075,eval_run_0075_web_batch_20260622_141137,repeat_001,3,3,3,78.0,78.0,Win,1.0,12,48.0,,high_score_positive_contribution,nan,selected_gate_positive_episodes.csv
Synergy,sce-2,sce2_synergy_run_0075,eval_run_0075_web_batch_20260622_141137,repeat_001,6,6,6,75.0,75.0,Win,1.0,13,57.0,,positive_contribution_fill,nan,selected_gate_positive_episodes.csv
Synergy,sce-2,sce2_synergy_run_0075,eval_run_0075_web_batch_20260622_141137,repeat_001,7,7,7,75.0,75.0,Win,1.0,12,59.0,,positive_contribution_fill,nan,selected_gate_positive_episodes.csv
Synergy,sce-2,sce2_synergy_run_0075,eval_run_0075_web_batch_20260622_141137,repeat_001,16,16,16,78.0,78.0,Win,1.0,12,13.0,,high_score_positive_contribution,nan,selected_gate_positive_episodes.csv
Synergy,sce-2,sce2_synergy_run_0075,eval_run_0075_web_batch_20260622_141137,repeat_001,24,24,24,75.0,75.0,Win,1.0,13,61.0,,positive_contribution_fill,nan,selected_gate_positive_episodes.csv
Synergy,sce-2,sce2_synergy_run_0075,eval_run_0075_web_batch_20260622_141137,repeat_001,26,26,26,78.0,78.0,Win,1.0,12,46.0,,high_score_positive_contribution,nan,selected_gate_positive_episodes.csv
Synergy,sce-2,sce2_synergy_run_0075,eval_run_0075_web_batch_20260622_141137,repeat_001,30,30,30,84.0,84.0,Win,1.0,12,12.0,,high_score_positive_contribution,nan,selected_gate_positive_episodes.csv
Synergy,sce-2,sce2_synergy_run_0075,eval_run_0075_web_batch_20260622_141137,repeat_001,31,31,31,75.0,75.0,Win,1.0,13,81.0,,positive_contribution_fill,nan,selected_gate_positive_episodes.csv
Synergy,sce-2,sce2_synergy_run_0075,eval_run_0075_web_batch_20260622_141137,repeat_001,32,32,32,78.0,78.0,Win,1.0,12,33.0,,high_score_positive_contribution,nan,selected_gate_positive_episodes.csv
Synergy,sce-2,sce2_synergy_run_0075,eval_run_0075_web_batch_20260622_141137,repeat_001,34,34,34,75.0,75.0,Win,1.0,12,66.0,,positive_contribution_fill,nan,selected_gate_positive_episodes.csv
Synergy,sce-2,sce2_synergy_run_0075,eval_run_0075_web_batch_20260622_141137,repeat_001,40,40,40,78.0,78.0,Win,1.0,12,52.0,,high_score_positive_contribution,nan,selected_gate_positive_episodes.csv
Synergy,sce-2,sce2_synergy_run_0075,eval_run_0075_web_batch_20260622_141137,repeat_001,44,44,44,75.0,75.0,Win,1.0,13,63.0,,positive_contribution_fill,nan,selected_gate_positive_episodes.csv
Synergy,sce-2,sce2_synergy_run_0075,eval_run_0075_web_batch_20260622_141137,repeat_001,48,48,48,78.0,78.0,Win,1.0,12,22.0,,high_score_positive_contribution,nan,selected_gate_positive_episodes.csv
Synergy,sce-2,sce2_synergy_run_0075,eval_run_0075_web_batch_20260622_141137,repeat_001,51,51,51,78.0,78.0,Win,1.0,12,47.0,,high_score_positive_contribution,nan,selected_gate_positive_episodes.csv
Synergy,sce-2,sce2_synergy_run_0075,eval_run_0075_web_batch_20260622_141137,repeat_001,54,54,54,72.0,72.0,Win,1.0,14,99.0,,positive_contribution_fill,nan,selected_gate_positive_episodes.csv
Synergy,sce-2,sce2_synergy_run_0075,eval_run_0075_web_batch_20260622_141137,repeat_001,62,62,62,72.0,72.0,Win,1.0,12,73.0,,positive_contribution_fill,nan,selected_gate_positive_episodes.csv
Synergy,sce-2,sce2_synergy_run_0075,eval_run_0075_web_batch_20260622_141137,repeat_001,64,64,64,84.0,84.0,Win,1.0,12,15.0,,high_score_positive_contribution,nan,selected_gate_positive_episodes.csv
Synergy,sce-2,sce2_synergy_run_0075,eval_run_0075_web_batch_20260622_141137,repeat_001,67,67,67,75.0,75.0,Win,1.0,12,75.0,,positive_contribution_fill,nan,selected_gate_positive_episodes.csv
Synergy,sce-2,sce2_synergy_run_0075,eval_run_0075_web_batch_20260622_141137,repeat_001,69,69,69,72.0,72.0,Win,1.0,12,86.0,,positive_contribution_fill,nan,selected_gate_positive_episodes.csv
Synergy,sce-2,sce2_synergy_run_0075,eval_run_0075_web_batch_20260622_141137,repeat_001,70,70,70,78.0,78.0,Win,1.0,12,53.0,,high_score_positive_contribution,nan,selected_gate_positive_episodes.csv
Synergy,sce-2,sce2_synergy_run_0075,eval_run_0075_web_batch_20260622_141137,repeat_001,71,71,71,75.0,75.0,Win,1.0,12,55.0,,positive_contribution_fill,nan,selected_gate_positive_episodes.csv
Synergy,sce-2,sce2_synergy_run_0075,eval_run_0075_web_batch_20260622_141137,repeat_001,75,75,75,75.0,75.0,Win,1.0,13,71.0,,positive_contribution_fill,nan,selected_gate_positive_episodes.csv
Synergy,sce-2,sce2_synergy_run_0075,eval_run_0075_web_batch_20260622_141137,repeat_001,78,78,78,81.0,81.0,Win,1.0,12,35.0,,high_score_positive_contribution,nan,selected_gate_positive_episodes.csv
Synergy,sce-2,sce2_synergy_run_0075,eval_run_0075_web_batch_20260622_141137,repeat_001,79,79,79,78.0,78.0,Win,1.0,12,54.0,,high_score_positive_contribution,nan,selected_gate_positive_episodes.csv
Synergy,sce-2,sce2_synergy_run_0075,eval_run_0075_web_batch_20260622_141137,repeat_001,80,80,80,75.0,75.0,Win,1.0,13,80.0,,positive_contribution_fill,nan,selected_gate_positive_episodes.csv
Synergy,sce-2,sce2_synergy_run_0075,eval_run_0075_web_batch_20260622_141137,repeat_001,82,82,82,81.0,81.0,Win,1.0,13,30.0,,high_score_positive_contribution,nan,selected_gate_positive_episodes.csv
Synergy,sce-2,sce2_synergy_run_0075,eval_run_0075_web_batch_20260622_141137,repeat_001,86,86,86,78.0,78.0,Win,1.0,12,41.0,,high_score_positive_contribution,nan,selected_gate_positive_episodes.csv
Synergy,sce-2,sce2_synergy_run_0075,eval_run_0075_web_batch_20260622_141137,repeat_001,87,87,87,78.0,78.0,Win,1.0,12,44.0,,high_score_positive_contribution,nan,selected_gate_positive_episodes.csv
Synergy,sce-2,sce2_synergy_run_0075,eval_run_0075_web_batch_20260622_141137,repeat_001,91,91,91,75.0,75.0,Win,1.0,13,56.0,,positive_contribution_fill,nan,selected_gate_positive_episodes.csv
Synergy,sce-2,sce2_synergy_run_0075,eval_run_0075_web_batch_20260622_141137,repeat_001,93,93,93,78.0,78.0,Win,1.0,12,37.0,,high_score_positive_contribution,nan,selected_gate_positive_episodes.csv
Synergy,sce-2,sce2_synergy_run_0075,eval_run_0075_web_batch_20260622_141137,repeat_001,94,94,94,78.0,78.0,Win,1.0,12,45.0,,high_score_positive_contribution,nan,selected_gate_positive_episodes.csv
Synergy,sce-2,sce2_synergy_run_0075,eval_run_0075_web_batch_20260622_141137,repeat_001,99,99,99,75.0,75.0,Win,1.0,12,82.0,,positive_contribution_fill,nan,selected_gate_positive_episodes.csv
Synergy,sce-2,sce2_synergy_run_0075,eval_run_0075_web_batch_20260622_141137,repeat_001,105,105,105,78.0,78.0,Win,1.0,12,21.0,,high_score_positive_contribution,nan,selected_gate_positive_episodes.csv
Synergy,sce-2,sce2_synergy_run_0075,eval_run_0075_web_batch_20260622_141137,repeat_001,106,106,106,75.0,75.0,Win,1.0,13,77.0,,positive_contribution_fill,nan,selected_gate_positive_episodes.csv
Synergy,sce-2,sce2_synergy_run_0075,eval_run_0075_web_batch_20260622_141137,repeat_001,115,115,115,84.0,84.0,Win,1.0,12,23.0,,high_score_positive_contribution,nan,selected_gate_positive_episodes.csv
Synergy,sce-2,sce2_synergy_run_0075,eval_run_0075_web_batch_20260622_141137,repeat_001,120,120,120,78.0,78.0,Win,1.0,12,1.0,,high_score_positive_contribution,nan,selected_gate_positive_episodes.csv
Synergy,sce-2,sce2_synergy_run_0075,eval_run_0075_web_batch_20260622_141137,repeat_001,121,121,121,75.0,75.0,Win,1.0,13,97.0,,positive_contribution_fill,nan,selected_gate_positive_episodes.csv
Synergy,sce-2,sce2_synergy_run_0075,eval_run_0075_web_batch_20260622_141137,repeat_001,126,126,126,75.0,75.0,Win,1.0,12,67.0,,positive_contribution_fill,nan,selected_gate_positive_episodes.csv
Synergy,sce-2,sce2_synergy_run_0075,eval_run_0075_web_batch_20260622_141137,repeat_001,128,128,128,78.0,78.0,Win,1.0,12,20.0,,high_score_positive_contribution,nan,selected_gate_positive_episodes.csv
Synergy,sce-2,sce2_synergy_run_0075,eval_run_0075_web_batch_20260622_141137,repeat_001,130,130,130,81.0,81.0,Win,1.0,13,39.0,,high_score_positive_contribution,nan,selected_gate_positive_episodes.csv
Synergy,sce-2,sce2_synergy_run_0075,eval_run_0075_web_batch_20260622_141137,repeat_001,132,132,132,75.0,75.0,Win,1.0,13,58.0,,positive_contribution_fill,nan,selected_gate_positive_episodes.csv
Synergy,sce-2,sce2_synergy_run_0075,eval_run_0075_web_batch_20260622_141137,repeat_001,135,135,135,78.0,78.0,Win,1.0,12,43.0,,high_score_positive_contribution,nan,selected_gate_positive_episodes.csv
Synergy,sce-2,sce2_synergy_run_0075,eval_run_0075_web_batch_20260622_141137,repeat_001,136,136,136,84.0,84.0,Win,1.0,12,27.0,,high_score_positive_contribution,nan,selected_gate_positive_episodes.csv
Synergy,sce-2,sce2_synergy_run_0075,eval_run_0075_web_batch_20260622_141137,repeat_001,138,138,138,84.0,84.0,Win,1.0,12,25.0,,high_score_positive_contribution,nan,selected_gate_positive_episodes.csv
Synergy,sce-2,sce2_synergy_run_0075,eval_run_0075_web_batch_20260622_141137,repeat_001,146,146,146,78.0,78.0,Win,1.0,12,31.0,,high_score_positive_contribution,nan,selected_gate_positive_episodes.csv
Synergy,sce-2,sce2_synergy_run_0075,eval_run_0075_web_batch_20260622_141137,repeat_001,147,147,147,84.0,84.0,Win,1.0,12,9.0,,high_score_positive_contribution,nan,selected_gate_positive_episodes.csv
Synergy,sce-2,sce2_synergy_run_0075,eval_run_0075_web_batch_20260622_141137,repeat_001,158,158,158,78.0,78.0,Win,1.0,12,49.0,,high_score_positive_contribution,nan,selected_gate_positive_episodes.csv
Synergy,sce-2,sce2_synergy_run_0075,eval_run_0075_web_batch_20260622_141137,repeat_001,160,160,160,72.0,72.0,Win,1.0,12,100.0,,positive_contribution_fill,nan,selected_gate_positive_episodes.csv
Synergy,sce-2,sce2_synergy_run_0075,eval_run_0075_web_batch_20260622_141137,repeat_001,176,176,176,75.0,75.0,Win,1.0,13,91.0,,positive_contribution_fill,nan,selected_gate_positive_episodes.csv
Synergy,sce-2,sce2_synergy_run_0075,eval_run_0075_web_batch_20260622_141137,repeat_001,177,177,177,84.0,84.0,Win,1.0,12,8.0,,high_score_positive_contribution,nan,selected_gate_positive_episodes.csv
Synergy,sce-2,sce2_synergy_run_0075,eval_run_0075_web_batch_20260622_141137,repeat_001,179,179,179,78.0,78.0,Win,1.0,12,28.0,,high_score_positive_contribution,nan,selected_gate_positive_episodes.csv
Synergy,sce-2,sce2_synergy_run_0075,eval_run_0075_web_batch_20260622_141137,repeat_001,180,180,180,75.0,75.0,Win,1.0,13,85.0,,positive_contribution_fill,nan,selected_gate_positive_episodes.csv
Synergy,sce-2,sce2_synergy_run_0075,eval_run_0075_web_batch_20260622_141137,repeat_001,187,187,187,72.0,72.0,Win,1.0,12,83.0,,positive_contribution_fill,nan,selected_gate_positive_episodes.csv
Synergy,sce-2,sce2_synergy_run_0075,eval_run_0075_web_batch_20260622_141137,repeat_001,190,190,190,75.0,75.0,Win,1.0,12,79.0,,positive_contribution_fill,nan,selected_gate_positive_episodes.csv
Synergy,sce-2,sce2_synergy_run_0075,eval_run_0075_web_batch_20260622_141137,repeat_001,191,191,191,81.0,81.0,Win,1.0,13,34.0,,high_score_positive_contribution,nan,selected_gate_positive_episodes.csv
Synergy,sce-2,sce2_synergy_run_0075,eval_run_0075_web_batch_20260622_141137,repeat_001,192,192,192,75.0,75.0,Win,1.0,13,60.0,,positive_contribution_fill,nan,selected_gate_positive_episodes.csv
Synergy,sce-2,sce2_synergy_run_0075,eval_run_0075_web_batch_20260622_141137,repeat_001,196,196,196,75.0,75.0,Win,1.0,12,96.0,,positive_contribution_fill,nan,selected_gate_positive_episodes.csv
Synergy,sce-2,sce2_synergy_run_0075,eval_run_0075_web_batch_20260622_141137,repeat_001,197,197,197,81.0,81.0,Win,1.0,13,2.0,,high_score_positive_contribution,nan,selected_gate_positive_episodes.csv
Synergy,sce-2,sce2_synergy_run_0075,eval_run_0075_web_batch_20260622_141137,repeat_001,199,199,199,72.0,72.0,Win,1.0,12,87.0,,positive_contribution_fill,nan,selected_gate_positive_episodes.csv
Synergy,sce-2,sce2_synergy_run_0075,eval_run_0075_web_batch_20260622_141137,repeat_001,201,201,201,75.0,75.0,Win,1.0,13,65.0,,positive_contribution_fill,nan,selected_gate_positive_episodes.csv
Synergy,sce-2,sce2_synergy_run_0075,eval_run_0075_web_batch_20260622_141137,repeat_001,203,203,203,75.0,75.0,Win,1.0,13,64.0,,positive_contribution_fill,nan,selected_gate_positive_episodes.csv
Synergy,sce-2,sce2_synergy_run_0075,eval_run_0075_web_batch_20260622_141137,repeat_001,204,204,204,78.0,78.0,Win,1.0,12,50.0,,high_score_positive_contribution,nan,selected_gate_positive_episodes.csv
Synergy,sce-2,sce2_synergy_run_0075,eval_run_0075_web_batch_20260622_141137,repeat_001,206,206,206,72.0,72.0,Win,1.0,12,89.0,,positive_contribution_fill,nan,selected_gate_positive_episodes.csv
Synergy,sce-2,sce2_synergy_run_0075,eval_run_0075_web_batch_20260622_141137,repeat_001,208,208,208,75.0,75.0,Win,1.0,13,92.0,,positive_contribution_fill,nan,selected_gate_positive_episodes.csv
Synergy,sce-2,sce2_synergy_run_0075,eval_run_0075_web_batch_20260622_141137,repeat_001,209,209,209,75.0,75.0,Win,1.0,13,76.0,,positive_contribution_fill,nan,selected_gate_positive_episodes.csv
Synergy,sce-2,sce2_synergy_run_0075,eval_run_0075_web_batch_20260622_141137,repeat_001,210,210,210,75.0,75.0,Win,1.0,12,68.0,,positive_contribution_fill,nan,selected_gate_positive_episodes.csv
Synergy,sce-2,sce2_synergy_run_0075,eval_run_0075_web_batch_20260622_141137,repeat_001,212,212,212,84.0,84.0,Win,1.0,12,16.0,,high_score_positive_contribution,nan,selected_gate_positive_episodes.csv
Synergy,sce-2,sce2_synergy_run_0075,eval_run_0075_web_batch_20260622_141137,repeat_001,217,217,217,72.0,72.0,Win,1.0,13,98.0,,positive_contribution_fill,nan,selected_gate_positive_episodes.csv
Synergy,sce-2,sce2_synergy_run_0075,eval_run_0075_web_batch_20260622_141137,repeat_001,221,221,221,75.0,75.0,Win,1.0,13,69.0,,positive_contribution_fill,nan,selected_gate_positive_episodes.csv
Synergy,sce-2,sce2_synergy_run_0075,eval_run_0075_web_batch_20260622_141137,repeat_001,223,223,223,78.0,78.0,Win,1.0,12,42.0,,high_score_positive_contribution,nan,selected_gate_positive_episodes.csv
Synergy,sce-2,sce2_synergy_run_0075,eval_run_0075_web_batch_20260622_141137,repeat_001,225,225,225,72.0,72.0,Win,1.0,12,74.0,,positive_contribution_fill,nan,selected_gate_positive_episodes.csv
Synergy,sce-2,sce2_synergy_run_0075,eval_run_0075_web_batch_20260622_141137,repeat_001,228,228,228,75.0,75.0,Win,1.0,13,94.0,,positive_contribution_fill,nan,selected_gate_positive_episodes.csv
Synergy,sce-2,sce2_synergy_run_0075,eval_run_0075_web_batch_20260622_141137,repeat_001,230,230,230,72.0,72.0,Win,1.0,12,90.0,,positive_contribution_fill,nan,selected_gate_positive_episodes.csv
Synergy,sce-2,sce2_synergy_run_0075,eval_run_0075_web_batch_20260622_141137,repeat_001,231,231,231,72.0,72.0,Win,1.0,12,84.0,,positive_contribution_fill,nan,selected_gate_positive_episodes.csv
Synergy,sce-2,sce2_synergy_run_0075,eval_run_0075_web_batch_20260622_141137,repeat_001,239,239,239,84.0,84.0,Win,1.0,12,6.0,,high_score_positive_contribution,nan,selected_gate_positive_episodes.csv
Synergy,sce-2,sce2_synergy_run_0075,eval_run_0075_web_batch_20260622_141137,repeat_001,242,242,242,75.0,75.0,Win,1.0,12,88.0,,positive_contribution_fill,nan,selected_gate_positive_episodes.csv
Synergy,sce-2,sce2_synergy_run_0075,eval_run_0075_web_batch_20260622_141137,repeat_001,243,243,243,81.0,81.0,Win,1.0,13,36.0,,high_score_positive_contribution,nan,selected_gate_positive_episodes.csv
Synergy,sce-2,sce2_synergy_run_0075,eval_run_0075_web_batch_20260622_141137,repeat_001,246,246,246,78.0,78.0,Win,1.0,12,29.0,,high_score_positive_contribution,nan,selected_gate_positive_episodes.csv
Synergy,sce-2,sce2_synergy_run_0075,eval_run_0075_web_batch_20260622_141137,repeat_001,249,249,249,84.0,84.0,Win,1.0,12,4.0,,high_score_positive_contribution,nan,selected_gate_positive_episodes.csv
Synergy,sce-2,sce2_synergy_run_0075,eval_run_0075_web_batch_20260622_141137,repeat_001,250,250,250,84.0,84.0,Win,1.0,12,14.0,,high_score_positive_contribution,nan,selected_gate_positive_episodes.csv
Synergy,sce-2,sce2_synergy_run_0075,eval_run_0075_web_batch_20260622_141137,repeat_001,256,256,256,78.0,78.0,Win,1.0,12,32.0,,high_score_positive_contribution,nan,selected_gate_positive_episodes.csv
Synergy,sce-2,sce2_synergy_run_0075,eval_run_0075_web_batch_20260622_141137,repeat_001,260,260,260,78.0,78.0,Win,1.0,12,40.0,,high_score_positive_contribution,nan,selected_gate_positive_episodes.csv
Synergy,sce-2,sce2_synergy_run_0075,eval_run_0075_web_batch_20260622_141137,repeat_001,263,263,263,81.0,81.0,Win,1.0,13,26.0,,high_score_positive_contribution,nan,selected_gate_positive_episodes.csv
Synergy,sce-2,sce2_synergy_run_0075,eval_run_0075_web_batch_20260622_141137,repeat_001,265,265,265,75.0,75.0,Win,1.0,12,95.0,,positive_contribution_fill,nan,selected_gate_positive_episodes.csv
Synergy,sce-2,sce2_synergy_run_0075,eval_run_0075_web_batch_20260622_141137,repeat_001,266,266,266,78.0,78.0,Win,1.0,12,3.0,,high_score_positive_contribution,nan,selected_gate_positive_episodes.csv
Synergy,sce-2,sce2_synergy_run_0075,eval_run_0075_web_batch_20260622_141137,repeat_001,267,267,267,72.0,72.0,Win,1.0,12,78.0,,positive_contribution_fill,nan,selected_gate_positive_episodes.csv
Synergy,sce-2,sce2_synergy_run_0075,eval_run_0075_web_batch_20260622_141137,repeat_001,270,270,270,81.0,81.0,Win,1.0,12,19.0,,high_score_positive_contribution,nan,selected_gate_positive_episodes.csv
Synergy,sce-2,sce2_synergy_run_0075,eval_run_0075_web_batch_20260622_141137,repeat_001,274,274,274,81.0,81.0,Win,1.0,13,11.0,,high_score_positive_contribution,nan,selected_gate_positive_episodes.csv
Synergy,sce-2,sce2_synergy_run_0075,eval_run_0075_web_batch_20260622_141137,repeat_001,277,277,277,72.0,72.0,Win,1.0,12,70.0,,positive_contribution_fill,nan,selected_gate_positive_episodes.csv
Synergy,sce-2,sce2_synergy_run_0075,eval_run_0075_web_batch_20260622_141137,repeat_001,278,278,278,75.0,75.0,Win,1.0,13,93.0,,positive_contribution_fill,nan,selected_gate_positive_episodes.csv
Synergy,sce-2,sce2_synergy_run_0075,eval_run_0075_web_batch_20260622_141137,repeat_001,280,280,280,84.0,84.0,Win,1.0,12,10.0,,high_score_positive_contribution,nan,selected_gate_positive_episodes.csv
Synergy,sce-2,sce2_synergy_run_0075,eval_run_0075_web_batch_20260622_141137,repeat_001,283,283,283,78.0,78.0,Win,1.0,12,38.0,,high_score_positive_contribution,nan,selected_gate_positive_episodes.csv
Synergy,sce-2,sce2_synergy_run_0075,eval_run_0075_web_batch_20260622_141137,repeat_001,284,284,284,84.0,84.0,Win,1.0,12,5.0,,high_score_positive_contribution,nan,selected_gate_positive_episodes.csv
Synergy,sce-2,sce2_synergy_run_0075,eval_run_0075_web_batch_20260622_141137,repeat_001,285,285,285,75.0,75.0,Win,1.0,13,72.0,,positive_contribution_fill,nan,selected_gate_positive_episodes.csv
Synergy,sce-2,sce2_synergy_run_0075,eval_run_0075_web_batch_20260622_141137,repeat_001,289,289,289,84.0,84.0,Win,1.0,12,17.0,,high_score_positive_contribution,nan,selected_gate_positive_episodes.csv
Synergy,sce-2,sce2_synergy_run_0075,eval_run_0075_web_batch_20260622_141137,repeat_001,290,290,290,84.0,84.0,Win,1.0,12,7.0,,high_score_positive_contribution,nan,selected_gate_positive_episodes.csv
Synergy,sce-2,sce2_synergy_run_0075,eval_run_0075_web_batch_20260622_141137,repeat_001,293,293,293,84.0,84.0,Win,1.0,12,18.0,,high_score_positive_contribution,nan,selected_gate_positive_episodes.csv
Synergy,sce-2,sce2_synergy_run_0075,eval_run_0075_web_batch_20260622_141137,repeat_001,294,294,294,75.0,75.0,Win,1.0,12,62.0,,positive_contribution_fill,nan,selected_gate_positive_episodes.csv
Synergy,sce-2,sce2_synergy_run_0075,eval_run_0075_web_batch_20260622_141137,repeat_001,295,295,295,78.0,78.0,Win,1.0,12,51.0,,high_score_positive_contribution,nan,selected_gate_positive_episodes.csv
Synergy,sce-2,sce2_synergy_run_0075,eval_run_0075_web_batch_20260622_141137,repeat_001,298,298,298,78.0,78.0,Win,1.0,12,24.0,,high_score_positive_contribution,nan,selected_gate_positive_episodes.csv
Synergy,sce-2m,sce2m_synergy_run_0078,eval_run_0078_web_batch_20260622_141137,repeat_001,5,5,5,57.0,57.0,Win,1.0,14,29.0,,score_band_visibility,nan,selected_gate_positive_episodes.csv
Synergy,sce-2m,sce2m_synergy_run_0078,eval_run_0078_web_batch_20260622_141137,repeat_001,7,7,7,63.0,63.0,Win,1.0,14,93.0,,score_band_visibility,nan,selected_gate_positive_episodes.csv
Synergy,sce-2m,sce2m_synergy_run_0078,eval_run_0078_web_batch_20260622_141137,repeat_001,8,8,8,72.0,72.0,Win,1.0,13,100.0,,score_band_visibility,nan,selected_gate_positive_episodes.csv
Synergy,sce-2m,sce2m_synergy_run_0078,eval_run_0078_web_batch_20260622_141137,repeat_001,9,9,9,51.0,51.0,Win,1.0,14,10.0,,score_band_visibility,nan,selected_gate_positive_episodes.csv
Synergy,sce-2m,sce2m_synergy_run_0078,eval_run_0078_web_batch_20260622_141137,repeat_001,11,11,11,51.0,51.0,Win,1.0,14,22.0,,score_band_visibility,nan,selected_gate_positive_episodes.csv
Synergy,sce-2m,sce2m_synergy_run_0078,eval_run_0078_web_batch_20260622_141137,repeat_001,18,18,18,51.0,51.0,Win,1.0,14,1.0,,score_band_visibility,nan,selected_gate_positive_episodes.csv
Synergy,sce-2m,sce2m_synergy_run_0078,eval_run_0078_web_batch_20260622_141137,repeat_001,22,22,22,57.0,57.0,Win,1.0,14,38.0,,score_band_visibility,nan,selected_gate_positive_episodes.csv
Synergy,sce-2m,sce2m_synergy_run_0078,eval_run_0078_web_batch_20260622_141137,repeat_001,26,26,26,57.0,57.0,Win,1.0,14,37.0,,score_band_visibility,nan,selected_gate_positive_episodes.csv
Synergy,sce-2m,sce2m_synergy_run_0078,eval_run_0078_web_batch_20260622_141137,repeat_001,30,30,30,57.0,57.0,Win,1.0,13,49.0,,score_band_visibility,nan,selected_gate_positive_episodes.csv
Synergy,sce-2m,sce2m_synergy_run_0078,eval_run_0078_web_batch_20260622_141137,repeat_001,31,31,31,51.0,51.0,Win,1.0,14,19.0,,score_band_visibility,nan,selected_gate_positive_episodes.csv
Synergy,sce-2m,sce2m_synergy_run_0078,eval_run_0078_web_batch_20260622_141137,repeat_001,34,34,34,57.0,57.0,Win,1.0,14,56.0,,score_band_visibility,nan,selected_gate_positive_episodes.csv
Synergy,sce-2m,sce2m_synergy_run_0078,eval_run_0078_web_batch_20260622_141137,repeat_001,40,40,40,57.0,57.0,Win,1.0,14,74.0,,score_band_visibility,nan,selected_gate_positive_episodes.csv
Synergy,sce-2m,sce2m_synergy_run_0078,eval_run_0078_web_batch_20260622_141137,repeat_001,41,41,41,63.0,63.0,Win,1.0,14,90.0,,score_band_visibility,nan,selected_gate_positive_episodes.csv
Synergy,sce-2m,sce2m_synergy_run_0078,eval_run_0078_web_batch_20260622_141137,repeat_001,45,45,45,57.0,57.0,Win,1.0,14,55.0,,score_band_visibility,nan,selected_gate_positive_episodes.csv
Synergy,sce-2m,sce2m_synergy_run_0078,eval_run_0078_web_batch_20260622_141137,repeat_001,46,46,46,63.0,63.0,Win,1.0,13,85.0,,score_band_visibility,nan,selected_gate_positive_episodes.csv
Synergy,sce-2m,sce2m_synergy_run_0078,eval_run_0078_web_batch_20260622_141137,repeat_001,48,48,48,57.0,57.0,Win,1.0,14,57.0,,score_band_visibility,nan,selected_gate_positive_episodes.csv
Synergy,sce-2m,sce2m_synergy_run_0078,eval_run_0078_web_batch_20260622_141137,repeat_001,49,49,49,63.0,63.0,Win,1.0,14,96.0,,score_band_visibility,nan,selected_gate_positive_episodes.csv
Synergy,sce-2m,sce2m_synergy_run_0078,eval_run_0078_web_batch_20260622_141137,repeat_001,50,50,50,57.0,57.0,Win,1.0,13,48.0,,score_band_visibility,nan,selected_gate_positive_episodes.csv
Synergy,sce-2m,sce2m_synergy_run_0078,eval_run_0078_web_batch_20260622_141137,repeat_001,51,51,51,57.0,57.0,Win,1.0,14,62.0,,score_band_visibility,nan,selected_gate_positive_episodes.csv
Synergy,sce-2m,sce2m_synergy_run_0078,eval_run_0078_web_batch_20260622_141137,repeat_001,52,52,52,51.0,51.0,Win,1.0,14,4.0,,score_band_visibility,nan,selected_gate_positive_episodes.csv
Synergy,sce-2m,sce2m_synergy_run_0078,eval_run_0078_web_batch_20260622_141137,repeat_001,55,55,55,63.0,63.0,Win,1.0,14,92.0,,score_band_visibility,nan,selected_gate_positive_episodes.csv
Synergy,sce-2m,sce2m_synergy_run_0078,eval_run_0078_web_batch_20260622_141137,repeat_001,57,57,57,57.0,57.0,Win,1.0,14,53.0,,score_band_visibility,nan,selected_gate_positive_episodes.csv
Synergy,sce-2m,sce2m_synergy_run_0078,eval_run_0078_web_batch_20260622_141137,repeat_001,59,59,59,63.0,63.0,Win,1.0,14,84.0,,score_band_visibility,nan,selected_gate_positive_episodes.csv
Synergy,sce-2m,sce2m_synergy_run_0078,eval_run_0078_web_batch_20260622_141137,repeat_001,66,66,66,57.0,57.0,Win,1.0,14,68.0,,score_band_visibility,nan,selected_gate_positive_episodes.csv
Synergy,sce-2m,sce2m_synergy_run_0078,eval_run_0078_web_batch_20260622_141137,repeat_001,72,72,72,63.0,63.0,Win,1.0,14,97.0,,score_band_visibility,nan,selected_gate_positive_episodes.csv
Synergy,sce-2m,sce2m_synergy_run_0078,eval_run_0078_web_batch_20260622_141137,repeat_001,76,76,76,51.0,51.0,Win,1.0,14,9.0,,score_band_visibility,nan,selected_gate_positive_episodes.csv
Synergy,sce-2m,sce2m_synergy_run_0078,eval_run_0078_web_batch_20260622_141137,repeat_001,81,81,81,57.0,57.0,Win,1.0,14,43.0,,score_band_visibility,nan,selected_gate_positive_episodes.csv
Synergy,sce-2m,sce2m_synergy_run_0078,eval_run_0078_web_batch_20260622_141137,repeat_001,82,82,82,66.0,66.0,Win,1.0,13,98.0,,score_band_visibility,nan,selected_gate_positive_episodes.csv
Synergy,sce-2m,sce2m_synergy_run_0078,eval_run_0078_web_batch_20260622_141137,repeat_001,88,88,88,51.0,51.0,Win,1.0,14,3.0,,score_band_visibility,nan,selected_gate_positive_episodes.csv
Synergy,sce-2m,sce2m_synergy_run_0078,eval_run_0078_web_batch_20260622_141137,repeat_001,89,89,89,57.0,57.0,Win,1.0,13,46.0,,score_band_visibility,nan,selected_gate_positive_episodes.csv
Synergy,sce-2m,sce2m_synergy_run_0078,eval_run_0078_web_batch_20260622_141137,repeat_001,90,90,90,57.0,57.0,Win,1.0,14,69.0,,score_band_visibility,nan,selected_gate_positive_episodes.csv
Synergy,sce-2m,sce2m_synergy_run_0078,eval_run_0078_web_batch_20260622_141137,repeat_001,94,94,94,63.0,63.0,Win,1.0,14,78.0,,score_band_visibility,nan,selected_gate_positive_episodes.csv
Synergy,sce-2m,sce2m_synergy_run_0078,eval_run_0078_web_batch_20260622_141137,repeat_001,95,95,95,57.0,57.0,Win,1.0,13,52.0,,score_band_visibility,nan,selected_gate_positive_episodes.csv
Synergy,sce-2m,sce2m_synergy_run_0078,eval_run_0078_web_batch_20260622_141137,repeat_001,96,96,96,51.0,51.0,Win,1.0,14,21.0,,score_band_visibility,nan,selected_gate_positive_episodes.csv
Synergy,sce-2m,sce2m_synergy_run_0078,eval_run_0078_web_batch_20260622_141137,repeat_001,97,97,97,57.0,57.0,Win,1.0,14,61.0,,score_band_visibility,nan,selected_gate_positive_episodes.csv
Synergy,sce-2m,sce2m_synergy_run_0078,eval_run_0078_web_batch_20260622_141137,repeat_001,100,100,100,57.0,57.0,Win,1.0,14,77.0,,score_band_visibility,nan,selected_gate_positive_episodes.csv
Synergy,sce-2m,sce2m_synergy_run_0078,eval_run_0078_web_batch_20260622_141137,repeat_001,103,103,103,57.0,57.0,Win,1.0,14,60.0,,score_band_visibility,nan,selected_gate_positive_episodes.csv
Synergy,sce-2m,sce2m_synergy_run_0078,eval_run_0078_web_batch_20260622_141137,repeat_001,104,104,104,57.0,57.0,Win,1.0,14,76.0,,score_band_visibility,nan,selected_gate_positive_episodes.csv
Synergy,sce-2m,sce2m_synergy_run_0078,eval_run_0078_web_batch_20260622_141137,repeat_001,106,106,106,57.0,57.0,Win,1.0,14,41.0,,score_band_visibility,nan,selected_gate_positive_episodes.csv
Synergy,sce-2m,sce2m_synergy_run_0078,eval_run_0078_web_batch_20260622_141137,repeat_001,108,108,108,57.0,57.0,Win,1.0,14,75.0,,score_band_visibility,nan,selected_gate_positive_episodes.csv
Synergy,sce-2m,sce2m_synergy_run_0078,eval_run_0078_web_batch_20260622_141137,repeat_001,109,109,109,57.0,57.0,Win,1.0,14,59.0,,score_band_visibility,nan,selected_gate_positive_episodes.csv
Synergy,sce-2m,sce2m_synergy_run_0078,eval_run_0078_web_batch_20260622_141137,repeat_001,120,120,120,57.0,57.0,Win,1.0,14,45.0,,score_band_visibility,nan,selected_gate_positive_episodes.csv
Synergy,sce-2m,sce2m_synergy_run_0078,eval_run_0078_web_batch_20260622_141137,repeat_001,122,122,122,57.0,57.0,Win,1.0,14,36.0,,score_band_visibility,nan,selected_gate_positive_episodes.csv
Synergy,sce-2m,sce2m_synergy_run_0078,eval_run_0078_web_batch_20260622_141137,repeat_001,125,125,125,57.0,57.0,Win,1.0,14,65.0,,score_band_visibility,nan,selected_gate_positive_episodes.csv
Synergy,sce-2m,sce2m_synergy_run_0078,eval_run_0078_web_batch_20260622_141137,repeat_001,126,126,126,51.0,51.0,Win,1.0,14,7.0,,score_band_visibility,nan,selected_gate_positive_episodes.csv
Synergy,sce-2m,sce2m_synergy_run_0078,eval_run_0078_web_batch_20260622_141137,repeat_001,129,129,129,51.0,51.0,Win,1.0,14,20.0,,score_band_visibility,nan,selected_gate_positive_episodes.csv
Synergy,sce-2m,sce2m_synergy_run_0078,eval_run_0078_web_batch_20260622_141137,repeat_001,130,130,130,63.0,63.0,Win,1.0,14,91.0,,score_band_visibility,nan,selected_gate_positive_episodes.csv
Synergy,sce-2m,sce2m_synergy_run_0078,eval_run_0078_web_batch_20260622_141137,repeat_001,134,134,134,63.0,63.0,Win,1.0,14,80.0,,score_band_visibility,nan,selected_gate_positive_episodes.csv
Synergy,sce-2m,sce2m_synergy_run_0078,eval_run_0078_web_batch_20260622_141137,repeat_001,140,140,140,63.0,63.0,Win,1.0,14,79.0,,score_band_visibility,nan,selected_gate_positive_episodes.csv
Synergy,sce-2m,sce2m_synergy_run_0078,eval_run_0078_web_batch_20260622_141137,repeat_001,143,143,143,57.0,57.0,Win,1.0,14,73.0,,score_band_visibility,nan,selected_gate_positive_episodes.csv
Synergy,sce-2m,sce2m_synergy_run_0078,eval_run_0078_web_batch_20260622_141137,repeat_001,145,145,145,63.0,63.0,Win,1.0,13,83.0,,score_band_visibility,nan,selected_gate_positive_episodes.csv
Synergy,sce-2m,sce2m_synergy_run_0078,eval_run_0078_web_batch_20260622_141137,repeat_001,151,151,151,57.0,57.0,Win,1.0,14,67.0,,score_band_visibility,nan,selected_gate_positive_episodes.csv
Synergy,sce-2m,sce2m_synergy_run_0078,eval_run_0078_web_batch_20260622_141137,repeat_001,152,152,152,51.0,51.0,Win,1.0,14,24.0,,score_band_visibility,nan,selected_gate_positive_episodes.csv
Synergy,sce-2m,sce2m_synergy_run_0078,eval_run_0078_web_batch_20260622_141137,repeat_001,155,155,155,57.0,57.0,Win,1.0,14,35.0,,score_band_visibility,nan,selected_gate_positive_episodes.csv
Synergy,sce-2m,sce2m_synergy_run_0078,eval_run_0078_web_batch_20260622_141137,repeat_001,163,163,163,51.0,51.0,Win,1.0,14,11.0,,score_band_visibility,nan,selected_gate_positive_episodes.csv
Synergy,sce-2m,sce2m_synergy_run_0078,eval_run_0078_web_batch_20260622_141137,repeat_001,164,164,164,51.0,51.0,Win,1.0,14,12.0,,score_band_visibility,nan,selected_gate_positive_episodes.csv
Synergy,sce-2m,sce2m_synergy_run_0078,eval_run_0078_web_batch_20260622_141137,repeat_001,165,165,165,51.0,51.0,Win,1.0,14,18.0,,score_band_visibility,nan,selected_gate_positive_episodes.csv
Synergy,sce-2m,sce2m_synergy_run_0078,eval_run_0078_web_batch_20260622_141137,repeat_001,168,168,168,57.0,57.0,Win,1.0,14,47.0,,score_band_visibility,nan,selected_gate_positive_episodes.csv
Synergy,sce-2m,sce2m_synergy_run_0078,eval_run_0078_web_batch_20260622_141137,repeat_001,169,169,169,63.0,63.0,Win,1.0,14,81.0,,score_band_visibility,nan,selected_gate_positive_episodes.csv
Synergy,sce-2m,sce2m_synergy_run_0078,eval_run_0078_web_batch_20260622_141137,repeat_001,170,170,170,63.0,63.0,Win,1.0,13,89.0,,score_band_visibility,nan,selected_gate_positive_episodes.csv
Synergy,sce-2m,sce2m_synergy_run_0078,eval_run_0078_web_batch_20260622_141137,repeat_001,172,172,172,57.0,57.0,Win,1.0,14,54.0,,score_band_visibility,nan,selected_gate_positive_episodes.csv
Synergy,sce-2m,sce2m_synergy_run_0078,eval_run_0078_web_batch_20260622_141137,repeat_001,176,176,176,57.0,57.0,Win,1.0,14,70.0,,score_band_visibility,nan,selected_gate_positive_episodes.csv
Synergy,sce-2m,sce2m_synergy_run_0078,eval_run_0078_web_batch_20260622_141137,repeat_001,178,178,178,72.0,72.0,Win,1.0,13,99.0,,score_band_visibility,nan,selected_gate_positive_episodes.csv
Synergy,sce-2m,sce2m_synergy_run_0078,eval_run_0078_web_batch_20260622_141137,repeat_001,179,179,179,51.0,51.0,Win,1.0,14,17.0,,score_band_visibility,nan,selected_gate_positive_episodes.csv
Synergy,sce-2m,sce2m_synergy_run_0078,eval_run_0078_web_batch_20260622_141137,repeat_001,181,181,181,63.0,63.0,Win,1.0,14,82.0,,score_band_visibility,nan,selected_gate_positive_episodes.csv
Synergy,sce-2m,sce2m_synergy_run_0078,eval_run_0078_web_batch_20260622_141137,repeat_001,182,182,182,54.0,54.0,Win,1.0,14,26.0,,score_band_visibility,nan,selected_gate_positive_episodes.csv
Synergy,sce-2m,sce2m_synergy_run_0078,eval_run_0078_web_batch_20260622_141137,repeat_001,184,184,184,54.0,54.0,Win,1.0,14,27.0,,score_band_visibility,nan,selected_gate_positive_episodes.csv
Synergy,sce-2m,sce2m_synergy_run_0078,eval_run_0078_web_batch_20260622_141137,repeat_001,187,187,187,51.0,51.0,Win,1.0,14,23.0,,score_band_visibility,nan,selected_gate_positive_episodes.csv
Synergy,sce-2m,sce2m_synergy_run_0078,eval_run_0078_web_batch_20260622_141137,repeat_001,191,191,191,57.0,57.0,Win,1.0,14,71.0,,score_band_visibility,nan,selected_gate_positive_episodes.csv
Synergy,sce-2m,sce2m_synergy_run_0078,eval_run_0078_web_batch_20260622_141137,repeat_001,192,192,192,57.0,57.0,Win,1.0,14,42.0,,score_band_visibility,nan,selected_gate_positive_episodes.csv
Synergy,sce-2m,sce2m_synergy_run_0078,eval_run_0078_web_batch_20260622_141137,repeat_001,202,202,202,51.0,51.0,Win,1.0,14,14.0,,score_band_visibility,nan,selected_gate_positive_episodes.csv
Synergy,sce-2m,sce2m_synergy_run_0078,eval_run_0078_web_batch_20260622_141137,repeat_001,204,204,204,57.0,57.0,Win,1.0,14,58.0,,score_band_visibility,nan,selected_gate_positive_episodes.csv
Synergy,sce-2m,sce2m_synergy_run_0078,eval_run_0078_web_batch_20260622_141137,repeat_001,208,208,208,57.0,57.0,Win,1.0,14,31.0,,score_band_visibility,nan,selected_gate_positive_episodes.csv
Synergy,sce-2m,sce2m_synergy_run_0078,eval_run_0078_web_batch_20260622_141137,repeat_001,209,209,209,51.0,51.0,Win,1.0,14,15.0,,score_band_visibility,nan,selected_gate_positive_episodes.csv
Synergy,sce-2m,sce2m_synergy_run_0078,eval_run_0078_web_batch_20260622_141137,repeat_001,211,211,211,51.0,51.0,Win,1.0,14,5.0,,score_band_visibility,nan,selected_gate_positive_episodes.csv
Synergy,sce-2m,sce2m_synergy_run_0078,eval_run_0078_web_batch_20260622_141137,repeat_001,216,216,216,57.0,57.0,Win,1.0,14,30.0,,score_band_visibility,nan,selected_gate_positive_episodes.csv
Synergy,sce-2m,sce2m_synergy_run_0078,eval_run_0078_web_batch_20260622_141137,repeat_001,217,217,217,57.0,57.0,Win,1.0,14,33.0,,score_band_visibility,nan,selected_gate_positive_episodes.csv
Synergy,sce-2m,sce2m_synergy_run_0078,eval_run_0078_web_batch_20260622_141137,repeat_001,220,220,220,57.0,57.0,Win,1.0,14,34.0,,score_band_visibility,nan,selected_gate_positive_episodes.csv
Synergy,sce-2m,sce2m_synergy_run_0078,eval_run_0078_web_batch_20260622_141137,repeat_001,221,221,221,63.0,63.0,Win,1.0,14,86.0,,score_band_visibility,nan,selected_gate_positive_episodes.csv
Synergy,sce-2m,sce2m_synergy_run_0078,eval_run_0078_web_batch_20260622_141137,repeat_001,223,223,223,51.0,51.0,Win,1.0,14,16.0,,score_band_visibility,nan,selected_gate_positive_episodes.csv
Synergy,sce-2m,sce2m_synergy_run_0078,eval_run_0078_web_batch_20260622_141137,repeat_001,235,235,235,63.0,63.0,Win,1.0,14,94.0,,score_band_visibility,nan,selected_gate_positive_episodes.csv
Synergy,sce-2m,sce2m_synergy_run_0078,eval_run_0078_web_batch_20260622_141137,repeat_001,240,240,240,51.0,51.0,Win,1.0,14,2.0,,score_band_visibility,nan,selected_gate_positive_episodes.csv
Synergy,sce-2m,sce2m_synergy_run_0078,eval_run_0078_web_batch_20260622_141137,repeat_001,247,247,247,51.0,51.0,Win,1.0,14,25.0,,score_band_visibility,nan,selected_gate_positive_episodes.csv
Synergy,sce-2m,sce2m_synergy_run_0078,eval_run_0078_web_batch_20260622_141137,repeat_001,248,248,248,57.0,57.0,Win,1.0,14,64.0,,score_band_visibility,nan,selected_gate_positive_episodes.csv
Synergy,sce-2m,sce2m_synergy_run_0078,eval_run_0078_web_batch_20260622_141137,repeat_001,249,249,249,57.0,57.0,Win,1.0,14,40.0,,score_band_visibility,nan,selected_gate_positive_episodes.csv
Synergy,sce-2m,sce2m_synergy_run_0078,eval_run_0078_web_batch_20260622_141137,repeat_001,253,253,253,51.0,51.0,Win,1.0,14,6.0,,score_band_visibility,nan,selected_gate_positive_episodes.csv
Synergy,sce-2m,sce2m_synergy_run_0078,eval_run_0078_web_batch_20260622_141137,repeat_001,257,257,257,57.0,57.0,Win,1.0,14,44.0,,score_band_visibility,nan,selected_gate_positive_episodes.csv
Synergy,sce-2m,sce2m_synergy_run_0078,eval_run_0078_web_batch_20260622_141137,repeat_001,262,262,262,57.0,57.0,Win,1.0,14,66.0,,score_band_visibility,nan,selected_gate_positive_episodes.csv
Synergy,sce-2m,sce2m_synergy_run_0078,eval_run_0078_web_batch_20260622_141137,repeat_001,263,263,263,57.0,57.0,Win,1.0,14,72.0,,score_band_visibility,nan,selected_gate_positive_episodes.csv
Synergy,sce-2m,sce2m_synergy_run_0078,eval_run_0078_web_batch_20260622_141137,repeat_001,264,264,264,57.0,57.0,Win,1.0,14,51.0,,score_band_visibility,nan,selected_gate_positive_episodes.csv
Synergy,sce-2m,sce2m_synergy_run_0078,eval_run_0078_web_batch_20260622_141137,repeat_001,269,269,269,63.0,63.0,Win,1.0,14,87.0,,score_band_visibility,nan,selected_gate_positive_episodes.csv
Synergy,sce-2m,sce2m_synergy_run_0078,eval_run_0078_web_batch_20260622_141137,repeat_001,272,272,272,51.0,51.0,Win,1.0,14,8.0,,score_band_visibility,nan,selected_gate_positive_episodes.csv
Synergy,sce-2m,sce2m_synergy_run_0078,eval_run_0078_web_batch_20260622_141137,repeat_001,273,273,273,63.0,63.0,Win,1.0,13,95.0,,score_band_visibility,nan,selected_gate_positive_episodes.csv
Synergy,sce-2m,sce2m_synergy_run_0078,eval_run_0078_web_batch_20260622_141137,repeat_001,279,279,279,54.0,54.0,Win,1.0,14,28.0,,score_band_visibility,nan,selected_gate_positive_episodes.csv
Synergy,sce-2m,sce2m_synergy_run_0078,eval_run_0078_web_batch_20260622_141137,repeat_001,281,281,281,57.0,57.0,Win,1.0,13,39.0,,score_band_visibility,nan,selected_gate_positive_episodes.csv
Synergy,sce-2m,sce2m_synergy_run_0078,eval_run_0078_web_batch_20260622_141137,repeat_001,283,283,283,57.0,57.0,Win,1.0,14,50.0,,score_band_visibility,nan,selected_gate_positive_episodes.csv
Synergy,sce-2m,sce2m_synergy_run_0078,eval_run_0078_web_batch_20260622_141137,repeat_001,292,292,292,51.0,51.0,Win,1.0,14,13.0,,score_band_visibility,nan,selected_gate_positive_episodes.csv
Synergy,sce-2m,sce2m_synergy_run_0078,eval_run_0078_web_batch_20260622_141137,repeat_001,293,293,293,57.0,57.0,Win,1.0,14,32.0,,score_band_visibility,nan,selected_gate_positive_episodes.csv
Synergy,sce-2m,sce2m_synergy_run_0078,eval_run_0078_web_batch_20260622_141137,repeat_001,294,294,294,57.0,57.0,Win,1.0,14,63.0,,score_band_visibility,nan,selected_gate_positive_episodes.csv
Synergy,sce-2m,sce2m_synergy_run_0078,eval_run_0078_web_batch_20260622_141137,repeat_001,296,296,296,63.0,63.0,Win,1.0,14,88.0,,score_band_visibility,nan,selected_gate_positive_episodes.csv
Synergy,sce-3,sce3_synergy_run_0076,eval_run_0076_web_batch_20260622_141137,repeat_001,3,3,3,69.0,69.0,Win,1.0,24,55.0,,positive_contribution_fill,nan,selected_gate_positive_episodes.csv
Synergy,sce-3,sce3_synergy_run_0076,eval_run_0076_web_batch_20260622_141137,repeat_001,7,7,7,75.0,75.0,Win,1.0,25,26.0,,high_score_positive_contribution,nan,selected_gate_positive_episodes.csv
Synergy,sce-3,sce3_synergy_run_0076,eval_run_0076_web_batch_20260622_141137,repeat_001,12,12,12,66.0,66.0,Win,1.0,25,59.0,,positive_contribution_fill,nan,selected_gate_positive_episodes.csv
Synergy,sce-3,sce3_synergy_run_0076,eval_run_0076_web_batch_20260622_141137,repeat_001,13,13,13,63.0,63.0,Win,1.0,29,50.0,,positive_contribution_fill,nan,selected_gate_positive_episodes.csv
Synergy,sce-3,sce3_synergy_run_0076,eval_run_0076_web_batch_20260622_141137,repeat_001,17,17,17,57.0,57.0,Win,1.0,24,90.0,,positive_contribution_fill,nan,selected_gate_positive_episodes.csv
Synergy,sce-3,sce3_synergy_run_0076,eval_run_0076_web_batch_20260622_141137,repeat_001,19,19,19,60.0,60.0,Win,1.0,28,74.0,,positive_contribution_fill,nan,selected_gate_positive_episodes.csv
Synergy,sce-3,sce3_synergy_run_0076,eval_run_0076_web_batch_20260622_141137,repeat_001,25,25,25,54.0,54.0,Win,1.0,23,85.0,,positive_contribution_fill,nan,selected_gate_positive_episodes.csv
Synergy,sce-3,sce3_synergy_run_0076,eval_run_0076_web_batch_20260622_141137,repeat_001,26,26,26,60.0,60.0,Win,1.0,27,73.0,,positive_contribution_fill,nan,selected_gate_positive_episodes.csv
Synergy,sce-3,sce3_synergy_run_0076,eval_run_0076_web_batch_20260622_141137,repeat_001,27,27,27,66.0,66.0,Win,1.0,26,51.0,,positive_contribution_fill,nan,selected_gate_positive_episodes.csv
Synergy,sce-3,sce3_synergy_run_0076,eval_run_0076_web_batch_20260622_141137,repeat_001,29,29,29,57.0,57.0,Win,1.0,26,97.0,,positive_contribution_fill,nan,selected_gate_positive_episodes.csv
Synergy,sce-3,sce3_synergy_run_0076,eval_run_0076_web_batch_20260622_141137,repeat_001,38,38,38,51.0,51.0,Win,1.0,21,89.0,,positive_contribution_fill,nan,selected_gate_positive_episodes.csv
Synergy,sce-3,sce3_synergy_run_0076,eval_run_0076_web_batch_20260622_141137,repeat_001,41,41,41,63.0,63.0,Win,1.0,27,68.0,,positive_contribution_fill,nan,selected_gate_positive_episodes.csv
Synergy,sce-3,sce3_synergy_run_0076,eval_run_0076_web_batch_20260622_141137,repeat_001,49,49,49,72.0,72.0,Win,1.0,25,2.0,,high_score_positive_contribution,nan,selected_gate_positive_episodes.csv
Synergy,sce-3,sce3_synergy_run_0076,eval_run_0076_web_batch_20260622_141137,repeat_001,50,50,50,81.0,81.0,Win,1.0,27,12.0,,high_score_positive_contribution,nan,selected_gate_positive_episodes.csv
Synergy,sce-3,sce3_synergy_run_0076,eval_run_0076_web_batch_20260622_141137,repeat_001,52,52,52,78.0,78.0,Win,1.0,26,22.0,,high_score_positive_contribution,nan,selected_gate_positive_episodes.csv
Synergy,sce-3,sce3_synergy_run_0076,eval_run_0076_web_batch_20260622_141137,repeat_001,53,53,53,54.0,54.0,Win,1.0,22,75.0,,positive_contribution_fill,nan,selected_gate_positive_episodes.csv
Synergy,sce-3,sce3_synergy_run_0076,eval_run_0076_web_batch_20260622_141137,repeat_001,58,58,58,69.0,69.0,Win,1.0,26,35.0,,positive_contribution_fill,nan,selected_gate_positive_episodes.csv
Synergy,sce-3,sce3_synergy_run_0076,eval_run_0076_web_batch_20260622_141137,repeat_001,60,60,60,69.0,69.0,Win,1.0,25,42.0,,positive_contribution_fill,nan,selected_gate_positive_episodes.csv
Synergy,sce-3,sce3_synergy_run_0076,eval_run_0076_web_batch_20260622_141137,repeat_001,61,61,61,63.0,63.0,Win,1.0,25,65.0,,positive_contribution_fill,nan,selected_gate_positive_episodes.csv
Synergy,sce-3,sce3_synergy_run_0076,eval_run_0076_web_batch_20260622_141137,repeat_001,62,62,62,72.0,72.0,Win,1.0,24,32.0,,high_score_positive_contribution,nan,selected_gate_positive_episodes.csv
Synergy,sce-3,sce3_synergy_run_0076,eval_run_0076_web_batch_20260622_141137,repeat_001,64,64,64,69.0,69.0,Win,1.0,26,52.0,,positive_contribution_fill,nan,selected_gate_positive_episodes.csv
Synergy,sce-3,sce3_synergy_run_0076,eval_run_0076_web_batch_20260622_141137,repeat_001,66,66,66,54.0,54.0,Win,1.0,25,76.0,,positive_contribution_fill,nan,selected_gate_positive_episodes.csv
Synergy,sce-3,sce3_synergy_run_0076,eval_run_0076_web_batch_20260622_141137,repeat_001,72,72,72,57.0,57.0,Win,1.0,31,94.0,,positive_contribution_fill,nan,selected_gate_positive_episodes.csv
Synergy,sce-3,sce3_synergy_run_0076,eval_run_0076_web_batch_20260622_141137,repeat_001,76,76,76,66.0,66.0,Win,1.0,29,58.0,,positive_contribution_fill,nan,selected_gate_positive_episodes.csv
Synergy,sce-3,sce3_synergy_run_0076,eval_run_0076_web_batch_20260622_141137,repeat_001,79,79,79,69.0,69.0,Win,1.0,25,39.0,,positive_contribution_fill,nan,selected_gate_positive_episodes.csv
Synergy,sce-3,sce3_synergy_run_0076,eval_run_0076_web_batch_20260622_141137,repeat_001,83,83,83,66.0,66.0,Win,1.0,30,57.0,,positive_contribution_fill,nan,selected_gate_positive_episodes.csv
Synergy,sce-3,sce3_synergy_run_0076,eval_run_0076_web_batch_20260622_141137,repeat_001,86,86,86,48.0,48.0,Win,1.0,28,91.0,,positive_contribution_fill,nan,selected_gate_positive_episodes.csv
Synergy,sce-3,sce3_synergy_run_0076,eval_run_0076_web_batch_20260622_141137,repeat_001,87,87,87,63.0,63.0,Win,1.0,28,64.0,,positive_contribution_fill,nan,selected_gate_positive_episodes.csv
Synergy,sce-3,sce3_synergy_run_0076,eval_run_0076_web_batch_20260622_141137,repeat_001,88,88,88,72.0,72.0,Win,1.0,25,9.0,,high_score_positive_contribution,nan,selected_gate_positive_episodes.csv
Synergy,sce-3,sce3_synergy_run_0076,eval_run_0076_web_batch_20260622_141137,repeat_001,89,89,89,78.0,78.0,Win,1.0,21,19.0,,high_score_positive_contribution,nan,selected_gate_positive_episodes.csv
Synergy,sce-3,sce3_synergy_run_0076,eval_run_0076_web_batch_20260622_141137,repeat_001,90,90,90,63.0,63.0,Win,1.0,28,63.0,,positive_contribution_fill,nan,selected_gate_positive_episodes.csv
Synergy,sce-3,sce3_synergy_run_0076,eval_run_0076_web_batch_20260622_141137,repeat_001,93,93,93,69.0,69.0,Win,1.0,25,38.0,,positive_contribution_fill,nan,selected_gate_positive_episodes.csv
Synergy,sce-3,sce3_synergy_run_0076,eval_run_0076_web_batch_20260622_141137,repeat_001,97,97,97,60.0,60.0,Win,1.0,24,81.0,,positive_contribution_fill,nan,selected_gate_positive_episodes.csv
Synergy,sce-3,sce3_synergy_run_0076,eval_run_0076_web_batch_20260622_141137,repeat_001,99,99,99,66.0,66.0,Win,1.0,25,61.0,,positive_contribution_fill,nan,selected_gate_positive_episodes.csv
Synergy,sce-3,sce3_synergy_run_0076,eval_run_0076_web_batch_20260622_141137,repeat_001,100,100,100,63.0,63.0,Win,1.0,28,71.0,,positive_contribution_fill,nan,selected_gate_positive_episodes.csv
Synergy,sce-3,sce3_synergy_run_0076,eval_run_0076_web_batch_20260622_141137,repeat_001,103,103,103,60.0,60.0,Win,1.0,23,79.0,,positive_contribution_fill,nan,selected_gate_positive_episodes.csv
Synergy,sce-3,sce3_synergy_run_0076,eval_run_0076_web_batch_20260622_141137,repeat_001,104,104,104,57.0,57.0,Win,1.0,27,87.0,,positive_contribution_fill,nan,selected_gate_positive_episodes.csv
Synergy,sce-3,sce3_synergy_run_0076,eval_run_0076_web_batch_20260622_141137,repeat_001,109,109,109,60.0,60.0,Win,1.0,27,78.0,,positive_contribution_fill,nan,selected_gate_positive_episodes.csv
Synergy,sce-3,sce3_synergy_run_0076,eval_run_0076_web_batch_20260622_141137,repeat_001,114,114,114,57.0,57.0,Win,1.0,22,92.0,,positive_contribution_fill,nan,selected_gate_positive_episodes.csv
Synergy,sce-3,sce3_synergy_run_0076,eval_run_0076_web_batch_20260622_141137,repeat_001,117,117,117,69.0,69.0,Win,1.0,26,34.0,,positive_contribution_fill,nan,selected_gate_positive_episodes.csv
Synergy,sce-3,sce3_synergy_run_0076,eval_run_0076_web_batch_20260622_141137,repeat_001,118,118,118,57.0,57.0,Win,1.0,27,98.0,,positive_contribution_fill,nan,selected_gate_positive_episodes.csv
Synergy,sce-3,sce3_synergy_run_0076,eval_run_0076_web_batch_20260622_141137,repeat_001,119,119,119,75.0,75.0,Win,1.0,27,23.0,,high_score_positive_contribution,nan,selected_gate_positive_episodes.csv
Synergy,sce-3,sce3_synergy_run_0076,eval_run_0076_web_batch_20260622_141137,repeat_001,120,120,120,81.0,81.0,Win,1.0,24,14.0,,high_score_positive_contribution,nan,selected_gate_positive_episodes.csv
Synergy,sce-3,sce3_synergy_run_0076,eval_run_0076_web_batch_20260622_141137,repeat_001,122,122,122,63.0,63.0,Win,1.0,24,69.0,,positive_contribution_fill,nan,selected_gate_positive_episodes.csv
Synergy,sce-3,sce3_synergy_run_0076,eval_run_0076_web_batch_20260622_141137,repeat_001,123,123,123,66.0,66.0,Win,1.0,26,48.0,,positive_contribution_fill,nan,selected_gate_positive_episodes.csv
Synergy,sce-3,sce3_synergy_run_0076,eval_run_0076_web_batch_20260622_141137,repeat_001,124,124,124,60.0,60.0,Win,1.0,29,83.0,,positive_contribution_fill,nan,selected_gate_positive_episodes.csv
Synergy,sce-3,sce3_synergy_run_0076,eval_run_0076_web_batch_20260622_141137,repeat_001,127,127,127,57.0,57.0,Win,1.0,23,99.0,,positive_contribution_fill,nan,selected_gate_positive_episodes.csv
Synergy,sce-3,sce3_synergy_run_0076,eval_run_0076_web_batch_20260622_141137,repeat_001,128,128,128,60.0,60.0,Win,1.0,27,82.0,,positive_contribution_fill,nan,selected_gate_positive_episodes.csv
Synergy,sce-3,sce3_synergy_run_0076,eval_run_0076_web_batch_20260622_141137,repeat_001,129,129,129,72.0,72.0,Win,1.0,25,8.0,,high_score_positive_contribution,nan,selected_gate_positive_episodes.csv
Synergy,sce-3,sce3_synergy_run_0076,eval_run_0076_web_batch_20260622_141137,repeat_001,134,134,134,78.0,78.0,Win,1.0,21,21.0,,high_score_positive_contribution,nan,selected_gate_positive_episodes.csv
Synergy,sce-3,sce3_synergy_run_0076,eval_run_0076_web_batch_20260622_141137,repeat_001,136,136,136,63.0,63.0,Win,1.0,43,41.0,,positive_contribution_fill,nan,selected_gate_positive_episodes.csv
Synergy,sce-3,sce3_synergy_run_0076,eval_run_0076_web_batch_20260622_141137,repeat_001,138,138,138,60.0,60.0,Win,1.0,22,77.0,,positive_contribution_fill,nan,selected_gate_positive_episodes.csv
Synergy,sce-3,sce3_synergy_run_0076,eval_run_0076_web_batch_20260622_141137,repeat_001,140,140,140,78.0,78.0,Win,1.0,24,18.0,,high_score_positive_contribution,nan,selected_gate_positive_episodes.csv
Synergy,sce-3,sce3_synergy_run_0076,eval_run_0076_web_batch_20260622_141137,repeat_001,144,144,144,57.0,57.0,Win,1.0,27,86.0,,positive_contribution_fill,nan,selected_gate_positive_episodes.csv
Synergy,sce-3,sce3_synergy_run_0076,eval_run_0076_web_batch_20260622_141137,repeat_001,145,145,145,69.0,69.0,Win,1.0,26,43.0,,positive_contribution_fill,nan,selected_gate_positive_episodes.csv
Synergy,sce-3,sce3_synergy_run_0076,eval_run_0076_web_batch_20260622_141137,repeat_001,148,148,148,72.0,72.0,Win,1.0,25,33.0,,high_score_positive_contribution,nan,selected_gate_positive_episodes.csv
Synergy,sce-3,sce3_synergy_run_0076,eval_run_0076_web_batch_20260622_141137,repeat_001,150,150,150,66.0,66.0,Win,1.0,22,36.0,,positive_contribution_fill,nan,selected_gate_positive_episodes.csv
Synergy,sce-3,sce3_synergy_run_0076,eval_run_0076_web_batch_20260622_141137,repeat_001,152,152,152,60.0,60.0,Win,1.0,27,80.0,,positive_contribution_fill,nan,selected_gate_positive_episodes.csv
Synergy,sce-3,sce3_synergy_run_0076,eval_run_0076_web_batch_20260622_141137,repeat_001,153,153,153,57.0,57.0,Win,1.0,23,96.0,,positive_contribution_fill,nan,selected_gate_positive_episodes.csv
Synergy,sce-3,sce3_synergy_run_0076,eval_run_0076_web_batch_20260622_141137,repeat_001,155,155,155,60.0,60.0,Win,1.0,23,72.0,,positive_contribution_fill,nan,selected_gate_positive_episodes.csv
Synergy,sce-3,sce3_synergy_run_0076,eval_run_0076_web_batch_20260622_141137,repeat_001,157,157,157,69.0,69.0,Win,1.0,22,46.0,,positive_contribution_fill,nan,selected_gate_positive_episodes.csv
Synergy,sce-3,sce3_synergy_run_0076,eval_run_0076_web_batch_20260622_141137,repeat_001,160,160,160,75.0,75.0,Win,1.0,25,27.0,,high_score_positive_contribution,nan,selected_gate_positive_episodes.csv
Synergy,sce-3,sce3_synergy_run_0076,eval_run_0076_web_batch_20260622_141137,repeat_001,162,162,162,69.0,69.0,Win,1.0,24,44.0,,positive_contribution_fill,nan,selected_gate_positive_episodes.csv
Synergy,sce-3,sce3_synergy_run_0076,eval_run_0076_web_batch_20260622_141137,repeat_001,164,164,164,63.0,63.0,Win,1.0,24,67.0,,positive_contribution_fill,nan,selected_gate_positive_episodes.csv
Synergy,sce-3,sce3_synergy_run_0076,eval_run_0076_web_batch_20260622_141137,repeat_001,168,168,168,63.0,63.0,Win,1.0,29,66.0,,positive_contribution_fill,nan,selected_gate_positive_episodes.csv
Synergy,sce-3,sce3_synergy_run_0076,eval_run_0076_web_batch_20260622_141137,repeat_001,173,173,173,69.0,69.0,Win,1.0,23,37.0,,positive_contribution_fill,nan,selected_gate_positive_episodes.csv
Synergy,sce-3,sce3_synergy_run_0076,eval_run_0076_web_batch_20260622_141137,repeat_001,175,175,175,87.0,87.0,Win,1.0,26,5.0,,high_score_positive_contribution,nan,selected_gate_positive_episodes.csv
Synergy,sce-3,sce3_synergy_run_0076,eval_run_0076_web_batch_20260622_141137,repeat_001,178,178,178,57.0,57.0,Win,1.0,28,93.0,,positive_contribution_fill,nan,selected_gate_positive_episodes.csv
Synergy,sce-3,sce3_synergy_run_0076,eval_run_0076_web_batch_20260622_141137,repeat_001,179,179,179,66.0,66.0,Win,1.0,25,54.0,,positive_contribution_fill,nan,selected_gate_positive_episodes.csv
Synergy,sce-3,sce3_synergy_run_0076,eval_run_0076_web_batch_20260622_141137,repeat_001,182,182,182,63.0,63.0,Win,1.0,26,62.0,,positive_contribution_fill,nan,selected_gate_positive_episodes.csv
Synergy,sce-3,sce3_synergy_run_0076,eval_run_0076_web_batch_20260622_141137,repeat_001,183,183,183,90.0,90.0,Win,1.0,27,10.0,,high_score_positive_contribution,nan,selected_gate_positive_episodes.csv
Synergy,sce-3,sce3_synergy_run_0076,eval_run_0076_web_batch_20260622_141137,repeat_001,187,187,187,72.0,72.0,Win,1.0,26,31.0,,high_score_positive_contribution,nan,selected_gate_positive_episodes.csv
Synergy,sce-3,sce3_synergy_run_0076,eval_run_0076_web_batch_20260622_141137,repeat_001,194,194,194,84.0,84.0,Win,1.0,25,13.0,,high_score_positive_contribution,nan,selected_gate_positive_episodes.csv
Synergy,sce-3,sce3_synergy_run_0076,eval_run_0076_web_batch_20260622_141137,repeat_001,195,195,195,57.0,57.0,Win,1.0,29,100.0,,positive_contribution_fill,nan,selected_gate_positive_episodes.csv
Synergy,sce-3,sce3_synergy_run_0076,eval_run_0076_web_batch_20260622_141137,repeat_001,197,197,197,75.0,75.0,Win,1.0,27,4.0,,high_score_positive_contribution,nan,selected_gate_positive_episodes.csv
Synergy,sce-3,sce3_synergy_run_0076,eval_run_0076_web_batch_20260622_141137,repeat_001,202,202,202,66.0,66.0,Win,1.0,26,56.0,,positive_contribution_fill,nan,selected_gate_positive_episodes.csv
Synergy,sce-3,sce3_synergy_run_0076,eval_run_0076_web_batch_20260622_141137,repeat_001,203,203,203,72.0,72.0,Win,1.0,26,6.0,,high_score_positive_contribution,nan,selected_gate_positive_episodes.csv
Synergy,sce-3,sce3_synergy_run_0076,eval_run_0076_web_batch_20260622_141137,repeat_001,207,207,207,72.0,72.0,Win,1.0,26,15.0,,high_score_positive_contribution,nan,selected_gate_positive_episodes.csv
Synergy,sce-3,sce3_synergy_run_0076,eval_run_0076_web_batch_20260622_141137,repeat_001,211,211,211,72.0,72.0,Win,1.0,26,28.0,,high_score_positive_contribution,nan,selected_gate_positive_episodes.csv
Synergy,sce-3,sce3_synergy_run_0076,eval_run_0076_web_batch_20260622_141137,repeat_001,215,215,215,72.0,72.0,Win,1.0,26,7.0,,high_score_positive_contribution,nan,selected_gate_positive_episodes.csv
Synergy,sce-3,sce3_synergy_run_0076,eval_run_0076_web_batch_20260622_141137,repeat_001,227,227,227,63.0,63.0,Win,1.0,30,70.0,,positive_contribution_fill,nan,selected_gate_positive_episodes.csv
Synergy,sce-3,sce3_synergy_run_0076,eval_run_0076_web_batch_20260622_141137,repeat_001,233,233,233,57.0,57.0,Win,1.0,20,84.0,,positive_contribution_fill,nan,selected_gate_positive_episodes.csv
Synergy,sce-3,sce3_synergy_run_0076,eval_run_0076_web_batch_20260622_141137,repeat_001,234,234,234,78.0,78.0,Win,1.0,25,24.0,,high_score_positive_contribution,nan,selected_gate_positive_episodes.csv
Synergy,sce-3,sce3_synergy_run_0076,eval_run_0076_web_batch_20260622_141137,repeat_001,238,238,238,75.0,75.0,Win,1.0,26,25.0,,high_score_positive_contribution,nan,selected_gate_positive_episodes.csv
Synergy,sce-3,sce3_synergy_run_0076,eval_run_0076_web_batch_20260622_141137,repeat_001,242,242,242,66.0,66.0,Win,1.0,27,60.0,,positive_contribution_fill,nan,selected_gate_positive_episodes.csv
Synergy,sce-3,sce3_synergy_run_0076,eval_run_0076_web_batch_20260622_141137,repeat_001,247,247,247,69.0,69.0,Win,1.0,25,47.0,,positive_contribution_fill,nan,selected_gate_positive_episodes.csv
Synergy,sce-3,sce3_synergy_run_0076,eval_run_0076_web_batch_20260622_141137,repeat_001,252,252,252,78.0,78.0,Win,1.0,26,16.0,,high_score_positive_contribution,nan,selected_gate_positive_episodes.csv
Synergy,sce-3,sce3_synergy_run_0076,eval_run_0076_web_batch_20260622_141137,repeat_001,257,257,257,72.0,72.0,Win,1.0,26,11.0,,high_score_positive_contribution,nan,selected_gate_positive_episodes.csv
Synergy,sce-3,sce3_synergy_run_0076,eval_run_0076_web_batch_20260622_141137,repeat_001,270,270,270,57.0,57.0,Win,1.0,23,95.0,,positive_contribution_fill,nan,selected_gate_positive_episodes.csv
Synergy,sce-3,sce3_synergy_run_0076,eval_run_0076_web_batch_20260622_141137,repeat_001,278,278,278,69.0,69.0,Win,1.0,26,53.0,,positive_contribution_fill,nan,selected_gate_positive_episodes.csv
Synergy,sce-3,sce3_synergy_run_0076,eval_run_0076_web_batch_20260622_141137,repeat_001,283,283,283,63.0,63.0,Win,1.0,27,45.0,,positive_contribution_fill,nan,selected_gate_positive_episodes.csv
Synergy,sce-3,sce3_synergy_run_0076,eval_run_0076_web_batch_20260622_141137,repeat_001,286,286,286,78.0,78.0,Win,1.0,24,3.0,,high_score_positive_contribution,nan,selected_gate_positive_episodes.csv
Synergy,sce-3,sce3_synergy_run_0076,eval_run_0076_web_batch_20260622_141137,repeat_001,287,287,287,72.0,72.0,Win,1.0,26,30.0,,high_score_positive_contribution,nan,selected_gate_positive_episodes.csv
Synergy,sce-3,sce3_synergy_run_0076,eval_run_0076_web_batch_20260622_141137,repeat_001,288,288,288,81.0,81.0,Win,1.0,24,17.0,,high_score_positive_contribution,nan,selected_gate_positive_episodes.csv
Synergy,sce-3,sce3_synergy_run_0076,eval_run_0076_web_batch_20260622_141137,repeat_001,292,292,292,69.0,69.0,Win,1.0,28,40.0,,positive_contribution_fill,nan,selected_gate_positive_episodes.csv
Synergy,sce-3,sce3_synergy_run_0076,eval_run_0076_web_batch_20260622_141137,repeat_001,293,293,293,48.0,48.0,Win,1.0,22,88.0,,positive_contribution_fill,nan,selected_gate_positive_episodes.csv
Synergy,sce-3,sce3_synergy_run_0076,eval_run_0076_web_batch_20260622_141137,repeat_001,294,294,294,72.0,72.0,Win,1.0,26,29.0,,high_score_positive_contribution,nan,selected_gate_positive_episodes.csv
Synergy,sce-3,sce3_synergy_run_0076,eval_run_0076_web_batch_20260622_141137,repeat_001,296,296,296,66.0,66.0,Win,1.0,26,49.0,,positive_contribution_fill,nan,selected_gate_positive_episodes.csv
Synergy,sce-3,sce3_synergy_run_0076,eval_run_0076_web_batch_20260622_141137,repeat_001,297,297,297,78.0,78.0,Win,1.0,27,20.0,,high_score_positive_contribution,nan,selected_gate_positive_episodes.csv
Synergy,sce-3,sce3_synergy_run_0076,eval_run_0076_web_batch_20260622_141137,repeat_001,298,298,298,90.0,90.0,Win,1.0,24,1.0,,high_score_positive_contribution,nan,selected_gate_positive_episodes.csv
Synergy,sce-3m,sce3m_synergy_run_0079,eval_run_0079_web_batch_20260622_141137,repeat_001,3,3,3,60.0,60.0,Win,1.0,24,77.0,,positive_contribution_fill,nan,selected_gate_positive_episodes.csv
Synergy,sce-3m,sce3m_synergy_run_0079,eval_run_0079_web_batch_20260622_141137,repeat_001,4,4,4,60.0,60.0,Win,1.0,23,86.0,,positive_contribution_fill,nan,selected_gate_positive_episodes.csv
Synergy,sce-3m,sce3m_synergy_run_0079,eval_run_0079_web_batch_20260622_141137,repeat_001,13,13,13,72.0,72.0,Win,1.0,25,8.0,,high_score_positive_contribution,nan,selected_gate_positive_episodes.csv
Synergy,sce-3m,sce3m_synergy_run_0079,eval_run_0079_web_batch_20260622_141137,repeat_001,15,15,15,66.0,66.0,Win,1.0,23,28.0,,positive_contribution_fill,nan,selected_gate_positive_episodes.csv
Synergy,sce-3m,sce3m_synergy_run_0079,eval_run_0079_web_batch_20260622_141137,repeat_001,16,16,16,42.0,42.0,Win,1.0,28,83.0,,positive_contribution_fill,nan,selected_gate_positive_episodes.csv
Synergy,sce-3m,sce3m_synergy_run_0079,eval_run_0079_web_batch_20260622_141137,repeat_001,22,22,22,57.0,57.0,Win,1.0,26,47.0,,positive_contribution_fill,nan,selected_gate_positive_episodes.csv
Synergy,sce-3m,sce3m_synergy_run_0079,eval_run_0079_web_batch_20260622_141137,repeat_001,27,27,27,57.0,57.0,Win,1.0,23,46.0,,positive_contribution_fill,nan,selected_gate_positive_episodes.csv
Synergy,sce-3m,sce3m_synergy_run_0079,eval_run_0079_web_batch_20260622_141137,repeat_001,29,29,29,60.0,60.0,Win,1.0,24,74.0,,positive_contribution_fill,nan,selected_gate_positive_episodes.csv
Synergy,sce-3m,sce3m_synergy_run_0079,eval_run_0079_web_batch_20260622_141137,repeat_001,30,30,30,66.0,66.0,Win,1.0,23,27.0,,positive_contribution_fill,nan,selected_gate_positive_episodes.csv
Synergy,sce-3m,sce3m_synergy_run_0079,eval_run_0079_web_batch_20260622_141137,repeat_001,35,35,35,60.0,60.0,Win,1.0,23,54.0,,positive_contribution_fill,nan,selected_gate_positive_episodes.csv
Synergy,sce-3m,sce3m_synergy_run_0079,eval_run_0079_web_batch_20260622_141137,repeat_001,36,36,36,57.0,57.0,Win,1.0,27,96.0,,positive_contribution_fill,nan,selected_gate_positive_episodes.csv
Synergy,sce-3m,sce3m_synergy_run_0079,eval_run_0079_web_batch_20260622_141137,repeat_001,38,38,38,54.0,54.0,Win,1.0,25,64.0,,positive_contribution_fill,nan,selected_gate_positive_episodes.csv
Synergy,sce-3m,sce3m_synergy_run_0079,eval_run_0079_web_batch_20260622_141137,repeat_001,47,47,47,72.0,72.0,Win,1.0,24,10.0,,high_score_positive_contribution,nan,selected_gate_positive_episodes.csv
Synergy,sce-3m,sce3m_synergy_run_0079,eval_run_0079_web_batch_20260622_141137,repeat_001,49,49,49,60.0,60.0,Win,1.0,24,51.0,,positive_contribution_fill,nan,selected_gate_positive_episodes.csv
Synergy,sce-3m,sce3m_synergy_run_0079,eval_run_0079_web_batch_20260622_141137,repeat_001,50,50,50,66.0,66.0,Win,1.0,24,26.0,,positive_contribution_fill,nan,selected_gate_positive_episodes.csv
Synergy,sce-3m,sce3m_synergy_run_0079,eval_run_0079_web_batch_20260622_141137,repeat_001,56,56,56,48.0,48.0,Win,1.0,24,85.0,,positive_contribution_fill,nan,selected_gate_positive_episodes.csv
Synergy,sce-3m,sce3m_synergy_run_0079,eval_run_0079_web_batch_20260622_141137,repeat_001,57,57,57,75.0,75.0,Win,1.0,25,5.0,,high_score_positive_contribution,nan,selected_gate_positive_episodes.csv
Synergy,sce-3m,sce3m_synergy_run_0079,eval_run_0079_web_batch_20260622_141137,repeat_001,59,59,59,63.0,63.0,Win,1.0,24,60.0,,positive_contribution_fill,nan,selected_gate_positive_episodes.csv
Synergy,sce-3m,sce3m_synergy_run_0079,eval_run_0079_web_batch_20260622_141137,repeat_001,62,62,62,60.0,60.0,Win,1.0,23,81.0,,positive_contribution_fill,nan,selected_gate_positive_episodes.csv
Synergy,sce-3m,sce3m_synergy_run_0079,eval_run_0079_web_batch_20260622_141137,repeat_001,64,64,64,69.0,69.0,Win,1.0,23,21.0,,positive_contribution_fill,nan,selected_gate_positive_episodes.csv
Synergy,sce-3m,sce3m_synergy_run_0079,eval_run_0079_web_batch_20260622_141137,repeat_001,66,66,66,57.0,57.0,Win,1.0,24,95.0,,positive_contribution_fill,nan,selected_gate_positive_episodes.csv
Synergy,sce-3m,sce3m_synergy_run_0079,eval_run_0079_web_batch_20260622_141137,repeat_001,67,67,67,60.0,60.0,Win,1.0,24,50.0,,positive_contribution_fill,nan,selected_gate_positive_episodes.csv
Synergy,sce-3m,sce3m_synergy_run_0079,eval_run_0079_web_batch_20260622_141137,repeat_001,68,68,68,57.0,57.0,Win,1.0,29,57.0,,positive_contribution_fill,nan,selected_gate_positive_episodes.csv
Synergy,sce-3m,sce3m_synergy_run_0079,eval_run_0079_web_batch_20260622_141137,repeat_001,72,72,72,60.0,60.0,Win,1.0,24,87.0,,positive_contribution_fill,nan,selected_gate_positive_episodes.csv
Synergy,sce-3m,sce3m_synergy_run_0079,eval_run_0079_web_batch_20260622_141137,repeat_001,73,73,73,72.0,72.0,Win,1.0,25,11.0,,high_score_positive_contribution,nan,selected_gate_positive_episodes.csv
Synergy,sce-3m,sce3m_synergy_run_0079,eval_run_0079_web_batch_20260622_141137,repeat_001,78,78,78,54.0,54.0,Win,1.0,24,35.0,,positive_contribution_fill,nan,selected_gate_positive_episodes.csv
Synergy,sce-3m,sce3m_synergy_run_0079,eval_run_0079_web_batch_20260622_141137,repeat_001,83,83,83,57.0,57.0,Win,1.0,24,93.0,,positive_contribution_fill,nan,selected_gate_positive_episodes.csv
Synergy,sce-3m,sce3m_synergy_run_0079,eval_run_0079_web_batch_20260622_141137,repeat_001,84,84,84,72.0,72.0,Win,1.0,23,2.0,,high_score_positive_contribution,nan,selected_gate_positive_episodes.csv
Synergy,sce-3m,sce3m_synergy_run_0079,eval_run_0079_web_batch_20260622_141137,repeat_001,88,88,88,72.0,72.0,Win,1.0,23,16.0,,high_score_positive_contribution,nan,selected_gate_positive_episodes.csv
Synergy,sce-3m,sce3m_synergy_run_0079,eval_run_0079_web_batch_20260622_141137,repeat_001,90,90,90,69.0,69.0,Win,1.0,22,20.0,,positive_contribution_fill,nan,selected_gate_positive_episodes.csv
Synergy,sce-3m,sce3m_synergy_run_0079,eval_run_0079_web_batch_20260622_141137,repeat_001,92,92,92,72.0,72.0,Win,1.0,26,9.0,,high_score_positive_contribution,nan,selected_gate_positive_episodes.csv
Synergy,sce-3m,sce3m_synergy_run_0079,eval_run_0079_web_batch_20260622_141137,repeat_001,95,95,95,75.0,75.0,Win,1.0,25,4.0,,high_score_positive_contribution,nan,selected_gate_positive_episodes.csv
Synergy,sce-3m,sce3m_synergy_run_0079,eval_run_0079_web_batch_20260622_141137,repeat_001,96,96,96,66.0,66.0,Win,1.0,22,39.0,,positive_contribution_fill,nan,selected_gate_positive_episodes.csv
Synergy,sce-3m,sce3m_synergy_run_0079,eval_run_0079_web_batch_20260622_141137,repeat_001,100,100,100,63.0,63.0,Win,1.0,25,56.0,,positive_contribution_fill,nan,selected_gate_positive_episodes.csv
Synergy,sce-3m,sce3m_synergy_run_0079,eval_run_0079_web_batch_20260622_141137,repeat_001,102,102,102,54.0,54.0,Win,1.0,24,71.0,,positive_contribution_fill,nan,selected_gate_positive_episodes.csv
Synergy,sce-3m,sce3m_synergy_run_0079,eval_run_0079_web_batch_20260622_141137,repeat_001,107,107,107,63.0,63.0,Win,1.0,27,59.0,,positive_contribution_fill,nan,selected_gate_positive_episodes.csv
Synergy,sce-3m,sce3m_synergy_run_0079,eval_run_0079_web_batch_20260622_141137,repeat_001,110,110,110,63.0,63.0,Win,1.0,24,58.0,,positive_contribution_fill,nan,selected_gate_positive_episodes.csv
Synergy,sce-3m,sce3m_synergy_run_0079,eval_run_0079_web_batch_20260622_141137,repeat_001,112,112,112,60.0,60.0,Win,1.0,24,88.0,,positive_contribution_fill,nan,selected_gate_positive_episodes.csv
Synergy,sce-3m,sce3m_synergy_run_0079,eval_run_0079_web_batch_20260622_141137,repeat_001,113,113,113,72.0,72.0,Win,1.0,23,12.0,,high_score_positive_contribution,nan,selected_gate_positive_episodes.csv
Synergy,sce-3m,sce3m_synergy_run_0079,eval_run_0079_web_batch_20260622_141137,repeat_001,115,115,115,72.0,72.0,Win,1.0,24,6.0,,high_score_positive_contribution,nan,selected_gate_positive_episodes.csv
Synergy,sce-3m,sce3m_synergy_run_0079,eval_run_0079_web_batch_20260622_141137,repeat_001,120,120,120,60.0,60.0,Win,1.0,23,38.0,,positive_contribution_fill,nan,selected_gate_positive_episodes.csv
Synergy,sce-3m,sce3m_synergy_run_0079,eval_run_0079_web_batch_20260622_141137,repeat_001,126,126,126,63.0,63.0,Win,1.0,24,62.0,,positive_contribution_fill,nan,selected_gate_positive_episodes.csv
Synergy,sce-3m,sce3m_synergy_run_0079,eval_run_0079_web_batch_20260622_141137,repeat_001,128,128,128,66.0,66.0,Win,1.0,23,34.0,,positive_contribution_fill,nan,selected_gate_positive_episodes.csv
Synergy,sce-3m,sce3m_synergy_run_0079,eval_run_0079_web_batch_20260622_141137,repeat_001,131,131,131,54.0,54.0,Win,1.0,27,31.0,,positive_contribution_fill,nan,selected_gate_positive_episodes.csv
Synergy,sce-3m,sce3m_synergy_run_0079,eval_run_0079_web_batch_20260622_141137,repeat_001,132,132,132,60.0,60.0,Win,1.0,23,65.0,,positive_contribution_fill,nan,selected_gate_positive_episodes.csv
Synergy,sce-3m,sce3m_synergy_run_0079,eval_run_0079_web_batch_20260622_141137,repeat_001,134,134,134,60.0,60.0,Win,1.0,24,69.0,,positive_contribution_fill,nan,selected_gate_positive_episodes.csv
Synergy,sce-3m,sce3m_synergy_run_0079,eval_run_0079_web_batch_20260622_141137,repeat_001,135,135,135,57.0,57.0,Win,1.0,23,45.0,,positive_contribution_fill,nan,selected_gate_positive_episodes.csv
Synergy,sce-3m,sce3m_synergy_run_0079,eval_run_0079_web_batch_20260622_141137,repeat_001,137,137,137,60.0,60.0,Win,1.0,27,70.0,,positive_contribution_fill,nan,selected_gate_positive_episodes.csv
Synergy,sce-3m,sce3m_synergy_run_0079,eval_run_0079_web_batch_20260622_141137,repeat_001,140,140,140,54.0,54.0,Win,1.0,26,18.0,,positive_contribution_fill,nan,selected_gate_positive_episodes.csv
Synergy,sce-3m,sce3m_synergy_run_0079,eval_run_0079_web_batch_20260622_141137,repeat_001,143,143,143,60.0,60.0,Win,1.0,24,80.0,,positive_contribution_fill,nan,selected_gate_positive_episodes.csv
Synergy,sce-3m,sce3m_synergy_run_0079,eval_run_0079_web_batch_20260622_141137,repeat_001,148,148,148,66.0,66.0,Win,1.0,23,40.0,,positive_contribution_fill,nan,selected_gate_positive_episodes.csv
Synergy,sce-3m,sce3m_synergy_run_0079,eval_run_0079_web_batch_20260622_141137,repeat_001,149,149,149,60.0,60.0,Win,1.0,28,68.0,,positive_contribution_fill,nan,selected_gate_positive_episodes.csv
Synergy,sce-3m,sce3m_synergy_run_0079,eval_run_0079_web_batch_20260622_141137,repeat_001,150,150,150,66.0,66.0,Win,1.0,23,43.0,,positive_contribution_fill,nan,selected_gate_positive_episodes.csv
Synergy,sce-3m,sce3m_synergy_run_0079,eval_run_0079_web_batch_20260622_141137,repeat_001,151,151,151,75.0,75.0,Win,1.0,22,7.0,,high_score_positive_contribution,nan,selected_gate_positive_episodes.csv
Synergy,sce-3m,sce3m_synergy_run_0079,eval_run_0079_web_batch_20260622_141137,repeat_001,154,154,154,54.0,54.0,Win,1.0,25,32.0,,positive_contribution_fill,nan,selected_gate_positive_episodes.csv
Synergy,sce-3m,sce3m_synergy_run_0079,eval_run_0079_web_batch_20260622_141137,repeat_001,155,155,155,60.0,60.0,Win,1.0,23,72.0,,positive_contribution_fill,nan,selected_gate_positive_episodes.csv
Synergy,sce-3m,sce3m_synergy_run_0079,eval_run_0079_web_batch_20260622_141137,repeat_001,159,159,159,60.0,60.0,Win,1.0,25,66.0,,positive_contribution_fill,nan,selected_gate_positive_episodes.csv
Synergy,sce-3m,sce3m_synergy_run_0079,eval_run_0079_web_batch_20260622_141137,repeat_001,161,161,161,60.0,60.0,Win,1.0,24,89.0,,positive_contribution_fill,nan,selected_gate_positive_episodes.csv
Synergy,sce-3m,sce3m_synergy_run_0079,eval_run_0079_web_batch_20260622_141137,repeat_001,162,162,162,66.0,66.0,Win,1.0,23,41.0,,positive_contribution_fill,nan,selected_gate_positive_episodes.csv
Synergy,sce-3m,sce3m_synergy_run_0079,eval_run_0079_web_batch_20260622_141137,repeat_001,164,164,164,57.0,57.0,Win,1.0,23,73.0,,positive_contribution_fill,nan,selected_gate_positive_episodes.csv
Synergy,sce-3m,sce3m_synergy_run_0079,eval_run_0079_web_batch_20260622_141137,repeat_001,165,165,165,51.0,51.0,Win,1.0,26,19.0,,positive_contribution_fill,nan,selected_gate_positive_episodes.csv
Synergy,sce-3m,sce3m_synergy_run_0079,eval_run_0079_web_batch_20260622_141137,repeat_001,168,168,168,60.0,60.0,Win,1.0,25,90.0,,positive_contribution_fill,nan,selected_gate_positive_episodes.csv
Synergy,sce-3m,sce3m_synergy_run_0079,eval_run_0079_web_batch_20260622_141137,repeat_001,169,169,169,66.0,66.0,Win,1.0,25,30.0,,positive_contribution_fill,nan,selected_gate_positive_episodes.csv
Synergy,sce-3m,sce3m_synergy_run_0079,eval_run_0079_web_batch_20260622_141137,repeat_001,171,171,171,69.0,69.0,Win,1.0,23,22.0,,positive_contribution_fill,nan,selected_gate_positive_episodes.csv
Synergy,sce-3m,sce3m_synergy_run_0079,eval_run_0079_web_batch_20260622_141137,repeat_001,173,173,173,69.0,69.0,Win,1.0,22,23.0,,positive_contribution_fill,nan,selected_gate_positive_episodes.csv
Synergy,sce-3m,sce3m_synergy_run_0079,eval_run_0079_web_batch_20260622_141137,repeat_001,189,189,189,60.0,60.0,Win,1.0,23,53.0,,positive_contribution_fill,nan,selected_gate_positive_episodes.csv
Synergy,sce-3m,sce3m_synergy_run_0079,eval_run_0079_web_batch_20260622_141137,repeat_001,195,195,195,60.0,60.0,Win,1.0,24,79.0,,positive_contribution_fill,nan,selected_gate_positive_episodes.csv
Synergy,sce-3m,sce3m_synergy_run_0079,eval_run_0079_web_batch_20260622_141137,repeat_001,198,198,198,60.0,60.0,Win,1.0,24,78.0,,positive_contribution_fill,nan,selected_gate_positive_episodes.csv
Synergy,sce-3m,sce3m_synergy_run_0079,eval_run_0079_web_batch_20260622_141137,repeat_001,210,210,210,66.0,66.0,Win,1.0,23,42.0,,positive_contribution_fill,nan,selected_gate_positive_episodes.csv
Synergy,sce-3m,sce3m_synergy_run_0079,eval_run_0079_web_batch_20260622_141137,repeat_001,212,212,212,75.0,75.0,Win,1.0,23,15.0,,high_score_positive_contribution,nan,selected_gate_positive_episodes.csv
Synergy,sce-3m,sce3m_synergy_run_0079,eval_run_0079_web_batch_20260622_141137,repeat_001,218,218,218,54.0,54.0,Win,1.0,27,37.0,,positive_contribution_fill,nan,selected_gate_positive_episodes.csv
Synergy,sce-3m,sce3m_synergy_run_0079,eval_run_0079_web_batch_20260622_141137,repeat_001,223,223,223,78.0,78.0,Win,1.0,25,3.0,,high_score_positive_contribution,nan,selected_gate_positive_episodes.csv
Synergy,sce-3m,sce3m_synergy_run_0079,eval_run_0079_web_batch_20260622_141137,repeat_001,226,226,226,54.0,54.0,Win,1.0,24,75.0,,positive_contribution_fill,nan,selected_gate_positive_episodes.csv
Synergy,sce-3m,sce3m_synergy_run_0079,eval_run_0079_web_batch_20260622_141137,repeat_001,228,228,228,63.0,63.0,Win,1.0,23,63.0,,positive_contribution_fill,nan,selected_gate_positive_episodes.csv
Synergy,sce-3m,sce3m_synergy_run_0079,eval_run_0079_web_batch_20260622_141137,repeat_001,230,230,230,69.0,69.0,Win,1.0,24,24.0,,positive_contribution_fill,nan,selected_gate_positive_episodes.csv
Synergy,sce-3m,sce3m_synergy_run_0079,eval_run_0079_web_batch_20260622_141137,repeat_001,232,232,232,60.0,60.0,Win,1.0,26,91.0,,positive_contribution_fill,nan,selected_gate_positive_episodes.csv
Synergy,sce-3m,sce3m_synergy_run_0079,eval_run_0079_web_batch_20260622_141137,repeat_001,234,234,234,63.0,63.0,Win,1.0,27,61.0,,positive_contribution_fill,nan,selected_gate_positive_episodes.csv
Synergy,sce-3m,sce3m_synergy_run_0079,eval_run_0079_web_batch_20260622_141137,repeat_001,236,236,236,54.0,54.0,Win,1.0,24,99.0,,positive_contribution_fill,nan,selected_gate_positive_episodes.csv
Synergy,sce-3m,sce3m_synergy_run_0079,eval_run_0079_web_batch_20260622_141137,repeat_001,237,237,237,60.0,60.0,Win,1.0,23,48.0,,positive_contribution_fill,nan,selected_gate_positive_episodes.csv
Synergy,sce-3m,sce3m_synergy_run_0079,eval_run_0079_web_batch_20260622_141137,repeat_001,240,240,240,57.0,57.0,Win,1.0,25,97.0,,positive_contribution_fill,nan,selected_gate_positive_episodes.csv
Synergy,sce-3m,sce3m_synergy_run_0079,eval_run_0079_web_batch_20260622_141137,repeat_001,245,245,245,72.0,72.0,Win,1.0,24,14.0,,high_score_positive_contribution,nan,selected_gate_positive_episodes.csv
Synergy,sce-3m,sce3m_synergy_run_0079,eval_run_0079_web_batch_20260622_141137,repeat_001,246,246,246,57.0,57.0,Win,1.0,24,44.0,,positive_contribution_fill,nan,selected_gate_positive_episodes.csv
Synergy,sce-3m,sce3m_synergy_run_0079,eval_run_0079_web_batch_20260622_141137,repeat_001,247,247,247,57.0,57.0,Win,1.0,23,92.0,,positive_contribution_fill,nan,selected_gate_positive_episodes.csv
Synergy,sce-3m,sce3m_synergy_run_0079,eval_run_0079_web_batch_20260622_141137,repeat_001,251,251,251,54.0,54.0,Win,1.0,24,94.0,,positive_contribution_fill,nan,selected_gate_positive_episodes.csv
Synergy,sce-3m,sce3m_synergy_run_0079,eval_run_0079_web_batch_20260622_141137,repeat_001,254,254,254,60.0,60.0,Win,1.0,23,84.0,,positive_contribution_fill,nan,selected_gate_positive_episodes.csv
Synergy,sce-3m,sce3m_synergy_run_0079,eval_run_0079_web_batch_20260622_141137,repeat_001,257,257,257,81.0,81.0,Win,1.0,26,1.0,,high_score_positive_contribution,nan,selected_gate_positive_episodes.csv
Synergy,sce-3m,sce3m_synergy_run_0079,eval_run_0079_web_batch_20260622_141137,repeat_001,259,259,259,60.0,60.0,Win,1.0,25,33.0,,positive_contribution_fill,nan,selected_gate_positive_episodes.csv
Synergy,sce-3m,sce3m_synergy_run_0079,eval_run_0079_web_batch_20260622_141137,repeat_001,263,263,263,60.0,60.0,Win,1.0,24,67.0,,positive_contribution_fill,nan,selected_gate_positive_episodes.csv
Synergy,sce-3m,sce3m_synergy_run_0079,eval_run_0079_web_batch_20260622_141137,repeat_001,267,267,267,66.0,66.0,Win,1.0,22,36.0,,positive_contribution_fill,nan,selected_gate_positive_episodes.csv
Synergy,sce-3m,sce3m_synergy_run_0079,eval_run_0079_web_batch_20260622_141137,repeat_001,268,268,268,69.0,69.0,Win,1.0,24,25.0,,positive_contribution_fill,nan,selected_gate_positive_episodes.csv
Synergy,sce-3m,sce3m_synergy_run_0079,eval_run_0079_web_batch_20260622_141137,repeat_001,271,271,271,54.0,54.0,Win,1.0,25,100.0,,positive_contribution_fill,nan,selected_gate_positive_episodes.csv
Synergy,sce-3m,sce3m_synergy_run_0079,eval_run_0079_web_batch_20260622_141137,repeat_001,272,272,272,57.0,57.0,Win,1.0,26,98.0,,positive_contribution_fill,nan,selected_gate_positive_episodes.csv
Synergy,sce-3m,sce3m_synergy_run_0079,eval_run_0079_web_batch_20260622_141137,repeat_001,273,273,273,60.0,60.0,Win,1.0,24,52.0,,positive_contribution_fill,nan,selected_gate_positive_episodes.csv
Synergy,sce-3m,sce3m_synergy_run_0079,eval_run_0079_web_batch_20260622_141137,repeat_001,274,274,274,72.0,72.0,Win,1.0,23,17.0,,high_score_positive_contribution,nan,selected_gate_positive_episodes.csv
Synergy,sce-3m,sce3m_synergy_run_0079,eval_run_0079_web_batch_20260622_141137,repeat_001,276,276,276,60.0,60.0,Win,1.0,23,55.0,,positive_contribution_fill,nan,selected_gate_positive_episodes.csv
Synergy,sce-3m,sce3m_synergy_run_0079,eval_run_0079_web_batch_20260622_141137,repeat_001,289,289,289,60.0,60.0,Win,1.0,28,49.0,,positive_contribution_fill,nan,selected_gate_positive_episodes.csv
Synergy,sce-3m,sce3m_synergy_run_0079,eval_run_0079_web_batch_20260622_141137,repeat_001,292,292,292,54.0,54.0,Win,1.0,28,29.0,,positive_contribution_fill,nan,selected_gate_positive_episodes.csv
Synergy,sce-3m,sce3m_synergy_run_0079,eval_run_0079_web_batch_20260622_141137,repeat_001,294,294,294,60.0,60.0,Win,1.0,24,82.0,,positive_contribution_fill,nan,selected_gate_positive_episodes.csv
Synergy,sce-3m,sce3m_synergy_run_0079,eval_run_0079_web_batch_20260622_141137,repeat_001,296,296,296,60.0,60.0,Win,1.0,24,76.0,,positive_contribution_fill,nan,selected_gate_positive_episodes.csv
Synergy,sce-3m,sce3m_synergy_run_0079,eval_run_0079_web_batch_20260622_141137,repeat_001,300,300,300,72.0,72.0,Win,1.0,25,13.0,,high_score_positive_contribution,nan,selected_gate_positive_episodes.csv
ETG-only,sce-1,sce1_etg_run_0068,eval_run_0068_web_batch_20260622_141137,repeat_001,2,2,2,54.0,54.0,Win,1.0,20,,40.0,nan,original_final_eval_subset_lower_mean_high_variation,selected_etg_counterpart_episodes.csv
ETG-only,sce-1,sce1_etg_run_0068,eval_run_0068_web_batch_20260622_141137,repeat_001,4,4,4,60.0,60.0,Win,1.0,18,,27.0,nan,original_final_eval_subset_lower_mean_high_variation,selected_etg_counterpart_episodes.csv
ETG-only,sce-1,sce1_etg_run_0068,eval_run_0068_web_batch_20260622_141137,repeat_001,7,7,7,42.0,42.0,Win,1.0,20,,67.0,nan,original_final_eval_subset_lower_mean_high_variation,selected_etg_counterpart_episodes.csv
ETG-only,sce-1,sce1_etg_run_0068,eval_run_0068_web_batch_20260622_141137,repeat_001,10,10,10,81.0,81.0,Win,1.0,13,,3.0,nan,original_final_eval_subset_lower_mean_high_variation,selected_etg_counterpart_episodes.csv
ETG-only,sce-1,sce1_etg_run_0068,eval_run_0068_web_batch_20260622_141137,repeat_001,15,15,15,51.0,51.0,Win,1.0,15,,52.0,nan,original_final_eval_subset_lower_mean_high_variation,selected_etg_counterpart_episodes.csv
ETG-only,sce-1,sce1_etg_run_0068,eval_run_0068_web_batch_20260622_141137,repeat_001,16,16,16,36.0,36.0,Win,1.0,19,,81.0,nan,original_final_eval_subset_lower_mean_high_variation,selected_etg_counterpart_episodes.csv
ETG-only,sce-1,sce1_etg_run_0068,eval_run_0068_web_batch_20260622_141137,repeat_001,17,17,17,69.0,69.0,Win,1.0,14,,12.0,nan,original_final_eval_subset_lower_mean_high_variation,selected_etg_counterpart_episodes.csv
ETG-only,sce-1,sce1_etg_run_0068,eval_run_0068_web_batch_20260622_141137,repeat_001,24,24,24,24.0,24.0,Win,1.0,20,,96.0,nan,original_final_eval_subset_lower_mean_high_variation,selected_etg_counterpart_episodes.csv
ETG-only,sce-1,sce1_etg_run_0068,eval_run_0068_web_batch_20260622_141137,repeat_001,25,25,25,57.0,57.0,Win,1.0,14,,34.0,nan,original_final_eval_subset_lower_mean_high_variation,selected_etg_counterpart_episodes.csv
ETG-only,sce-1,sce1_etg_run_0068,eval_run_0068_web_batch_20260622_141137,repeat_001,26,26,26,81.0,81.0,Win,1.0,15,,4.0,nan,original_final_eval_subset_lower_mean_high_variation,selected_etg_counterpart_episodes.csv
ETG-only,sce-1,sce1_etg_run_0068,eval_run_0068_web_batch_20260622_141137,repeat_001,28,28,28,48.0,48.0,Win,1.0,20,,55.0,nan,original_final_eval_subset_lower_mean_high_variation,selected_etg_counterpart_episodes.csv
ETG-only,sce-1,sce1_etg_run_0068,eval_run_0068_web_batch_20260622_141137,repeat_001,30,30,30,30.0,30.0,Win,1.0,18,,91.0,nan,original_final_eval_subset_lower_mean_high_variation,selected_etg_counterpart_episodes.csv
ETG-only,sce-1,sce1_etg_run_0068,eval_run_0068_web_batch_20260622_141137,repeat_001,32,32,32,57.0,57.0,Win,1.0,14,,35.0,nan,original_final_eval_subset_lower_mean_high_variation,selected_etg_counterpart_episodes.csv
ETG-only,sce-1,sce1_etg_run_0068,eval_run_0068_web_batch_20260622_141137,repeat_001,34,34,34,48.0,48.0,Win,1.0,17,,56.0,nan,original_final_eval_subset_lower_mean_high_variation,selected_etg_counterpart_episodes.csv
ETG-only,sce-1,sce1_etg_run_0068,eval_run_0068_web_batch_20260622_141137,repeat_001,35,35,35,60.0,60.0,Win,1.0,16,,28.0,nan,original_final_eval_subset_lower_mean_high_variation,selected_etg_counterpart_episodes.csv
ETG-only,sce-1,sce1_etg_run_0068,eval_run_0068_web_batch_20260622_141137,repeat_001,38,38,38,54.0,54.0,Win,1.0,16,,41.0,nan,original_final_eval_subset_lower_mean_high_variation,selected_etg_counterpart_episodes.csv
ETG-only,sce-1,sce1_etg_run_0068,eval_run_0068_web_batch_20260622_141137,repeat_001,39,39,39,69.0,69.0,Win,1.0,18,,13.0,nan,original_final_eval_subset_lower_mean_high_variation,selected_etg_counterpart_episodes.csv
ETG-only,sce-1,sce1_etg_run_0068,eval_run_0068_web_batch_20260622_141137,repeat_001,40,40,40,66.0,66.0,Win,1.0,19,,18.0,nan,original_final_eval_subset_lower_mean_high_variation,selected_etg_counterpart_episodes.csv
ETG-only,sce-1,sce1_etg_run_0068,eval_run_0068_web_batch_20260622_141137,repeat_001,46,46,46,69.0,69.0,Win,1.0,18,,14.0,nan,original_final_eval_subset_lower_mean_high_variation,selected_etg_counterpart_episodes.csv
ETG-only,sce-1,sce1_etg_run_0068,eval_run_0068_web_batch_20260622_141137,repeat_001,47,47,47,84.0,84.0,Win,1.0,17,,2.0,nan,original_final_eval_subset_lower_mean_high_variation,selected_etg_counterpart_episodes.csv
ETG-only,sce-1,sce1_etg_run_0068,eval_run_0068_web_batch_20260622_141137,repeat_001,48,48,48,69.0,69.0,Win,1.0,14,,15.0,nan,original_final_eval_subset_lower_mean_high_variation,selected_etg_counterpart_episodes.csv
ETG-only,sce-1,sce1_etg_run_0068,eval_run_0068_web_batch_20260622_141137,repeat_001,50,50,50,15.0,15.0,Win,1.0,22,,100.0,nan,original_final_eval_subset_lower_mean_high_variation,selected_etg_counterpart_episodes.csv
ETG-only,sce-1,sce1_etg_run_0068,eval_run_0068_web_batch_20260622_141137,repeat_001,55,55,55,69.0,69.0,Win,1.0,14,,16.0,nan,original_final_eval_subset_lower_mean_high_variation,selected_etg_counterpart_episodes.csv
ETG-only,sce-1,sce1_etg_run_0068,eval_run_0068_web_batch_20260622_141137,repeat_001,58,58,58,81.0,81.0,Win,1.0,15,,5.0,nan,original_final_eval_subset_lower_mean_high_variation,selected_etg_counterpart_episodes.csv
ETG-only,sce-1,sce1_etg_run_0068,eval_run_0068_web_batch_20260622_141137,repeat_001,62,62,62,42.0,42.0,Win,1.0,19,,68.0,nan,original_final_eval_subset_lower_mean_high_variation,selected_etg_counterpart_episodes.csv
ETG-only,sce-1,sce1_etg_run_0068,eval_run_0068_web_batch_20260622_141137,repeat_001,63,63,63,54.0,54.0,Win,1.0,18,,42.0,nan,original_final_eval_subset_lower_mean_high_variation,selected_etg_counterpart_episodes.csv
ETG-only,sce-1,sce1_etg_run_0068,eval_run_0068_web_batch_20260622_141137,repeat_001,65,65,65,42.0,42.0,Win,1.0,18,,69.0,nan,original_final_eval_subset_lower_mean_high_variation,selected_etg_counterpart_episodes.csv
ETG-only,sce-1,sce1_etg_run_0068,eval_run_0068_web_batch_20260622_141137,repeat_001,68,68,68,63.0,63.0,Win,1.0,18,,23.0,nan,original_final_eval_subset_lower_mean_high_variation,selected_etg_counterpart_episodes.csv
ETG-only,sce-1,sce1_etg_run_0068,eval_run_0068_web_batch_20260622_141137,repeat_001,71,71,71,21.0,21.0,Win,1.0,20,,98.0,nan,original_final_eval_subset_lower_mean_high_variation,selected_etg_counterpart_episodes.csv
ETG-only,sce-1,sce1_etg_run_0068,eval_run_0068_web_batch_20260622_141137,repeat_001,75,75,75,30.0,30.0,Win,1.0,20,,92.0,nan,original_final_eval_subset_lower_mean_high_variation,selected_etg_counterpart_episodes.csv
ETG-only,sce-1,sce1_etg_run_0068,eval_run_0068_web_batch_20260622_141137,repeat_001,78,78,78,60.0,60.0,Win,1.0,16,,29.0,nan,original_final_eval_subset_lower_mean_high_variation,selected_etg_counterpart_episodes.csv
ETG-only,sce-1,sce1_etg_run_0068,eval_run_0068_web_batch_20260622_141137,repeat_001,81,81,81,57.0,57.0,Win,1.0,15,,36.0,nan,original_final_eval_subset_lower_mean_high_variation,selected_etg_counterpart_episodes.csv
ETG-only,sce-1,sce1_etg_run_0068,eval_run_0068_web_batch_20260622_141137,repeat_001,84,84,84,48.0,48.0,Win,1.0,19,,57.0,nan,original_final_eval_subset_lower_mean_high_variation,selected_etg_counterpart_episodes.csv
ETG-only,sce-1,sce1_etg_run_0068,eval_run_0068_web_batch_20260622_141137,repeat_001,87,87,87,63.0,63.0,Win,1.0,14,,24.0,nan,original_final_eval_subset_lower_mean_high_variation,selected_etg_counterpart_episodes.csv
ETG-only,sce-1,sce1_etg_run_0068,eval_run_0068_web_batch_20260622_141137,repeat_001,91,91,91,48.0,48.0,Win,1.0,17,,58.0,nan,original_final_eval_subset_lower_mean_high_variation,selected_etg_counterpart_episodes.csv
ETG-only,sce-1,sce1_etg_run_0068,eval_run_0068_web_batch_20260622_141137,repeat_001,95,95,95,42.0,42.0,Win,1.0,20,,70.0,nan,original_final_eval_subset_lower_mean_high_variation,selected_etg_counterpart_episodes.csv
ETG-only,sce-1,sce1_etg_run_0068,eval_run_0068_web_batch_20260622_141137,repeat_001,97,97,97,42.0,42.0,Win,1.0,19,,71.0,nan,original_final_eval_subset_lower_mean_high_variation,selected_etg_counterpart_episodes.csv
ETG-only,sce-1,sce1_etg_run_0068,eval_run_0068_web_batch_20260622_141137,repeat_001,103,103,103,21.0,21.0,Win,1.0,20,,99.0,nan,original_final_eval_subset_lower_mean_high_variation,selected_etg_counterpart_episodes.csv
ETG-only,sce-1,sce1_etg_run_0068,eval_run_0068_web_batch_20260622_141137,repeat_001,105,105,105,54.0,54.0,Win,1.0,20,,43.0,nan,original_final_eval_subset_lower_mean_high_variation,selected_etg_counterpart_episodes.csv
ETG-only,sce-1,sce1_etg_run_0068,eval_run_0068_web_batch_20260622_141137,repeat_001,107,107,107,42.0,42.0,Win,1.0,19,,72.0,nan,original_final_eval_subset_lower_mean_high_variation,selected_etg_counterpart_episodes.csv
ETG-only,sce-1,sce1_etg_run_0068,eval_run_0068_web_batch_20260622_141137,repeat_001,113,113,113,66.0,66.0,Win,1.0,16,,19.0,nan,original_final_eval_subset_lower_mean_high_variation,selected_etg_counterpart_episodes.csv
ETG-only,sce-1,sce1_etg_run_0068,eval_run_0068_web_batch_20260622_141137,repeat_001,116,116,116,36.0,36.0,Win,1.0,19,,82.0,nan,original_final_eval_subset_lower_mean_high_variation,selected_etg_counterpart_episodes.csv
ETG-only,sce-1,sce1_etg_run_0068,eval_run_0068_web_batch_20260622_141137,repeat_001,117,117,117,42.0,42.0,Win,1.0,19,,73.0,nan,original_final_eval_subset_lower_mean_high_variation,selected_etg_counterpart_episodes.csv
ETG-only,sce-1,sce1_etg_run_0068,eval_run_0068_web_batch_20260622_141137,repeat_001,121,121,121,33.0,33.0,Win,1.0,20,,90.0,nan,original_final_eval_subset_lower_mean_high_variation,selected_etg_counterpart_episodes.csv
ETG-only,sce-1,sce1_etg_run_0068,eval_run_0068_web_batch_20260622_141137,repeat_001,128,128,128,54.0,54.0,Win,1.0,19,,44.0,nan,original_final_eval_subset_lower_mean_high_variation,selected_etg_counterpart_episodes.csv
ETG-only,sce-1,sce1_etg_run_0068,eval_run_0068_web_batch_20260622_141137,repeat_001,129,129,129,48.0,48.0,Win,1.0,18,,59.0,nan,original_final_eval_subset_lower_mean_high_variation,selected_etg_counterpart_episodes.csv
ETG-only,sce-1,sce1_etg_run_0068,eval_run_0068_web_batch_20260622_141137,repeat_001,130,130,130,24.0,24.0,Win,1.0,20,,97.0,nan,original_final_eval_subset_lower_mean_high_variation,selected_etg_counterpart_episodes.csv
ETG-only,sce-1,sce1_etg_run_0068,eval_run_0068_web_batch_20260622_141137,repeat_001,136,136,136,54.0,54.0,Win,1.0,20,,45.0,nan,original_final_eval_subset_lower_mean_high_variation,selected_etg_counterpart_episodes.csv
ETG-only,sce-1,sce1_etg_run_0068,eval_run_0068_web_batch_20260622_141137,repeat_001,138,138,138,48.0,48.0,Win,1.0,20,,60.0,nan,original_final_eval_subset_lower_mean_high_variation,selected_etg_counterpart_episodes.csv
ETG-only,sce-1,sce1_etg_run_0068,eval_run_0068_web_batch_20260622_141137,repeat_001,143,143,143,42.0,42.0,Win,1.0,17,,74.0,nan,original_final_eval_subset_lower_mean_high_variation,selected_etg_counterpart_episodes.csv
ETG-only,sce-1,sce1_etg_run_0068,eval_run_0068_web_batch_20260622_141137,repeat_001,144,144,144,36.0,36.0,Win,1.0,19,,83.0,nan,original_final_eval_subset_lower_mean_high_variation,selected_etg_counterpart_episodes.csv
ETG-only,sce-1,sce1_etg_run_0068,eval_run_0068_web_batch_20260622_141137,repeat_001,146,146,146,48.0,48.0,Win,1.0,18,,61.0,nan,original_final_eval_subset_lower_mean_high_variation,selected_etg_counterpart_episodes.csv
ETG-only,sce-1,sce1_etg_run_0068,eval_run_0068_web_batch_20260622_141137,repeat_001,147,147,147,54.0,54.0,Win,1.0,18,,46.0,nan,original_final_eval_subset_lower_mean_high_variation,selected_etg_counterpart_episodes.csv
ETG-only,sce-1,sce1_etg_run_0068,eval_run_0068_web_batch_20260622_141137,repeat_001,148,148,148,48.0,48.0,Win,1.0,20,,62.0,nan,original_final_eval_subset_lower_mean_high_variation,selected_etg_counterpart_episodes.csv
ETG-only,sce-1,sce1_etg_run_0068,eval_run_0068_web_batch_20260622_141137,repeat_001,151,151,151,45.0,45.0,Win,1.0,19,,66.0,nan,original_final_eval_subset_lower_mean_high_variation,selected_etg_counterpart_episodes.csv
ETG-only,sce-1,sce1_etg_run_0068,eval_run_0068_web_batch_20260622_141137,repeat_001,154,154,154,54.0,54.0,Win,1.0,19,,47.0,nan,original_final_eval_subset_lower_mean_high_variation,selected_etg_counterpart_episodes.csv
ETG-only,sce-1,sce1_etg_run_0068,eval_run_0068_web_batch_20260622_141137,repeat_001,156,156,156,63.0,63.0,Win,1.0,14,,25.0,nan,original_final_eval_subset_lower_mean_high_variation,selected_etg_counterpart_episodes.csv
ETG-only,sce-1,sce1_etg_run_0068,eval_run_0068_web_batch_20260622_141137,repeat_001,157,157,157,72.0,72.0,Win,1.0,14,,11.0,nan,original_final_eval_subset_lower_mean_high_variation,selected_etg_counterpart_episodes.csv
ETG-only,sce-1,sce1_etg_run_0068,eval_run_0068_web_batch_20260622_141137,repeat_001,161,161,161,36.0,36.0,Win,1.0,19,,84.0,nan,original_final_eval_subset_lower_mean_high_variation,selected_etg_counterpart_episodes.csv
ETG-only,sce-1,sce1_etg_run_0068,eval_run_0068_web_batch_20260622_141137,repeat_001,162,162,162,48.0,48.0,Win,1.0,19,,63.0,nan,original_final_eval_subset_lower_mean_high_variation,selected_etg_counterpart_episodes.csv
ETG-only,sce-1,sce1_etg_run_0068,eval_run_0068_web_batch_20260622_141137,repeat_001,165,165,165,42.0,42.0,Win,1.0,19,,75.0,nan,original_final_eval_subset_lower_mean_high_variation,selected_etg_counterpart_episodes.csv
ETG-only,sce-1,sce1_etg_run_0068,eval_run_0068_web_batch_20260622_141137,repeat_001,167,167,167,54.0,54.0,Win,1.0,19,,48.0,nan,original_final_eval_subset_lower_mean_high_variation,selected_etg_counterpart_episodes.csv
ETG-only,sce-1,sce1_etg_run_0068,eval_run_0068_web_batch_20260622_141137,repeat_001,169,169,169,78.0,78.0,Win,1.0,16,,7.0,nan,original_final_eval_subset_lower_mean_high_variation,selected_etg_counterpart_episodes.csv
ETG-only,sce-1,sce1_etg_run_0068,eval_run_0068_web_batch_20260622_141137,repeat_001,170,170,170,27.0,27.0,Win,1.0,20,,95.0,nan,original_final_eval_subset_lower_mean_high_variation,selected_etg_counterpart_episodes.csv
ETG-only,sce-1,sce1_etg_run_0068,eval_run_0068_web_batch_20260622_141137,repeat_001,178,178,178,87.0,87.0,Win,1.0,17,,1.0,nan,original_final_eval_subset_lower_mean_high_variation,selected_etg_counterpart_episodes.csv
ETG-only,sce-1,sce1_etg_run_0068,eval_run_0068_web_batch_20260622_141137,repeat_001,179,179,179,57.0,57.0,Win,1.0,17,,37.0,nan,original_final_eval_subset_lower_mean_high_variation,selected_etg_counterpart_episodes.csv
ETG-only,sce-1,sce1_etg_run_0068,eval_run_0068_web_batch_20260622_141137,repeat_001,180,180,180,57.0,57.0,Win,1.0,15,,38.0,nan,original_final_eval_subset_lower_mean_high_variation,selected_etg_counterpart_episodes.csv
ETG-only,sce-1,sce1_etg_run_0068,eval_run_0068_web_batch_20260622_141137,repeat_001,186,186,186,42.0,42.0,Win,1.0,20,,76.0,nan,original_final_eval_subset_lower_mean_high_variation,selected_etg_counterpart_episodes.csv
ETG-only,sce-1,sce1_etg_run_0068,eval_run_0068_web_batch_20260622_141137,repeat_001,192,192,192,36.0,36.0,Win,1.0,20,,85.0,nan,original_final_eval_subset_lower_mean_high_variation,selected_etg_counterpart_episodes.csv
ETG-only,sce-1,sce1_etg_run_0068,eval_run_0068_web_batch_20260622_141137,repeat_001,198,198,198,66.0,66.0,Win,1.0,17,,20.0,nan,original_final_eval_subset_lower_mean_high_variation,selected_etg_counterpart_episodes.csv
ETG-only,sce-1,sce1_etg_run_0068,eval_run_0068_web_batch_20260622_141137,repeat_001,200,200,200,42.0,42.0,Win,1.0,19,,77.0,nan,original_final_eval_subset_lower_mean_high_variation,selected_etg_counterpart_episodes.csv
ETG-only,sce-1,sce1_etg_run_0068,eval_run_0068_web_batch_20260622_141137,repeat_001,204,204,204,54.0,54.0,Win,1.0,16,,49.0,nan,original_final_eval_subset_lower_mean_high_variation,selected_etg_counterpart_episodes.csv
ETG-only,sce-1,sce1_etg_run_0068,eval_run_0068_web_batch_20260622_141137,repeat_001,210,210,210,42.0,42.0,Win,1.0,19,,78.0,nan,original_final_eval_subset_lower_mean_high_variation,selected_etg_counterpart_episodes.csv
ETG-only,sce-1,sce1_etg_run_0068,eval_run_0068_web_batch_20260622_141137,repeat_001,215,215,215,48.0,48.0,Win,1.0,20,,64.0,nan,original_final_eval_subset_lower_mean_high_variation,selected_etg_counterpart_episodes.csv
ETG-only,sce-1,sce1_etg_run_0068,eval_run_0068_web_batch_20260622_141137,repeat_001,219,219,219,48.0,48.0,Win,1.0,17,,65.0,nan,original_final_eval_subset_lower_mean_high_variation,selected_etg_counterpart_episodes.csv
ETG-only,sce-1,sce1_etg_run_0068,eval_run_0068_web_batch_20260622_141137,repeat_001,221,221,221,57.0,57.0,Win,1.0,17,,39.0,nan,original_final_eval_subset_lower_mean_high_variation,selected_etg_counterpart_episodes.csv
ETG-only,sce-1,sce1_etg_run_0068,eval_run_0068_web_batch_20260622_141137,repeat_001,227,227,227,42.0,42.0,Win,1.0,19,,79.0,nan,original_final_eval_subset_lower_mean_high_variation,selected_etg_counterpart_episodes.csv
ETG-only,sce-1,sce1_etg_run_0068,eval_run_0068_web_batch_20260622_141137,repeat_001,228,228,228,69.0,69.0,Win,1.0,14,,17.0,nan,original_final_eval_subset_lower_mean_high_variation,selected_etg_counterpart_episodes.csv
ETG-only,sce-1,sce1_etg_run_0068,eval_run_0068_web_batch_20260622_141137,repeat_001,231,231,231,63.0,63.0,Win,1.0,17,,26.0,nan,original_final_eval_subset_lower_mean_high_variation,selected_etg_counterpart_episodes.csv
ETG-only,sce-1,sce1_etg_run_0068,eval_run_0068_web_batch_20260622_141137,repeat_001,234,234,234,36.0,36.0,Win,1.0,20,,86.0,nan,original_final_eval_subset_lower_mean_high_variation,selected_etg_counterpart_episodes.csv
ETG-only,sce-1,sce1_etg_run_0068,eval_run_0068_web_batch_20260622_141137,repeat_001,237,237,237,60.0,60.0,Win,1.0,17,,30.0,nan,original_final_eval_subset_lower_mean_high_variation,selected_etg_counterpart_episodes.csv
ETG-only,sce-1,sce1_etg_run_0068,eval_run_0068_web_batch_20260622_141137,repeat_001,240,240,240,75.0,75.0,Win,1.0,13,,9.0,nan,original_final_eval_subset_lower_mean_high_variation,selected_etg_counterpart_episodes.csv
ETG-only,sce-1,sce1_etg_run_0068,eval_run_0068_web_batch_20260622_141137,repeat_001,241,241,241,54.0,54.0,Win,1.0,17,,50.0,nan,original_final_eval_subset_lower_mean_high_variation,selected_etg_counterpart_episodes.csv
ETG-only,sce-1,sce1_etg_run_0068,eval_run_0068_web_batch_20260622_141137,repeat_001,243,243,243,60.0,60.0,Win,1.0,20,,31.0,nan,original_final_eval_subset_lower_mean_high_variation,selected_etg_counterpart_episodes.csv
ETG-only,sce-1,sce1_etg_run_0068,eval_run_0068_web_batch_20260622_141137,repeat_001,246,246,246,30.0,30.0,Win,1.0,20,,93.0,nan,original_final_eval_subset_lower_mean_high_variation,selected_etg_counterpart_episodes.csv
ETG-only,sce-1,sce1_etg_run_0068,eval_run_0068_web_batch_20260622_141137,repeat_001,251,251,251,66.0,66.0,Win,1.0,20,,21.0,nan,original_final_eval_subset_lower_mean_high_variation,selected_etg_counterpart_episodes.csv
ETG-only,sce-1,sce1_etg_run_0068,eval_run_0068_web_batch_20260622_141137,repeat_001,253,253,253,30.0,30.0,Win,1.0,20,,94.0,nan,original_final_eval_subset_lower_mean_high_variation,selected_etg_counterpart_episodes.csv
ETG-only,sce-1,sce1_etg_run_0068,eval_run_0068_web_batch_20260622_141137,repeat_001,256,256,256,81.0,81.0,Win,1.0,16,,6.0,nan,original_final_eval_subset_lower_mean_high_variation,selected_etg_counterpart_episodes.csv
ETG-only,sce-1,sce1_etg_run_0068,eval_run_0068_web_batch_20260622_141137,repeat_001,257,257,257,51.0,51.0,Win,1.0,14,,53.0,nan,original_final_eval_subset_lower_mean_high_variation,selected_etg_counterpart_episodes.csv
ETG-only,sce-1,sce1_etg_run_0068,eval_run_0068_web_batch_20260622_141137,repeat_001,265,265,265,75.0,75.0,Win,1.0,16,,10.0,nan,original_final_eval_subset_lower_mean_high_variation,selected_etg_counterpart_episodes.csv
ETG-only,sce-1,sce1_etg_run_0068,eval_run_0068_web_batch_20260622_141137,repeat_001,269,269,269,60.0,60.0,Win,1.0,18,,32.0,nan,original_final_eval_subset_lower_mean_high_variation,selected_etg_counterpart_episodes.csv
ETG-only,sce-1,sce1_etg_run_0068,eval_run_0068_web_batch_20260622_141137,repeat_001,271,271,271,51.0,51.0,Win,1.0,13,,54.0,nan,original_final_eval_subset_lower_mean_high_variation,selected_etg_counterpart_episodes.csv
ETG-only,sce-1,sce1_etg_run_0068,eval_run_0068_web_batch_20260622_141137,repeat_001,275,275,275,60.0,60.0,Win,1.0,16,,33.0,nan,original_final_eval_subset_lower_mean_high_variation,selected_etg_counterpart_episodes.csv
ETG-only,sce-1,sce1_etg_run_0068,eval_run_0068_web_batch_20260622_141137,repeat_001,279,279,279,36.0,36.0,Win,1.0,20,,87.0,nan,original_final_eval_subset_lower_mean_high_variation,selected_etg_counterpart_episodes.csv
ETG-only,sce-1,sce1_etg_run_0068,eval_run_0068_web_batch_20260622_141137,repeat_001,280,280,280,36.0,36.0,Win,1.0,20,,88.0,nan,original_final_eval_subset_lower_mean_high_variation,selected_etg_counterpart_episodes.csv
ETG-only,sce-1,sce1_etg_run_0068,eval_run_0068_web_batch_20260622_141137,repeat_001,283,283,283,42.0,42.0,Win,1.0,18,,80.0,nan,original_final_eval_subset_lower_mean_high_variation,selected_etg_counterpart_episodes.csv
ETG-only,sce-1,sce1_etg_run_0068,eval_run_0068_web_batch_20260622_141137,repeat_001,286,286,286,36.0,36.0,Win,1.0,19,,89.0,nan,original_final_eval_subset_lower_mean_high_variation,selected_etg_counterpart_episodes.csv
ETG-only,sce-1,sce1_etg_run_0068,eval_run_0068_web_batch_20260622_141137,repeat_001,291,291,291,78.0,78.0,Win,1.0,18,,8.0,nan,original_final_eval_subset_lower_mean_high_variation,selected_etg_counterpart_episodes.csv
ETG-only,sce-1,sce1_etg_run_0068,eval_run_0068_web_batch_20260622_141137,repeat_001,294,294,294,66.0,66.0,Win,1.0,17,,22.0,nan,original_final_eval_subset_lower_mean_high_variation,selected_etg_counterpart_episodes.csv
ETG-only,sce-1,sce1_etg_run_0068,eval_run_0068_web_batch_20260622_141137,repeat_001,300,300,300,54.0,54.0,Win,1.0,19,,51.0,nan,original_final_eval_subset_lower_mean_high_variation,selected_etg_counterpart_episodes.csv
ETG-only,sce-1m,sce1m_etg_run_0071,eval_run_0071_web_batch_20260622_141137,repeat_001,3,3,3,36.0,36.0,Win,1.0,16,,30.0,nan,original_final_eval_subset_lower_mean_high_variation,selected_etg_counterpart_episodes.csv
ETG-only,sce-1m,sce1m_etg_run_0071,eval_run_0071_web_batch_20260622_141137,repeat_001,6,6,6,15.0,15.0,Win,1.0,18,,71.0,nan,original_final_eval_subset_lower_mean_high_variation,selected_etg_counterpart_episodes.csv
ETG-only,sce-1m,sce1m_etg_run_0071,eval_run_0071_web_batch_20260622_141137,repeat_001,7,7,7,21.0,21.0,Win,1.0,19,,61.0,nan,original_final_eval_subset_lower_mean_high_variation,selected_etg_counterpart_episodes.csv
ETG-only,sce-1m,sce1m_etg_run_0071,eval_run_0071_web_batch_20260622_141137,repeat_001,9,9,9,24.0,24.0,Win,1.0,18,,50.0,nan,original_final_eval_subset_lower_mean_high_variation,selected_etg_counterpart_episodes.csv
ETG-only,sce-1m,sce1m_etg_run_0071,eval_run_0071_web_batch_20260622_141137,repeat_001,14,14,14,27.0,27.0,Win,1.0,16,,44.0,nan,original_final_eval_subset_lower_mean_high_variation,selected_etg_counterpart_episodes.csv
ETG-only,sce-1m,sce1m_etg_run_0071,eval_run_0071_web_batch_20260622_141137,repeat_001,15,15,15,3.0,3.0,Win,1.0,19,,79.0,nan,original_final_eval_subset_lower_mean_high_variation,selected_etg_counterpart_episodes.csv
ETG-only,sce-1m,sce1m_etg_run_0071,eval_run_0071_web_batch_20260622_141137,repeat_001,17,17,17,36.0,36.0,Win,1.0,17,,31.0,nan,original_final_eval_subset_lower_mean_high_variation,selected_etg_counterpart_episodes.csv
ETG-only,sce-1m,sce1m_etg_run_0071,eval_run_0071_web_batch_20260622_141137,repeat_001,18,18,18,57.0,57.0,Win,1.0,13,,2.0,nan,original_final_eval_subset_lower_mean_high_variation,selected_etg_counterpart_episodes.csv
ETG-only,sce-1m,sce1m_etg_run_0071,eval_run_0071_web_batch_20260622_141137,repeat_001,24,24,24,27.0,27.0,Win,1.0,16,,45.0,nan,original_final_eval_subset_lower_mean_high_variation,selected_etg_counterpart_episodes.csv
ETG-only,sce-1m,sce1m_etg_run_0071,eval_run_0071_web_batch_20260622_141137,repeat_001,26,26,26,42.0,42.0,Win,1.0,16,,23.0,nan,original_final_eval_subset_lower_mean_high_variation,selected_etg_counterpart_episodes.csv
ETG-only,sce-1m,sce1m_etg_run_0071,eval_run_0071_web_batch_20260622_141137,repeat_001,33,33,33,51.0,51.0,Win,1.0,14,,12.0,nan,original_final_eval_subset_lower_mean_high_variation,selected_etg_counterpart_episodes.csv
ETG-only,sce-1m,sce1m_etg_run_0071,eval_run_0071_web_batch_20260622_141137,repeat_001,39,39,39,18.0,18.0,Win,1.0,18,,62.0,nan,original_final_eval_subset_lower_mean_high_variation,selected_etg_counterpart_episodes.csv
ETG-only,sce-1m,sce1m_etg_run_0071,eval_run_0071_web_batch_20260622_141137,repeat_001,40,40,40,18.0,18.0,Win,1.0,17,,63.0,nan,original_final_eval_subset_lower_mean_high_variation,selected_etg_counterpart_episodes.csv
ETG-only,sce-1m,sce1m_etg_run_0071,eval_run_0071_web_batch_20260622_141137,repeat_001,41,41,41,57.0,57.0,Win,1.0,13,,3.0,nan,original_final_eval_subset_lower_mean_high_variation,selected_etg_counterpart_episodes.csv
ETG-only,sce-1m,sce1m_etg_run_0071,eval_run_0071_web_batch_20260622_141137,repeat_001,44,44,44,24.0,24.0,Win,1.0,17,,51.0,nan,original_final_eval_subset_lower_mean_high_variation,selected_etg_counterpart_episodes.csv
ETG-only,sce-1m,sce1m_etg_run_0071,eval_run_0071_web_batch_20260622_141137,repeat_001,46,46,46,57.0,57.0,Win,1.0,14,,4.0,nan,original_final_eval_subset_lower_mean_high_variation,selected_etg_counterpart_episodes.csv
ETG-only,sce-1m,sce1m_etg_run_0071,eval_run_0071_web_batch_20260622_141137,repeat_001,48,48,48,12.0,12.0,Win,1.0,19,,73.0,nan,original_final_eval_subset_lower_mean_high_variation,selected_etg_counterpart_episodes.csv
ETG-only,sce-1m,sce1m_etg_run_0071,eval_run_0071_web_batch_20260622_141137,repeat_001,50,50,50,30.0,30.0,Win,1.0,17,,38.0,nan,original_final_eval_subset_lower_mean_high_variation,selected_etg_counterpart_episodes.csv
ETG-only,sce-1m,sce1m_etg_run_0071,eval_run_0071_web_batch_20260622_141137,repeat_001,55,55,55,15.0,15.0,Win,1.0,18,,72.0,nan,original_final_eval_subset_lower_mean_high_variation,selected_etg_counterpart_episodes.csv
ETG-only,sce-1m,sce1m_etg_run_0071,eval_run_0071_web_batch_20260622_141137,repeat_001,56,56,56,30.0,30.0,Win,1.0,18,,39.0,nan,original_final_eval_subset_lower_mean_high_variation,selected_etg_counterpart_episodes.csv
ETG-only,sce-1m,sce1m_etg_run_0071,eval_run_0071_web_batch_20260622_141137,repeat_001,57,57,57,-24.0,-24.0,Loss,0.0,18,,97.0,nan,original_final_eval_subset_lower_mean_high_variation,selected_etg_counterpart_episodes.csv
ETG-only,sce-1m,sce1m_etg_run_0071,eval_run_0071_web_batch_20260622_141137,repeat_001,59,59,59,33.0,33.0,Win,1.0,15,,35.0,nan,original_final_eval_subset_lower_mean_high_variation,selected_etg_counterpart_episodes.csv
ETG-only,sce-1m,sce1m_etg_run_0071,eval_run_0071_web_batch_20260622_141137,repeat_001,61,61,61,-24.0,-24.0,Loss,0.0,17,,98.0,nan,original_final_eval_subset_lower_mean_high_variation,selected_etg_counterpart_episodes.csv
ETG-only,sce-1m,sce1m_etg_run_0071,eval_run_0071_web_batch_20260622_141137,repeat_001,62,62,62,-21.0,-21.0,Loss,0.0,23,,95.0,nan,original_final_eval_subset_lower_mean_high_variation,selected_etg_counterpart_episodes.csv
ETG-only,sce-1m,sce1m_etg_run_0071,eval_run_0071_web_batch_20260622_141137,repeat_001,64,64,64,48.0,48.0,Win,1.0,15,,18.0,nan,original_final_eval_subset_lower_mean_high_variation,selected_etg_counterpart_episodes.csv
ETG-only,sce-1m,sce1m_etg_run_0071,eval_run_0071_web_batch_20260622_141137,repeat_001,65,65,65,24.0,24.0,Win,1.0,19,,52.0,nan,original_final_eval_subset_lower_mean_high_variation,selected_etg_counterpart_episodes.csv
ETG-only,sce-1m,sce1m_etg_run_0071,eval_run_0071_web_batch_20260622_141137,repeat_001,69,69,69,-12.0,-12.0,Loss,0.0,18,,89.0,nan,original_final_eval_subset_lower_mean_high_variation,selected_etg_counterpart_episodes.csv
ETG-only,sce-1m,sce1m_etg_run_0071,eval_run_0071_web_batch_20260622_141137,repeat_001,70,70,70,12.0,12.0,Win,1.0,20,,74.0,nan,original_final_eval_subset_lower_mean_high_variation,selected_etg_counterpart_episodes.csv
ETG-only,sce-1m,sce1m_etg_run_0071,eval_run_0071_web_batch_20260622_141137,repeat_001,72,72,72,36.0,36.0,Win,1.0,17,,32.0,nan,original_final_eval_subset_lower_mean_high_variation,selected_etg_counterpart_episodes.csv
ETG-only,sce-1m,sce1m_etg_run_0071,eval_run_0071_web_batch_20260622_141137,repeat_001,73,73,73,57.0,57.0,Win,1.0,13,,5.0,nan,original_final_eval_subset_lower_mean_high_variation,selected_etg_counterpart_episodes.csv
ETG-only,sce-1m,sce1m_etg_run_0071,eval_run_0071_web_batch_20260622_141137,repeat_001,75,75,75,24.0,24.0,Win,1.0,18,,53.0,nan,original_final_eval_subset_lower_mean_high_variation,selected_etg_counterpart_episodes.csv
ETG-only,sce-1m,sce1m_etg_run_0071,eval_run_0071_web_batch_20260622_141137,repeat_001,76,76,76,57.0,57.0,Win,1.0,14,,6.0,nan,original_final_eval_subset_lower_mean_high_variation,selected_etg_counterpart_episodes.csv
ETG-only,sce-1m,sce1m_etg_run_0071,eval_run_0071_web_batch_20260622_141137,repeat_001,77,77,77,24.0,24.0,Win,1.0,17,,54.0,nan,original_final_eval_subset_lower_mean_high_variation,selected_etg_counterpart_episodes.csv
ETG-only,sce-1m,sce1m_etg_run_0071,eval_run_0071_web_batch_20260622_141137,repeat_001,84,84,84,-3.0,-3.0,Loss,0.0,21,,82.0,nan,original_final_eval_subset_lower_mean_high_variation,selected_etg_counterpart_episodes.csv
ETG-only,sce-1m,sce1m_etg_run_0071,eval_run_0071_web_batch_20260622_141137,repeat_001,86,86,86,3.0,3.0,Win,1.0,20,,80.0,nan,original_final_eval_subset_lower_mean_high_variation,selected_etg_counterpart_episodes.csv
ETG-only,sce-1m,sce1m_etg_run_0071,eval_run_0071_web_batch_20260622_141137,repeat_001,88,88,88,24.0,24.0,Win,1.0,19,,55.0,nan,original_final_eval_subset_lower_mean_high_variation,selected_etg_counterpart_episodes.csv
ETG-only,sce-1m,sce1m_etg_run_0071,eval_run_0071_web_batch_20260622_141137,repeat_001,92,92,92,30.0,30.0,Win,1.0,18,,40.0,nan,original_final_eval_subset_lower_mean_high_variation,selected_etg_counterpart_episodes.csv
ETG-only,sce-1m,sce1m_etg_run_0071,eval_run_0071_web_batch_20260622_141137,repeat_001,94,94,94,24.0,24.0,Win,1.0,17,,56.0,nan,original_final_eval_subset_lower_mean_high_variation,selected_etg_counterpart_episodes.csv
ETG-only,sce-1m,sce1m_etg_run_0071,eval_run_0071_web_batch_20260622_141137,repeat_001,96,96,96,3.0,3.0,Win,1.0,25,,81.0,nan,original_final_eval_subset_lower_mean_high_variation,selected_etg_counterpart_episodes.csv
ETG-only,sce-1m,sce1m_etg_run_0071,eval_run_0071_web_batch_20260622_141137,repeat_001,102,102,102,33.0,33.0,Win,1.0,16,,36.0,nan,original_final_eval_subset_lower_mean_high_variation,selected_etg_counterpart_episodes.csv
ETG-only,sce-1m,sce1m_etg_run_0071,eval_run_0071_web_batch_20260622_141137,repeat_001,103,103,103,54.0,54.0,Win,1.0,15,,10.0,nan,original_final_eval_subset_lower_mean_high_variation,selected_etg_counterpart_episodes.csv
ETG-only,sce-1m,sce1m_etg_run_0071,eval_run_0071_web_batch_20260622_141137,repeat_001,105,105,105,18.0,18.0,Win,1.0,19,,64.0,nan,original_final_eval_subset_lower_mean_high_variation,selected_etg_counterpart_episodes.csv
ETG-only,sce-1m,sce1m_etg_run_0071,eval_run_0071_web_batch_20260622_141137,repeat_001,110,110,110,27.0,27.0,Win,1.0,16,,46.0,nan,original_final_eval_subset_lower_mean_high_variation,selected_etg_counterpart_episodes.csv
ETG-only,sce-1m,sce1m_etg_run_0071,eval_run_0071_web_batch_20260622_141137,repeat_001,111,111,111,-18.0,-18.0,Loss,0.0,16,,91.0,nan,original_final_eval_subset_lower_mean_high_variation,selected_etg_counterpart_episodes.csv
ETG-only,sce-1m,sce1m_etg_run_0071,eval_run_0071_web_batch_20260622_141137,repeat_001,114,114,114,45.0,45.0,Win,1.0,14,,21.0,nan,original_final_eval_subset_lower_mean_high_variation,selected_etg_counterpart_episodes.csv
ETG-only,sce-1m,sce1m_etg_run_0071,eval_run_0071_web_batch_20260622_141137,repeat_001,116,116,116,57.0,57.0,Win,1.0,14,,7.0,nan,original_final_eval_subset_lower_mean_high_variation,selected_etg_counterpart_episodes.csv
ETG-only,sce-1m,sce1m_etg_run_0071,eval_run_0071_web_batch_20260622_141137,repeat_001,117,117,117,-18.0,-18.0,Loss,0.0,19,,92.0,nan,original_final_eval_subset_lower_mean_high_variation,selected_etg_counterpart_episodes.csv
ETG-only,sce-1m,sce1m_etg_run_0071,eval_run_0071_web_batch_20260622_141137,repeat_001,120,120,120,36.0,36.0,Win,1.0,18,,33.0,nan,original_final_eval_subset_lower_mean_high_variation,selected_etg_counterpart_episodes.csv
ETG-only,sce-1m,sce1m_etg_run_0071,eval_run_0071_web_batch_20260622_141137,repeat_001,123,123,123,18.0,18.0,Win,1.0,19,,65.0,nan,original_final_eval_subset_lower_mean_high_variation,selected_etg_counterpart_episodes.csv
ETG-only,sce-1m,sce1m_etg_run_0071,eval_run_0071_web_batch_20260622_141137,repeat_001,126,126,126,27.0,27.0,Win,1.0,17,,47.0,nan,original_final_eval_subset_lower_mean_high_variation,selected_etg_counterpart_episodes.csv
ETG-only,sce-1m,sce1m_etg_run_0071,eval_run_0071_web_batch_20260622_141137,repeat_001,128,128,128,30.0,30.0,Win,1.0,17,,41.0,nan,original_final_eval_subset_lower_mean_high_variation,selected_etg_counterpart_episodes.csv
ETG-only,sce-1m,sce1m_etg_run_0071,eval_run_0071_web_batch_20260622_141137,repeat_001,130,130,130,-33.0,-33.0,Loss,0.0,15,,99.0,nan,original_final_eval_subset_lower_mean_high_variation,selected_etg_counterpart_episodes.csv
ETG-only,sce-1m,sce1m_etg_run_0071,eval_run_0071_web_batch_20260622_141137,repeat_001,134,134,134,27.0,27.0,Win,1.0,17,,48.0,nan,original_final_eval_subset_lower_mean_high_variation,selected_etg_counterpart_episodes.csv
ETG-only,sce-1m,sce1m_etg_run_0071,eval_run_0071_web_batch_20260622_141137,repeat_001,138,138,138,48.0,48.0,Win,1.0,14,,19.0,nan,original_final_eval_subset_lower_mean_high_variation,selected_etg_counterpart_episodes.csv
ETG-only,sce-1m,sce1m_etg_run_0071,eval_run_0071_web_batch_20260622_141137,repeat_001,140,140,140,51.0,51.0,Win,1.0,13,,13.0,nan,original_final_eval_subset_lower_mean_high_variation,selected_etg_counterpart_episodes.csv
ETG-only,sce-1m,sce1m_etg_run_0071,eval_run_0071_web_batch_20260622_141137,repeat_001,141,141,141,18.0,18.0,Win,1.0,18,,66.0,nan,original_final_eval_subset_lower_mean_high_variation,selected_etg_counterpart_episodes.csv
ETG-only,sce-1m,sce1m_etg_run_0071,eval_run_0071_web_batch_20260622_141137,repeat_001,146,146,146,-9.0,-9.0,Loss,0.0,20,,86.0,nan,original_final_eval_subset_lower_mean_high_variation,selected_etg_counterpart_episodes.csv
ETG-only,sce-1m,sce1m_etg_run_0071,eval_run_0071_web_batch_20260622_141137,repeat_001,153,153,153,18.0,18.0,Win,1.0,18,,67.0,nan,original_final_eval_subset_lower_mean_high_variation,selected_etg_counterpart_episodes.csv
ETG-only,sce-1m,sce1m_etg_run_0071,eval_run_0071_web_batch_20260622_141137,repeat_001,156,156,156,-9.0,-9.0,Loss,0.0,22,,87.0,nan,original_final_eval_subset_lower_mean_high_variation,selected_etg_counterpart_episodes.csv
ETG-only,sce-1m,sce1m_etg_run_0071,eval_run_0071_web_batch_20260622_141137,repeat_001,161,161,161,-3.0,-3.0,Loss,0.0,19,,83.0,nan,original_final_eval_subset_lower_mean_high_variation,selected_etg_counterpart_episodes.csv
ETG-only,sce-1m,sce1m_etg_run_0071,eval_run_0071_web_batch_20260622_141137,repeat_001,163,163,163,42.0,42.0,Win,1.0,16,,24.0,nan,original_final_eval_subset_lower_mean_high_variation,selected_etg_counterpart_episodes.csv
ETG-only,sce-1m,sce1m_etg_run_0071,eval_run_0071_web_batch_20260622_141137,repeat_001,168,168,168,24.0,24.0,Win,1.0,18,,57.0,nan,original_final_eval_subset_lower_mean_high_variation,selected_etg_counterpart_episodes.csv
ETG-only,sce-1m,sce1m_etg_run_0071,eval_run_0071_web_batch_20260622_141137,repeat_001,175,175,175,63.0,63.0,Win,1.0,14,,1.0,nan,original_final_eval_subset_lower_mean_high_variation,selected_etg_counterpart_episodes.csv
ETG-only,sce-1m,sce1m_etg_run_0071,eval_run_0071_web_batch_20260622_141137,repeat_001,177,177,177,42.0,42.0,Win,1.0,16,,25.0,nan,original_final_eval_subset_lower_mean_high_variation,selected_etg_counterpart_episodes.csv
ETG-only,sce-1m,sce1m_etg_run_0071,eval_run_0071_web_batch_20260622_141137,repeat_001,178,178,178,51.0,51.0,Win,1.0,14,,14.0,nan,original_final_eval_subset_lower_mean_high_variation,selected_etg_counterpart_episodes.csv
ETG-only,sce-1m,sce1m_etg_run_0071,eval_run_0071_web_batch_20260622_141137,repeat_001,179,179,179,18.0,18.0,Win,1.0,19,,68.0,nan,original_final_eval_subset_lower_mean_high_variation,selected_etg_counterpart_episodes.csv
ETG-only,sce-1m,sce1m_etg_run_0071,eval_run_0071_web_batch_20260622_141137,repeat_001,181,181,181,30.0,30.0,Win,1.0,16,,42.0,nan,original_final_eval_subset_lower_mean_high_variation,selected_etg_counterpart_episodes.csv
ETG-only,sce-1m,sce1m_etg_run_0071,eval_run_0071_web_batch_20260622_141137,repeat_001,184,184,184,24.0,24.0,Win,1.0,19,,58.0,nan,original_final_eval_subset_lower_mean_high_variation,selected_etg_counterpart_episodes.csv
ETG-only,sce-1m,sce1m_etg_run_0071,eval_run_0071_web_batch_20260622_141137,repeat_001,192,192,192,48.0,48.0,Win,1.0,16,,20.0,nan,original_final_eval_subset_lower_mean_high_variation,selected_etg_counterpart_episodes.csv
ETG-only,sce-1m,sce1m_etg_run_0071,eval_run_0071_web_batch_20260622_141137,repeat_001,195,195,195,-33.0,-33.0,Loss,0.0,18,,100.0,nan,original_final_eval_subset_lower_mean_high_variation,selected_etg_counterpart_episodes.csv
ETG-only,sce-1m,sce1m_etg_run_0071,eval_run_0071_web_batch_20260622_141137,repeat_001,197,197,197,12.0,12.0,Win,1.0,17,,75.0,nan,original_final_eval_subset_lower_mean_high_variation,selected_etg_counterpart_episodes.csv
ETG-only,sce-1m,sce1m_etg_run_0071,eval_run_0071_web_batch_20260622_141137,repeat_001,199,199,199,18.0,18.0,Win,1.0,19,,69.0,nan,original_final_eval_subset_lower_mean_high_variation,selected_etg_counterpart_episodes.csv
ETG-only,sce-1m,sce1m_etg_run_0071,eval_run_0071_web_batch_20260622_141137,repeat_001,201,201,201,45.0,45.0,Win,1.0,14,,22.0,nan,original_final_eval_subset_lower_mean_high_variation,selected_etg_counterpart_episodes.csv
ETG-only,sce-1m,sce1m_etg_run_0071,eval_run_0071_web_batch_20260622_141137,repeat_001,209,209,209,-18.0,-18.0,Loss,0.0,19,,93.0,nan,original_final_eval_subset_lower_mean_high_variation,selected_etg_counterpart_episodes.csv
ETG-only,sce-1m,sce1m_etg_run_0071,eval_run_0071_web_batch_20260622_141137,repeat_001,222,222,222,51.0,51.0,Win,1.0,14,,15.0,nan,original_final_eval_subset_lower_mean_high_variation,selected_etg_counterpart_episodes.csv
ETG-only,sce-1m,sce1m_etg_run_0071,eval_run_0071_web_batch_20260622_141137,repeat_001,226,226,226,-18.0,-18.0,Loss,0.0,19,,94.0,nan,original_final_eval_subset_lower_mean_high_variation,selected_etg_counterpart_episodes.csv
ETG-only,sce-1m,sce1m_etg_run_0071,eval_run_0071_web_batch_20260622_141137,repeat_001,227,227,227,27.0,27.0,Win,1.0,20,,49.0,nan,original_final_eval_subset_lower_mean_high_variation,selected_etg_counterpart_episodes.csv
ETG-only,sce-1m,sce1m_etg_run_0071,eval_run_0071_web_batch_20260622_141137,repeat_001,229,229,229,42.0,42.0,Win,1.0,16,,26.0,nan,original_final_eval_subset_lower_mean_high_variation,selected_etg_counterpart_episodes.csv
ETG-only,sce-1m,sce1m_etg_run_0071,eval_run_0071_web_batch_20260622_141137,repeat_001,231,231,231,12.0,12.0,Win,1.0,19,,76.0,nan,original_final_eval_subset_lower_mean_high_variation,selected_etg_counterpart_episodes.csv
ETG-only,sce-1m,sce1m_etg_run_0071,eval_run_0071_web_batch_20260622_141137,repeat_001,236,236,236,-3.0,-3.0,Loss,0.0,20,,84.0,nan,original_final_eval_subset_lower_mean_high_variation,selected_etg_counterpart_episodes.csv
ETG-only,sce-1m,sce1m_etg_run_0071,eval_run_0071_web_batch_20260622_141137,repeat_001,238,238,238,24.0,24.0,Win,1.0,18,,59.0,nan,original_final_eval_subset_lower_mean_high_variation,selected_etg_counterpart_episodes.csv
ETG-only,sce-1m,sce1m_etg_run_0071,eval_run_0071_web_batch_20260622_141137,repeat_001,242,242,242,9.0,9.0,Win,1.0,21,,78.0,nan,original_final_eval_subset_lower_mean_high_variation,selected_etg_counterpart_episodes.csv
ETG-only,sce-1m,sce1m_etg_run_0071,eval_run_0071_web_batch_20260622_141137,repeat_001,250,250,250,42.0,42.0,Win,1.0,15,,27.0,nan,original_final_eval_subset_lower_mean_high_variation,selected_etg_counterpart_episodes.csv
ETG-only,sce-1m,sce1m_etg_run_0071,eval_run_0071_web_batch_20260622_141137,repeat_001,253,253,253,33.0,33.0,Win,1.0,16,,37.0,nan,original_final_eval_subset_lower_mean_high_variation,selected_etg_counterpart_episodes.csv
ETG-only,sce-1m,sce1m_etg_run_0071,eval_run_0071_web_batch_20260622_141137,repeat_001,254,254,254,54.0,54.0,Win,1.0,14,,11.0,nan,original_final_eval_subset_lower_mean_high_variation,selected_etg_counterpart_episodes.csv
ETG-only,sce-1m,sce1m_etg_run_0071,eval_run_0071_web_batch_20260622_141137,repeat_001,255,255,255,18.0,18.0,Win,1.0,18,,70.0,nan,original_final_eval_subset_lower_mean_high_variation,selected_etg_counterpart_episodes.csv
ETG-only,sce-1m,sce1m_etg_run_0071,eval_run_0071_web_batch_20260622_141137,repeat_001,266,266,266,12.0,12.0,Win,1.0,19,,77.0,nan,original_final_eval_subset_lower_mean_high_variation,selected_etg_counterpart_episodes.csv
ETG-only,sce-1m,sce1m_etg_run_0071,eval_run_0071_web_batch_20260622_141137,repeat_001,270,270,270,51.0,51.0,Win,1.0,14,,16.0,nan,original_final_eval_subset_lower_mean_high_variation,selected_etg_counterpart_episodes.csv
ETG-only,sce-1m,sce1m_etg_run_0071,eval_run_0071_web_batch_20260622_141137,repeat_001,272,272,272,-3.0,-3.0,Loss,0.0,20,,85.0,nan,original_final_eval_subset_lower_mean_high_variation,selected_etg_counterpart_episodes.csv
ETG-only,sce-1m,sce1m_etg_run_0071,eval_run_0071_web_batch_20260622_141137,repeat_001,278,278,278,30.0,30.0,Win,1.0,16,,43.0,nan,original_final_eval_subset_lower_mean_high_variation,selected_etg_counterpart_episodes.csv
ETG-only,sce-1m,sce1m_etg_run_0071,eval_run_0071_web_batch_20260622_141137,repeat_001,279,279,279,42.0,42.0,Win,1.0,15,,28.0,nan,original_final_eval_subset_lower_mean_high_variation,selected_etg_counterpart_episodes.csv
ETG-only,sce-1m,sce1m_etg_run_0071,eval_run_0071_web_batch_20260622_141137,repeat_001,280,280,280,39.0,39.0,Win,1.0,16,,29.0,nan,original_final_eval_subset_lower_mean_high_variation,selected_etg_counterpart_episodes.csv
ETG-only,sce-1m,sce1m_etg_run_0071,eval_run_0071_web_batch_20260622_141137,repeat_001,288,288,288,24.0,24.0,Win,1.0,16,,60.0,nan,original_final_eval_subset_lower_mean_high_variation,selected_etg_counterpart_episodes.csv
ETG-only,sce-1m,sce1m_etg_run_0071,eval_run_0071_web_batch_20260622_141137,repeat_001,289,289,289,-12.0,-12.0,Loss,0.0,18,,90.0,nan,original_final_eval_subset_lower_mean_high_variation,selected_etg_counterpart_episodes.csv
ETG-only,sce-1m,sce1m_etg_run_0071,eval_run_0071_web_batch_20260622_141137,repeat_001,290,290,290,57.0,57.0,Win,1.0,14,,8.0,nan,original_final_eval_subset_lower_mean_high_variation,selected_etg_counterpart_episodes.csv
ETG-only,sce-1m,sce1m_etg_run_0071,eval_run_0071_web_batch_20260622_141137,repeat_001,294,294,294,-9.0,-9.0,Loss,0.0,20,,88.0,nan,original_final_eval_subset_lower_mean_high_variation,selected_etg_counterpart_episodes.csv
ETG-only,sce-1m,sce1m_etg_run_0071,eval_run_0071_web_batch_20260622_141137,repeat_001,296,296,296,57.0,57.0,Win,1.0,15,,9.0,nan,original_final_eval_subset_lower_mean_high_variation,selected_etg_counterpart_episodes.csv
ETG-only,sce-1m,sce1m_etg_run_0071,eval_run_0071_web_batch_20260622_141137,repeat_001,297,297,297,51.0,51.0,Win,1.0,14,,17.0,nan,original_final_eval_subset_lower_mean_high_variation,selected_etg_counterpart_episodes.csv
ETG-only,sce-1m,sce1m_etg_run_0071,eval_run_0071_web_batch_20260622_141137,repeat_001,299,299,299,-21.0,-21.0,Loss,0.0,19,,96.0,nan,original_final_eval_subset_lower_mean_high_variation,selected_etg_counterpart_episodes.csv
ETG-only,sce-1m,sce1m_etg_run_0071,eval_run_0071_web_batch_20260622_141137,repeat_001,300,300,300,36.0,36.0,Win,1.0,15,,34.0,nan,original_final_eval_subset_lower_mean_high_variation,selected_etg_counterpart_episodes.csv
ETG-only,sce-2,sce2_etg_run_0069,eval_run_0069_web_batch_20260622_141137,repeat_001,1,1,1,63.0,63.0,Win,1.0,13,,83.0,nan,original_final_eval_subset_lower_mean_high_variation,selected_etg_counterpart_episodes.csv
ETG-only,sce-2,sce2_etg_run_0069,eval_run_0069_web_batch_20260622_141137,repeat_001,4,4,4,84.0,84.0,Win,1.0,12,,1.0,nan,original_final_eval_subset_lower_mean_high_variation,selected_etg_counterpart_episodes.csv
ETG-only,sce-2,sce2_etg_run_0069,eval_run_0069_web_batch_20260622_141137,repeat_001,7,7,7,66.0,66.0,Win,1.0,15,,77.0,nan,original_final_eval_subset_lower_mean_high_variation,selected_etg_counterpart_episodes.csv
ETG-only,sce-2,sce2_etg_run_0069,eval_run_0069_web_batch_20260622_141137,repeat_001,11,11,11,78.0,78.0,Win,1.0,12,,21.0,nan,original_final_eval_subset_lower_mean_high_variation,selected_etg_counterpart_episodes.csv
ETG-only,sce-2,sce2_etg_run_0069,eval_run_0069_web_batch_20260622_141137,repeat_001,12,12,12,75.0,75.0,Win,1.0,13,,41.0,nan,original_final_eval_subset_lower_mean_high_variation,selected_etg_counterpart_episodes.csv
ETG-only,sce-2,sce2_etg_run_0069,eval_run_0069_web_batch_20260622_141137,repeat_001,13,13,13,57.0,57.0,Win,1.0,12,,97.0,nan,original_final_eval_subset_lower_mean_high_variation,selected_etg_counterpart_episodes.csv
ETG-only,sce-2,sce2_etg_run_0069,eval_run_0069_web_batch_20260622_141137,repeat_001,15,15,15,78.0,78.0,Win,1.0,12,,22.0,nan,original_final_eval_subset_lower_mean_high_variation,selected_etg_counterpart_episodes.csv
ETG-only,sce-2,sce2_etg_run_0069,eval_run_0069_web_batch_20260622_141137,repeat_001,18,18,18,63.0,63.0,Win,1.0,12,,84.0,nan,original_final_eval_subset_lower_mean_high_variation,selected_etg_counterpart_episodes.csv
ETG-only,sce-2,sce2_etg_run_0069,eval_run_0069_web_batch_20260622_141137,repeat_001,22,22,22,84.0,84.0,Win,1.0,12,,2.0,nan,original_final_eval_subset_lower_mean_high_variation,selected_etg_counterpart_episodes.csv
ETG-only,sce-2,sce2_etg_run_0069,eval_run_0069_web_batch_20260622_141137,repeat_001,24,24,24,72.0,72.0,Win,1.0,12,,52.0,nan,original_final_eval_subset_lower_mean_high_variation,selected_etg_counterpart_episodes.csv
ETG-only,sce-2,sce2_etg_run_0069,eval_run_0069_web_batch_20260622_141137,repeat_001,27,27,27,72.0,72.0,Win,1.0,14,,53.0,nan,original_final_eval_subset_lower_mean_high_variation,selected_etg_counterpart_episodes.csv
ETG-only,sce-2,sce2_etg_run_0069,eval_run_0069_web_batch_20260622_141137,repeat_001,30,30,30,69.0,69.0,Win,1.0,13,,68.0,nan,original_final_eval_subset_lower_mean_high_variation,selected_etg_counterpart_episodes.csv
ETG-only,sce-2,sce2_etg_run_0069,eval_run_0069_web_batch_20260622_141137,repeat_001,31,31,31,60.0,60.0,Win,1.0,15,,91.0,nan,original_final_eval_subset_lower_mean_high_variation,selected_etg_counterpart_episodes.csv
ETG-only,sce-2,sce2_etg_run_0069,eval_run_0069_web_batch_20260622_141137,repeat_001,33,33,33,66.0,66.0,Win,1.0,13,,78.0,nan,original_final_eval_subset_lower_mean_high_variation,selected_etg_counterpart_episodes.csv
ETG-only,sce-2,sce2_etg_run_0069,eval_run_0069_web_batch_20260622_141137,repeat_001,40,40,40,66.0,66.0,Win,1.0,13,,79.0,nan,original_final_eval_subset_lower_mean_high_variation,selected_etg_counterpart_episodes.csv
ETG-only,sce-2,sce2_etg_run_0069,eval_run_0069_web_batch_20260622_141137,repeat_001,43,43,43,72.0,72.0,Win,1.0,12,,54.0,nan,original_final_eval_subset_lower_mean_high_variation,selected_etg_counterpart_episodes.csv
ETG-only,sce-2,sce2_etg_run_0069,eval_run_0069_web_batch_20260622_141137,repeat_001,44,44,44,69.0,69.0,Win,1.0,13,,69.0,nan,original_final_eval_subset_lower_mean_high_variation,selected_etg_counterpart_episodes.csv
ETG-only,sce-2,sce2_etg_run_0069,eval_run_0069_web_batch_20260622_141137,repeat_001,45,45,45,57.0,57.0,Win,1.0,13,,98.0,nan,original_final_eval_subset_lower_mean_high_variation,selected_etg_counterpart_episodes.csv
ETG-only,sce-2,sce2_etg_run_0069,eval_run_0069_web_batch_20260622_141137,repeat_001,47,47,47,72.0,72.0,Win,1.0,12,,55.0,nan,original_final_eval_subset_lower_mean_high_variation,selected_etg_counterpart_episodes.csv
ETG-only,sce-2,sce2_etg_run_0069,eval_run_0069_web_batch_20260622_141137,repeat_001,49,49,49,72.0,72.0,Win,1.0,12,,56.0,nan,original_final_eval_subset_lower_mean_high_variation,selected_etg_counterpart_episodes.csv
ETG-only,sce-2,sce2_etg_run_0069,eval_run_0069_web_batch_20260622_141137,repeat_001,54,54,54,72.0,72.0,Win,1.0,12,,57.0,nan,original_final_eval_subset_lower_mean_high_variation,selected_etg_counterpart_episodes.csv
ETG-only,sce-2,sce2_etg_run_0069,eval_run_0069_web_batch_20260622_141137,repeat_001,58,58,58,72.0,72.0,Win,1.0,12,,58.0,nan,original_final_eval_subset_lower_mean_high_variation,selected_etg_counterpart_episodes.csv
ETG-only,sce-2,sce2_etg_run_0069,eval_run_0069_web_batch_20260622_141137,repeat_001,60,60,60,54.0,54.0,Win,1.0,14,,100.0,nan,original_final_eval_subset_lower_mean_high_variation,selected_etg_counterpart_episodes.csv
ETG-only,sce-2,sce2_etg_run_0069,eval_run_0069_web_batch_20260622_141137,repeat_001,61,61,61,60.0,60.0,Win,1.0,15,,92.0,nan,original_final_eval_subset_lower_mean_high_variation,selected_etg_counterpart_episodes.csv
ETG-only,sce-2,sce2_etg_run_0069,eval_run_0069_web_batch_20260622_141137,repeat_001,65,65,65,66.0,66.0,Win,1.0,12,,80.0,nan,original_final_eval_subset_lower_mean_high_variation,selected_etg_counterpart_episodes.csv
ETG-only,sce-2,sce2_etg_run_0069,eval_run_0069_web_batch_20260622_141137,repeat_001,76,76,76,60.0,60.0,Win,1.0,14,,93.0,nan,original_final_eval_subset_lower_mean_high_variation,selected_etg_counterpart_episodes.csv
ETG-only,sce-2,sce2_etg_run_0069,eval_run_0069_web_batch_20260622_141137,repeat_001,82,82,82,69.0,69.0,Win,1.0,13,,70.0,nan,original_final_eval_subset_lower_mean_high_variation,selected_etg_counterpart_episodes.csv
ETG-only,sce-2,sce2_etg_run_0069,eval_run_0069_web_batch_20260622_141137,repeat_001,83,83,83,69.0,69.0,Win,1.0,12,,71.0,nan,original_final_eval_subset_lower_mean_high_variation,selected_etg_counterpart_episodes.csv
ETG-only,sce-2,sce2_etg_run_0069,eval_run_0069_web_batch_20260622_141137,repeat_001,85,85,85,69.0,69.0,Win,1.0,13,,72.0,nan,original_final_eval_subset_lower_mean_high_variation,selected_etg_counterpart_episodes.csv
ETG-only,sce-2,sce2_etg_run_0069,eval_run_0069_web_batch_20260622_141137,repeat_001,88,88,88,75.0,75.0,Win,1.0,12,,42.0,nan,original_final_eval_subset_lower_mean_high_variation,selected_etg_counterpart_episodes.csv
ETG-only,sce-2,sce2_etg_run_0069,eval_run_0069_web_batch_20260622_141137,repeat_001,89,89,89,78.0,78.0,Win,1.0,12,,23.0,nan,original_final_eval_subset_lower_mean_high_variation,selected_etg_counterpart_episodes.csv
ETG-only,sce-2,sce2_etg_run_0069,eval_run_0069_web_batch_20260622_141137,repeat_001,90,90,90,78.0,78.0,Win,1.0,12,,24.0,nan,original_final_eval_subset_lower_mean_high_variation,selected_etg_counterpart_episodes.csv
ETG-only,sce-2,sce2_etg_run_0069,eval_run_0069_web_batch_20260622_141137,repeat_001,91,91,91,75.0,75.0,Win,1.0,13,,43.0,nan,original_final_eval_subset_lower_mean_high_variation,selected_etg_counterpart_episodes.csv
ETG-only,sce-2,sce2_etg_run_0069,eval_run_0069_web_batch_20260622_141137,repeat_001,92,92,92,78.0,78.0,Win,1.0,12,,25.0,nan,original_final_eval_subset_lower_mean_high_variation,selected_etg_counterpart_episodes.csv
ETG-only,sce-2,sce2_etg_run_0069,eval_run_0069_web_batch_20260622_141137,repeat_001,94,94,94,78.0,78.0,Win,1.0,12,,26.0,nan,original_final_eval_subset_lower_mean_high_variation,selected_etg_counterpart_episodes.csv
ETG-only,sce-2,sce2_etg_run_0069,eval_run_0069_web_batch_20260622_141137,repeat_001,96,96,96,84.0,84.0,Win,1.0,12,,3.0,nan,original_final_eval_subset_lower_mean_high_variation,selected_etg_counterpart_episodes.csv
ETG-only,sce-2,sce2_etg_run_0069,eval_run_0069_web_batch_20260622_141137,repeat_001,98,98,98,72.0,72.0,Win,1.0,12,,59.0,nan,original_final_eval_subset_lower_mean_high_variation,selected_etg_counterpart_episodes.csv
ETG-only,sce-2,sce2_etg_run_0069,eval_run_0069_web_batch_20260622_141137,repeat_001,103,103,103,84.0,84.0,Win,1.0,12,,4.0,nan,original_final_eval_subset_lower_mean_high_variation,selected_etg_counterpart_episodes.csv
ETG-only,sce-2,sce2_etg_run_0069,eval_run_0069_web_batch_20260622_141137,repeat_001,107,107,107,63.0,63.0,Win,1.0,14,,85.0,nan,original_final_eval_subset_lower_mean_high_variation,selected_etg_counterpart_episodes.csv
ETG-only,sce-2,sce2_etg_run_0069,eval_run_0069_web_batch_20260622_141137,repeat_001,111,111,111,72.0,72.0,Win,1.0,12,,60.0,nan,original_final_eval_subset_lower_mean_high_variation,selected_etg_counterpart_episodes.csv
ETG-only,sce-2,sce2_etg_run_0069,eval_run_0069_web_batch_20260622_141137,repeat_001,112,112,112,78.0,78.0,Win,1.0,12,,27.0,nan,original_final_eval_subset_lower_mean_high_variation,selected_etg_counterpart_episodes.csv
ETG-only,sce-2,sce2_etg_run_0069,eval_run_0069_web_batch_20260622_141137,repeat_001,116,116,116,78.0,78.0,Win,1.0,12,,28.0,nan,original_final_eval_subset_lower_mean_high_variation,selected_etg_counterpart_episodes.csv
ETG-only,sce-2,sce2_etg_run_0069,eval_run_0069_web_batch_20260622_141137,repeat_001,120,120,120,60.0,60.0,Win,1.0,13,,94.0,nan,original_final_eval_subset_lower_mean_high_variation,selected_etg_counterpart_episodes.csv
ETG-only,sce-2,sce2_etg_run_0069,eval_run_0069_web_batch_20260622_141137,repeat_001,122,122,122,60.0,60.0,Win,1.0,15,,95.0,nan,original_final_eval_subset_lower_mean_high_variation,selected_etg_counterpart_episodes.csv
ETG-only,sce-2,sce2_etg_run_0069,eval_run_0069_web_batch_20260622_141137,repeat_001,123,123,123,57.0,57.0,Win,1.0,13,,99.0,nan,original_final_eval_subset_lower_mean_high_variation,selected_etg_counterpart_episodes.csv
ETG-only,sce-2,sce2_etg_run_0069,eval_run_0069_web_batch_20260622_141137,repeat_001,127,127,127,75.0,75.0,Win,1.0,13,,44.0,nan,original_final_eval_subset_lower_mean_high_variation,selected_etg_counterpart_episodes.csv
ETG-only,sce-2,sce2_etg_run_0069,eval_run_0069_web_batch_20260622_141137,repeat_001,128,128,128,84.0,84.0,Win,1.0,12,,5.0,nan,original_final_eval_subset_lower_mean_high_variation,selected_etg_counterpart_episodes.csv
ETG-only,sce-2,sce2_etg_run_0069,eval_run_0069_web_batch_20260622_141137,repeat_001,129,129,129,75.0,75.0,Win,1.0,12,,45.0,nan,original_final_eval_subset_lower_mean_high_variation,selected_etg_counterpart_episodes.csv
ETG-only,sce-2,sce2_etg_run_0069,eval_run_0069_web_batch_20260622_141137,repeat_001,133,133,133,69.0,69.0,Win,1.0,13,,73.0,nan,original_final_eval_subset_lower_mean_high_variation,selected_etg_counterpart_episodes.csv
ETG-only,sce-2,sce2_etg_run_0069,eval_run_0069_web_batch_20260622_141137,repeat_001,140,140,140,81.0,81.0,Win,1.0,13,,17.0,nan,original_final_eval_subset_lower_mean_high_variation,selected_etg_counterpart_episodes.csv
ETG-only,sce-2,sce2_etg_run_0069,eval_run_0069_web_batch_20260622_141137,repeat_001,142,142,142,63.0,63.0,Win,1.0,13,,86.0,nan,original_final_eval_subset_lower_mean_high_variation,selected_etg_counterpart_episodes.csv
ETG-only,sce-2,sce2_etg_run_0069,eval_run_0069_web_batch_20260622_141137,repeat_001,143,143,143,78.0,78.0,Win,1.0,12,,29.0,nan,original_final_eval_subset_lower_mean_high_variation,selected_etg_counterpart_episodes.csv
ETG-only,sce-2,sce2_etg_run_0069,eval_run_0069_web_batch_20260622_141137,repeat_001,145,145,145,69.0,69.0,Win,1.0,12,,74.0,nan,original_final_eval_subset_lower_mean_high_variation,selected_etg_counterpart_episodes.csv
ETG-only,sce-2,sce2_etg_run_0069,eval_run_0069_web_batch_20260622_141137,repeat_001,148,148,148,78.0,78.0,Win,1.0,12,,30.0,nan,original_final_eval_subset_lower_mean_high_variation,selected_etg_counterpart_episodes.csv
ETG-only,sce-2,sce2_etg_run_0069,eval_run_0069_web_batch_20260622_141137,repeat_001,150,150,150,84.0,84.0,Win,1.0,12,,6.0,nan,original_final_eval_subset_lower_mean_high_variation,selected_etg_counterpart_episodes.csv
ETG-only,sce-2,sce2_etg_run_0069,eval_run_0069_web_batch_20260622_141137,repeat_001,153,153,153,78.0,78.0,Win,1.0,12,,31.0,nan,original_final_eval_subset_lower_mean_high_variation,selected_etg_counterpart_episodes.csv
ETG-only,sce-2,sce2_etg_run_0069,eval_run_0069_web_batch_20260622_141137,repeat_001,155,155,155,78.0,78.0,Win,1.0,12,,32.0,nan,original_final_eval_subset_lower_mean_high_variation,selected_etg_counterpart_episodes.csv
ETG-only,sce-2,sce2_etg_run_0069,eval_run_0069_web_batch_20260622_141137,repeat_001,159,159,159,60.0,60.0,Win,1.0,14,,96.0,nan,original_final_eval_subset_lower_mean_high_variation,selected_etg_counterpart_episodes.csv
ETG-only,sce-2,sce2_etg_run_0069,eval_run_0069_web_batch_20260622_141137,repeat_001,160,160,160,75.0,75.0,Win,1.0,12,,46.0,nan,original_final_eval_subset_lower_mean_high_variation,selected_etg_counterpart_episodes.csv
ETG-only,sce-2,sce2_etg_run_0069,eval_run_0069_web_batch_20260622_141137,repeat_001,161,161,161,72.0,72.0,Win,1.0,12,,61.0,nan,original_final_eval_subset_lower_mean_high_variation,selected_etg_counterpart_episodes.csv
ETG-only,sce-2,sce2_etg_run_0069,eval_run_0069_web_batch_20260622_141137,repeat_001,166,166,166,84.0,84.0,Win,1.0,12,,7.0,nan,original_final_eval_subset_lower_mean_high_variation,selected_etg_counterpart_episodes.csv
ETG-only,sce-2,sce2_etg_run_0069,eval_run_0069_web_batch_20260622_141137,repeat_001,168,168,168,78.0,78.0,Win,1.0,12,,33.0,nan,original_final_eval_subset_lower_mean_high_variation,selected_etg_counterpart_episodes.csv
ETG-only,sce-2,sce2_etg_run_0069,eval_run_0069_web_batch_20260622_141137,repeat_001,180,180,180,84.0,84.0,Win,1.0,12,,8.0,nan,original_final_eval_subset_lower_mean_high_variation,selected_etg_counterpart_episodes.csv
ETG-only,sce-2,sce2_etg_run_0069,eval_run_0069_web_batch_20260622_141137,repeat_001,182,182,182,84.0,84.0,Win,1.0,12,,9.0,nan,original_final_eval_subset_lower_mean_high_variation,selected_etg_counterpart_episodes.csv
ETG-only,sce-2,sce2_etg_run_0069,eval_run_0069_web_batch_20260622_141137,repeat_001,186,186,186,78.0,78.0,Win,1.0,12,,34.0,nan,original_final_eval_subset_lower_mean_high_variation,selected_etg_counterpart_episodes.csv
ETG-only,sce-2,sce2_etg_run_0069,eval_run_0069_web_batch_20260622_141137,repeat_001,189,189,189,75.0,75.0,Win,1.0,13,,47.0,nan,original_final_eval_subset_lower_mean_high_variation,selected_etg_counterpart_episodes.csv
ETG-only,sce-2,sce2_etg_run_0069,eval_run_0069_web_batch_20260622_141137,repeat_001,193,193,193,81.0,81.0,Win,1.0,13,,18.0,nan,original_final_eval_subset_lower_mean_high_variation,selected_etg_counterpart_episodes.csv
ETG-only,sce-2,sce2_etg_run_0069,eval_run_0069_web_batch_20260622_141137,repeat_001,194,194,194,72.0,72.0,Win,1.0,12,,62.0,nan,original_final_eval_subset_lower_mean_high_variation,selected_etg_counterpart_episodes.csv
ETG-only,sce-2,sce2_etg_run_0069,eval_run_0069_web_batch_20260622_141137,repeat_001,196,196,196,84.0,84.0,Win,1.0,12,,10.0,nan,original_final_eval_subset_lower_mean_high_variation,selected_etg_counterpart_episodes.csv
ETG-only,sce-2,sce2_etg_run_0069,eval_run_0069_web_batch_20260622_141137,repeat_001,199,199,199,63.0,63.0,Win,1.0,13,,87.0,nan,original_final_eval_subset_lower_mean_high_variation,selected_etg_counterpart_episodes.csv
ETG-only,sce-2,sce2_etg_run_0069,eval_run_0069_web_batch_20260622_141137,repeat_001,204,204,204,78.0,78.0,Win,1.0,12,,35.0,nan,original_final_eval_subset_lower_mean_high_variation,selected_etg_counterpart_episodes.csv
ETG-only,sce-2,sce2_etg_run_0069,eval_run_0069_web_batch_20260622_141137,repeat_001,205,205,205,72.0,72.0,Win,1.0,12,,63.0,nan,original_final_eval_subset_lower_mean_high_variation,selected_etg_counterpart_episodes.csv
ETG-only,sce-2,sce2_etg_run_0069,eval_run_0069_web_batch_20260622_141137,repeat_001,208,208,208,69.0,69.0,Win,1.0,13,,75.0,nan,original_final_eval_subset_lower_mean_high_variation,selected_etg_counterpart_episodes.csv
ETG-only,sce-2,sce2_etg_run_0069,eval_run_0069_web_batch_20260622_141137,repeat_001,214,214,214,81.0,81.0,Win,1.0,13,,19.0,nan,original_final_eval_subset_lower_mean_high_variation,selected_etg_counterpart_episodes.csv
ETG-only,sce-2,sce2_etg_run_0069,eval_run_0069_web_batch_20260622_141137,repeat_001,218,218,218,75.0,75.0,Win,1.0,13,,48.0,nan,original_final_eval_subset_lower_mean_high_variation,selected_etg_counterpart_episodes.csv
ETG-only,sce-2,sce2_etg_run_0069,eval_run_0069_web_batch_20260622_141137,repeat_001,223,223,223,63.0,63.0,Win,1.0,13,,88.0,nan,original_final_eval_subset_lower_mean_high_variation,selected_etg_counterpart_episodes.csv
ETG-only,sce-2,sce2_etg_run_0069,eval_run_0069_web_batch_20260622_141137,repeat_001,225,225,225,84.0,84.0,Win,1.0,12,,11.0,nan,original_final_eval_subset_lower_mean_high_variation,selected_etg_counterpart_episodes.csv
ETG-only,sce-2,sce2_etg_run_0069,eval_run_0069_web_batch_20260622_141137,repeat_001,228,228,228,78.0,78.0,Win,1.0,12,,36.0,nan,original_final_eval_subset_lower_mean_high_variation,selected_etg_counterpart_episodes.csv
ETG-only,sce-2,sce2_etg_run_0069,eval_run_0069_web_batch_20260622_141137,repeat_001,230,230,230,84.0,84.0,Win,1.0,12,,12.0,nan,original_final_eval_subset_lower_mean_high_variation,selected_etg_counterpart_episodes.csv
ETG-only,sce-2,sce2_etg_run_0069,eval_run_0069_web_batch_20260622_141137,repeat_001,235,235,235,84.0,84.0,Win,1.0,12,,13.0,nan,original_final_eval_subset_lower_mean_high_variation,selected_etg_counterpart_episodes.csv
ETG-only,sce-2,sce2_etg_run_0069,eval_run_0069_web_batch_20260622_141137,repeat_001,238,238,238,72.0,72.0,Win,1.0,13,,64.0,nan,original_final_eval_subset_lower_mean_high_variation,selected_etg_counterpart_episodes.csv
ETG-only,sce-2,sce2_etg_run_0069,eval_run_0069_web_batch_20260622_141137,repeat_001,244,244,244,72.0,72.0,Win,1.0,12,,65.0,nan,original_final_eval_subset_lower_mean_high_variation,selected_etg_counterpart_episodes.csv
ETG-only,sce-2,sce2_etg_run_0069,eval_run_0069_web_batch_20260622_141137,repeat_001,248,248,248,81.0,81.0,Win,1.0,13,,20.0,nan,original_final_eval_subset_lower_mean_high_variation,selected_etg_counterpart_episodes.csv
ETG-only,sce-2,sce2_etg_run_0069,eval_run_0069_web_batch_20260622_141137,repeat_001,250,250,250,84.0,84.0,Win,1.0,12,,14.0,nan,original_final_eval_subset_lower_mean_high_variation,selected_etg_counterpart_episodes.csv
ETG-only,sce-2,sce2_etg_run_0069,eval_run_0069_web_batch_20260622_141137,repeat_001,251,251,251,75.0,75.0,Win,1.0,13,,49.0,nan,original_final_eval_subset_lower_mean_high_variation,selected_etg_counterpart_episodes.csv
ETG-only,sce-2,sce2_etg_run_0069,eval_run_0069_web_batch_20260622_141137,repeat_001,255,255,255,78.0,78.0,Win,1.0,12,,37.0,nan,original_final_eval_subset_lower_mean_high_variation,selected_etg_counterpart_episodes.csv
ETG-only,sce-2,sce2_etg_run_0069,eval_run_0069_web_batch_20260622_141137,repeat_001,256,256,256,78.0,78.0,Win,1.0,12,,38.0,nan,original_final_eval_subset_lower_mean_high_variation,selected_etg_counterpart_episodes.csv
ETG-only,sce-2,sce2_etg_run_0069,eval_run_0069_web_batch_20260622_141137,repeat_001,259,259,259,72.0,72.0,Win,1.0,12,,66.0,nan,original_final_eval_subset_lower_mean_high_variation,selected_etg_counterpart_episodes.csv
ETG-only,sce-2,sce2_etg_run_0069,eval_run_0069_web_batch_20260622_141137,repeat_001,261,261,261,78.0,78.0,Win,1.0,13,,39.0,nan,original_final_eval_subset_lower_mean_high_variation,selected_etg_counterpart_episodes.csv
ETG-only,sce-2,sce2_etg_run_0069,eval_run_0069_web_batch_20260622_141137,repeat_001,262,262,262,72.0,72.0,Win,1.0,12,,67.0,nan,original_final_eval_subset_lower_mean_high_variation,selected_etg_counterpart_episodes.csv
ETG-only,sce-2,sce2_etg_run_0069,eval_run_0069_web_batch_20260622_141137,repeat_001,263,263,263,84.0,84.0,Win,1.0,12,,15.0,nan,original_final_eval_subset_lower_mean_high_variation,selected_etg_counterpart_episodes.csv
ETG-only,sce-2,sce2_etg_run_0069,eval_run_0069_web_batch_20260622_141137,repeat_001,266,266,266,78.0,78.0,Win,1.0,12,,40.0,nan,original_final_eval_subset_lower_mean_high_variation,selected_etg_counterpart_episodes.csv
ETG-only,sce-2,sce2_etg_run_0069,eval_run_0069_web_batch_20260622_141137,repeat_001,273,273,273,75.0,75.0,Win,1.0,13,,50.0,nan,original_final_eval_subset_lower_mean_high_variation,selected_etg_counterpart_episodes.csv
ETG-only,sce-2,sce2_etg_run_0069,eval_run_0069_web_batch_20260622_141137,repeat_001,276,276,276,63.0,63.0,Win,1.0,13,,89.0,nan,original_final_eval_subset_lower_mean_high_variation,selected_etg_counterpart_episodes.csv
ETG-only,sce-2,sce2_etg_run_0069,eval_run_0069_web_batch_20260622_141137,repeat_001,279,279,279,84.0,84.0,Win,1.0,12,,16.0,nan,original_final_eval_subset_lower_mean_high_variation,selected_etg_counterpart_episodes.csv
ETG-only,sce-2,sce2_etg_run_0069,eval_run_0069_web_batch_20260622_141137,repeat_001,284,284,284,63.0,63.0,Win,1.0,12,,90.0,nan,original_final_eval_subset_lower_mean_high_variation,selected_etg_counterpart_episodes.csv
ETG-only,sce-2,sce2_etg_run_0069,eval_run_0069_web_batch_20260622_141137,repeat_001,287,287,287,66.0,66.0,Win,1.0,15,,81.0,nan,original_final_eval_subset_lower_mean_high_variation,selected_etg_counterpart_episodes.csv
ETG-only,sce-2,sce2_etg_run_0069,eval_run_0069_web_batch_20260622_141137,repeat_001,293,293,293,75.0,75.0,Win,1.0,13,,51.0,nan,original_final_eval_subset_lower_mean_high_variation,selected_etg_counterpart_episodes.csv
ETG-only,sce-2,sce2_etg_run_0069,eval_run_0069_web_batch_20260622_141137,repeat_001,295,295,295,66.0,66.0,Win,1.0,12,,82.0,nan,original_final_eval_subset_lower_mean_high_variation,selected_etg_counterpart_episodes.csv
ETG-only,sce-2,sce2_etg_run_0069,eval_run_0069_web_batch_20260622_141137,repeat_001,296,296,296,69.0,69.0,Win,1.0,13,,76.0,nan,original_final_eval_subset_lower_mean_high_variation,selected_etg_counterpart_episodes.csv
ETG-only,sce-2m,sce2m_etg_run_0072,eval_run_0072_web_batch_20260622_141137,repeat_001,2,2,2,24.0,24.0,Win,1.0,14,,86.0,nan,original_final_eval_subset_lower_mean_high_variation,selected_etg_counterpart_episodes.csv
ETG-only,sce-2m,sce2m_etg_run_0072,eval_run_0072_web_batch_20260622_141137,repeat_001,3,3,3,63.0,63.0,Win,1.0,13,,2.0,nan,original_final_eval_subset_lower_mean_high_variation,selected_etg_counterpart_episodes.csv
ETG-only,sce-2m,sce2m_etg_run_0072,eval_run_0072_web_batch_20260622_141137,repeat_001,5,5,5,57.0,57.0,Win,1.0,14,,9.0,nan,original_final_eval_subset_lower_mean_high_variation,selected_etg_counterpart_episodes.csv
ETG-only,sce-2m,sce2m_etg_run_0072,eval_run_0072_web_batch_20260622_141137,repeat_001,9,9,9,57.0,57.0,Win,1.0,14,,10.0,nan,original_final_eval_subset_lower_mean_high_variation,selected_etg_counterpart_episodes.csv
ETG-only,sce-2m,sce2m_etg_run_0072,eval_run_0072_web_batch_20260622_141137,repeat_001,13,13,13,45.0,45.0,Win,1.0,14,,58.0,nan,original_final_eval_subset_lower_mean_high_variation,selected_etg_counterpart_episodes.csv
ETG-only,sce-2m,sce2m_etg_run_0072,eval_run_0072_web_batch_20260622_141137,repeat_001,14,14,14,42.0,42.0,Win,1.0,14,,62.0,nan,original_final_eval_subset_lower_mean_high_variation,selected_etg_counterpart_episodes.csv
ETG-only,sce-2m,sce2m_etg_run_0072,eval_run_0072_web_batch_20260622_141137,repeat_001,15,15,15,24.0,24.0,Win,1.0,14,,87.0,nan,original_final_eval_subset_lower_mean_high_variation,selected_etg_counterpart_episodes.csv
ETG-only,sce-2m,sce2m_etg_run_0072,eval_run_0072_web_batch_20260622_141137,repeat_001,19,19,19,57.0,57.0,Win,1.0,13,,11.0,nan,original_final_eval_subset_lower_mean_high_variation,selected_etg_counterpart_episodes.csv
ETG-only,sce-2m,sce2m_etg_run_0072,eval_run_0072_web_batch_20260622_141137,repeat_001,20,20,20,63.0,63.0,Win,1.0,14,,3.0,nan,original_final_eval_subset_lower_mean_high_variation,selected_etg_counterpart_episodes.csv
ETG-only,sce-2m,sce2m_etg_run_0072,eval_run_0072_web_batch_20260622_141137,repeat_001,23,23,23,51.0,51.0,Win,1.0,14,,34.0,nan,original_final_eval_subset_lower_mean_high_variation,selected_etg_counterpart_episodes.csv
ETG-only,sce-2m,sce2m_etg_run_0072,eval_run_0072_web_batch_20260622_141137,repeat_001,28,28,28,57.0,57.0,Win,1.0,14,,12.0,nan,original_final_eval_subset_lower_mean_high_variation,selected_etg_counterpart_episodes.csv
ETG-only,sce-2m,sce2m_etg_run_0072,eval_run_0072_web_batch_20260622_141137,repeat_001,30,30,30,36.0,36.0,Win,1.0,14,,69.0,nan,original_final_eval_subset_lower_mean_high_variation,selected_etg_counterpart_episodes.csv
ETG-only,sce-2m,sce2m_etg_run_0072,eval_run_0072_web_batch_20260622_141137,repeat_001,33,33,33,27.0,27.0,Win,1.0,13,,81.0,nan,original_final_eval_subset_lower_mean_high_variation,selected_etg_counterpart_episodes.csv
ETG-only,sce-2m,sce2m_etg_run_0072,eval_run_0072_web_batch_20260622_141137,repeat_001,35,35,35,21.0,21.0,Win,1.0,14,,95.0,nan,original_final_eval_subset_lower_mean_high_variation,selected_etg_counterpart_episodes.csv
ETG-only,sce-2m,sce2m_etg_run_0072,eval_run_0072_web_batch_20260622_141137,repeat_001,36,36,36,63.0,63.0,Win,1.0,14,,4.0,nan,original_final_eval_subset_lower_mean_high_variation,selected_etg_counterpart_episodes.csv
ETG-only,sce-2m,sce2m_etg_run_0072,eval_run_0072_web_batch_20260622_141137,repeat_001,39,39,39,42.0,42.0,Win,1.0,14,,63.0,nan,original_final_eval_subset_lower_mean_high_variation,selected_etg_counterpart_episodes.csv
ETG-only,sce-2m,sce2m_etg_run_0072,eval_run_0072_web_batch_20260622_141137,repeat_001,41,41,41,18.0,18.0,Win,1.0,14,,97.0,nan,original_final_eval_subset_lower_mean_high_variation,selected_etg_counterpart_episodes.csv
ETG-only,sce-2m,sce2m_etg_run_0072,eval_run_0072_web_batch_20260622_141137,repeat_001,45,45,45,66.0,66.0,Win,1.0,13,,1.0,nan,original_final_eval_subset_lower_mean_high_variation,selected_etg_counterpart_episodes.csv
ETG-only,sce-2m,sce2m_etg_run_0072,eval_run_0072_web_batch_20260622_141137,repeat_001,46,46,46,45.0,45.0,Win,1.0,14,,59.0,nan,original_final_eval_subset_lower_mean_high_variation,selected_etg_counterpart_episodes.csv
ETG-only,sce-2m,sce2m_etg_run_0072,eval_run_0072_web_batch_20260622_141137,repeat_001,48,48,48,24.0,24.0,Win,1.0,14,,88.0,nan,original_final_eval_subset_lower_mean_high_variation,selected_etg_counterpart_episodes.csv
ETG-only,sce-2m,sce2m_etg_run_0072,eval_run_0072_web_batch_20260622_141137,repeat_001,49,49,49,51.0,51.0,Win,1.0,14,,35.0,nan,original_final_eval_subset_lower_mean_high_variation,selected_etg_counterpart_episodes.csv
ETG-only,sce-2m,sce2m_etg_run_0072,eval_run_0072_web_batch_20260622_141137,repeat_001,50,50,50,36.0,36.0,Win,1.0,14,,70.0,nan,original_final_eval_subset_lower_mean_high_variation,selected_etg_counterpart_episodes.csv
ETG-only,sce-2m,sce2m_etg_run_0072,eval_run_0072_web_batch_20260622_141137,repeat_001,54,54,54,24.0,24.0,Win,1.0,14,,89.0,nan,original_final_eval_subset_lower_mean_high_variation,selected_etg_counterpart_episodes.csv
ETG-only,sce-2m,sce2m_etg_run_0072,eval_run_0072_web_batch_20260622_141137,repeat_001,55,55,55,57.0,57.0,Win,1.0,14,,13.0,nan,original_final_eval_subset_lower_mean_high_variation,selected_etg_counterpart_episodes.csv
ETG-only,sce-2m,sce2m_etg_run_0072,eval_run_0072_web_batch_20260622_141137,repeat_001,65,65,65,57.0,57.0,Win,1.0,14,,14.0,nan,original_final_eval_subset_lower_mean_high_variation,selected_etg_counterpart_episodes.csv
ETG-only,sce-2m,sce2m_etg_run_0072,eval_run_0072_web_batch_20260622_141137,repeat_001,67,67,67,51.0,51.0,Win,1.0,14,,36.0,nan,original_final_eval_subset_lower_mean_high_variation,selected_etg_counterpart_episodes.csv
ETG-only,sce-2m,sce2m_etg_run_0072,eval_run_0072_web_batch_20260622_141137,repeat_001,69,69,69,57.0,57.0,Win,1.0,14,,15.0,nan,original_final_eval_subset_lower_mean_high_variation,selected_etg_counterpart_episodes.csv
ETG-only,sce-2m,sce2m_etg_run_0072,eval_run_0072_web_batch_20260622_141137,repeat_001,73,73,73,27.0,27.0,Win,1.0,13,,82.0,nan,original_final_eval_subset_lower_mean_high_variation,selected_etg_counterpart_episodes.csv
ETG-only,sce-2m,sce2m_etg_run_0072,eval_run_0072_web_batch_20260622_141137,repeat_001,75,75,75,48.0,48.0,Win,1.0,14,,53.0,nan,original_final_eval_subset_lower_mean_high_variation,selected_etg_counterpart_episodes.csv
ETG-only,sce-2m,sce2m_etg_run_0072,eval_run_0072_web_batch_20260622_141137,repeat_001,77,77,77,51.0,51.0,Win,1.0,14,,37.0,nan,original_final_eval_subset_lower_mean_high_variation,selected_etg_counterpart_episodes.csv
ETG-only,sce-2m,sce2m_etg_run_0072,eval_run_0072_web_batch_20260622_141137,repeat_001,79,79,79,36.0,36.0,Win,1.0,14,,71.0,nan,original_final_eval_subset_lower_mean_high_variation,selected_etg_counterpart_episodes.csv
ETG-only,sce-2m,sce2m_etg_run_0072,eval_run_0072_web_batch_20260622_141137,repeat_001,80,80,80,57.0,57.0,Win,1.0,14,,16.0,nan,original_final_eval_subset_lower_mean_high_variation,selected_etg_counterpart_episodes.csv
ETG-only,sce-2m,sce2m_etg_run_0072,eval_run_0072_web_batch_20260622_141137,repeat_001,81,81,81,57.0,57.0,Win,1.0,14,,17.0,nan,original_final_eval_subset_lower_mean_high_variation,selected_etg_counterpart_episodes.csv
ETG-only,sce-2m,sce2m_etg_run_0072,eval_run_0072_web_batch_20260622_141137,repeat_001,83,83,83,33.0,33.0,Win,1.0,14,,73.0,nan,original_final_eval_subset_lower_mean_high_variation,selected_etg_counterpart_episodes.csv
ETG-only,sce-2m,sce2m_etg_run_0072,eval_run_0072_web_batch_20260622_141137,repeat_001,88,88,88,39.0,39.0,Win,1.0,14,,67.0,nan,original_final_eval_subset_lower_mean_high_variation,selected_etg_counterpart_episodes.csv
ETG-only,sce-2m,sce2m_etg_run_0072,eval_run_0072_web_batch_20260622_141137,repeat_001,92,92,92,33.0,33.0,Win,1.0,14,,74.0,nan,original_final_eval_subset_lower_mean_high_variation,selected_etg_counterpart_episodes.csv
ETG-only,sce-2m,sce2m_etg_run_0072,eval_run_0072_web_batch_20260622_141137,repeat_001,95,95,95,57.0,57.0,Win,1.0,13,,18.0,nan,original_final_eval_subset_lower_mean_high_variation,selected_etg_counterpart_episodes.csv
ETG-only,sce-2m,sce2m_etg_run_0072,eval_run_0072_web_batch_20260622_141137,repeat_001,101,101,101,48.0,48.0,Win,1.0,14,,54.0,nan,original_final_eval_subset_lower_mean_high_variation,selected_etg_counterpart_episodes.csv
ETG-only,sce-2m,sce2m_etg_run_0072,eval_run_0072_web_batch_20260622_141137,repeat_001,103,103,103,54.0,54.0,Win,1.0,14,,33.0,nan,original_final_eval_subset_lower_mean_high_variation,selected_etg_counterpart_episodes.csv
ETG-only,sce-2m,sce2m_etg_run_0072,eval_run_0072_web_batch_20260622_141137,repeat_001,108,108,108,45.0,45.0,Win,1.0,14,,60.0,nan,original_final_eval_subset_lower_mean_high_variation,selected_etg_counterpart_episodes.csv
ETG-only,sce-2m,sce2m_etg_run_0072,eval_run_0072_web_batch_20260622_141137,repeat_001,111,111,111,42.0,42.0,Win,1.0,16,,64.0,nan,original_final_eval_subset_lower_mean_high_variation,selected_etg_counterpart_episodes.csv
ETG-only,sce-2m,sce2m_etg_run_0072,eval_run_0072_web_batch_20260622_141137,repeat_001,114,114,114,51.0,51.0,Win,1.0,14,,38.0,nan,original_final_eval_subset_lower_mean_high_variation,selected_etg_counterpart_episodes.csv
ETG-only,sce-2m,sce2m_etg_run_0072,eval_run_0072_web_batch_20260622_141137,repeat_001,115,115,115,48.0,48.0,Win,1.0,14,,55.0,nan,original_final_eval_subset_lower_mean_high_variation,selected_etg_counterpart_episodes.csv
ETG-only,sce-2m,sce2m_etg_run_0072,eval_run_0072_web_batch_20260622_141137,repeat_001,116,116,116,51.0,51.0,Win,1.0,14,,39.0,nan,original_final_eval_subset_lower_mean_high_variation,selected_etg_counterpart_episodes.csv
ETG-only,sce-2m,sce2m_etg_run_0072,eval_run_0072_web_batch_20260622_141137,repeat_001,121,121,121,57.0,57.0,Win,1.0,14,,19.0,nan,original_final_eval_subset_lower_mean_high_variation,selected_etg_counterpart_episodes.csv
ETG-only,sce-2m,sce2m_etg_run_0072,eval_run_0072_web_batch_20260622_141137,repeat_001,122,122,122,27.0,27.0,Win,1.0,14,,83.0,nan,original_final_eval_subset_lower_mean_high_variation,selected_etg_counterpart_episodes.csv
ETG-only,sce-2m,sce2m_etg_run_0072,eval_run_0072_web_batch_20260622_141137,repeat_001,123,123,123,51.0,51.0,Win,1.0,14,,40.0,nan,original_final_eval_subset_lower_mean_high_variation,selected_etg_counterpart_episodes.csv
ETG-only,sce-2m,sce2m_etg_run_0072,eval_run_0072_web_batch_20260622_141137,repeat_001,126,126,126,48.0,48.0,Win,1.0,14,,56.0,nan,original_final_eval_subset_lower_mean_high_variation,selected_etg_counterpart_episodes.csv
ETG-only,sce-2m,sce2m_etg_run_0072,eval_run_0072_web_batch_20260622_141137,repeat_001,127,127,127,48.0,48.0,Win,1.0,14,,57.0,nan,original_final_eval_subset_lower_mean_high_variation,selected_etg_counterpart_episodes.csv
ETG-only,sce-2m,sce2m_etg_run_0072,eval_run_0072_web_batch_20260622_141137,repeat_001,133,133,133,51.0,51.0,Win,1.0,14,,41.0,nan,original_final_eval_subset_lower_mean_high_variation,selected_etg_counterpart_episodes.csv
ETG-only,sce-2m,sce2m_etg_run_0072,eval_run_0072_web_batch_20260622_141137,repeat_001,134,134,134,21.0,21.0,Win,1.0,14,,96.0,nan,original_final_eval_subset_lower_mean_high_variation,selected_etg_counterpart_episodes.csv
ETG-only,sce-2m,sce2m_etg_run_0072,eval_run_0072_web_batch_20260622_141137,repeat_001,138,138,138,57.0,57.0,Win,1.0,14,,20.0,nan,original_final_eval_subset_lower_mean_high_variation,selected_etg_counterpart_episodes.csv
ETG-only,sce-2m,sce2m_etg_run_0072,eval_run_0072_web_batch_20260622_141137,repeat_001,140,140,140,57.0,57.0,Win,1.0,14,,21.0,nan,original_final_eval_subset_lower_mean_high_variation,selected_etg_counterpart_episodes.csv
ETG-only,sce-2m,sce2m_etg_run_0072,eval_run_0072_web_batch_20260622_141137,repeat_001,144,144,144,57.0,57.0,Win,1.0,13,,22.0,nan,original_final_eval_subset_lower_mean_high_variation,selected_etg_counterpart_episodes.csv
ETG-only,sce-2m,sce2m_etg_run_0072,eval_run_0072_web_batch_20260622_141137,repeat_001,150,150,150,27.0,27.0,Win,1.0,14,,84.0,nan,original_final_eval_subset_lower_mean_high_variation,selected_etg_counterpart_episodes.csv
ETG-only,sce-2m,sce2m_etg_run_0072,eval_run_0072_web_batch_20260622_141137,repeat_001,154,154,154,27.0,27.0,Win,1.0,14,,85.0,nan,original_final_eval_subset_lower_mean_high_variation,selected_etg_counterpart_episodes.csv
ETG-only,sce-2m,sce2m_etg_run_0072,eval_run_0072_web_batch_20260622_141137,repeat_001,157,157,157,57.0,57.0,Win,1.0,14,,23.0,nan,original_final_eval_subset_lower_mean_high_variation,selected_etg_counterpart_episodes.csv
ETG-only,sce-2m,sce2m_etg_run_0072,eval_run_0072_web_batch_20260622_141137,repeat_001,158,158,158,57.0,57.0,Win,1.0,14,,24.0,nan,original_final_eval_subset_lower_mean_high_variation,selected_etg_counterpart_episodes.csv
ETG-only,sce-2m,sce2m_etg_run_0072,eval_run_0072_web_batch_20260622_141137,repeat_001,168,168,168,51.0,51.0,Win,1.0,14,,42.0,nan,original_final_eval_subset_lower_mean_high_variation,selected_etg_counterpart_episodes.csv
ETG-only,sce-2m,sce2m_etg_run_0072,eval_run_0072_web_batch_20260622_141137,repeat_001,169,169,169,63.0,63.0,Win,1.0,13,,5.0,nan,original_final_eval_subset_lower_mean_high_variation,selected_etg_counterpart_episodes.csv
ETG-only,sce-2m,sce2m_etg_run_0072,eval_run_0072_web_batch_20260622_141137,repeat_001,178,178,178,30.0,30.0,Win,1.0,14,,78.0,nan,original_final_eval_subset_lower_mean_high_variation,selected_etg_counterpart_episodes.csv
ETG-only,sce-2m,sce2m_etg_run_0072,eval_run_0072_web_batch_20260622_141137,repeat_001,188,188,188,24.0,24.0,Win,1.0,14,,90.0,nan,original_final_eval_subset_lower_mean_high_variation,selected_etg_counterpart_episodes.csv
ETG-only,sce-2m,sce2m_etg_run_0072,eval_run_0072_web_batch_20260622_141137,repeat_001,192,192,192,57.0,57.0,Win,1.0,14,,25.0,nan,original_final_eval_subset_lower_mean_high_variation,selected_etg_counterpart_episodes.csv
ETG-only,sce-2m,sce2m_etg_run_0072,eval_run_0072_web_batch_20260622_141137,repeat_001,193,193,193,39.0,39.0,Win,1.0,14,,68.0,nan,original_final_eval_subset_lower_mean_high_variation,selected_etg_counterpart_episodes.csv
ETG-only,sce-2m,sce2m_etg_run_0072,eval_run_0072_web_batch_20260622_141137,repeat_001,194,194,194,51.0,51.0,Win,1.0,14,,43.0,nan,original_final_eval_subset_lower_mean_high_variation,selected_etg_counterpart_episodes.csv
ETG-only,sce-2m,sce2m_etg_run_0072,eval_run_0072_web_batch_20260622_141137,repeat_001,198,198,198,51.0,51.0,Win,1.0,14,,44.0,nan,original_final_eval_subset_lower_mean_high_variation,selected_etg_counterpart_episodes.csv
ETG-only,sce-2m,sce2m_etg_run_0072,eval_run_0072_web_batch_20260622_141137,repeat_001,202,202,202,57.0,57.0,Win,1.0,14,,26.0,nan,original_final_eval_subset_lower_mean_high_variation,selected_etg_counterpart_episodes.csv
ETG-only,sce-2m,sce2m_etg_run_0072,eval_run_0072_web_batch_20260622_141137,repeat_001,203,203,203,57.0,57.0,Win,1.0,14,,27.0,nan,original_final_eval_subset_lower_mean_high_variation,selected_etg_counterpart_episodes.csv
ETG-only,sce-2m,sce2m_etg_run_0072,eval_run_0072_web_batch_20260622_141137,repeat_001,207,207,207,51.0,51.0,Win,1.0,14,,45.0,nan,original_final_eval_subset_lower_mean_high_variation,selected_etg_counterpart_episodes.csv
ETG-only,sce-2m,sce2m_etg_run_0072,eval_run_0072_web_batch_20260622_141137,repeat_001,210,210,210,57.0,57.0,Win,1.0,14,,28.0,nan,original_final_eval_subset_lower_mean_high_variation,selected_etg_counterpart_episodes.csv
ETG-only,sce-2m,sce2m_etg_run_0072,eval_run_0072_web_batch_20260622_141137,repeat_001,213,213,213,42.0,42.0,Win,1.0,15,,65.0,nan,original_final_eval_subset_lower_mean_high_variation,selected_etg_counterpart_episodes.csv
ETG-only,sce-2m,sce2m_etg_run_0072,eval_run_0072_web_batch_20260622_141137,repeat_001,216,216,216,45.0,45.0,Win,1.0,14,,61.0,nan,original_final_eval_subset_lower_mean_high_variation,selected_etg_counterpart_episodes.csv
ETG-only,sce-2m,sce2m_etg_run_0072,eval_run_0072_web_batch_20260622_141137,repeat_001,218,218,218,18.0,18.0,Win,1.0,15,,98.0,nan,original_final_eval_subset_lower_mean_high_variation,selected_etg_counterpart_episodes.csv
ETG-only,sce-2m,sce2m_etg_run_0072,eval_run_0072_web_batch_20260622_141137,repeat_001,219,219,219,51.0,51.0,Win,1.0,14,,46.0,nan,original_final_eval_subset_lower_mean_high_variation,selected_etg_counterpart_episodes.csv
ETG-only,sce-2m,sce2m_etg_run_0072,eval_run_0072_web_batch_20260622_141137,repeat_001,222,222,222,30.0,30.0,Win,1.0,14,,79.0,nan,original_final_eval_subset_lower_mean_high_variation,selected_etg_counterpart_episodes.csv
ETG-only,sce-2m,sce2m_etg_run_0072,eval_run_0072_web_batch_20260622_141137,repeat_001,223,223,223,63.0,63.0,Win,1.0,14,,6.0,nan,original_final_eval_subset_lower_mean_high_variation,selected_etg_counterpart_episodes.csv
ETG-only,sce-2m,sce2m_etg_run_0072,eval_run_0072_web_batch_20260622_141137,repeat_001,227,227,227,51.0,51.0,Win,1.0,14,,47.0,nan,original_final_eval_subset_lower_mean_high_variation,selected_etg_counterpart_episodes.csv
ETG-only,sce-2m,sce2m_etg_run_0072,eval_run_0072_web_batch_20260622_141137,repeat_001,234,234,234,51.0,51.0,Win,1.0,14,,48.0,nan,original_final_eval_subset_lower_mean_high_variation,selected_etg_counterpart_episodes.csv
ETG-only,sce-2m,sce2m_etg_run_0072,eval_run_0072_web_batch_20260622_141137,repeat_001,236,236,236,57.0,57.0,Win,1.0,14,,29.0,nan,original_final_eval_subset_lower_mean_high_variation,selected_etg_counterpart_episodes.csv
ETG-only,sce-2m,sce2m_etg_run_0072,eval_run_0072_web_batch_20260622_141137,repeat_001,237,237,237,33.0,33.0,Win,1.0,14,,75.0,nan,original_final_eval_subset_lower_mean_high_variation,selected_etg_counterpart_episodes.csv
ETG-only,sce-2m,sce2m_etg_run_0072,eval_run_0072_web_batch_20260622_141137,repeat_001,239,239,239,24.0,24.0,Win,1.0,14,,91.0,nan,original_final_eval_subset_lower_mean_high_variation,selected_etg_counterpart_episodes.csv
ETG-only,sce-2m,sce2m_etg_run_0072,eval_run_0072_web_batch_20260622_141137,repeat_001,244,244,244,57.0,57.0,Win,1.0,14,,30.0,nan,original_final_eval_subset_lower_mean_high_variation,selected_etg_counterpart_episodes.csv
ETG-only,sce-2m,sce2m_etg_run_0072,eval_run_0072_web_batch_20260622_141137,repeat_001,245,245,245,24.0,24.0,Win,1.0,14,,92.0,nan,original_final_eval_subset_lower_mean_high_variation,selected_etg_counterpart_episodes.csv
ETG-only,sce-2m,sce2m_etg_run_0072,eval_run_0072_web_batch_20260622_141137,repeat_001,248,248,248,51.0,51.0,Win,1.0,14,,49.0,nan,original_final_eval_subset_lower_mean_high_variation,selected_etg_counterpart_episodes.csv
ETG-only,sce-2m,sce2m_etg_run_0072,eval_run_0072_web_batch_20260622_141137,repeat_001,249,249,249,18.0,18.0,Win,1.0,14,,99.0,nan,original_final_eval_subset_lower_mean_high_variation,selected_etg_counterpart_episodes.csv
ETG-only,sce-2m,sce2m_etg_run_0072,eval_run_0072_web_batch_20260622_141137,repeat_001,250,250,250,42.0,42.0,Win,1.0,15,,66.0,nan,original_final_eval_subset_lower_mean_high_variation,selected_etg_counterpart_episodes.csv
ETG-only,sce-2m,sce2m_etg_run_0072,eval_run_0072_web_batch_20260622_141137,repeat_001,254,254,254,18.0,18.0,Win,1.0,14,,100.0,nan,original_final_eval_subset_lower_mean_high_variation,selected_etg_counterpart_episodes.csv
ETG-only,sce-2m,sce2m_etg_run_0072,eval_run_0072_web_batch_20260622_141137,repeat_001,258,258,258,24.0,24.0,Win,1.0,14,,93.0,nan,original_final_eval_subset_lower_mean_high_variation,selected_etg_counterpart_episodes.csv
ETG-only,sce-2m,sce2m_etg_run_0072,eval_run_0072_web_batch_20260622_141137,repeat_001,264,264,264,51.0,51.0,Win,1.0,14,,50.0,nan,original_final_eval_subset_lower_mean_high_variation,selected_etg_counterpart_episodes.csv
ETG-only,sce-2m,sce2m_etg_run_0072,eval_run_0072_web_batch_20260622_141137,repeat_001,267,267,267,24.0,24.0,Win,1.0,14,,94.0,nan,original_final_eval_subset_lower_mean_high_variation,selected_etg_counterpart_episodes.csv
ETG-only,sce-2m,sce2m_etg_run_0072,eval_run_0072_web_batch_20260622_141137,repeat_001,270,270,270,63.0,63.0,Win,1.0,14,,7.0,nan,original_final_eval_subset_lower_mean_high_variation,selected_etg_counterpart_episodes.csv
ETG-only,sce-2m,sce2m_etg_run_0072,eval_run_0072_web_batch_20260622_141137,repeat_001,271,271,271,51.0,51.0,Win,1.0,14,,51.0,nan,original_final_eval_subset_lower_mean_high_variation,selected_etg_counterpart_episodes.csv
ETG-only,sce-2m,sce2m_etg_run_0072,eval_run_0072_web_batch_20260622_141137,repeat_001,274,274,274,57.0,57.0,Win,1.0,14,,31.0,nan,original_final_eval_subset_lower_mean_high_variation,selected_etg_counterpart_episodes.csv
ETG-only,sce-2m,sce2m_etg_run_0072,eval_run_0072_web_batch_20260622_141137,repeat_001,275,275,275,36.0,36.0,Win,1.0,14,,72.0,nan,original_final_eval_subset_lower_mean_high_variation,selected_etg_counterpart_episodes.csv
ETG-only,sce-2m,sce2m_etg_run_0072,eval_run_0072_web_batch_20260622_141137,repeat_001,283,283,283,33.0,33.0,Win,1.0,14,,76.0,nan,original_final_eval_subset_lower_mean_high_variation,selected_etg_counterpart_episodes.csv
ETG-only,sce-2m,sce2m_etg_run_0072,eval_run_0072_web_batch_20260622_141137,repeat_001,287,287,287,51.0,51.0,Win,1.0,14,,52.0,nan,original_final_eval_subset_lower_mean_high_variation,selected_etg_counterpart_episodes.csv
ETG-only,sce-2m,sce2m_etg_run_0072,eval_run_0072_web_batch_20260622_141137,repeat_001,289,289,289,30.0,30.0,Win,1.0,14,,80.0,nan,original_final_eval_subset_lower_mean_high_variation,selected_etg_counterpart_episodes.csv
ETG-only,sce-2m,sce2m_etg_run_0072,eval_run_0072_web_batch_20260622_141137,repeat_001,292,292,292,57.0,57.0,Win,1.0,14,,32.0,nan,original_final_eval_subset_lower_mean_high_variation,selected_etg_counterpart_episodes.csv
ETG-only,sce-2m,sce2m_etg_run_0072,eval_run_0072_web_batch_20260622_141137,repeat_001,294,294,294,63.0,63.0,Win,1.0,13,,8.0,nan,original_final_eval_subset_lower_mean_high_variation,selected_etg_counterpart_episodes.csv
ETG-only,sce-2m,sce2m_etg_run_0072,eval_run_0072_web_batch_20260622_141137,repeat_001,300,300,300,33.0,33.0,Win,1.0,14,,77.0,nan,original_final_eval_subset_lower_mean_high_variation,selected_etg_counterpart_episodes.csv
ETG-only,sce-3,sce3_etg_run_0070,eval_run_0070_web_batch_20260622_141137,repeat_001,3,3,3,33.0,33.0,Win,1.0,24,,86.0,nan,original_final_eval_subset_lower_mean_high_variation,selected_etg_counterpart_episodes.csv
ETG-only,sce-3,sce3_etg_run_0070,eval_run_0070_web_batch_20260622_141137,repeat_001,5,5,5,39.0,39.0,Win,1.0,25,,77.0,nan,original_final_eval_subset_lower_mean_high_variation,selected_etg_counterpart_episodes.csv
ETG-only,sce-3,sce3_etg_run_0070,eval_run_0070_web_batch_20260622_141137,repeat_001,6,6,6,36.0,36.0,Win,1.0,28,,83.0,nan,original_final_eval_subset_lower_mean_high_variation,selected_etg_counterpart_episodes.csv
ETG-only,sce-3,sce3_etg_run_0070,eval_run_0070_web_batch_20260622_141137,repeat_001,7,7,7,21.0,21.0,Win,1.0,32,,98.0,nan,original_final_eval_subset_lower_mean_high_variation,selected_etg_counterpart_episodes.csv
ETG-only,sce-3,sce3_etg_run_0070,eval_run_0070_web_batch_20260622_141137,repeat_001,9,9,9,48.0,48.0,Win,1.0,28,,63.0,nan,original_final_eval_subset_lower_mean_high_variation,selected_etg_counterpart_episodes.csv
ETG-only,sce-3,sce3_etg_run_0070,eval_run_0070_web_batch_20260622_141137,repeat_001,13,13,13,45.0,45.0,Win,1.0,28,,68.0,nan,original_final_eval_subset_lower_mean_high_variation,selected_etg_counterpart_episodes.csv
ETG-only,sce-3,sce3_etg_run_0070,eval_run_0070_web_batch_20260622_141137,repeat_001,14,14,14,69.0,69.0,Win,1.0,24,,22.0,nan,original_final_eval_subset_lower_mean_high_variation,selected_etg_counterpart_episodes.csv
ETG-only,sce-3,sce3_etg_run_0070,eval_run_0070_web_batch_20260622_141137,repeat_001,24,24,24,81.0,81.0,Win,1.0,25,,5.0,nan,original_final_eval_subset_lower_mean_high_variation,selected_etg_counterpart_episodes.csv
ETG-only,sce-3,sce3_etg_run_0070,eval_run_0070_web_batch_20260622_141137,repeat_001,27,27,27,66.0,66.0,Win,1.0,25,,31.0,nan,original_final_eval_subset_lower_mean_high_variation,selected_etg_counterpart_episodes.csv
ETG-only,sce-3,sce3_etg_run_0070,eval_run_0070_web_batch_20260622_141137,repeat_001,28,28,28,78.0,78.0,Win,1.0,25,,7.0,nan,original_final_eval_subset_lower_mean_high_variation,selected_etg_counterpart_episodes.csv
ETG-only,sce-3,sce3_etg_run_0070,eval_run_0070_web_batch_20260622_141137,repeat_001,30,30,30,69.0,69.0,Win,1.0,22,,23.0,nan,original_final_eval_subset_lower_mean_high_variation,selected_etg_counterpart_episodes.csv
ETG-only,sce-3,sce3_etg_run_0070,eval_run_0070_web_batch_20260622_141137,repeat_001,31,31,31,63.0,63.0,Win,1.0,25,,38.0,nan,original_final_eval_subset_lower_mean_high_variation,selected_etg_counterpart_episodes.csv
ETG-only,sce-3,sce3_etg_run_0070,eval_run_0070_web_batch_20260622_141137,repeat_001,39,39,39,24.0,24.0,Win,1.0,34,,94.0,nan,original_final_eval_subset_lower_mean_high_variation,selected_etg_counterpart_episodes.csv
ETG-only,sce-3,sce3_etg_run_0070,eval_run_0070_web_batch_20260622_141137,repeat_001,43,43,43,66.0,66.0,Win,1.0,22,,32.0,nan,original_final_eval_subset_lower_mean_high_variation,selected_etg_counterpart_episodes.csv
ETG-only,sce-3,sce3_etg_run_0070,eval_run_0070_web_batch_20260622_141137,repeat_001,45,45,45,72.0,72.0,Win,1.0,25,,16.0,nan,original_final_eval_subset_lower_mean_high_variation,selected_etg_counterpart_episodes.csv
ETG-only,sce-3,sce3_etg_run_0070,eval_run_0070_web_batch_20260622_141137,repeat_001,52,52,52,57.0,57.0,Win,1.0,25,,48.0,nan,original_final_eval_subset_lower_mean_high_variation,selected_etg_counterpart_episodes.csv
ETG-only,sce-3,sce3_etg_run_0070,eval_run_0070_web_batch_20260622_141137,repeat_001,56,56,56,57.0,57.0,Win,1.0,27,,49.0,nan,original_final_eval_subset_lower_mean_high_variation,selected_etg_counterpart_episodes.csv
ETG-only,sce-3,sce3_etg_run_0070,eval_run_0070_web_batch_20260622_141137,repeat_001,58,58,58,75.0,75.0,Win,1.0,26,,9.0,nan,original_final_eval_subset_lower_mean_high_variation,selected_etg_counterpart_episodes.csv
ETG-only,sce-3,sce3_etg_run_0070,eval_run_0070_web_batch_20260622_141137,repeat_001,61,61,61,30.0,30.0,Win,1.0,30,,90.0,nan,original_final_eval_subset_lower_mean_high_variation,selected_etg_counterpart_episodes.csv
ETG-only,sce-3,sce3_etg_run_0070,eval_run_0070_web_batch_20260622_141137,repeat_001,64,64,64,60.0,60.0,Win,1.0,24,,41.0,nan,original_final_eval_subset_lower_mean_high_variation,selected_etg_counterpart_episodes.csv
ETG-only,sce-3,sce3_etg_run_0070,eval_run_0070_web_batch_20260622_141137,repeat_001,65,65,65,60.0,60.0,Win,1.0,22,,42.0,nan,original_final_eval_subset_lower_mean_high_variation,selected_etg_counterpart_episodes.csv
ETG-only,sce-3,sce3_etg_run_0070,eval_run_0070_web_batch_20260622_141137,repeat_001,67,67,67,48.0,48.0,Win,1.0,25,,64.0,nan,original_final_eval_subset_lower_mean_high_variation,selected_etg_counterpart_episodes.csv
ETG-only,sce-3,sce3_etg_run_0070,eval_run_0070_web_batch_20260622_141137,repeat_001,68,68,68,57.0,57.0,Win,1.0,24,,50.0,nan,original_final_eval_subset_lower_mean_high_variation,selected_etg_counterpart_episodes.csv
ETG-only,sce-3,sce3_etg_run_0070,eval_run_0070_web_batch_20260622_141137,repeat_001,72,72,72,75.0,75.0,Win,1.0,23,,10.0,nan,original_final_eval_subset_lower_mean_high_variation,selected_etg_counterpart_episodes.csv
ETG-only,sce-3,sce3_etg_run_0070,eval_run_0070_web_batch_20260622_141137,repeat_001,75,75,75,39.0,39.0,Win,1.0,23,,78.0,nan,original_final_eval_subset_lower_mean_high_variation,selected_etg_counterpart_episodes.csv
ETG-only,sce-3,sce3_etg_run_0070,eval_run_0070_web_batch_20260622_141137,repeat_001,76,76,76,54.0,54.0,Win,1.0,27,,56.0,nan,original_final_eval_subset_lower_mean_high_variation,selected_etg_counterpart_episodes.csv
ETG-only,sce-3,sce3_etg_run_0070,eval_run_0070_web_batch_20260622_141137,repeat_001,78,78,78,33.0,33.0,Win,1.0,27,,87.0,nan,original_final_eval_subset_lower_mean_high_variation,selected_etg_counterpart_episodes.csv
ETG-only,sce-3,sce3_etg_run_0070,eval_run_0070_web_batch_20260622_141137,repeat_001,79,79,79,48.0,48.0,Win,1.0,34,,65.0,nan,original_final_eval_subset_lower_mean_high_variation,selected_etg_counterpart_episodes.csv
ETG-only,sce-3,sce3_etg_run_0070,eval_run_0070_web_batch_20260622_141137,repeat_001,94,94,94,51.0,51.0,Win,1.0,24,,58.0,nan,original_final_eval_subset_lower_mean_high_variation,selected_etg_counterpart_episodes.csv
ETG-only,sce-3,sce3_etg_run_0070,eval_run_0070_web_batch_20260622_141137,repeat_001,95,95,95,60.0,60.0,Win,1.0,27,,43.0,nan,original_final_eval_subset_lower_mean_high_variation,selected_etg_counterpart_episodes.csv
ETG-only,sce-3,sce3_etg_run_0070,eval_run_0070_web_batch_20260622_141137,repeat_001,98,98,98,24.0,24.0,Win,1.0,26,,95.0,nan,original_final_eval_subset_lower_mean_high_variation,selected_etg_counterpart_episodes.csv
ETG-only,sce-3,sce3_etg_run_0070,eval_run_0070_web_batch_20260622_141137,repeat_001,99,99,99,66.0,66.0,Win,1.0,25,,33.0,nan,original_final_eval_subset_lower_mean_high_variation,selected_etg_counterpart_episodes.csv
ETG-only,sce-3,sce3_etg_run_0070,eval_run_0070_web_batch_20260622_141137,repeat_001,105,105,105,51.0,51.0,Win,1.0,23,,59.0,nan,original_final_eval_subset_lower_mean_high_variation,selected_etg_counterpart_episodes.csv
ETG-only,sce-3,sce3_etg_run_0070,eval_run_0070_web_batch_20260622_141137,repeat_001,106,106,106,69.0,69.0,Win,1.0,19,,24.0,nan,original_final_eval_subset_lower_mean_high_variation,selected_etg_counterpart_episodes.csv
ETG-only,sce-3,sce3_etg_run_0070,eval_run_0070_web_batch_20260622_141137,repeat_001,111,111,111,66.0,66.0,Win,1.0,26,,34.0,nan,original_final_eval_subset_lower_mean_high_variation,selected_etg_counterpart_episodes.csv
ETG-only,sce-3,sce3_etg_run_0070,eval_run_0070_web_batch_20260622_141137,repeat_001,115,115,115,72.0,72.0,Win,1.0,25,,17.0,nan,original_final_eval_subset_lower_mean_high_variation,selected_etg_counterpart_episodes.csv
ETG-only,sce-3,sce3_etg_run_0070,eval_run_0070_web_batch_20260622_141137,repeat_001,118,118,118,39.0,39.0,Win,1.0,23,,79.0,nan,original_final_eval_subset_lower_mean_high_variation,selected_etg_counterpart_episodes.csv
ETG-only,sce-3,sce3_etg_run_0070,eval_run_0070_web_batch_20260622_141137,repeat_001,125,125,125,24.0,24.0,Win,1.0,23,,96.0,nan,original_final_eval_subset_lower_mean_high_variation,selected_etg_counterpart_episodes.csv
ETG-only,sce-3,sce3_etg_run_0070,eval_run_0070_web_batch_20260622_141137,repeat_001,127,127,127,96.0,96.0,Win,1.0,29,,1.0,nan,original_final_eval_subset_lower_mean_high_variation,selected_etg_counterpart_episodes.csv
ETG-only,sce-3,sce3_etg_run_0070,eval_run_0070_web_batch_20260622_141137,repeat_001,133,133,133,87.0,87.0,Win,1.0,29,,2.0,nan,original_final_eval_subset_lower_mean_high_variation,selected_etg_counterpart_episodes.csv
ETG-only,sce-3,sce3_etg_run_0070,eval_run_0070_web_batch_20260622_141137,repeat_001,134,134,134,75.0,75.0,Win,1.0,24,,11.0,nan,original_final_eval_subset_lower_mean_high_variation,selected_etg_counterpart_episodes.csv
ETG-only,sce-3,sce3_etg_run_0070,eval_run_0070_web_batch_20260622_141137,repeat_001,138,138,138,57.0,57.0,Win,1.0,26,,51.0,nan,original_final_eval_subset_lower_mean_high_variation,selected_etg_counterpart_episodes.csv
ETG-only,sce-3,sce3_etg_run_0070,eval_run_0070_web_batch_20260622_141137,repeat_001,139,139,139,69.0,69.0,Win,1.0,26,,25.0,nan,original_final_eval_subset_lower_mean_high_variation,selected_etg_counterpart_episodes.csv
ETG-only,sce-3,sce3_etg_run_0070,eval_run_0070_web_batch_20260622_141137,repeat_001,143,143,143,36.0,36.0,Win,1.0,30,,84.0,nan,original_final_eval_subset_lower_mean_high_variation,selected_etg_counterpart_episodes.csv
ETG-only,sce-3,sce3_etg_run_0070,eval_run_0070_web_batch_20260622_141137,repeat_001,149,149,149,69.0,69.0,Win,1.0,24,,26.0,nan,original_final_eval_subset_lower_mean_high_variation,selected_etg_counterpart_episodes.csv
ETG-only,sce-3,sce3_etg_run_0070,eval_run_0070_web_batch_20260622_141137,repeat_001,152,152,152,57.0,57.0,Win,1.0,28,,52.0,nan,original_final_eval_subset_lower_mean_high_variation,selected_etg_counterpart_episodes.csv
ETG-only,sce-3,sce3_etg_run_0070,eval_run_0070_web_batch_20260622_141137,repeat_001,154,154,154,51.0,51.0,Win,1.0,23,,60.0,nan,original_final_eval_subset_lower_mean_high_variation,selected_etg_counterpart_episodes.csv
ETG-only,sce-3,sce3_etg_run_0070,eval_run_0070_web_batch_20260622_141137,repeat_001,156,156,156,27.0,27.0,Win,1.0,24,,92.0,nan,original_final_eval_subset_lower_mean_high_variation,selected_etg_counterpart_episodes.csv
ETG-only,sce-3,sce3_etg_run_0070,eval_run_0070_web_batch_20260622_141137,repeat_001,158,158,158,60.0,60.0,Win,1.0,28,,44.0,nan,original_final_eval_subset_lower_mean_high_variation,selected_etg_counterpart_episodes.csv
ETG-only,sce-3,sce3_etg_run_0070,eval_run_0070_web_batch_20260622_141137,repeat_001,160,160,160,72.0,72.0,Win,1.0,22,,18.0,nan,original_final_eval_subset_lower_mean_high_variation,selected_etg_counterpart_episodes.csv
ETG-only,sce-3,sce3_etg_run_0070,eval_run_0070_web_batch_20260622_141137,repeat_001,162,162,162,45.0,45.0,Win,1.0,22,,69.0,nan,original_final_eval_subset_lower_mean_high_variation,selected_etg_counterpart_episodes.csv
ETG-only,sce-3,sce3_etg_run_0070,eval_run_0070_web_batch_20260622_141137,repeat_001,164,164,164,84.0,84.0,Win,1.0,25,,3.0,nan,original_final_eval_subset_lower_mean_high_variation,selected_etg_counterpart_episodes.csv
ETG-only,sce-3,sce3_etg_run_0070,eval_run_0070_web_batch_20260622_141137,repeat_001,165,165,165,57.0,57.0,Win,1.0,28,,53.0,nan,original_final_eval_subset_lower_mean_high_variation,selected_etg_counterpart_episodes.csv
ETG-only,sce-3,sce3_etg_run_0070,eval_run_0070_web_batch_20260622_141137,repeat_001,166,166,166,48.0,48.0,Win,1.0,29,,66.0,nan,original_final_eval_subset_lower_mean_high_variation,selected_etg_counterpart_episodes.csv
ETG-only,sce-3,sce3_etg_run_0070,eval_run_0070_web_batch_20260622_141137,repeat_001,167,167,167,45.0,45.0,Win,1.0,28,,70.0,nan,original_final_eval_subset_lower_mean_high_variation,selected_etg_counterpart_episodes.csv
ETG-only,sce-3,sce3_etg_run_0070,eval_run_0070_web_batch_20260622_141137,repeat_001,170,170,170,60.0,60.0,Win,1.0,37,,45.0,nan,original_final_eval_subset_lower_mean_high_variation,selected_etg_counterpart_episodes.csv
ETG-only,sce-3,sce3_etg_run_0070,eval_run_0070_web_batch_20260622_141137,repeat_001,171,171,171,54.0,54.0,Win,1.0,29,,57.0,nan,original_final_eval_subset_lower_mean_high_variation,selected_etg_counterpart_episodes.csv
ETG-only,sce-3,sce3_etg_run_0070,eval_run_0070_web_batch_20260622_141137,repeat_001,174,174,174,72.0,72.0,Win,1.0,25,,19.0,nan,original_final_eval_subset_lower_mean_high_variation,selected_etg_counterpart_episodes.csv
ETG-only,sce-3,sce3_etg_run_0070,eval_run_0070_web_batch_20260622_141137,repeat_001,181,181,181,42.0,42.0,Win,1.0,30,,74.0,nan,original_final_eval_subset_lower_mean_high_variation,selected_etg_counterpart_episodes.csv
ETG-only,sce-3,sce3_etg_run_0070,eval_run_0070_web_batch_20260622_141137,repeat_001,182,182,182,42.0,42.0,Win,1.0,72,,75.0,nan,original_final_eval_subset_lower_mean_high_variation,selected_etg_counterpart_episodes.csv
ETG-only,sce-3,sce3_etg_run_0070,eval_run_0070_web_batch_20260622_141137,repeat_001,186,186,186,45.0,45.0,Win,1.0,30,,71.0,nan,original_final_eval_subset_lower_mean_high_variation,selected_etg_counterpart_episodes.csv
ETG-only,sce-3,sce3_etg_run_0070,eval_run_0070_web_batch_20260622_141137,repeat_001,187,187,187,66.0,66.0,Win,1.0,27,,35.0,nan,original_final_eval_subset_lower_mean_high_variation,selected_etg_counterpart_episodes.csv
ETG-only,sce-3,sce3_etg_run_0070,eval_run_0070_web_batch_20260622_141137,repeat_001,192,192,192,66.0,66.0,Win,1.0,22,,36.0,nan,original_final_eval_subset_lower_mean_high_variation,selected_etg_counterpart_episodes.csv
ETG-only,sce-3,sce3_etg_run_0070,eval_run_0070_web_batch_20260622_141137,repeat_001,193,193,193,69.0,69.0,Win,1.0,27,,27.0,nan,original_final_eval_subset_lower_mean_high_variation,selected_etg_counterpart_episodes.csv
ETG-only,sce-3,sce3_etg_run_0070,eval_run_0070_web_batch_20260622_141137,repeat_001,197,197,197,21.0,21.0,Win,1.0,27,,99.0,nan,original_final_eval_subset_lower_mean_high_variation,selected_etg_counterpart_episodes.csv
ETG-only,sce-3,sce3_etg_run_0070,eval_run_0070_web_batch_20260622_141137,repeat_001,201,201,201,3.0,3.0,Win,1.0,34,,100.0,nan,original_final_eval_subset_lower_mean_high_variation,selected_etg_counterpart_episodes.csv
ETG-only,sce-3,sce3_etg_run_0070,eval_run_0070_web_batch_20260622_141137,repeat_001,204,204,204,69.0,69.0,Win,1.0,25,,28.0,nan,original_final_eval_subset_lower_mean_high_variation,selected_etg_counterpart_episodes.csv
ETG-only,sce-3,sce3_etg_run_0070,eval_run_0070_web_batch_20260622_141137,repeat_001,206,206,206,57.0,57.0,Win,1.0,20,,54.0,nan,original_final_eval_subset_lower_mean_high_variation,selected_etg_counterpart_episodes.csv
ETG-only,sce-3,sce3_etg_run_0070,eval_run_0070_web_batch_20260622_141137,repeat_001,207,207,207,45.0,45.0,Win,1.0,27,,72.0,nan,original_final_eval_subset_lower_mean_high_variation,selected_etg_counterpart_episodes.csv
ETG-only,sce-3,sce3_etg_run_0070,eval_run_0070_web_batch_20260622_141137,repeat_001,215,215,215,39.0,39.0,Win,1.0,29,,80.0,nan,original_final_eval_subset_lower_mean_high_variation,selected_etg_counterpart_episodes.csv
ETG-only,sce-3,sce3_etg_run_0070,eval_run_0070_web_batch_20260622_141137,repeat_001,217,217,217,66.0,66.0,Win,1.0,27,,37.0,nan,original_final_eval_subset_lower_mean_high_variation,selected_etg_counterpart_episodes.csv
ETG-only,sce-3,sce3_etg_run_0070,eval_run_0070_web_batch_20260622_141137,repeat_001,218,218,218,69.0,69.0,Win,1.0,28,,29.0,nan,original_final_eval_subset_lower_mean_high_variation,selected_etg_counterpart_episodes.csv
ETG-only,sce-3,sce3_etg_run_0070,eval_run_0070_web_batch_20260622_141137,repeat_001,219,219,219,60.0,60.0,Win,1.0,28,,46.0,nan,original_final_eval_subset_lower_mean_high_variation,selected_etg_counterpart_episodes.csv
ETG-only,sce-3,sce3_etg_run_0070,eval_run_0070_web_batch_20260622_141137,repeat_001,221,221,221,33.0,33.0,Win,1.0,28,,88.0,nan,original_final_eval_subset_lower_mean_high_variation,selected_etg_counterpart_episodes.csv
ETG-only,sce-3,sce3_etg_run_0070,eval_run_0070_web_batch_20260622_141137,repeat_001,222,222,222,81.0,81.0,Win,1.0,25,,6.0,nan,original_final_eval_subset_lower_mean_high_variation,selected_etg_counterpart_episodes.csv
ETG-only,sce-3,sce3_etg_run_0070,eval_run_0070_web_batch_20260622_141137,repeat_001,225,225,225,60.0,60.0,Win,1.0,23,,47.0,nan,original_final_eval_subset_lower_mean_high_variation,selected_etg_counterpart_episodes.csv
ETG-only,sce-3,sce3_etg_run_0070,eval_run_0070_web_batch_20260622_141137,repeat_001,227,227,227,36.0,36.0,Win,1.0,28,,85.0,nan,original_final_eval_subset_lower_mean_high_variation,selected_etg_counterpart_episodes.csv
ETG-only,sce-3,sce3_etg_run_0070,eval_run_0070_web_batch_20260622_141137,repeat_001,230,230,230,57.0,57.0,Win,1.0,20,,55.0,nan,original_final_eval_subset_lower_mean_high_variation,selected_etg_counterpart_episodes.csv
ETG-only,sce-3,sce3_etg_run_0070,eval_run_0070_web_batch_20260622_141137,repeat_001,231,231,231,78.0,78.0,Win,1.0,25,,8.0,nan,original_final_eval_subset_lower_mean_high_variation,selected_etg_counterpart_episodes.csv
ETG-only,sce-3,sce3_etg_run_0070,eval_run_0070_web_batch_20260622_141137,repeat_001,232,232,232,51.0,51.0,Win,1.0,21,,61.0,nan,original_final_eval_subset_lower_mean_high_variation,selected_etg_counterpart_episodes.csv
ETG-only,sce-3,sce3_etg_run_0070,eval_run_0070_web_batch_20260622_141137,repeat_001,233,233,233,63.0,63.0,Win,1.0,25,,39.0,nan,original_final_eval_subset_lower_mean_high_variation,selected_etg_counterpart_episodes.csv
ETG-only,sce-3,sce3_etg_run_0070,eval_run_0070_web_batch_20260622_141137,repeat_001,243,243,243,48.0,48.0,Win,1.0,22,,67.0,nan,original_final_eval_subset_lower_mean_high_variation,selected_etg_counterpart_episodes.csv
ETG-only,sce-3,sce3_etg_run_0070,eval_run_0070_web_batch_20260622_141137,repeat_001,248,248,248,24.0,24.0,Win,1.0,34,,97.0,nan,original_final_eval_subset_lower_mean_high_variation,selected_etg_counterpart_episodes.csv
ETG-only,sce-3,sce3_etg_run_0070,eval_run_0070_web_batch_20260622_141137,repeat_001,249,249,249,39.0,39.0,Win,1.0,26,,81.0,nan,original_final_eval_subset_lower_mean_high_variation,selected_etg_counterpart_episodes.csv
ETG-only,sce-3,sce3_etg_run_0070,eval_run_0070_web_batch_20260622_141137,repeat_001,254,254,254,75.0,75.0,Win,1.0,25,,12.0,nan,original_final_eval_subset_lower_mean_high_variation,selected_etg_counterpart_episodes.csv
ETG-only,sce-3,sce3_etg_run_0070,eval_run_0070_web_batch_20260622_141137,repeat_001,264,264,264,45.0,45.0,Win,1.0,22,,73.0,nan,original_final_eval_subset_lower_mean_high_variation,selected_etg_counterpart_episodes.csv
ETG-only,sce-3,sce3_etg_run_0070,eval_run_0070_web_batch_20260622_141137,repeat_001,271,271,271,72.0,72.0,Win,1.0,26,,20.0,nan,original_final_eval_subset_lower_mean_high_variation,selected_etg_counterpart_episodes.csv
ETG-only,sce-3,sce3_etg_run_0070,eval_run_0070_web_batch_20260622_141137,repeat_001,275,275,275,63.0,63.0,Win,1.0,27,,40.0,nan,original_final_eval_subset_lower_mean_high_variation,selected_etg_counterpart_episodes.csv
ETG-only,sce-3,sce3_etg_run_0070,eval_run_0070_web_batch_20260622_141137,repeat_001,277,277,277,39.0,39.0,Win,1.0,30,,82.0,nan,original_final_eval_subset_lower_mean_high_variation,selected_etg_counterpart_episodes.csv
ETG-only,sce-3,sce3_etg_run_0070,eval_run_0070_web_batch_20260622_141137,repeat_001,280,280,280,72.0,72.0,Win,1.0,25,,21.0,nan,original_final_eval_subset_lower_mean_high_variation,selected_etg_counterpart_episodes.csv
ETG-only,sce-3,sce3_etg_run_0070,eval_run_0070_web_batch_20260622_141137,repeat_001,283,283,283,27.0,27.0,Win,1.0,30,,93.0,nan,original_final_eval_subset_lower_mean_high_variation,selected_etg_counterpart_episodes.csv
ETG-only,sce-3,sce3_etg_run_0070,eval_run_0070_web_batch_20260622_141137,repeat_001,284,284,284,69.0,69.0,Win,1.0,27,,30.0,nan,original_final_eval_subset_lower_mean_high_variation,selected_etg_counterpart_episodes.csv
ETG-only,sce-3,sce3_etg_run_0070,eval_run_0070_web_batch_20260622_141137,repeat_001,286,286,286,75.0,75.0,Win,1.0,25,,13.0,nan,original_final_eval_subset_lower_mean_high_variation,selected_etg_counterpart_episodes.csv
ETG-only,sce-3,sce3_etg_run_0070,eval_run_0070_web_batch_20260622_141137,repeat_001,287,287,287,75.0,75.0,Win,1.0,25,,14.0,nan,original_final_eval_subset_lower_mean_high_variation,selected_etg_counterpart_episodes.csv
ETG-only,sce-3,sce3_etg_run_0070,eval_run_0070_web_batch_20260622_141137,repeat_001,289,289,289,51.0,51.0,Win,1.0,22,,62.0,nan,original_final_eval_subset_lower_mean_high_variation,selected_etg_counterpart_episodes.csv
ETG-only,sce-3,sce3_etg_run_0070,eval_run_0070_web_batch_20260622_141137,repeat_001,292,292,292,42.0,42.0,Win,1.0,25,,76.0,nan,original_final_eval_subset_lower_mean_high_variation,selected_etg_counterpart_episodes.csv
ETG-only,sce-3,sce3_etg_run_0070,eval_run_0070_web_batch_20260622_141137,repeat_001,294,294,294,30.0,30.0,Win,1.0,31,,91.0,nan,original_final_eval_subset_lower_mean_high_variation,selected_etg_counterpart_episodes.csv
ETG-only,sce-3,sce3_etg_run_0070,eval_run_0070_web_batch_20260622_141137,repeat_001,297,297,297,75.0,75.0,Win,1.0,25,,15.0,nan,original_final_eval_subset_lower_mean_high_variation,selected_etg_counterpart_episodes.csv
ETG-only,sce-3,sce3_etg_run_0070,eval_run_0070_web_batch_20260622_141137,repeat_001,299,299,299,84.0,84.0,Win,1.0,28,,4.0,nan,original_final_eval_subset_lower_mean_high_variation,selected_etg_counterpart_episodes.csv
ETG-only,sce-3,sce3_etg_run_0070,eval_run_0070_web_batch_20260622_141137,repeat_001,300,300,300,33.0,33.0,Win,1.0,31,,89.0,nan,original_final_eval_subset_lower_mean_high_variation,selected_etg_counterpart_episodes.csv
ETG-only,sce-3m,sce3m_etg_run_0073,eval_run_0073_web_batch_20260622_141137,repeat_001,1,1,1,-15.0,-15.0,Loss,0.0,27,,100.0,nan,original_final_eval_subset_lower_mean_high_variation,selected_etg_counterpart_episodes.csv
ETG-only,sce-3m,sce3m_etg_run_0073,eval_run_0073_web_batch_20260622_141137,repeat_001,2,2,2,54.0,54.0,Win,1.0,25,,79.0,nan,original_final_eval_subset_lower_mean_high_variation,selected_etg_counterpart_episodes.csv
ETG-only,sce-3m,sce3m_etg_run_0073,eval_run_0073_web_batch_20260622_141137,repeat_001,6,6,6,72.0,72.0,Win,1.0,23,,18.0,nan,original_final_eval_subset_lower_mean_high_variation,selected_etg_counterpart_episodes.csv
ETG-only,sce-3m,sce3m_etg_run_0073,eval_run_0073_web_batch_20260622_141137,repeat_001,8,8,8,66.0,66.0,Win,1.0,23,,37.0,nan,original_final_eval_subset_lower_mean_high_variation,selected_etg_counterpart_episodes.csv
ETG-only,sce-3m,sce3m_etg_run_0073,eval_run_0073_web_batch_20260622_141137,repeat_001,9,9,9,66.0,66.0,Win,1.0,24,,38.0,nan,original_final_eval_subset_lower_mean_high_variation,selected_etg_counterpart_episodes.csv
ETG-only,sce-3m,sce3m_etg_run_0073,eval_run_0073_web_batch_20260622_141137,repeat_001,17,17,17,66.0,66.0,Win,1.0,24,,39.0,nan,original_final_eval_subset_lower_mean_high_variation,selected_etg_counterpart_episodes.csv
ETG-only,sce-3m,sce3m_etg_run_0073,eval_run_0073_web_batch_20260622_141137,repeat_001,18,18,18,69.0,69.0,Win,1.0,23,,29.0,nan,original_final_eval_subset_lower_mean_high_variation,selected_etg_counterpart_episodes.csv
ETG-only,sce-3m,sce3m_etg_run_0073,eval_run_0073_web_batch_20260622_141137,repeat_001,24,24,24,69.0,69.0,Win,1.0,23,,30.0,nan,original_final_eval_subset_lower_mean_high_variation,selected_etg_counterpart_episodes.csv
ETG-only,sce-3m,sce3m_etg_run_0073,eval_run_0073_web_batch_20260622_141137,repeat_001,26,26,26,72.0,72.0,Win,1.0,25,,19.0,nan,original_final_eval_subset_lower_mean_high_variation,selected_etg_counterpart_episodes.csv
ETG-only,sce-3m,sce3m_etg_run_0073,eval_run_0073_web_batch_20260622_141137,repeat_001,28,28,28,75.0,75.0,Win,1.0,23,,12.0,nan,original_final_eval_subset_lower_mean_high_variation,selected_etg_counterpart_episodes.csv
ETG-only,sce-3m,sce3m_etg_run_0073,eval_run_0073_web_batch_20260622_141137,repeat_001,30,30,30,87.0,87.0,Win,1.0,26,,1.0,nan,original_final_eval_subset_lower_mean_high_variation,selected_etg_counterpart_episodes.csv
ETG-only,sce-3m,sce3m_etg_run_0073,eval_run_0073_web_batch_20260622_141137,repeat_001,31,31,31,81.0,81.0,Win,1.0,24,,4.0,nan,original_final_eval_subset_lower_mean_high_variation,selected_etg_counterpart_episodes.csv
ETG-only,sce-3m,sce3m_etg_run_0073,eval_run_0073_web_batch_20260622_141137,repeat_001,37,37,37,78.0,78.0,Win,1.0,24,,7.0,nan,original_final_eval_subset_lower_mean_high_variation,selected_etg_counterpart_episodes.csv
ETG-only,sce-3m,sce3m_etg_run_0073,eval_run_0073_web_batch_20260622_141137,repeat_001,38,38,38,57.0,57.0,Win,1.0,24,,73.0,nan,original_final_eval_subset_lower_mean_high_variation,selected_etg_counterpart_episodes.csv
ETG-only,sce-3m,sce3m_etg_run_0073,eval_run_0073_web_batch_20260622_141137,repeat_001,42,42,42,60.0,60.0,Win,1.0,26,,62.0,nan,original_final_eval_subset_lower_mean_high_variation,selected_etg_counterpart_episodes.csv
ETG-only,sce-3m,sce3m_etg_run_0073,eval_run_0073_web_batch_20260622_141137,repeat_001,44,44,44,81.0,81.0,Win,1.0,24,,5.0,nan,original_final_eval_subset_lower_mean_high_variation,selected_etg_counterpart_episodes.csv
ETG-only,sce-3m,sce3m_etg_run_0073,eval_run_0073_web_batch_20260622_141137,repeat_001,52,52,52,63.0,63.0,Win,1.0,23,,51.0,nan,original_final_eval_subset_lower_mean_high_variation,selected_etg_counterpart_episodes.csv
ETG-only,sce-3m,sce3m_etg_run_0073,eval_run_0073_web_batch_20260622_141137,repeat_001,53,53,53,69.0,69.0,Win,1.0,23,,31.0,nan,original_final_eval_subset_lower_mean_high_variation,selected_etg_counterpart_episodes.csv
ETG-only,sce-3m,sce3m_etg_run_0073,eval_run_0073_web_batch_20260622_141137,repeat_001,56,56,56,51.0,51.0,Win,1.0,26,,86.0,nan,original_final_eval_subset_lower_mean_high_variation,selected_etg_counterpart_episodes.csv
ETG-only,sce-3m,sce3m_etg_run_0073,eval_run_0073_web_batch_20260622_141137,repeat_001,64,64,64,72.0,72.0,Win,1.0,22,,20.0,nan,original_final_eval_subset_lower_mean_high_variation,selected_etg_counterpart_episodes.csv
ETG-only,sce-3m,sce3m_etg_run_0073,eval_run_0073_web_batch_20260622_141137,repeat_001,66,66,66,60.0,60.0,Win,1.0,24,,63.0,nan,original_final_eval_subset_lower_mean_high_variation,selected_etg_counterpart_episodes.csv
ETG-only,sce-3m,sce3m_etg_run_0073,eval_run_0073_web_batch_20260622_141137,repeat_001,69,69,69,63.0,63.0,Win,1.0,22,,52.0,nan,original_final_eval_subset_lower_mean_high_variation,selected_etg_counterpart_episodes.csv
ETG-only,sce-3m,sce3m_etg_run_0073,eval_run_0073_web_batch_20260622_141137,repeat_001,70,70,70,63.0,63.0,Win,1.0,24,,53.0,nan,original_final_eval_subset_lower_mean_high_variation,selected_etg_counterpart_episodes.csv
ETG-only,sce-3m,sce3m_etg_run_0073,eval_run_0073_web_batch_20260622_141137,repeat_001,72,72,72,54.0,54.0,Win,1.0,25,,80.0,nan,original_final_eval_subset_lower_mean_high_variation,selected_etg_counterpart_episodes.csv
ETG-only,sce-3m,sce3m_etg_run_0073,eval_run_0073_web_batch_20260622_141137,repeat_001,81,81,81,57.0,57.0,Win,1.0,24,,74.0,nan,original_final_eval_subset_lower_mean_high_variation,selected_etg_counterpart_episodes.csv
ETG-only,sce-3m,sce3m_etg_run_0073,eval_run_0073_web_batch_20260622_141137,repeat_001,83,83,83,75.0,75.0,Win,1.0,24,,13.0,nan,original_final_eval_subset_lower_mean_high_variation,selected_etg_counterpart_episodes.csv
ETG-only,sce-3m,sce3m_etg_run_0073,eval_run_0073_web_batch_20260622_141137,repeat_001,85,85,85,72.0,72.0,Win,1.0,24,,21.0,nan,original_final_eval_subset_lower_mean_high_variation,selected_etg_counterpart_episodes.csv
ETG-only,sce-3m,sce3m_etg_run_0073,eval_run_0073_web_batch_20260622_141137,repeat_001,87,87,87,72.0,72.0,Win,1.0,24,,22.0,nan,original_final_eval_subset_lower_mean_high_variation,selected_etg_counterpart_episodes.csv
ETG-only,sce-3m,sce3m_etg_run_0073,eval_run_0073_web_batch_20260622_141137,repeat_001,89,89,89,63.0,63.0,Win,1.0,25,,54.0,nan,original_final_eval_subset_lower_mean_high_variation,selected_etg_counterpart_episodes.csv
ETG-only,sce-3m,sce3m_etg_run_0073,eval_run_0073_web_batch_20260622_141137,repeat_001,92,92,92,42.0,42.0,Win,1.0,27,,91.0,nan,original_final_eval_subset_lower_mean_high_variation,selected_etg_counterpart_episodes.csv
ETG-only,sce-3m,sce3m_etg_run_0073,eval_run_0073_web_batch_20260622_141137,repeat_001,95,95,95,69.0,69.0,Win,1.0,23,,32.0,nan,original_final_eval_subset_lower_mean_high_variation,selected_etg_counterpart_episodes.csv
ETG-only,sce-3m,sce3m_etg_run_0073,eval_run_0073_web_batch_20260622_141137,repeat_001,97,97,97,66.0,66.0,Win,1.0,24,,40.0,nan,original_final_eval_subset_lower_mean_high_variation,selected_etg_counterpart_episodes.csv
ETG-only,sce-3m,sce3m_etg_run_0073,eval_run_0073_web_batch_20260622_141137,repeat_001,98,98,98,75.0,75.0,Win,1.0,25,,14.0,nan,original_final_eval_subset_lower_mean_high_variation,selected_etg_counterpart_episodes.csv
ETG-only,sce-3m,sce3m_etg_run_0073,eval_run_0073_web_batch_20260622_141137,repeat_001,102,102,102,66.0,66.0,Win,1.0,23,,41.0,nan,original_final_eval_subset_lower_mean_high_variation,selected_etg_counterpart_episodes.csv
ETG-only,sce-3m,sce3m_etg_run_0073,eval_run_0073_web_batch_20260622_141137,repeat_001,108,108,108,66.0,66.0,Win,1.0,24,,42.0,nan,original_final_eval_subset_lower_mean_high_variation,selected_etg_counterpart_episodes.csv
ETG-only,sce-3m,sce3m_etg_run_0073,eval_run_0073_web_batch_20260622_141137,repeat_001,109,109,109,60.0,60.0,Win,1.0,24,,64.0,nan,original_final_eval_subset_lower_mean_high_variation,selected_etg_counterpart_episodes.csv
ETG-only,sce-3m,sce3m_etg_run_0073,eval_run_0073_web_batch_20260622_141137,repeat_001,110,110,110,69.0,69.0,Win,1.0,28,,33.0,nan,original_final_eval_subset_lower_mean_high_variation,selected_etg_counterpart_episodes.csv
ETG-only,sce-3m,sce3m_etg_run_0073,eval_run_0073_web_batch_20260622_141137,repeat_001,112,112,112,63.0,63.0,Win,1.0,23,,55.0,nan,original_final_eval_subset_lower_mean_high_variation,selected_etg_counterpart_episodes.csv
ETG-only,sce-3m,sce3m_etg_run_0073,eval_run_0073_web_batch_20260622_141137,repeat_001,114,114,114,87.0,87.0,Win,1.0,25,,2.0,nan,original_final_eval_subset_lower_mean_high_variation,selected_etg_counterpart_episodes.csv
ETG-only,sce-3m,sce3m_etg_run_0073,eval_run_0073_web_batch_20260622_141137,repeat_001,115,115,115,60.0,60.0,Win,1.0,23,,65.0,nan,original_final_eval_subset_lower_mean_high_variation,selected_etg_counterpart_episodes.csv
ETG-only,sce-3m,sce3m_etg_run_0073,eval_run_0073_web_batch_20260622_141137,repeat_001,116,116,116,66.0,66.0,Win,1.0,23,,43.0,nan,original_final_eval_subset_lower_mean_high_variation,selected_etg_counterpart_episodes.csv
ETG-only,sce-3m,sce3m_etg_run_0073,eval_run_0073_web_batch_20260622_141137,repeat_001,117,117,117,54.0,54.0,Win,1.0,25,,81.0,nan,original_final_eval_subset_lower_mean_high_variation,selected_etg_counterpart_episodes.csv
ETG-only,sce-3m,sce3m_etg_run_0073,eval_run_0073_web_batch_20260622_141137,repeat_001,125,125,125,72.0,72.0,Win,1.0,25,,23.0,nan,original_final_eval_subset_lower_mean_high_variation,selected_etg_counterpart_episodes.csv
ETG-only,sce-3m,sce3m_etg_run_0073,eval_run_0073_web_batch_20260622_141137,repeat_001,126,126,126,54.0,54.0,Win,1.0,24,,82.0,nan,original_final_eval_subset_lower_mean_high_variation,selected_etg_counterpart_episodes.csv
ETG-only,sce-3m,sce3m_etg_run_0073,eval_run_0073_web_batch_20260622_141137,repeat_001,128,128,128,60.0,60.0,Win,1.0,23,,66.0,nan,original_final_eval_subset_lower_mean_high_variation,selected_etg_counterpart_episodes.csv
ETG-only,sce-3m,sce3m_etg_run_0073,eval_run_0073_web_batch_20260622_141137,repeat_001,131,131,131,72.0,72.0,Win,1.0,23,,24.0,nan,original_final_eval_subset_lower_mean_high_variation,selected_etg_counterpart_episodes.csv
ETG-only,sce-3m,sce3m_etg_run_0073,eval_run_0073_web_batch_20260622_141137,repeat_001,137,137,137,57.0,57.0,Win,1.0,24,,75.0,nan,original_final_eval_subset_lower_mean_high_variation,selected_etg_counterpart_episodes.csv
ETG-only,sce-3m,sce3m_etg_run_0073,eval_run_0073_web_batch_20260622_141137,repeat_001,144,144,144,54.0,54.0,Win,1.0,27,,83.0,nan,original_final_eval_subset_lower_mean_high_variation,selected_etg_counterpart_episodes.csv
ETG-only,sce-3m,sce3m_etg_run_0073,eval_run_0073_web_batch_20260622_141137,repeat_001,147,147,147,69.0,69.0,Win,1.0,23,,34.0,nan,original_final_eval_subset_lower_mean_high_variation,selected_etg_counterpart_episodes.csv
ETG-only,sce-3m,sce3m_etg_run_0073,eval_run_0073_web_batch_20260622_141137,repeat_001,148,148,148,33.0,33.0,Win,1.0,24,,94.0,nan,original_final_eval_subset_lower_mean_high_variation,selected_etg_counterpart_episodes.csv
ETG-only,sce-3m,sce3m_etg_run_0073,eval_run_0073_web_batch_20260622_141137,repeat_001,149,149,149,63.0,63.0,Win,1.0,23,,56.0,nan,original_final_eval_subset_lower_mean_high_variation,selected_etg_counterpart_episodes.csv
ETG-only,sce-3m,sce3m_etg_run_0073,eval_run_0073_web_batch_20260622_141137,repeat_001,150,150,150,72.0,72.0,Win,1.0,22,,25.0,nan,original_final_eval_subset_lower_mean_high_variation,selected_etg_counterpart_episodes.csv
ETG-only,sce-3m,sce3m_etg_run_0073,eval_run_0073_web_batch_20260622_141137,repeat_001,158,158,158,24.0,24.0,Win,1.0,29,,97.0,nan,original_final_eval_subset_lower_mean_high_variation,selected_etg_counterpart_episodes.csv
ETG-only,sce-3m,sce3m_etg_run_0073,eval_run_0073_web_batch_20260622_141137,repeat_001,162,162,162,78.0,78.0,Win,1.0,25,,8.0,nan,original_final_eval_subset_lower_mean_high_variation,selected_etg_counterpart_episodes.csv
ETG-only,sce-3m,sce3m_etg_run_0073,eval_run_0073_web_batch_20260622_141137,repeat_001,184,184,184,69.0,69.0,Win,1.0,24,,35.0,nan,original_final_eval_subset_lower_mean_high_variation,selected_etg_counterpart_episodes.csv
ETG-only,sce-3m,sce3m_etg_run_0073,eval_run_0073_web_batch_20260622_141137,repeat_001,185,185,185,63.0,63.0,Win,1.0,25,,57.0,nan,original_final_eval_subset_lower_mean_high_variation,selected_etg_counterpart_episodes.csv
ETG-only,sce-3m,sce3m_etg_run_0073,eval_run_0073_web_batch_20260622_141137,repeat_001,186,186,186,63.0,63.0,Win,1.0,23,,58.0,nan,original_final_eval_subset_lower_mean_high_variation,selected_etg_counterpart_episodes.csv
ETG-only,sce-3m,sce3m_etg_run_0073,eval_run_0073_web_batch_20260622_141137,repeat_001,187,187,187,66.0,66.0,Win,1.0,25,,44.0,nan,original_final_eval_subset_lower_mean_high_variation,selected_etg_counterpart_episodes.csv
ETG-only,sce-3m,sce3m_etg_run_0073,eval_run_0073_web_batch_20260622_141137,repeat_001,188,188,188,33.0,33.0,Win,1.0,28,,95.0,nan,original_final_eval_subset_lower_mean_high_variation,selected_etg_counterpart_episodes.csv
ETG-only,sce-3m,sce3m_etg_run_0073,eval_run_0073_web_batch_20260622_141137,repeat_001,189,189,189,63.0,63.0,Win,1.0,22,,59.0,nan,original_final_eval_subset_lower_mean_high_variation,selected_etg_counterpart_episodes.csv
ETG-only,sce-3m,sce3m_etg_run_0073,eval_run_0073_web_batch_20260622_141137,repeat_001,192,192,192,42.0,42.0,Win,1.0,27,,92.0,nan,original_final_eval_subset_lower_mean_high_variation,selected_etg_counterpart_episodes.csv
ETG-only,sce-3m,sce3m_etg_run_0073,eval_run_0073_web_batch_20260622_141137,repeat_001,193,193,193,18.0,18.0,Win,1.0,30,,99.0,nan,original_final_eval_subset_lower_mean_high_variation,selected_etg_counterpart_episodes.csv
ETG-only,sce-3m,sce3m_etg_run_0073,eval_run_0073_web_batch_20260622_141137,repeat_001,194,194,194,57.0,57.0,Win,1.0,24,,76.0,nan,original_final_eval_subset_lower_mean_high_variation,selected_etg_counterpart_episodes.csv
ETG-only,sce-3m,sce3m_etg_run_0073,eval_run_0073_web_batch_20260622_141137,repeat_001,197,197,197,84.0,84.0,Win,1.0,24,,3.0,nan,original_final_eval_subset_lower_mean_high_variation,selected_etg_counterpart_episodes.csv
ETG-only,sce-3m,sce3m_etg_run_0073,eval_run_0073_web_batch_20260622_141137,repeat_001,198,198,198,75.0,75.0,Win,1.0,22,,15.0,nan,original_final_eval_subset_lower_mean_high_variation,selected_etg_counterpart_episodes.csv
ETG-only,sce-3m,sce3m_etg_run_0073,eval_run_0073_web_batch_20260622_141137,repeat_001,199,199,199,66.0,66.0,Win,1.0,23,,45.0,nan,original_final_eval_subset_lower_mean_high_variation,selected_etg_counterpart_episodes.csv
ETG-only,sce-3m,sce3m_etg_run_0073,eval_run_0073_web_batch_20260622_141137,repeat_001,200,200,200,63.0,63.0,Win,1.0,24,,60.0,nan,original_final_eval_subset_lower_mean_high_variation,selected_etg_counterpart_episodes.csv
ETG-only,sce-3m,sce3m_etg_run_0073,eval_run_0073_web_batch_20260622_141137,repeat_001,203,203,203,60.0,60.0,Win,1.0,22,,67.0,nan,original_final_eval_subset_lower_mean_high_variation,selected_etg_counterpart_episodes.csv
ETG-only,sce-3m,sce3m_etg_run_0073,eval_run_0073_web_batch_20260622_141137,repeat_001,205,205,205,72.0,72.0,Win,1.0,23,,26.0,nan,original_final_eval_subset_lower_mean_high_variation,selected_etg_counterpart_episodes.csv
ETG-only,sce-3m,sce3m_etg_run_0073,eval_run_0073_web_batch_20260622_141137,repeat_001,214,214,214,66.0,66.0,Win,1.0,24,,46.0,nan,original_final_eval_subset_lower_mean_high_variation,selected_etg_counterpart_episodes.csv
ETG-only,sce-3m,sce3m_etg_run_0073,eval_run_0073_web_batch_20260622_141137,repeat_001,221,221,221,75.0,75.0,Win,1.0,23,,16.0,nan,original_final_eval_subset_lower_mean_high_variation,selected_etg_counterpart_episodes.csv
ETG-only,sce-3m,sce3m_etg_run_0073,eval_run_0073_web_batch_20260622_141137,repeat_001,222,222,222,78.0,78.0,Win,1.0,24,,9.0,nan,original_final_eval_subset_lower_mean_high_variation,selected_etg_counterpart_episodes.csv
ETG-only,sce-3m,sce3m_etg_run_0073,eval_run_0073_web_batch_20260622_141137,repeat_001,232,232,232,72.0,72.0,Win,1.0,23,,27.0,nan,original_final_eval_subset_lower_mean_high_variation,selected_etg_counterpart_episodes.csv
ETG-only,sce-3m,sce3m_etg_run_0073,eval_run_0073_web_batch_20260622_141137,repeat_001,233,233,233,78.0,78.0,Win,1.0,24,,10.0,nan,original_final_eval_subset_lower_mean_high_variation,selected_etg_counterpart_episodes.csv
ETG-only,sce-3m,sce3m_etg_run_0073,eval_run_0073_web_batch_20260622_141137,repeat_001,235,235,235,66.0,66.0,Win,1.0,24,,47.0,nan,original_final_eval_subset_lower_mean_high_variation,selected_etg_counterpart_episodes.csv
ETG-only,sce-3m,sce3m_etg_run_0073,eval_run_0073_web_batch_20260622_141137,repeat_001,236,236,236,60.0,60.0,Win,1.0,23,,68.0,nan,original_final_eval_subset_lower_mean_high_variation,selected_etg_counterpart_episodes.csv
ETG-only,sce-3m,sce3m_etg_run_0073,eval_run_0073_web_batch_20260622_141137,repeat_001,238,238,238,66.0,66.0,Win,1.0,23,,48.0,nan,original_final_eval_subset_lower_mean_high_variation,selected_etg_counterpart_episodes.csv
ETG-only,sce-3m,sce3m_etg_run_0073,eval_run_0073_web_batch_20260622_141137,repeat_001,240,240,240,51.0,51.0,Win,1.0,24,,87.0,nan,original_final_eval_subset_lower_mean_high_variation,selected_etg_counterpart_episodes.csv
ETG-only,sce-3m,sce3m_etg_run_0073,eval_run_0073_web_batch_20260622_141137,repeat_001,242,242,242,57.0,57.0,Win,1.0,27,,77.0,nan,original_final_eval_subset_lower_mean_high_variation,selected_etg_counterpart_episodes.csv
ETG-only,sce-3m,sce3m_etg_run_0073,eval_run_0073_web_batch_20260622_141137,repeat_001,244,244,244,51.0,51.0,Win,1.0,24,,88.0,nan,original_final_eval_subset_lower_mean_high_variation,selected_etg_counterpart_episodes.csv
ETG-only,sce-3m,sce3m_etg_run_0073,eval_run_0073_web_batch_20260622_141137,repeat_001,247,247,247,60.0,60.0,Win,1.0,24,,69.0,nan,original_final_eval_subset_lower_mean_high_variation,selected_etg_counterpart_episodes.csv
ETG-only,sce-3m,sce3m_etg_run_0073,eval_run_0073_web_batch_20260622_141137,repeat_001,248,248,248,57.0,57.0,Win,1.0,24,,78.0,nan,original_final_eval_subset_lower_mean_high_variation,selected_etg_counterpart_episodes.csv
ETG-only,sce-3m,sce3m_etg_run_0073,eval_run_0073_web_batch_20260622_141137,repeat_001,249,249,249,60.0,60.0,Win,1.0,25,,70.0,nan,original_final_eval_subset_lower_mean_high_variation,selected_etg_counterpart_episodes.csv
ETG-only,sce-3m,sce3m_etg_run_0073,eval_run_0073_web_batch_20260622_141137,repeat_001,251,251,251,66.0,66.0,Win,1.0,24,,49.0,nan,original_final_eval_subset_lower_mean_high_variation,selected_etg_counterpart_episodes.csv
ETG-only,sce-3m,sce3m_etg_run_0073,eval_run_0073_web_batch_20260622_141137,repeat_001,257,257,257,60.0,60.0,Win,1.0,24,,71.0,nan,original_final_eval_subset_lower_mean_high_variation,selected_etg_counterpart_episodes.csv
ETG-only,sce-3m,sce3m_etg_run_0073,eval_run_0073_web_batch_20260622_141137,repeat_001,258,258,258,75.0,75.0,Win,1.0,24,,17.0,nan,original_final_eval_subset_lower_mean_high_variation,selected_etg_counterpart_episodes.csv
ETG-only,sce-3m,sce3m_etg_run_0073,eval_run_0073_web_batch_20260622_141137,repeat_001,260,260,260,63.0,63.0,Win,1.0,24,,61.0,nan,original_final_eval_subset_lower_mean_high_variation,selected_etg_counterpart_episodes.csv
ETG-only,sce-3m,sce3m_etg_run_0073,eval_run_0073_web_batch_20260622_141137,repeat_001,264,264,264,33.0,33.0,Win,1.0,26,,96.0,nan,original_final_eval_subset_lower_mean_high_variation,selected_etg_counterpart_episodes.csv
ETG-only,sce-3m,sce3m_etg_run_0073,eval_run_0073_web_batch_20260622_141137,repeat_001,265,265,265,54.0,54.0,Win,1.0,25,,84.0,nan,original_final_eval_subset_lower_mean_high_variation,selected_etg_counterpart_episodes.csv
ETG-only,sce-3m,sce3m_etg_run_0073,eval_run_0073_web_batch_20260622_141137,repeat_001,271,271,271,66.0,66.0,Win,1.0,23,,50.0,nan,original_final_eval_subset_lower_mean_high_variation,selected_etg_counterpart_episodes.csv
ETG-only,sce-3m,sce3m_etg_run_0073,eval_run_0073_web_batch_20260622_141137,repeat_001,274,274,274,51.0,51.0,Win,1.0,25,,89.0,nan,original_final_eval_subset_lower_mean_high_variation,selected_etg_counterpart_episodes.csv
ETG-only,sce-3m,sce3m_etg_run_0073,eval_run_0073_web_batch_20260622_141137,repeat_001,276,276,276,69.0,69.0,Win,1.0,23,,36.0,nan,original_final_eval_subset_lower_mean_high_variation,selected_etg_counterpart_episodes.csv
ETG-only,sce-3m,sce3m_etg_run_0073,eval_run_0073_web_batch_20260622_141137,repeat_001,281,281,281,24.0,24.0,Win,1.0,30,,98.0,nan,original_final_eval_subset_lower_mean_high_variation,selected_etg_counterpart_episodes.csv
ETG-only,sce-3m,sce3m_etg_run_0073,eval_run_0073_web_batch_20260622_141137,repeat_001,282,282,282,81.0,81.0,Win,1.0,23,,6.0,nan,original_final_eval_subset_lower_mean_high_variation,selected_etg_counterpart_episodes.csv
ETG-only,sce-3m,sce3m_etg_run_0073,eval_run_0073_web_batch_20260622_141137,repeat_001,285,285,285,78.0,78.0,Win,1.0,23,,11.0,nan,original_final_eval_subset_lower_mean_high_variation,selected_etg_counterpart_episodes.csv
ETG-only,sce-3m,sce3m_etg_run_0073,eval_run_0073_web_batch_20260622_141137,repeat_001,286,286,286,51.0,51.0,Win,1.0,24,,90.0,nan,original_final_eval_subset_lower_mean_high_variation,selected_etg_counterpart_episodes.csv
ETG-only,sce-3m,sce3m_etg_run_0073,eval_run_0073_web_batch_20260622_141137,repeat_001,288,288,288,60.0,60.0,Win,1.0,24,,72.0,nan,original_final_eval_subset_lower_mean_high_variation,selected_etg_counterpart_episodes.csv
ETG-only,sce-3m,sce3m_etg_run_0073,eval_run_0073_web_batch_20260622_141137,repeat_001,291,291,291,72.0,72.0,Win,1.0,22,,28.0,nan,original_final_eval_subset_lower_mean_high_variation,selected_etg_counterpart_episodes.csv
ETG-only,sce-3m,sce3m_etg_run_0073,eval_run_0073_web_batch_20260622_141137,repeat_001,294,294,294,54.0,54.0,Win,1.0,24,,85.0,nan,original_final_eval_subset_lower_mean_high_variation,selected_etg_counterpart_episodes.csv
ETG-only,sce-3m,sce3m_etg_run_0073,eval_run_0073_web_batch_20260622_141137,repeat_001,297,297,297,42.0,42.0,Win,1.0,28,,93.0,nan,original_final_eval_subset_lower_mean_high_variation,selected_etg_counterpart_episodes.csv
