experiment_id,method_group,map_id,map_key,variant,base_variant_id,base_variant_rank,base_variant_trial,backup_condition,returncode,output_dir,episodes,frames,score_mean,score_std,terminal_hp_delta_mean,terminal_hp_delta_std,win_rate,loss_count,kg_plan_frames,kg_follow_frames,diverge_action_frames,backup_switch_exact_frames,backup_switch_fuzzy_frames,candidate_frames,candidate_total,candidate_frames_per_100,candidate_mean_planning_score_gain,candidate_mean_future_reward_gain,decision_elapsed_ms_mean,decision_elapsed_ms_std,beam_plan_call_count,beam_plan_calls_per_100_frames,beam_plan_ms_mean,beam_plan_ms_std,beam_plan_ms_total,beam_plan_ms_per_frame,beam_result_count_mean,beam_path_count_mean,no_switch_shadow_ms_mean,no_switch_shadow_ms_total,path_diverged_frames,path_diverged_rate,path_diverged_in_beam_frames,path_diverged_out_of_beam_frames,path_diverged_out_of_beam_ratio,path_diverged_has_backup_frames,path_diverged_has_backup_ratio,switch_frames,switch_rate_per_divergence,switch_frames_per_100,fuzzy_switch_distance_mean,no_switch_shadow_actions,no_switch_shadow_errors,source_counts_json,path_event_counts_json,switch_counts_json,nid_status_counts_json,summary_status
sce1_etg_run_0068,ETG-only,MarineMicro_MvsM_4,sce-1,rank01_trial0019_ms_ns,rank01_trial0019,1,19,fixed_pool_multi_step_no_switch,0,C:\Users\Binich\PycharmProjects\PredictionRTS\output\learner_results\all_data\ETG-only\sce1_etg_run_0068\final_eval\fixed_pool_switch_pair_fpsw_0625_093920\rank01_trial0019\ms_ns,50,909,48.66,15.058538834718814,48.66,15.058538834718814,1.0,0,225,46,191,0,0,460,6157,50.605060506050606,-0.004558750832871551,1.3158661453088625,0.3011962857141778,0.19454036480690862,812,89.32893289328933,2.8867389162560464,8.946513201095287,2344.0319999999097,2.5786930693068313,13.160098522167488,10.225369458128078,,0.0,278,0.30583058305830585,158,120,0.4316546762589928,75,0.2697841726618705,0,0.0,0.0,,0,0,"{""diverge"": 191, ""kg_follow"": 46, ""kg_plan"": 225, ""kg_relaxed"": 350, ""ood"": 97}","{""diverged_replan_required"": 278, ""follow_expected"": 15}",{},"{""bktree_rejected"": 97, ""exact"": 812}",completed
sce1_etg_run_0068,ETG-only,MarineMicro_MvsM_4,sce-1,rank01_trial0019_ms_ex,rank01_trial0019,1,19,fixed_pool_multi_step_switch_exact,0,C:\Users\Binich\PycharmProjects\PredictionRTS\output\learner_results\all_data\ETG-only\sce1_etg_run_0068\final_eval\fixed_pool_switch_pair_fpsw_0625_093920\rank01_trial0019\ms_ex,50,919,48.96,16.24551429453305,48.96,16.24551429453305,1.0,0,265,43,126,57,0,490,6845,53.318824809575624,-0.00571636552760969,1.2109778848307766,0.30699014492760507,0.1597299553105348,779,84.76605005440696,2.908278048780411,9.953918754770614,2265.54859999994,2.4652324265505334,12.92426187419769,10.06033376123235,4.509480701754249,257.0403999999922,264,0.28726877040261156,120,144,0.5454545454545454,57,0.2159090909090909,57,0.2159090909090909,6.2023939064200215,,57,0,"{""backup_switch_exact"": 57, ""diverge"": 126, ""kg_follow"": 43, ""kg_plan"": 265, ""kg_relaxed"": 345, ""ood"": 83}","{""backup_switch_exact"": 57, ""diverged_replan_required"": 207, ""follow_expected"": 26}","{""backup_switch_exact"": 57}","{""bktree_rejected"": 83, ""exact"": 836}",completed
sce1_etg_run_0068,ETG-only,MarineMicro_MvsM_4,sce-1,rank01_trial0019_ms_fz020,rank01_trial0019,1,19,fixed_pool_multi_step_switch_fuzzy020,0,C:\Users\Binich\PycharmProjects\PredictionRTS\output\learner_results\all_data\ETG-only\sce1_etg_run_0068\final_eval\fixed_pool_switch_pair_fpsw_0625_093920\rank01_trial0019\ms_fz020,50,926,55.38,17.463536355527086,55.38,17.463536355527086,1.0,0,291,36,126,68,0,521,7152,56.26349892008639,-0.004673364123422365,1.2952000344891867,0.27487082066859153,0.13046222866937962,782,84.44924406047517,2.801738746802938,8.991989338099012,2190.9596999998976,2.3660471922245114,12.927109974424553,10.005115089514067,4.288322058823614,291.60590000000576,246,0.265658747300216,119,127,0.516260162601626,68,0.2764227642276423,68,0.2764227642276423,7.34341252699784,,68,0,"{""backup_switch_exact"": 68, ""diverge"": 126, ""kg_follow"": 36, ""kg_plan"": 291, ""kg_relaxed"": 329, ""ood"": 76}","{""backup_switch_exact"": 68, ""diverged_replan_required"": 178, ""follow_expected"": 29}","{""backup_switch_exact"": 68}","{""bktree_rejected"": 76, ""exact"": 850}",completed
sce1_etg_run_0068,ETG-only,MarineMicro_MvsM_4,sce-1,rank01_trial0019_ms_fz050,rank01_trial0019,1,19,fixed_pool_multi_step_switch_fuzzy050,0,C:\Users\Binich\PycharmProjects\PredictionRTS\output\learner_results\all_data\ETG-only\sce1_etg_run_0068\final_eval\fixed_pool_switch_pair_fpsw_0625_093920\rank01_trial0019\ms_fz050,50,904,52.62,15.166948491064781,52.62,15.166948491064781,1.0,0,286,28,131,59,3,504,6917,55.75221238938053,-0.003817475405094344,1.3544315331791235,0.3044305555555127,0.189902711017288,769,85.06637168141593,2.604454226267901,2.290396304343104,2002.8253000000157,2.215514712389398,13.1222366710013,10.213263979193759,4.293312903225998,266.1854000000119,253,0.27986725663716816,123,130,0.5138339920948617,59,0.233201581027668,62,0.2450592885375494,6.8584070796460175,0.3372864550345802,62,0,"{""backup_switch_exact"": 59, ""backup_switch_fuzzy"": 3, ""diverge"": 131, ""kg_follow"": 28, ""kg_plan"": 286, ""kg_relaxed"": 324, ""ood"": 73}","{""backup_switch_exact"": 59, ""backup_switch_fuzzy"": 3, ""diverged_replan_required"": 191, ""follow_expected"": 24}","{""backup_switch_exact"": 59, ""backup_switch_fuzzy"": 3}","{""bktree_rejected"": 73, ""exact"": 831}",completed
sce1_etg_run_0068,ETG-only,MarineMicro_MvsM_4,sce-1,rank02_trial0051_ms_ns,rank02_trial0051,2,51,fixed_pool_multi_step_no_switch,0,C:\Users\Binich\PycharmProjects\PredictionRTS\output\learner_results\all_data\ETG-only\sce1_etg_run_0068\final_eval\fixed_pool_switch_pair_fpsw_0625_093920\rank02_trial0051\ms_ns,50,908,50.46,15.555312761305728,50.46,15.555312761305728,1.0,0,501,9,7,0,0,422,752,46.47577092511013,-0.011425223905716306,0.39022380319148964,0.29645878594245223,0.16542176532547131,830,91.40969162995594,0.7720703614458565,8.587971881173937,640.8184000000609,0.7057471365639437,2.874698795180723,2.157831325301205,,0.0,14,0.015418502202643172,0,14,1.0,0,0.0,0,0.0,0.0,,0,0,"{""diverge"": 7, ""kg_follow"": 9, ""kg_plan"": 501, ""kg_relaxed"": 313, ""ood"": 78}","{""diverged_replan_required"": 14, ""follow_expected"": 8}",{},"{""bktree_rejected"": 78, ""exact"": 830}",completed
sce1_etg_run_0068,ETG-only,MarineMicro_MvsM_4,sce-1,rank02_trial0051_ms_ex,rank02_trial0051,2,51,fixed_pool_multi_step_switch_exact,0,C:\Users\Binich\PycharmProjects\PredictionRTS\output\learner_results\all_data\ETG-only\sce1_etg_run_0068\final_eval\fixed_pool_switch_pair_fpsw_0625_093920\rank02_trial0051\ms_ex,50,917,48.42,18.983440689405153,48.42,18.983440689405153,1.0,0,502,11,7,2,0,435,764,47.43729552889858,-0.01386965492285968,0.36961171465968595,0.28224919614136457,0.18427929851800076,832,90.73064340239912,0.46360420673074354,0.2428084395849405,385.71869999997864,0.4206310796073922,2.9579326923076925,2.204326923076923,0.73344999999847,1.46689999999694,15,0.016357688113413305,4,11,0.7333333333333333,2,0.13333333333333333,2,0.13333333333333333,0.21810250817884405,,2,0,"{""backup_switch_exact"": 2, ""diverge"": 7, ""fallback"": 1, ""kg_follow"": 11, ""kg_plan"": 502, ""kg_relaxed"": 311, ""ood"": 83}","{""backup_switch_exact"": 2, ""diverged_replan_required"": 13, ""follow_expected"": 11}","{""backup_switch_exact"": 2}","{""bktree_rejected"": 83, ""exact"": 834}",completed
sce1_etg_run_0068,ETG-only,MarineMicro_MvsM_4,sce-1,rank02_trial0051_ms_fz020,rank02_trial0051,2,51,fixed_pool_multi_step_switch_fuzzy020,0,C:\Users\Binich\PycharmProjects\PredictionRTS\output\learner_results\all_data\ETG-only\sce1_etg_run_0068\final_eval\fixed_pool_switch_pair_fpsw_0625_093920\rank02_trial0051\ms_fz020,50,902,50.52,19.45506596844983,50.52,19.45506596844983,1.0,0,484,10,9,3,0,431,759,47.78270509977827,-0.017545774133042452,0.38411185770751005,0.2677993710693242,0.14822703746894475,821,91.01995565410199,0.4465161997564248,0.2393831439919708,366.58980000002475,0.40641884700667935,2.954933008526188,2.1985383678440926,0.7720999999989431,2.3162999999968292,20,0.022172949002217297,5,15,0.75,3,0.15,3,0.15,0.3325942350332594,,3,0,"{""backup_switch_exact"": 3, ""diverge"": 9, ""kg_follow"": 10, ""kg_plan"": 484, ""kg_relaxed"": 318, ""ood"": 78}","{""backup_switch_exact"": 3, ""diverged_replan_required"": 17, ""follow_expected"": 8}","{""backup_switch_exact"": 3}","{""bktree_rejected"": 78, ""exact"": 824}",completed
sce1_etg_run_0068,ETG-only,MarineMicro_MvsM_4,sce-1,rank02_trial0051_ms_fz050,rank02_trial0051,2,51,fixed_pool_multi_step_switch_fuzzy050,0,C:\Users\Binich\PycharmProjects\PredictionRTS\output\learner_results\all_data\ETG-only\sce1_etg_run_0068\final_eval\fixed_pool_switch_pair_fpsw_0625_093920\rank02_trial0051\ms_fz050,50,938,49.86,13.659130160251562,49.86,13.659130160251562,1.0,0,490,11,14,1,0,418,697,44.562899786780385,-0.0076988775725042235,0.4357001434720231,0.2719436657682423,0.13499838450092919,886,94.45628997867804,0.7466795711060935,8.579223029537916,661.5580999999988,0.7052858208955212,2.851015801354402,2.1534988713318284,0.7747999999985211,0.7747999999985211,28,0.029850746268656716,1,27,0.9642857142857143,1,0.03571428571428571,1,0.03571428571428571,0.10660980810234541,,1,0,"{""backup_switch_exact"": 1, ""diverge"": 14, ""kg_follow"": 11, ""kg_plan"": 490, ""kg_relaxed"": 371, ""ood"": 51}","{""backup_switch_exact"": 1, ""diverged_replan_required"": 27, ""follow_expected"": 9}","{""backup_switch_exact"": 1}","{""bktree_rejected"": 51, ""exact"": 887}",completed
sce1_etg_run_0068,ETG-only,MarineMicro_MvsM_4,sce-1,rank03_trial0031_ms_ns,rank03_trial0031,3,31,fixed_pool_multi_step_no_switch,0,C:\Users\Binich\PycharmProjects\PredictionRTS\output\learner_results\all_data\ETG-only\sce1_etg_run_0068\final_eval\fixed_pool_switch_pair_fpsw_0625_093920\rank03_trial0031\ms_ns,50,883,53.16,18.32402237278615,53.16,18.32402237278615,1.0,0,266,23,154,0,0,382,1660,43.26160815402039,-0.0027796915198764227,2.045246576305221,0.28352314814815444,0.16671604988459654,767,86.8629671574179,0.7642752281617429,0.5939550726622058,586.1991000000568,0.6638721404304154,5.220338983050848,3.9791395045632334,,0.0,210,0.23782559456398641,89,121,0.5761904761904761,71,0.3380952380952381,0,0.0,0.0,,0,0,"{""diverge"": 154, ""kg_follow"": 23, ""kg_plan"": 266, ""kg_relaxed"": 324, ""ood"": 116}","{""diverged_replan_required"": 210, ""follow_expected"": 9}",{},"{""bktree_rejected"": 116, ""exact"": 767}",completed
sce1_etg_run_0068,ETG-only,MarineMicro_MvsM_4,sce-1,rank03_trial0031_ms_ex,rank03_trial0031,3,31,fixed_pool_multi_step_switch_exact,0,C:\Users\Binich\PycharmProjects\PredictionRTS\output\learner_results\all_data\ETG-only\sce1_etg_run_0068\final_eval\fixed_pool_switch_pair_fpsw_0625_093920\rank03_trial0031\ms_ex,50,898,50.82,18.812381940778106,50.82,18.812381940778106,0.96,2,326,14,74,41,0,379,1656,42.204899777282854,-0.005462584396042475,1.7970967693236717,0.27539245283028524,0.17472643278876637,732,81.51447661469933,1.0403840163934497,8.952786405809507,761.5611000000051,0.8480635857461082,4.98224043715847,3.8647540983606556,1.2509707317073426,51.28980000000105,157,0.17483296213808464,65,92,0.5859872611464968,41,0.2611464968152866,41,0.2611464968152866,4.565701559020044,,41,0,"{""backup_switch_exact"": 41, ""diverge"": 74, ""kg_follow"": 14, ""kg_plan"": 326, ""kg_relaxed"": 318, ""ood"": 125}","{""backup_switch_exact"": 41, ""diverged_replan_required"": 116, ""follow_expected"": 9}","{""backup_switch_exact"": 41}","{""bktree_rejected"": 125, ""exact"": 773}",completed
sce1_etg_run_0068,ETG-only,MarineMicro_MvsM_4,sce-1,rank03_trial0031_ms_fz020,rank03_trial0031,3,31,fixed_pool_multi_step_switch_fuzzy020,0,C:\Users\Binich\PycharmProjects\PredictionRTS\output\learner_results\all_data\ETG-only\sce1_etg_run_0068\final_eval\fixed_pool_switch_pair_fpsw_0625_093920\rank03_trial0031\ms_fz020,50,887,52.44,13.916896205691843,52.44,13.916896205691843,1.0,0,327,27,94,45,0,431,1777,48.59075535512965,-0.0033412557492117382,2.4637295910710937,0.2680732638887795,0.16362454796679118,736,82.97632468996618,0.8053653532608819,0.6090355345759404,592.748900000009,0.6682625704622425,5.346467391304348,4.036684782608695,1.419126666666691,63.8607000000011,169,0.19052987598647125,62,107,0.6331360946745562,45,0.26627218934911245,45,0.26627218934911245,5.0732807215332585,,45,0,"{""backup_switch_exact"": 45, ""diverge"": 94, ""kg_follow"": 27, ""kg_plan"": 327, ""kg_relaxed"": 288, ""ood"": 106}","{""backup_switch_exact"": 45, ""diverged_replan_required"": 124, ""follow_expected"": 19}","{""backup_switch_exact"": 45}","{""bktree_rejected"": 106, ""exact"": 781}",completed
sce1_etg_run_0068,ETG-only,MarineMicro_MvsM_4,sce-1,rank03_trial0031_ms_fz050,rank03_trial0031,3,31,fixed_pool_multi_step_switch_fuzzy050,0,C:\Users\Binich\PycharmProjects\PredictionRTS\output\learner_results\all_data\ETG-only\sce1_etg_run_0068\final_eval\fixed_pool_switch_pair_fpsw_0625_093920\rank03_trial0031\ms_fz050,50,890,54.84,14.330444258747221,54.84,14.330444258747221,1.0,0,325,25,96,44,0,421,1883,47.30337078651685,-0.0027006568895786213,2.0267176845459374,0.24843521594689524,0.1837807955755118,747,83.93258426966293,0.7442206157965895,0.5742761532027943,555.9328000000523,0.6246435955056768,5.333333333333333,4.032128514056225,1.3495613636364079,59.38070000000195,177,0.19887640449438201,70,107,0.6045197740112994,45,0.2542372881355932,44,0.24858757062146894,4.943820224719101,,44,0,"{""backup_switch_exact"": 44, ""diverge"": 96, ""kg_follow"": 25, ""kg_plan"": 325, ""kg_relaxed"": 301, ""ood"": 99}","{""backup_switch_exact"": 45, ""diverged_replan_required"": 132, ""follow_expected"": 19}","{""backup_switch_exact"": 44}","{""bktree_rejected"": 99, ""exact"": 791}",completed
sce1_etg_run_0068,ETG-only,MarineMicro_MvsM_4,sce-1,rank04_trial0005_ms_ns,rank04_trial0005,4,5,fixed_pool_multi_step_no_switch,0,C:\Users\Binich\PycharmProjects\PredictionRTS\output\learner_results\all_data\ETG-only\sce1_etg_run_0068\final_eval\fixed_pool_switch_pair_fpsw_0625_093920\rank04_trial0005\ms_ns,50,931,50.58,17.5872054607424,50.58,17.5872054607424,1.0,0,264,71,271,0,0,354,606,38.02363050483351,-0.006071582267481847,2.565031298129813,0.24430677966106562,0.0580764481194217,842,90.44038668098818,0.5310174584322371,0.3045853039594233,447.11669999994365,0.48025424274967093,3.691211401425178,2.1045130641330165,,0.0,367,0.3941997851772288,87,280,0.7629427792915532,72,0.19618528610354224,0,0.0,0.0,,0,0,"{""diverge"": 271, ""kg_follow"": 71, ""kg_plan"": 264, ""kg_relaxed"": 236, ""ood"": 89}","{""diverged_replan_required"": 367, ""follow_expected"": 32}",{},"{""bktree_rejected"": 89, ""exact"": 842}",completed
sce1_etg_run_0068,ETG-only,MarineMicro_MvsM_4,sce-1,rank04_trial0005_ms_ex,rank04_trial0005,4,5,fixed_pool_multi_step_switch_exact,0,C:\Users\Binich\PycharmProjects\PredictionRTS\output\learner_results\all_data\ETG-only\sce1_etg_run_0068\final_eval\fixed_pool_switch_pair_fpsw_0625_093920\rank04_trial0005\ms_ex,50,897,51.3,16.545854650710822,51.3,16.545854650710822,0.98,1,263,64,195,61,0,337,540,37.56967670011148,-0.012715342527904565,2.3443695061728396,0.25089484978543997,0.05887052471526903,755,84.16945373467112,0.8437104635761271,8.518864745386878,637.001399999976,0.7101464882942876,3.5072847682119206,2.0556291390728476,0.7520180327867925,45.87309999999434,336,0.3745819397993311,81,255,0.7589285714285714,63,0.1875,61,0.18154761904761904,6.800445930880714,,61,0,"{""backup_switch_exact"": 61, ""diverge"": 195, ""kg_follow"": 64, ""kg_plan"": 263, ""kg_relaxed"": 233, ""ood"": 81}","{""backup_switch_exact"": 63, ""diverged_replan_required"": 273, ""follow_expected"": 29}","{""backup_switch_exact"": 61}","{""bktree_rejected"": 81, ""exact"": 816}",completed
sce1_etg_run_0068,ETG-only,MarineMicro_MvsM_4,sce-1,rank04_trial0005_ms_fz020,rank04_trial0005,4,5,fixed_pool_multi_step_switch_fuzzy020,0,C:\Users\Binich\PycharmProjects\PredictionRTS\output\learner_results\all_data\ETG-only\sce1_etg_run_0068\final_eval\fixed_pool_switch_pair_fpsw_0625_093920\rank04_trial0005\ms_fz020,50,917,49.68,19.272948155698572,49.68,19.272948155698572,0.98,1,276,57,195,62,1,356,634,38.82224645583424,-0.014183132173085278,2.9510975289169297,0.20501440677964816,0.05664039724502392,764,83.31515812431843,0.7720909685864084,8.452313179627849,589.877500000016,0.6432688113413478,3.5405759162303663,2.094240837696335,0.5953412698416805,37.506500000025866,340,0.3707742639040349,80,260,0.7647058823529411,62,0.18235294117647058,63,0.18529411764705883,6.870229007633588,0.078125,63,0,"{""backup_switch_exact"": 62, ""backup_switch_fuzzy"": 1, ""diverge"": 195, ""kg_follow"": 57, ""kg_plan"": 276, ""kg_relaxed"": 236, ""ood"": 90}","{""backup_switch_exact"": 62, ""backup_switch_fuzzy"": 1, ""diverged_replan_required"": 277, ""follow_expected"": 30}","{""backup_switch_exact"": 62, ""backup_switch_fuzzy"": 1}","{""bktree_rejected"": 90, ""exact"": 827}",completed
sce1_etg_run_0068,ETG-only,MarineMicro_MvsM_4,sce-1,rank04_trial0005_ms_fz050,rank04_trial0005,4,5,fixed_pool_multi_step_switch_fuzzy050,0,C:\Users\Binich\PycharmProjects\PredictionRTS\output\learner_results\all_data\ETG-only\sce1_etg_run_0068\final_eval\fixed_pool_switch_pair_fpsw_0625_093920\rank04_trial0005\ms_fz050,50,942,45.48,20.277905941880565,45.48,20.277905941880565,0.98,1,294,76,187,61,0,355,608,37.68577494692144,-0.010683967772305713,2.882295257675439,0.22964618644076726,0.06467298776994167,793,84.18259023354565,0.49085498108451653,0.2600254810329646,389.2480000000216,0.41321443736732655,3.583858764186633,2.102143757881463,0.6545245901636053,39.92599999997992,325,0.34501061571125263,83,242,0.7446153846153846,62,0.19076923076923077,61,0.18769230769230769,6.475583864118896,,61,0,"{""backup_switch_exact"": 61, ""diverge"": 187, ""kg_follow"": 76, ""kg_plan"": 294, ""kg_relaxed"": 236, ""ood"": 88}","{""backup_switch_exact"": 62, ""diverged_replan_required"": 263, ""follow_expected"": 38}","{""backup_switch_exact"": 61}","{""bktree_rejected"": 88, ""exact"": 854}",completed
sce1_etg_run_0068,ETG-only,MarineMicro_MvsM_4,sce-1,rank05_trial0018_ms_ns,rank05_trial0018,5,18,fixed_pool_multi_step_no_switch,0,C:\Users\Binich\PycharmProjects\PredictionRTS\output\learner_results\all_data\ETG-only\sce1_etg_run_0068\final_eval\fixed_pool_switch_pair_fpsw_0625_093920\rank05_trial0018\ms_ns,50,1037,6.72,24.9718535432946,6.72,24.9718535432946,0.62,19,315,32,275,0,0,622,10230,59.98071359691418,-0.03478430572370907,-0.6718137401433695,0.21906151079137443,0.06306478870656246,900,86.78881388621022,3.9088545555555636,15.431367393498112,3517.969100000007,3.3924485053037676,22.095555555555556,15.512222222222222,,0.0,400,0.3857280617164899,222,178,0.445,139,0.3475,0,0.0,0.0,,0,0,"{""diverge"": 275, ""kg_follow"": 32, ""kg_plan"": 315, ""kg_relaxed"": 278, ""ood"": 137}","{""diverged_replan_required"": 400, ""follow_expected"": 18}",{},"{""bktree_rejected"": 137, ""exact"": 900}",completed
sce1_etg_run_0068,ETG-only,MarineMicro_MvsM_4,sce-1,rank05_trial0018_ms_ex,rank05_trial0018,5,18,fixed_pool_multi_step_switch_exact,0,C:\Users\Binich\PycharmProjects\PredictionRTS\output\learner_results\all_data\ETG-only\sce1_etg_run_0068\final_eval\fixed_pool_switch_pair_fpsw_0625_093920\rank05_trial0018\ms_ex,50,1017,16.08,25.454112373734304,16.08,25.454112373734304,0.84,8,337,23,158,91,0,609,10642,59.882005899705014,-0.016465775876909436,-1.2690194120779303,0.2277472924186899,0.08043198698700658,795,78.17109144542773,4.065079245283075,13.390052589007372,3231.7380000000444,3.1777168141593357,20.99874213836478,14.885534591194968,5.403828571428401,491.74839999998454,375,0.3687315634218289,167,208,0.5546666666666666,92,0.24533333333333332,91,0.24266666666666667,8.947885939036382,,91,0,"{""backup_switch_exact"": 91, ""diverge"": 158, ""kg_follow"": 23, ""kg_plan"": 337, ""kg_relaxed"": 277, ""ood"": 131}","{""backup_switch_exact"": 92, ""diverged_replan_required"": 283, ""follow_expected"": 17}","{""backup_switch_exact"": 91}","{""bktree_rejected"": 131, ""exact"": 886}",completed
sce1_etg_run_0068,ETG-only,MarineMicro_MvsM_4,sce-1,rank05_trial0018_ms_fz020,rank05_trial0018,5,18,fixed_pool_multi_step_switch_fuzzy020,0,C:\Users\Binich\PycharmProjects\PredictionRTS\output\learner_results\all_data\ETG-only\sce1_etg_run_0068\final_eval\fixed_pool_switch_pair_fpsw_0625_093920\rank05_trial0018\ms_fz020,50,1049,10.14,26.70856317623199,10.14,26.70856317623199,0.68,16,367,28,149,90,0,633,10670,60.34318398474738,-0.027094252187349923,-1.0630774736019997,0.263833469387698,0.0982043087254245,789,75.21448999046711,3.811285678073499,9.583194493496814,3007.1043999999906,2.8666390848426984,22.14702154626109,15.6489226869455,5.125126666666979,461.2614000000281,368,0.3508102955195424,160,208,0.5652173913043478,90,0.24456521739130435,90,0.24456521739130435,8.579599618684462,,90,0,"{""backup_switch_exact"": 90, ""diverge"": 149, ""kg_follow"": 28, ""kg_plan"": 367, ""kg_relaxed"": 245, ""ood"": 170}","{""backup_switch_exact"": 90, ""diverged_replan_required"": 278, ""follow_expected"": 28}","{""backup_switch_exact"": 90}","{""bktree_rejected"": 170, ""exact"": 879}",completed
sce1_etg_run_0068,ETG-only,MarineMicro_MvsM_4,sce-1,rank05_trial0018_ms_fz050,rank05_trial0018,5,18,fixed_pool_multi_step_switch_fuzzy050,0,C:\Users\Binich\PycharmProjects\PredictionRTS\output\learner_results\all_data\ETG-only\sce1_etg_run_0068\final_eval\fixed_pool_switch_pair_fpsw_0625_093920\rank05_trial0018\ms_fz050,50,1026,-1.74,24.635141649311308,-1.74,24.635141649311308,0.52,24,366,25,115,94,0,601,10037,58.57699805068226,-0.03440473021626339,-0.5500572365580689,0.26843985507245766,0.13261655596066024,783,76.3157894736842,3.833198339718988,14.31694860404543,3001.3942999999676,2.9253355750487016,21.268199233716476,14.638569604086845,5.031228723403974,472.93549999997356,338,0.32943469785575047,169,169,0.5,95,0.28106508875739644,94,0.2781065088757396,9.161793372319687,,94,0,"{""backup_switch_exact"": 94, ""diverge"": 115, ""fallback"": 1, ""kg_follow"": 25, ""kg_plan"": 366, ""kg_relaxed"": 276, ""ood"": 149}","{""backup_switch_exact"": 95, ""diverged_replan_required"": 243, ""follow_expected"": 21}","{""backup_switch_exact"": 94}","{""bktree_rejected"": 149, ""exact"": 877}",completed
sce1_etg_run_0068,ETG-only,MarineMicro_MvsM_4,sce-1,rank06_trial0059_ms_ns,rank06_trial0059,6,59,fixed_pool_multi_step_no_switch,0,C:\Users\Binich\PycharmProjects\PredictionRTS\output\learner_results\all_data\ETG-only\sce1_etg_run_0068\final_eval\fixed_pool_switch_pair_fpsw_0625_093920\rank06_trial0059\ms_ns,50,903,48.54,14.428161238865258,48.54,14.428161238865258,1.0,0,194,82,197,0,0,474,1542,52.49169435215947,-0.00392621088726222,1.3997859273670559,0.25735042979932937,0.17740227091380356,826,91.47286821705427,0.5956433414043814,0.39839484861640356,492.00140000001903,0.5448520487264884,4.272397094430993,3.009685230024213,,0.0,302,0.3344407530454042,110,192,0.6357615894039735,52,0.17218543046357615,0,0.0,0.0,,0,0,"{""diverge"": 197, ""fallback"": 4, ""kg_follow"": 82, ""kg_plan"": 194, ""kg_relaxed"": 349, ""ood"": 77}","{""diverged_replan_required"": 302, ""follow_expected"": 39}",{},"{""bktree_rejected"": 77, ""exact"": 826}",completed
sce1_etg_run_0068,ETG-only,MarineMicro_MvsM_4,sce-1,rank06_trial0059_ms_ex,rank06_trial0059,6,59,fixed_pool_multi_step_switch_exact,0,C:\Users\Binich\PycharmProjects\PredictionRTS\output\learner_results\all_data\ETG-only\sce1_etg_run_0068\final_eval\fixed_pool_switch_pair_fpsw_0625_093920\rank06_trial0059\ms_ex,50,911,52.14,13.951826740171164,52.14,13.951826740171164,1.0,0,237,65,146,41,0,490,1571,53.787047200878156,-0.003405090627231347,1.4866348185868872,0.24506952662726494,0.1323250672799224,792,86.93743139407245,0.8430726010101297,8.38443064313262,667.7135000000227,0.7329456641054036,4.180555555555555,2.9545454545454546,0.7781951219512897,31.906000000002877,291,0.3194291986827662,93,198,0.6804123711340206,42,0.14432989690721648,41,0.140893470790378,4.500548847420417,,41,0,"{""backup_switch_exact"": 41, ""diverge"": 146, ""fallback"": 6, ""kg_follow"": 65, ""kg_plan"": 237, ""kg_relaxed"": 338, ""ood"": 78}","{""backup_switch_exact"": 42, ""diverged_replan_required"": 249, ""follow_expected"": 35}","{""backup_switch_exact"": 41}","{""bktree_rejected"": 78, ""exact"": 833}",completed
sce1_etg_run_0068,ETG-only,MarineMicro_MvsM_4,sce-1,rank06_trial0059_ms_fz020,rank06_trial0059,6,59,fixed_pool_multi_step_switch_fuzzy020,0,C:\Users\Binich\PycharmProjects\PredictionRTS\output\learner_results\all_data\ETG-only\sce1_etg_run_0068\final_eval\fixed_pool_switch_pair_fpsw_0625_093920\rank06_trial0059\ms_fz020,50,905,53.76,16.056736141264953,53.76,16.056736141264953,1.0,0,221,62,170,38,0,488,1596,53.92265193370166,-0.0027925856802299342,1.3493129385964913,0.2550305194804964,0.1508814882465414,762,84.1988950276243,0.571540551180993,0.3662010274865106,435.51389999991665,0.48123082872918965,4.360892388451443,3.0879265091863517,0.8542842105265324,32.46280000000823,294,0.32486187845303865,101,193,0.6564625850340136,39,0.1326530612244898,38,0.1292517006802721,4.198895027624309,,38,0,"{""backup_switch_exact"": 38, ""diverge"": 170, ""fallback"": 1, ""kg_follow"": 62, ""kg_plan"": 221, ""kg_relaxed"": 308, ""ood"": 105}","{""backup_switch_exact"": 39, ""diverged_replan_required"": 255, ""follow_expected"": 35}","{""backup_switch_exact"": 38}","{""bktree_rejected"": 105, ""exact"": 800}",completed
sce1_etg_run_0068,ETG-only,MarineMicro_MvsM_4,sce-1,rank06_trial0059_ms_fz050,rank06_trial0059,6,59,fixed_pool_multi_step_switch_fuzzy050,0,C:\Users\Binich\PycharmProjects\PredictionRTS\output\learner_results\all_data\ETG-only\sce1_etg_run_0068\final_eval\fixed_pool_switch_pair_fpsw_0625_093920\rank06_trial0059\ms_fz050,50,919,52.02,14.804149997310116,52.02,14.804149997310116,1.0,0,241,68,131,37,9,487,1568,52.9923830250272,-0.004059229768358142,1.262484088010204,0.25487307692309213,0.1518391508471123,780,84.87486398258977,0.8745975641025607,8.431360121292576,682.1860999999974,0.7423134929270918,4.202564102564103,2.9833333333333334,0.849054347826146,39.056500000002714,279,0.30359085963003263,90,189,0.6774193548387096,37,0.13261648745519714,46,0.16487455197132617,5.00544069640914,0.39848114139113977,46,0,"{""backup_switch_exact"": 37, ""backup_switch_fuzzy"": 9, ""diverge"": 131, ""fallback"": 2, ""kg_follow"": 68, ""kg_plan"": 241, ""kg_relaxed"": 338, ""ood"": 93}","{""backup_switch_exact"": 37, ""backup_switch_fuzzy"": 9, ""diverged_replan_required"": 233, ""follow_expected"": 40}","{""backup_switch_exact"": 37, ""backup_switch_fuzzy"": 9}","{""bktree_rejected"": 93, ""exact"": 826}",completed
sce1_etg_run_0068,ETG-only,MarineMicro_MvsM_4,sce-1,rank07_trial0010_ms_ns,rank07_trial0010,7,10,fixed_pool_multi_step_no_switch,0,C:\Users\Binich\PycharmProjects\PredictionRTS\output\learner_results\all_data\ETG-only\sce1_etg_run_0068\final_eval\fixed_pool_switch_pair_fpsw_0625_093920\rank07_trial0010\ms_ns,50,928,48.72,14.026272724092179,48.72,14.026272724092179,0.98,1,389,2,139,0,0,530,4281,57.11206896551724,-0.0019625850498648876,-1.3267405045550107,0.24845515151522657,0.14456557284420976,860,92.67241379310344,1.5000225581395208,1.4090784261161073,1290.0193999999879,1.3901071120689523,12.372093023255815,10.077906976744186,,0.0,183,0.19719827586206898,90,93,0.5081967213114754,39,0.21311475409836064,0,0.0,0.0,,0,0,"{""diverge"": 139, ""kg_follow"": 2, ""kg_plan"": 389, ""kg_relaxed"": 330, ""ood"": 68}","{""diverged_replan_required"": 183, ""follow_expected"": 1}",{},"{""bktree_rejected"": 68, ""exact"": 860}",completed
sce1_etg_run_0068,ETG-only,MarineMicro_MvsM_4,sce-1,rank07_trial0010_ms_ex,rank07_trial0010,7,10,fixed_pool_multi_step_switch_exact,0,C:\Users\Binich\PycharmProjects\PredictionRTS\output\learner_results\all_data\ETG-only\sce1_etg_run_0068\final_eval\fixed_pool_switch_pair_fpsw_0625_093920\rank07_trial0010\ms_ex,50,894,52.86,16.102997566051016,52.86,16.102997566051016,1.0,0,389,1,51,33,0,474,3964,53.02013422818792,-0.0019531547550738107,-1.24207641271443,0.274451057401661,0.6701569268216986,772,86.35346756152126,1.5843959844559254,8.614444572465782,1223.1536999999744,1.3681808724831928,11.516839378238341,9.273316062176166,2.1586242424238766,71.23459999998794,121,0.13534675615212527,58,63,0.5206611570247934,33,0.2727272727272727,33,0.2727272727272727,3.6912751677852347,,33,0,"{""backup_switch_exact"": 33, ""diverge"": 51, ""kg_follow"": 1, ""kg_plan"": 389, ""kg_relaxed"": 331, ""ood"": 89}","{""backup_switch_exact"": 33, ""diverged_replan_required"": 88, ""follow_expected"": 1}","{""backup_switch_exact"": 33}","{""bktree_rejected"": 89, ""exact"": 805}",completed
sce1_etg_run_0068,ETG-only,MarineMicro_MvsM_4,sce-1,rank07_trial0010_ms_fz020,rank07_trial0010,7,10,fixed_pool_multi_step_switch_fuzzy020,0,C:\Users\Binich\PycharmProjects\PredictionRTS\output\learner_results\all_data\ETG-only\sce1_etg_run_0068\final_eval\fixed_pool_switch_pair_fpsw_0625_093920\rank07_trial0010\ms_fz020,50,916,50.4,18.671160780678825,50.4,18.671160780678825,1.0,0,389,2,66,29,1,487,4067,53.16593886462882,-0.002208201965620327,-1.3758477624784855,0.2580259475218398,0.1738206770642009,800,87.33624454148472,1.7305731249999523,8.841958640620511,1384.4584999999618,1.5114175764191722,11.42375,9.24375,2.277636666666775,68.32910000000325,143,0.15611353711790393,65,78,0.5454545454545454,31,0.21678321678321677,30,0.2097902097902098,3.2751091703056767,0.050563562148434216,30,0,"{""backup_switch_exact"": 29, ""backup_switch_fuzzy"": 1, ""diverge"": 66, ""kg_follow"": 2, ""kg_plan"": 389, ""kg_relaxed"": 343, ""ood"": 86}","{""backup_switch_exact"": 31, ""backup_switch_fuzzy"": 1, ""diverged_replan_required"": 111, ""follow_expected"": 1}","{""backup_switch_exact"": 29, ""backup_switch_fuzzy"": 1}","{""bktree_rejected"": 86, ""exact"": 830}",completed
sce1_etg_run_0068,ETG-only,MarineMicro_MvsM_4,sce-1,rank07_trial0010_ms_fz050,rank07_trial0010,7,10,fixed_pool_multi_step_switch_fuzzy050,0,C:\Users\Binich\PycharmProjects\PredictionRTS\output\learner_results\all_data\ETG-only\sce1_etg_run_0068\final_eval\fixed_pool_switch_pair_fpsw_0625_093920\rank07_trial0010\ms_fz050,50,905,53.34,17.21011804913918,53.34,17.21011804913918,1.0,0,379,0,55,38,1,473,3951,52.26519337016575,-0.0020326171673905186,-1.312510453049861,0.2554868338558609,0.1521392595338615,753,83.20441988950276,1.6715314741036034,8.51732785999261,1258.6632000000134,1.3907880662983574,11.596281540504648,9.357237715803453,2.218643589743307,86.52709999998898,125,0.13812154696132597,75,50,0.4,42,0.336,39,0.312,4.30939226519337,0.28035143564108256,39,0,"{""backup_switch_exact"": 38, ""backup_switch_fuzzy"": 1, ""diverge"": 55, ""kg_plan"": 379, ""kg_relaxed"": 319, ""ood"": 113}","{""backup_switch_exact"": 42, ""backup_switch_fuzzy"": 1, ""diverged_replan_required"": 82}","{""backup_switch_exact"": 38, ""backup_switch_fuzzy"": 1}","{""bktree_rejected"": 113, ""exact"": 792}",completed
sce1_etg_run_0068,ETG-only,MarineMicro_MvsM_4,sce-1,rank08_trial0036_ms_ns,rank08_trial0036,8,36,fixed_pool_multi_step_no_switch,0,C:\Users\Binich\PycharmProjects\PredictionRTS\output\learner_results\all_data\ETG-only\sce1_etg_run_0068\final_eval\fixed_pool_switch_pair_fpsw_0625_093920\rank08_trial0036\ms_ns,50,907,54.12,14.355031827742849,54.12,14.355031827742849,1.0,0,174,96,232,0,0,501,2975,55.23704520396913,-0.007662815695422149,1.1450106173669468,0.25728899082566115,0.18782451198321276,830,91.51047409040794,1.044397951807179,8.845794261605754,866.8502999999586,0.9557335170892597,6.366265060240964,3.942168674698795,,0.0,372,0.4101433296582139,149,223,0.5994623655913979,108,0.2903225806451613,0,0.0,0.0,,0,0,"{""diverge"": 232, ""fallback"": 1, ""kg_follow"": 96, ""kg_plan"": 174, ""kg_relaxed"": 327, ""ood"": 77}","{""diverged_replan_required"": 372, ""follow_expected"": 33}",{},"{""bktree_rejected"": 77, ""exact"": 830}",completed
sce1_etg_run_0068,ETG-only,MarineMicro_MvsM_4,sce-1,rank08_trial0036_ms_ex,rank08_trial0036,8,36,fixed_pool_multi_step_switch_exact,0,C:\Users\Binich\PycharmProjects\PredictionRTS\output\learner_results\all_data\ETG-only\sce1_etg_run_0068\final_eval\fixed_pool_switch_pair_fpsw_0625_093920\rank08_trial0036\ms_ex,50,895,52.32,15.560861420990333,52.32,15.560861420990333,1.0,0,180,90,163,43,0,472,2575,52.737430167597765,-0.007430799686888262,0.9757979339805819,0.2585223270439391,0.14213929733515618,756,84.46927374301676,1.4009662698412608,12.64661891372733,1059.1304999999932,1.1833860335195454,6.027777777777778,3.632275132275132,1.2003604651162076,51.61549999999693,319,0.3564245810055866,84,235,0.7366771159874608,44,0.13793103448275862,43,0.13479623824451412,4.804469273743017,,43,0,"{""backup_switch_exact"": 43, ""diverge"": 163, ""fallback"": 5, ""kg_follow"": 90, ""kg_plan"": 180, ""kg_relaxed"": 318, ""ood"": 96}","{""backup_switch_exact"": 44, ""diverged_replan_required"": 275, ""follow_expected"": 42}","{""backup_switch_exact"": 43}","{""bktree_rejected"": 96, ""exact"": 799}",completed
sce1_etg_run_0068,ETG-only,MarineMicro_MvsM_4,sce-1,rank08_trial0036_ms_fz020,rank08_trial0036,8,36,fixed_pool_multi_step_switch_fuzzy020,0,C:\Users\Binich\PycharmProjects\PredictionRTS\output\learner_results\all_data\ETG-only\sce1_etg_run_0068\final_eval\fixed_pool_switch_pair_fpsw_0625_093920\rank08_trial0036\ms_fz020,50,931,47.4,19.156711404537436,47.4,19.156711404537436,1.0,0,216,97,139,51,0,501,2717,53.81310418904404,-0.012796717545930232,0.9553869298245614,0.263296306818105,0.15341839674325325,808,86.78839957035446,1.2876896039603982,11.860802819041478,1040.4532000000017,1.1175651987110653,6.054455445544554,3.6646039603960396,1.1190647058823828,57.07230000000152,307,0.3297529538131042,118,189,0.6156351791530945,51,0.16612377850162866,51,0.16612377850162866,5.477980665950591,,51,0,"{""backup_switch_exact"": 51, ""diverge"": 139, ""fallback"": 4, ""kg_follow"": 97, ""kg_plan"": 216, ""kg_relaxed"": 352, ""ood"": 72}","{""backup_switch_exact"": 51, ""diverged_replan_required"": 256, ""follow_expected"": 59}","{""backup_switch_exact"": 51}","{""bktree_rejected"": 72, ""exact"": 859}",completed
sce1_etg_run_0068,ETG-only,MarineMicro_MvsM_4,sce-1,rank08_trial0036_ms_fz050,rank08_trial0036,8,36,fixed_pool_multi_step_switch_fuzzy050,0,C:\Users\Binich\PycharmProjects\PredictionRTS\output\learner_results\all_data\ETG-only\sce1_etg_run_0068\final_eval\fixed_pool_switch_pair_fpsw_0625_093920\rank08_trial0036\ms_fz050,50,901,49.2,16.763663327663952,49.2,16.763663327663952,1.0,0,203,80,119,52,6,450,2484,49.944506104328525,-0.010538573017016443,1.1520781508319915,0.25590492753626765,0.14121755278305106,749,83.12985571587126,0.6691062750333475,0.523020413759598,501.1605999999773,0.5562270810210624,5.747663551401869,3.572763684913218,5.050136206897033,292.9079000000279,285,0.316315205327414,110,175,0.6140350877192983,52,0.1824561403508772,58,0.20350877192982456,6.437291897891232,0.4025823195708522,58,0,"{""backup_switch_exact"": 52, ""backup_switch_fuzzy"": 6, ""diverge"": 119, ""fallback"": 2, ""kg_follow"": 80, ""kg_plan"": 203, ""kg_relaxed"": 345, ""ood"": 94}","{""backup_switch_exact"": 52, ""backup_switch_fuzzy"": 6, ""diverged_replan_required"": 227, ""follow_expected"": 47}","{""backup_switch_exact"": 52, ""backup_switch_fuzzy"": 6}","{""bktree_rejected"": 94, ""exact"": 807}",completed
sce1m_etg_run_0071,ETG-only,MarineMicro_MvsM_4_mirror,sce-1m,rank01_trial0053_ms_ns,rank01_trial0053,1,53,fixed_pool_multi_step_no_switch,0,C:\Users\Binich\PycharmProjects\PredictionRTS\output\learner_results\all_data\ETG-only\sce1m_etg_run_0071\final_eval\fixed_pool_switch_pair_fpsw_0625_093920\rank01_trial0053\ms_ns,50,863,17.82,28.745675806128133,17.82,28.745675806128133,0.72,14,231,31,123,0,0,401,3894,46.46581691772885,-0.03145524060492795,2.193036259202191,0.2489768339768319,0.16022042085739482,660,76.47740440324449,0.9796762121212161,0.7861292052836896,646.5863000000027,0.7492309385863298,8.463636363636363,6.095454545454546,,0.0,193,0.22363847045191193,78,115,0.5958549222797928,41,0.21243523316062177,0,0.0,0.0,,0,0,"{""diverge"": 123, ""fallback"": 16, ""kg_follow"": 31, ""kg_plan"": 231, ""kg_relaxed"": 259, ""ood"": 203}","{""diverged_replan_required"": 193, ""follow_expected"": 21}",{},"{""bktree_rejected"": 203, ""exact"": 660}",completed
sce1m_etg_run_0071,ETG-only,MarineMicro_MvsM_4_mirror,sce-1m,rank01_trial0053_ms_ex,rank01_trial0053,1,53,fixed_pool_multi_step_switch_exact,0,C:\Users\Binich\PycharmProjects\PredictionRTS\output\learner_results\all_data\ETG-only\sce1m_etg_run_0071\final_eval\fixed_pool_switch_pair_fpsw_0625_093920\rank01_trial0053\ms_ex,50,891,21.6,22.359767075563855,21.6,22.359767075563855,0.8,10,254,44,100,40,0,445,4207,49.943883277216614,-0.024531486059099893,2.0709812918944617,0.2768054901959344,0.2277432060950578,660,74.07407407407408,0.9902206060605028,0.770981328950268,653.5455999999318,0.7334967452300021,8.666666666666666,6.213636363636364,1.444724999999769,57.788999999990764,206,0.23120089786756454,86,120,0.5825242718446602,40,0.1941747572815534,40,0.1941747572815534,4.489337822671156,,40,0,"{""backup_switch_exact"": 40, ""diverge"": 100, ""fallback"": 7, ""kg_follow"": 44, ""kg_plan"": 254, ""kg_relaxed"": 255, ""ood"": 191}","{""backup_switch_exact"": 40, ""diverged_replan_required"": 166, ""follow_expected"": 29}","{""backup_switch_exact"": 40}","{""bktree_rejected"": 191, ""exact"": 700}",completed
sce1m_etg_run_0071,ETG-only,MarineMicro_MvsM_4_mirror,sce-1m,rank01_trial0053_ms_fz020,rank01_trial0053,1,53,fixed_pool_multi_step_switch_fuzzy020,0,C:\Users\Binich\PycharmProjects\PredictionRTS\output\learner_results\all_data\ETG-only\sce1m_etg_run_0071\final_eval\fixed_pool_switch_pair_fpsw_0625_093920\rank01_trial0053\ms_fz020,50,849,27.12,20.301442594765806,27.12,20.301442594765806,0.92,4,205,40,99,23,0,380,3425,44.7585394581861,-0.014264267923062525,2.1101753571776154,0.25383618677032177,0.22563859250484525,614,72.32037691401649,0.9310262214983703,0.7612622535895562,571.6500999999994,0.6733216725559474,8.3371335504886,6.04071661237785,1.4214434782605887,32.69319999999354,201,0.23674911660777384,70,131,0.6517412935323383,23,0.11442786069651742,23,0.11442786069651742,2.7090694935217905,,23,0,"{""backup_switch_exact"": 23, ""diverge"": 99, ""fallback"": 13, ""kg_follow"": 40, ""kg_plan"": 205, ""kg_relaxed"": 257, ""ood"": 212}","{""backup_switch_exact"": 23, ""diverged_replan_required"": 178, ""follow_expected"": 25}","{""backup_switch_exact"": 23}","{""bktree_rejected"": 212, ""exact"": 637}",completed
sce1m_etg_run_0071,ETG-only,MarineMicro_MvsM_4_mirror,sce-1m,rank01_trial0053_ms_fz050,rank01_trial0053,1,53,fixed_pool_multi_step_switch_fuzzy050,0,C:\Users\Binich\PycharmProjects\PredictionRTS\output\learner_results\all_data\ETG-only\sce1m_etg_run_0071\final_eval\fixed_pool_switch_pair_fpsw_0625_093920\rank01_trial0053\ms_fz050,50,849,23.58,25.571101354650253,23.58,25.571101354650253,0.88,6,201,41,102,26,1,381,3459,44.87632508833922,-0.011408751077005518,2.2041428625807074,0.282457303370853,0.16486994798664778,621,73.14487632508833,0.9854239935587416,0.7943301665579906,611.9482999999785,0.7207871613662881,8.11111111111111,5.892109500805153,1.7974407407401913,48.53089999998517,201,0.23674911660777384,91,110,0.5472636815920398,26,0.12935323383084577,27,0.13432835820895522,3.1802120141342756,0.4079310804765416,27,0,"{""backup_switch_exact"": 26, ""backup_switch_fuzzy"": 1, ""diverge"": 102, ""fallback"": 10, ""kg_follow"": 41, ""kg_plan"": 201, ""kg_relaxed"": 267, ""ood"": 201}","{""backup_switch_exact"": 26, ""backup_switch_fuzzy"": 1, ""diverged_replan_required"": 174, ""follow_expected"": 18}","{""backup_switch_exact"": 26, ""backup_switch_fuzzy"": 1}","{""bktree_rejected"": 201, ""exact"": 648}",completed
sce1m_etg_run_0071,ETG-only,MarineMicro_MvsM_4_mirror,sce-1m,rank02_trial0047_ms_ns,rank02_trial0047,2,47,fixed_pool_multi_step_no_switch,0,C:\Users\Binich\PycharmProjects\PredictionRTS\output\learner_results\all_data\ETG-only\sce1m_etg_run_0071\final_eval\fixed_pool_switch_pair_fpsw_0625_093920\rank02_trial0047\ms_ns,50,885,19.32,24.123356452422044,19.32,24.123356452422044,0.76,12,275,15,193,0,0,483,4573,54.57627118644068,-0.03204217976701495,-0.7006615533202128,0.22377434782602187,0.15373613217035326,713,80.56497175141243,1.0890872370266667,0.7918554945575681,776.5192000000134,0.8774228248587722,9.633941093969144,7.2468443197755965,,0.0,253,0.2858757062146893,110,143,0.5652173913043478,52,0.20553359683794467,0,0.0,0.0,,0,0,"{""diverge"": 193, ""kg_follow"": 15, ""kg_plan"": 275, ""kg_relaxed"": 230, ""ood"": 172}","{""diverged_replan_required"": 253, ""follow_expected"": 5}",{},"{""bktree_rejected"": 172, ""exact"": 713}",completed
sce1m_etg_run_0071,ETG-only,MarineMicro_MvsM_4_mirror,sce-1m,rank02_trial0047_ms_ex,rank02_trial0047,2,47,fixed_pool_multi_step_switch_exact,0,C:\Users\Binich\PycharmProjects\PredictionRTS\output\learner_results\all_data\ETG-only\sce1m_etg_run_0071\final_eval\fixed_pool_switch_pair_fpsw_0625_093920\rank02_trial0047\ms_ex,50,899,18.42,21.911780449086734,18.42,21.911780449086734,0.78,11,322,12,129,34,0,497,4826,55.28364849833148,-0.031157296296002716,-0.9460974651194916,0.23456392694047634,0.1724843836174036,682,75.86206896551724,1.0903409090908924,0.8041018544792229,743.6124999999887,0.8271551724137806,9.563049853372434,7.124633431085044,1.616794117647062,54.9710000000001,209,0.2324805339265851,72,137,0.6555023923444976,34,0.16267942583732056,34,0.16267942583732056,3.781979977753059,,34,0,"{""backup_switch_exact"": 34, ""diverge"": 129, ""kg_follow"": 12, ""kg_plan"": 322, ""kg_relaxed"": 219, ""ood"": 183}","{""backup_switch_exact"": 34, ""diverged_replan_required"": 175, ""follow_expected"": 5}","{""backup_switch_exact"": 34}","{""bktree_rejected"": 183, ""exact"": 716}",completed
sce1m_etg_run_0071,ETG-only,MarineMicro_MvsM_4_mirror,sce-1m,rank02_trial0047_ms_fz020,rank02_trial0047,2,47,fixed_pool_multi_step_switch_fuzzy020,0,C:\Users\Binich\PycharmProjects\PredictionRTS\output\learner_results\all_data\ETG-only\sce1m_etg_run_0071\final_eval\fixed_pool_switch_pair_fpsw_0625_093920\rank02_trial0047\ms_fz020,50,877,22.86,22.636443435941334,22.86,22.636443435941334,0.82,9,310,7,126,35,0,479,4744,54.61801596351197,-0.02612401235160321,-1.070647466975829,0.2658704035872806,0.17779592847747078,667,76.05473204104904,1.168082008995455,0.8490961549239081,779.1106999999683,0.8883816419611954,9.60119940029985,7.172413793103448,1.8495971428571576,64.73590000000051,208,0.23717217787913342,83,125,0.6009615384615384,35,0.16826923076923078,35,0.16826923076923078,3.990877993158495,,35,0,"{""backup_switch_exact"": 35, ""diverge"": 126, ""fallback"": 1, ""kg_follow"": 7, ""kg_plan"": 310, ""kg_relaxed"": 223, ""ood"": 175}","{""backup_switch_exact"": 35, ""diverged_replan_required"": 173, ""follow_expected"": 5}","{""backup_switch_exact"": 35}","{""bktree_rejected"": 175, ""exact"": 702}",completed
sce1m_etg_run_0071,ETG-only,MarineMicro_MvsM_4_mirror,sce-1m,rank02_trial0047_ms_fz050,rank02_trial0047,2,47,fixed_pool_multi_step_switch_fuzzy050,0,C:\Users\Binich\PycharmProjects\PredictionRTS\output\learner_results\all_data\ETG-only\sce1m_etg_run_0071\final_eval\fixed_pool_switch_pair_fpsw_0625_093920\rank02_trial0047\ms_fz050,50,868,23.04,24.398026015835537,23.04,24.398026015835537,0.8,10,307,8,88,29,2,438,4210,50.46082949308756,-0.03259460557808825,-0.7227864053840063,0.2610859728507294,0.2411492639096267,628,72.35023041474655,1.048637738853548,0.7830181818063306,658.544500000028,0.75869182027653,9.178343949044587,6.926751592356688,1.6455451612902294,51.01189999999711,155,0.17857142857142858,57,98,0.632258064516129,29,0.1870967741935484,31,0.2,3.5714285714285716,0.41526006134149096,31,0,"{""backup_switch_exact"": 29, ""backup_switch_fuzzy"": 2, ""diverge"": 88, ""fallback"": 4, ""kg_follow"": 8, ""kg_plan"": 307, ""kg_relaxed"": 221, ""ood"": 209}","{""backup_switch_exact"": 29, ""backup_switch_fuzzy"": 2, ""diverged_replan_required"": 124, ""follow_expected"": 7}","{""backup_switch_exact"": 29, ""backup_switch_fuzzy"": 2}","{""bktree_rejected"": 209, ""exact"": 659}",completed
sce1m_etg_run_0071,ETG-only,MarineMicro_MvsM_4_mirror,sce-1m,rank03_trial0011_ms_ns,rank03_trial0011,3,11,fixed_pool_multi_step_no_switch,0,C:\Users\Binich\PycharmProjects\PredictionRTS\output\learner_results\all_data\ETG-only\sce1m_etg_run_0071\final_eval\fixed_pool_switch_pair_fpsw_0625_093920\rank03_trial0011\ms_ns,50,837,23.88,26.11797410651468,23.88,26.11797410651468,0.8,10,167,22,173,0,0,366,3764,43.727598566308245,-0.010699808872598061,-1.301302484059511,0.25762384615393497,0.1578287128350797,626,74.79091995221027,1.3206230031950164,1.1243092566789512,826.7100000000802,0.98770609319006,12.458466453674122,10.476038338658148,,0.0,250,0.2986857825567503,145,105,0.42,62,0.248,0,0.0,0.0,,0,0,"{""diverge"": 173, ""fallback"": 4, ""kg_follow"": 22, ""kg_plan"": 167, ""kg_relaxed"": 260, ""ood"": 211}","{""diverged_replan_required"": 250, ""follow_expected"": 8}",{},"{""bktree_rejected"": 211, ""exact"": 626}",completed
sce1m_etg_run_0071,ETG-only,MarineMicro_MvsM_4_mirror,sce-1m,rank03_trial0011_ms_ex,rank03_trial0011,3,11,fixed_pool_multi_step_switch_exact,0,C:\Users\Binich\PycharmProjects\PredictionRTS\output\learner_results\all_data\ETG-only\sce1m_etg_run_0071\final_eval\fixed_pool_switch_pair_fpsw_0625_093920\rank03_trial0011\ms_ex,50,877,22.14,22.260067660384546,22.14,22.260067660384546,0.82,9,236,24,123,36,0,420,4352,47.890535917901936,-0.012713169709902059,-0.9102048483455881,0.24402835820902524,0.1710565036253588,652,74.34435575826681,1.3568774539877264,1.1417601468890592,884.6840999999977,1.0087618015963487,12.636503067484663,10.581288343558283,2.1138277777776633,76.09779999999589,230,0.26225769669327254,106,124,0.5391304347826087,36,0.1565217391304348,36,0.1565217391304348,4.104903078677309,,36,0,"{""backup_switch_exact"": 36, ""diverge"": 123, ""fallback"": 1, ""kg_follow"": 24, ""kg_plan"": 236, ""kg_relaxed"": 268, ""ood"": 189}","{""backup_switch_exact"": 36, ""diverged_replan_required"": 194, ""follow_expected"": 14}","{""backup_switch_exact"": 36}","{""bktree_rejected"": 189, ""exact"": 688}",completed
sce1m_etg_run_0071,ETG-only,MarineMicro_MvsM_4_mirror,sce-1m,rank03_trial0011_ms_fz020,rank03_trial0011,3,11,fixed_pool_multi_step_switch_fuzzy020,0,C:\Users\Binich\PycharmProjects\PredictionRTS\output\learner_results\all_data\ETG-only\sce1m_etg_run_0071\final_eval\fixed_pool_switch_pair_fpsw_0625_093920\rank03_trial0011\ms_fz020,50,864,23.52,23.460988026587316,23.52,23.460988026587316,0.76,12,224,25,105,32,0,387,4041,44.791666666666664,-0.021098833411624777,-0.6776101831229894,0.2756266435985583,0.24399935468413597,644,74.53703703703704,1.2568684782609063,1.103357723477186,809.4233000000237,0.9368325231481756,11.76552795031056,9.855590062111801,2.0678312500000406,66.1706000000013,200,0.23148148148148148,108,92,0.46,33,0.165,32,0.16,3.7037037037037037,,32,0,"{""backup_switch_exact"": 32, ""diverge"": 105, ""fallback"": 1, ""kg_follow"": 25, ""kg_plan"": 224, ""kg_relaxed"": 289, ""ood"": 188}","{""backup_switch_exact"": 33, ""diverged_replan_required"": 167, ""follow_expected"": 15}","{""backup_switch_exact"": 32}","{""bktree_rejected"": 188, ""exact"": 676}",completed
sce1m_etg_run_0071,ETG-only,MarineMicro_MvsM_4_mirror,sce-1m,rank03_trial0011_ms_fz050,rank03_trial0011,3,11,fixed_pool_multi_step_switch_fuzzy050,0,C:\Users\Binich\PycharmProjects\PredictionRTS\output\learner_results\all_data\ETG-only\sce1m_etg_run_0071\final_eval\fixed_pool_switch_pair_fpsw_0625_093920\rank03_trial0011\ms_fz050,50,848,28.14,21.860419922400244,28.14,21.860419922400244,0.88,6,185,20,99,41,1,349,3631,41.155660377358494,-0.010880936447855667,-1.1732879096667583,0.27142274368244346,0.17374492075479797,584,68.86792452830188,1.2015397260274128,1.137854046866088,701.6992000000091,0.827475471698124,11.38527397260274,9.534246575342467,2.488176190476286,104.50340000000402,206,0.2429245283018868,106,100,0.4854368932038835,41,0.19902912621359223,42,0.20388349514563106,4.952830188679245,0.41225440416505393,42,0,"{""backup_switch_exact"": 41, ""backup_switch_fuzzy"": 1, ""diverge"": 99, ""fallback"": 3, ""kg_follow"": 20, ""kg_plan"": 185, ""kg_relaxed"": 277, ""ood"": 222}","{""backup_switch_exact"": 41, ""backup_switch_fuzzy"": 1, ""diverged_replan_required"": 164, ""follow_expected"": 14}","{""backup_switch_exact"": 41, ""backup_switch_fuzzy"": 1}","{""bktree_rejected"": 222, ""exact"": 626}",completed
sce1m_etg_run_0071,ETG-only,MarineMicro_MvsM_4_mirror,sce-1m,rank04_trial0000_ms_ns,rank04_trial0000,4,0,fixed_pool_multi_step_no_switch,0,C:\Users\Binich\PycharmProjects\PredictionRTS\output\learner_results\all_data\ETG-only\sce1m_etg_run_0071\final_eval\fixed_pool_switch_pair_fpsw_0625_093920\rank04_trial0000\ms_ns,50,862,26.46,23.424398583092625,26.46,23.424398583092625,0.86,7,219,32,139,0,0,379,1169,43.96751740139211,-0.013468547163347706,2.519473866552609,0.2683069105690944,0.17446926351435127,646,74.94199535962878,0.5169506191950286,0.30609320001038376,333.9500999999885,0.3874131090487105,4.244582043343653,2.917956656346749,,0.0,206,0.23897911832946636,81,125,0.6067961165048543,55,0.2669902912621359,0,0.0,0.0,,0,0,"{""diverge"": 139, ""fallback"": 10, ""kg_follow"": 32, ""kg_plan"": 219, ""kg_relaxed"": 246, ""ood"": 216}","{""diverged_replan_required"": 206, ""follow_expected"": 15}",{},"{""bktree_rejected"": 216, ""exact"": 646}",completed
sce1m_etg_run_0071,ETG-only,MarineMicro_MvsM_4_mirror,sce-1m,rank04_trial0000_ms_ex,rank04_trial0000,4,0,fixed_pool_multi_step_switch_exact,0,C:\Users\Binich\PycharmProjects\PredictionRTS\output\learner_results\all_data\ETG-only\sce1m_etg_run_0071\final_eval\fixed_pool_switch_pair_fpsw_0625_093920\rank04_trial0000\ms_ex,50,877,17.76,26.271393614518807,17.76,26.271393614518807,0.82,9,280,19,121,45,0,450,1485,51.31128848346636,-0.014631183608460179,2.5431472502805836,0.21868219696991548,0.17503560622368766,691,78.79133409350057,0.45269609261932053,0.2832523414831996,312.8129999999505,0.3566852907639116,4.250361794500724,2.917510853835022,0.5823577777776497,26.206099999994237,200,0.22805017103762829,66,134,0.67,45,0.225,45,0.225,5.131128848346636,,45,0,"{""backup_switch_exact"": 45, ""diverge"": 121, ""fallback"": 7, ""kg_follow"": 19, ""kg_plan"": 280, ""kg_relaxed"": 264, ""ood"": 141}","{""backup_switch_exact"": 45, ""diverged_replan_required"": 155, ""follow_expected"": 14}","{""backup_switch_exact"": 45}","{""bktree_rejected"": 141, ""exact"": 736}",completed
sce1m_etg_run_0071,ETG-only,MarineMicro_MvsM_4_mirror,sce-1m,rank04_trial0000_ms_fz020,rank04_trial0000,4,0,fixed_pool_multi_step_switch_fuzzy020,0,C:\Users\Binich\PycharmProjects\PredictionRTS\output\learner_results\all_data\ETG-only\sce1m_etg_run_0071\final_eval\fixed_pool_switch_pair_fpsw_0625_093920\rank04_trial0000\ms_fz020,50,880,20.1,20.68051434247678,20.1,20.68051434247678,0.82,9,289,32,109,32,0,446,1446,50.68181818181818,-0.01055172778176454,2.3198431650530194,0.21529173553723113,0.14988661722346558,683,77.61363636363636,0.44507950219619,0.27260894239485334,303.9892999999978,0.34544238636363384,4.291361639824305,2.9341142020497806,0.5412093749997959,17.31869999999347,180,0.20454545454545456,53,127,0.7055555555555556,32,0.17777777777777778,32,0.17777777777777778,3.6363636363636362,,32,0,"{""backup_switch_exact"": 32, ""diverge"": 109, ""fallback"": 11, ""kg_follow"": 32, ""kg_plan"": 289, ""kg_relaxed"": 242, ""ood"": 165}","{""backup_switch_exact"": 32, ""diverged_replan_required"": 148, ""follow_expected"": 22}","{""backup_switch_exact"": 32}","{""bktree_rejected"": 165, ""exact"": 715}",completed
sce1m_etg_run_0071,ETG-only,MarineMicro_MvsM_4_mirror,sce-1m,rank04_trial0000_ms_fz050,rank04_trial0000,4,0,fixed_pool_multi_step_switch_fuzzy050,0,C:\Users\Binich\PycharmProjects\PredictionRTS\output\learner_results\all_data\ETG-only\sce1m_etg_run_0071\final_eval\fixed_pool_switch_pair_fpsw_0625_093920\rank04_trial0000\ms_fz050,50,853,23.28,24.331083671983485,23.28,24.331083671983485,0.82,9,266,24,84,36,1,397,1341,46.541617819460726,-0.01254454975942832,2.561485781754909,0.2615996047429671,0.2038013843080726,633,74.20867526377491,0.4920526066350693,0.3084897790252854,311.46929999999884,0.36514572098475834,4.107424960505529,2.8499210110584516,0.7071567567564714,26.16479999998944,163,0.1910902696365768,59,104,0.6380368098159509,36,0.22085889570552147,37,0.22699386503067484,4.337631887456038,0.02209708691207961,37,0,"{""backup_switch_exact"": 36, ""backup_switch_fuzzy"": 1, ""diverge"": 84, ""fallback"": 6, ""kg_follow"": 24, ""kg_plan"": 266, ""kg_relaxed"": 253, ""ood"": 183}","{""backup_switch_exact"": 36, ""backup_switch_fuzzy"": 3, ""diverged_replan_required"": 124, ""follow_expected"": 18}","{""backup_switch_exact"": 36, ""backup_switch_fuzzy"": 1}","{""bktree_rejected"": 183, ""exact"": 670}",completed
sce1m_etg_run_0071,ETG-only,MarineMicro_MvsM_4_mirror,sce-1m,rank05_trial0039_ms_ns,rank05_trial0039,5,39,fixed_pool_multi_step_no_switch,0,C:\Users\Binich\PycharmProjects\PredictionRTS\output\learner_results\all_data\ETG-only\sce1m_etg_run_0071\final_eval\fixed_pool_switch_pair_fpsw_0625_093920\rank05_trial0039\ms_ns,50,863,21.0,24.061146595916913,21.0,24.061146595916913,0.8,10,267,16,146,0,0,429,4319,49.71031286210892,-0.013977920885905232,2.5577844447017055,0.2279908045977677,0.14720849836893435,690,79.95365005793742,1.819433623188394,1.6082639476684297,1255.4091999999919,1.4547035921205005,14.615942028985508,11.888405797101449,,0.0,203,0.23522595596755505,117,86,0.4236453201970443,62,0.3054187192118227,0,0.0,0.0,,0,0,"{""diverge"": 146, ""kg_follow"": 16, ""kg_plan"": 267, ""kg_relaxed"": 261, ""ood"": 173}","{""diverged_replan_required"": 203, ""follow_expected"": 11}",{},"{""bktree_rejected"": 173, ""exact"": 690}",completed
sce1m_etg_run_0071,ETG-only,MarineMicro_MvsM_4_mirror,sce-1m,rank05_trial0039_ms_ex,rank05_trial0039,5,39,fixed_pool_multi_step_switch_exact,0,C:\Users\Binich\PycharmProjects\PredictionRTS\output\learner_results\all_data\ETG-only\sce1m_etg_run_0071\final_eval\fixed_pool_switch_pair_fpsw_0625_093920\rank05_trial0039\ms_ex,50,865,22.86,20.35502244595938,22.86,20.35502244595938,0.9,5,278,12,78,56,0,425,4260,49.13294797687861,-0.01142039809555911,1.8747178560250388,0.26899243027884157,0.18916877454401088,620,71.67630057803468,1.7755912903226232,1.6182436469498502,1100.8666000000264,1.2726781502890478,13.70483870967742,11.087096774193549,2.516248214285913,140.90990000001113,180,0.20809248554913296,108,72,0.4,56,0.3111111111111111,56,0.3111111111111111,6.473988439306359,,56,0,"{""backup_switch_exact"": 56, ""diverge"": 78, ""fallback"": 1, ""kg_follow"": 12, ""kg_plan"": 278, ""kg_relaxed"": 251, ""ood"": 189}","{""backup_switch_exact"": 56, ""diverged_replan_required"": 124, ""follow_expected"": 6}","{""backup_switch_exact"": 56}","{""bktree_rejected"": 189, ""exact"": 676}",completed
sce1m_etg_run_0071,ETG-only,MarineMicro_MvsM_4_mirror,sce-1m,rank05_trial0039_ms_fz020,rank05_trial0039,5,39,fixed_pool_multi_step_switch_fuzzy020,0,C:\Users\Binich\PycharmProjects\PredictionRTS\output\learner_results\all_data\ETG-only\sce1m_etg_run_0071\final_eval\fixed_pool_switch_pair_fpsw_0625_093920\rank05_trial0039\ms_fz020,50,851,24.9,27.683524902374845,24.9,27.683524902374845,0.78,11,274,17,60,38,0,389,3920,45.710928319623974,-0.015404202030592734,2.371986607142857,0.2524065306122045,0.1868375742123276,596,70.0352526439483,1.9181872483221822,1.8148411720042517,1143.2396000000206,1.34340728554644,13.998322147651006,11.365771812080537,2.5713736842103896,97.71219999999481,137,0.1609870740305523,76,61,0.44525547445255476,38,0.2773722627737226,38,0.2773722627737226,4.465334900117509,,38,0,"{""backup_switch_exact"": 38, ""diverge"": 60, ""kg_follow"": 17, ""kg_plan"": 274, ""kg_relaxed"": 245, ""ood"": 217}","{""backup_switch_exact"": 38, ""diverged_replan_required"": 99, ""follow_expected"": 15}","{""backup_switch_exact"": 38}","{""bktree_rejected"": 217, ""exact"": 634}",completed
sce1m_etg_run_0071,ETG-only,MarineMicro_MvsM_4_mirror,sce-1m,rank05_trial0039_ms_fz050,rank05_trial0039,5,39,fixed_pool_multi_step_switch_fuzzy050,0,C:\Users\Binich\PycharmProjects\PredictionRTS\output\learner_results\all_data\ETG-only\sce1m_etg_run_0071\final_eval\fixed_pool_switch_pair_fpsw_0625_093920\rank05_trial0039\ms_fz050,50,861,20.1,30.239351304995594,20.1,30.239351304995594,0.72,14,301,15,65,38,0,421,4237,48.89663182346109,-0.024726004840711854,2.195399476831091,0.26089565217398064,0.1566917427681588,613,71.19628339140534,1.9112378466559046,1.6858515833396563,1171.5888000000696,1.360730313588931,14.451876019575856,11.613376835236542,2.5646868421052367,97.45809999999899,135,0.156794425087108,76,59,0.43703703703703706,38,0.2814814814814815,38,0.2814814814814815,4.413472706155633,,38,0,"{""backup_switch_exact"": 38, ""diverge"": 65, ""fallback"": 2, ""kg_follow"": 15, ""kg_plan"": 301, ""kg_relaxed"": 230, ""ood"": 210}","{""backup_switch_exact"": 38, ""diverged_replan_required"": 97, ""follow_expected"": 12}","{""backup_switch_exact"": 38}","{""bktree_rejected"": 210, ""exact"": 651}",completed
sce1m_etg_run_0071,ETG-only,MarineMicro_MvsM_4_mirror,sce-1m,rank06_trial0028_ms_ns,rank06_trial0028,6,28,fixed_pool_multi_step_no_switch,0,C:\Users\Binich\PycharmProjects\PredictionRTS\output\learner_results\all_data\ETG-only\sce1m_etg_run_0071\final_eval\fixed_pool_switch_pair_fpsw_0625_093920\rank06_trial0028\ms_ns,50,883,21.12,22.53128437329315,21.12,22.53128437329315,0.8,10,200,46,195,0,0,449,1018,50.84937712344281,-0.016758721680252938,-1.4235343811394892,0.21279377431895755,0.1354052278988306,706,79.95469988674972,0.4421495750709586,0.2557738814787489,312.15760000009675,0.35351936579852405,3.63314447592068,2.236543909348442,,0.0,264,0.29898074745186864,76,188,0.7121212121212122,41,0.1553030303030303,0,0.0,0.0,,0,0,"{""diverge"": 195, ""fallback"": 8, ""kg_follow"": 46, ""kg_plan"": 200, ""kg_relaxed"": 257, ""ood"": 177}","{""diverged_replan_required"": 264, ""follow_expected"": 25}",{},"{""bktree_rejected"": 177, ""exact"": 706}",completed
sce1m_etg_run_0071,ETG-only,MarineMicro_MvsM_4_mirror,sce-1m,rank06_trial0028_ms_ex,rank06_trial0028,6,28,fixed_pool_multi_step_switch_exact,0,C:\Users\Binich\PycharmProjects\PredictionRTS\output\learner_results\all_data\ETG-only\sce1m_etg_run_0071\final_eval\fixed_pool_switch_pair_fpsw_0625_093920\rank06_trial0028\ms_ex,50,853,25.02,23.935704693692923,25.02,23.935704693692923,0.84,8,198,32,155,24,0,415,970,48.65181711606096,-0.016505643920055324,-1.1364006357388319,0.2673542016807685,0.1895327395740309,629,73.73974208675264,0.5248775834658602,0.3038347219633675,330.14800000002606,0.3870433763189051,3.5580286168521464,2.1828298887122415,0.8052875000001217,19.326900000002922,239,0.2801875732708089,62,177,0.7405857740585774,25,0.10460251046025104,24,0.100418410041841,2.8135990621336457,,24,0,"{""backup_switch_exact"": 24, ""diverge"": 155, ""fallback"": 6, ""kg_follow"": 32, ""kg_plan"": 198, ""kg_relaxed"": 238, ""ood"": 200}","{""backup_switch_exact"": 25, ""diverged_replan_required"": 214, ""follow_expected"": 18}","{""backup_switch_exact"": 24}","{""bktree_rejected"": 200, ""exact"": 653}",completed
sce1m_etg_run_0071,ETG-only,MarineMicro_MvsM_4_mirror,sce-1m,rank06_trial0028_ms_fz020,rank06_trial0028,6,28,fixed_pool_multi_step_switch_fuzzy020,0,C:\Users\Binich\PycharmProjects\PredictionRTS\output\learner_results\all_data\ETG-only\sce1m_etg_run_0071\final_eval\fixed_pool_switch_pair_fpsw_0625_093920\rank06_trial0028\ms_fz020,50,882,19.74,22.952310808033502,19.74,22.952310808033502,0.76,12,228,42,163,23,0,464,1057,52.60770975056689,-0.016783714272451736,-1.0150910280668561,0.24946753246764822,0.15445872315492198,672,76.19047619047619,0.4992044642858179,0.2866559652686252,335.4654000000696,0.3803462585034803,3.6979166666666665,2.2589285714285716,0.6190608695651395,14.238399999998208,275,0.31179138321995464,69,206,0.7490909090909091,23,0.08363636363636363,23,0.08363636363636363,2.6077097505668934,,23,0,"{""backup_switch_exact"": 23, ""diverge"": 163, ""fallback"": 8, ""kg_follow"": 42, ""kg_plan"": 228, ""kg_relaxed"": 231, ""ood"": 187}","{""backup_switch_exact"": 23, ""diverged_replan_required"": 252, ""follow_expected"": 21}","{""backup_switch_exact"": 23}","{""bktree_rejected"": 187, ""exact"": 695}",completed
sce1m_etg_run_0071,ETG-only,MarineMicro_MvsM_4_mirror,sce-1m,rank06_trial0028_ms_fz050,rank06_trial0028,6,28,fixed_pool_multi_step_switch_fuzzy050,0,C:\Users\Binich\PycharmProjects\PredictionRTS\output\learner_results\all_data\ETG-only\sce1m_etg_run_0071\final_eval\fixed_pool_switch_pair_fpsw_0625_093920\rank06_trial0028\ms_fz050,50,894,23.7,22.2382736813479,23.7,22.2382736813479,0.78,11,238,45,138,47,0,474,1124,53.02013422818792,-0.020676281557730613,-1.1779193950177937,0.26873870967742747,0.2089386657032922,675,75.50335570469798,0.5052493333332714,0.28941639518684537,341.0432999999582,0.38148020134223515,3.6503703703703705,2.251851851851852,0.7030361702128648,33.04270000000464,246,0.2751677852348993,88,158,0.6422764227642277,50,0.2032520325203252,47,0.1910569105691057,5.257270693512305,,47,0,"{""backup_switch_exact"": 47, ""diverge"": 138, ""fallback"": 6, ""kg_follow"": 45, ""kg_plan"": 238, ""kg_relaxed"": 248, ""ood"": 172}","{""backup_switch_exact"": 50, ""diverged_replan_required"": 196, ""follow_expected"": 29}","{""backup_switch_exact"": 47}","{""bktree_rejected"": 172, ""exact"": 722}",completed
sce1m_etg_run_0071,ETG-only,MarineMicro_MvsM_4_mirror,sce-1m,rank07_trial0035_ms_ns,rank07_trial0035,7,35,fixed_pool_multi_step_no_switch,0,C:\Users\Binich\PycharmProjects\PredictionRTS\output\learner_results\all_data\ETG-only\sce1m_etg_run_0071\final_eval\fixed_pool_switch_pair_fpsw_0625_093920\rank07_trial0035\ms_ns,50,836,28.32,21.803800455097598,28.32,21.803800455097598,0.84,8,180,37,139,0,0,367,2799,43.899521531100476,-0.015229803732167292,2.181221856020007,0.278408888888985,0.20992455361534149,637,76.19617224880383,0.8340343799057992,0.6312630594663735,531.2798999999941,0.6355022727272657,6.43956043956044,4.7017268445839875,,0.0,211,0.25239234449760767,96,115,0.5450236966824644,39,0.1848341232227488,0,0.0,0.0,,0,0,"{""diverge"": 139, ""fallback"": 11, ""kg_follow"": 37, ""kg_plan"": 180, ""kg_relaxed"": 270, ""ood"": 199}","{""diverged_replan_required"": 211, ""follow_expected"": 16}",{},"{""bktree_rejected"": 199, ""exact"": 637}",completed
sce1m_etg_run_0071,ETG-only,MarineMicro_MvsM_4_mirror,sce-1m,rank07_trial0035_ms_ex,rank07_trial0035,7,35,fixed_pool_multi_step_switch_exact,0,C:\Users\Binich\PycharmProjects\PredictionRTS\output\learner_results\all_data\ETG-only\sce1m_etg_run_0071\final_eval\fixed_pool_switch_pair_fpsw_0625_093920\rank07_trial0035\ms_ex,50,868,21.0,24.34949607658593,21.0,24.34949607658593,0.74,13,247,24,85,37,0,404,3359,46.54377880184332,-0.023990810135918833,2.3501580182594024,0.2563276450511993,0.17192564861285056,660,76.036866359447,0.7425589393940146,0.584532535375368,490.08890000004965,0.564618548387154,6.274242424242424,4.53030303030303,1.1826108108106677,43.756599999994705,193,0.22235023041474655,84,109,0.5647668393782384,37,0.19170984455958548,37,0.19170984455958548,4.2626728110599075,,37,0,"{""backup_switch_exact"": 37, ""diverge"": 85, ""fallback"": 11, ""kg_follow"": 24, ""kg_plan"": 247, ""kg_relaxed"": 293, ""ood"": 171}","{""backup_switch_exact"": 37, ""diverged_replan_required"": 156, ""follow_expected"": 18}","{""backup_switch_exact"": 37}","{""bktree_rejected"": 171, ""exact"": 697}",completed
sce1m_etg_run_0071,ETG-only,MarineMicro_MvsM_4_mirror,sce-1m,rank07_trial0035_ms_fz020,rank07_trial0035,7,35,fixed_pool_multi_step_switch_fuzzy020,0,C:\Users\Binich\PycharmProjects\PredictionRTS\output\learner_results\all_data\ETG-only\sce1m_etg_run_0071\final_eval\fixed_pool_switch_pair_fpsw_0625_093920\rank07_trial0035\ms_fz020,50,879,22.44,20.830864071352963,22.44,20.830864071352963,0.86,7,251,43,103,34,0,438,3554,49.829351535836174,-0.018816443839960482,2.4143552991933968,0.5354152482269883,4.741848238731519,686,78.04323094425483,0.815741399416937,0.6020467079926085,559.5986000000188,0.6366309442548564,6.647230320699708,4.855685131195335,1.2076411764707249,41.05980000000464,193,0.21956769055745165,84,109,0.5647668393782384,34,0.17616580310880828,34,0.17616580310880828,3.868031854379977,,34,0,"{""backup_switch_exact"": 34, ""diverge"": 103, ""fallback"": 7, ""kg_follow"": 43, ""kg_plan"": 251, ""kg_relaxed"": 282, ""ood"": 159}","{""backup_switch_exact"": 34, ""diverged_replan_required"": 159, ""follow_expected"": 33}","{""backup_switch_exact"": 34}","{""bktree_rejected"": 159, ""exact"": 720}",completed
sce1m_etg_run_0071,ETG-only,MarineMicro_MvsM_4_mirror,sce-1m,rank07_trial0035_ms_fz050,rank07_trial0035,7,35,fixed_pool_multi_step_switch_fuzzy050,0,C:\Users\Binich\PycharmProjects\PredictionRTS\output\learner_results\all_data\ETG-only\sce1m_etg_run_0071\final_eval\fixed_pool_switch_pair_fpsw_0625_093920\rank07_trial0035\ms_fz050,50,847,27.6,19.760814657254578,27.6,19.760814657254578,0.88,6,240,31,100,25,0,402,3209,47.4616292798111,-0.013566615303325726,2.5814909369481667,0.24495381679374656,0.1749887014544393,639,75.44273907910272,0.7946012519561207,0.6113136573887602,507.7501999999612,0.5994689492325398,6.624413145539906,4.834115805946792,1.0944439999997257,27.361099999993144,192,0.22668240850059032,76,116,0.6041666666666666,25,0.13020833333333334,25,0.13020833333333334,2.9515938606847696,,25,0,"{""backup_switch_exact"": 25, ""diverge"": 100, ""fallback"": 6, ""kg_follow"": 31, ""kg_plan"": 240, ""kg_relaxed"": 262, ""ood"": 183}","{""backup_switch_exact"": 25, ""diverged_replan_required"": 167, ""follow_expected"": 17}","{""backup_switch_exact"": 25}","{""bktree_rejected"": 183, ""exact"": 664}",completed
sce1m_etg_run_0071,ETG-only,MarineMicro_MvsM_4_mirror,sce-1m,rank08_trial0033_ms_ns,rank08_trial0033,8,33,fixed_pool_multi_step_no_switch,0,C:\Users\Binich\PycharmProjects\PredictionRTS\output\learner_results\all_data\ETG-only\sce1m_etg_run_0071\final_eval\fixed_pool_switch_pair_fpsw_0625_093920\rank08_trial0033\ms_ns,50,862,24.0,26.39805187617342,24.0,26.39805187617342,0.78,11,191,56,139,0,0,395,3208,45.82366589327146,-0.023002288489784244,2.773642373233583,0.2701937007873253,0.18779633457637834,649,75.29002320185614,0.8682739599384001,0.619567938449674,563.5098000000216,0.6537236658932966,8.380585516178737,5.983050847457627,,0.0,240,0.27842227378190254,96,144,0.6,38,0.15833333333333333,0,0.0,0.0,,0,0,"{""diverge"": 139, ""fallback"": 9, ""kg_follow"": 56, ""kg_plan"": 191, ""kg_relaxed"": 254, ""ood"": 213}","{""diverged_replan_required"": 240, ""follow_expected"": 25}",{},"{""bktree_rejected"": 213, ""exact"": 649}",completed
sce1m_etg_run_0071,ETG-only,MarineMicro_MvsM_4_mirror,sce-1m,rank08_trial0033_ms_ex,rank08_trial0033,8,33,fixed_pool_multi_step_switch_exact,0,C:\Users\Binich\PycharmProjects\PredictionRTS\output\learner_results\all_data\ETG-only\sce1m_etg_run_0071\final_eval\fixed_pool_switch_pair_fpsw_0625_093920\rank08_trial0033\ms_ex,50,883,20.58,22.85543743637744,20.58,22.85543743637744,0.78,11,227,52,126,31,0,441,3602,49.943374858437146,-0.02194629089324612,2.375368383305571,0.25298069498059755,0.18657535422492572,669,75.76443941109852,0.8608847533631551,0.619045545281147,575.9318999999507,0.6522445073612125,8.472346786248131,6.031390134529148,1.320280645161356,40.92870000000204,249,0.28199320498301245,75,174,0.6987951807228916,31,0.12449799196787148,31,0.12449799196787148,3.5107587768969424,,31,0,"{""backup_switch_exact"": 31, ""diverge"": 126, ""fallback"": 5, ""kg_follow"": 52, ""kg_plan"": 227, ""kg_relaxed"": 259, ""ood"": 183}","{""backup_switch_exact"": 31, ""diverged_replan_required"": 218, ""follow_expected"": 33}","{""backup_switch_exact"": 31}","{""bktree_rejected"": 183, ""exact"": 700}",completed
sce1m_etg_run_0071,ETG-only,MarineMicro_MvsM_4_mirror,sce-1m,rank08_trial0033_ms_fz020,rank08_trial0033,8,33,fixed_pool_multi_step_switch_fuzzy020,0,C:\Users\Binich\PycharmProjects\PredictionRTS\output\learner_results\all_data\ETG-only\sce1m_etg_run_0071\final_eval\fixed_pool_switch_pair_fpsw_0625_093920\rank08_trial0033\ms_fz020,50,900,16.62,27.881593665106777,16.62,27.881593665106777,0.62,19,237,60,119,34,0,458,3970,50.888888888888886,-0.0334089420545471,2.371793589420655,0.28938663967614753,0.17346935632832922,671,74.55555555555556,0.9670625931445924,0.6537832981060038,648.8990000000215,0.7209988888889127,8.876304023845007,6.184798807749627,1.3424999999998544,45.64499999999505,224,0.24888888888888888,78,146,0.6517857142857143,34,0.15178571428571427,34,0.15178571428571427,3.7777777777777777,,34,0,"{""backup_switch_exact"": 34, ""diverge"": 119, ""fallback"": 8, ""kg_follow"": 60, ""kg_plan"": 237, ""kg_relaxed"": 247, ""ood"": 195}","{""backup_switch_exact"": 34, ""diverged_replan_required"": 190, ""follow_expected"": 43}","{""backup_switch_exact"": 34}","{""bktree_rejected"": 195, ""exact"": 705}",completed
sce1m_etg_run_0071,ETG-only,MarineMicro_MvsM_4_mirror,sce-1m,rank08_trial0033_ms_fz050,rank08_trial0033,8,33,fixed_pool_multi_step_switch_fuzzy050,0,C:\Users\Binich\PycharmProjects\PredictionRTS\output\learner_results\all_data\ETG-only\sce1m_etg_run_0071\final_eval\fixed_pool_switch_pair_fpsw_0625_093920\rank08_trial0033\ms_fz050,50,893,14.1,28.241849104057025,14.1,28.241849104057025,0.7,15,252,47,110,33,0,457,3604,51.17581187010079,-0.02655696469341992,2.430775485571587,0.2658550218338811,0.1849487096599807,653,73.12430011198208,0.9202454823888846,0.6303317977172442,600.9202999999417,0.6729230683090053,8.909647779479327,6.327718223583461,1.2662545454540441,41.78639999998346,227,0.2541993281075028,95,132,0.5814977973568282,33,0.14537444933920704,33,0.14537444933920704,3.6954087346024638,,33,0,"{""backup_switch_exact"": 33, ""diverge"": 110, ""fallback"": 15, ""kg_follow"": 47, ""kg_plan"": 252, ""kg_relaxed"": 229, ""ood"": 207}","{""backup_switch_exact"": 33, ""diverged_replan_required"": 194, ""follow_expected"": 29}","{""backup_switch_exact"": 33}","{""bktree_rejected"": 207, ""exact"": 686}",completed
sce2_etg_run_0069,ETG-only,MarineMicro_MvsM_4_dist,sce-2,rank01_trial0178_ms_ns,rank01_trial0178,1,178,fixed_pool_multi_step_no_switch,0,C:\Users\Binich\PycharmProjects\PredictionRTS\output\learner_results\all_data\ETG-only\sce2_etg_run_0069\final_eval\fixed_pool_switch_pair_fpsw_0625_093920\rank01_trial0178\ms_ns,50,639,69.0,17.88740293260789,69.0,17.88740293260789,0.98,1,235,28,174,0,0,442,4715,69.17057902973396,-0.0035854953707786796,-1.2218180063626722,0.25770751445104445,0.04990524627724732,615,96.24413145539906,2.2730801626015813,1.8164959571140067,1397.9442999999724,2.1877062597808643,12.982113821138212,10.273170731707317,,0.0,261,0.4084507042253521,83,178,0.6819923371647509,50,0.19157088122605365,0,0.0,0.0,,0,0,"{""diverge"": 174, ""fallback"": 5, ""kg_follow"": 28, ""kg_plan"": 235, ""kg_relaxed"": 173, ""ood"": 24}","{""diverged_replan_required"": 261, ""follow_expected"": 21}",{},"{""bktree_rejected"": 24, ""exact"": 615}",completed
sce2_etg_run_0069,ETG-only,MarineMicro_MvsM_4_dist,sce-2,rank01_trial0178_ms_ex,rank01_trial0178,1,178,fixed_pool_multi_step_switch_exact,0,C:\Users\Binich\PycharmProjects\PredictionRTS\output\learner_results\all_data\ETG-only\sce2_etg_run_0069\final_eval\fixed_pool_switch_pair_fpsw_0625_093920\rank01_trial0178\ms_ex,50,631,72.54,9.245429096784717,72.54,9.245429096784717,1.0,0,252,33,135,28,0,455,4946,72.10776545166402,-0.0009279230032113154,-1.38175681021701,0.27043266666668825,0.07726676920722902,577,91.44215530903328,2.4303431542461125,1.7768453004589682,1402.3080000000068,2.2223581616481884,13.114384748700173,10.389948006932409,3.2718464285711617,91.61169999999252,241,0.38193343898573695,67,174,0.7219917012448133,29,0.12033195020746888,28,0.11618257261410789,4.437400950871632,,28,0,"{""backup_switch_exact"": 28, ""diverge"": 135, ""fallback"": 7, ""kg_follow"": 33, ""kg_plan"": 252, ""kg_relaxed"": 150, ""ood"": 26}","{""backup_switch_exact"": 29, ""diverged_replan_required"": 212, ""follow_expected"": 25}","{""backup_switch_exact"": 28}","{""bktree_rejected"": 26, ""exact"": 605}",completed
sce2_etg_run_0069,ETG-only,MarineMicro_MvsM_4_dist,sce-2,rank01_trial0178_ms_fz020,rank01_trial0178,1,178,fixed_pool_multi_step_switch_fuzzy020,0,C:\Users\Binich\PycharmProjects\PredictionRTS\output\learner_results\all_data\ETG-only\sce2_etg_run_0069\final_eval\fixed_pool_switch_pair_fpsw_0625_093920\rank01_trial0178\ms_fz020,50,646,70.56,9.852296945486408,70.56,9.852296945486408,1.0,0,254,22,157,29,3,468,5097,72.44582043343654,-0.0010990393195210557,-1.483168517428552,0.24018113207555214,0.12795123634509936,595,92.10526315789474,2.1850910924369935,1.6952281694120817,1300.1292000000112,2.01258390092881,12.978151260504202,10.351260504201681,2.7463718749996535,87.88389999998891,272,0.42105263157894735,79,193,0.7095588235294118,31,0.11397058823529412,32,0.11764705882352941,4.953560371517028,0.15504763036011218,32,0,"{""backup_switch_exact"": 29, ""backup_switch_fuzzy"": 3, ""diverge"": 157, ""fallback"": 3, ""kg_follow"": 22, ""kg_plan"": 254, ""kg_relaxed"": 159, ""ood"": 19}","{""backup_switch_exact"": 31, ""backup_switch_fuzzy"": 3, ""diverged_replan_required"": 238, ""follow_expected"": 16}","{""backup_switch_exact"": 29, ""backup_switch_fuzzy"": 3}","{""bktree_rejected"": 19, ""exact"": 627}",completed
sce2_etg_run_0069,ETG-only,MarineMicro_MvsM_4_dist,sce-2,rank01_trial0178_ms_fz050,rank01_trial0178,1,178,fixed_pool_multi_step_switch_fuzzy050,0,C:\Users\Binich\PycharmProjects\PredictionRTS\output\learner_results\all_data\ETG-only\sce2_etg_run_0069\final_eval\fixed_pool_switch_pair_fpsw_0625_093920\rank01_trial0178\ms_fz050,50,647,63.18,27.71773910737472,63.18,27.71773910737472,0.92,4,251,21,98,26,1,401,4248,61.97836166924266,-0.0063513935988748745,-1.4511533074387952,0.25742040816331746,0.1299383770784237,570,88.09891808346214,2.012731052631519,1.804865298704637,1147.256699999966,1.7731942812982473,11.863157894736842,9.322807017543859,2.992266666666607,80.7911999999984,200,0.3091190108191654,47,153,0.765,26,0.13,27,0.135,4.1731066460587325,0.1369464869128733,27,0,"{""backup_switch_exact"": 26, ""backup_switch_fuzzy"": 1, ""diverge"": 98, ""fallback"": 4, ""kg_follow"": 21, ""kg_plan"": 251, ""kg_relaxed"": 196, ""ood"": 50}","{""backup_switch_exact"": 26, ""backup_switch_fuzzy"": 1, ""diverged_replan_required"": 173, ""follow_expected"": 20}","{""backup_switch_exact"": 26, ""backup_switch_fuzzy"": 1}","{""bktree_rejected"": 50, ""exact"": 597}",completed
sce2_etg_run_0069,ETG-only,MarineMicro_MvsM_4_dist,sce-2,rank02_trial0000_ms_ns,rank02_trial0000,2,0,fixed_pool_multi_step_no_switch,0,C:\Users\Binich\PycharmProjects\PredictionRTS\output\learner_results\all_data\ETG-only\sce2_etg_run_0069\final_eval\fixed_pool_switch_pair_fpsw_0625_093920\rank02_trial0000\ms_ns,50,619,72.54,8.325544659513335,72.54,8.325544659513335,1.0,0,260,38,146,0,0,438,1072,70.75928917609046,-0.0007685414682717075,2.3727215796019907,0.24660869565222057,0.046187439298188186,607,98.06138933764136,0.617136079077512,0.3665504115728557,374.6016000000498,0.6051722132472533,4.482701812191104,3.0675453047775947,,0.0,206,0.33279483037156704,36,170,0.8252427184466019,16,0.07766990291262135,0,0.0,0.0,,0,0,"{""diverge"": 146, ""fallback"": 2, ""kg_follow"": 38, ""kg_plan"": 260, ""kg_relaxed"": 161, ""ood"": 12}","{""diverged_replan_required"": 206, ""follow_expected"": 31}",{},"{""bktree_rejected"": 12, ""exact"": 607}",completed
sce2_etg_run_0069,ETG-only,MarineMicro_MvsM_4_dist,sce-2,rank02_trial0000_ms_ex,rank02_trial0000,2,0,fixed_pool_multi_step_switch_exact,0,C:\Users\Binich\PycharmProjects\PredictionRTS\output\learner_results\all_data\ETG-only\sce2_etg_run_0069\final_eval\fixed_pool_switch_pair_fpsw_0625_093920\rank02_trial0000\ms_ex,50,640,69.06,11.265642186646575,69.06,11.265642186646575,1.0,0,265,37,92,14,0,403,1004,62.96875,-0.0013047373892420605,2.412238811420983,0.22298543689314382,0.05761670304555818,605,94.53125,0.5436211570249372,0.3655046282791649,328.890800000087,0.5138918750001359,4.147107438016529,2.884297520661157,0.7380214285715526,10.332300000001737,173,0.2703125,27,146,0.8439306358381503,14,0.08092485549132948,14,0.08092485549132948,2.1875,,14,0,"{""backup_switch_exact"": 14, ""diverge"": 92, ""fallback"": 5, ""kg_follow"": 37, ""kg_plan"": 265, ""kg_relaxed"": 206, ""ood"": 21}","{""backup_switch_exact"": 14, ""diverged_replan_required"": 159, ""follow_expected"": 34}","{""backup_switch_exact"": 14}","{""bktree_rejected"": 21, ""exact"": 619}",completed
sce2_etg_run_0069,ETG-only,MarineMicro_MvsM_4_dist,sce-2,rank02_trial0000_ms_fz020,rank02_trial0000,2,0,fixed_pool_multi_step_switch_fuzzy020,0,C:\Users\Binich\PycharmProjects\PredictionRTS\output\learner_results\all_data\ETG-only\sce2_etg_run_0069\final_eval\fixed_pool_switch_pair_fpsw_0625_093920\rank02_trial0000\ms_fz020,50,640,67.92,18.16010428811195,67.92,18.16010428811195,0.98,1,262,40,94,21,0,409,982,63.90625,-0.0013366013699179814,2.706233893414801,0.22925999999999114,0.0617591740382894,596,93.125,0.559417114093976,0.3837979256153403,333.4126000000097,0.5209571875000152,4.125838926174497,2.8523489932885906,0.7827333333334624,16.43740000000271,172,0.26875,45,127,0.7383720930232558,21,0.12209302325581395,21,0.12209302325581395,3.28125,,21,0,"{""backup_switch_exact"": 21, ""diverge"": 94, ""kg_follow"": 40, ""kg_plan"": 262, ""kg_relaxed"": 200, ""ood"": 23}","{""backup_switch_exact"": 21, ""diverged_replan_required"": 151, ""follow_expected"": 34}","{""backup_switch_exact"": 21}","{""bktree_rejected"": 23, ""exact"": 617}",completed
sce2_etg_run_0069,ETG-only,MarineMicro_MvsM_4_dist,sce-2,rank02_trial0000_ms_fz050,rank02_trial0000,2,0,fixed_pool_multi_step_switch_fuzzy050,0,C:\Users\Binich\PycharmProjects\PredictionRTS\output\learner_results\all_data\ETG-only\sce2_etg_run_0069\final_eval\fixed_pool_switch_pair_fpsw_0625_093920\rank02_trial0000\ms_fz050,50,647,66.6,17.6184041066524,66.6,17.6184041066524,0.98,1,273,36,97,9,0,410,986,63.3693972179289,-0.0012715840735393232,2.2705096517917522,0.262797169811358,0.055029509459570844,619,95.67233384853168,0.6474337641357024,1.612797353423775,400.7614999999998,0.6194149922720243,4.050080775444265,2.8432956381260097,0.6736333333338488,6.062700000004639,166,0.25656877897990726,18,148,0.891566265060241,9,0.05421686746987952,9,0.05421686746987952,1.3910355486862442,,9,0,"{""backup_switch_exact"": 9, ""diverge"": 97, ""fallback"": 1, ""kg_follow"": 36, ""kg_plan"": 273, ""kg_relaxed"": 212, ""ood"": 19}","{""backup_switch_exact"": 9, ""diverged_replan_required"": 157, ""follow_expected"": 32}","{""backup_switch_exact"": 9}","{""bktree_rejected"": 19, ""exact"": 628}",completed
sce2_etg_run_0069,ETG-only,MarineMicro_MvsM_4_dist,sce-2,rank03_trial0198_ms_ns,rank03_trial0198,3,198,fixed_pool_multi_step_no_switch,0,C:\Users\Binich\PycharmProjects\PredictionRTS\output\learner_results\all_data\ETG-only\sce2_etg_run_0069\final_eval\fixed_pool_switch_pair_fpsw_0625_093920\rank03_trial0198\ms_ns,50,627,71.64,7.8239819706816185,71.64,7.8239819706816185,1.0,0,167,62,255,0,0,486,6237,77.51196172248804,-0.0009297740006081289,-1.3352849072737958,0.23828854961851056,0.05927190622792623,617,98.40510366826156,3.8810717990274815,2.903830676146588,2394.621299999956,3.819172727272657,18.625607779578605,15.252836304700162,,0.0,357,0.569377990430622,95,262,0.7338935574229691,37,0.10364145658263306,0,0.0,0.0,,0,0,"{""diverge"": 255, ""fallback"": 2, ""kg_follow"": 62, ""kg_plan"": 167, ""kg_relaxed"": 131, ""ood"": 10}","{""diverged_replan_required"": 357, ""follow_expected"": 54}",{},"{""bktree_rejected"": 10, ""exact"": 617}",completed
sce2_etg_run_0069,ETG-only,MarineMicro_MvsM_4_dist,sce-2,rank03_trial0198_ms_ex,rank03_trial0198,3,198,fixed_pool_multi_step_switch_exact,0,C:\Users\Binich\PycharmProjects\PredictionRTS\output\learner_results\all_data\ETG-only\sce2_etg_run_0069\final_eval\fixed_pool_switch_pair_fpsw_0625_093920\rank03_trial0198\ms_ex,50,635,70.02,12.14620122020184,70.02,12.14620122020184,1.0,0,194,36,191,20,0,445,5740,70.07874015748031,-0.0013294710787109586,-1.428234788037166,0.275532142857529,0.14668898922353618,593,93.38582677165354,3.3880768971331845,2.9121789823763446,2009.1295999999784,3.16398362204721,16.795952782462056,13.892074198988196,4.269350000000038,85.38700000000077,325,0.5118110236220472,95,230,0.7076923076923077,20,0.06153846153846154,20,0.06153846153846154,3.1496062992125986,,20,0,"{""backup_switch_exact"": 20, ""diverge"": 191, ""fallback"": 4, ""kg_follow"": 36, ""kg_plan"": 194, ""kg_relaxed"": 168, ""ood"": 22}","{""backup_switch_exact"": 20, ""diverged_replan_required"": 305, ""follow_expected"": 18}","{""backup_switch_exact"": 20}","{""bktree_rejected"": 22, ""exact"": 613}",completed
sce2_etg_run_0069,ETG-only,MarineMicro_MvsM_4_dist,sce-2,rank03_trial0198_ms_fz020,rank03_trial0198,3,198,fixed_pool_multi_step_switch_fuzzy020,0,C:\Users\Binich\PycharmProjects\PredictionRTS\output\learner_results\all_data\ETG-only\sce2_etg_run_0069\final_eval\fixed_pool_switch_pair_fpsw_0625_093920\rank03_trial0198\ms_fz020,50,627,67.68,15.619767695364192,67.68,15.619767695364192,0.98,1,203,35,201,27,0,467,5643,74.48165869218501,-0.0010877171360886577,-1.5795082402977145,0.29391911764705747,0.28888226398744843,576,91.86602870813397,3.6536111111110534,2.9475569818171445,2104.479999999967,3.356427432216853,17.885416666666668,14.822916666666666,4.001281481481411,108.0345999999981,325,0.518341307814992,129,196,0.6030769230769231,27,0.08307692307692308,27,0.08307692307692308,4.30622009569378,,27,0,"{""backup_switch_exact"": 27, ""diverge"": 201, ""fallback"": 1, ""kg_follow"": 35, ""kg_plan"": 203, ""kg_relaxed"": 136, ""ood"": 24}","{""backup_switch_exact"": 27, ""diverged_replan_required"": 298, ""follow_expected"": 18}","{""backup_switch_exact"": 27}","{""bktree_rejected"": 24, ""exact"": 603}",completed
sce2_etg_run_0069,ETG-only,MarineMicro_MvsM_4_dist,sce-2,rank03_trial0198_ms_fz050,rank03_trial0198,3,198,fixed_pool_multi_step_switch_fuzzy050,0,C:\Users\Binich\PycharmProjects\PredictionRTS\output\learner_results\all_data\ETG-only\sce2_etg_run_0069\final_eval\fixed_pool_switch_pair_fpsw_0625_093920\rank03_trial0198\ms_fz050,50,634,71.52,6.8667789436696225,71.52,6.8667789436696225,1.0,0,192,84,176,22,4,484,6120,76.34069400630915,-0.000991752587208427,-1.4300058088235286,0.28172686567158456,0.1735599825521202,592,93.37539432176656,3.9839520270270032,3.258277590275587,2358.499599999986,3.7200309148264763,18.17060810810811,15.02027027027027,4.030365384615414,104.78950000000076,308,0.48580441640378547,83,225,0.7305194805194806,23,0.07467532467532467,26,0.08441558441558442,4.100946372239748,0.20765279724109623,26,0,"{""backup_switch_exact"": 22, ""backup_switch_fuzzy"": 4, ""diverge"": 176, ""fallback"": 6, ""kg_follow"": 84, ""kg_plan"": 192, ""kg_relaxed"": 134, ""ood"": 16}","{""backup_switch_exact"": 23, ""backup_switch_fuzzy"": 4, ""diverged_replan_required"": 281, ""follow_expected"": 68}","{""backup_switch_exact"": 22, ""backup_switch_fuzzy"": 4}","{""bktree_rejected"": 16, ""exact"": 618}",completed
sce2_etg_run_0069,ETG-only,MarineMicro_MvsM_4_dist,sce-2,rank04_trial0081_ms_ns,rank04_trial0081,4,81,fixed_pool_multi_step_no_switch,0,C:\Users\Binich\PycharmProjects\PredictionRTS\output\learner_results\all_data\ETG-only\sce2_etg_run_0069\final_eval\fixed_pool_switch_pair_fpsw_0625_093920\rank04_trial0081\ms_ns,50,634,71.7,9.296147984350226,71.7,9.296147984350226,1.0,0,234,27,183,0,0,446,5893,70.34700315457414,-0.0009815544884904787,-1.4941829735844787,0.2381354285715734,0.0559833657735627,621,97.94952681388013,4.226792914653799,4.218311007655068,2624.8384000000087,4.140123659306007,24.088566827697264,18.40740740740741,,0.0,287,0.4526813880126183,87,200,0.6968641114982579,35,0.12195121951219512,0,0.0,0.0,,0,0,"{""diverge"": 183, ""fallback"": 2, ""kg_follow"": 27, ""kg_plan"": 234, ""kg_relaxed"": 175, ""ood"": 13}","{""diverged_replan_required"": 287, ""follow_expected"": 21}",{},"{""bktree_rejected"": 13, ""exact"": 621}",completed
sce2_etg_run_0069,ETG-only,MarineMicro_MvsM_4_dist,sce-2,rank04_trial0081_ms_ex,rank04_trial0081,4,81,fixed_pool_multi_step_switch_exact,0,C:\Users\Binich\PycharmProjects\PredictionRTS\output\learner_results\all_data\ETG-only\sce2_etg_run_0069\final_eval\fixed_pool_switch_pair_fpsw_0625_093920\rank04_trial0081\ms_ex,50,624,71.4,14.858516420022614,71.4,14.858516420022614,1.0,0,241,37,94,31,0,403,5092,64.58333333333333,-0.0014622237904290182,-1.5194172214584973,0.25662871794886966,0.16371177462347206,567,90.86538461538461,4.270422222222184,4.672823762865182,2421.3293999999782,3.880335576923042,22.405643738977073,16.92063492063492,4.350635483871064,134.86970000000298,200,0.32051282051282054,73,127,0.635,31,0.155,31,0.155,4.967948717948718,,31,0,"{""backup_switch_exact"": 31, ""diverge"": 94, ""kg_follow"": 37, ""kg_plan"": 241, ""kg_relaxed"": 195, ""ood"": 26}","{""backup_switch_exact"": 31, ""diverged_replan_required"": 169, ""follow_expected"": 31}","{""backup_switch_exact"": 31}","{""bktree_rejected"": 26, ""exact"": 598}",completed
sce2_etg_run_0069,ETG-only,MarineMicro_MvsM_4_dist,sce-2,rank04_trial0081_ms_fz020,rank04_trial0081,4,81,fixed_pool_multi_step_switch_fuzzy020,0,C:\Users\Binich\PycharmProjects\PredictionRTS\output\learner_results\all_data\ETG-only\sce2_etg_run_0069\final_eval\fixed_pool_switch_pair_fpsw_0625_093920\rank04_trial0081\ms_fz020,50,634,72.78,8.631432827350348,72.78,8.631432827350348,1.0,0,237,30,136,34,1,442,5853,69.71608832807571,-0.0009844897396885926,-1.3801485745201887,0.27398971428543256,0.231287665854217,582,91.7981072555205,4.231336426116871,4.375567656538904,2462.637800000019,3.884286750788674,23.697594501718214,18.152920962199314,4.4470457142861415,155.64660000001496,259,0.4085173501577287,71,188,0.7258687258687259,36,0.138996138996139,35,0.13513513513513514,5.520504731861199,0.15993856214843422,35,0,"{""backup_switch_exact"": 34, ""backup_switch_fuzzy"": 1, ""diverge"": 136, ""fallback"": 4, ""kg_follow"": 30, ""kg_plan"": 237, ""kg_relaxed"": 175, ""ood"": 17}","{""backup_switch_exact"": 36, ""backup_switch_fuzzy"": 1, ""diverged_replan_required"": 222, ""follow_expected"": 23}","{""backup_switch_exact"": 34, ""backup_switch_fuzzy"": 1}","{""bktree_rejected"": 17, ""exact"": 617}",completed
sce2_etg_run_0069,ETG-only,MarineMicro_MvsM_4_dist,sce-2,rank04_trial0081_ms_fz050,rank04_trial0081,4,81,fixed_pool_multi_step_switch_fuzzy050,0,C:\Users\Binich\PycharmProjects\PredictionRTS\output\learner_results\all_data\ETG-only\sce2_etg_run_0069\final_eval\fixed_pool_switch_pair_fpsw_0625_093920\rank04_trial0081\ms_fz050,50,630,72.06,9.856956519977892,72.06,9.856956519977892,1.0,0,246,38,134,24,2,445,5951,70.63492063492063,-0.001082843937608086,-1.6315222732874024,0.2713467455623072,0.1996618251168395,588,93.33333333333333,4.167012755102045,4.309047826519732,2450.2035000000024,3.8892119047619085,23.6343537414966,17.977891156462587,3.9535076923072983,102.79119999998976,241,0.3825396825396825,51,190,0.7883817427385892,25,0.1037344398340249,26,0.1078838174273859,4.126984126984127,0.2684286172130178,26,0,"{""backup_switch_exact"": 24, ""backup_switch_fuzzy"": 2, ""diverge"": 134, ""fallback"": 1, ""kg_follow"": 38, ""kg_plan"": 246, ""kg_relaxed"": 169, ""ood"": 16}","{""backup_switch_exact"": 25, ""backup_switch_fuzzy"": 2, ""diverged_replan_required"": 214, ""follow_expected"": 32}","{""backup_switch_exact"": 24, ""backup_switch_fuzzy"": 2}","{""bktree_rejected"": 16, ""exact"": 614}",completed
sce2_etg_run_0069,ETG-only,MarineMicro_MvsM_4_dist,sce-2,rank05_trial0051_ms_ns,rank05_trial0051,5,51,fixed_pool_multi_step_no_switch,0,C:\Users\Binich\PycharmProjects\PredictionRTS\output\learner_results\all_data\ETG-only\sce2_etg_run_0069\final_eval\fixed_pool_switch_pair_fpsw_0625_093920\rank05_trial0051\ms_ns,50,638,71.22,9.247812758502766,71.22,9.247812758502766,1.0,0,220,36,190,0,0,450,4675,70.53291536050156,-0.0007798159592265856,-1.0350688663101608,0.24935802469142032,0.05959328897164579,612,95.92476489028213,1.710092483660174,1.2661296684095356,1046.5766000000265,1.6404021943574083,12.485294117647058,10.387254901960784,,0.0,286,0.4482758620689655,70,216,0.7552447552447552,32,0.11188811188811189,0,0.0,0.0,,0,0,"{""diverge"": 190, ""fallback"": 4, ""kg_follow"": 36, ""kg_plan"": 220, ""kg_relaxed"": 162, ""ood"": 26}","{""diverged_replan_required"": 286, ""follow_expected"": 32}",{},"{""bktree_rejected"": 26, ""exact"": 612}",completed
sce2_etg_run_0069,ETG-only,MarineMicro_MvsM_4_dist,sce-2,rank05_trial0051_ms_ex,rank05_trial0051,5,51,fixed_pool_multi_step_switch_exact,0,C:\Users\Binich\PycharmProjects\PredictionRTS\output\learner_results\all_data\ETG-only\sce2_etg_run_0069\final_eval\fixed_pool_switch_pair_fpsw_0625_093920\rank05_trial0051\ms_ex,50,646,64.44,21.6013605013713,64.44,21.6013605013713,0.96,2,221,23,114,23,0,386,3948,59.752321981424146,-0.005506888399155519,-1.3187790400202646,0.27689915254230074,0.1812317481913616,599,92.72445820433437,1.3556188647747667,1.173678755508407,812.0157000000852,1.2569902476781505,10.589315525876462,8.831385642737896,2.0943217391302382,48.16939999999548,202,0.3126934984520124,60,142,0.7029702970297029,24,0.1188118811881188,23,0.11386138613861387,3.5603715170278636,,23,0,"{""backup_switch_exact"": 23, ""diverge"": 114, ""fallback"": 5, ""kg_follow"": 23, ""kg_plan"": 221, ""kg_relaxed"": 236, ""ood"": 24}","{""backup_switch_exact"": 24, ""diverged_replan_required"": 178, ""follow_expected"": 21}","{""backup_switch_exact"": 23}","{""bktree_rejected"": 24, ""exact"": 622}",completed
sce2_etg_run_0069,ETG-only,MarineMicro_MvsM_4_dist,sce-2,rank05_trial0051_ms_fz020,rank05_trial0051,5,51,fixed_pool_multi_step_switch_fuzzy020,0,C:\Users\Binich\PycharmProjects\PredictionRTS\output\learner_results\all_data\ETG-only\sce2_etg_run_0069\final_eval\fixed_pool_switch_pair_fpsw_0625_093920\rank05_trial0051\ms_fz020,50,649,63.36,16.781622601609687,63.36,16.781622601609687,1.0,0,248,19,121,22,3,417,4248,64.25269645608628,-0.0018128610136564224,-1.2963055437853122,0.2559114427860862,0.14972372096119527,593,91.37134052388289,1.4489763912309916,1.211424282589862,859.242999999978,1.323949152542339,11.382799325463743,9.367622259696459,2.2344959999999503,55.86239999999876,221,0.3405238828967643,65,156,0.7058823529411765,24,0.1085972850678733,25,0.11312217194570136,3.852080123266564,0.10629338394419661,25,0,"{""backup_switch_exact"": 22, ""backup_switch_fuzzy"": 3, ""diverge"": 121, ""fallback"": 4, ""kg_follow"": 19, ""kg_plan"": 248, ""kg_relaxed"": 201, ""ood"": 31}","{""backup_switch_exact"": 24, ""backup_switch_fuzzy"": 5, ""diverged_replan_required"": 192, ""follow_expected"": 17}","{""backup_switch_exact"": 22, ""backup_switch_fuzzy"": 3}","{""bktree_rejected"": 31, ""exact"": 618}",completed
sce2_etg_run_0069,ETG-only,MarineMicro_MvsM_4_dist,sce-2,rank05_trial0051_ms_fz050,rank05_trial0051,5,51,fixed_pool_multi_step_switch_fuzzy050,0,C:\Users\Binich\PycharmProjects\PredictionRTS\output\learner_results\all_data\ETG-only\sce2_etg_run_0069\final_eval\fixed_pool_switch_pair_fpsw_0625_093920\rank05_trial0051\ms_fz050,50,637,66.06,17.717061994424633,66.06,17.717061994424633,0.98,1,225,13,137,36,0,414,4224,64.99215070643642,-0.002243672952528434,-1.2585052675189403,0.2871428571430472,0.40606201556044413,581,91.20879120879121,1.495672289156575,1.266326509213872,868.9855999999701,1.3641846153845685,11.218588640275387,9.302925989672978,2.1411388888891283,77.08100000000861,248,0.3893249607535322,101,147,0.592741935483871,36,0.14516129032258066,36,0.14516129032258066,5.65149136577708,,36,0,"{""backup_switch_exact"": 36, ""diverge"": 137, ""fallback"": 3, ""kg_follow"": 13, ""kg_plan"": 225, ""kg_relaxed"": 203, ""ood"": 20}","{""backup_switch_exact"": 36, ""diverged_replan_required"": 212, ""follow_expected"": 9}","{""backup_switch_exact"": 36}","{""bktree_rejected"": 20, ""exact"": 617}",completed
sce2_etg_run_0069,ETG-only,MarineMicro_MvsM_4_dist,sce-2,rank06_trial0072_ms_ns,rank06_trial0072,6,72,fixed_pool_multi_step_no_switch,0,C:\Users\Binich\PycharmProjects\PredictionRTS\output\learner_results\all_data\ETG-only\sce2_etg_run_0069\final_eval\fixed_pool_switch_pair_fpsw_0625_093920\rank06_trial0072\ms_ns,50,638,68.34,13.017429446236884,68.34,13.017429446236884,1.0,0,197,45,233,0,0,478,6188,74.92163009404389,-0.0013507377875928124,-1.903135303544495,0.25080215827335484,0.05674766862053115,617,96.70846394984326,3.422217828201056,2.70355048144491,2111.5084000000516,3.3095742946709272,18.79416531604538,15.0032414910859,,0.0,333,0.5219435736677116,109,224,0.6726726726726727,31,0.09309309309309309,0,0.0,0.0,,0,0,"{""diverge"": 233, ""fallback"": 3, ""kg_follow"": 45, ""kg_plan"": 197, ""kg_relaxed"": 139, ""ood"": 21}","{""diverged_replan_required"": 333, ""follow_expected"": 22}",{},"{""bktree_rejected"": 21, ""exact"": 617}",completed
sce2_etg_run_0069,ETG-only,MarineMicro_MvsM_4_dist,sce-2,rank06_trial0072_ms_ex,rank06_trial0072,6,72,fixed_pool_multi_step_switch_exact,0,C:\Users\Binich\PycharmProjects\PredictionRTS\output\learner_results\all_data\ETG-only\sce2_etg_run_0069\final_eval\fixed_pool_switch_pair_fpsw_0625_093920\rank06_trial0072\ms_ex,50,639,69.42,9.73546011616654,69.42,9.73546011616654,1.0,0,187,41,177,41,0,447,6093,69.9530516431925,-0.0012561973325559996,-1.8743948971497348,0.2729067114092511,0.15561269952016252,555,86.85446009389672,3.3063124324325184,2.792855623295114,1835.0034000000478,2.8716798122066476,17.76036036036036,14.313513513513513,3.98224634146364,163.27210000000923,319,0.49921752738654146,107,212,0.664576802507837,43,0.13479623824451412,41,0.12852664576802508,6.416275430359938,,41,0,"{""backup_switch_exact"": 41, ""diverge"": 177, ""fallback"": 1, ""kg_follow"": 41, ""kg_plan"": 187, ""kg_relaxed"": 149, ""ood"": 43}","{""backup_switch_exact"": 43, ""diverged_replan_required"": 276, ""follow_expected"": 30}","{""backup_switch_exact"": 41}","{""bktree_rejected"": 43, ""exact"": 596}",completed
sce2_etg_run_0069,ETG-only,MarineMicro_MvsM_4_dist,sce-2,rank06_trial0072_ms_fz020,rank06_trial0072,6,72,fixed_pool_multi_step_switch_fuzzy020,0,C:\Users\Binich\PycharmProjects\PredictionRTS\output\learner_results\all_data\ETG-only\sce2_etg_run_0069\final_eval\fixed_pool_switch_pair_fpsw_0625_093920\rank06_trial0072\ms_fz020,50,634,71.04,9.299901250298635,71.04,9.299901250298635,1.0,0,203,45,161,46,0,456,6156,71.92429022082018,-0.0012777631284496276,-1.9116017232510287,0.2718034246571942,0.12611311201702807,556,87.69716088328076,3.3981616906474748,2.9993509557704283,1889.3778999999959,2.980091324921129,17.924460431654676,14.388489208633093,4.128817391304319,189.9255999999987,295,0.46529968454258674,99,196,0.6644067796610169,49,0.16610169491525423,46,0.15593220338983052,7.255520504731861,,46,0,"{""backup_switch_exact"": 46, ""diverge"": 161, ""fallback"": 1, ""kg_follow"": 45, ""kg_plan"": 203, ""kg_relaxed"": 146, ""ood"": 32}","{""backup_switch_exact"": 49, ""diverged_replan_required"": 246, ""follow_expected"": 41}","{""backup_switch_exact"": 46}","{""bktree_rejected"": 32, ""exact"": 602}",completed
sce2_etg_run_0069,ETG-only,MarineMicro_MvsM_4_dist,sce-2,rank06_trial0072_ms_fz050,rank06_trial0072,6,72,fixed_pool_multi_step_switch_fuzzy050,0,C:\Users\Binich\PycharmProjects\PredictionRTS\output\learner_results\all_data\ETG-only\sce2_etg_run_0069\final_eval\fixed_pool_switch_pair_fpsw_0625_093920\rank06_trial0072\ms_fz050,50,630,69.78,13.49571360522613,69.78,13.49571360522613,0.98,1,200,77,184,33,6,504,6584,80.0,-0.0023649234016733596,-1.5707799982280268,0.2773398058253428,0.15382704340380626,568,90.15873015873017,3.90403573943661,2.8713389373171245,2217.4922999999944,3.5198290476190386,20.20774647887324,16.27288732394366,3.925164102564411,153.08140000001202,303,0.48095238095238096,70,233,0.768976897689769,33,0.10891089108910891,39,0.12871287128712872,6.190476190476191,0.2853487243479945,39,0,"{""backup_switch_exact"": 33, ""backup_switch_fuzzy"": 6, ""diverge"": 184, ""fallback"": 4, ""kg_follow"": 77, ""kg_plan"": 200, ""kg_relaxed"": 103, ""ood"": 23}","{""backup_switch_exact"": 33, ""backup_switch_fuzzy"": 6, ""diverged_replan_required"": 264, ""follow_expected"": 73}","{""backup_switch_exact"": 33, ""backup_switch_fuzzy"": 6}","{""bktree_rejected"": 23, ""exact"": 607}",completed
sce2_etg_run_0069,ETG-only,MarineMicro_MvsM_4_dist,sce-2,rank07_trial0135_ms_ns,rank07_trial0135,7,135,fixed_pool_multi_step_no_switch,0,C:\Users\Binich\PycharmProjects\PredictionRTS\output\learner_results\all_data\ETG-only\sce2_etg_run_0069\final_eval\fixed_pool_switch_pair_fpsw_0625_093920\rank07_trial0135\ms_ns,50,623,73.44,9.664071901340849,73.44,9.664071901340849,1.0,0,265,32,189,0,0,487,4862,78.1701444622793,-0.001123862255550759,-1.6573488002193881,0.24987105263181114,0.0554091326992572,601,96.46869983948636,2.507702163061589,1.7777571789135425,1507.1290000000151,2.4191476725521914,15.863560732113145,12.740432612312812,,0.0,268,0.4301765650080257,62,206,0.7686567164179104,29,0.10820895522388059,0,0.0,0.0,,0,0,"{""diverge"": 189, ""fallback"": 1, ""kg_follow"": 32, ""kg_plan"": 265, ""kg_relaxed"": 114, ""ood"": 22}","{""diverged_replan_required"": 268, ""follow_expected"": 25}",{},"{""bktree_rejected"": 22, ""exact"": 601}",completed
sce2_etg_run_0069,ETG-only,MarineMicro_MvsM_4_dist,sce-2,rank07_trial0135_ms_ex,rank07_trial0135,7,135,fixed_pool_multi_step_switch_exact,0,C:\Users\Binich\PycharmProjects\PredictionRTS\output\learner_results\all_data\ETG-only\sce2_etg_run_0069\final_eval\fixed_pool_switch_pair_fpsw_0625_093920\rank07_trial0135\ms_ex,50,621,72.48,8.406120219391175,72.48,8.406120219391175,1.0,0,289,31,129,24,0,477,4681,76.81159420289855,-0.001161075485856681,-1.7272215231788073,0.2645846153845409,0.07640181667319067,583,93.88083735909822,2.3842874785591,1.8215912316585017,1390.0395999999553,2.238389049919413,15.065180102915951,12.168096054888508,2.7867083333330545,66.8809999999933,210,0.33816425120772947,50,160,0.7619047619047619,24,0.11428571428571428,24,0.11428571428571428,3.864734299516908,,24,0,"{""backup_switch_exact"": 24, ""diverge"": 129, ""fallback"": 4, ""kg_follow"": 31, ""kg_plan"": 289, ""kg_relaxed"": 130, ""ood"": 14}","{""backup_switch_exact"": 24, ""diverged_replan_required"": 186, ""follow_expected"": 28}","{""backup_switch_exact"": 24}","{""bktree_rejected"": 14, ""exact"": 607}",completed
sce2_etg_run_0069,ETG-only,MarineMicro_MvsM_4_dist,sce-2,rank07_trial0135_ms_fz020,rank07_trial0135,7,135,fixed_pool_multi_step_switch_fuzzy020,0,C:\Users\Binich\PycharmProjects\PredictionRTS\output\learner_results\all_data\ETG-only\sce2_etg_run_0069\final_eval\fixed_pool_switch_pair_fpsw_0625_093920\rank07_trial0135\ms_fz020,50,631,68.7,16.92992761294601,68.7,16.92992761294601,0.98,1,274,29,111,23,0,439,4269,69.57210776545166,-0.0015890360627402549,-1.7301439915671117,0.2649318750000518,0.1641329677912542,576,91.28367670364501,2.1797671874998574,1.850051344109972,1255.5458999999178,1.9897716323295052,14.085069444444445,11.321180555555555,2.8688608695655136,65.98380000000681,196,0.31061806656101426,58,138,0.7040816326530612,24,0.12244897959183673,23,0.11734693877551021,3.6450079239302693,,23,0,"{""backup_switch_exact"": 23, ""diverge"": 111, ""fallback"": 2, ""kg_follow"": 29, ""kg_plan"": 274, ""kg_relaxed"": 160, ""ood"": 32}","{""backup_switch_exact"": 24, ""diverged_replan_required"": 172, ""follow_expected"": 24}","{""backup_switch_exact"": 23}","{""bktree_rejected"": 32, ""exact"": 599}",completed
sce2_etg_run_0069,ETG-only,MarineMicro_MvsM_4_dist,sce-2,rank07_trial0135_ms_fz050,rank07_trial0135,7,135,fixed_pool_multi_step_switch_fuzzy050,0,C:\Users\Binich\PycharmProjects\PredictionRTS\output\learner_results\all_data\ETG-only\sce2_etg_run_0069\final_eval\fixed_pool_switch_pair_fpsw_0625_093920\rank07_trial0135\ms_fz050,50,651,62.94,15.903291919522543,62.94,15.903291919522543,1.0,0,264,16,115,29,1,428,4187,65.74500768049155,-0.0015570741428717256,-1.6272333970225301,0.25698134715024823,0.17677662683766793,591,90.78341013824885,1.9573159052453206,1.782799309346887,1156.7736999999845,1.7769181259600377,13.035532994923859,10.50761421319797,2.7751099999996733,83.2532999999902,213,0.3271889400921659,48,165,0.7746478873239436,30,0.14084507042253522,30,0.14084507042253522,4.608294930875576,0.4035417099656553,30,0,"{""backup_switch_exact"": 29, ""backup_switch_fuzzy"": 1, ""diverge"": 115, ""fallback"": 3, ""kg_follow"": 16, ""kg_plan"": 264, ""kg_relaxed"": 193, ""ood"": 30}","{""backup_switch_exact"": 30, ""backup_switch_fuzzy"": 1, ""diverged_replan_required"": 182, ""follow_expected"": 15}","{""backup_switch_exact"": 29, ""backup_switch_fuzzy"": 1}","{""bktree_rejected"": 30, ""exact"": 621}",completed
sce2_etg_run_0069,ETG-only,MarineMicro_MvsM_4_dist,sce-2,rank08_trial0125_ms_ns,rank08_trial0125,8,125,fixed_pool_multi_step_no_switch,0,C:\Users\Binich\PycharmProjects\PredictionRTS\output\learner_results\all_data\ETG-only\sce2_etg_run_0069\final_eval\fixed_pool_switch_pair_fpsw_0625_093920\rank08_trial0125\ms_ns,50,665,60.6,21.760289613919035,60.6,21.760289613919035,0.98,1,250,21,169,0,0,441,4480,66.3157894736842,-0.00429455130758286,-1.1561426897321434,0.25020753768849957,0.052399431270218434,640,96.2406015037594,1.4416100000000265,1.1102027644718258,922.630400000017,1.3874141353383713,11.8546875,9.565625,,0.0,249,0.3744360902255639,82,167,0.6706827309236948,48,0.1927710843373494,0,0.0,0.0,,0,0,"{""diverge"": 169, ""fallback"": 1, ""kg_follow"": 21, ""kg_plan"": 250, ""kg_relaxed"": 199, ""ood"": 25}","{""diverged_replan_required"": 249, ""follow_expected"": 17}",{},"{""bktree_rejected"": 25, ""exact"": 640}",completed
sce2_etg_run_0069,ETG-only,MarineMicro_MvsM_4_dist,sce-2,rank08_trial0125_ms_ex,rank08_trial0125,8,125,fixed_pool_multi_step_switch_exact,0,C:\Users\Binich\PycharmProjects\PredictionRTS\output\learner_results\all_data\ETG-only\sce2_etg_run_0069\final_eval\fixed_pool_switch_pair_fpsw_0625_093920\rank08_trial0125\ms_ex,50,633,71.28,9.593875597462782,71.28,9.593875597462782,1.0,0,261,26,145,31,0,468,4929,73.93364928909952,-0.0013722300828844004,-1.39790661391763,0.2559794520548956,0.06935889065430534,583,92.10110584518168,1.663468782161222,1.1750754773534424,969.8022999999924,1.5320731437598616,12.713550600343053,10.308747855917668,2.27754838709647,70.60399999999056,259,0.40916271721958924,75,184,0.7104247104247104,31,0.11969111969111969,31,0.11969111969111969,4.897314375987362,,31,0,"{""backup_switch_exact"": 31, ""diverge"": 145, ""fallback"": 5, ""kg_follow"": 26, ""kg_plan"": 261, ""kg_relaxed"": 146, ""ood"": 19}","{""backup_switch_exact"": 31, ""diverged_replan_required"": 228, ""follow_expected"": 20}","{""backup_switch_exact"": 31}","{""bktree_rejected"": 19, ""exact"": 614}",completed
sce2_etg_run_0069,ETG-only,MarineMicro_MvsM_4_dist,sce-2,rank08_trial0125_ms_fz020,rank08_trial0125,8,125,fixed_pool_multi_step_switch_fuzzy020,0,C:\Users\Binich\PycharmProjects\PredictionRTS\output\learner_results\all_data\ETG-only\sce2_etg_run_0069\final_eval\fixed_pool_switch_pair_fpsw_0625_093920\rank08_trial0125\ms_fz020,50,634,69.9,8.555342047575913,69.9,8.555342047575913,1.0,0,264,34,143,28,1,472,4988,74.44794952681389,-0.0009325698846835289,-1.365932678428227,0.25142708333331715,0.07468661446495993,587,92.58675078864353,1.6520340715502442,1.1777299267833987,969.7439999999933,1.5295646687697055,12.802385008517888,10.412265758091992,2.1773275862065784,63.142499999990775,254,0.40063091482649843,59,195,0.7677165354330708,28,0.11023622047244094,29,0.1141732283464567,4.574132492113565,0.15504763036011218,29,0,"{""backup_switch_exact"": 28, ""backup_switch_fuzzy"": 1, ""diverge"": 143, ""fallback"": 2, ""kg_follow"": 34, ""kg_plan"": 264, ""kg_relaxed"": 144, ""ood"": 18}","{""backup_switch_exact"": 28, ""backup_switch_fuzzy"": 1, ""diverged_replan_required"": 225, ""follow_expected"": 23}","{""backup_switch_exact"": 28, ""backup_switch_fuzzy"": 1}","{""bktree_rejected"": 18, ""exact"": 616}",completed
sce2_etg_run_0069,ETG-only,MarineMicro_MvsM_4_dist,sce-2,rank08_trial0125_ms_fz050,rank08_trial0125,8,125,fixed_pool_multi_step_switch_fuzzy050,0,C:\Users\Binich\PycharmProjects\PredictionRTS\output\learner_results\all_data\ETG-only\sce2_etg_run_0069\final_eval\fixed_pool_switch_pair_fpsw_0625_093920\rank08_trial0125\ms_fz050,50,629,71.58,8.656930690469448,71.58,8.656930690469448,1.0,0,266,23,135,23,2,455,4776,72.33704292527823,-0.0008984746296289729,-1.4110000314070346,0.26664779874219013,0.15800120766910983,589,93.64069952305246,1.673193718166423,1.2190094263269031,985.5111000000231,1.5667903020668095,12.392190152801358,9.99830220713073,2.486740000000225,62.16850000000562,241,0.383147853736089,53,188,0.7800829875518672,23,0.0954356846473029,25,0.1037344398340249,3.97456279809221,0.09314881518005609,25,0,"{""backup_switch_exact"": 23, ""backup_switch_fuzzy"": 2, ""diverge"": 135, ""fallback"": 6, ""kg_follow"": 23, ""kg_plan"": 266, ""kg_relaxed"": 159, ""ood"": 15}","{""backup_switch_exact"": 23, ""backup_switch_fuzzy"": 2, ""diverged_replan_required"": 216, ""follow_expected"": 17}","{""backup_switch_exact"": 23, ""backup_switch_fuzzy"": 2}","{""bktree_rejected"": 15, ""exact"": 614}",completed
sce2m_etg_run_0072,ETG-only,MarineMicro_MvsM_4_dist_mirror,sce-2m,rank01_trial0195_ms_ns,rank01_trial0195,1,195,fixed_pool_multi_step_no_switch,0,C:\Users\Binich\PycharmProjects\PredictionRTS\output\learner_results\all_data\ETG-only\sce2m_etg_run_0072\final_eval\fixed_pool_switch_pair_fpsw_0625_093920\rank01_trial0195\ms_ns,50,701,43.98,14.013826991181798,43.98,14.013826991181798,1.0,0,178,65,131,0,0,355,3680,50.64194008559201,-0.23837343639389366,13.354406902173913,0.24348333333341138,0.0628118727541157,662,94.43651925820257,0.7871645015105186,0.6594687736448813,521.1028999999634,0.7433707560627152,9.311178247734139,7.4395770392749245,,0.0,228,0.3252496433666191,65,163,0.7149122807017544,41,0.17982456140350878,0,0.0,0.0,,0,0,"{""diverge"": 131, ""kg_follow"": 65, ""kg_plan"": 178, ""kg_relaxed"": 288, ""ood"": 39}","{""diverged_replan_required"": 228, ""follow_expected"": 58}",{},"{""bktree_rejected"": 39, ""exact"": 662}",completed
sce2m_etg_run_0072,ETG-only,MarineMicro_MvsM_4_dist_mirror,sce-2m,rank01_trial0195_ms_ex,rank01_trial0195,1,195,fixed_pool_multi_step_switch_exact,0,C:\Users\Binich\PycharmProjects\PredictionRTS\output\learner_results\all_data\ETG-only\sce2m_etg_run_0072\final_eval\fixed_pool_switch_pair_fpsw_0625_093920\rank01_trial0195\ms_ex,50,708,42.24,14.91822608046128,42.24,14.91822608046128,1.0,0,216,71,74,42,0,377,3762,53.24858757062147,-0.23463624273292852,13.2905706804891,0.22230955882357134,0.07643478456868871,633,89.40677966101696,0.7348140600316775,0.6389049547795634,465.1373000000518,0.6569735875706947,9.236966824644549,7.4170616113744074,1.190916666666333,50.01849999998598,187,0.2641242937853107,68,119,0.6363636363636364,46,0.24598930481283424,42,0.22459893048128343,5.932203389830509,,42,0,"{""backup_switch_exact"": 42, ""diverge"": 74, ""kg_follow"": 71, ""kg_plan"": 216, ""kg_relaxed"": 272, ""ood"": 33}","{""backup_switch_exact"": 46, ""diverged_replan_required"": 141, ""follow_expected"": 64}","{""backup_switch_exact"": 42}","{""bktree_rejected"": 33, ""exact"": 675}",completed
sce2m_etg_run_0072,ETG-only,MarineMicro_MvsM_4_dist_mirror,sce-2m,rank01_trial0195_ms_fz020,rank01_trial0195,1,195,fixed_pool_multi_step_switch_fuzzy020,0,C:\Users\Binich\PycharmProjects\PredictionRTS\output\learner_results\all_data\ETG-only\sce2m_etg_run_0072\final_eval\fixed_pool_switch_pair_fpsw_0625_093920\rank01_trial0195\ms_fz020,50,702,42.24,13.523313203501575,42.24,13.523313203501575,1.0,0,201,78,43,40,0,344,3379,49.002849002849004,-0.2602523497140964,14.65406852619118,0.25140035461003885,0.10851807711338234,605,86.18233618233619,0.7681135537189453,0.6761963581800693,464.7086999999619,0.6619782051281509,8.783471074380165,7.0694214876033055,1.5308225000000064,61.23290000000026,158,0.22507122507122507,52,106,0.6708860759493671,42,0.26582278481012656,40,0.25316455696202533,5.698005698005698,,40,0,"{""backup_switch_exact"": 40, ""diverge"": 43, ""fallback"": 1, ""kg_follow"": 78, ""kg_plan"": 201, ""kg_relaxed"": 282, ""ood"": 57}","{""backup_switch_exact"": 42, ""diverged_replan_required"": 116, ""follow_expected"": 75}","{""backup_switch_exact"": 40}","{""bktree_rejected"": 57, ""exact"": 645}",completed
sce2m_etg_run_0072,ETG-only,MarineMicro_MvsM_4_dist_mirror,sce-2m,rank01_trial0195_ms_fz050,rank01_trial0195,1,195,fixed_pool_multi_step_switch_fuzzy050,0,C:\Users\Binich\PycharmProjects\PredictionRTS\output\learner_results\all_data\ETG-only\sce2m_etg_run_0072\final_eval\fixed_pool_switch_pair_fpsw_0625_093920\rank01_trial0195\ms_fz050,50,698,52.86,4.690459269971898,52.86,4.690459269971898,1.0,0,234,84,70,45,0,420,4117,60.17191977077364,-0.21199080066459008,12.301180580519796,0.24212008928567055,0.152954307482838,612,87.67908309455588,0.897611437908452,0.7215412263405497,549.3381999999726,0.7870174785099895,10.50326797385621,8.377450980392156,1.3099355555554206,58.947099999993924,234,0.335243553008596,62,172,0.7350427350427351,46,0.19658119658119658,45,0.19230769230769232,6.446991404011461,,45,0,"{""backup_switch_exact"": 45, ""diverge"": 70, ""kg_follow"": 84, ""kg_plan"": 234, ""kg_relaxed"": 224, ""ood"": 41}","{""backup_switch_exact"": 46, ""diverged_replan_required"": 188, ""follow_expected"": 72}","{""backup_switch_exact"": 45}","{""bktree_rejected"": 41, ""exact"": 657}",completed
sce2m_etg_run_0072,ETG-only,MarineMicro_MvsM_4_dist_mirror,sce-2m,rank02_trial0060_ms_ns,rank02_trial0060,2,60,fixed_pool_multi_step_no_switch,0,C:\Users\Binich\PycharmProjects\PredictionRTS\output\learner_results\all_data\ETG-only\sce2m_etg_run_0072\final_eval\fixed_pool_switch_pair_fpsw_0625_093920\rank02_trial0060\ms_ns,50,700,35.28,7.607836990463806,35.28,7.607836990463806,1.0,0,205,97,59,0,0,330,3810,47.142857142857146,-0.009449102368940202,11.178803923884514,0.238450000000073,0.05753543821191583,565,80.71428571428571,0.958932389380547,0.7514922408177473,541.7968000000091,0.7739954285714415,9.012389380530973,6.610619469026549,,0.0,112,0.16,17,95,0.8482142857142857,11,0.09821428571428571,0,0.0,0.0,,0,0,"{""diverge"": 59, ""kg_follow"": 97, ""kg_plan"": 205, ""kg_relaxed"": 204, ""ood"": 135}","{""diverged_replan_required"": 112, ""follow_expected"": 169}",{},"{""bktree_rejected"": 135, ""exact"": 565}",completed
sce2m_etg_run_0072,ETG-only,MarineMicro_MvsM_4_dist_mirror,sce-2m,rank02_trial0060_ms_ex,rank02_trial0060,2,60,fixed_pool_multi_step_switch_exact,0,C:\Users\Binich\PycharmProjects\PredictionRTS\output\learner_results\all_data\ETG-only\sce2m_etg_run_0072\final_eval\fixed_pool_switch_pair_fpsw_0625_093920\rank02_trial0060\ms_ex,50,703,51.06,9.181636508792527,51.06,9.181636508792527,1.0,0,241,74,102,33,0,427,4387,60.73968705547653,-0.007517505248813767,7.160658270648128,0.23854009433965231,0.11526553496486283,629,89.47368421052632,0.9737612082671803,0.7347646535701294,612.4958000000564,0.8712600284495824,9.062003179650238,6.794912559618442,1.6249606060604764,53.62369999999572,257,0.3655761024182077,44,213,0.8287937743190662,33,0.12840466926070038,33,0.12840466926070038,4.694167852062589,,33,0,"{""backup_switch_exact"": 33, ""diverge"": 102, ""kg_follow"": 74, ""kg_plan"": 241, ""kg_relaxed"": 212, ""ood"": 41}","{""backup_switch_exact"": 33, ""diverged_replan_required"": 224, ""follow_expected"": 59}","{""backup_switch_exact"": 33}","{""bktree_rejected"": 41, ""exact"": 662}",completed
sce2m_etg_run_0072,ETG-only,MarineMicro_MvsM_4_dist_mirror,sce-2m,rank02_trial0060_ms_fz020,rank02_trial0060,2,60,fixed_pool_multi_step_switch_fuzzy020,0,C:\Users\Binich\PycharmProjects\PredictionRTS\output\learner_results\all_data\ETG-only\sce2m_etg_run_0072\final_eval\fixed_pool_switch_pair_fpsw_0625_093920\rank02_trial0060\ms_fz020,50,704,40.98,12.851570220905192,40.98,12.851570220905192,1.0,0,208,69,72,29,0,345,3522,49.00568181818182,-0.009184391809991295,8.5915863240583,0.23155247148300398,0.1141489644771086,612,86.93181818181819,0.7947099673203054,0.701693744412691,486.3625000000269,0.6908558238636746,7.63562091503268,5.823529411764706,1.6773206896553265,48.64230000000447,186,0.26420454545454547,47,139,0.7473118279569892,34,0.1827956989247312,29,0.15591397849462366,4.119318181818182,,29,0,"{""backup_switch_exact"": 29, ""diverge"": 72, ""kg_follow"": 69, ""kg_plan"": 208, ""kg_relaxed"": 263, ""ood"": 63}","{""backup_switch_exact"": 34, ""diverged_replan_required"": 152, ""follow_expected"": 62}","{""backup_switch_exact"": 29}","{""bktree_rejected"": 63, ""exact"": 641}",completed
sce2m_etg_run_0072,ETG-only,MarineMicro_MvsM_4_dist_mirror,sce-2m,rank02_trial0060_ms_fz050,rank02_trial0060,2,60,fixed_pool_multi_step_switch_fuzzy050,0,C:\Users\Binich\PycharmProjects\PredictionRTS\output\learner_results\all_data\ETG-only\sce2m_etg_run_0072\final_eval\fixed_pool_switch_pair_fpsw_0625_093920\rank02_trial0060\ms_fz050,50,698,47.88,4.732173854345918,47.88,4.732173854345918,1.0,0,202,51,160,7,0,397,4139,56.87679083094556,-0.007255867033005554,7.703970230329387,0.24917383966254586,0.08078463726362012,650,93.12320916905445,0.9008478461537534,0.702512053690816,585.5510999999397,0.8388984240686814,8.655384615384616,6.472307692307692,1.4678714285718542,10.275100000002979,300,0.4297994269340974,60,240,0.8,9,0.03,7,0.023333333333333334,1.002865329512894,,7,0,"{""backup_switch_exact"": 7, ""diverge"": 160, ""kg_follow"": 51, ""kg_plan"": 202, ""kg_relaxed"": 237, ""ood"": 41}","{""backup_switch_exact"": 9, ""diverged_replan_required"": 291, ""follow_expected"": 51}","{""backup_switch_exact"": 7}","{""bktree_rejected"": 41, ""exact"": 657}",completed
sce2m_etg_run_0072,ETG-only,MarineMicro_MvsM_4_dist_mirror,sce-2m,rank03_trial0031_ms_ns,rank03_trial0031,3,31,fixed_pool_multi_step_no_switch,0,C:\Users\Binich\PycharmProjects\PredictionRTS\output\learner_results\all_data\ETG-only\sce2m_etg_run_0072\final_eval\fixed_pool_switch_pair_fpsw_0625_093920\rank03_trial0031\ms_ns,50,696,57.18,3.8528547592555795,57.18,3.8528547592555795,1.0,0,192,77,177,0,0,345,543,49.56896551724138,-0.003908973044254333,6.721056844689992,0.21441761904753606,0.0989562535603185,656,94.25287356321839,0.5113117378048586,0.3474922933290709,335.4204999999872,0.4819260057471081,3.9527439024390243,2.105182926829268,,0.0,313,0.44971264367816094,29,284,0.9073482428115016,29,0.0926517571884984,0,0.0,0.0,,0,0,"{""diverge"": 177, ""kg_follow"": 77, ""kg_plan"": 192, ""kg_relaxed"": 210, ""ood"": 40}","{""diverged_replan_required"": 313, ""follow_expected"": 57}",{},"{""bktree_rejected"": 40, ""exact"": 656}",completed
sce2m_etg_run_0072,ETG-only,MarineMicro_MvsM_4_dist_mirror,sce-2m,rank03_trial0031_ms_ex,rank03_trial0031,3,31,fixed_pool_multi_step_switch_exact,0,C:\Users\Binich\PycharmProjects\PredictionRTS\output\learner_results\all_data\ETG-only\sce2m_etg_run_0072\final_eval\fixed_pool_switch_pair_fpsw_0625_093920\rank03_trial0031\ms_ex,50,699,48.3,5.116001308419995,48.3,5.116001308419995,1.0,0,176,52,164,10,0,272,473,38.91273247496424,-0.005531711154276635,9.15587864693446,0.2568192307692836,0.06407814979589695,652,93.2761087267525,0.5063484662577935,0.3355415822793848,330.13920000008136,0.4723021459228632,3.6012269938650308,2.0,0.7458799999996657,7.458799999996657,310,0.4434907010014306,12,298,0.9612903225806452,11,0.035483870967741936,10,0.03225806451612903,1.4306151645207439,,10,0,"{""backup_switch_exact"": 10, ""diverge"": 164, ""kg_follow"": 52, ""kg_plan"": 176, ""kg_relaxed"": 260, ""ood"": 37}","{""backup_switch_exact"": 11, ""diverged_replan_required"": 299, ""follow_expected"": 51}","{""backup_switch_exact"": 10}","{""bktree_rejected"": 37, ""exact"": 662}",completed
sce2m_etg_run_0072,ETG-only,MarineMicro_MvsM_4_dist_mirror,sce-2m,rank03_trial0031_ms_fz020,rank03_trial0031,3,31,fixed_pool_multi_step_switch_fuzzy020,0,C:\Users\Binich\PycharmProjects\PredictionRTS\output\learner_results\all_data\ETG-only\sce2m_etg_run_0072\final_eval\fixed_pool_switch_pair_fpsw_0625_093920\rank03_trial0031\ms_fz020,50,698,48.0,6.030534548344409,48.0,6.030534548344409,1.0,0,181,53,164,9,0,283,491,40.54441260744986,-0.005498987848448784,8.906422708757635,0.2566725190839215,0.07224264833248503,660,94.55587392550143,0.5007001515151462,0.3478299363600151,330.46209999999655,0.4734414040114564,3.6,1.9984848484848485,0.7747333333334439,6.972600000000995,304,0.4355300859598854,12,292,0.9605263157894737,9,0.029605263157894735,9,0.029605263157894735,1.2893982808022924,,9,0,"{""backup_switch_exact"": 9, ""diverge"": 164, ""kg_follow"": 53, ""kg_plan"": 181, ""kg_relaxed"": 262, ""ood"": 29}","{""backup_switch_exact"": 9, ""diverged_replan_required"": 295, ""follow_expected"": 51}","{""backup_switch_exact"": 9}","{""bktree_rejected"": 29, ""exact"": 669}",completed
sce2m_etg_run_0072,ETG-only,MarineMicro_MvsM_4_dist_mirror,sce-2m,rank03_trial0031_ms_fz050,rank03_trial0031,3,31,fixed_pool_multi_step_switch_fuzzy050,0,C:\Users\Binich\PycharmProjects\PredictionRTS\output\learner_results\all_data\ETG-only\sce2m_etg_run_0072\final_eval\fixed_pool_switch_pair_fpsw_0625_093920\rank03_trial0031\ms_fz050,50,699,48.36,10.06257969926607,48.36,10.06257969926607,1.0,0,187,78,110,31,0,317,536,45.35050071530758,-0.0049532290265764615,8.117732991293531,0.24380399999999883,0.06954169119524894,601,85.97997138769671,0.5120733777037659,0.3423572154784084,307.75609999996334,0.44028054363371005,3.760399334442596,2.0632279534109816,0.6843161290320845,21.21379999999462,245,0.35050071530758226,34,211,0.8612244897959184,31,0.12653061224489795,31,0.12653061224489795,4.434907010014306,,31,0,"{""backup_switch_exact"": 31, ""diverge"": 110, ""fallback"": 1, ""kg_follow"": 78, ""kg_plan"": 187, ""kg_relaxed"": 225, ""ood"": 67}","{""backup_switch_exact"": 31, ""diverged_replan_required"": 214, ""follow_expected"": 71}","{""backup_switch_exact"": 31}","{""bktree_rejected"": 67, ""exact"": 632}",completed
sce2m_etg_run_0072,ETG-only,MarineMicro_MvsM_4_dist_mirror,sce-2m,rank04_trial0046_ms_ns,rank04_trial0046,4,46,fixed_pool_multi_step_no_switch,0,C:\Users\Binich\PycharmProjects\PredictionRTS\output\learner_results\all_data\ETG-only\sce2m_etg_run_0072\final_eval\fixed_pool_switch_pair_fpsw_0625_093920\rank04_trial0046\ms_ns,50,699,44.04,13.800266190866592,44.04,13.800266190866592,1.0,0,189,73,140,0,0,363,3485,51.93133047210301,-0.009064731990135556,8.274662644667623,0.25683490196080766,0.05456190298519466,657,93.99141630901288,0.9388022831050427,0.7688167969260168,616.793100000013,0.8823935622317783,8.9117199391172,6.8493150684931505,,0.0,229,0.32761087267525035,64,165,0.7205240174672489,42,0.18340611353711792,0,0.0,0.0,,0,0,"{""diverge"": 140, ""kg_follow"": 73, ""kg_plan"": 189, ""kg_relaxed"": 255, ""ood"": 42}","{""diverged_replan_required"": 229, ""follow_expected"": 63}",{},"{""bktree_rejected"": 42, ""exact"": 657}",completed
sce2m_etg_run_0072,ETG-only,MarineMicro_MvsM_4_dist_mirror,sce-2m,rank04_trial0046_ms_ex,rank04_trial0046,4,46,fixed_pool_multi_step_switch_exact,0,C:\Users\Binich\PycharmProjects\PredictionRTS\output\learner_results\all_data\ETG-only\sce2m_etg_run_0072\final_eval\fixed_pool_switch_pair_fpsw_0625_093920\rank04_trial0046\ms_ex,50,698,43.56,13.101113833314685,43.56,13.101113833314685,1.0,0,198,77,62,30,0,338,3312,48.42406876790831,-0.007938704844868007,8.837338295088566,0.28906290909096105,0.14297193310486198,612,87.67908309455588,0.8897521241830553,0.764006401297025,544.5283000000298,0.780126504298037,8.2859477124183,6.428104575163399,1.9857533333339579,59.57260000001874,183,0.2621776504297994,44,139,0.7595628415300546,30,0.16393442622950818,30,0.16393442622950818,4.2979942693409745,,30,0,"{""backup_switch_exact"": 30, ""diverge"": 62, ""kg_follow"": 77, ""kg_plan"": 198, ""kg_relaxed"": 275, ""ood"": 56}","{""backup_switch_exact"": 30, ""diverged_replan_required"": 153, ""follow_expected"": 67}","{""backup_switch_exact"": 30}","{""bktree_rejected"": 56, ""exact"": 642}",completed
sce2m_etg_run_0072,ETG-only,MarineMicro_MvsM_4_dist_mirror,sce-2m,rank04_trial0046_ms_fz020,rank04_trial0046,4,46,fixed_pool_multi_step_switch_fuzzy020,0,C:\Users\Binich\PycharmProjects\PredictionRTS\output\learner_results\all_data\ETG-only\sce2m_etg_run_0072\final_eval\fixed_pool_switch_pair_fpsw_0625_093920\rank04_trial0046\ms_fz020,50,706,30.42,11.483955089157913,30.42,11.483955089157913,1.0,0,189,57,27,11,0,268,2578,37.960339943342774,-0.012668368301234068,8.897852650633565,0.25752000000000713,0.06041079892183392,638,90.36827195467423,0.7260970219435419,0.7331248717359173,463.2498999999797,0.6561613314447304,6.56269592476489,5.231974921630094,1.1403454545449292,12.54379999999422,117,0.16572237960339944,20,97,0.8290598290598291,11,0.09401709401709402,11,0.09401709401709402,1.5580736543909348,,11,0,"{""backup_switch_exact"": 11, ""diverge"": 27, ""kg_follow"": 57, ""kg_plan"": 189, ""kg_relaxed"": 365, ""ood"": 57}","{""backup_switch_exact"": 11, ""diverged_replan_required"": 106, ""follow_expected"": 56}","{""backup_switch_exact"": 11}","{""bktree_rejected"": 57, ""exact"": 649}",completed
sce2m_etg_run_0072,ETG-only,MarineMicro_MvsM_4_dist_mirror,sce-2m,rank04_trial0046_ms_fz050,rank04_trial0046,4,46,fixed_pool_multi_step_switch_fuzzy050,0,C:\Users\Binich\PycharmProjects\PredictionRTS\output\learner_results\all_data\ETG-only\sce2m_etg_run_0072\final_eval\fixed_pool_switch_pair_fpsw_0625_093920\rank04_trial0046\ms_fz050,50,707,33.48,15.229187872808783,33.48,15.229187872808783,0.94,3,178,97,77,16,0,330,3390,46.676096181046674,-0.011325015332108095,13.993111155358898,0.25913966942150496,0.11530322137580984,594,84.01697312588402,0.9190516835016435,0.7551702614977752,545.9166999999762,0.7721594059405604,8.813131313131313,6.755892255892256,1.0651375000005903,17.042200000009444,171,0.24186704384724186,29,142,0.8304093567251462,19,0.1111111111111111,16,0.0935672514619883,2.263083451202263,,16,0,"{""backup_switch_exact"": 16, ""diverge"": 77, ""kg_follow"": 97, ""kg_plan"": 178, ""kg_relaxed"": 242, ""ood"": 97}","{""backup_switch_exact"": 19, ""diverged_replan_required"": 152, ""follow_expected"": 105}","{""backup_switch_exact"": 16}","{""bktree_rejected"": 97, ""exact"": 610}",completed
sce2m_etg_run_0072,ETG-only,MarineMicro_MvsM_4_dist_mirror,sce-2m,rank05_trial0069_ms_ns,rank05_trial0069,5,69,fixed_pool_multi_step_no_switch,0,C:\Users\Binich\PycharmProjects\PredictionRTS\output\learner_results\all_data\ETG-only\sce2m_etg_run_0072\final_eval\fixed_pool_switch_pair_fpsw_0625_093920\rank05_trial0069\ms_ns,50,700,46.26,14.228184159962083,46.26,14.228184159962083,1.0,0,189,75,125,0,0,369,3506,52.714285714285715,-0.2302325903136875,13.131804420992584,0.24934363636377424,0.09049932645560728,667,95.28571428571429,0.8411601199400537,0.7031038457630262,561.0538000000158,0.8015054285714511,8.562218890554723,6.820089955022489,,0.0,239,0.3414285714285714,43,196,0.8200836820083682,38,0.1589958158995816,0,0.0,0.0,,0,0,"{""diverge"": 125, ""fallback"": 3, ""kg_follow"": 75, ""kg_plan"": 189, ""kg_relaxed"": 275, ""ood"": 33}","{""diverged_replan_required"": 239, ""follow_expected"": 58}",{},"{""bktree_rejected"": 33, ""exact"": 667}",completed
sce2m_etg_run_0072,ETG-only,MarineMicro_MvsM_4_dist_mirror,sce-2m,rank05_trial0069_ms_ex,rank05_trial0069,5,69,fixed_pool_multi_step_switch_exact,0,C:\Users\Binich\PycharmProjects\PredictionRTS\output\learner_results\all_data\ETG-only\sce2m_etg_run_0072\final_eval\fixed_pool_switch_pair_fpsw_0625_093920\rank05_trial0069\ms_ex,50,703,42.6,13.834296335630548,42.6,13.834296335630548,1.0,0,199,67,63,33,0,335,3158,47.652916073968704,-0.2551241262534147,14.816577707409753,0.24936931034497237,0.10292033161827649,621,88.33570412517781,0.7802898550724182,0.6924160745535873,484.5599999999717,0.68927453769555,7.855072463768116,6.299516908212561,1.6624878787874287,54.86209999998515,177,0.25177809388335703,47,130,0.7344632768361582,36,0.2033898305084746,33,0.1864406779661017,4.694167852062589,,33,0,"{""backup_switch_exact"": 33, ""diverge"": 63, ""fallback"": 2, ""kg_follow"": 67, ""kg_plan"": 199, ""kg_relaxed"": 290, ""ood"": 49}","{""backup_switch_exact"": 36, ""diverged_replan_required"": 141, ""follow_expected"": 63}","{""backup_switch_exact"": 33}","{""bktree_rejected"": 49, ""exact"": 654}",completed
sce2m_etg_run_0072,ETG-only,MarineMicro_MvsM_4_dist_mirror,sce-2m,rank05_trial0069_ms_fz020,rank05_trial0069,5,69,fixed_pool_multi_step_switch_fuzzy020,0,C:\Users\Binich\PycharmProjects\PredictionRTS\output\learner_results\all_data\ETG-only\sce2m_etg_run_0072\final_eval\fixed_pool_switch_pair_fpsw_0625_093920\rank05_trial0069\ms_fz020,50,706,41.46,13.856715751886211,41.46,13.856715751886211,1.0,0,212,69,63,38,0,356,3184,50.42492917847026,-0.25309993357910315,14.49058213463149,0.2705404181185281,0.06734583148202723,631,89.37677053824362,0.8390426307448764,0.7354061821868885,529.435900000017,0.749909206798891,7.958795562599049,6.4120443740095086,1.7362026315788794,65.97569999999742,156,0.22096317280453256,49,107,0.6858974358974359,40,0.2564102564102564,38,0.24358974358974358,5.38243626062323,,38,0,"{""backup_switch_exact"": 38, ""diverge"": 63, ""kg_follow"": 69, ""kg_plan"": 212, ""kg_relaxed"": 287, ""ood"": 37}","{""backup_switch_exact"": 40, ""diverged_replan_required"": 116, ""follow_expected"": 69}","{""backup_switch_exact"": 38}","{""bktree_rejected"": 37, ""exact"": 669}",completed
sce2m_etg_run_0072,ETG-only,MarineMicro_MvsM_4_dist_mirror,sce-2m,rank05_trial0069_ms_fz050,rank05_trial0069,5,69,fixed_pool_multi_step_switch_fuzzy050,0,C:\Users\Binich\PycharmProjects\PredictionRTS\output\learner_results\all_data\ETG-only\sce2m_etg_run_0072\final_eval\fixed_pool_switch_pair_fpsw_0625_093920\rank05_trial0069\ms_fz050,50,699,53.46,5.0958566602722275,53.46,5.0958566602722275,1.0,0,226,67,105,29,0,412,3784,58.94134477825465,-0.21124743049280906,12.557405998942915,0.24266450216449945,0.05851612148418363,629,89.9856938483548,0.9131661367249537,0.7136762291889092,574.3814999999959,0.8217188841201658,9.310015898251192,7.373608903020668,4.715768965517278,136.75730000000107,264,0.3776824034334764,45,219,0.8295454545454546,29,0.10984848484848485,29,0.10984848484848485,4.148783977110157,,29,0,"{""backup_switch_exact"": 29, ""diverge"": 105, ""kg_follow"": 67, ""kg_plan"": 226, ""kg_relaxed"": 231, ""ood"": 41}","{""backup_switch_exact"": 29, ""diverged_replan_required"": 235, ""follow_expected"": 56}","{""backup_switch_exact"": 29}","{""bktree_rejected"": 41, ""exact"": 658}",completed
sce2m_etg_run_0072,ETG-only,MarineMicro_MvsM_4_dist_mirror,sce-2m,rank06_trial0167_ms_ns,rank06_trial0167,6,167,fixed_pool_multi_step_no_switch,0,C:\Users\Binich\PycharmProjects\PredictionRTS\output\learner_results\all_data\ETG-only\sce2m_etg_run_0072\final_eval\fixed_pool_switch_pair_fpsw_0625_093920\rank06_trial0167\ms_ns,50,708,42.9,17.93099016126174,42.9,17.93099016126174,0.98,1,184,66,145,0,0,378,3184,53.389830508474574,-0.23334546095048814,13.03021816896985,0.25326678832111416,0.05563572809743435,671,94.77401129943503,0.7824402384502298,0.6218081027993239,525.0174000001042,0.7415500000001471,7.612518628912071,5.871833084947839,,0.0,237,0.3347457627118644,43,194,0.8185654008438819,32,0.1350210970464135,0,0.0,0.0,,0,0,"{""diverge"": 145, ""fallback"": 2, ""kg_follow"": 66, ""kg_plan"": 184, ""kg_relaxed"": 274, ""ood"": 37}","{""diverged_replan_required"": 237, ""follow_expected"": 57}",{},"{""bktree_rejected"": 37, ""exact"": 671}",completed
sce2m_etg_run_0072,ETG-only,MarineMicro_MvsM_4_dist_mirror,sce-2m,rank06_trial0167_ms_ex,rank06_trial0167,6,167,fixed_pool_multi_step_switch_exact,0,C:\Users\Binich\PycharmProjects\PredictionRTS\output\learner_results\all_data\ETG-only\sce2m_etg_run_0072\final_eval\fixed_pool_switch_pair_fpsw_0625_093920\rank06_trial0167\ms_ex,50,696,54.12,4.847216748205266,54.12,4.847216748205266,1.0,0,220,73,89,26,0,389,3169,55.89080459770115,-0.22873635232491432,12.99809782265699,0.21433703703696927,0.1137831645716695,625,89.79885057471265,0.7600102399999913,0.5895928630215577,475.0063999999945,0.6824804597701071,7.9936,6.2272,1.4923807692306732,38.8018999999975,230,0.33045977011494254,35,195,0.8478260869565217,27,0.11739130434782609,26,0.11304347826086956,3.735632183908046,,26,0,"{""backup_switch_exact"": 26, ""diverge"": 89, ""kg_follow"": 73, ""kg_plan"": 220, ""kg_relaxed"": 243, ""ood"": 45}","{""backup_switch_exact"": 27, ""diverged_replan_required"": 203, ""follow_expected"": 61}","{""backup_switch_exact"": 26}","{""bktree_rejected"": 45, ""exact"": 651}",completed
sce2m_etg_run_0072,ETG-only,MarineMicro_MvsM_4_dist_mirror,sce-2m,rank06_trial0167_ms_fz020,rank06_trial0167,6,167,fixed_pool_multi_step_switch_fuzzy020,0,C:\Users\Binich\PycharmProjects\PredictionRTS\output\learner_results\all_data\ETG-only\sce2m_etg_run_0072\final_eval\fixed_pool_switch_pair_fpsw_0625_093920\rank06_trial0167\ms_fz020,50,700,52.14,6.5807697583371585,52.14,6.5807697583371585,1.0,0,236,75,95,31,0,414,3323,59.142857142857146,-0.2183575338676327,12.702201915939412,0.2488468749998989,0.06664948463294715,630,90.0,0.8743926984126329,0.6541129828876706,550.8673999999587,0.7869534285713696,8.296825396825398,6.415873015873016,1.6455096774191336,51.01079999999314,226,0.32285714285714284,41,185,0.8185840707964602,31,0.13716814159292035,31,0.13716814159292035,4.428571428571429,,31,0,"{""backup_switch_exact"": 31, ""diverge"": 95, ""kg_follow"": 75, ""kg_plan"": 236, ""kg_relaxed"": 224, ""ood"": 39}","{""backup_switch_exact"": 31, ""diverged_replan_required"": 195, ""follow_expected"": 64}","{""backup_switch_exact"": 31}","{""bktree_rejected"": 39, ""exact"": 661}",completed
sce2m_etg_run_0072,ETG-only,MarineMicro_MvsM_4_dist_mirror,sce-2m,rank06_trial0167_ms_fz050,rank06_trial0167,6,167,fixed_pool_multi_step_switch_fuzzy050,0,C:\Users\Binich\PycharmProjects\PredictionRTS\output\learner_results\all_data\ETG-only\sce2m_etg_run_0072\final_eval\fixed_pool_switch_pair_fpsw_0625_093920\rank06_trial0167\ms_fz050,50,700,51.9,5.463235193135127,51.9,5.463235193135127,1.0,0,225,71,94,35,0,399,3213,57.0,-0.2256797476026708,13.245464705882352,0.2905455357142341,0.10557419373872545,614,87.71428571428571,0.9406493485341282,0.6819644931206198,577.5586999999547,0.8250838571427924,8.289902280130294,6.469055374592834,1.6999685714286576,59.49890000000302,226,0.32285714285714284,41,185,0.8185840707964602,37,0.16371681415929204,35,0.15486725663716813,5.0,,35,0,"{""backup_switch_exact"": 35, ""diverge"": 94, ""kg_follow"": 71, ""kg_plan"": 225, ""kg_relaxed"": 224, ""ood"": 51}","{""backup_switch_exact"": 37, ""diverged_replan_required"": 189, ""follow_expected"": 60}","{""backup_switch_exact"": 35}","{""bktree_rejected"": 51, ""exact"": 649}",completed
sce2m_etg_run_0072,ETG-only,MarineMicro_MvsM_4_dist_mirror,sce-2m,rank07_trial0097_ms_ns,rank07_trial0097,7,97,fixed_pool_multi_step_no_switch,0,C:\Users\Binich\PycharmProjects\PredictionRTS\output\learner_results\all_data\ETG-only\sce2m_etg_run_0072\final_eval\fixed_pool_switch_pair_fpsw_0625_093920\rank07_trial0097\ms_ns,50,707,34.8,9.754120008635178,34.8,9.754120008635178,1.0,0,144,108,110,0,0,324,4156,45.82743988684583,-0.014065851709119311,12.627246126082772,0.3165710526315934,0.8184739636681971,591,83.5926449787836,1.1149531302875575,0.9185576528889817,658.9372999999465,0.9320188118811125,11.456852791878173,8.255499153976311,,0.0,199,0.2814710042432815,45,154,0.7738693467336684,41,0.20603015075376885,0,0.0,0.0,,0,0,"{""diverge"": 110, ""fallback"": 1, ""kg_follow"": 108, ""kg_plan"": 144, ""kg_relaxed"": 228, ""ood"": 116}","{""diverged_replan_required"": 199, ""follow_expected"": 129}",{},"{""bktree_rejected"": 116, ""exact"": 591}",completed
sce2m_etg_run_0072,ETG-only,MarineMicro_MvsM_4_dist_mirror,sce-2m,rank07_trial0097_ms_ex,rank07_trial0097,7,97,fixed_pool_multi_step_switch_exact,0,C:\Users\Binich\PycharmProjects\PredictionRTS\output\learner_results\all_data\ETG-only\sce2m_etg_run_0072\final_eval\fixed_pool_switch_pair_fpsw_0625_093920\rank07_trial0097\ms_ex,50,701,46.56,11.583168647583758,46.56,11.583168647583758,1.0,0,204,93,74,50,0,385,4775,54.92154065620542,-0.013429751374237468,11.076869972076791,0.29198243243251415,0.16588053927421198,593,84.59343794579172,1.8346807757167065,15.555718013239908,1087.965700000007,1.5520195435092825,11.596964586846543,8.750421585160202,2.1038459999999404,105.19229999999702,250,0.3566333808844508,62,188,0.752,50,0.2,50,0.2,7.132667617689016,,50,0,"{""backup_switch_exact"": 50, ""diverge"": 74, ""kg_follow"": 93, ""kg_plan"": 204, ""kg_relaxed"": 222, ""ood"": 58}","{""backup_switch_exact"": 50, ""diverged_replan_required"": 200, ""follow_expected"": 109}","{""backup_switch_exact"": 50}","{""bktree_rejected"": 58, ""exact"": 643}",completed
sce2m_etg_run_0072,ETG-only,MarineMicro_MvsM_4_dist_mirror,sce-2m,rank07_trial0097_ms_fz020,rank07_trial0097,7,97,fixed_pool_multi_step_switch_fuzzy020,0,C:\Users\Binich\PycharmProjects\PredictionRTS\output\learner_results\all_data\ETG-only\sce2m_etg_run_0072\final_eval\fixed_pool_switch_pair_fpsw_0625_093920\rank07_trial0097\ms_fz020,50,705,43.02,17.583027530628993,43.02,17.583027530628993,0.96,2,196,97,81,46,0,391,4774,55.46099290780142,-0.013633468559811656,10.830757582739842,0.2965369369368803,0.05603542581465366,598,84.822695035461,2.63527207357862,24.514487149707996,1575.8927000000149,2.2353087943262624,11.573578595317725,8.750836120401338,2.163250000000153,99.50950000000702,245,0.3475177304964539,56,189,0.7714285714285715,46,0.18775510204081633,46,0.18775510204081633,6.524822695035461,,46,0,"{""backup_switch_exact"": 46, ""diverge"": 81, ""fallback"": 2, ""kg_follow"": 97, ""kg_plan"": 196, ""kg_relaxed"": 222, ""ood"": 61}","{""backup_switch_exact"": 46, ""diverged_replan_required"": 199, ""follow_expected"": 110}","{""backup_switch_exact"": 46}","{""bktree_rejected"": 61, ""exact"": 644}",completed
sce2m_etg_run_0072,ETG-only,MarineMicro_MvsM_4_dist_mirror,sce-2m,rank07_trial0097_ms_fz050,rank07_trial0097,7,97,fixed_pool_multi_step_switch_fuzzy050,0,C:\Users\Binich\PycharmProjects\PredictionRTS\output\learner_results\all_data\ETG-only\sce2m_etg_run_0072\final_eval\fixed_pool_switch_pair_fpsw_0625_093920\rank07_trial0097\ms_fz050,50,699,54.72,5.091168824543142,54.72,5.091168824543142,1.0,0,210,88,103,67,0,460,5028,65.80829756795423,-0.012806913710784323,11.229211909970829,0.2815587939698243,0.08706153292780566,600,85.83690987124463,1.2069353333334032,0.9045847352368105,724.161200000042,1.0359959942775994,12.088333333333333,9.101666666666667,1.7613895522385505,118.01309999998288,308,0.4406294706723891,92,216,0.7012987012987013,69,0.22402597402597402,67,0.21753246753246752,9.585121602288984,,67,0,"{""backup_switch_exact"": 67, ""diverge"": 103, ""kg_follow"": 88, ""kg_plan"": 210, ""kg_relaxed"": 199, ""ood"": 32}","{""backup_switch_exact"": 69, ""diverged_replan_required"": 239, ""follow_expected"": 76}","{""backup_switch_exact"": 67}","{""bktree_rejected"": 32, ""exact"": 667}",completed
sce2m_etg_run_0072,ETG-only,MarineMicro_MvsM_4_dist_mirror,sce-2m,rank08_trial0053_ms_ns,rank08_trial0053,8,53,fixed_pool_multi_step_no_switch,0,C:\Users\Binich\PycharmProjects\PredictionRTS\output\learner_results\all_data\ETG-only\sce2m_etg_run_0072\final_eval\fixed_pool_switch_pair_fpsw_0625_093920\rank08_trial0053\ms_ns,50,708,43.68,13.322437725085281,43.68,13.322437725085281,1.0,0,199,73,139,0,0,389,3681,54.943502824858754,-0.010342047501433154,8.140158747622928,0.27659958158995296,0.05644027816928437,650,91.80790960451978,0.9166460000000307,0.7128925128056756,595.81990000002,0.8415535310734745,8.383076923076922,6.273846153846153,,0.0,249,0.3516949152542373,45,204,0.8192771084337349,34,0.13654618473895583,0,0.0,0.0,,0,0,"{""diverge"": 139, ""kg_follow"": 73, ""kg_plan"": 199, ""kg_relaxed"": 239, ""ood"": 58}","{""diverged_replan_required"": 249, ""follow_expected"": 66}",{},"{""bktree_rejected"": 58, ""exact"": 650}",completed
sce2m_etg_run_0072,ETG-only,MarineMicro_MvsM_4_dist_mirror,sce-2m,rank08_trial0053_ms_ex,rank08_trial0053,8,53,fixed_pool_multi_step_switch_exact,0,C:\Users\Binich\PycharmProjects\PredictionRTS\output\learner_results\all_data\ETG-only\sce2m_etg_run_0072\final_eval\fixed_pool_switch_pair_fpsw_0625_093920\rank08_trial0053\ms_ex,50,697,49.08,5.8687689492424076,49.08,5.8687689492424076,1.0,0,198,53,165,11,0,414,4159,59.3974175035868,-0.007459984707756966,7.777489861344874,0.27401198347127054,0.05751236400536267,658,94.40459110473458,0.8868071428571163,0.6788295753606262,583.5190999999825,0.83718665710184,8.49696048632219,6.343465045592705,1.3596454545456993,14.956100000002692,292,0.41893830703012913,69,223,0.7636986301369864,11,0.03767123287671233,11,0.03767123287671233,1.5781922525107603,,11,0,"{""backup_switch_exact"": 11, ""diverge"": 165, ""kg_follow"": 53, ""kg_plan"": 198, ""kg_relaxed"": 242, ""ood"": 28}","{""backup_switch_exact"": 11, ""diverged_replan_required"": 281, ""follow_expected"": 53}","{""backup_switch_exact"": 11}","{""bktree_rejected"": 28, ""exact"": 669}",completed
sce2m_etg_run_0072,ETG-only,MarineMicro_MvsM_4_dist_mirror,sce-2m,rank08_trial0053_ms_fz020,rank08_trial0053,8,53,fixed_pool_multi_step_switch_fuzzy020,0,C:\Users\Binich\PycharmProjects\PredictionRTS\output\learner_results\all_data\ETG-only\sce2m_etg_run_0072\final_eval\fixed_pool_switch_pair_fpsw_0625_093920\rank08_trial0053\ms_fz020,50,700,51.18,7.0528326918757855,51.18,7.0528326918757855,1.0,0,245,74,90,36,0,422,3951,60.285714285714285,-0.006677798403436539,7.553105378385219,0.2818616822430814,0.061084772381229946,623,89.0,0.9762971107544249,0.7241636582392073,608.2331000000067,0.8689044285714382,8.858747993579454,6.648475120385233,1.718283333333274,61.858199999997865,235,0.3357142857142857,41,194,0.825531914893617,37,0.1574468085106383,36,0.15319148936170213,5.142857142857143,,36,0,"{""backup_switch_exact"": 36, ""diverge"": 90, ""kg_follow"": 74, ""kg_plan"": 245, ""kg_relaxed"": 214, ""ood"": 41}","{""backup_switch_exact"": 37, ""diverged_replan_required"": 198, ""follow_expected"": 66}","{""backup_switch_exact"": 36}","{""bktree_rejected"": 41, ""exact"": 659}",completed
sce2m_etg_run_0072,ETG-only,MarineMicro_MvsM_4_dist_mirror,sce-2m,rank08_trial0053_ms_fz050,rank08_trial0053,8,53,fixed_pool_multi_step_switch_fuzzy050,0,C:\Users\Binich\PycharmProjects\PredictionRTS\output\learner_results\all_data\ETG-only\sce2m_etg_run_0072\final_eval\fixed_pool_switch_pair_fpsw_0625_093920\rank08_trial0053\ms_fz050,50,698,49.8,5.421047417431508,49.8,5.421047417431508,1.0,0,199,53,181,11,0,432,4365,61.891117478510026,-0.007279842988227822,7.725787899961817,0.2902004784688564,0.05803224857580397,642,91.97707736389685,0.9600744548287059,0.6820529883215463,616.3678000000292,0.8830484240688098,9.062305295950155,6.710280373831775,1.5056636363635079,16.562299999998586,333,0.47707736389684813,65,268,0.8048048048048048,14,0.042042042042042045,11,0.03303303303303303,1.5759312320916905,,11,0,"{""backup_switch_exact"": 11, ""diverge"": 181, ""kg_follow"": 53, ""kg_plan"": 199, ""kg_relaxed"": 209, ""ood"": 45}","{""backup_switch_exact"": 14, ""diverged_replan_required"": 319, ""follow_expected"": 51}","{""backup_switch_exact"": 11}","{""bktree_rejected"": 45, ""exact"": 653}",completed
sce3_etg_run_0070,ETG-only,MarineMicro_MvsM_8,sce-3,rank01_trial0193_ms_ns,rank01_trial0193,1,193,fixed_pool_multi_step_no_switch,0,C:\Users\Binich\PycharmProjects\PredictionRTS\output\learner_results\all_data\ETG-only\sce3_etg_run_0070\final_eval\fixed_pool_switch_pair_fpsw_0625_093920\rank01_trial0193\ms_ns,50,1342,49.56,24.888453186986457,49.56,24.888453186986457,0.96,2,92,58,260,0,0,380,3022,28.315946348733235,-0.025962383691089504,-4.03472719501434,0.25448913043452814,0.0574704957272167,467,34.79880774962742,0.7713207708781884,0.48848822181400464,360.20680000011396,0.268410432190845,10.578158458244111,5.548179871520342,,0.0,545,0.4061102831594635,89,456,0.8366972477064221,70,0.12844036697247707,0,0.0,0.0,,0,0,"{""diverge"": 260, ""fallback"": 11, ""kg_follow"": 58, ""kg_plan"": 92, ""kg_relaxed"": 46, ""ood"": 875}","{""diverged_replan_required"": 545, ""follow_expected"": 431}",{},"{""bktree_rejected"": 875, ""exact"": 467}",completed
sce3_etg_run_0070,ETG-only,MarineMicro_MvsM_8,sce-3,rank01_trial0193_ms_ex,rank01_trial0193,1,193,fixed_pool_multi_step_switch_exact,0,C:\Users\Binich\PycharmProjects\PredictionRTS\output\learner_results\all_data\ETG-only\sce3_etg_run_0070\final_eval\fixed_pool_switch_pair_fpsw_0625_093920\rank01_trial0193\ms_ex,50,1308,53.58,23.419066015988438,53.58,23.419066015988438,0.96,2,109,50,189,18,0,344,2934,26.299694189602448,-0.029927087536628698,-3.7913510906612133,0.2434999999981493,0.06855218058678221,399,30.504587155963304,0.7616052631577834,0.34429063690546285,303.8804999999556,0.23232454128436972,10.666666666666666,5.644110275689223,0.7657388888884972,13.783299999992948,492,0.3761467889908257,39,453,0.9207317073170732,29,0.05894308943089431,18,0.036585365853658534,1.3761467889908257,,18,0,"{""backup_switch_exact"": 18, ""diverge"": 189, ""fallback"": 9, ""kg_follow"": 50, ""kg_plan"": 109, ""kg_relaxed"": 42, ""ood"": 891}","{""backup_switch_exact"": 29, ""diverged_replan_required"": 463, ""follow_expected"": 328}","{""backup_switch_exact"": 18}","{""bktree_rejected"": 891, ""exact"": 417}",completed
sce3_etg_run_0070,ETG-only,MarineMicro_MvsM_8,sce-3,rank01_trial0193_ms_fz020,rank01_trial0193,1,193,fixed_pool_multi_step_switch_fuzzy020,0,C:\Users\Binich\PycharmProjects\PredictionRTS\output\learner_results\all_data\ETG-only\sce3_etg_run_0070\final_eval\fixed_pool_switch_pair_fpsw_0625_093920\rank01_trial0193\ms_fz020,50,1321,52.74,21.90406727677091,52.74,21.90406727677091,0.96,2,102,49,218,33,0,396,3318,29.977289931869795,-0.022739154844598375,-4.698847694394213,0.24678108108076144,0.04767776582946728,414,31.33989401968206,0.7964625603864176,0.6256892477073525,329.73549999997687,0.24961052233154948,10.852657004830919,5.77536231884058,0.8947151515151359,29.525599999999486,488,0.36941710825132473,48,440,0.9016393442622951,42,0.0860655737704918,33,0.06762295081967214,2.498107494322483,,33,0,"{""backup_switch_exact"": 33, ""diverge"": 218, ""fallback"": 8, ""kg_follow"": 49, ""kg_plan"": 102, ""kg_relaxed"": 37, ""ood"": 874}","{""backup_switch_exact"": 42, ""diverged_replan_required"": 446, ""follow_expected"": 503}","{""backup_switch_exact"": 33}","{""bktree_rejected"": 874, ""exact"": 447}",completed
sce3_etg_run_0070,ETG-only,MarineMicro_MvsM_8,sce-3,rank01_trial0193_ms_fz050,rank01_trial0193,1,193,fixed_pool_multi_step_switch_fuzzy050,0,C:\Users\Binich\PycharmProjects\PredictionRTS\output\learner_results\all_data\ETG-only\sce3_etg_run_0070\final_eval\fixed_pool_switch_pair_fpsw_0625_093920\rank01_trial0193\ms_fz050,50,1337,54.42,21.70120846818425,54.42,21.70120846818425,0.98,1,114,57,220,21,2,398,3279,29.768137621540763,-0.02516252741025031,-4.569557924163871,0.2557153846157762,0.06424169222779573,435,32.53552729992521,0.7932059770115955,0.35397840851803386,345.044600000044,0.25807374719524606,10.866666666666667,5.850574712643678,0.8889739130442882,20.446400000018627,504,0.3769633507853403,50,454,0.9007936507936508,37,0.07341269841269842,23,0.04563492063492063,1.7202692595362752,0.15505596644205008,23,0,"{""backup_switch_exact"": 21, ""backup_switch_fuzzy"": 2, ""diverge"": 220, ""fallback"": 5, ""kg_follow"": 57, ""kg_plan"": 114, ""kg_relaxed"": 39, ""ood"": 879}","{""backup_switch_exact"": 37, ""backup_switch_fuzzy"": 2, ""diverged_replan_required"": 465, ""follow_expected"": 426}","{""backup_switch_exact"": 21, ""backup_switch_fuzzy"": 2}","{""bktree_rejected"": 879, ""exact"": 458}",completed
sce3_etg_run_0070,ETG-only,MarineMicro_MvsM_8,sce-3,rank02_trial0115_ms_ns,rank02_trial0115,2,115,fixed_pool_multi_step_no_switch,0,C:\Users\Binich\PycharmProjects\PredictionRTS\output\learner_results\all_data\ETG-only\sce3_etg_run_0070\final_eval\fixed_pool_switch_pair_fpsw_0625_093920\rank02_trial0115\ms_ns,50,1494,51.66,24.74078678240134,51.78,24.498471422536067,0.92,3,124,48,112,0,0,295,1264,19.745649263721553,-0.015457547995657038,-8.088466976529537,0.2661854609924077,0.04601497707540048,596,39.892904953145916,0.42295167785230847,0.2673122983596519,252.07919999997586,0.16872771084335733,4.506711409395973,2.3573825503355703,,0.0,343,0.22958500669344042,32,311,0.9067055393586005,29,0.08454810495626822,0,0.0,0.0,,0,0,"{""diverge"": 112, ""fallback"": 30, ""kg_follow"": 48, ""kg_plan"": 124, ""kg_relaxed"": 282, ""ood"": 898}","{""diverged_replan_required"": 343, ""follow_expected"": 348}",{},"{""bktree_rejected"": 898, ""exact"": 596}",completed
sce3_etg_run_0070,ETG-only,MarineMicro_MvsM_8,sce-3,rank02_trial0115_ms_ex,rank02_trial0115,2,115,fixed_pool_multi_step_switch_exact,0,C:\Users\Binich\PycharmProjects\PredictionRTS\output\learner_results\all_data\ETG-only\sce3_etg_run_0070\final_eval\fixed_pool_switch_pair_fpsw_0625_093920\rank02_trial0115\ms_ex,50,1306,54.54,18.330536583214673,54.54,18.330536583214673,0.98,1,117,51,87,12,0,264,1036,20.21439509954058,-0.011870427405818621,-10.666878346203346,0.2581000000004772,0.19549159615349912,371,28.407350689127107,0.45817035040414644,0.24771926489382556,169.98119999993833,0.13015405819290837,5.8544474393531,2.7277628032345014,0.6493750000018395,7.792500000022073,297,0.22741194486983154,16,281,0.9461279461279462,12,0.04040404040404041,12,0.04040404040404041,0.9188361408882083,,12,0,"{""backup_switch_exact"": 12, ""diverge"": 87, ""fallback"": 19, ""kg_follow"": 51, ""kg_plan"": 117, ""kg_relaxed"": 97, ""ood"": 923}","{""backup_switch_exact"": 12, ""diverged_replan_required"": 285, ""follow_expected"": 538}","{""backup_switch_exact"": 12}","{""bktree_rejected"": 923, ""exact"": 383}",completed
sce3_etg_run_0070,ETG-only,MarineMicro_MvsM_8,sce-3,rank02_trial0115_ms_fz020,rank02_trial0115,2,115,fixed_pool_multi_step_switch_fuzzy020,0,C:\Users\Binich\PycharmProjects\PredictionRTS\output\learner_results\all_data\ETG-only\sce3_etg_run_0070\final_eval\fixed_pool_switch_pair_fpsw_0625_093920\rank02_trial0115\ms_fz020,50,1267,56.7,14.687562418451824,56.7,14.687562418451824,1.0,0,113,36,94,3,0,266,1061,20.994475138121548,-0.018748930436752055,-9.890341336789193,0.2859285714284393,0.05876125661054401,387,30.544593528018943,0.4901759689926548,0.24806550878524497,189.6981000001574,0.14972225730083458,5.532299741602067,2.702842377260982,0.6638333333318277,1.991499999995483,341,0.2691397000789266,10,331,0.9706744868035191,3,0.008797653958944282,3,0.008797653958944282,0.23677979479084452,,3,0,"{""backup_switch_exact"": 3, ""diverge"": 94, ""fallback"": 25, ""kg_follow"": 36, ""kg_plan"": 113, ""kg_relaxed"": 119, ""ood"": 877}","{""backup_switch_exact"": 3, ""diverged_replan_required"": 338, ""follow_expected"": 457}","{""backup_switch_exact"": 3}","{""bktree_rejected"": 877, ""exact"": 390}",completed
sce3_etg_run_0070,ETG-only,MarineMicro_MvsM_8,sce-3,rank02_trial0115_ms_fz050,rank02_trial0115,2,115,fixed_pool_multi_step_switch_fuzzy050,0,C:\Users\Binich\PycharmProjects\PredictionRTS\output\learner_results\all_data\ETG-only\sce3_etg_run_0070\final_eval\fixed_pool_switch_pair_fpsw_0625_093920\rank02_trial0115\ms_fz050,50,1291,50.7,21.447848472087653,50.7,21.447848472087653,0.94,3,100,53,110,9,0,290,1120,22.46320681642138,-0.010443240387719216,-10.049512611607144,0.285261111111939,0.06330299652926169,384,29.744384198295894,0.5693986979164826,0.301956925884661,218.64909999992932,0.16936413632837283,6.229166666666667,2.9765625,0.879966666666121,7.919699999995089,367,0.284275755228505,17,350,0.9536784741144414,11,0.02997275204359673,9,0.02452316076294278,0.69713400464756,,9,0,"{""backup_switch_exact"": 9, ""diverge"": 110, ""fallback"": 31, ""kg_follow"": 53, ""kg_plan"": 100, ""kg_relaxed"": 90, ""ood"": 898}","{""backup_switch_exact"": 11, ""diverged_replan_required"": 356, ""follow_expected"": 480}","{""backup_switch_exact"": 9}","{""bktree_rejected"": 898, ""exact"": 393}",completed
sce3_etg_run_0070,ETG-only,MarineMicro_MvsM_8,sce-3,rank03_trial0001_ms_ns,rank03_trial0001,3,1,fixed_pool_multi_step_no_switch,0,C:\Users\Binich\PycharmProjects\PredictionRTS\output\learner_results\all_data\ETG-only\sce3_etg_run_0070\final_eval\fixed_pool_switch_pair_fpsw_0625_093920\rank03_trial0001\ms_ns,50,1339,54.24,19.39341356739237,54.24,19.39341356739237,0.98,1,153,62,235,0,0,423,5265,31.59073935772965,-0.05262773790883153,9.886468695789807,0.25901250000135434,0.059465953144066046,506,37.789395070948466,1.301534782608225,0.7531413385132796,658.5765999997619,0.4918421209856325,15.715415019762846,10.776679841897232,,0.0,531,0.3965646004480956,52,479,0.9020715630885122,35,0.06591337099811675,0,0.0,0.0,,0,0,"{""diverge"": 235, ""fallback"": 16, ""kg_follow"": 62, ""kg_plan"": 153, ""kg_relaxed"": 40, ""ood"": 833}","{""diverged_replan_required"": 531, ""follow_expected"": 402}",{},"{""bktree_rejected"": 833, ""exact"": 506}",completed
sce3_etg_run_0070,ETG-only,MarineMicro_MvsM_8,sce-3,rank03_trial0001_ms_ex,rank03_trial0001,3,1,fixed_pool_multi_step_switch_exact,0,C:\Users\Binich\PycharmProjects\PredictionRTS\output\learner_results\all_data\ETG-only\sce3_etg_run_0070\final_eval\fixed_pool_switch_pair_fpsw_0625_093920\rank03_trial0001\ms_ex,50,1309,60.36,17.394298854885218,60.36,17.394298854885218,0.98,1,132,41,140,8,0,309,3778,23.605805958747137,-0.07450873320955281,12.722199814716781,0.2618382352930085,0.06429488416734284,356,27.19633307868602,1.1322553370783155,0.7485935799879251,403.08289999988034,0.30793193277301784,14.957865168539326,9.76685393258427,2.0196125000007115,16.15690000000569,463,0.3537051184110008,30,433,0.9352051835853131,18,0.038876889848812095,8,0.017278617710583154,0.6111535523300229,,8,0,"{""backup_switch_exact"": 8, ""diverge"": 140, ""fallback"": 9, ""kg_follow"": 41, ""kg_plan"": 132, ""kg_relaxed"": 34, ""ood"": 945}","{""backup_switch_exact"": 18, ""diverged_replan_required"": 445, ""follow_expected"": 246}","{""backup_switch_exact"": 8}","{""bktree_rejected"": 945, ""exact"": 364}",completed
sce3_etg_run_0070,ETG-only,MarineMicro_MvsM_8,sce-3,rank03_trial0001_ms_fz020,rank03_trial0001,3,1,fixed_pool_multi_step_switch_fuzzy020,0,C:\Users\Binich\PycharmProjects\PredictionRTS\output\learner_results\all_data\ETG-only\sce3_etg_run_0070\final_eval\fixed_pool_switch_pair_fpsw_0625_093920\rank03_trial0001\ms_fz020,50,1319,48.9,25.929456891610315,48.9,25.929456891610315,0.92,4,153,43,199,16,0,398,4907,30.17437452615618,-0.08289494071067052,10.86973901229536,0.27967179487102356,0.06031292062328817,443,33.586050037907505,1.3919954853270744,1.0005646514788482,616.6539999998939,0.4675163002273646,15.286681715575622,10.160270880361173,1.9533625000014432,31.25380000002309,592,0.4488248673237301,29,563,0.9510135135135135,18,0.030405405405405407,16,0.02702702702702703,1.2130401819560273,,16,0,"{""backup_switch_exact"": 16, ""diverge"": 199, ""fallback"": 9, ""kg_follow"": 43, ""kg_plan"": 153, ""kg_relaxed"": 39, ""ood"": 860}","{""backup_switch_exact"": 18, ""diverged_replan_required"": 574, ""follow_expected"": 326}","{""backup_switch_exact"": 16}","{""bktree_rejected"": 860, ""exact"": 459}",completed
sce3_etg_run_0070,ETG-only,MarineMicro_MvsM_8,sce-3,rank03_trial0001_ms_fz050,rank03_trial0001,3,1,fixed_pool_multi_step_switch_fuzzy050,0,C:\Users\Binich\PycharmProjects\PredictionRTS\output\learner_results\all_data\ETG-only\sce3_etg_run_0070\final_eval\fixed_pool_switch_pair_fpsw_0625_093920\rank03_trial0001\ms_fz050,50,1315,54.12,27.468453148427322,54.12,27.468453148427322,0.98,1,157,46,176,21,0,385,4821,29.277566539923953,-0.07402626677329488,11.83253496162622,0.2547394736860036,0.06641000632828878,426,32.39543726235741,1.3141826291079166,0.9641834551472483,559.8417999999725,0.4257352091254544,15.18075117370892,10.002347417840376,2.005547619046546,42.116499999977464,573,0.4357414448669201,48,525,0.9162303664921466,35,0.06108202443280977,21,0.03664921465968586,1.596958174904943,,21,0,"{""backup_switch_exact"": 21, ""diverge"": 176, ""fallback"": 9, ""kg_follow"": 46, ""kg_plan"": 157, ""kg_relaxed"": 38, ""ood"": 868}","{""backup_switch_exact"": 35, ""diverged_replan_required"": 538, ""follow_expected"": 298}","{""backup_switch_exact"": 21}","{""bktree_rejected"": 868, ""exact"": 447}",completed
sce3_etg_run_0070,ETG-only,MarineMicro_MvsM_8,sce-3,rank04_trial0056_ms_ns,rank04_trial0056,4,56,fixed_pool_multi_step_no_switch,0,C:\Users\Binich\PycharmProjects\PredictionRTS\output\learner_results\all_data\ETG-only\sce3_etg_run_0070\final_eval\fixed_pool_switch_pair_fpsw_0625_093920\rank04_trial0056\ms_ns,50,1492,51.06,21.432771017052083,50.94,21.739092972461066,0.98,0,147,15,58,0,0,207,1890,13.873994638069705,-0.016945588255766062,-1.6149443298059971,0.25688814589702214,0.05283000763419171,582,39.00804289544236,0.4053470790379394,0.3334062780571235,235.91200000008072,0.15811796246654203,4.443298969072165,2.9398625429553267,,0.0,104,0.06970509383378017,18,86,0.8269230769230769,11,0.10576923076923077,0,0.0,0.0,,0,0,"{""diverge"": 58, ""fallback"": 33, ""kg_follow"": 15, ""kg_plan"": 147, ""kg_relaxed"": 329, ""ood"": 910}","{""diverged_replan_required"": 104, ""follow_expected"": 16}",{},"{""bktree_rejected"": 910, ""exact"": 582}",completed
sce3_etg_run_0070,ETG-only,MarineMicro_MvsM_8,sce-3,rank04_trial0056_ms_ex,rank04_trial0056,4,56,fixed_pool_multi_step_switch_exact,0,C:\Users\Binich\PycharmProjects\PredictionRTS\output\learner_results\all_data\ETG-only\sce3_etg_run_0070\final_eval\fixed_pool_switch_pair_fpsw_0625_093920\rank04_trial0056\ms_ex,50,1469,53.22,22.829706748096473,53.64,22.00905194112047,0.96,1,139,7,56,16,0,216,2016,14.703880190605854,-0.02161993525599089,-1.4345646660052913,0.2809547008539214,0.05949594352028782,462,31.4499659632403,0.4687974025975302,0.3589259960855246,216.58440000005896,0.14743662355347786,5.35064935064935,3.4675324675324677,0.8878687500009086,14.205900000014537,120,0.08168822328114364,23,97,0.8083333333333333,17,0.14166666666666666,16,0.13333333333333333,1.0891763104152485,,16,0,"{""backup_switch_exact"": 16, ""diverge"": 56, ""fallback"": 26, ""kg_follow"": 7, ""kg_plan"": 139, ""kg_relaxed"": 234, ""ood"": 991}","{""backup_switch_exact"": 17, ""diverged_replan_required"": 103, ""follow_expected"": 6}","{""backup_switch_exact"": 16}","{""bktree_rejected"": 991, ""exact"": 478}",completed
sce3_etg_run_0070,ETG-only,MarineMicro_MvsM_8,sce-3,rank04_trial0056_ms_fz020,rank04_trial0056,4,56,fixed_pool_multi_step_switch_fuzzy020,0,C:\Users\Binich\PycharmProjects\PredictionRTS\output\learner_results\all_data\ETG-only\sce3_etg_run_0070\final_eval\fixed_pool_switch_pair_fpsw_0625_093920\rank04_trial0056\ms_fz020,50,1297,52.08,24.91441677553994,52.08,24.91441677553994,0.96,2,147,6,60,8,0,223,2024,17.193523515805705,-0.020367965602207945,-1.343194186429513,0.25426686746995697,0.057779176692563945,411,31.688511950655357,0.47724257907514894,0.3379323465444792,196.1466999998862,0.15123107170384442,6.004866180048662,3.8710462287104623,0.8070875000019129,6.456700000015303,120,0.09252120277563608,18,102,0.85,13,0.10833333333333334,8,0.06666666666666667,0.6168080185042406,,8,0,"{""backup_switch_exact"": 8, ""diverge"": 60, ""fallback"": 32, ""kg_follow"": 6, ""kg_plan"": 147, ""kg_relaxed"": 166, ""ood"": 878}","{""backup_switch_exact"": 13, ""diverged_replan_required"": 107, ""follow_expected"": 5}","{""backup_switch_exact"": 8}","{""bktree_rejected"": 878, ""exact"": 419}",completed
sce3_etg_run_0070,ETG-only,MarineMicro_MvsM_8,sce-3,rank04_trial0056_ms_fz050,rank04_trial0056,4,56,fixed_pool_multi_step_switch_fuzzy050,0,C:\Users\Binich\PycharmProjects\PredictionRTS\output\learner_results\all_data\ETG-only\sce3_etg_run_0070\final_eval\fixed_pool_switch_pair_fpsw_0625_093920\rank04_trial0056\ms_fz050,50,1267,51.48,18.145938995841917,51.48,18.145938995841917,1.0,0,158,10,56,14,0,240,2308,18.94238358326756,-0.013335071490572356,-1.8666846548238019,0.23619102564121947,0.053877403692499465,409,32.28097868981847,0.5081740831294609,0.3598019928128931,207.8431999999495,0.16404356748220164,6.418092909535452,4.178484107579462,0.8857357142854231,12.400299999995923,110,0.08681925808997633,21,89,0.8090909090909091,14,0.12727272727272726,14,0.12727272727272726,1.1049723756906078,,14,0,"{""backup_switch_exact"": 14, ""diverge"": 56, ""fallback"": 29, ""kg_follow"": 10, ""kg_plan"": 158, ""kg_relaxed"": 156, ""ood"": 844}","{""backup_switch_exact"": 14, ""diverged_replan_required"": 96, ""follow_expected"": 6}","{""backup_switch_exact"": 14}","{""bktree_rejected"": 844, ""exact"": 423}",completed
sce3_etg_run_0070,ETG-only,MarineMicro_MvsM_8,sce-3,rank05_trial0160_ms_ns,rank05_trial0160,5,160,fixed_pool_multi_step_no_switch,0,C:\Users\Binich\PycharmProjects\PredictionRTS\output\learner_results\all_data\ETG-only\sce3_etg_run_0070\final_eval\fixed_pool_switch_pair_fpsw_0625_093920\rank05_trial0160\ms_ns,50,1504,53.22,20.596502576101287,53.34,20.29537999101253,0.96,1,132,22,50,0,0,220,771,14.627659574468085,-0.02469417090919737,-0.9695477518374414,0.23681173469409925,0.0558081387703292,619,41.15691489361702,0.28064474959612207,0.16425613685915483,173.71909999999957,0.11550472074468057,2.731825525040388,1.7253634894991923,,0.0,118,0.07845744680851063,17,101,0.8559322033898306,10,0.0847457627118644,0,0.0,0.0,,0,0,"{""diverge"": 50, ""fallback"": 23, ""kg_follow"": 22, ""kg_plan"": 132, ""kg_relaxed"": 392, ""ood"": 885}","{""diverged_replan_required"": 118, ""follow_expected"": 24}",{},"{""bktree_rejected"": 885, ""exact"": 619}",completed
sce3_etg_run_0070,ETG-only,MarineMicro_MvsM_8,sce-3,rank05_trial0160_ms_ex,rank05_trial0160,5,160,fixed_pool_multi_step_switch_exact,0,C:\Users\Binich\PycharmProjects\PredictionRTS\output\learner_results\all_data\ETG-only\sce3_etg_run_0070\final_eval\fixed_pool_switch_pair_fpsw_0625_093920\rank05_trial0160\ms_ex,50,1302,56.52,20.963758815476517,56.52,20.963758815476517,0.96,2,124,30,54,5,0,221,769,16.973886328725037,-0.015350138963924448,-1.544903164282619,0.2607179190750876,0.058918050815429876,407,31.259600614439325,0.37005380835388124,0.21736648736982625,150.61190000002966,0.11567734254994598,3.769041769041769,2.1253071253071254,0.613880000000222,3.06940000000111,123,0.0944700460829493,14,109,0.8861788617886179,5,0.04065040650406504,5,0.04065040650406504,0.38402457757296465,,5,0,"{""backup_switch_exact"": 5, ""diverge"": 54, ""fallback"": 26, ""kg_follow"": 30, ""kg_plan"": 124, ""kg_relaxed"": 173, ""ood"": 890}","{""backup_switch_exact"": 5, ""diverged_replan_required"": 118, ""follow_expected"": 19}","{""backup_switch_exact"": 5}","{""bktree_rejected"": 890, ""exact"": 412}",completed
sce3_etg_run_0070,ETG-only,MarineMicro_MvsM_8,sce-3,rank05_trial0160_ms_fz020,rank05_trial0160,5,160,fixed_pool_multi_step_switch_fuzzy020,0,C:\Users\Binich\PycharmProjects\PredictionRTS\output\learner_results\all_data\ETG-only\sce3_etg_run_0070\final_eval\fixed_pool_switch_pair_fpsw_0625_093920\rank05_trial0160\ms_fz020,50,1303,52.14,22.00279203062323,52.14,22.00279203062323,0.98,1,129,27,46,4,0,205,710,15.732924021488872,-0.019711498283157772,-1.464031854460095,0.2793203389830946,0.051588471381085584,399,30.6216423637759,0.38921228070187,0.22106001032578634,155.2957000000461,0.11918319263242219,3.5488721804511276,2.012531328320802,0.6561250000025609,2.6245000000102436,104,0.07981580966999233,18,86,0.8269230769230769,4,0.038461538461538464,4,0.038461538461538464,0.3069838833461243,,4,0,"{""backup_switch_exact"": 4, ""diverge"": 46, ""fallback"": 20, ""kg_follow"": 27, ""kg_plan"": 129, ""kg_relaxed"": 177, ""ood"": 900}","{""backup_switch_exact"": 4, ""diverged_replan_required"": 100, ""follow_expected"": 26}","{""backup_switch_exact"": 4}","{""bktree_rejected"": 900, ""exact"": 403}",completed
sce3_etg_run_0070,ETG-only,MarineMicro_MvsM_8,sce-3,rank05_trial0160_ms_fz050,rank05_trial0160,5,160,fixed_pool_multi_step_switch_fuzzy050,0,C:\Users\Binich\PycharmProjects\PredictionRTS\output\learner_results\all_data\ETG-only\sce3_etg_run_0070\final_eval\fixed_pool_switch_pair_fpsw_0625_093920\rank05_trial0160\ms_fz050,50,1476,55.8,17.24966725499838,56.22,16.079255237093285,0.98,0,215,18,45,3,0,294,1151,19.91869918699187,-0.011799310581718049,-1.1461793802490594,0.28990261780115095,0.059718861020251,495,33.53658536585366,0.3667668686871062,0.17492010736588848,181.54960000011755,0.12300108401091975,3.886868686868687,2.125252525252525,0.7734666666697384,2.320400000009215,117,0.07926829268292683,5,112,0.9572649572649573,3,0.02564102564102564,3,0.02564102564102564,0.2032520325203252,,3,0,"{""backup_switch_exact"": 3, ""diverge"": 45, ""fallback"": 26, ""kg_follow"": 18, ""kg_plan"": 215, ""kg_relaxed"": 191, ""ood"": 978}","{""backup_switch_exact"": 3, ""diverged_replan_required"": 114, ""follow_expected"": 40}","{""backup_switch_exact"": 3}","{""bktree_rejected"": 978, ""exact"": 498}",completed
sce3_etg_run_0070,ETG-only,MarineMicro_MvsM_8,sce-3,rank06_trial0088_ms_ns,rank06_trial0088,6,88,fixed_pool_multi_step_no_switch,0,C:\Users\Binich\PycharmProjects\PredictionRTS\output\learner_results\all_data\ETG-only\sce3_etg_run_0070\final_eval\fixed_pool_switch_pair_fpsw_0625_093920\rank06_trial0088\ms_ns,50,1479,46.86,27.077372133068103,46.98,26.878023797617747,0.96,1,147,26,99,0,0,298,1888,20.14874915483435,-0.026885868945641427,0.4587627118644067,0.26182530487816347,0.05981506974639061,631,42.66396213657877,0.4492928684630589,0.5145443224279945,283.50380000019015,0.1916861392834281,4.51188589540412,3.3058637083993663,,0.0,168,0.11359026369168357,39,129,0.7678571428571429,17,0.10119047619047619,0,0.0,0.0,,0,0,"{""diverge"": 99, ""fallback"": 31, ""kg_follow"": 26, ""kg_plan"": 147, ""kg_relaxed"": 328, ""ood"": 848}","{""diverged_replan_required"": 168, ""follow_expected"": 15}",{},"{""bktree_rejected"": 848, ""exact"": 631}",completed
sce3_etg_run_0070,ETG-only,MarineMicro_MvsM_8,sce-3,rank06_trial0088_ms_ex,rank06_trial0088,6,88,fixed_pool_multi_step_switch_exact,0,C:\Users\Binich\PycharmProjects\PredictionRTS\output\learner_results\all_data\ETG-only\sce3_etg_run_0070\final_eval\fixed_pool_switch_pair_fpsw_0625_093920\rank06_trial0088\ms_ex,50,1278,53.58,20.129265931443587,53.58,20.129265931443587,0.98,1,114,10,42,7,0,194,1305,15.179968701095461,-0.03270617822218857,0.3500301532567049,0.2673832167834329,0.0666188971897813,334,26.134585289514867,0.4498781437124209,0.29458242309333293,150.25929999994858,0.1175737871674089,5.020958083832335,3.7245508982035926,1.0173714285731503,7.121600000012052,138,0.107981220657277,17,121,0.8768115942028986,15,0.10869565217391304,7,0.050724637681159424,0.5477308294209703,,7,0,"{""backup_switch_exact"": 7, ""diverge"": 42, ""fallback"": 25, ""kg_follow"": 10, ""kg_plan"": 114, ""kg_relaxed"": 143, ""ood"": 937}","{""backup_switch_exact"": 15, ""diverged_replan_required"": 123, ""follow_expected"": 6}","{""backup_switch_exact"": 7}","{""bktree_rejected"": 937, ""exact"": 341}",completed
sce3_etg_run_0070,ETG-only,MarineMicro_MvsM_8,sce-3,rank06_trial0088_ms_fz020,rank06_trial0088,6,88,fixed_pool_multi_step_switch_fuzzy020,0,C:\Users\Binich\PycharmProjects\PredictionRTS\output\learner_results\all_data\ETG-only\sce3_etg_run_0070\final_eval\fixed_pool_switch_pair_fpsw_0625_093920\rank06_trial0088\ms_fz020,50,1290,52.14,23.030600761347312,52.14,23.030600761347312,0.96,2,147,8,66,9,0,247,1634,19.147286821705425,-0.022012092617095264,-0.18337151162790705,0.26591690140820773,0.0557360534627601,382,29.612403100775193,0.5009732984289073,0.33509260610457975,191.37179999984255,0.1483502325580175,5.486910994764398,4.005235602094241,1.0737999999971888,9.664199999974699,148,0.11472868217054263,24,124,0.8378378378378378,19,0.12837837837837837,9,0.060810810810810814,0.6976744186046512,,9,0,"{""backup_switch_exact"": 9, ""diverge"": 66, ""fallback"": 19, ""kg_follow"": 8, ""kg_plan"": 147, ""kg_relaxed"": 142, ""ood"": 899}","{""backup_switch_exact"": 19, ""diverged_replan_required"": 129, ""follow_expected"": 4}","{""backup_switch_exact"": 9}","{""bktree_rejected"": 899, ""exact"": 391}",completed
sce3_etg_run_0070,ETG-only,MarineMicro_MvsM_8,sce-3,rank06_trial0088_ms_fz050,rank06_trial0088,6,88,fixed_pool_multi_step_switch_fuzzy050,0,C:\Users\Binich\PycharmProjects\PredictionRTS\output\learner_results\all_data\ETG-only\sce3_etg_run_0070\final_eval\fixed_pool_switch_pair_fpsw_0625_093920\rank06_trial0088\ms_fz050,50,1464,52.32,22.129894823472597,52.74,21.300388039006354,0.98,0,133,10,63,14,0,235,1524,16.05191256830601,-0.03075073458271474,-0.199148720472441,0.26717357723561563,0.04616891074519811,473,32.30874316939891,0.40875348837256686,0.2771727815652491,193.34040000022412,0.13206311475425145,4.382663847780127,3.2452431289640593,0.8413500000012318,11.778900000017245,141,0.09631147540983606,27,114,0.8085106382978723,15,0.10638297872340426,14,0.09929078014184398,0.9562841530054644,,14,0,"{""backup_switch_exact"": 14, ""diverge"": 63, ""fallback"": 21, ""kg_follow"": 10, ""kg_plan"": 133, ""kg_relaxed"": 246, ""ood"": 977}","{""backup_switch_exact"": 15, ""diverged_replan_required"": 126, ""follow_expected"": 4}","{""backup_switch_exact"": 14}","{""bktree_rejected"": 977, ""exact"": 487}",completed
sce3_etg_run_0070,ETG-only,MarineMicro_MvsM_8,sce-3,rank07_trial0045_ms_ns,rank07_trial0045,7,45,fixed_pool_multi_step_no_switch,0,C:\Users\Binich\PycharmProjects\PredictionRTS\output\learner_results\all_data\ETG-only\sce3_etg_run_0070\final_eval\fixed_pool_switch_pair_fpsw_0625_093920\rank07_trial0045\ms_ns,50,1296,55.5,19.9205052800436,55.5,19.9205052800436,1.0,0,154,14,36,0,0,162,276,12.5,-0.004535685865036344,-1.4738391304347827,0.2724602339179799,0.07034297195490113,390,30.09259259259259,0.3184479487179222,0.14301741973582663,124.19469999998967,0.09582924382715252,2.5435897435897434,1.5564102564102564,,0.0,59,0.04552469135802469,2,57,0.9661016949152542,0,0.0,0,0.0,0.0,,0,0,"{""diverge"": 36, ""fallback"": 15, ""kg_follow"": 14, ""kg_plan"": 154, ""kg_relaxed"": 171, ""ood"": 906}","{""diverged_replan_required"": 59, ""follow_expected"": 10}",{},"{""bktree_rejected"": 906, ""exact"": 390}",completed
sce3_etg_run_0070,ETG-only,MarineMicro_MvsM_8,sce-3,rank07_trial0045_ms_ex,rank07_trial0045,7,45,fixed_pool_multi_step_switch_exact,0,C:\Users\Binich\PycharmProjects\PredictionRTS\output\learner_results\all_data\ETG-only\sce3_etg_run_0070\final_eval\fixed_pool_switch_pair_fpsw_0625_093920\rank07_trial0045\ms_ex,50,1282,50.04,17.850810305737625,50.04,17.850810305737625,0.98,1,140,14,37,0,0,135,203,10.530421216848675,-0.004855009230529959,-1.310347536945813,0.2802359375000396,0.058912697946054866,407,31.747269890795632,0.3089820638824284,0.12956460737941858,125.75570000014835,0.09809336973490511,2.324324324324324,1.4004914004914004,,0.0,79,0.06162246489859594,0,79,1.0,0,0.0,0,0.0,0.0,,0,0,"{""diverge"": 37, ""fallback"": 24, ""kg_follow"": 14, ""kg_plan"": 140, ""kg_relaxed"": 192, ""ood"": 875}","{""diverged_replan_required"": 79, ""follow_expected"": 8}",{},"{""bktree_rejected"": 875, ""exact"": 407}",completed
sce3_etg_run_0070,ETG-only,MarineMicro_MvsM_8,sce-3,rank07_trial0045_ms_fz020,rank07_trial0045,7,45,fixed_pool_multi_step_switch_fuzzy020,0,C:\Users\Binich\PycharmProjects\PredictionRTS\output\learner_results\all_data\ETG-only\sce3_etg_run_0070\final_eval\fixed_pool_switch_pair_fpsw_0625_093920\rank07_trial0045\ms_fz020,50,1524,52.2,22.0787089240993,52.74,21.083710706202957,0.96,1,156,20,38,1,0,184,289,12.073490813648293,-0.00461345842678434,-0.7172605536332181,0.2849248663099965,0.04883582165273706,620,40.68241469816273,0.2915483870968878,0.12090437621565031,180.76000000007042,0.11860892388456064,2.0629032258064517,1.3806451612903226,0.46059999999670254,0.46059999999670254,80,0.05249343832020997,1,79,0.9875,1,0.0125,1,0.0125,0.06561679790026247,,1,0,"{""backup_switch_exact"": 1, ""diverge"": 38, ""fallback"": 32, ""kg_follow"": 20, ""kg_plan"": 156, ""kg_relaxed"": 374, ""ood"": 903}","{""backup_switch_exact"": 1, ""diverged_replan_required"": 79, ""follow_expected"": 11}","{""backup_switch_exact"": 1}","{""bktree_rejected"": 903, ""exact"": 621}",completed
sce3_etg_run_0070,ETG-only,MarineMicro_MvsM_8,sce-3,rank07_trial0045_ms_fz050,rank07_trial0045,7,45,fixed_pool_multi_step_switch_fuzzy050,0,C:\Users\Binich\PycharmProjects\PredictionRTS\output\learner_results\all_data\ETG-only\sce3_etg_run_0070\final_eval\fixed_pool_switch_pair_fpsw_0625_093920\rank07_trial0045\ms_fz050,50,1276,52.44,16.288420827729876,52.44,16.288420827729876,1.0,0,151,8,29,1,0,160,276,12.539184952978056,-0.005585435014324082,-1.2429182971014494,0.2653862857140358,0.05777401212951035,384,30.094043887147336,0.3098653645831247,0.13270040334502,118.98829999991989,0.09325101880871464,2.4635416666666665,1.5182291666666667,0.4176999999998543,0.4176999999998543,82,0.06426332288401254,3,79,0.9634146341463414,1,0.012195121951219513,1,0.012195121951219513,0.07836990595611286,,1,0,"{""backup_switch_exact"": 1, ""diverge"": 29, ""fallback"": 21, ""kg_follow"": 8, ""kg_plan"": 151, ""kg_relaxed"": 175, ""ood"": 891}","{""backup_switch_exact"": 1, ""diverged_replan_required"": 81, ""follow_expected"": 4}","{""backup_switch_exact"": 1}","{""bktree_rejected"": 891, ""exact"": 385}",completed
sce3_etg_run_0070,ETG-only,MarineMicro_MvsM_8,sce-3,rank08_trial0179_ms_ns,rank08_trial0179,8,179,fixed_pool_multi_step_no_switch,0,C:\Users\Binich\PycharmProjects\PredictionRTS\output\learner_results\all_data\ETG-only\sce3_etg_run_0070\final_eval\fixed_pool_switch_pair_fpsw_0625_093920\rank08_trial0179\ms_ns,50,1324,51.72,22.191228272560714,51.72,22.191228272560714,0.98,1,138,53,203,0,0,382,2032,28.851963746223564,-0.02259752771945204,-4.989554625984252,0.24842340425698603,0.061436482620187374,455,34.36555891238671,0.645243516483147,0.2711209086160975,293.5857999998319,0.22174154078537153,7.483516483516484,4.676923076923077,,0.0,354,0.2673716012084592,49,305,0.8615819209039548,42,0.11864406779661017,0,0.0,0.0,,0,0,"{""diverge"": 203, ""fallback"": 14, ""kg_follow"": 53, ""kg_plan"": 138, ""kg_relaxed"": 47, ""ood"": 869}","{""diverged_replan_required"": 354, ""follow_expected"": 467}",{},"{""bktree_rejected"": 869, ""exact"": 455}",completed
sce3_etg_run_0070,ETG-only,MarineMicro_MvsM_8,sce-3,rank08_trial0179_ms_ex,rank08_trial0179,8,179,fixed_pool_multi_step_switch_exact,0,C:\Users\Binich\PycharmProjects\PredictionRTS\output\learner_results\all_data\ETG-only\sce3_etg_run_0070\final_eval\fixed_pool_switch_pair_fpsw_0625_093920\rank08_trial0179\ms_ex,50,1296,53.58,22.294036907492842,53.58,22.294036907492842,0.96,2,134,45,180,11,0,350,1766,27.006172839506174,-0.019083936666797915,-5.273931228765572,0.2133205128199387,0.05115491528320839,410,31.635802469135804,0.595802439024422,0.25121476691021083,244.279000000013,0.18848688271605943,7.248780487804878,4.4731707317073175,0.8153272727275346,8.96860000000288,390,0.30092592592592593,22,368,0.9435897435897436,11,0.028205128205128206,11,0.028205128205128206,0.8487654320987654,,11,0,"{""backup_switch_exact"": 11, ""diverge"": 180, ""fallback"": 12, ""kg_follow"": 45, ""kg_plan"": 134, ""kg_relaxed"": 39, ""ood"": 875}","{""backup_switch_exact"": 11, ""diverged_replan_required"": 379, ""follow_expected"": 394}","{""backup_switch_exact"": 11}","{""bktree_rejected"": 875, ""exact"": 421}",completed
sce3_etg_run_0070,ETG-only,MarineMicro_MvsM_8,sce-3,rank08_trial0179_ms_fz020,rank08_trial0179,8,179,fixed_pool_multi_step_switch_fuzzy020,0,C:\Users\Binich\PycharmProjects\PredictionRTS\output\learner_results\all_data\ETG-only\sce3_etg_run_0070\final_eval\fixed_pool_switch_pair_fpsw_0625_093920\rank08_trial0179\ms_fz020,50,1303,55.26,20.230114953217843,55.26,20.230114953217843,0.98,1,124,37,170,17,0,337,1800,25.863392171910974,-0.021069817987142768,-5.211854388888889,0.27321904761886834,0.06304566381434962,383,29.393706830391405,0.6463749347253965,0.2921540420594285,247.56159999982685,0.18999355333831686,7.415143603133159,4.663185378590079,0.8593647058804061,14.609199999966904,307,0.2356101304681504,37,270,0.8794788273615635,25,0.08143322475570032,17,0.05537459283387622,1.3046815042210285,,17,0,"{""backup_switch_exact"": 17, ""diverge"": 170, ""fallback"": 10, ""kg_follow"": 37, ""kg_plan"": 124, ""kg_relaxed"": 42, ""ood"": 903}","{""backup_switch_exact"": 25, ""diverged_replan_required"": 282, ""follow_expected"": 450}","{""backup_switch_exact"": 17}","{""bktree_rejected"": 903, ""exact"": 400}",completed
sce3_etg_run_0070,ETG-only,MarineMicro_MvsM_8,sce-3,rank08_trial0179_ms_fz050,rank08_trial0179,8,179,fixed_pool_multi_step_switch_fuzzy050,0,C:\Users\Binich\PycharmProjects\PredictionRTS\output\learner_results\all_data\ETG-only\sce3_etg_run_0070\final_eval\fixed_pool_switch_pair_fpsw_0625_093920\rank08_trial0179\ms_fz050,50,1303,54.84,17.774505934750756,54.84,17.774505934750756,1.0,0,140,42,175,23,0,365,1924,28.012279355333845,-0.01761820837898231,-6.029771803534303,0.2330849999998108,0.057155314938573405,406,31.15886415963162,0.6063295566504664,0.23890625314330607,246.16980000008937,0.1889254029164155,7.554187192118227,4.657635467980295,0.6922652173933532,15.922100000047124,389,0.2985418265541059,38,351,0.9023136246786633,23,0.05912596401028278,23,0.05912596401028278,1.765157329240215,,23,0,"{""backup_switch_exact"": 23, ""diverge"": 175, ""fallback"": 9, ""kg_follow"": 42, ""kg_plan"": 140, ""kg_relaxed"": 40, ""ood"": 874}","{""backup_switch_exact"": 23, ""diverged_replan_required"": 366, ""follow_expected"": 420}","{""backup_switch_exact"": 23}","{""bktree_rejected"": 874, ""exact"": 429}",completed
sce3m_etg_run_0073,ETG-only,MarineMicro_MvsM_8_mirror,sce-3m,rank01_trial0182_ms_ns,rank01_trial0182,1,182,fixed_pool_multi_step_no_switch,0,C:\Users\Binich\PycharmProjects\PredictionRTS\output\learner_results\all_data\ETG-only\sce3m_etg_run_0073\final_eval\fixed_pool_switch_pair_fpsw_0625_093920\rank01_trial0182\ms_ns,50,1211,65.1,9.607076473482811,65.1,9.607076473482811,1.0,0,64,1,3,0,0,69,1295,5.697770437654831,-0.0063404475370778274,6.708247475087334,0.2508609756101365,0.07796877620731947,154,12.716763005780347,0.6314357142856089,0.9577779724619452,97.24109999998376,0.0802981833195572,10.883116883116884,5.01948051948052,,0.0,749,0.6184971098265896,1,748,0.9986648865153538,0,0.0,0,0.0,0.0,,0,0,"{""diverge"": 3, ""fallback"": 4, ""kg_follow"": 1, ""kg_plan"": 64, ""kg_relaxed"": 82, ""ood"": 1057}","{""diverged_replan_required"": 749}",{},"{""bktree_rejected"": 1057, ""exact"": 154}",completed
sce3m_etg_run_0073,ETG-only,MarineMicro_MvsM_8_mirror,sce-3m,rank01_trial0182_ms_ex,rank01_trial0182,1,182,fixed_pool_multi_step_switch_exact,0,C:\Users\Binich\PycharmProjects\PredictionRTS\output\learner_results\all_data\ETG-only\sce3m_etg_run_0073\final_eval\fixed_pool_switch_pair_fpsw_0625_093920\rank01_trial0182\ms_ex,50,1231,62.64,12.445407316167122,62.64,12.445407316167122,1.0,0,69,2,12,2,0,81,1433,6.580016246953696,-0.00960490957835623,6.5141459676669,0.2582647727271075,0.046054488068742835,179,14.541023558082859,0.6878134078213765,1.0244269376063615,123.11860000002639,0.10001510966695888,10.458100558659218,4.877094972067039,4.0409500000020415,8.081900000004083,703,0.5710804224207962,5,698,0.9928876244665719,2,0.002844950213371266,2,0.002844950213371266,0.16246953696181965,,2,0,"{""backup_switch_exact"": 2, ""diverge"": 12, ""fallback"": 8, ""kg_follow"": 2, ""kg_plan"": 69, ""kg_relaxed"": 88, ""ood"": 1050}","{""backup_switch_exact"": 2, ""diverged_replan_required"": 701, ""follow_expected"": 2}","{""backup_switch_exact"": 2}","{""bktree_rejected"": 1050, ""exact"": 181}",completed
sce3m_etg_run_0073,ETG-only,MarineMicro_MvsM_8_mirror,sce-3m,rank01_trial0182_ms_fz020,rank01_trial0182,1,182,fixed_pool_multi_step_switch_fuzzy020,0,C:\Users\Binich\PycharmProjects\PredictionRTS\output\learner_results\all_data\ETG-only\sce3m_etg_run_0073\final_eval\fixed_pool_switch_pair_fpsw_0625_093920\rank01_trial0182\ms_fz020,50,1204,63.0,9.772932215135468,63.0,9.772932215135468,1.0,0,64,1,5,3,0,75,1372,6.229235880398671,-0.006640344968081422,6.317615529813968,0.23239223300946915,0.059269885699939885,179,14.867109634551495,0.603765921787886,0.9919560325243739,108.07410000003159,0.08976254152826545,9.692737430167599,4.5307262569832405,3.9260666666661357,11.778199999998407,861,0.7151162790697675,10,851,0.9883855981416957,8,0.009291521486643438,3,0.003484320557491289,0.24916943521594684,,3,0,"{""backup_switch_exact"": 3, ""diverge"": 5, ""fallback"": 6, ""kg_follow"": 1, ""kg_plan"": 64, ""kg_relaxed"": 103, ""ood"": 1022}","{""backup_switch_exact"": 8, ""diverged_replan_required"": 853, ""follow_expected"": 1}","{""backup_switch_exact"": 3}","{""bktree_rejected"": 1022, ""exact"": 182}",completed
sce3m_etg_run_0073,ETG-only,MarineMicro_MvsM_8_mirror,sce-3m,rank01_trial0182_ms_fz050,rank01_trial0182,1,182,fixed_pool_multi_step_switch_fuzzy050,0,C:\Users\Binich\PycharmProjects\PredictionRTS\output\learner_results\all_data\ETG-only\sce3m_etg_run_0073\final_eval\fixed_pool_switch_pair_fpsw_0625_093920\rank01_trial0182\ms_fz050,50,1214,61.62,13.636520592788727,61.62,13.636520592788727,1.0,0,72,4,11,4,0,89,1503,7.3311367380560135,-0.01343948914571847,6.015262020403639,0.25360555555556075,0.04322567779907374,201,16.556836902800658,0.7562850746269371,1.1041655888842208,152.01330000001434,0.1252168863262062,10.283582089552239,5.019900497512438,1.956674999998853,7.826699999995412,714,0.5881383855024712,11,703,0.9845938375350141,9,0.012605042016806723,4,0.0056022408963585435,0.32948929159802304,,4,0,"{""backup_switch_exact"": 4, ""diverge"": 11, ""fallback"": 6, ""kg_follow"": 4, ""kg_plan"": 72, ""kg_relaxed"": 108, ""ood"": 1009}","{""backup_switch_exact"": 9, ""diverged_replan_required"": 705, ""follow_expected"": 4}","{""backup_switch_exact"": 4}","{""bktree_rejected"": 1009, ""exact"": 205}",completed
sce3m_etg_run_0073,ETG-only,MarineMicro_MvsM_8_mirror,sce-3m,rank02_trial0015_ms_ns,rank02_trial0015,2,15,fixed_pool_multi_step_no_switch,0,C:\Users\Binich\PycharmProjects\PredictionRTS\output\learner_results\all_data\ETG-only\sce3m_etg_run_0073\final_eval\fixed_pool_switch_pair_fpsw_0625_093920\rank02_trial0015\ms_ns,50,1393,60.42,20.229388603348994,60.24,20.809691619678617,0.96,1,60,0,12,0,0,72,540,5.168700646087581,-0.010289297942305752,-2.3038357407407415,0.22744916387943712,0.05629202702293066,371,26.633165829145728,0.28293908355785335,0.29173240627962366,104.9703999999636,0.0753556353194283,3.0889487870619945,2.3800539083557952,,0.0,739,0.5305096913137114,10,729,0.986468200270636,5,0.006765899864682003,0,0.0,0.0,,0,0,"{""diverge"": 12, ""kg_plan"": 60, ""kg_relaxed"": 299, ""ood"": 1022}","{""diverged_replan_required"": 739}",{},"{""bktree_rejected"": 1022, ""exact"": 371}",completed
sce3m_etg_run_0073,ETG-only,MarineMicro_MvsM_8_mirror,sce-3m,rank02_trial0015_ms_ex,rank02_trial0015,2,15,fixed_pool_multi_step_switch_exact,0,C:\Users\Binich\PycharmProjects\PredictionRTS\output\learner_results\all_data\ETG-only\sce3m_etg_run_0073\final_eval\fixed_pool_switch_pair_fpsw_0625_093920\rank02_trial0015\ms_ex,50,1400,60.42,17.377078498495,59.82,19.848086321160658,0.98,0,63,0,1,2,0,66,486,4.714285714285714,-0.0038091405646152447,-3.232503600823046,0.2264096463022496,0.050133245393979516,375,26.785714285714285,0.2482002666664395,0.20636609408024442,93.07509999991481,0.06648221428565344,2.7146666666666666,2.088,1.136399999998261,2.272799999996522,618,0.44142857142857145,2,616,0.9967637540453075,2,0.003236245954692557,2,0.003236245954692557,0.14285714285714285,,2,0,"{""backup_switch_exact"": 2, ""diverge"": 1, ""kg_plan"": 63, ""kg_relaxed"": 311, ""ood"": 1023}","{""backup_switch_exact"": 2, ""diverged_replan_required"": 616}","{""backup_switch_exact"": 2}","{""bktree_rejected"": 1023, ""exact"": 377}",completed
sce3m_etg_run_0073,ETG-only,MarineMicro_MvsM_8_mirror,sce-3m,rank02_trial0015_ms_fz020,rank02_trial0015,2,15,fixed_pool_multi_step_switch_fuzzy020,0,C:\Users\Binich\PycharmProjects\PredictionRTS\output\learner_results\all_data\ETG-only\sce3m_etg_run_0073\final_eval\fixed_pool_switch_pair_fpsw_0625_093920\rank02_trial0015\ms_fz020,50,1209,61.08,13.870891559415394,61.08,13.870891559415394,1.0,0,63,0,3,0,0,66,490,5.459057071960298,-0.0042652057723136,-3.1458525510204085,0.2514592857146677,0.06685695553219981,206,17.03887510339123,0.3684126213595024,0.4713831404581308,75.8930000000575,0.06277336641857527,4.325242718446602,3.1116504854368934,,0.0,822,0.6799007444168734,3,819,0.9963503649635036,0,0.0,0,0.0,0.0,,0,0,"{""diverge"": 3, ""kg_plan"": 63, ""kg_relaxed"": 140, ""ood"": 1003}","{""diverged_replan_required"": 822}",{},"{""bktree_rejected"": 1003, ""exact"": 206}",completed
sce3m_etg_run_0073,ETG-only,MarineMicro_MvsM_8_mirror,sce-3m,rank02_trial0015_ms_fz050,rank02_trial0015,2,15,fixed_pool_multi_step_switch_fuzzy050,0,C:\Users\Binich\PycharmProjects\PredictionRTS\output\learner_results\all_data\ETG-only\sce3m_etg_run_0073\final_eval\fixed_pool_switch_pair_fpsw_0625_093920\rank02_trial0015\ms_fz050,50,1374,62.22,17.35380920367488,61.98,18.28960896023661,0.96,1,63,0,2,4,0,70,521,5.094614264919942,-0.006489645667132816,-2.6755100767754323,0.24133050847441517,0.10060693883074344,361,26.273653566229985,0.2581072022161178,0.19821463227527195,93.17670000001854,0.06781419213975148,2.8033240997229916,2.1301939058171744,1.3395750000011475,5.35830000000459,730,0.5312954876273653,6,724,0.9917808219178083,4,0.005479452054794521,4,0.005479452054794521,0.29112081513828236,,4,0,"{""backup_switch_exact"": 4, ""diverge"": 2, ""fallback"": 1, ""kg_plan"": 63, ""kg_relaxed"": 295, ""ood"": 1009}","{""backup_switch_exact"": 4, ""diverged_replan_required"": 726}","{""backup_switch_exact"": 4}","{""bktree_rejected"": 1009, ""exact"": 365}",completed
sce3m_etg_run_0073,ETG-only,MarineMicro_MvsM_8_mirror,sce-3m,rank03_trial0039_ms_ns,rank03_trial0039,3,39,fixed_pool_multi_step_no_switch,0,C:\Users\Binich\PycharmProjects\PredictionRTS\output\learner_results\all_data\ETG-only\sce3m_etg_run_0073\final_eval\fixed_pool_switch_pair_fpsw_0625_093920\rank03_trial0039\ms_ns,50,1222,61.44,17.273502179668732,61.44,17.273502179668732,0.98,1,70,5,56,0,0,126,1367,10.310965630114566,-0.056296568253469015,14.638864898805169,0.25545161290309004,0.051811400548980036,200,16.366612111292962,0.6250699999998766,0.6602256956113021,125.01399999997531,0.10230278232403872,8.895,5.305,,0.0,871,0.7127659574468085,788,83,0.09529276693455797,785,0.9012629161882894,0,0.0,0.0,,0,0,"{""diverge"": 56, ""fallback"": 7, ""kg_follow"": 5, ""kg_plan"": 70, ""kg_relaxed"": 62, ""ood"": 1022}","{""diverged_replan_required"": 871, ""follow_expected"": 14}",{},"{""bktree_rejected"": 1022, ""exact"": 200}",completed
sce3m_etg_run_0073,ETG-only,MarineMicro_MvsM_8_mirror,sce-3m,rank03_trial0039_ms_ex,rank03_trial0039,3,39,fixed_pool_multi_step_switch_exact,0,C:\Users\Binich\PycharmProjects\PredictionRTS\output\learner_results\all_data\ETG-only\sce3m_etg_run_0073\final_eval\fixed_pool_switch_pair_fpsw_0625_093920\rank03_trial0039\ms_ex,50,1210,62.04,12.308881810650853,62.04,12.308881810650853,1.0,0,65,7,16,49,0,132,1846,10.909090909090908,-0.0749221392840053,18.372092316720835,0.2773452830188045,0.0567101827993177,145,11.983471074380166,0.6980455172414336,0.7118034296751347,101.21660000000787,0.08365008264463461,9.710344827586207,6.027586206896552,0.4141326530613704,20.292500000007152,961,0.7942148760330578,888,73,0.07596253902185224,885,0.9209157127991675,49,0.05098855359001041,4.049586776859504,,49,0,"{""backup_switch_exact"": 49, ""diverge"": 16, ""fallback"": 4, ""kg_follow"": 7, ""kg_plan"": 65, ""kg_relaxed"": 53, ""ood"": 1016}","{""backup_switch_exact"": 885, ""diverged_replan_required"": 76, ""follow_expected"": 35}","{""backup_switch_exact"": 49}","{""bktree_rejected"": 1016, ""exact"": 194}",completed
sce3m_etg_run_0073,ETG-only,MarineMicro_MvsM_8_mirror,sce-3m,rank03_trial0039_ms_fz020,rank03_trial0039,3,39,fixed_pool_multi_step_switch_fuzzy020,0,C:\Users\Binich\PycharmProjects\PredictionRTS\output\learner_results\all_data\ETG-only\sce3m_etg_run_0073\final_eval\fixed_pool_switch_pair_fpsw_0625_093920\rank03_trial0039\ms_fz020,50,1232,62.22,16.362338538515196,62.22,16.362338538515196,1.0,0,75,12,20,47,0,149,2059,12.094155844155845,-0.06793168209769036,16.74285747935891,0.2537140625006873,0.055273581815510446,177,14.366883116883116,0.7347858757060047,0.7798909683218823,130.05709999996284,0.10556582792204776,9.870056497175142,6.163841807909605,0.4693510638296575,22.059499999993903,770,0.625,708,62,0.08051948051948052,704,0.9142857142857143,47,0.06103896103896104,3.814935064935065,,47,0,"{""backup_switch_exact"": 47, ""diverge"": 20, ""fallback"": 6, ""kg_follow"": 12, ""kg_plan"": 75, ""kg_relaxed"": 64, ""ood"": 1008}","{""backup_switch_exact"": 704, ""diverged_replan_required"": 66, ""follow_expected"": 110}","{""backup_switch_exact"": 47}","{""bktree_rejected"": 1008, ""exact"": 224}",completed
sce3m_etg_run_0073,ETG-only,MarineMicro_MvsM_8_mirror,sce-3m,rank03_trial0039_ms_fz050,rank03_trial0039,3,39,fixed_pool_multi_step_switch_fuzzy050,0,C:\Users\Binich\PycharmProjects\PredictionRTS\output\learner_results\all_data\ETG-only\sce3m_etg_run_0073\final_eval\fixed_pool_switch_pair_fpsw_0625_093920\rank03_trial0039\ms_fz050,50,1226,60.96,16.680625447090478,60.96,16.680625447090478,0.98,1,75,9,14,51,0,146,2048,11.908646003262643,-0.07497271136838789,17.78434415690104,0.26725294117629156,0.06360947524724651,154,12.561174551386623,0.7708064935063308,0.7780020637497911,118.70419999997495,0.09682234910275281,10.428571428571429,6.51948051948052,0.4111686274505783,20.969599999979494,898,0.732463295269168,849,49,0.05456570155902005,846,0.9420935412026726,51,0.05679287305122494,4.159869494290375,,51,0,"{""backup_switch_exact"": 51, ""diverge"": 14, ""fallback"": 5, ""kg_follow"": 9, ""kg_plan"": 75, ""kg_relaxed"": 51, ""ood"": 1021}","{""backup_switch_exact"": 846, ""diverged_replan_required"": 52, ""follow_expected"": 92}","{""backup_switch_exact"": 51}","{""bktree_rejected"": 1021, ""exact"": 205}",completed
sce3m_etg_run_0073,ETG-only,MarineMicro_MvsM_8_mirror,sce-3m,rank04_trial0071_ms_ns,rank04_trial0071,4,71,fixed_pool_multi_step_no_switch,0,C:\Users\Binich\PycharmProjects\PredictionRTS\output\learner_results\all_data\ETG-only\sce3m_etg_run_0073\final_eval\fixed_pool_switch_pair_fpsw_0625_093920\rank04_trial0071\ms_ns,50,1200,66.24,14.979659678431705,66.24,14.979659678431705,0.98,1,66,2,12,0,0,79,562,6.583333333333333,-0.0038295870999956625,-1.6012854092526694,0.25247011494245164,0.05584731284811711,172,14.333333333333334,0.46676802325575245,0.46556022828909394,80.28409999998942,0.06690341666665785,6.023255813953488,3.994186046511628,,0.0,737,0.6141666666666666,12,725,0.9837177747625508,11,0.014925373134328358,0,0.0,0.0,,0,0,"{""diverge"": 12, ""fallback"": 5, ""kg_follow"": 2, ""kg_plan"": 66, ""kg_relaxed"": 87, ""ood"": 1028}","{""diverged_replan_required"": 737}",{},"{""bktree_rejected"": 1028, ""exact"": 172}",completed
sce3m_etg_run_0073,ETG-only,MarineMicro_MvsM_8_mirror,sce-3m,rank04_trial0071_ms_ex,rank04_trial0071,4,71,fixed_pool_multi_step_switch_exact,0,C:\Users\Binich\PycharmProjects\PredictionRTS\output\learner_results\all_data\ETG-only\sce3m_etg_run_0073\final_eval\fixed_pool_switch_pair_fpsw_0625_093920\rank04_trial0071\ms_ex,50,1201,62.28,10.986150836579736,62.28,10.986150836579736,1.0,0,69,1,4,0,0,73,500,6.07826810990841,-0.003416930605008592,-1.6242288000000003,0.2636999999999864,0.06471604293840802,187,15.570358034970857,0.40665026737959475,0.36219960135671503,76.04359999998422,0.06331690258116922,5.0,3.3315508021390374,,0.0,757,0.630308076602831,3,754,0.9960369881109643,0,0.0,0,0.0,0.0,,0,0,"{""diverge"": 4, ""fallback"": 9, ""kg_follow"": 1, ""kg_plan"": 69, ""kg_relaxed"": 104, ""ood"": 1014}","{""diverged_replan_required"": 757}",{},"{""bktree_rejected"": 1014, ""exact"": 187}",completed
sce3m_etg_run_0073,ETG-only,MarineMicro_MvsM_8_mirror,sce-3m,rank04_trial0071_ms_fz020,rank04_trial0071,4,71,fixed_pool_multi_step_switch_fuzzy020,0,C:\Users\Binich\PycharmProjects\PredictionRTS\output\learner_results\all_data\ETG-only\sce3m_etg_run_0073\final_eval\fixed_pool_switch_pair_fpsw_0625_093920\rank04_trial0071\ms_fz020,50,1214,64.44,12.860570971550436,64.44,12.860570971550436,1.0,0,64,1,9,0,0,77,531,6.342668863261944,-0.0035392306052605318,-1.5620337413684875,0.2531337349394785,0.05254184691608082,160,13.179571663920923,0.4360587500002788,0.3621610711167804,69.76940000004461,0.05747067545308453,5.91875,3.9375,,0.0,704,0.5799011532125206,0,704,1.0,0,0.0,0,0.0,0.0,,0,0,"{""diverge"": 9, ""fallback"": 3, ""kg_follow"": 1, ""kg_plan"": 64, ""kg_relaxed"": 83, ""ood"": 1054}","{""diverged_replan_required"": 704}",{},"{""bktree_rejected"": 1054, ""exact"": 160}",completed
sce3m_etg_run_0073,ETG-only,MarineMicro_MvsM_8_mirror,sce-3m,rank04_trial0071_ms_fz050,rank04_trial0071,4,71,fixed_pool_multi_step_switch_fuzzy050,0,C:\Users\Binich\PycharmProjects\PredictionRTS\output\learner_results\all_data\ETG-only\sce3m_etg_run_0073\final_eval\fixed_pool_switch_pair_fpsw_0625_093920\rank04_trial0071\ms_fz050,50,1223,61.8,12.391570538400822,61.8,12.391570538400822,1.0,0,72,2,8,1,0,87,575,7.113654946852003,-0.005950674552091925,-1.5505820289855077,0.22461764705896844,0.0487884226074348,192,15.699100572363042,0.392815624999987,0.3577718543354126,75.4205999999975,0.06166852003270442,5.401041666666667,3.5833333333333335,0.33460000000218315,0.33460000000218315,663,0.5421095666394112,6,657,0.9909502262443439,3,0.004524886877828055,1,0.0015082956259426848,0.08176614881439084,,1,0,"{""backup_switch_exact"": 1, ""diverge"": 8, ""fallback"": 8, ""kg_follow"": 2, ""kg_plan"": 72, ""kg_relaxed"": 102, ""ood"": 1030}","{""backup_switch_exact"": 3, ""diverged_replan_required"": 660, ""follow_expected"": 3}","{""backup_switch_exact"": 1}","{""bktree_rejected"": 1030, ""exact"": 193}",completed
sce3m_etg_run_0073,ETG-only,MarineMicro_MvsM_8_mirror,sce-3m,rank05_trial0119_ms_ns,rank05_trial0119,5,119,fixed_pool_multi_step_no_switch,0,C:\Users\Binich\PycharmProjects\PredictionRTS\output\learner_results\all_data\ETG-only\sce3m_etg_run_0073\final_eval\fixed_pool_switch_pair_fpsw_0625_093920\rank05_trial0119\ms_ns,50,1221,62.1,13.890607603407302,62.1,13.890607603407302,1.0,0,71,3,10,0,0,83,928,6.797706797706797,-0.005901296412121766,0.062382812500000155,0.22933010752730737,0.05821307522504816,185,15.151515151515152,0.4600610810811261,0.4590495241815982,85.11130000000833,0.06970622440623123,5.832432432432433,4.059459459459459,,0.0,25,0.020475020475020474,4,21,0.84,1,0.04,0,0.0,0.0,,0,0,"{""diverge"": 10, ""fallback"": 8, ""kg_follow"": 3, ""kg_plan"": 71, ""kg_relaxed"": 93, ""ood"": 1036}","{""diverged_replan_required"": 25, ""follow_expected"": 4}",{},"{""bktree_rejected"": 1036, ""exact"": 185}",completed
sce3m_etg_run_0073,ETG-only,MarineMicro_MvsM_8_mirror,sce-3m,rank05_trial0119_ms_ex,rank05_trial0119,5,119,fixed_pool_multi_step_switch_exact,0,C:\Users\Binich\PycharmProjects\PredictionRTS\output\learner_results\all_data\ETG-only\sce3m_etg_run_0073\final_eval\fixed_pool_switch_pair_fpsw_0625_093920\rank05_trial0119\ms_ex,50,1208,62.46,12.386974725781224,62.46,12.386974725781224,1.0,0,69,4,9,4,0,81,891,6.7052980132450335,-0.008488126304891357,0.04322716049382733,0.24985212765964485,0.05794653956011815,181,14.983443708609272,0.4433530386739676,0.45129076713869193,80.24689999998813,0.06642955298012262,5.524861878453039,3.7955801104972378,0.9516999999981124,3.8067999999924496,29,0.024006622516556293,7,22,0.7586206896551724,4,0.13793103448275862,4,0.13793103448275862,0.33112582781456956,,4,0,"{""backup_switch_exact"": 4, ""diverge"": 9, ""fallback"": 5, ""kg_follow"": 4, ""kg_plan"": 69, ""kg_relaxed"": 94, ""ood"": 1023}","{""backup_switch_exact"": 4, ""diverged_replan_required"": 25, ""follow_expected"": 3}","{""backup_switch_exact"": 4}","{""bktree_rejected"": 1023, ""exact"": 185}",completed
sce3m_etg_run_0073,ETG-only,MarineMicro_MvsM_8_mirror,sce-3m,rank05_trial0119_ms_fz020,rank05_trial0119,5,119,fixed_pool_multi_step_switch_fuzzy020,0,C:\Users\Binich\PycharmProjects\PredictionRTS\output\learner_results\all_data\ETG-only\sce3m_etg_run_0073\final_eval\fixed_pool_switch_pair_fpsw_0625_093920\rank05_trial0119\ms_fz020,50,1209,62.76,10.084459654865611,62.76,10.084459654865611,1.0,0,65,2,6,1,0,70,776,5.789909015715467,-0.006069699989101182,-0.06942869415807545,0.22606857142890358,0.057161820424547205,185,15.301902398676592,0.3547091891891834,0.30353998657170833,65.62119999999894,0.054277253928865954,4.691891891891892,3.2324324324324323,1.5743999999990876,1.5743999999990876,21,0.017369727047146403,2,19,0.9047619047619048,1,0.047619047619047616,1,0.047619047619047616,0.0827129859387924,,1,0,"{""backup_switch_exact"": 1, ""diverge"": 6, ""fallback"": 7, ""kg_follow"": 2, ""kg_plan"": 65, ""kg_relaxed"": 105, ""ood"": 1023}","{""backup_switch_exact"": 1, ""diverged_replan_required"": 20, ""follow_expected"": 5}","{""backup_switch_exact"": 1}","{""bktree_rejected"": 1023, ""exact"": 186}",completed
sce3m_etg_run_0073,ETG-only,MarineMicro_MvsM_8_mirror,sce-3m,rank05_trial0119_ms_fz050,rank05_trial0119,5,119,fixed_pool_multi_step_switch_fuzzy050,0,C:\Users\Binich\PycharmProjects\PredictionRTS\output\learner_results\all_data\ETG-only\sce3m_etg_run_0073\final_eval\fixed_pool_switch_pair_fpsw_0625_093920\rank05_trial0119\ms_fz050,50,1406,60.12,19.03127393936365,60.12,19.03127393936365,0.96,1,73,5,14,2,0,84,970,5.974395448079658,-0.005601038990477122,0.036599089347079214,0.2480472131143155,0.05081701305885321,403,28.662873399715505,0.3360910669974588,0.3895292058478826,135.44469999997588,0.09633335704123462,3.2828784119106698,2.4193548387096775,1.1432500000019274,2.286500000003855,35,0.024893314366998577,5,30,0.8571428571428571,2,0.05714285714285714,2,0.05714285714285714,0.1422475106685633,,2,0,"{""backup_switch_exact"": 2, ""diverge"": 14, ""fallback"": 6, ""kg_follow"": 5, ""kg_plan"": 73, ""kg_relaxed"": 305, ""ood"": 1001}","{""backup_switch_exact"": 2, ""diverged_replan_required"": 33, ""follow_expected"": 11}","{""backup_switch_exact"": 2}","{""bktree_rejected"": 1001, ""exact"": 405}",completed
sce3m_etg_run_0073,ETG-only,MarineMicro_MvsM_8_mirror,sce-3m,rank06_trial0029_ms_ns,rank06_trial0029,6,29,fixed_pool_multi_step_no_switch,0,C:\Users\Binich\PycharmProjects\PredictionRTS\output\learner_results\all_data\ETG-only\sce3m_etg_run_0073\final_eval\fixed_pool_switch_pair_fpsw_0625_093920\rank06_trial0029\ms_ns,50,1206,62.7,9.88969779361228,62.7,9.88969779361228,1.0,0,64,1,12,0,0,81,176,6.7164179104477615,-0.01777094154935593,-0.7039522727272728,0.257451999999887,0.05593799684394164,185,15.339966832504146,0.31494810810822227,0.18741023564095816,58.26540000002112,0.04831293532340059,3.3945945945945946,1.8594594594594596,,0.0,843,0.6990049751243781,0,843,1.0,0,0.0,0,0.0,0.0,,0,0,"{""diverge"": 12, ""fallback"": 8, ""kg_follow"": 1, ""kg_plan"": 64, ""kg_relaxed"": 100, ""ood"": 1021}","{""diverged_replan_required"": 843}",{},"{""bktree_rejected"": 1021, ""exact"": 185}",completed
sce3m_etg_run_0073,ETG-only,MarineMicro_MvsM_8_mirror,sce-3m,rank06_trial0029_ms_ex,rank06_trial0029,6,29,fixed_pool_multi_step_switch_exact,0,C:\Users\Binich\PycharmProjects\PredictionRTS\output\learner_results\all_data\ETG-only\sce3m_etg_run_0073\final_eval\fixed_pool_switch_pair_fpsw_0625_093920\rank06_trial0029\ms_ex,50,1208,62.52,15.785862959868718,62.52,15.785862959868718,0.98,1,61,1,3,0,0,69,144,5.711920529801325,-0.004582092088189603,-0.9221875000000002,0.252715686274211,0.05263213215982704,178,14.735099337748345,0.29449494382017966,0.17345902177265327,52.420099999991976,0.04339412251654965,3.168539325842697,1.752808988764045,,0.0,769,0.6365894039735099,0,769,1.0,0,0.0,0,0.0,0.0,,0,0,"{""diverge"": 3, ""fallback"": 11, ""kg_follow"": 1, ""kg_plan"": 61, ""kg_relaxed"": 102, ""ood"": 1030}","{""diverged_replan_required"": 769}",{},"{""bktree_rejected"": 1030, ""exact"": 178}",completed
sce3m_etg_run_0073,ETG-only,MarineMicro_MvsM_8_mirror,sce-3m,rank06_trial0029_ms_fz020,rank06_trial0029,6,29,fixed_pool_multi_step_switch_fuzzy020,0,C:\Users\Binich\PycharmProjects\PredictionRTS\output\learner_results\all_data\ETG-only\sce3m_etg_run_0073\final_eval\fixed_pool_switch_pair_fpsw_0625_093920\rank06_trial0029\ms_fz020,50,1222,62.16,13.210014753811532,62.16,13.210014753811532,1.0,0,66,5,20,0,0,90,195,7.364975450081833,-0.014654277618500312,-0.8071160683760683,0.26351682242991753,0.04643690888494487,205,16.775777414075286,0.34549707317055905,0.21904272725642102,70.82689999996461,0.05795981996723781,3.395121951219512,1.8780487804878048,,0.0,615,0.5032733224222586,6,609,0.9902439024390244,0,0.0,0,0.0,0.0,,0,0,"{""diverge"": 20, ""fallback"": 7, ""kg_follow"": 5, ""kg_plan"": 66, ""kg_relaxed"": 107, ""ood"": 1017}","{""diverged_replan_required"": 615, ""follow_expected"": 4}",{},"{""bktree_rejected"": 1017, ""exact"": 205}",completed
sce3m_etg_run_0073,ETG-only,MarineMicro_MvsM_8_mirror,sce-3m,rank06_trial0029_ms_fz050,rank06_trial0029,6,29,fixed_pool_multi_step_switch_fuzzy050,0,C:\Users\Binich\PycharmProjects\PredictionRTS\output\learner_results\all_data\ETG-only\sce3m_etg_run_0073\final_eval\fixed_pool_switch_pair_fpsw_0625_093920\rank06_trial0029\ms_fz050,50,1221,65.4,12.756750913831901,65.4,12.756750913831901,1.0,0,60,2,11,0,0,73,141,5.978705978705979,-0.006359030120800497,-0.8396851063829788,0.2517472527464556,0.06247160660075747,169,13.841113841113842,0.31064556212995886,0.18449547321792806,52.49909999996305,0.04299680589677563,3.42603550295858,1.8579881656804733,,0.0,596,0.4881244881244881,1,595,0.9983221476510067,0,0.0,0,0.0,0.0,,0,0,"{""diverge"": 11, ""fallback"": 5, ""kg_follow"": 2, ""kg_plan"": 60, ""kg_relaxed"": 91, ""ood"": 1052}","{""diverged_replan_required"": 596}",{},"{""bktree_rejected"": 1052, ""exact"": 169}",completed
sce3m_etg_run_0073,ETG-only,MarineMicro_MvsM_8_mirror,sce-3m,rank07_trial0100_ms_ns,rank07_trial0100,7,100,fixed_pool_multi_step_no_switch,0,C:\Users\Binich\PycharmProjects\PredictionRTS\output\learner_results\all_data\ETG-only\sce3m_etg_run_0073\final_eval\fixed_pool_switch_pair_fpsw_0625_093920\rank07_trial0100\ms_ns,50,1210,65.52,12.704233586502106,65.52,12.704233586502106,1.0,0,58,1,9,0,0,71,1060,5.867768595041323,-0.017723243421382876,-7.32198922955975,0.2411012048194217,0.0820964178746375,154,12.727272727272727,0.48317987012961866,0.5028619075742283,74.40969999996128,0.061495619834678744,8.077922077922079,4.35064935064935,,0.0,706,0.5834710743801653,13,693,0.9815864022662889,12,0.0169971671388102,0,0.0,0.0,,0,0,"{""diverge"": 9, ""fallback"": 3, ""kg_follow"": 1, ""kg_plan"": 58, ""kg_relaxed"": 83, ""ood"": 1056}","{""diverged_replan_required"": 706}",{},"{""bktree_rejected"": 1056, ""exact"": 154}",completed
sce3m_etg_run_0073,ETG-only,MarineMicro_MvsM_8_mirror,sce-3m,rank07_trial0100_ms_ex,rank07_trial0100,7,100,fixed_pool_multi_step_switch_exact,0,C:\Users\Binich\PycharmProjects\PredictionRTS\output\learner_results\all_data\ETG-only\sce3m_etg_run_0073\final_eval\fixed_pool_switch_pair_fpsw_0625_093920\rank07_trial0100\ms_ex,50,1208,62.4,11.736911946539275,62.4,11.736911946539275,1.0,0,68,0,5,2,0,78,1116,6.456953642384106,-0.009275741691486357,-6.673411693548388,0.2644330275226887,0.05325241788094026,188,15.562913907284768,0.4790606382977874,0.5464633799333899,90.06339999998403,0.07455579470197353,6.941489361702128,3.8138297872340425,3.0395999999974777,6.079199999994955,611,0.5057947019867549,5,606,0.9918166939443536,2,0.0032733224222585926,2,0.0032733224222585926,0.16556291390728478,,2,0,"{""backup_switch_exact"": 2, ""diverge"": 5, ""fallback"": 6, ""kg_plan"": 68, ""kg_relaxed"": 109, ""ood"": 1018}","{""backup_switch_exact"": 2, ""diverged_replan_required"": 609}","{""backup_switch_exact"": 2}","{""bktree_rejected"": 1018, ""exact"": 190}",completed
sce3m_etg_run_0073,ETG-only,MarineMicro_MvsM_8_mirror,sce-3m,rank07_trial0100_ms_fz020,rank07_trial0100,7,100,fixed_pool_multi_step_switch_fuzzy020,0,C:\Users\Binich\PycharmProjects\PredictionRTS\output\learner_results\all_data\ETG-only\sce3m_etg_run_0073\final_eval\fixed_pool_switch_pair_fpsw_0625_093920\rank07_trial0100\ms_fz020,50,1209,61.44,11.614839206632107,61.44,11.614839206632107,1.0,0,73,0,6,1,0,82,1146,6.782464846980976,-0.01779328044183399,-6.55106269633508,0.2472474074071716,0.049333081797284836,222,18.36228287841191,0.4234436936936799,0.45226929393424575,94.00449999999694,0.07775392886682957,6.297297297297297,3.5315315315315314,1.1927999999983285,1.1927999999983285,727,0.6013234077750207,3,724,0.9958734525447043,1,0.001375515818431912,1,0.001375515818431912,0.0827129859387924,,1,0,"{""backup_switch_exact"": 1, ""diverge"": 6, ""fallback"": 8, ""kg_plan"": 73, ""kg_relaxed"": 135, ""ood"": 986}","{""backup_switch_exact"": 1, ""diverged_replan_required"": 726}","{""backup_switch_exact"": 1}","{""bktree_rejected"": 986, ""exact"": 223}",completed
sce3m_etg_run_0073,ETG-only,MarineMicro_MvsM_8_mirror,sce-3m,rank07_trial0100_ms_fz050,rank07_trial0100,7,100,fixed_pool_multi_step_switch_fuzzy050,0,C:\Users\Binich\PycharmProjects\PredictionRTS\output\learner_results\all_data\ETG-only\sce3m_etg_run_0073\final_eval\fixed_pool_switch_pair_fpsw_0625_093920\rank07_trial0100\ms_fz050,50,1203,65.04,10.077171614848188,65.04,10.077171614848188,1.0,0,64,0,2,0,0,67,1025,5.569409808811305,-0.013338907505055784,-7.831786796747969,0.27290561797731094,0.10162633579521074,158,13.133832086450541,0.4469765822785269,0.4269509104035951,70.62230000000724,0.05870515378221716,7.449367088607595,3.9873417721518987,,0.0,837,0.6957605985037406,0,837,1.0,0,0.0,0,0.0,0.0,,0,0,"{""diverge"": 2, ""fallback"": 3, ""kg_plan"": 64, ""kg_relaxed"": 89, ""ood"": 1045}","{""diverged_replan_required"": 837}",{},"{""bktree_rejected"": 1045, ""exact"": 158}",completed
sce3m_etg_run_0073,ETG-only,MarineMicro_MvsM_8_mirror,sce-3m,rank08_trial0027_ms_ns,rank08_trial0027,8,27,fixed_pool_multi_step_no_switch,0,C:\Users\Binich\PycharmProjects\PredictionRTS\output\learner_results\all_data\ETG-only\sce3m_etg_run_0073\final_eval\fixed_pool_switch_pair_fpsw_0625_093920\rank08_trial0027\ms_ns,50,1227,63.3,11.09743489390633,63.3,11.09743489390633,1.0,0,65,0,6,0,0,67,517,5.460472697636511,-0.002654338742243982,0.3143506769825918,0.2468980582530364,0.06877514510600166,178,14.506927465362674,0.3931224719101818,0.3846865799621745,69.97580000001236,0.05702999185005082,4.910112359550562,3.764044943820225,,0.0,724,0.5900570497147515,2,722,0.9972375690607734,1,0.0013812154696132596,0,0.0,0.0,,0,0,"{""diverge"": 6, ""fallback"": 4, ""kg_plan"": 65, ""kg_relaxed"": 103, ""ood"": 1049}","{""diverged_replan_required"": 724}",{},"{""bktree_rejected"": 1049, ""exact"": 178}",completed
sce3m_etg_run_0073,ETG-only,MarineMicro_MvsM_8_mirror,sce-3m,rank08_trial0027_ms_ex,rank08_trial0027,8,27,fixed_pool_multi_step_switch_exact,0,C:\Users\Binich\PycharmProjects\PredictionRTS\output\learner_results\all_data\ETG-only\sce3m_etg_run_0073\final_eval\fixed_pool_switch_pair_fpsw_0625_093920\rank08_trial0027\ms_ex,50,1221,62.34,13.36552067287851,62.34,13.36552067287851,1.0,0,74,2,9,3,0,82,604,6.715806715806716,-0.0042755294185998554,0.6301031456953642,0.23216500000035722,0.05807419214200611,196,16.052416052416053,0.41536989795932355,0.43541639423788586,81.41250000002742,0.06667690417692664,5.061224489795919,3.816326530612245,0.7639666666676703,2.291900000003011,689,0.5642915642915642,14,675,0.9796806966618288,9,0.013062409288824383,3,0.0043541364296081275,0.2457002457002457,,3,0,"{""backup_switch_exact"": 3, ""diverge"": 9, ""fallback"": 11, ""kg_follow"": 2, ""kg_plan"": 74, ""kg_relaxed"": 100, ""ood"": 1022}","{""backup_switch_exact"": 9, ""diverged_replan_required"": 680, ""follow_expected"": 1}","{""backup_switch_exact"": 3}","{""bktree_rejected"": 1022, ""exact"": 199}",completed
sce3m_etg_run_0073,ETG-only,MarineMicro_MvsM_8_mirror,sce-3m,rank08_trial0027_ms_fz020,rank08_trial0027,8,27,fixed_pool_multi_step_switch_fuzzy020,0,C:\Users\Binich\PycharmProjects\PredictionRTS\output\learner_results\all_data\ETG-only\sce3m_etg_run_0073\final_eval\fixed_pool_switch_pair_fpsw_0625_093920\rank08_trial0027\ms_fz020,50,1202,64.32,12.07872138117614,64.32,12.07872138117614,1.0,0,70,0,6,2,0,74,571,6.156405990016639,-0.004026398993981746,0.4235162872154115,0.22694742268042298,0.05024072487553615,181,15.058236272878537,0.4061624309392744,0.4522383612196125,73.51540000000867,0.06116089850250305,5.132596685082873,3.8950276243093924,0.844099999998349,1.688199999996698,700,0.5823627287853578,5,695,0.9928571428571429,2,0.002857142857142857,2,0.002857142857142857,0.16638935108153077,,2,0,"{""backup_switch_exact"": 2, ""diverge"": 6, ""fallback"": 8, ""kg_plan"": 70, ""kg_relaxed"": 97, ""ood"": 1019}","{""backup_switch_exact"": 2, ""diverged_replan_required"": 698}","{""backup_switch_exact"": 2}","{""bktree_rejected"": 1019, ""exact"": 183}",completed
sce3m_etg_run_0073,ETG-only,MarineMicro_MvsM_8_mirror,sce-3m,rank08_trial0027_ms_fz050,rank08_trial0027,8,27,fixed_pool_multi_step_switch_fuzzy050,0,C:\Users\Binich\PycharmProjects\PredictionRTS\output\learner_results\all_data\ETG-only\sce3m_etg_run_0073\final_eval\fixed_pool_switch_pair_fpsw_0625_093920\rank08_trial0027\ms_fz050,50,1230,63.24,13.563997965803686,63.24,13.563997965803686,1.0,0,80,4,12,2,0,88,715,7.154471544715447,-0.004129988357909564,0.5100163170163169,0.27283877551053537,0.07103347349837597,206,16.747967479674795,0.562671844660387,0.639739439934795,115.91040000003971,0.0942360975610079,5.723300970873787,4.29126213592233,1.4389999999977476,2.8779999999954953,756,0.6146341463414634,5,751,0.9933862433862434,2,0.0026455026455026454,2,0.0026455026455026454,0.16260162601626016,,2,0,"{""backup_switch_exact"": 2, ""diverge"": 12, ""fallback"": 12, ""kg_follow"": 4, ""kg_plan"": 80, ""kg_relaxed"": 98, ""ood"": 1022}","{""backup_switch_exact"": 2, ""diverged_replan_required"": 754, ""follow_expected"": 3}","{""backup_switch_exact"": 2}","{""bktree_rejected"": 1022, ""exact"": 208}",completed
